'Page Number,'Type,'Text,'Confidence Score % (Line),
"'1","'LINE","'CHEMISTRY","'100.00000000"
"'1","'LINE","'STUDENT TEXTBOOK","'80.94706726"
"'1","'LINE","'GRADE 9","'99.83886719"
"'1","'LINE","'Main-Group Elements","'91.57106781"
"'1","'LINE","'Main- Group Elements","'91.72486115"
"'1","'LINE","'1","'96.07839966"
"'1","'LINE","'18","'95.30850983"
"'1","'LINE","'IA","'68.83689117"
"'1","'LINE","'H","'94.67414856"
"'1","'LINE","'1","'95.66087341"
"'1","'LINE","'H","'84.48919678"
"'1","'LINE","'2","'94.84156036"
"'1","'LINE","'1.0079","'99.83318329"
"'1","'LINE","'14","'98.62225342"
"'1","'LINE","'16","'99.11053467"
"'1","'LINE","'HA","'74.74489594"
"'1","'LINE","'HA","'51.26514435"
"'1","'LINE","'IVA","'97.51913452"
"'1","'LINE","'VA","'96.48696899"
"'1","'LINE","'VIA","'98.98457336"
"'1","'LINE","'VIIA","'93.13237762"
"'1","'LINE","'Li","'98.18538666"
"'1","'LINE","'C","'57.98947906"
"'1","'LINE","'CHEMISTRY STUDENT TEXTBOOK GRADE 9","'97.78009796"
"'1","'LINE","'CHEMISTRY","'99.99023438"
"'1","'LINE","'STUDENT TEXTBOOK","'80.44882202"
"'1","'LINE","'GRADE 9","'99.90194702"
"'1","'LINE","'Atomic number","'88.69837952"
"'1","'LINE","'I","'49.07196808"
"'1","'LINE","'Symbol","'98.78288269"
"'1","'LINE","'VIIA","'94.22891235"
"'1","'LINE","'Atomic mass","'54.90294266"
"'1","'LINE","'13","'97.06792450"
"'1","'LINE","'15","'98.90465546"
"'1","'LINE","'17","'98.34243774"
"'1","'LINE","'He","'78.50346375"
"'1","'LINE","'1.0079","'90.15784454"
"'1","'LINE","'4.003","'55.38962936"
"'1","'LINE","'2","'99.48242188"
"'1","'LINE","'Transition Metals","'88.44448090"
"'1","'LINE","'10","'87.63193512"
"'1","'LINE","'Be","'96.80185699"
"'1","'LINE","'B","'54.32069397"
"'1","'LINE","'N","'94.92685699"
"'1","'LINE","'O","'46.08797073"
"'1","'LINE","'F","'87.23961639"
"'1","'LINE","'Ne","'95.54548645"
"'1","'LINE","'6.941","'69.05771637"
"'1","'LINE","'9.01","'81.78551483"
"'1","'LINE","'12.01","'98.30776215"
"'1","'LINE","'14.01","'95.59091949"
"'1","'LINE","'15,999","'57.27180099"
"'1","'LINE","'18.998","'75.24214935"
"'1","'LINE","'20.18","'98.42713165"
"'1","'LINE","'11","'69.20968628"
"'1","'LINE","'12","'90.28001404"
"'1","'LINE","'14","'87.70597839"
"'1","'LINE","'16","'91.47380829"
"'1","'LINE","'17","'94.76662445"
"'1","'LINE","'18","'90.44622803"
"'1","'LINE","'3","'96.87659454"
"'1","'LINE","'Na","'98.67925262"
"'1","'LINE","'Mg","'98.42713165"
"'1","'LINE","'3","'93.08294678"
"'1","'LINE","'4","'86.98979950"
"'1","'LINE","'5","'91.23545074"
"'1","'LINE","'6","'85.75693512"
"'1","'LINE","'7","'88.27646637"
"'1","'LINE","'8","'92.56596375"
"'1","'LINE","'VIIB","'91.93020630"
"'1","'LINE","'10","'98.13397217"
"'1","'LINE","'11","'94.76164246"
"'1","'LINE","'12","'97.93705750"
"'1","'LINE","'AI","'65.31828308"
"'1","'LINE","'Si","'96.75801086"
"'1","'LINE","'S","'78.23820496"
"'1","'LINE","'CI","'87.28614807"
"'1","'LINE","'Ar","'95.50382233"
"'1","'LINE","'22,990","'64.09577942"
"'1","'LINE","'24.31","'97.86830902"
"'1","'LINE","'IIIB","'54.17948914"
"'1","'LINE","'IVB","'97.76865387"
"'1","'LINE","'VB","'95.80656433"
"'1","'LINE","'VIB","'94.52886200"
"'1","'LINE","'VIIB","'90.78582764"
"'1","'LINE","'IB","'71.93269348"
"'1","'LINE","'HB","'56.73289871"
"'1","'LINE","'26.98","'86.29882813"
"'1","'LINE","'28.09","'83.63220978"
"'1","'LINE","'30.97","'92.22914886"
"'1","'LINE","'32.06","'96.67411041"
"'1","'LINE","'35.45","'95.99230957"
"'1","'LINE","'39.95","'96.67888641"
"'1","'LINE","'Peri Period","'81.63245392"
"'1","'LINE","'19","'90.02710724"
"'1","'LINE","'20","'95.20188904"
"'1","'LINE","'26","'86.19150543"
"'1","'LINE","'31","'95.23218536"
"'1","'LINE","'32","'87.28276825"
"'1","'LINE","'33","'92.67996216"
"'1","'LINE","'34","'90.12455750"
"'1","'LINE","'35","'91.28348541"
"'1","'LINE","'36","'86.09146118"
"'1","'LINE","'4","'99.36124420"
"'1","'LINE","'K","'59.88898849"
"'1","'LINE","'Ca","'97.43881989"
"'1","'LINE","'Se","'96.61252594"
"'1","'LINE","'Ti","'97.69152069"
"'1","'LINE","'V","'87.43602753"
"'1","'LINE","'Cr","'97.95181274"
"'1","'LINE","'Mn","'98.52658844"
"'1","'LINE","'Fe","'97.35272217"
"'1","'LINE","'Co","'97.18052673"
"'1","'LINE","'Ni","'95.20986176"
"'1","'LINE","'Cu","'97.66123199"
"'1","'LINE","'Zn","'98.41816711"
"'1","'LINE","'Ga","'98.54412842"
"'1","'LINE","'Ge","'99.48242188"
"'1","'LINE","'As","'94.65820313"
"'1","'LINE","'Se","'95.93590546"
"'1","'LINE","'Br","'97.61559296"
"'1","'LINE","'Kr","'98.36435699"
"'1","'LINE","'39,098","'71.18482971"
"'1","'LINE","'40.08","'75.31858063"
"'1","'LINE","'44.96","'90.81074524"
"'1","'LINE","'47.90","'83.73963928"
"'1","'LINE","'50.94","'81.37615204"
"'1","'LINE","'51.996","'51.54675293"
"'1","'LINE","'$4.94","'59.95715332"
"'1","'LINE","'55.85","'81.97524261"
"'1","'LINE","'58.93","'74.40947723"
"'1","'LINE","'58.70","'84.38716125"
"'1","'LINE","'63.55","'89.51291656"
"'1","'LINE","'65.37","'75.99021149"
"'1","'LINE","'69.72","'81.21462250"
"'1","'LINE","'72.59","'96.82716370"
"'1","'LINE","'74.92","'87.04051971"
"'1","'LINE","'78.96","'89.47883606"
"'1","'LINE","'79.90","'90.54049683"
"'1","'LINE","'83.80","'94.18148041"
"'1","'LINE","'37","'92.88903046"
"'1","'LINE","'38","'66.63424683"
"'1","'LINE","'43","'86.02150726"
"'1","'LINE","'52","'87.81040955"
"'1","'LINE","'53","'87.90267944"
"'1","'LINE","'54","'88.62274933"
"'1","'LINE","'5","'98.86639404"
"'1","'LINE","'Rb","'99.21815491"
"'1","'LINE","'Sr","'99.05034637"
"'1","'LINE","'Y","'89.98624420"
"'1","'LINE","'Zr","'94.75286865"
"'1","'LINE","'Nb","'97.93984985"
"'1","'LINE","'Mo","'98.96504211"
"'1","'LINE","'Te","'74.44993591"
"'1","'LINE","'Ru","'99.37181091"
"'1","'LINE","'Rh","'99.48082733"
"'1","'LINE","'Pd","'98.49629211"
"'1","'LINE","'Ag","'91.96308899"
"'1","'LINE","'Cd","'98.42554474"
"'1","'LINE","'In","'96.57027435"
"'1","'LINE","'Sn","'99.06748199"
"'1","'LINE","'Sb","'99.30185699"
"'1","'LINE","'Te","'96.83753204"
"'1","'LINE","'Xe","'58.07238770"
"'1","'LINE","'85,458","'90.49166870"
"'1","'LINE","'87.62","'90.33561707"
"'1","'LINE","'88.91","'66.68427277"
"'1","'LINE","'91.22","'95.88069916"
"'1","'LINE","'92.91","'95.09147644"
"'1","'LINE","'95.94","'85.46177673"
"'1","'LINE","'(98)","'88.74511719"
"'1","'LINE","'(101.07)","'61.44531250"
"'1","'LINE","'102.91","'86.97225952"
"'1","'LINE","'106.40","'91.16569519"
"'1","'LINE","'107.87","'91.69782257"
"'1","'LINE","'112.47","'96.86802673"
"'1","'LINE","'114.82","'86.40724182"
"'1","'LINE","'118.69","'62.82585144"
"'1","'LINE","'121.75","'98.98696899"
"'1","'LINE","'127.60","'71.50430298"
"'1","'LINE","'126.90","'92.77642822"
"'1","'LINE","'131.30","'99.16354370"
"'1","'LINE","'55","'92.84298706"
"'1","'LINE","'56","'89.84474182"
"'1","'LINE","'71","'95.09785461"
"'1","'LINE","'72","'94.57927704"
"'1","'LINE","'73","'93.71113586"
"'1","'LINE","'74","'88.59215546"
"'1","'LINE","'82","'85.96928406"
"'1","'LINE","'X4","'33.76773834"
"'1","'LINE","'85","'88.47158051"
"'1","'LINE","'6","'98.61846924"
"'1","'LINE","'Cs","'97.69950104"
"'1","'LINE","'Ba","'93.19276428"
"'1","'LINE","'Lu","'98.73066711"
"'1","'LINE","'Hf","'96.74087524"
"'1","'LINE","'Ta","'88.67286682"
"'1","'LINE","'W","'92.24669647"
"'1","'LINE","'Re","'99.20420074"
"'1","'LINE","'Os","'98.08354187"
"'1","'LINE","'Ir","'90.26785278"
"'1","'LINE","'Pt","'97.40354156"
"'1","'LINE","'Au","'97.49840546"
"'1","'LINE","'Hg","'99.24485779"
"'1","'LINE","'TI","'93.35758209"
"'1","'LINE","'Pb","'92.83143616"
"'1","'LINE","'Bi","'98.92677307"
"'1","'LINE","'Po","'98.93814087"
"'1","'LINE","'At","'98.82812500"
"'1","'LINE","'Rn","'99.07146454"
"'1","'LINE","'132.91","'98.04907227"
"'1","'LINE","'137.33","'85.89146423"
"'1","'LINE","'74,967","'43.13356781"
"'1","'LINE","'178.49","'70.87631989"
"'1","'LINE","'180.95","'86.30560303"
"'1","'LINE","'183.85","'80.15804291"
"'1","'LINE","'186.21","'83.65802002"
"'1","'LINE","'190.20","'75.59809875"
"'1","'LINE","'192.22","'92.34953308"
"'1","'LINE","'195.09","'88.52200317"
"'1","'LINE","'196.97","'90.00159454"
"'1","'LINE","'204.37","'85.18754578"
"'1","'LINE","'207.19","'94.11412048"
"'1","'LINE","'Agriculture","'99.89257813"
"'1","'LINE","'200.59","'89.26598358"
"'1","'LINE","'208.98","'79.15686798"
"'1","'LINE","'(209)","'97.99645233"
"'1","'LINE","'(210)","'91.30022430"
"'1","'LINE","'(222)","'98.50585938"
"'1","'LINE","'87","'86.98331451"
"'1","'LINE","'103","'78.46101379"
"'1","'LINE","'106","'90.30791473"
"'1","'LINE","'110","'88.34741974"
"'1","'LINE","'III","'64.57379913"
"'1","'LINE","'112","'92.58629608"
"'1","'LINE","'113","'85.38385010"
"'1","'LINE","'114","'87.11126709"
"'1","'LINE","'116","'92.84917450"
"'1","'LINE","'117","'95.66506195"
"'1","'LINE","'118","'89.88619995"
"'1","'LINE","'7","'99.49138641"
"'1","'LINE","'Fr","'97.89241791"
"'1","'LINE","'Ra","'99.14720154"
"'1","'LINE","'Lr","'98.77610779"
"'1","'LINE","'Rf","'98.49469757"
"'1","'LINE","'Db","'98.35778046"
"'1","'LINE","'Sg","'86.26145935"
"'1","'LINE","'Bh","'95.69934082"
"'1","'LINE","'Hs","'89.44575500"
"'1","'LINE","'Mt","'97.59466553"
"'1","'LINE","'Ds","'90.81294250"
"'1","'LINE","'Rg","'98.26749420"
"'1","'LINE","'Cn","'95.04922485"
"'1","'LINE","'Nh","'98.67765045"
"'1","'LINE","'FI","'76.12663269"
"'1","'LINE","'Mc","'89.53463745"
"'1","'LINE","'Lv","'76.53838348"
"'1","'LINE","'Ts","'98.85582733"
"'1","'LINE","'Og","'98.68522644"
"'1","'LINE","'(223)","'98.03631592"
"'1","'LINE","'(226)","'93.82573700"
"'1","'LINE","'(262)","'96.96289063"
"'1","'LINE","'(261)","'98.73944092"
"'1","'LINE","'(262)","'96.43474579"
"'1","'LINE","'256","'87.86302185"
"'1","'LINE","'(281)","'94.42223358"
"'1","'LINE","'(272)","'88.08115387"
"'1","'LINE","'(285)","'97.03125000"
"'1","'LINE","'Unknown","'93.68083954"
"'1","'LINE","'[289]","'96.79289246"
"'1","'LINE","'Unknown","'96.56169891"
"'1","'LINE","'[298]","'97.75908661"
"'1","'LINE","'Unknown","'97.15660858"
"'1","'LINE","'Unknown","'96.71875000"
"'1","'LINE","'Inner_Transition Metal","'69.68212128"
"'1","'LINE","'58","'71.62229156"
"'1","'LINE","'60","'85.97785950"
"'1","'LINE","'61","'88.35429382"
"'1","'LINE","'62","'89.43528748"
"'1","'LINE","'63","'87.02816010"
"'1","'LINE","'64","'86.01712036"
"'1","'LINE","'65","'86.05239105"
"'1","'LINE","'68","'84.13514709"
"'1","'LINE","'69","'86.83115387"
"'1","'LINE","'Lanthanides","'87.43283844"
"'1","'LINE","'La","'94.49956512"
"'1","'LINE","'Ce","'95.28540039"
"'1","'LINE","'Pr","'97.00494385"
"'1","'LINE","'Nd","'97.32681274"
"'1","'LINE","'Pm","'98.67028046"
"'1","'LINE","'Sm","'98.82653046"
"'1","'LINE","'Eu","'99.04874420"
"'1","'LINE","'Gd","'98.54193115"
"'1","'LINE","'Tb","'65.09964752"
"'1","'LINE","'Dy","'97.84757233"
"'1","'LINE","'Ho","'76.30599976"
"'1","'LINE","'Er","'97.28854370"
"'1","'LINE","'Tm","'97.56277466"
"'1","'LINE","'Yb","'87.02865601"
"'1","'LINE","'Building","'99.96093750"
"'1","'LINE","'138.905","'55.59530258"
"'1","'LINE","'140,110","'72.86053467"
"'1","'LINE","'140.907","'57.12671280"
"'1","'LINE","'144.244","'84.98863983"
"'1","'LINE","'(145)","'90.65349579"
"'1","'LINE","'150.30","'88.99095154"
"'1","'LINE","'151,964","'74.64067078"
"'1","'LINE","'158.925","'71.89971161"
"'1","'LINE","'157.25","'95.75394440"
"'1","'LINE","'162,500","'76.92921448"
"'1","'LINE","'164.94","'87.17215729"
"'1","'LINE","'167,259","'77.57991791"
"'1","'LINE","'168,934","'75.64891815"
"'1","'LINE","'173,045","'90.66326904"
"'1","'LINE","'Metalloids","'89.22961426"
"'1","'LINE","'Construction","'99.96093750"
"'1","'LINE","'Chemistry","'99.80388641"
"'1","'LINE","'Medicine","'99.97070313"
"'1","'LINE","'100","'90.89604950"
"'1","'LINE","'101","'85.29247284"
"'1","'LINE","'102","'86.01811218"
"'1","'LINE","'Bonding","'92.60662079"
"'1","'LINE","'Actinides","'97.28854370"
"'1","'LINE","'AC","'78.41677094"
"'1","'LINE","'Th","'98.27745819"
"'1","'LINE","'Pa","'97.45794678"
"'1","'LINE","'U","'83.99633026"
"'1","'LINE","'Np","'81.87200928"
"'1","'LINE","'Pu","'94.12786865"
"'1","'LINE","'Am","'98.05664063"
"'1","'LINE","'Cm","'97.22516632"
"'1","'LINE","'Bk","'92.17255402"
"'1","'LINE","'Cf","'94.35965729"
"'1","'LINE","'Es","'97.84677887"
"'1","'LINE","'Fm","'95.63456726"
"'1","'LINE","'Md","'96.97325134"
"'1","'LINE","'No","'95.51119995"
"'1","'LINE","'(227)","'83.35827637"
"'1","'LINE","'232.035","'75.10443115"
"'1","'LINE","'231.035","'55.31379700"
"'1","'LINE","'238,0289","'77.59376526"
"'1","'LINE","'(243)","'87.16149139"
"'1","'LINE","'(247)","'92.34295654"
"'1","'LINE","'(247)","'92.86053467"
"'1","'LINE","'(251)","'87.05327606"
"'1","'LINE","'(252)","'88.62722778"
"'1","'LINE","'(257)","'91.12643433"
"'1","'LINE","'(257)","'91.02459717"
"'1","'LINE","'Food","'99.93164063"
"'1","'LINE","'Production","'99.88201141"
"'1","'LINE","'ISBN 978-99990-0-016-1","'97.19537354"
"'1","'LINE","'9","'91.88935089"
"'1","'LINE","'789999 000161>","'58.73265839"
"'1","'LINE","'REVER","'7.35222006"
"'1","'LINE","'FEDERAL DEMOCRATIC REPUBLIC OF ETHIOPIA","'99.96061707"
"'1","'LINE","'ADUCATION DAKESINIM","'28.34283447"
"'1","'LINE","'MINISTRY OF EDUCATION","'99.99023438"
"'1","'LINE","'Textbook","'98.67187500"
"'1","'LINE","'CHEMISTRY","'98.13476563"
"'1","'LINE","'FEDERAL DEMOCRATIC REPUBLIC OF ETHIOPIA","'99.95443726"
"'1","'LINE","'MINISTRY OF EDUCATION","'99.98345947"
"'1","'LINE","'MINISTRY OF EDUCATION CATE","'69.62818146"
"'2","'LINE","'Take Good Care of","'98.58802032"
"'2","'LINE","'H","'26.66214943"
"'2","'LINE","'CHEMISTRY","'98.42613983"
"'2","'LINE","'This Textbook","'99.85560608"
"'2","'LINE","'GRADEN","'12.88235474"
"'2","'LINE","'This textbook is the property of your school.","'99.99633789"
"'2","'LINE","'Take good care not to damage or lose it.","'99.98263550"
"'2","'LINE","'Here are 10 ideas to help take care of the book:","'99.97862244"
"'2","'LINE","'1. Cover the book with protective material, such as","'99.96184540"
"'2","'LINE","'plastic, old newspapers or magazines.","'99.96273041"
"'2","'LINE","'2. Always keep the book in a clean dry place.","'99.97941589"
"'2","'LINE","'3. Be sure your hands are clean when you use the","'99.87967682"
"'2","'LINE","'book.","'100.00000000"
"'2","'LINE","'4. Do not write on the cover or inside pages.","'99.98234558"
"'2","'LINE","'5. Use a piece of paper or cardboard as a bookmark.","'99.91959381"
"'2","'LINE","'6. Never tear or cut out any pictures or pages.","'99.97347260"
"'2","'LINE","'7. Repair any torn pages with paste or tape.","'99.98254395"
"'2","'LINE","'8. Pack the book carefully when you place it in your","'99.95851135"
"'2","'LINE","'school bag.","'99.99023438"
"'2","'LINE","'9. Handle the book with care when passing it to","'99.97444916"
"'2","'LINE","'another person.","'100.00000000"
"'2","'LINE","'10. When using a new book for the first time, lay it","'99.93605804"
"'2","'LINE","'on its back. Open only a few pages at a time.","'99.94903564"
"'2","'LINE","'Press lightly along the bound edge as you turn the","'99.93833923"
"'2","'LINE","'pages. This will keep the cover in good condition.","'99.99123383"
"'4","'LINE","'CHEMISTRY","'99.99023438"
"'4","'LINE","'STUDENT TEXTBOOK","'84.31520844"
"'4","'LINE","'GRADE 9","'99.92187500"
"'4","'LINE","'Writers:","'100.00000000"
"'4","'LINE","'Sisay Tadesse (Ph.D.)","'99.95688629"
"'4","'LINE","'Tegene Tesfaye (Ph.D.)","'99.66458130"
"'4","'LINE","'Editors:","'100.00000000"
"'4","'LINE","'Tesfaye Semela (Ph.D.) (Curriculum Editor)","'99.69136810"
"'4","'LINE","'Kenenisa Beresa (M.A.) (Language Editor)","'99.50183868"
"'4","'LINE","'Ahmed Awel (M.Sc.) (Content Editor)","'99.78913879"
"'4","'LINE","'Illustrator:","'99.48181915"
"'4","'LINE","'Abinet Tilahun (M.Sc.)","'99.72450256"
"'4","'LINE","'Designer:","'100.00000000"
"'4","'LINE","'Konno B. Hirbaye (M.Sc.)","'91.62741852"
"'4","'LINE","'Evaluators:","'99.83079529"
"'4","'LINE","'Legesse Adane (Ph.D.) (Reviewer)","'99.91295624"
"'4","'LINE","'Nega Gichile (B.Sc., M.A.) (Evaluator)","'96.03631592"
"'4","'LINE","'Sefiw Melesse (M.Sc.) (Evaluator)","'99.79093933"
"'4","'LINE","'Tolessa Mergo (B.Sc., M.Sc.) (Evaluator)","'99.60578918"
"'4","'LINE","'BLACA","'29.72317314"
"'4","'LINE","'MINISTRY OF EDUCATION","'96.94694519"
"'4","'LINE","'HAWASSA UPA UNIVERSITY","'73.57375336"
"'4","'LINE","'Federal Democratic Republic of Ethiopia","'99.99007416"
"'4","'LINE","'Hawassa University","'99.99511719"
"'4","'LINE","'Ministry of Education","'99.99674225"
"'5","'LINE","'First Published August 2023 by the Federal Democratic Republic of Ethiopia,","'99.92138672"
"'5","'LINE","'Ministry of Education, under the General Education Quality Improvement Program for","'99.96479797"
"'5","'LINE","'Equity (GEQIP-E) supported by the World Bank, UK's Department for International","'99.93499756"
"'5","'LINE","'Development/DFID-now merged with the Foreign, Common wealth and Development","'99.34043121"
"'5","'LINE","'Office/FCDO, Finland Ministry for Foreign Affairs, the Royal Norwegian Embassy,","'99.77309418"
"'5","'LINE","'United Nations Children's Fund/UNICEF), the Global Partnership for Education (GPE),","'99.30895233"
"'5","'LINE","'and Danish Ministry of Foreign Affairs, through a Multi Donor Trust Fund.","'99.78957367"
"'5","'LINE","'© 2023 by the Federal Democratic Republic of Ethiopia, Ministry of Education. All","'99.73609924"
"'5","'LINE","'rights reserved. The moral rights of the author have been asserted. No part of this","'99.98687744"
"'5","'LINE","'textbook reproduced, copied in a retrieval system or transmitted in any form or by","'99.74874115"
"'5","'LINE","'any means including electronic, mechanical, magnetic, photocopying, recording or","'99.94061279"
"'5","'LINE","'otherwise, without the prior written permission of the Ministry of Education or licensing","'99.97114563"
"'5","'LINE","'in accordance with the Federal Democratic Republic of Ethiopia as expressed in the","'99.96739197"
"'5","'LINE","'Federal Negarit Gazeta, Proclamation No. 410/2004 - Copyright and Neighboring","'98.71188354"
"'5","'LINE","'Rights Protection.","'99.88082123"
"'5","'LINE","'The Ministry of Education wishes to thank the many individuals, groups and other","'99.97866058"
"'5","'LINE","'bodies involved - directly or indirectly - in publishing this Textbook. Special thanks","'96.94818878"
"'5","'LINE","'are due to Hawassa University for their huge contribution in the development of this","'99.96971893"
"'5","'LINE","'textbook in collaboration with Addis Ababa University, Bahir Dar University and","'99.98387909"
"'5","'LINE","'Jimma University.","'99.89546204"
"'5","'LINE","'Copyrighted materials used by permission of their owners. If you are the owner of","'99.81527710"
"'5","'LINE","'copyrighted material not cited or improperly cited, please contact the Ministry of","'99.98027039"
"'5","'LINE","'Education, Head Office, Arat Kilo, (P.O.Box 1367), Addis Ababa Ethiopia.","'99.73208618"
"'5","'LINE","'Printed by:","'99.96582031"
"'5","'LINE","'GRAVITY GROUP IND LLC","'99.94609070"
"'5","'LINE","'P.O.Box 13TH Industrial Area, Sharjah","'99.04356384"
"'5","'LINE","'UNITED ARAB EMIRATES","'99.97721100"
"'5","'LINE","'Under Ministry of Education","'99.90174866"
"'5","'LINE","'Contract no. MOE/GEQIP-E/LICB/G-01/23","'83.36335754"
"'5","'LINE","'ISBN: 978-99990-0-016-1","'98.49938202"
"'6","'LINE","'CONTENTS","'99.99023438"
"'6","'LINE","'Unit","'99.79492188"
"'6","'LINE","'1","'99.21715546"
"'6","'LINE","':","'94.37500000"
"'6","'LINE","'CHEMISTRY AND ITS IMPORTANCE","'99.97070313"
"'6","'LINE","'1","'99.22612000"
"'6","'LINE","'1.1","'99.69487000"
"'6","'LINE","'Definition and Scope of Chemistry","'99.99804688"
"'6","'LINE","'2","'99.91210938"
"'6","'LINE","'1.2","'99.89257813"
"'6","'LINE","'Relationship between Chemistry and Other","'100.00000000"
"'6","'LINE","'Natural Sciences","'99.98007202"
"'6","'LINE","'6","'99.76243591"
"'6","'LINE","'1.3","'99.87304688"
"'6","'LINE","'The Role Chemistry Plays in Production and in","'99.97772217"
"'6","'LINE","'the Society","'99.99511719"
"'6","'LINE","'8","'99.95117188"
"'6","'LINE","'1.4","'99.97070313"
"'6","'LINE","'Some Common Chemical Industries in","'99.96631622"
"'6","'LINE","'Ethiopia","'99.91051483"
"'6","'LINE","'12","'99.80468750"
"'6","'LINE","'Unit Summary","'99.98007202"
"'6","'LINE","'15","'99.97070313"
"'6","'LINE","'Review Exercise","'100.00000000"
"'6","'LINE","'16","'99.88201141"
"'6","'LINE","'Unit","'99.87304688"
"'6","'LINE","'2:","'98.56664276"
"'6","'LINE","'MEASUREMENTS AND SCIENTIFIC METHODS","'99.98046875"
"'6","'LINE","'18","'99.88281250"
"'6","'LINE","'2.1","'99.96093750"
"'6","'LINE","'Measurements and Units in Chemistry","'99.95428467"
"'6","'LINE","'19","'99.93164063"
"'6","'LINE","'2.2","'99.99023438"
"'6","'LINE","'Chemistry as Experimental Science","'99.94813538"
"'6","'LINE","'35","'100.00000000"
"'6","'LINE","'Unit Summary","'99.98007202"
"'6","'LINE","'47","'99.96014404"
"'6","'LINE","'Review Exercise","'99.98007202"
"'6","'LINE","'48","'99.99023438"
"'6","'LINE","'Unit","'99.96093750"
"'6","'LINE","'3:","'80.44184113"
"'6","'LINE","'STRUCTURE OF THE ATOM","'94.42103577"
"'6","'LINE","'50","'99.95037079"
"'6","'LINE","'3.1","'99.96093750"
"'6","'LINE","'Historical Development of the Atomic","'99.98812103"
"'6","'LINE","'Theories of Matter","'100.00000000"
"'6","'LINE","'51","'99.80229950"
"'6","'LINE","'3.2 Fundamental Laws of Chemical Reactions","'99.91201019"
"'6","'LINE","'56","'99.97070313"
"'6","'LINE","'3.3","'100.00000000"
"'6","'LINE","'Atomic Theory","'99.99511719"
"'6","'LINE","'64","'100.00000000"
"'6","'LINE","'3.4","'100.00000000"
"'6","'LINE","'Discoveries of Fundamental Subatomic","'99.92028046"
"'6","'LINE","'Particles and the Atomic Nucleus","'99.99202728"
"'6","'LINE","'69","'99.96093750"
"'6","'LINE","'3.5 Composition of an Atom and the Isotopes","'99.92546082"
"'6","'LINE","'85","'100.00000000"
"'6","'LINE","'Unit Summary","'99.98007202"
"'6","'LINE","'101","'99.84295654"
"'6","'LINE","'Review Exercise","'99.98007202"
"'6","'LINE","'105","'99.96093750"
"'6","'LINE","'I","'82.88005829"
"'7","'LINE","'Unit","'99.87304688"
"'7","'LINE","'4:","'52.60064697"
"'7","'LINE","':","'91.88476563"
"'7","'LINE","'PERIODIC CLASSIFICATION OF ELEMENTS","'99.98027039"
"'7","'LINE","'109","'99.91210938"
"'7","'LINE","'4.1","'99.95117188"
"'7","'LINE","'Historical Development of Periodic","'100.00000000"
"'7","'LINE","'Classification of the Elements","'100.00000000"
"'7","'LINE","'110","'99.55735779"
"'7","'LINE","'4.2","'99.97070313"
"'7","'LINE","'Mendleev's Classification of the Elements","'99.91230774"
"'7","'LINE","'113","'99.75585938"
"'7","'LINE","'4.3 The Modern Periodic Table","'99.99218750"
"'7","'LINE","'116","'99.52886200"
"'7","'LINE","'4.4 The Major Trends in the Periodic Table","'99.97020721"
"'7","'LINE","'125","'99.92187500"
"'7","'LINE","'Unit Summary","'99.98007202"
"'7","'LINE","'137","'99.95117188"
"'7","'LINE","'Review Exercise","'100.00000000"
"'7","'LINE","'138","'99.89257813"
"'7","'LINE","'Unit","'99.81445313"
"'7","'LINE","'5","'99.75505829"
"'7","'LINE","':","'89.54589844"
"'7","'LINE","'CHEMICAL BONDING","'99.98046875"
"'7","'LINE","'140","'99.97070313"
"'7","'LINE","'5.1","'99.96093750"
"'7","'LINE","'Chemical Bonding","'100.00000000"
"'7","'LINE","'141","'99.92187500"
"'7","'LINE","'5.2","'99.99023438"
"'7","'LINE","'lonic Bonding","'89.25292969"
"'7","'LINE","'143","'99.95117188"
"'7","'LINE","'5.3","'100.00000000"
"'7","'LINE","'Covalent Bonding","'99.96014404"
"'7","'LINE","'154","'99.97070313"
"'7","'LINE","'5.4","'100.00000000"
"'7","'LINE","'Metallic Bonding","'100.00000000"
"'7","'LINE","'167","'99.77539063"
"'7","'LINE","'Unit Summary","'99.98007202"
"'7","'LINE","'171","'99.95117188"
"'7","'LINE","'Review Exercise","'99.99511719"
"'7","'LINE","'173","'99.97070313"
"'7","'LINE","'II","'72.52332306"
"'8","'LINE","'Agriculture","'100.00000000"
"'8","'LINE","'Building","'100.00000000"
"'8","'LINE","'construction","'100.00000000"
"'8","'LINE","'Chemistry","'100.00000000"
"'8","'LINE","'Medicine","'100.00000000"
"'8","'LINE","'1","'97.91753387"
"'8","'LINE","'Food","'100.00000000"
"'8","'LINE","'production","'100.00000000"
"'8","'LINE","'UNIT","'99.60937500"
"'8","'LINE","'CHEMISTRY AND ITS IMPORTANCE","'100.00000000"
"'8","'LINE","'Unit Outcomes","'100.00000000"
"'8","'LINE","'After completing the unit, you will be able to","'99.94133759"
"'8","'LINE","'define chemistry;","'99.98007202"
"'8","'LINE","'describe its' scope;","'99.85437775"
"'8","'LINE","'discuss the relationships between chemistry with physics, biology, medicine","'99.99114227"
"'8","'LINE","'geology and other subjects;","'100.00000000"
"'8","'LINE","'describe the application of chemistry in the field of agriculture, medicine,","'99.99186707"
"'8","'LINE","'food production and building construction;","'100.00000000"
"'8","'LINE","'name some common chemical industries in Ethiopia and their Product.","'99.97217560"
"'8","'LINE","'1","'97.02885437"
"'9","'LINE","'Chemistry Grade 9","'99.79817963"
"'9","'LINE","'Make groups and discuss on the following questions and","'99.98915100"
"'9","'LINE","'present your discussion points to the class.","'99.98163605"
"'9","'LINE","'1. What do you think that the following materials are","'99.67630005"
"'9","'LINE","'made of?","'99.68022919"
"'9","'LINE","'Start-up Activity","'99.64355469"
"'9","'LINE","'the air you breath,","'99.06349945"
"'9","'LINE","'the water you drink,","'99.05353546"
"'9","'LINE","'the cloth you wear, and","'99.60156250"
"'9","'LINE","'the food you eat?","'99.33255005"
"'9","'LINE","'2. Why is everything in this world changing from time","'99.97745514"
"'9","'LINE","'to time?","'99.94589233"
"'9","'LINE","'3. Is it important to know the materials from which","'99.88594055"
"'9","'LINE","'everything is made up of? Why?","'99.69222260"
"'9","'LINE","'4. Mention some of the materials you are using","'99.64939117"
"'9","'LINE","'commonly. Did you know who manufactured them?","'99.70005798"
"'9","'LINE","'Since chemistry is so fundamental to our world, it plays a role in everyone's lives and","'98.68095398"
"'9","'LINE","'touches almost every aspect of our existence in some way. Chemistry is essential for","'99.96327209"
"'9","'LINE","'meeting our basic needs such as food, clothing, shelter, health, energy, clean air, water,","'99.95972443"
"'9","'LINE","'and soil. The question is how?","'99.97708130"
"'9","'LINE","'In this unit, the definition and the scope of chemistry, the relationship between chemistry","'99.96379852"
"'9","'LINE","'and other natural sciences, the role it plays in production and in the society, and some","'99.97411346"
"'9","'LINE","'common chemical industries in Ethiopia and their products are presented thoroughly.","'99.94497681"
"'9","'LINE","'1.1 Definition and Scope of Chemistry","'99.90682983"
"'9","'LINE","'In this section two aspects of chemistry are going to be dealt with. The first is definition","'99.97205353"
"'9","'LINE","'of chemistry, which will be followed by the scope of chemistry. We shall begin by","'99.98541260"
"'9","'LINE","'defining chemistry first.","'99.96014404"
"'9","'LINE","'1.1.1 Definition of Chemistry","'99.33269501"
"'9","'LINE","'At the end of this section, you will be able to define chemistry.","'99.90657806"
"'9","'LINE","'Students, form a group of three or four and discuss the","'99.90562439"
"'9","'LINE","'question given below. Present your discussion points to the","'99.97794342"
"'9","'LINE","'class when asked by your teacher.","'99.97843933"
"'9","'LINE","'1. Did you know what the composition of the salt you are","'99.35239410"
"'9","'LINE","'adding to your meal is?","'99.79954529"
"'9","'LINE","'2","'98.72070313"
"'10","'LINE","'Chemistry and its Importance","'99.93552399"
"'10","'LINE","'?","'88.45703125"
"'10","'LINE","'2. What do you think will happen to the sugar crystals","'99.74287415"
"'10","'LINE","'when you add a teaspoon of it in a cup of tea and","'99.52942657"
"'10","'LINE","'stir it?","'99.53663635"
"'10","'LINE","'3. How can you distinguish table salt from sugar?","'99.63266754"
"'10","'LINE","'4. What happens to the wood when you burn it?","'99.78636932"
"'10","'LINE","'Activity 1.1","'99.04096985"
"'10","'LINE","'Chemistry is the science that deals with the properties, composition, and structure","'99.98352814"
"'10","'LINE","'of substances (elements and compounds), the transformations they undergo, and the","'99.92575073"
"'10","'LINE","'energy that is released or absorbed during these processes.","'99.96952820"
"'10","'LINE","'A substance is a particular kind of matter with uniform properties. Example, gold,","'98.32169342"
"'10","'LINE","'silver, water, soap, table salt, etc (Figure 1.1).","'99.36533356"
"'10","'LINE","'Matter is a physical substance, that which occupies space and possesses rest mass.","'99.83810425"
"'10","'LINE","'Example, book, pencil, television, stool, etc.","'99.95851135"
"'10","'LINE","'The property of a substance is its attribute, quality, or characteristic. Every substance,","'99.68786621"
"'10","'LINE","'in the universe in which we live, has its own properties by which we can distinguish it","'99.95075226"
"'10","'LINE","'from other substances. This is because every substance has its own unique composition","'99.94805908"
"'10","'LINE","'and structure. Example, water is a substance that has no color, taste, and shape.","'99.91429138"
"'10","'LINE","'Composition is the nature of something's ingredients or constituents; how a whole","'99.77248383"
"'10","'LINE","'or mixture is made up. Example, table salt is chemically composed of the elements","'99.89069366"
"'10","'LINE","'sodium and chlorine. The stainless-steel spoons are solid solution (alloy) of chromium,","'99.93058014"
"'10","'LINE","'carbon and other elements.","'99.98027039"
"'10","'LINE","'The arrangement and relationships between the parts or elements of something","'99.98032379"
"'10","'LINE","'complex is known as its structure. Example, the school buildings are made up of roof,","'99.89488983"
"'10","'LINE","'ceiling, doors, windows, walls, and floor arranged in a certain order. The arrangement","'99.77590942"
"'10","'LINE","'of each of these parts are known as the structure of the school building.","'99.97966003"
"'10","'LINE","'SALT","'95.90501404"
"'10","'LINE","'Salt","'99.93083954"
"'10","'LINE","'Sulphur","'99.51191711"
"'10","'LINE","'Gold","'100.00000000"
"'10","'LINE","'Silver","'99.96014404"
"'10","'LINE","'Figure 1.1 Substances around US.","'98.82900238"
"'10","'LINE","'Every substance in our environment is continuously changing from time to time due to","'99.95048523"
"'10","'LINE","'both external and internal forces. Due to this change, it transforms from one form into","'99.96045685"
"'10","'LINE","'the other. The transformation of a substance is a marked change in form, nature, or","'99.74645233"
"'10","'LINE","'appearance. These transformations are accompanied by energy changes.","'99.92179871"
"'10","'LINE","'3","'97.76925659"
"'11","'LINE","'Chemistry Grade 9","'99.79140472"
"'11","'LINE","'<<<<<<<<<<<<<","'18.72269630"
"'11","'LINE","'Exercise 1.1","'99.67205811"
"'11","'LINE","'1. Define the term chemistry.","'99.88592529"
"'11","'LINE","'2. Explain the meaning of the following phrases.","'99.98647308"
"'11","'LINE","'property of a substance","'99.51047516"
"'11","'LINE","'composition of a substance","'99.65731049"
"'11","'LINE","'structure of a substance","'99.62760925"
"'11","'LINE","'transformation of a substance","'99.62496948"
"'11","'LINE","'1.1.2 Scope of Chemistry","'99.40614319"
"'11","'LINE","'At the end of this section, you will be able to explain the scope of chemistry.","'99.92160034"
"'11","'LINE","'Students, form groups of three or four. Discuss the","'99.97260284"
"'11","'LINE","'following questions and present your discussion points to","'99.99379730"
"'11","'LINE","'the class.","'99.99511719"
"'11","'LINE","'1. How do you clean: your cloth when it gets dirt, the","'99.80000305"
"'11","'LINE","'dishes after eating meal, and your hand?","'99.97734070"
"'11","'LINE","'2. How does the butcher in your town measure the weight","'99.98032379"
"'11","'LINE","'of beef before selling it?","'99.90888214"
"'11","'LINE","'3. Do you know how the clothes and shoes you wear, the","'99.61068726"
"'11","'LINE","'tyres of automobiles, the different medicines you take","'99.73348999"
"'11","'LINE","'when you are ill, and the glasses in the windows of","'99.85993195"
"'11","'LINE","'your house are made?","'99.96073914"
"'11","'LINE","'4. What happens to the food in your body, after you","'99.84987640"
"'11","'LINE","'ate it?","'99.57978058"
"'11","'LINE","'Activity 1.2","'99.53573608"
"'11","'LINE","'The study of modern chemistry has many branches, but can generally be broken down","'99.99511719"
"'11","'LINE","'into five main disciplines, or areas of study:","'99.94671631"
"'11","'LINE","'i. Physical chemistry: It is the study of macroscopic properties, atomic properties,","'99.89375305"
"'11","'LINE","'and phenomena in chemical systems. A physical chemist may study such things as","'98.54314423"
"'11","'LINE","'the rates of chemical reactions, the energy transfers that occur in reactions, or the","'99.96327209"
"'11","'LINE","'physical structure of materials at the molecular level.","'99.95780182"
"'11","'LINE","'ii. Organic chemistry: It is the study of substances containing carbon. Carbon is one","'99.90865326"
"'11","'LINE","'of the most abundant elements on Earth and is capable of forming a tremendously","'99.65978241"
"'11","'LINE","'vast number of chemicals (over twenty million so far). Most of the chemicals found","'98.66911316"
"'11","'LINE","'in all living organisms are based on carbon.","'99.96176147"
"'11","'LINE","'4","'99.57927704"
"'12","'LINE","'Chemistry and its Importance","'99.97010040"
"'12","'LINE","'iii. Inorganic chemistry: It is the study of substances that are not primarily based","'99.88082123"
"'12","'LINE","'on carbon. Inorganic chemicals are commonly found in rocks and minerals. One","'99.96040344"
"'12","'LINE","'current important area of inorganic chemistry deals with the design and properties","'99.96528625"
"'12","'LINE","'of materials involved in energy and information technology.","'99.97640991"
"'12","'LINE","'iv. Analytical chemistry: It is the study of the composition of matter. It focuses on","'99.92813110"
"'12","'LINE","'separating, identifying, and quantifying chemicals in samples of matter. An","'99.93532562"
"'12","'LINE","'analytical chemist may use complex instruments to analyze an unknown material","'99.90511322"
"'12","'LINE","'in order to determine its various components.","'99.96745300"
"'12","'LINE","'V. Biochemistry: It is the study of chemical processes that occur in living things. It may","'97.39685059"
"'12","'LINE","'cover anything from basic cellular processes up to understanding disease states so","'98.65249634"
"'12","'LINE","'that better treatments can be developed.","'99.98020172"
"'12","'LINE","'All of the aforementioned disciplines of Chemistry are highly engaged in taking","'99.96359253"
"'12","'LINE","'measurements, making observations, and using them to come to conclusions. Chemistry","'99.92227173"
"'12","'LINE","'is about looking for patterns in the way substances behave. Because living and non-","'99.97117615"
"'12","'LINE","'living things are made of matter Chemistry affects all aspects of life and most natural","'99.98952484"
"'12","'LINE","'events. The scope of Chemistry can be extended to explaining the natural world,","'99.99017334"
"'12","'LINE","'preparing people for career opportunities, and producing informed patriot citizens.","'99.93126678"
"'12","'LINE","'The scope of chemistry includes agriculture, medicine food production, and building","'99.98550415"
"'12","'LINE","'construction (Figure 1.2).","'99.62272644"
"'12","'LINE","'III","'40.77975464"
"'12","'LINE","'SOAP","'99.17968750"
"'12","'LINE","'Figure 1.2 Some chemical products.","'99.80584717"
"'12","'LINE","'Chemistry, however, is not only involved in providing useful substances in the","'99.96942139"
"'12","'LINE","'areas of development and technology, but it can also result in very dangerous","'99.96576691"
"'12","'LINE","'substances that can negatively affect human being's life and the environment","'99.97197723"
"'12","'LINE","'(eg. fluorochlorohydrocarbons, oxides of nitrogen, carbon, and sulphur).","'99.31394196"
"'12","'LINE","'5","'99.54101563"
"'13","'LINE","'Chemistry Grade 9","'99.82096863"
"'13","'LINE","'++++++++++++","'17.81867981"
"'13","'LINE","'Exercise 1.2","'99.67245483"
"'13","'LINE","'Provide correct answer for the following questions.","'99.98593140"
"'13","'LINE","'1. List down examples of chemicals or chemical products that are used in the","'99.93054199"
"'13","'LINE","'following areas:","'99.99511719"
"'13","'LINE","'Agriculture","'100.00000000"
"'13","'LINE","'Medicine","'100.00000000"
"'13","'LINE","'Food production","'99.98535156"
"'13","'LINE","'Building construction","'100.00000000"
"'13","'LINE","'Hint: Refer Figure 1.2 above.","'99.71652222"
"'13","'LINE","'2. Search on the internet, and write down some of the problems caused by","'99.98459625"
"'13","'LINE","'dangerous chemicals affecting the environment.","'99.98210144"
"'13","'LINE","'3. Which of the problems you find in question #2 above are observed in your","'99.76955414"
"'13","'LINE","'locality?","'99.36383820"
"'13","'LINE","'4. What do you think is the solution to the problem(s)? Remember that you are","'99.68582153"
"'13","'LINE","'an Ethiopian citizen, and have the responsibility of protecting the nation from","'99.98779297"
"'13","'LINE","'the problems caused due to chemical substances.","'99.98442841"
"'13","'LINE","'1.2 The Relationship Between Chemistry and Other Natural Sciences","'99.99131775"
"'13","'LINE","'At the end of this section, you will be able to discuss the relationship of chemistry","'99.91168213"
"'13","'LINE","'with physics, biology, medicine, geology and other subjects.","'99.98881531"
"'13","'LINE","'Students, form groups of three or four, and discuss the","'99.98331451"
"'13","'LINE","'following questions. Then, present your discussion points to","'99.97895050"
"'13","'LINE","'the class, when asked by your teacher.","'99.98152161"
"'13","'LINE","'1. List down the subjects that are categorized under","'99.91157532"
"'13","'LINE","'?","'90.59570313"
"'13","'LINE","'natural science.","'99.97518921"
"'13","'LINE","'2. In biology class you may studied about photosynthesis.","'99.75450897"
"'13","'LINE","'Is it possible to explain photosynthesis without having","'99.96938324"
"'13","'LINE","'the knowledge of a chemical reaction? Reason out","'99.88346100"
"'13","'LINE","'Activity 1.3","'99.73144531"
"'13","'LINE","'why?","'99.93083954"
"'13","'LINE","'Chemistry is one branch of science. Science is the process by which we learn about","'99.97580719"
"'13","'LINE","'the natural universe by observing, testing, and then generating models that explain","'99.95018005"
"'13","'LINE","'our observations. Because the physical universe is so vast, there are many different","'98.68668365"
"'13","'LINE","'branches of science (Figure 1.3). Thus, biology is the study of living things, and geology","'97.39694977"
"'13","'LINE","'is the study of rocks and the earth. Physics is the branch of science concerned with the","'99.98090363"
"'13","'LINE","'nature and properties of matter and energy.","'99.98581696"
"'13","'LINE","'6","'97.85973358"
"'14","'LINE","'Chemistry and its Importance","'99.95281982"
"'14","'LINE","'Biology","'99.71679688"
"'14","'LINE","'Biochemistry","'97.05516815"
"'14","'LINE","'Chemicalphysics","'90.09326935"
"'14","'LINE","'Physics","'99.99023438"
"'14","'LINE","'Chemistry","'99.85351563"
"'14","'LINE","'Geochemistry","'99.95117188"
"'14","'LINE","'Geology","'99.95117188"
"'14","'LINE","'Figure 1.3 The relationships between natural sciences and chemistry.","'99.90741730"
"'14","'LINE","'Although we divide science into different fields, there is much overlap among them.","'99.96645355"
"'14","'LINE","'For example, some biologists and chemists work in both fields so much that their","'98.75238037"
"'14","'LINE","'work is called Biochemistry. Biochemistry is the study of the chemical processes","'99.97531891"
"'14","'LINE","'occurring in living matter. To give you a specific example, there are chemists who","'98.41675568"
"'14","'LINE","'are working on the isolation, characterization and biological activities of compounds","'99.94859314"
"'14","'LINE","'from medicinal plants. Similarly, Geology and Chemistry overlap in the field called","'99.98426819"
"'14","'LINE","'Geochemistry. Geochemistry is defined as the study of the processes that control","'99.93647003"
"'14","'LINE","'the abundance, composition, and distribution of chemical compounds and isotopes","'99.94818115"
"'14","'LINE","'in geologic environments. Chemistry and Physics overlap in the areas of atomic and","'99.93041229"
"'14","'LINE","'small molecule properties. Both of them deal with matter and energy.","'99.98919678"
"'14","'LINE","'Physical chemistry is the branch of chemistry concerned with the application of the","'99.98786163"
"'14","'LINE","'techniques and theories of physics to the study of chemical systems. Chemical physics is","'99.95682526"
"'14","'LINE","'a sub discipline of chemistry and physics that investigates physicochemical phenomena","'99.77606201"
"'14","'LINE","'using techniques from atomic and molecular physics and condensed matter physics. It is","'99.89004517"
"'14","'LINE","'the branch of physics that studies chemical processes from the point of view of physics.","'99.98812103"
"'14","'LINE","'Chemistry and Medicine are related in the area of Medicinal chemistry.","'99.95858002"
"'14","'LINE","'Figure 1.3 shows how many of the individual fields of science are related. At some","'99.96479034"
"'14","'LINE","'level, all of these fields depend on the matter as they all involve 'stuff'. Because of","'99.75554657"
"'14","'LINE","'this, chemistry has been called the 'central science' linking them all together.","'99.76755524"
"'14","'LINE","'Exercise 1.3","'99.83398438"
"'14","'LINE","'Provide correct answer the following questions.","'99.98521423"
"'14","'LINE","'1.","'99.33115387"
"'14","'LINE","'What aspects of nature are studied in","'99.97756195"
"'14","'LINE","'Physics?","'99.99023438"
"'14","'LINE","'Geochemistry?","'99.97070313"
"'14","'LINE","'Biology?","'99.91131592"
"'14","'LINE","'Biochemistry?","'99.99023438"
"'14","'LINE","'Geology?","'99.95117188"
"'14","'LINE","'Physical chemistry?","'99.94140625"
"'14","'LINE","'2.","'99.97070313"
"'14","'LINE","'What are the regions of an overlap between","'99.97060394"
"'14","'LINE","'Chemistry and biology?","'99.99349213"
"'14","'LINE","'Chemistry and geology?","'99.99674225"
"'14","'LINE","'Chemistry and physics?","'99.99674225"
"'14","'LINE","'7","'98.03631592"
"'15","'LINE","'Chemistry Grade 9","'99.76562500"
"'15","'LINE","'1.3 The Role Chemistry Plays in Production and in the Society","'99.93859863"
"'15","'LINE","'At the end of this section, you will be able to describe the application of chemistry in","'99.94462585"
"'15","'LINE","'the field of agriculture, medicine, food production and building construction.","'99.98413086"
"'15","'LINE","'Students, form groups of two or three and discuss the","'99.98632813"
"'15","'LINE","'questions below. Present your discussion points to the class","'99.97586060"
"'15","'LINE","'when asked by your teacher.","'99.98014832"
"'15","'LINE","'1. What are the common types of fertilizers the Ethiopian","'99.89576721"
"'15","'LINE","'farmers employ to increase their crop productivity?","'99.98175049"
"'15","'LINE","'2. Give some examples of household materials that are","'99.97829437"
"'15","'LINE","'used for cleaning, baking 'diffo dabbo', disinfecting","'98.45848083"
"'15","'LINE","'salad, preserving raw meat, and hair treatment.","'99.96466827"
"'15","'LINE","'3. What types of medications (traditional and modern)","'99.94172668"
"'15","'LINE","'are used to treat the various diseases you know?","'99.72368622"
"'15","'LINE","'4. What are the common types of fuels that are sold in","'99.97057343"
"'15","'LINE","'the gas stations?","'99.94412994"
"'15","'LINE","'Activity 1.4","'99.49138641"
"'15","'LINE","'There are many instances in your everyday life that involves the knowledge of","'99.96582794"
"'15","'LINE","'chemistry, its applications, and its rules. Let US look at some of them one by one.","'99.87486267"
"'15","'LINE","'A. Agriculture","'90.71797180"
"'15","'LINE","'The study of chemistry has brought the world with chemical fertilizers such as calcium","'99.96756744"
"'15","'LINE","'super phosphate, urea, ammonium sulphate, and sodium nitrate. These chemicals","'99.91637421"
"'15","'LINE","'have assisted greatly in increasing the yield of fruits, vegetables, and other crops","'99.96251678"
"'15","'LINE","'(Figure 1.4). Chemistry has been effective in the manufacture of pesticides, which","'99.87728119"
"'15","'LINE","'have lessened the crop damage. Depending on the targeted pest, pesticides include","'99.94705200"
"'15","'LINE","'fungicides, herbicides, and insecticides. Thus, we can supply to the ever-growing","'99.86643219"
"'15","'LINE","'demand for food. Chemistry has also an important role in the manufacturing of better-","'99.95339203"
"'15","'LINE","'quality plastic pipes for irrigation, and is commonly used in farming. This has massively","'99.95612335"
"'15","'LINE","'increased irrigation resulting in a better climate in which the crops grow.","'99.79064941"
"'15","'LINE","'B. Food Production","'89.62345886"
"'15","'LINE","'Other than its great contribution in the production of different agricultural products,","'99.95688629"
"'15","'LINE","'chemistry has led to the discovery of different kinds of food preservatives. These","'99.89361572"
"'15","'LINE","'chemicals have greatly assisted to preserve food products for a longer period. It has","'99.81637573"
"'15","'LINE","'given methods to test the presence of adulterants which ensure the supply of pure","'99.94479370"
"'15","'LINE","'foodstuff. Consumers have benefited from new technologies that have increased their","'99.95385742"
"'15","'LINE","'food's availability, appearance, nutritional contents and flavor. A local example of","'98.28884125"
"'15","'LINE","'food processing and keeping it for a longer period of time is the preservation of raw","'99.83332062"
"'15","'LINE","'meat.","'99.99023438"
"'15","'LINE","'8","'99.20898438"
"'16","'LINE","'Chemistry and its Importance","'99.94773102"
"'16","'LINE","'Figure 1.4 Agricultural products.","'99.76731873"
"'16","'LINE","'Students, form groups of two or three and discuss the","'99.98820496"
"'16","'LINE","'questions below. Present your discussion points to the class","'99.99231720"
"'16","'LINE","'when asked by your teacher.","'99.98210144"
"'16","'LINE","'1. What are the common pests that damage crops in","'99.92057800"
"'16","'LINE","'?","'88.35937500"
"'16","'LINE","'your locality?","'99.82591248"
"'16","'LINE","'2. What are the common herbs that reduce the production","'99.96972656"
"'16","'LINE","'of food in your locality?","'99.91458130"
"'16","'LINE","'3. What are the commercial and traditional pesticides","'99.93919373"
"'16","'LINE","'and herbicides used by the local farmers?","'99.99430847"
"'16","'LINE","'Activity 1.5","'99.75097656"
"'16","'LINE","'C. Medicine","'95.59142303"
"'16","'LINE","'Chemistry has provided mankind with a large number of life-saving medicines. We","'99.83607483"
"'16","'LINE","'could find a cure for dysentery and pneumonia as a result of the discovery of Sulphur","'99.83628082"
"'16","'LINE","'drugs and penicillin. Besides this, life-saving drugs like cisplatin and Taxol are effective","'99.94667816"
"'16","'LINE","'for cancer therapy, and AZT is used for AIDS victims. Although AZT does not cure HIV-","'99.96654510"
"'16","'LINE","'AIDS, it fights the multiplication of the virus thereby prolonging the life of the victim.","'99.96100616"
"'16","'LINE","'HIV-AIDS as we know is a pandemic that has no curative medication. We need to","'99.84146118"
"'16","'LINE","'prevent ourselves from this killer disease by being Abstain, Be faithful or reduce the","'99.93602753"
"'16","'LINE","'number of your sex partners, and/or use a Condom.","'99.46100616"
"'16","'LINE","'9","'95.14568329"
"'17","'LINE","'Chemistry Grade 9","'99.82421875"
"'17","'LINE","'Common Drugs Chemistry Provided","'99.99511719"
"'17","'LINE","'Disinfectants","'99.79093933"
"'17","'LINE","'Analgesics","'100.00000000"
"'17","'LINE","'Anesthetics","'100.00000000"
"'17","'LINE","'Antibiotics","'99.96014404"
"'17","'LINE","'Antiseptics","'99.95037079"
"'17","'LINE","'Tranquilizers","'99.87065887"
"'17","'LINE","'Disinfectants: Are used to kill the microbe present in toilets, floors, and drains.","'99.92115784"
"'17","'LINE","'The sanitizers we use for Covid-19 belong to this group.","'99.64653015"
"'17","'LINE","'Analgesics: An analgesic or painkiller is any member of the group of drugs used","'99.97251129"
"'17","'LINE","'to achieve analgesia, relief from pain.","'99.95362854"
"'17","'LINE","'Anesthetics: Has made medical operations more and more effective via relieving","'99.97204590"
"'17","'LINE","'pain.","'100.00000000"
"'17","'LINE","'Antibiotics: Are used to control infection and cure diseases.","'99.97469330"
"'17","'LINE","'Antiseptics: Are used to contamination of the wounds by bacteria.","'99.94028473"
"'17","'LINE","'Tranquillizers: To reduce tension and bring about calm and peace to patients","'99.86550903"
"'17","'LINE","'suffering from mental diseases.","'99.97763062"
"'17","'LINE","'Students, form groups of two or three and discuss the","'99.98730469"
"'17","'LINE","'questions below. Present your discussion points to the","'99.98139191"
"'17","'LINE","'class when asked by your teacher.","'99.99335480"
"'17","'LINE","'1. Search on the Internet or from other sources","'99.90506744"
"'17","'LINE","'and find examples of analgesics, antibiotics,","'99.96515656"
"'17","'LINE","'tranquilizers, antiseptics, disinfectants, anesthetics,","'99.66119385"
"'17","'LINE","'and insecticides.","'99.97518921"
"'17","'LINE","'2. Describe the composition and preparation of hand","'99.99389648"
"'17","'LINE","'disinfectant or hand sanitizer.","'99.89078522"
"'17","'LINE","'Activity 1.6","'99.76522827"
"'17","'LINE","'D. Building Construction Materials","'99.95057678"
"'17","'LINE","'By providing building resources such as glass, steel and cement, chemistry helps in the","'99.91278076"
"'17","'LINE","'construction of safer houses and multi-story structures. It also helps in the construction","'99.92678070"
"'17","'LINE","'of long-lasting and durable dams and bridges. The best example here could be","'99.94268036"
"'17","'LINE","'the Grand Ethiopian Renaissance Dam (GERD) which is under construction in the","'99.91377258"
"'17","'LINE","'Benishangul-Gumuz Region (Figure 1.5). The GERD is a 6,450 MW hydro power","'99.74081421"
"'17","'LINE","'project nearing completion on the Blue Nile in Ethiopia, located about 30 km upstream","'99.93706512"
"'17","'LINE","'of the border with Sudan. It will be the largest hydro power project in Africa.","'99.76241302"
"'17","'LINE","'10","'99.69487000"
"'18","'LINE","'Chemistry and its Importance","'99.96014404"
"'18","'LINE","'Figure 1.5 The Grand Ethiopian Renaissance Dam, Benishangul Gumuz Region, Ethiopia.","'99.83699036"
"'18","'LINE","'Agriculture","'99.96014404"
"'18","'LINE","'Building","'100.00000000"
"'18","'LINE","'Chemistry","'100.00000000"
"'18","'LINE","'Medicine","'99.96014404"
"'18","'LINE","'construction","'99.95037079"
"'18","'LINE","'Food","'99.97070313"
"'18","'LINE","'production","'100.00000000"
"'18","'LINE","'Figure 1.6 The role of chemistry in different sectors.","'99.93671417"
"'18","'LINE","'<<<<<<<<<<<<<","'18.12659454"
"'18","'LINE","'Exercise 1.4","'99.90194702"
"'18","'LINE","'Provide correct answer for the following questions.","'99.98152161"
"'18","'LINE","'1. List down the role of chemistry in your locality. Draw a spider diagram of","'99.88170624"
"'18","'LINE","'your own.","'99.97518921"
"'18","'LINE","'2. What problems, do you think, will be observed in the livelihood of the","'99.70465088"
"'18","'LINE","'community in which you are living in the absence of enough knowledge of","'99.68587494"
"'18","'LINE","'chemistry?","'99.89257813"
"'18","'LINE","'3. In your opinion, what further roles can chemistry play?","'99.93247986"
"'18","'LINE","'11","'99.68590546"
"'19","'LINE","'Chemistry Grade 9","'99.86301422"
"'19","'LINE","'1.4 Some Common Chemical Industries in Ethiopia","'99.96360779"
"'19","'LINE","'At the end of this section, you will be able to name some common chemical industries","'99.90853882"
"'19","'LINE","'found in Ethiopia and their products.","'99.97518921"
"'19","'LINE","'Students, make groups of how two or three and do","'99.98820496"
"'19","'LINE","'the following activities. Present your answers to the","'99.97763062"
"'19","'LINE","'class when asked by your teacher.","'99.98508453"
"'19","'LINE","'1. List down some of the house hold chemicals?","'99.94864655"
"'19","'LINE","'?","'86.04003906"
"'19","'LINE","'2. Do you know which industry is producing them?","'99.75433350"
"'19","'LINE","'3. List down the common chemical industries","'99.92469788"
"'19","'LINE","'(enterprises) found in your locality or in the vicinity","'99.86522675"
"'19","'LINE","'of your town. Which chemicals or chemical products","'99.96918488"
"'19","'LINE","'are they producing?","'99.88095093"
"'19","'LINE","'Activity 1.7","'99.32089233"
"'19","'LINE","'An industry is defined as an economic activity concerned with the processing of raw","'99.98116302"
"'19","'LINE","'materials and the manufacture of goods in factories. It can also be interpreted as","'99.89656067"
"'19","'LINE","'a group of companies that are linked based on their primary business activities.","'99.90943909"
"'19","'LINE","'Individual companies are generally categorized into an industry based on their","'99.96412659"
"'19","'LINE","'largest sources of revenue. The Ethiopian government is highly engaged in expanding","'99.95539093"
"'19","'LINE","'industries in the past two decades. As part of this expansion several industrial parks","'99.97228241"
"'19","'LINE","'have been under construction (Figure 1.7).","'99.83863068"
"'19","'LINE","'Figure 1.7 One of the industrial parks found in Ethiopia.","'99.87055969"
"'19","'LINE","'The chemical industries comprise the companies that manufacture inorganic- and","'99.94427490"
"'19","'LINE","'organic-industrial chemicals, explosives, fragrances, agrochemicals, polymers and","'99.77396393"
"'19","'LINE","'12","'99.83398438"
"'20","'LINE","'Chemistry and its Importance","'99.94061279"
"'20","'LINE","'rubber, ceramic products, petrochemicals, oleochemicals (oils, fats, and waxes), and","'99.90449524"
"'20","'LINE","'flavors. Central to the world economy, it converts natural resources (oil, natural gas,","'99.96213531"
"'20","'LINE","'air, water, metals, and minerals) into diverse products. They are further categorized","'99.95789337"
"'20","'LINE","'into industrial inorganic chemicals; plastics, materials, and synthetics; drugs; soap,","'99.96721649"
"'20","'LINE","'cleaners, and toilet goods; paints and allied products; industrial organic chemicals;","'99.97374725"
"'20","'LINE","'agricultural chemicals; and miscellaneous chemical products.","'99.96854401"
"'20","'LINE","'The chemical products mean products manufactured, processed, sold, or distributed","'99.94573212"
"'20","'LINE","'by the company that are chemical substances, or that contained chemical substances.","'99.95301056"
"'20","'LINE","'Three general classes of products are (1) basic chemicals such as alkalis, acids, organic","'99.92450714"
"'20","'LINE","'chemicals, and salts (2) chemical products to be used in further manufactures such as","'99.93293762"
"'20","'LINE","'plastic materials, synthetic fibers, pigments, and dry colors, and (3) finished chemical","'99.95281982"
"'20","'LINE","'products to be used for ultimate consumption such as cosmetics, drugs, and soaps; or","'99.95576477"
"'20","'LINE","'to be used as materials or supplies in other industries such as fertilizers, paints, and","'99.89851379"
"'20","'LINE","'explosives.","'99.84056091"
"'20","'LINE","'Currently, there are several medium and large-scale chemical and chemical products","'99.95702362"
"'20","'LINE","'industries (enterprises) in Ethiopia (Table 1.1). These enterprises produce chemicals","'99.48766327"
"'20","'LINE","'like aluminum sulphate, caustic soda, soda ash, carbon dioxide, bleaching chemicals,","'99.94483185"
"'20","'LINE","'magnesium oxide, pesticides, and chemical products like soap and detergent, cement,","'99.91036987"
"'20","'LINE","'paints, building materials, cosmetics, plastic, natural gum, candle, glass, sugar, tyre,","'99.96568298"
"'20","'LINE","'pulp and paper, pharmaceuticals and tobacco.","'99.96216583"
"'20","'LINE","'Table 1.1 Some of the large and medium scale chemical enterprises in Ethiopia.","'99.77209473"
"'20","'LINE","'No.","'99.97070313"
"'20","'LINE","'Name of the Enterprise","'99.97782898"
"'20","'LINE","'City","'100.00000000"
"'20","'LINE","'Product","'99.95037079"
"'20","'LINE","'1","'98.83310699"
"'20","'LINE","'Chorra Gas & Chemical","'99.92636108"
"'20","'LINE","'A.A","'78.67585754"
"'20","'LINE","'Plastic, chemicals, petroleum products","'99.85316467"
"'20","'LINE","'products","'100.00000000"
"'20","'LINE","'2","'99.89257813"
"'20","'LINE","'Chorra Gas & Chemical","'99.88729858"
"'20","'LINE","'A.A","'73.98218536"
"'20","'LINE","'Aluminum sulphate and sulphuric acid","'99.86854553"
"'20","'LINE","'products","'100.00000000"
"'20","'LINE","'3","'99.84295654"
"'20","'LINE","'Ziway Caustic Soda","'99.97721100"
"'20","'LINE","'Ziway","'99.99023438"
"'20","'LINE","'Sodium hydroxide","'99.95077515"
"'20","'LINE","'factory","'99.96014404"
"'20","'LINE","'4","'99.79173279"
"'20","'LINE","'Abijata Soda Ash","'99.93058014"
"'20","'LINE","'Bulbula","'99.87065887"
"'20","'LINE","'Trona (Na₃H(CO₃)₂.2H2O)","'60.23786163"
"'20","'LINE","'Factory","'100.00000000"
"'20","'LINE","'5","'99.92187500"
"'20","'LINE","'Repi Soap & Detergent","'99.93836975"
"'20","'LINE","'A.A","'78.42613983"
"'20","'LINE","'Soap and detergent","'99.94033813"
"'20","'LINE","'P.L.C","'99.89178467"
"'20","'LINE","'6","'99.65501404"
"'20","'LINE","'Adola Magnesium","'99.97518921"
"'20","'LINE","'Adolla","'99.96014404"
"'20","'LINE","'Magnesium oxide","'99.94020844"
"'20","'LINE","'Oxide Factory","'99.96054077"
"'20","'LINE","'7","'99.49218750"
"'20","'LINE","'Adami Tulu Pesticide","'99.84407806"
"'20","'LINE","'Adami-Tulu","'98.34043884"
"'20","'LINE","'Formulates malathion, endosulfan,","'99.72450256"
"'20","'LINE","'Processing Plant","'99.95525360"
"'20","'LINE","'diazinon, fenitrothion and dimethoate","'99.72362518"
"'20","'LINE","'8","'99.81445313"
"'20","'LINE","'Nefas Silk Paints","'99.77439880"
"'20","'LINE","'A.A","'61.21731567"
"'20","'LINE","'Paints, varnishes, antirusts and glues","'99.90449524"
"'20","'LINE","'factory","'99.96014404"
"'20","'LINE","'13","'99.41167450"
"'21","'LINE","'Chemistry Grade 9","'99.86301422"
"'21","'LINE","'No.","'99.99023438"
"'21","'LINE","'Name of the Enterprise","'99.99003601"
"'21","'LINE","'City","'100.00000000"
"'21","'LINE","'Product","'99.96014404"
"'21","'LINE","'9","'99.89178467"
"'21","'LINE","'Modern Building","'100.00000000"
"'21","'LINE","'A.A","'79.11431885"
"'21","'LINE","'Cement and cement products,","'99.99003601"
"'21","'LINE","'Industries","'99.96014404"
"'21","'LINE","'ceramics, paints, sanitary ware,","'99.94773102"
"'21","'LINE","'adhesives, glues, plastic rubber,","'99.95018005"
"'21","'LINE","'terrazzo tiles, cultured marble","'99.89830780"
"'21","'LINE","'10","'99.84295654"
"'21","'LINE","'Kadisco Chemical","'99.95525360"
"'21","'LINE","'A.A","'90.12535858"
"'21","'LINE","'Paints, coatings and adhesives","'99.96014404"
"'21","'LINE","'Industry","'99.96014404"
"'21","'LINE","'11","'98.76255035"
"'21","'LINE","'Tadesse Filatea PLC","'99.93031311"
"'21","'LINE","'Woliso","'99.88042450"
"'21","'LINE","'Soap, detergent, corrugated iron,","'99.95769501"
"'21","'LINE","'nail, infant milk formula","'99.88550568"
"'21","'LINE","'12","'99.56054688"
"'21","'LINE","'Etab Laundry Soap","'99.96366119"
"'21","'LINE","'Hawassa","'100.00000000"
"'21","'LINE","'Soap and detergent","'99.90699005"
"'21","'LINE","'Factory","'100.00000000"
"'21","'LINE","'13","'99.72656250"
"'21","'LINE","'Get-Eshet Detergent","'99.83807373"
"'21","'LINE","'Bishoftu","'99.83079529"
"'21","'LINE","'Detergent products and Leather","'99.95018005"
"'21","'LINE","'Manufacturing and","'99.79582214"
"'21","'LINE","'chemical inputs","'99.98007202"
"'21","'LINE","'Packing P.L.C","'99.93612671"
"'21","'LINE","'14","'99.59721375"
"'21","'LINE","'Ethio-Asia Industries S.C","'99.77326202"
"'21","'LINE","'A.A","'74.79890442"
"'21","'LINE","'Soap and detergent","'99.87716675"
"'21","'LINE","'15","'99.89178467"
"'21","'LINE","'Y.B Cosmetics","'99.84703827"
"'21","'LINE","'Sheger city","'99.98046875"
"'21","'LINE","'Cosmetics and perfume","'99.98671722"
"'21","'LINE","'16","'99.85351563"
"'21","'LINE","'Mekab PLC (Cosmetics)","'99.83404541"
"'21","'LINE","'A.A","'77.11076355"
"'21","'LINE","'Hair oil, shampoo, conditioner, body","'99.93638611"
"'21","'LINE","'oil, vaseline, body lotion, detergents","'99.86854553"
"'21","'LINE","'and plastic mouldings","'99.98671722"
"'21","'LINE","'17","'99.81445313"
"'21","'LINE","'BEKAS Chemicals PLC","'99.95362854"
"'21","'LINE","'A.A","'81.89393616"
"'21","'LINE","'Detergents, cosmetic products,","'99.86713409"
"'21","'LINE","'plastic packing materials, industrial","'99.92028046"
"'21","'LINE","'surfactants and putty","'99.89370728"
"'21","'LINE","'18","'99.81365967"
"'21","'LINE","'Arbaminch Textile","'99.95525360"
"'21","'LINE","'Arbaminch","'100.00000000"
"'21","'LINE","'Textile and fabric products","'99.98759460"
"'21","'LINE","'Share compary","'99.98007202"
"'21","'LINE","'19","'99.87304688"
"'21","'LINE","'Teamco Soap Factory","'99.87390900"
"'21","'LINE","'Burayu","'99.96014404"
"'21","'LINE","'Soap and detergent","'99.90048218"
"'21","'LINE","'Note: A.A stands for Addis Ababa.","'96.43348694"
"'21","'LINE","'Other chemical product industries in Ethiopia.","'99.94033813"
"'21","'LINE","'Cement (Mugher, Diredawa, Mesobo, Derba, Midroc, Dangote)","'99.90040588"
"'21","'LINE","'Sugar (Metehara, Wonji, Finchaa, Omokuraz)","'99.77483368"
"'21","'LINE","'Paper and pulp (Wonji)","'99.95525360"
"'21","'LINE","'Pharmaceuticals (Addis, Ethiopia, Adigrat)","'99.83567810"
"'21","'LINE","'Tyre (Horizon Addis Tyre)","'99.98515320"
"'21","'LINE","'14","'99.89178467"
"'22","'LINE","'Chemistry and its Importance","'99.94793701"
"'22","'LINE","'++++++++++++","'29.59841537"
"'22","'LINE","'Exercise 1.5","'99.77499390"
"'22","'LINE","'Provide the correct answer for the following questions.","'99.98891449"
"'22","'LINE","'1. List the common names together with the chemical names, formula, and use","'99.81538391"
"'22","'LINE","'of 10 household chemicals.","'99.92391968"
"'22","'LINE","'2. Browse the Internet or use other sources and find out 10 other household","'99.81271362"
"'22","'LINE","'chemicals that are commonly used in different homes with their corresponding","'99.96878815"
"'22","'LINE","'molecular formula, chemical names, and use.","'99.94047546"
"'22","'LINE","'3. List at least 15 chemical industries that are found in Ethiopia.","'99.90690613"
"'22","'LINE","'Project work 1.1","'99.85623932"
"'22","'LINE","'An industrial trip to the local industries","'99.98314667"
"'22","'LINE","'In this project, you will be able to visit a local chemical industry and present your","'99.83236694"
"'22","'LINE","'observations to the class in group.","'99.97383118"
"'22","'LINE","'Students, your teacher will arrange an industrial tour so that you will practically","'97.99724579"
"'22","'LINE","'observe the raw materials, the chemical processes involved, and the finished products","'99.98521423"
"'22","'LINE","'in the industries that are located in your vicinity. You are required to write a report","'99.79819489"
"'22","'LINE","'and present it to the class in group.","'99.97558594"
"'22","'LINE","'Key Terms of the Unit","'99.97640228"
"'22","'LINE","'Analgesics","'99.96014404"
"'22","'LINE","'Composition","'99.92028046"
"'22","'LINE","'Metallurgy","'99.84056091"
"'22","'LINE","'Antibiotics","'99.96014404"
"'22","'LINE","'Disinfectants","'99.68112183"
"'22","'LINE","'Property","'99.96014404"
"'22","'LINE","'Anesthetics","'100.00000000"
"'22","'LINE","'Energy","'100.00000000"
"'22","'LINE","'Structure","'99.92028046"
"'22","'LINE","'Antiseptics","'99.84056091"
"'22","'LINE","'Industry","'99.88042450"
"'22","'LINE","'Substance","'99.96014404"
"'22","'LINE","'Chemistry","'100.00000000"
"'22","'LINE","'Insecticides","'99.80069733"
"'22","'LINE","'Tranquilizers","'99.84056091"
"'22","'LINE","'Chemical products","'99.99023438"
"'22","'LINE","'Matter","'100.00000000"
"'22","'LINE","'Chemical industry","'99.97030640"
"'22","'LINE","'Unit Summary","'99.93124390"
"'22","'LINE","'Chemistry is the science that deals with the properties, compositions, and structures","'99.97850800"
"'22","'LINE","'of substances, the transformations they undergo, and the energy that is released or","'99.92747498"
"'22","'LINE","'absorbed during these processes.","'99.99003601"
"'22","'LINE","'The study of modern chemistry has many branches, but can generally be broken down","'99.98744202"
"'22","'LINE","'into five main disciplines, or areas of study: Organic chemistry, Inorganic chemistry,","'99.91722870"
"'22","'LINE","'Physical chemistry, Analytic chemistry and Biochemistry. The scope of chemistry includes","'99.94586182"
"'22","'LINE","'agriculture, medicine, food production, and building construction. Because living and","'99.93524170"
"'22","'LINE","'non-living things are made up of matter, chemistry affects all aspects of life, and most","'99.77460480"
"'22","'LINE","'natural events. The scope of chemistry can also be extended to explaining the natural","'99.97605896"
"'22","'LINE","'world, preparing people for career opportunities, and producing informed patriot","'99.96818542"
"'22","'LINE","'citizens.","'99.87065887"
"'22","'LINE","'15","'99.80388641"
"'23","'LINE","'Chemistry Grade 9","'99.63541412"
"'23","'LINE","'Chemistry is the central science in the natural sciences. Being one of the basic sciences","'99.97179413"
"'23","'LINE","'Chemistry is related to other natural sciences like Biology, Physics, Geology, Medicine,","'99.94467926"
"'23","'LINE","'and Mathematics. Chemistry and Biology are related by the metabolic processes","'99.95570374"
"'23","'LINE","'occurring inside living matter known as Biochemistry. Chemistry and Geology are","'99.94786072"
"'23","'LINE","'related by the processes that control the abundance, composition, and distribution of","'99.96936035"
"'23","'LINE","'chemical compounds and isotopes inside the crust of the earth known as Geochemistry.","'99.93841553"
"'23","'LINE","'A sub-discipline of chemistry and physics that investigates physicochemical phenomena","'98.74252319"
"'23","'LINE","'using techniques from atomic and molecular physics and condensed matter physics","'99.95111847"
"'23","'LINE","'is known as Chemical physics. Chemistry and Medicine are related by a discipline","'99.78641510"
"'23","'LINE","'that encloses the design, development, and synthesis of pharmaceutical drugs called","'99.97108459"
"'23","'LINE","'Medicinal chemistry.","'99.89546204"
"'23","'LINE","'Since Chemistry is so fundamental to our world, it plays a role in everyone's lives","'98.31757355"
"'23","'LINE","'and touches almost every aspect of our existence in some way. Chemistry is essential","'99.95838928"
"'23","'LINE","'for meeting our basic needs such as food, clothing, shelter, health, energy, and clean","'99.95275116"
"'23","'LINE","'air, water, and soil. Chemistry, however, can also affect our environment negatively","'99.95545959"
"'23","'LINE","'through production of toxic substances. The release of theses toxic substances into the","'99.97565460"
"'23","'LINE","'environment results in climate change, the prime issue the world is facing currently.","'99.96189117"
"'23","'LINE","'It is, therefore, high time to seek for solution to this problem by using our chemical","'99.95555878"
"'23","'LINE","'knowledge.","'99.96014404"
"'23","'LINE","'Chemistry plays a significant role in the advancement and growth of several industries.","'99.83973694"
"'23","'LINE","'There are several chemical and chemical products industries that produce a number","'99.62538147"
"'23","'LINE","'of chemicals and chemical products. One way of categorizing them is into industrial","'99.96733093"
"'23","'LINE","'inorganic chemicals; plastics, materials, and synthetics; drugs; soap, cleaners, and","'99.94525146"
"'23","'LINE","'toilet goods; paints and allied products; industrial organic chemicals; agricultural","'99.97412872"
"'23","'LINE","'chemicals; and miscellaneous chemical products.","'99.95428467"
"'23","'LINE","'The Ethiopian government is working hard in establishing Industrial Zones throughout","'99.94615173"
"'23","'LINE","'the nation. Currently, there are several medium and large-scale chemical and chemical","'99.95728302"
"'23","'LINE","'products industries (enterprises) in Ethiopia. These enterprises produce chemicals like","'99.84666443"
"'23","'LINE","'aluminum sulphate, caustic soda, soda ash, carbon dioxide, bleaching chemicals,","'99.88742065"
"'23","'LINE","'magnesium oxide, pesticides; and chemical products like soap and detergent, cement,","'99.90955353"
"'23","'LINE","'paints, building materials, cosmetics, plastic, natural gum, candle, glass, sugar, tyre,","'99.93669128"
"'23","'LINE","'pulp and paper, pharmaceuticals and tobacco.","'99.97030640"
"'23","'LINE","'Review Exercise","'99.98046875"
"'23","'LINE","'Part I: Basic Level Questions.","'98.91135406"
"'23","'LINE","'Identify each of the following statements as 'True' or 'False'. Give your reason(s) for","'98.98350525"
"'23","'LINE","'false statements.","'99.87554169"
"'23","'LINE","'1.","'99.41087341"
"'23","'LINE","'Chemistry is a science that deals with the study of the way living things behave.","'99.89494324"
"'23","'LINE","'2.","'99.97070313"
"'23","'LINE","'Every substance in the universe, in which we live, has its own properties by which","'99.96707153"
"'23","'LINE","'we can distinguish it from other substances.","'99.90260315"
"'23","'LINE","'16","'99.81285858"
"'24","'LINE","'Chemistry and its Importance","'99.93045044"
"'24","'LINE","'3.","'99.96093750"
"'24","'LINE","'The transformation of a substance is a marked change in form, nature, or","'99.73166656"
"'24","'LINE","'appearance.","'99.92028046"
"'24","'LINE","'4.","'99.95117188"
"'24","'LINE","'The study of chemistry involves only microscopic information.","'99.93024445"
"'24","'LINE","'5.","'99.92187500"
"'24","'LINE","'Organic chemistry is the study of chemicals that are not based on carbon.","'99.98948669"
"'24","'LINE","'Part II: Intermediary Level Questions.","'99.84737396"
"'24","'LINE","'Fill in the blank spaces.","'99.98421478"
"'24","'LINE","'6.","'99.92187500"
"'24","'LINE","'The property of a substance is its","'99.67494965"
"'24","'LINE","'1","'55.26167679"
"'24","'LINE","'or","'99.92187500"
"'24","'LINE","'.","'91.38771057"
"'24","'LINE","'7.","'99.96093750"
"'24","'LINE","'is the nature of something's ingredients or constituents; the way in","'99.94245911"
"'24","'LINE","'which a whole or mixture is made up.","'99.59233093"
"'24","'LINE","'8.","'99.97070313"
"'24","'LINE","'The arrangement of and relations between the parts or elements of something","'99.98033905"
"'24","'LINE","'complex is known as its","'99.96289063"
"'24","'LINE","'.","'81.91147614"
"'24","'LINE","'9.","'99.87304688"
"'24","'LINE","'is a power derived from the utilization of physical or chemical","'99.66979980"
"'24","'LINE","'resources, especially to provide light and heat.","'99.98314667"
"'24","'LINE","'10.","'99.57450104"
"'24","'LINE","'is the study of macroscopic properties, atomic properties, and","'99.98129272"
"'24","'LINE","'phenomena in chemical systems.","'99.95037079"
"'24","'LINE","'11.","'98.52060699"
"'24","'LINE","'is the study of the composition of matter.","'99.98525238"
"'24","'LINE","'Part III: Challenge Level Questions.","'99.96452332"
"'24","'LINE","'Provide appropriate answers to the following questions.","'99.97315216"
"'24","'LINE","'12. Define the terms industry, chemical industry, and chemical products.","'99.94744873"
"'24","'LINE","'13. What are the roles chemistry played in production and society?","'99.96420288"
"'24","'LINE","'14. How does chemistry play a role in increasing comfort, pleasure, and luxuries?","'99.82365417"
"'24","'LINE","'15. Mention at least 10 chemical industries found in Ethiopia and their chemical","'99.95375061"
"'24","'LINE","'products.","'99.96014404"
"'24","'LINE","'16. Which branch of chemistry has the highest scope? Why?","'99.96949005"
"'24","'LINE","'17. What are the five fields of chemistry?","'99.94945526"
"'24","'LINE","'18. What will be the future efforts of chemistry?","'99.95932007"
"'24","'LINE","'19. What jobs can you do with chemistry?","'99.67663574"
"'24","'LINE","'17","'99.83318329"
"'25","'LINE","'80","'77.50647736"
"'25","'LINE","'70","'88.99912262"
"'25","'LINE","'60","'87.46881104"
"'25","'LINE","'50","'93.54332733"
"'25","'LINE","'30","'91.66194916"
"'25","'LINE","'UNIT","'99.61914063"
"'25","'LINE","'20","'94.37679291"
"'25","'LINE","'1 liter","'77.29133606"
"'25","'LINE","'10","'87.46542358"
"'25","'LINE","'Triple-beam balance","'99.88241577"
"'25","'LINE","'Buret","'88.39046478"
"'25","'LINE","'Pipet","'88.63181305"
"'25","'LINE","'Graduated cylinder","'93.15160370"
"'25","'LINE","'Volumetric flask","'92.99186707"
"'25","'LINE","'MEASUREMENTS AND SCIENTIFIC METHODS","'99.98759460"
"'25","'LINE","'Unit Outcomes","'100.00000000"
"'25","'LINE","'After completing the unit, you will be able to","'99.95579529"
"'25","'LINE","'use proper SI units;","'99.68376160"
"'25","'LINE","'identify the causes of uncertainty in measurement;","'99.96595001"
"'25","'LINE","'express the result of any calculation involving experimental data to the","'99.99549103"
"'25","'LINE","'appropriate number of decimal places or significant figures;","'99.68620300"
"'25","'LINE","'apply scientific methods in solving problems;","'99.99511719"
"'25","'LINE","'demonstrate an understanding of experimental skills in chemistry;","'99.98027039"
"'25","'LINE","'demonstrate a knowledge of basic laboratory apparatuses and safety","'99.63718414"
"'25","'LINE","'rules;","'100.00000000"
"'25","'LINE","'describe scientific inquiry skills along this unit: observing, inferring,","'99.97342682"
"'25","'LINE","'predicting, comparing & contrasting, communicating, analyzing,","'99.90536499"
"'25","'LINE","'classifying, applying, theorizing, measuring, asking question, developing","'99.98291779"
"'25","'LINE","'hypothesis, designing experiment, interpreting data, drawing conclusion,","'99.97722626"
"'25","'LINE","'making generalizations and problem solving.","'99.95216370"
"'25","'LINE","'III","'87.76297760"
"'26","'LINE","'Measurements and Scientific Methods","'99.96766663"
"'26","'LINE","'2.1 Measurements and Units in Chemistry","'99.89978790"
"'26","'LINE","'Learning competencies","'99.90035248"
"'26","'LINE","'At the end of this section, you should be able to","'99.87065887"
"'26","'LINE","'list the seven SI units and their prefixes;","'99.89312744"
"'26","'LINE","'describe the seven SI units and their prefixes;","'99.93532562"
"'26","'LINE","'write the names and symbols of derived SI units;","'99.94712067"
"'26","'LINE","'use the factor label method for solving problems and making conversion of SI","'99.89968872"
"'26","'LINE","'units;","'99.87065887"
"'26","'LINE","'describe uncertainty of measurement;","'99.93532562"
"'26","'LINE","'identify the digits that are certain and the ones that are uncertain given a","'99.82485962"
"'26","'LINE","'number representing measurement;","'100.00000000"
"'26","'LINE","'identify causes of uncertainty in measurement;","'99.95376587"
"'26","'LINE","'define precision and accuracy;","'99.98759460"
"'26","'LINE","'estimate the precision possible for any instrument they use in the laboratory;","'99.89716339"
"'26","'LINE","'explain systematic and random errors;","'99.99414063"
"'26","'LINE","'analyze given data in terms of precision and accuracy;","'99.98129272"
"'26","'LINE","'define significant figures;","'99.59489441"
"'26","'LINE","'determine the number of significant figures in a calculated result;","'99.78718567"
"'26","'LINE","'use the scientific notation in writing very large or very small numbers.","'99.91064453"
"'26","'LINE","'Conduct the following activity and present your finding to","'99.93699646"
"'26","'LINE","'the class.","'99.99511719"
"'26","'LINE","'1. In group, discuss and list down different traditional","'99.92017365"
"'26","'LINE","'ways of measuring mass of solid and liquid substances","'99.97938538"
"'26","'LINE","'Start-up Activity","'99.67285156"
"'26","'LINE","'sold in the market places in your area.","'99.97914886"
"'26","'LINE","'2.","'99.97070313"
"'26","'LINE","'Mention indigenous methods of measurements","'99.99804688"
"'26","'LINE","'(length, mass, time, volume)","'99.82102966"
"'26","'LINE","'III","'85.55833435"
"'26","'LINE","'Measurement is the comparison of a physical quantity to be measured with a unit of","'99.76614380"
"'26","'LINE","'measurement that is, with a fixed standard of measurement. On a centimeter scale, the","'99.81816864"
"'26","'LINE","'centimeter unit is the standard of comparison. In traditional markets people buy and","'99.93041229"
"'26","'LINE","'sell goods by estimating their size in traditional way or use traditional measurement","'99.92972565"
"'26","'LINE","'method. Figure 2.1 shows traditional market and people exchanging goods by","'99.96042633"
"'26","'LINE","'estimating their size using indigenous methods of measurements.","'99.92902374"
"'26","'LINE","'19","'99.49059296"
"'27","'LINE","'Chemistry Grade 9","'99.86002350"
"'27","'LINE","'Figure 2.1 Traditional market.","'99.80289459"
"'27","'LINE","'The study of chemistry depends heavily on measurement. For instance, chemists","'99.96302032"
"'27","'LINE","'use measurements to compare the properties of different substances and to assess","'99.92204285"
"'27","'LINE","'changes resulting from an experiment. A number of common devices enable US to make","'99.27014160"
"'27","'LINE","'simple measurements of a substance's properties: The meter stick measures length; the","'99.84082794"
"'27","'LINE","'burette, the pipette, the graduated cylinder, and the volumetric flask measure volume","'99.95437622"
"'27","'LINE","'(see Figure 2.2); the balance measures mass; the thermometer measures temperature.","'99.86886597"
"'27","'LINE","'The instruments illustrated on Figure 2.2 provide measurements of macroscopic","'99.95533752"
"'27","'LINE","'properties, which can be determined directly. Microscopic properties, on the atomic","'99.98114014"
"'27","'LINE","'or molecular scale, must be determined by an indirect method. A measured quantity","'99.09266663"
"'27","'LINE","'is usually written as a number with an appropriate unit. To say the distance between","'99.46169281"
"'27","'LINE","'Addis Ababa and Hawassa by car along a certain route is 275 is meaningless. We","'99.82444763"
"'27","'LINE","'must specify that the distance is 275 kilometers. In science, units are essential to state","'99.94776917"
"'27","'LINE","'measurements correctly.","'99.90035248"
"'27","'LINE","'20","'99.52965546"
"'28","'LINE","'Measurements and Scientific Methods","'99.96014404"
"'28","'LINE","'mL","'96.80185699"
"'28","'LINE","'0","'99.71360779"
"'28","'LINE","'mL","'99.45312500"
"'28","'LINE","'1","'98.61906433"
"'28","'LINE","'100","'99.97070313"
"'28","'LINE","'2","'99.75585938"
"'28","'LINE","'90","'100.00000000"
"'28","'LINE","'3","'99.60778046"
"'28","'LINE","'80","'100.00000000"
"'28","'LINE","'4","'99.81285858"
"'28","'LINE","'70","'100.00000000"
"'28","'LINE","'15","'100.00000000"
"'28","'LINE","'60","'100.00000000"
"'28","'LINE","'16","'99.97070313"
"'28","'LINE","'17","'99.97070313"
"'28","'LINE","'25 mL","'95.52654266"
"'28","'LINE","'50","'100.00000000"
"'28","'LINE","'18","'99.97070313"
"'28","'LINE","'40","'100.00000000"
"'28","'LINE","'19","'99.95117188"
"'28","'LINE","'30","'100.00000000"
"'28","'LINE","'20","'100.00000000"
"'28","'LINE","'20","'100.00000000"
"'28","'LINE","'1 liter","'99.37420654"
"'28","'LINE","'10","'99.97070313"
"'28","'LINE","'Buret","'99.97070313"
"'28","'LINE","'Pipet","'99.99023438"
"'28","'LINE","'Graduated cylinder","'99.98535156"
"'28","'LINE","'Volumetric flask","'99.98046875"
"'28","'LINE","'00000","'35.14588928"
"'28","'LINE","'Triple-beam balance","'99.94140625"
"'28","'LINE","'Electronic top-loading","'99.97070313"
"'28","'LINE","'balance","'100.00000000"
"'28","'LINE","'Analytical balance","'99.98535156"
"'28","'LINE","'Figure 2.2 Some common measuring devices found in a chemistry laboratory.","'99.55281067"
"'28","'LINE","'Conduct the following activity and present your finding to","'99.98897552"
"'28","'LINE","'the class.","'99.99511719"
"'28","'LINE","'a. Using thermometer with °C and °F scale measure your","'95.89604950"
"'28","'LINE","'body temperature. Compare the results in °C with the","'96.61498260"
"'28","'LINE","'result in °F.","'99.15072632"
"'28","'LINE","'b. What is the distance between Addis Ababa and your","'99.97819519"
"'28","'LINE","'?","'90.12695313"
"'28","'LINE","'town (village) in kilometers?","'99.95545959"
"'28","'LINE","'c.","'52.03044891"
"'28","'LINE","'Which basic SI units are appropriate to express the:","'99.97243500"
"'28","'LINE","'i. average room temperature, and","'99.81158447"
"'28","'LINE","'ii. time duration for the earth to have one rotation","'99.83974457"
"'28","'LINE","'Activity 2.1","'99.85839844"
"'28","'LINE","'around its axis?","'99.98671722"
"'28","'LINE","'2.1.1 SI Units (The International System of Units)","'99.78884125"
"'28","'LINE","'For many years, scientists recorded measurements in metric units, which are related","'99.98013306"
"'28","'LINE","'decimally, that is, by powers of 10. In 1960, however, the General Conference of","'99.96246338"
"'28","'LINE","'Weights and Measures, the international authority on units, proposed a revised metric","'99.78279877"
"'28","'LINE","'21","'99.89178467"
"'29","'LINE","'Chemistry Grade 9","'99.78840637"
"'29","'LINE","'system called the International System of Units.","'99.97454834"
"'29","'LINE","'Table 2.1 shows the seven SI base units. Measurements that we will utilize frequently in","'99.88625336"
"'29","'LINE","'our study of chemistry include time, mass, volume, density, and temperature.","'99.93048096"
"'29","'LINE","'Table 2.1 SI Base Units.","'99.78810883"
"'29","'LINE","'Base Quantity","'99.98007202"
"'29","'LINE","'Name of Unit","'99.98697662"
"'29","'LINE","'Symbol","'99.99023438"
"'29","'LINE","'Length","'100.00000000"
"'29","'LINE","'Meter","'100.00000000"
"'29","'LINE","'m","'99.77458954"
"'29","'LINE","'Mass","'100.00000000"
"'29","'LINE","'Kilogram","'100.00000000"
"'29","'LINE","'kg","'99.95037079"
"'29","'LINE","'Time","'100.00000000"
"'29","'LINE","'Second","'100.00000000"
"'29","'LINE","'S","'82.51116180"
"'29","'LINE","'Electrical current","'99.99511719"
"'29","'LINE","'Ampere","'100.00000000"
"'29","'LINE","'A","'85.90182495"
"'29","'LINE","'Temperature","'99.81126404"
"'29","'LINE","'Kelvin","'99.99023438"
"'29","'LINE","'K","'83.13755035"
"'29","'LINE","'Amount of substance","'99.99349213"
"'29","'LINE","'Mole","'99.96014404"
"'29","'LINE","'mol","'99.85112762"
"'29","'LINE","'Luminous intensity","'99.95525360"
"'29","'LINE","'Candela","'100.00000000"
"'29","'LINE","'cd","'99.92107391"
"'29","'LINE","'Heat and Temperature","'99.97369385"
"'29","'LINE","'Temperature measures the intensity of heat, the ""hotness"" or ""coldness"" of a body.","'99.59438324"
"'29","'LINE","'Heat is a form of energy that always flows spontaneously from a hotter body to a","'99.29343414"
"'29","'LINE","'colder body - never in the reverse direction.","'94.70142365"
"'29","'LINE","'Relationships among the three temperature scales are illustrated in Figure 2.4. Between","'99.84548950"
"'29","'LINE","'the freezing point of water and the boiling point of water, there are 100 steps (°C or","'99.44451904"
"'29","'LINE","'Kelvins, respectively) on the Celsius and Kelvin scales. Thus, the ""degree"" is the same","'99.69651031"
"'29","'LINE","'size on the Celsius and Kelvin scales. But every Kelvin temperature is 273.15 units","'99.91799164"
"'29","'LINE","'above the corresponding Celsius temperature. The relationship between these two","'99.94126892"
"'29","'LINE","'scales is as follows:","'99.95605469"
"'29","'LINE","'K = °C + 273.15 or = K - 273.15°","'80.82288361"
"'29","'LINE","'In the SI system, ""degrees Kelvin"" are abbreviated simply as K rather than °K and","'96.62445831"
"'29","'LINE","'are called kelvins.","'99.72829437"
"'29","'LINE","'Any temperature change has the same numerical value whether expressed on the","'99.97945404"
"'29","'LINE","'Celsius scale or on the Kelvin scale. For example, a change from 25°C to 59°C","'98.84638214"
"'29","'LINE","'represents a change of 34 Celsius degrees. Converting these to the Kelvin scale,","'99.75782013"
"'29","'LINE","'the same change is expressed as (273 + 25) = 298 K to (59 + 273) = 332 K, or a","'95.80600739"
"'29","'LINE","'change of 34 kelvins.","'99.89870453"
"'29","'LINE","'Comparing the Fahrenheit and Celsius scales, we find that the intervals between","'99.95037079"
"'29","'LINE","'the same reference points are 180 Fahrenheit degrees and 100 Celsius degrees,","'99.94061279"
"'29","'LINE","'respectively. Thus, a Fahrenheit degree must be smaller than a Celsius degree. It","'99.63241577"
"'29","'LINE","'takes 180 Fahrenheit degrees to cover the same temperature interval as 100 Celsius","'99.91113281"
"'29","'LINE","'degrees. From this information, we can construct the unit factors for temperature","'99.92800140"
"'29","'LINE","'changes:","'99.91051483"
"'29","'LINE","'22","'99.95117188"
"'30","'LINE","'Measurements and Scientific Methods","'99.96278381"
"'30","'LINE","'180 °F","'88.97451019"
"'30","'LINE","'1.8","'88.41308594"
"'30","'LINE","'100 °C","'82.21908569"
"'30","'LINE","'1.0 °C","'88.21687317"
"'30","'LINE","'or","'93.17382813"
"'30","'LINE","'and","'97.73437500"
"'30","'LINE","'or","'93.71093750"
"'30","'LINE","'100 °C","'86.97803497"
"'30","'LINE","'1.0","'91.25000000"
"'30","'LINE","'°F","'89.72377014"
"'30","'LINE","'180","'91.02220154"
"'30","'LINE","'°F","'87.46392822"
"'30","'LINE","'1.8","'94.21875000"
"'30","'LINE","'°F","'91.57983398"
"'30","'LINE","'But the starting points of the two scales are different, so we cannot convert a","'98.66622925"
"'30","'LINE","'temperature on one scale to a temperature on the other just by multiplying by the unit","'99.70677948"
"'30","'LINE","'factor. In converting from °F to °C, we must subtract 32 Fahrenheit degrees to reach","'99.50077820"
"'30","'LINE","'the zero point on the Celsius scale (Figure 2.3).","'99.83309937"
"'30","'LINE","'Boiling","'99.76562500"
"'30","'LINE","'Boiling","'99.93164063"
"'30","'LINE","'K","'97.85016632"
"'30","'LINE","'C","'93.37910461"
"'30","'LINE","'F","'98.94451141"
"'30","'LINE","'point","'99.96093750"
"'30","'LINE","'point","'99.97070313"
"'30","'LINE","'of water","'99.80468750"
"'30","'LINE","'of water","'99.84375000"
"'30","'LINE","'373°","'93.23580933"
"'30","'LINE","'100°","'95.68020630"
"'30","'LINE","'212°","'88.94869995"
"'30","'LINE","'363°","'94.95395660"
"'30","'LINE","'90°","'93.91023254"
"'30","'LINE","'192°","'93.09331512"
"'30","'LINE","'353°","'96.89572144"
"'30","'LINE","'80°","'95.93331146"
"'30","'LINE","'172°","'94.92924500"
"'30","'LINE","'343°","'93.92638397"
"'30","'LINE","'70°","'97.53348541"
"'30","'LINE","'152°","'96.27013397"
"'30","'LINE","'333°","'96.44989014"
"'30","'LINE","'60°","'93.16565704"
"'30","'LINE","'132°","'96.10172272"
"'30","'LINE","'323°","'97.82306671"
"'30","'LINE","'100°","'97.62216949"
"'30","'LINE","'50°","'93.16585541"
"'30","'LINE","'180°","'97.90198517"
"'30","'LINE","'112°","'94.70265198"
"'30","'LINE","'313°","'94.29986572"
"'30","'LINE","'40°","'89.94798279"
"'30","'LINE","'303°","'97.18531036"
"'30","'LINE","'30°","'95.13213348"
"'30","'LINE","'92°","'94.25163269"
"'30","'LINE","'293°","'91.78312683"
"'30","'LINE","'20°","'94.97190094"
"'30","'LINE","'72°","'95.63237762"
"'30","'LINE","'62°","'91.41024017"
"'30","'LINE","'283°","'97.66522217"
"'30","'LINE","'10°","'84.55615997"
"'30","'LINE","'52°","'87.62376404"
"'30","'LINE","'42°","'93.71591949"
"'30","'LINE","'273°","'95.83645630"
"'30","'LINE","'0°","'91.84629822"
"'30","'LINE","'32°","'94.50793457"
"'30","'LINE","'Freezing","'99.99023438"
"'30","'LINE","'Freezing","'99.99023438"
"'30","'LINE","'point","'99.99023438"
"'30","'LINE","'point","'99.99023438"
"'30","'LINE","'of water","'99.92187500"
"'30","'LINE","'of water","'99.92675781"
"'30","'LINE","'Figure 2.3 The relationships among the Kelvin, Celsius (centigrade), and Fahrenheit","'99.89868164"
"'30","'LINE","'temperature scales.","'99.95525360"
"'30","'LINE","'Example 2.1: Temperature conversion","'99.38257599"
"'30","'LINE","'When the temperature reaches ""100.°F in the shade,"" it's hot. What is this temperature","'99.27742767"
"'30","'LINE","'on the Celsius scale?","'99.92819977"
"'30","'LINE","'Solution","'99.96014404"
"'30","'LINE","'We use the relationship","'99.81126404"
"'30","'LINE","'to carry out the desired conversion.","'99.83820343"
"'30","'LINE","'23","'99.64764404"
"'31","'LINE","'Chemistry Grade 9","'99.80142975"
"'31","'LINE","'************","'37.10060883"
"'31","'LINE","'Exercise 2.1","'99.84783173"
"'31","'LINE","'Temperature Conversion","'99.96014404"
"'31","'LINE","'When the absolute temperature is 400 K, what is the Fahrenheit temperature?","'98.89031982"
"'31","'LINE","'2.1.2 Derived Units","'99.64139557"
"'31","'LINE","'All other SI units of measurement can be derived from base units (called derived units).","'99.95595551"
"'31","'LINE","'Table 2.2 shows some of the common derived units. Once base units have been defined","'99.97699738"
"'31","'LINE","'for a system of measurement, you can derive other units from them. You do this by","'99.72819519"
"'31","'LINE","'using the base units in equations that define other physical quantities. For example,","'99.96558380"
"'31","'LINE","'area is defined as length times width. Therefore,","'99.93734741"
"'31","'LINE","'SI unit of area = (SI unit of length) X (SI unit of width)","'98.62541199"
"'31","'LINE","'From this, SI unit of area is meter X meter, or m². Similarly, speed is defined as the","'99.21826172"
"'31","'LINE","'rate of change of distance with time; that is, speed = distance/time. Consequently,","'99.15804291"
"'31","'LINE","'SI unit of distance","'99.20819092"
"'31","'LINE","'SI unit of speed =","'99.38217163"
"'31","'LINE","'SI unit of time","'99.76502991"
"'31","'LINE","'The SI unit of speed is meters per second (that is, meters divided by seconds). The unit","'99.93721008"
"'31","'LINE","'is symbolized m/s or m s⁻¹. The unit of speed is an example of an SI derived unit, which","'98.85290527"
"'31","'LINE","'is a unit derived by combining SI base units. Table 2.2 displays a number of derived","'99.67078400"
"'31","'LINE","'units. Volume and density are discussed in this section.","'99.96483612"
"'31","'LINE","'Volume","'99.96014404"
"'31","'LINE","'Volume is defined as length cubed and has the SI unit of cubic meter (m³). This is too","'98.14122009"
"'31","'LINE","'large a unit for normal laboratory work, so we use either cubic decimeters (dm³) or","'97.87781525"
"'31","'LINE","'cubic centimeters (cm³, also written cc). Traditionally, chemists have used the liter (L),","'98.85438538"
"'31","'LINE","'which is a unit of volume equal to a cubic decimeter. In fact, most laboratory glassware","'99.73693085"
"'31","'LINE","'(Figure 2.2) is calibrated in liters or milliliters (1000 mL = 1 L). Because 1 dm equals","'99.02743530"
"'31","'LINE","'10 cm, a cubic decimeter, or one liter, equals (10 cm)³ = 1000 cm³. Therefore, a","'98.64407349"
"'31","'LINE","'milliliter equals a cubic centimeter. In summary,","'99.59963226"
"'31","'LINE","'1 L = 1 dm³ and 1 mL = 1 cm³.","'93.98698425"
"'31","'LINE","'24","'99.91210938"
"'32","'LINE","'Measurements and Scientific Methods","'99.95789337"
"'32","'LINE","'Table 2.2 Derived units.","'99.92840576"
"'32","'LINE","'Quantity","'99.96014404"
"'32","'LINE","'Definition of Quantity","'99.98345947"
"'32","'LINE","'SI Unit","'99.83398438"
"'32","'LINE","'Area","'100.00000000"
"'32","'LINE","'Length squared","'99.98535156"
"'32","'LINE","'m²","'87.54703522"
"'32","'LINE","'Volume","'99.96014404"
"'32","'LINE","'Length cubed","'99.99511719"
"'32","'LINE","'m³","'77.96615601"
"'32","'LINE","'Density","'100.00000000"
"'32","'LINE","'Mass per unit volume","'99.96034241"
"'32","'LINE","'kg/m³","'86.27471161"
"'32","'LINE","'Speed","'100.00000000"
"'32","'LINE","'Distance traveled per unit time","'99.96826935"
"'32","'LINE","'m/s","'99.85271454"
"'32","'LINE","'Acceleration","'99.96014404"
"'32","'LINE","'Speed changed per unit time","'99.96631622"
"'32","'LINE","'m/s²","'85.81712341"
"'32","'LINE","'Force","'100.00000000"
"'32","'LINE","'Mass times acceleration of object","'99.96826935"
"'32","'LINE","'kg.m/s² (= newton, N)","'91.48412323"
"'32","'LINE","'Pressure","'99.96014404"
"'32","'LINE","'Force per unit area","'99.95565796"
"'32","'LINE","'kg/(m.s²)(= pascal,Pa)","'57.46073914"
"'32","'LINE","'Energy","'99.99023438"
"'32","'LINE","'Force times distance traveled","'99.96786499"
"'32","'LINE","'kg.m²/s² (= joule,J)","'88.46513367"
"'32","'LINE","'Density","'100.00000000"
"'32","'LINE","'The density of an object is its mass per unit volume. You can express this as","'99.96195984"
"'32","'LINE","'d= m =","'54.95710373"
"'32","'LINE","'where d is the density, m is the mass, and V is the volume. Suppose an object has a","'99.72882843"
"'32","'LINE","'mass of 15.0 g and a volume of 10.0 cm³. Therefore, the density will be","'99.25608826"
"'32","'LINE","'d = 10.0 15.0 cm³ = 1.50 g/cm³","'89.12064362"
"'32","'LINE","'The density of the object is 1.50 g/cm³.","'98.64519501"
"'32","'LINE","'Density is an important characteristic property of a material. Water, for example, has","'99.62342072"
"'32","'LINE","'a density of 1.000 g/cm³ at 4 °C and a density of 0.998 g/cm³ at 20 °C. Lead has","'96.14670563"
"'32","'LINE","'a density of 11.3 g/cm³ at 20 °C.","'95.01606750"
"'32","'LINE","'Density can also be useful in determining whether a substance is pure. Consider a gold","'99.62107086"
"'32","'LINE","'bar whose purity is questioned. The metals likely to be mixed with gold, such as silver","'99.96800995"
"'32","'LINE","'or copper, have lower densities than gold. Therefore, an adulterated (impure) gold","'99.96366119"
"'32","'LINE","'bar can be expected to be far less dense than pure gold.","'99.97538757"
"'32","'LINE","'Example 2.1: Calculating the density of a substance","'99.54425812"
"'32","'LINE","'A colorless liquid, used as a solvent (a liquid that dissolve other substances), is believed","'98.15879059"
"'32","'LINE","'to be one of the following (Table 2.3):","'99.86268616"
"'32","'LINE","'Table 2.3 Density of different liquids.","'99.93721771"
"'32","'LINE","'Substance","'99.96014404"
"'32","'LINE","'Density (in g/mL)","'99.21961212"
"'32","'LINE","'n-butyl alcohol","'99.83199310"
"'32","'LINE","'0.810","'99.89257813"
"'32","'LINE","'ethylene glycol","'99.96093750"
"'32","'LINE","'1.114","'99.60857391"
"'32","'LINE","'isopropyl alcohol","'99.89546204"
"'32","'LINE","'0.785","'99.97070313"
"'32","'LINE","'toluene","'99.52168274"
"'32","'LINE","'0.866","'99.97070313"
"'32","'LINE","'25","'99.80468750"
"'33","'LINE","'Chemistry Grade 9","'99.73307037"
"'33","'LINE","'To identify the substance, Chaltu determined its density. By pouring a sample of the","'99.10925293"
"'33","'LINE","'liquid into a graduated cylinder, she found that the volume was 35.1 mL. She also","'99.78555298"
"'33","'LINE","'found that the sample weighed 30.5 g. What was the density of the liquid? What was","'99.90458679"
"'33","'LINE","'the substance?","'99.83567810"
"'33","'LINE","'Solution","'99.96014404"
"'33","'LINE","'The solution to this problem lies in finding the density of the unknown substance. Once","'99.95905304"
"'33","'LINE","'the density of the unknown substance is known, you can compare it to the list of known","'99.87208557"
"'33","'LINE","'substances presented in the problem and look for a match. Density is the relationship","'99.68302917"
"'33","'LINE","'of the mass of a substance per volume of that substance. Expressed as an equation,","'99.84987640"
"'33","'LINE","'density is the mass divided by the volume: d = m/V.","'99.04286194"
"'33","'LINE","'You substitute 30.5 g for the mass and35.1 mL for the volume into the equation.","'99.58406830"
"'33","'LINE","'d = V = 30.5 = 0.869","'89.38566589"
"'33","'LINE","'The density of the liquid equals that of toluene (within experimental error).","'99.93309021"
"'33","'LINE","'Answer Check Always be sure to report the density in the units used when performing","'99.98166656"
"'33","'LINE","'the calculation. Density is not always reported in units of g/ml org/cm³, for example;","'98.38986969"
"'33","'LINE","'gases are often reported with the units of g/L.","'99.86459351"
"'33","'LINE","'+++++++++++++","'19.92924881"
"'33","'LINE","'Exercise 2.2","'99.80429077"
"'33","'LINE","'A piece of metal wire has a volume of 20.2 cm³ and a mass of 159 g. What","'97.36506653"
"'33","'LINE","'is the density of the metal? We know that the metal is manganese, iron, or","'99.97189331"
"'33","'LINE","'nickel, and these have densities of 7.21 g/cm³, 7.87 g/cm³, and 8.90 g/cm³,","'95.88465881"
"'33","'LINE","'respectively. From which metal is the wire made?","'99.98291016"
"'33","'LINE","'2.1.3 Common Prefixes Used in SI Units","'99.89759064"
"'33","'LINE","'The factor expressed as a factor to the power of ten, SI/ metric prefix, the symbol","'99.42227173"
"'33","'LINE","'used and the actual decimal number are tabulated in Table 2.4. They are widely","'99.90708160"
"'33","'LINE","'used and are easy to add to the basic units. Like metric units, SI units are modified in","'99.95281219"
"'33","'LINE","'decimal fashion by a series of prefixes, as shown in Table 2.4. Measurements that we","'99.73581696"
"'33","'LINE","'will utilize frequently in our study of chemistry include time, mass, volume, density, and","'99.94183350"
"'33","'LINE","'temperature.","'99.71121216"
"'33","'LINE","'26","'99.83398438"
"'34","'LINE","'Measurements and Scientific Methods","'99.96542358"
"'34","'LINE","'Table 2.4 SI/ Metric Units, Symbols and Numbers.","'98.38054657"
"'34","'LINE","'Factor","'99.99023438"
"'34","'LINE","'Prefix","'99.97070313"
"'34","'LINE","'Symbol","'99.99023438"
"'34","'LINE","'Decimal","'99.99023438"
"'34","'LINE","'Example","'100.00000000"
"'34","'LINE","'10¹²","'93.40402222"
"'34","'LINE","'Tera","'99.93083954"
"'34","'LINE","'T","'99.72337341"
"'34","'LINE","'1,000,000,000,000","'99.83238983"
"'34","'LINE","'1 Terameter (Tm)=1X10¹² m","'83.64147949"
"'34","'LINE","'109","'61.75243378"
"'34","'LINE","'Giga","'99.95037079"
"'34","'LINE","'G","'99.89257813"
"'34","'LINE","'1,000,000,000","'99.97070313"
"'34","'LINE","'1 Gigameter (Gm)= 1x109 m","'87.40930176"
"'34","'LINE","'10⁶","'80.30632019"
"'34","'LINE","'Mega","'99.92028046"
"'34","'LINE","'M","'78.66768646"
"'34","'LINE","'1,000,000","'99.97070313"
"'34","'LINE","'1 Megameter (Mm)= 1x106 m","'87.10848236"
"'34","'LINE","'10³","'95.80257416"
"'34","'LINE","'Kilo","'100.00000000"
"'34","'LINE","'k","'99.32138824"
"'34","'LINE","'1,000","'99.87304688"
"'34","'LINE","'1 kilometer (km)= 1x10³ m","'87.77957916"
"'34","'LINE","'10²","'88.51423645"
"'34","'LINE","'Hecto","'99.91051483"
"'34","'LINE","'h","'99.87224579"
"'34","'LINE","'100","'99.95117188"
"'34","'LINE","'1 hectometer (hm)= 1x10² m","'87.06433105"
"'34","'LINE","'10¹","'91.01064301"
"'34","'LINE","'Deca","'99.99023438"
"'34","'LINE","'da","'99.85192108"
"'34","'LINE","'10","'99.91131592"
"'34","'LINE","'1 decameter (dam)= 1x10¹ m","'88.71994781"
"'34","'LINE","'10⁻¹","'92.33258820"
"'34","'LINE","'Deci","'99.97070313"
"'34","'LINE","'d","'99.39313507"
"'34","'LINE","'0.1","'99.89098358"
"'34","'LINE","'1 decimeter (dm)= 1x10⁻¹ m","'87.50703430"
"'34","'LINE","'10⁻²","'95.28798676"
"'34","'LINE","'Centi","'99.99023438"
"'34","'LINE","'c","'60.31190109"
"'34","'LINE","'0.01","'99.97070313"
"'34","'LINE","'1 centimeter (cm)= 1x10⁻² m","'88.34954834"
"'34","'LINE","'10⁻³","'97.19387817"
"'34","'LINE","'milli-","'99.80229950"
"'34","'LINE","'m","'99.73394012"
"'34","'LINE","'0.001","'99.97070313"
"'34","'LINE","'1 millimeter (mm)= 1x10⁻³ m","'89.45449829"
"'34","'LINE","'10⁻⁶","'89.86447144"
"'34","'LINE","'Micro","'99.99023438"
"'34","'LINE","'µ","'65.48628998"
"'34","'LINE","'0.000 001","'95.98593140"
"'34","'LINE","'1 micrometer (µm)= 1x10⁻⁶ m","'85.45005035"
"'34","'LINE","'10⁻⁹","'80.21364594"
"'34","'LINE","'Nano","'99.99023438"
"'34","'LINE","'n","'96.49134827"
"'34","'LINE","'0.000 000 001","'96.73616028"
"'34","'LINE","'1 nanometer (nm)= 1x10⁻⁹ m","'84.23594666"
"'34","'LINE","'10⁻¹²","'93.96444702"
"'34","'LINE","'Pico","'99.89178467"
"'34","'LINE","'p","'93.95348358"
"'34","'LINE","'0.000 000 000 001","'95.24164581"
"'34","'LINE","'1 picometer (pm)= 1x10⁻¹² m","'90.60323334"
"'34","'LINE","'Examples of SI prefixes","'99.68700409"
"'34","'LINE","'The SI prefixes/ metric prefixes are easily used as demonstrated by the few simple","'99.81906128"
"'34","'LINE","'examples given below:","'99.96392822"
"'34","'LINE","'1 Megawatt = 1,000,000 watts","'98.61953735"
"'34","'LINE","'1 kilogram = 1,000 grams","'98.65660858"
"'34","'LINE","'1 µF = 1 microFarad = 1/1,000,000 Farad","'92.72687531"
"'34","'LINE","'Along with these the abbreviations or symbols can also be used. For example, kV for","'99.97108459"
"'34","'LINE","'kilovolts, kW for kilowatts, and km for kilometer. The other symbols or abbreviations","'99.93892670"
"'34","'LINE","'can be used in exactly the same manner.","'99.96327972"
"'34","'LINE","'2.1.4 Uncertainty in Measurements","'99.84111023"
"'34","'LINE","'Whenever you measure something, there is always some uncertainty. There are two","'99.78347778"
"'34","'LINE","'categories of uncertainty: systematic and random.","'99.89546204"
"'34","'LINE","'1. Systematic uncertainties are those which consistently cause the value to be too","'99.89498138"
"'34","'LINE","'large or too small. Systematic uncertainties include such things as reaction time,","'99.95138550"
"'34","'LINE","'inaccurate meter sticks, optical parallax and miscalibrated balances. In principle,","'99.97030640"
"'34","'LINE","'systematic uncertainties can be eliminated if you know they exist.","'99.75815582"
"'34","'LINE","'2. Random uncertainties are variations in the measurements that occur without a pre-","'99.85818481"
"'34","'LINE","'dictable pattern. If you make precise measurements, these uncertainties arise from","'99.82080841"
"'34","'LINE","'the estimated part of the measurement. Random uncertainty can be reduced, but","'99.96868134"
"'34","'LINE","'never eliminated. We need a technique to report the contribution.","'99.81037140"
"'34","'LINE","'27","'99.54101563"
"'35","'LINE","'Chemistry Grade 9","'99.72982025"
"'35","'LINE","'The uncertainty shall rather be understood as an interval within which the result can be","'99.95666504"
"'35","'LINE","'found with a given probability. Thus, the result will be within the interval but all values","'99.91066742"
"'35","'LINE","'within the interval have the same probability to represent the result.","'99.97936249"
"'35","'LINE","'Except when all the numbers involved are integers (for example, in counting the number","'99.97268677"
"'35","'LINE","'of students in a class), obtaining the exact value of the quantity under investigation","'99.84095764"
"'35","'LINE","'is often impossible. For this reason, it is important to indicate the margin of error in","'99.94950104"
"'35","'LINE","'a measurement by clearly indicating the number of significant figures, which are the","'99.81376648"
"'35","'LINE","'meaningful digits in a measured or calculated quantity. When significant figures are","'99.81973267"
"'35","'LINE","'used, the last digit is understood to be uncertain. For example, we might measure the","'99.94787598"
"'35","'LINE","'volume of a given amount of liquid using a graduated cylinder (see Figure 2.4) with","'99.59655762"
"'35","'LINE","'a scale that gives an uncertainty of 1 mL in the measurement. If the volume is found","'99.78476715"
"'35","'LINE","'to be 6 mL, then the actual volume is in the range of 5 mL to 7 mL. We represent the","'99.91115570"
"'35","'LINE","'volume of the liquid as (6±1) mL. In this case, there is only one significant figure (the","'99.55972290"
"'35","'LINE","'digit 6) that is uncertain by either plus or minus 1 mL. For greater accuracy, we might","'99.78907013"
"'35","'LINE","'use a graduated cylinder that has finer divisions, so that the volume we measure is now","'98.46192932"
"'35","'LINE","'uncertain by only 0.1 mL. If the volume of the liquid is now found to be 6.0 mL, we may","'99.82619476"
"'35","'LINE","'express the quantity as (6.0± 0.1) mL, and the actual value is somewhere between","'99.35623932"
"'35","'LINE","'5.9 mL and 6.1 mL. We can further improve the measuring device and obtain more","'99.86086273"
"'35","'LINE","'significant figures, but in every case, the last digit is always uncertain; the amount of","'99.92385864"
"'35","'LINE","'this uncertainty depends on the particular measuring device we use and the user's","'99.88842773"
"'35","'LINE","'ability.","'99.92028046"
"'35","'LINE","'10","'98.56803894"
"'35","'LINE","'9","'99.26519012"
"'35","'LINE","'8","'99.65820313"
"'35","'LINE","'7","'99.33593750"
"'35","'LINE","'6.1","'99.75585938"
"'35","'LINE","'6.0 ± 0.1","'97.61898041"
"'35","'LINE","'6.0","'99.68750000"
"'35","'LINE","'5.9","'99.83398438"
"'35","'LINE","'5","'99.44335938"
"'35","'LINE","'4","'99.12129211"
"'35","'LINE","'3","'99.69647217"
"'35","'LINE","'2","'99.61834717"
"'35","'LINE","'1","'96.80345154"
"'35","'LINE","'o","'61.66155243"
"'35","'LINE","'Figure 2.4 Uncertainty in volume measurement using a measuring cylinder.","'99.73812103"
"'35","'LINE","'28","'99.63867188"
"'36","'LINE","'Measurements and Scientific Methods","'99.96278381"
"'36","'LINE","'Conduct the following activity and present your finding to","'99.97803497"
"'36","'LINE","'the class.","'99.98535156"
"'36","'LINE","'1.","'99.36443329"
"'36","'LINE","'Make a chain of paper clips or other objects of","'99.76253510"
"'36","'LINE","'uniform length. Then use a meter stick to measure a","'99.31275940"
"'36","'LINE","'series of lengths on the chain. For example, measure","'99.97811890"
"'36","'LINE","'sections containing one, two, three, etc., clips. Record","'99.97518921"
"'36","'LINE","'your results and share them with your classmates.","'99.97640991"
"'36","'LINE","'2.","'99.97070313"
"'36","'LINE","'Using laboratory scale, take several mass reading","'99.97035980"
"'36","'LINE","'for one, two, three objects of uniform size. You can","'99.96347046"
"'36","'LINE","'use any convenient objects you find in the laboratory.","'99.54074860"
"'36","'LINE","'?","'86.79199219"
"'36","'LINE","'Record your results and discuss them in your group.","'99.97686005"
"'36","'LINE","'Focus especially on the similarities and differences in","'99.92311859"
"'36","'LINE","'your measurement. Did you all find the same reading","'99.74547577"
"'36","'LINE","'for the same object? What do you think are the cause","'99.75395966"
"'36","'LINE","'of the uncertainties, if any? Discuss the results with the","'99.93263245"
"'36","'LINE","'Activity 2.2","'99.92187500"
"'36","'LINE","'rest of the class.","'99.98271179"
"'36","'LINE","'Calculating uncertainties","'99.74091339"
"'36","'LINE","'There are several techniques that will produce an estimate of the uncertainty in the","'99.93340302"
"'36","'LINE","'value of the mean. Since we are expecting students to produce an estimate of the","'99.97520447"
"'36","'LINE","'uncertainty any suitable value that indicates half the range is acceptable.","'99.91975403"
"'36","'LINE","'Example 2.2: A student measures the diameter of a metal canister using a ruler","'98.73050690"
"'36","'LINE","'graduated in mm and records these results:","'99.94815826"
"'36","'LINE","'Diameter/mm","'95.60845947"
"'36","'LINE","'Reading 1","'99.46129608"
"'36","'LINE","'Reading 2","'99.92187500"
"'36","'LINE","'Reading 3","'99.92636108"
"'36","'LINE","'Mean","'100.00000000"
"'36","'LINE","'66","'99.97070313"
"'36","'LINE","'65","'99.99023438"
"'36","'LINE","'61","'99.77458954"
"'36","'LINE","'64","'99.96093750"
"'36","'LINE","'The uncertainty in the mean value (64 mm) can be calculated as follows:","'99.81039429"
"'36","'LINE","'a.","'99.25960541"
"'36","'LINE","'Using the half range","'99.99511719"
"'36","'LINE","'The range of readings is 61 mm - 66 mm so half the range is used to determine the","'98.16304779"
"'36","'LINE","'uncertainty.","'99.80069733"
"'36","'LINE","'Uncertainty in the mean diameter = (66 mm - 61 mm)/2 = 2.5 mm","'97.67407227"
"'36","'LINE","'Therefore, the diameter of the metal canister is 64 mm ± 2.5 mm.","'98.60301208"
"'36","'LINE","'Since a ruler graduated in mm could easily be read to ± 0.5 mm, it is acceptable to","'99.21188354"
"'36","'LINE","'quote the uncertainty as ± 2.5 mm for this experiment.","'99.12143707"
"'36","'LINE","'b.","'99.95117188"
"'36","'LINE","'Using the reading furthest from the mean","'99.96187592"
"'36","'LINE","'In this case, the measurement of 61 mm is further from the average value than 66 mm","'99.89810181"
"'36","'LINE","'therefore we can use this value to calculate the uncertainty in the mean.","'99.89405060"
"'36","'LINE","'Uncertainty in the mean diameter = 64 mm - 61 mm = 3 mm.","'98.89248657"
"'36","'LINE","'29","'99.76562500"
"'37","'LINE","'Chemistry Grade 9","'99.77864838"
"'37","'LINE","'Therefore, the diameter of the metal canister is 64 mm ± 3 mm.","'99.23298645"
"'37","'LINE","'C.","'79.04595947"
"'37","'LINE","'Using the resolution of the instrument","'99.97531891"
"'37","'LINE","'This is used if a single reading is taken or if repeated readings have the same value.","'99.88892365"
"'37","'LINE","'This is because there is an uncertainty in the measurement because the instrument used","'99.93653870"
"'37","'LINE","'to take the measurement has its own limitations. If the three readings obtained above","'99.95693207"
"'37","'LINE","'were all 64 mm then the value of the diameter being measured lies somewhere between","'99.93939972"
"'37","'LINE","'63.5 mm and 64.5 mm since a meter rule could easily be read to half a millimeter.","'99.86756897"
"'37","'LINE","'In this case, the uncertainty in the diameter is 0.5 mm. Therefore, the diameter of the","'99.93033600"
"'37","'LINE","'metal canister is 64 mm ± 0.5 mm. This also applies to digital instruments. An ammeter","'99.40238190"
"'37","'LINE","'records currents to 0.1 A. A current of 0.36 A would be displayed as 0.4 A, and a","'97.39470673"
"'37","'LINE","'current of 0.44 A would also be displayed as 0.4 A. The resolution of the instrument","'97.09858704"
"'37","'LINE","'is 0.1 A but the uncertainty in a reading is 0.05 A.","'96.07232666"
"'37","'LINE","'The typical uncertainty of a top loading balance is 0.05 g. How would you report","'99.67752075"
"'37","'LINE","'on weighing of 23.25 g made on this top loading balance? The result should be","'99.91868591"
"'37","'LINE","'reported as 23.25 g ± 0.05 g. Such an item of data means that the correct reading","'99.55791473"
"'37","'LINE","'lies between 23.20 g and 23.30 g.","'99.77772522"
"'37","'LINE","'The uncertainty in a measurement can be expressed in two useful ways:","'99.84705353"
"'37","'LINE","'a.","'99.20759583"
"'37","'LINE","'as the absolute uncertainty in the last digit written","'99.91312408"
"'37","'LINE","'b.","'99.92187500"
"'37","'LINE","'as the percent uncertainty calculated as follows","'99.92687988"
"'37","'LINE","'absolute uncertainty","'99.71968842"
"'37","'LINE","'% uncertainty =","'98.09085083"
"'37","'LINE","'X 100","'92.07460022"
"'37","'LINE","'measurement","'99.20819092"
"'37","'LINE","'% uncertainty = (0.05 g)/( 23.25 g) X 100 = 0.2%","'97.30184174"
"'37","'LINE","'Therefore the answer may be reported as:","'99.96232605"
"'37","'LINE","'Absolute uncertainty: 23.25 g ± 0.05 g","'98.84799957"
"'37","'LINE","'Percent uncertainty: 23.25 g ± 0.2%","'98.67356873"
"'37","'LINE","'<<<<<<<<<<<<","'15.30408001"
"'37","'LINE","'Exercise 2.3","'99.87712860"
"'37","'LINE","'Absolute uncertainty and percent uncertainty in a single reading: Use the given","'99.92758942"
"'37","'LINE","'uncertainty to calculate the % uncertainty in each of the following readings and","'99.86284637"
"'37","'LINE","'report the result of measurement in terms of absolute uncertainty and percent","'99.98772430"
"'37","'LINE","'uncertainty:","'99.87065887"
"'37","'LINE","'a. A barometer reading of 723.5 torr. The absolute uncertainty is 0.1 torr","'98.38072968"
"'37","'LINE","'b. 2.75 g weighed on a top loading balance. The absolute uncertainty is 0.05","'99.82360840"
"'37","'LINE","'g","'99.42223358"
"'37","'LINE","'c. 2.7413 g weighed on an analytical balance. The absolute uncertainty is","'97.40615845"
"'37","'LINE","'0.0002 g","'99.61834717"
"'37","'LINE","'30","'99.24903870"
"'38","'LINE","'Measurements and Scientific Methods","'99.96521759"
"'38","'LINE","'d. A temperature reading of 75.6 °C on a thermometer graduated to the","'96.35288239"
"'38","'LINE","'nearest degree. The absolute uncertainty is 0.2 °C","'95.21270752"
"'38","'LINE","'e. 18.6 ml measured in 100 ml graduated cylinder. The absolute uncertainty","'99.73456573"
"'38","'LINE","'is 0.4 mL","'99.50228119"
"'38","'LINE","'f. 43.7 ml measured in 100 ml graduated cylinder. The absolute uncertainty","'99.83164215"
"'38","'LINE","'is 0.4 mL","'99.48899841"
"'38","'LINE","'2.1.5 Precision and Accuracy","'99.42303467"
"'38","'LINE","'Measurements may be accurate, meaning that the measured value is the same as the","'99.95629883"
"'38","'LINE","'true value; they may be precise, meaning that multiple measurements give nearly","'99.97593689"
"'38","'LINE","'identical values (i.e., reproducible results); they may be both accurate and precise; or","'99.95056152"
"'38","'LINE","'they may be neither accurate nor precise. The goal of scientists is to obtain measured","'99.97369385"
"'38","'LINE","'values that are both accurate and precise.","'99.97454834"
"'38","'LINE","'If you repeat a particular measurement, you usually do not obtain precisely the same","'99.58123016"
"'38","'LINE","'result, because each measurement is subject to experimental error. The measured","'99.94770813"
"'38","'LINE","'values vary slightly from one another. Suppose you perform a series of identical","'99.69381714"
"'38","'LINE","'measurements of a quantity. The term precision refers to the closeness of the set of","'99.92195129"
"'38","'LINE","'values obtained from identical measurements of a quantity. Accuracy is a related","'99.63134766"
"'38","'LINE","'term; it refers to the closeness of a single measurement to its true value.","'99.90242767"
"'38","'LINE","'Example 2.4: Precision and Accuracy","'99.96647644"
"'38","'LINE","'The archery targets in Figure 2.5 show marks that represent the results of four sets of","'99.98519897"
"'38","'LINE","'measurements.","'99.24266052"
"'38","'LINE","'a.","'98.01578522"
"'38","'LINE","'a precise but inaccurate set of measurements.","'99.70503998"
"'38","'LINE","'b.","'99.96093750"
"'38","'LINE","'an accurate but imprecise set of measurements.","'99.83241272"
"'38","'LINE","'C.","'76.21671295"
"'38","'LINE","'a set of measurements that is both precise and accurate.","'99.82457733"
"'38","'LINE","'d.","'99.93164063"
"'38","'LINE","'a set of measurements that is neither precise nor accurate.","'99.86078644"
"'38","'LINE","'(a)","'99.91131592"
"'38","'LINE","'(b)","'99.97070313"
"'38","'LINE","'(c)","'94.34072113"
"'38","'LINE","'(d)","'99.97070313"
"'38","'LINE","'Figure 2.5 The distribution of darts on a dart board showing the difference between","'99.89098358"
"'38","'LINE","'precise and accurate.","'99.97017670"
"'38","'LINE","'31","'99.60538483"
"'39","'LINE","'Chemistry Grade 9","'99.84348297"
"'39","'LINE","'Form groups, discuss and present your conclusion to","'99.96776581"
"'39","'LINE","'the class","'99.99511719"
"'39","'LINE","'1. Mohammed measured the mass of a sample of","'99.67845917"
"'39","'LINE","'gold using one balance and found 1.896 g. On","'99.93427277"
"'39","'LINE","'a different balance, the same sample was found","'99.71983337"
"'39","'LINE","'to have a mass of 1.125 g. Which measurement","'99.58570099"
"'39","'LINE","'was correct the first or the second measurement?","'99.96186066"
"'39","'LINE","'Careful and repeated measurements made","'99.99007416"
"'39","'LINE","'by Mohammed, including measurements on a","'99.34918976"
"'39","'LINE","'calibrated third balance, showed the sample to","'99.99011993"
"'39","'LINE","'have a mass of 1.895 g. The masses obtained","'99.74354553"
"'39","'LINE","'from the three balances are in the Table 2.5:","'99.95181274"
"'39","'LINE","'Table 2.5 Mass measurement","'99.97314453"
"'39","'LINE","'?","'89.05761719"
"'39","'LINE","'Balance 1","'99.52557373"
"'39","'LINE","'Balance 2","'99.88201141"
"'39","'LINE","'Balance 3","'99.52327728"
"'39","'LINE","'1.896 g","'99.37948608"
"'39","'LINE","'1.125 g","'99.19393921"
"'39","'LINE","'1.893 g","'99.56991577"
"'39","'LINE","'1.895 g","'99.30624390"
"'39","'LINE","'1.158 g","'99.04257202"
"'39","'LINE","'1.895 g","'99.54061890"
"'39","'LINE","'1.894 g","'99.31072235"
"'39","'LINE","'1.067 g","'99.51091766"
"'39","'LINE","'1.895 g","'99.42831421"
"'39","'LINE","'Activity 2.3","'99.77987671"
"'39","'LINE","'Exercise 2.4","'99.94140625"
"'39","'LINE","'a. A 2-carat diamond has a mass of 400.0 mg. When a jeweler repeatedly","'98.52438354"
"'39","'LINE","'weighed a 2-carat diamond, he obtained measurements of 450.0 mg,","'99.85160065"
"'39","'LINE","'459.0 mg, and 463.0 mg. Were the jeweler's measurements accurate?","'99.95256805"
"'39","'LINE","'Were they precise?","'99.99674225"
"'39","'LINE","'b. A single copper penny was tested three times to determine its composition.","'98.99855804"
"'39","'LINE","'The first analysis gave a composition of 93.2% zinc and 2.8% copper, the","'99.87671661"
"'39","'LINE","'second gave 92.9% zinc and 3.1% copper, and the third gave 93.5% zinc","'99.87962341"
"'39","'LINE","'and 2.5% copper. The actual composition of the penny was 97.6% zinc and","'99.93001556"
"'39","'LINE","'2.4% copper. Were the results accurate? Were they precise?","'99.98355103"
"'39","'LINE","'2.1.6 Significant Figures","'99.66445160"
"'39","'LINE","'We must always be careful in scientific work to write the proper number of significant","'99.97489166"
"'39","'LINE","'figures. In general, it is fairly easy to determine how many significant figures a number","'99.75762177"
"'39","'LINE","'has by using the following rules:","'99.99837494"
"'39","'LINE","'1. Any digit that is not zero is significant. Thus, 845 cm has three significant figures,","'99.85025024"
"'39","'LINE","'1.234 kg has four significant figures, and so on.","'97.96423340"
"'39","'LINE","'2. Zeros between nonzero digits are significant. Thus, 606 m contains three significant","'99.87851715"
"'39","'LINE","'32","'99.84295654"
"'40","'LINE","'Measurements and Scientific Methods","'99.95057678"
"'40","'LINE","'figures, 40,501 kg contains five significant figures, and so on.","'98.34326935"
"'40","'LINE","'3. Zeros to the left of the first nonzero digit are not significant. Their purpose is to","'99.93257141"
"'40","'LINE","'indicate the placement of the decimal point. For example, 0.08 L contains one","'99.86399841"
"'40","'LINE","'significant figure, 0.0000349 g contains three significant figures, and so on.","'97.75099182"
"'40","'LINE","'4. If a number is greater than 1, then all the zeros written to the right of the decimal","'99.83473969"
"'40","'LINE","'point count as significant figures. Thus, 2.0 mg has two significant figures, 40.062","'99.83535004"
"'40","'LINE","'mL has five significant figures, and 3.040 dm has four significant figures. If a","'99.51388550"
"'40","'LINE","'number is less than 1, then only the zeros that are at the end of the number and","'99.89430237"
"'40","'LINE","'the zeros that are between nonzero digits are significant. This means that 0.090","'99.92321014"
"'40","'LINE","'kg has two significant figures, 0.3005 L has four significant figures, 0.00420 min","'99.72354126"
"'40","'LINE","'has three significant figures, and so on.","'97.05257416"
"'40","'LINE","'5. For numbers that do not contain decimal points, the trailing zeros (that is, zeros","'99.92482758"
"'40","'LINE","'after the last nonzero digit) may or may not be significant. Thus, 400 cm may have","'99.93093872"
"'40","'LINE","'one significant figure (the digit 4), two significant figures (40), or three significant","'99.89655304"
"'40","'LINE","'figures (400). We cannot know which is correct without more information. By using","'99.74137115"
"'40","'LINE","'scientific notation, however, we avoid this ambiguity. In this particular case, we","'99.93159485"
"'40","'LINE","'can express the number 400 as 4x10² for one significant figure, 4.0x10² for two","'94.16876984"
"'40","'LINE","'significant figures, or 4.00x10² for three significant figures.","'96.50612640"
"'40","'LINE","'A second set of rules specifies how to handle significant figures in calculations.","'98.58995056"
"'40","'LINE","'1. In addition and subtraction, the answer cannot have more digits to the right of the","'99.92671967"
"'40","'LINE","'decimal point than either of the original numbers.","'99.97396851"
"'40","'LINE","'Consider these examples:","'99.94685364"
"'40","'LINE","'89.332","'99.96093750"
"'40","'LINE","'+1.1","'99.34331512"
"'40","'LINE","'one digit after the decimal point","'99.94712067"
"'40","'LINE","'90.432","'99.96093750"
"'40","'LINE","'round off to 90.4","'99.95117188"
"'40","'LINE","'2.097","'99.93164063"
"'40","'LINE","'-0.12","'99.91210938"
"'40","'LINE","'two digits after the decimal point","'99.96366119"
"'40","'LINE","'1.977","'99.84375000"
"'40","'LINE","'round off to 1.98","'99.88993835"
"'40","'LINE","'The rounding-off procedure is as follows. To round off a number at a certain point we","'99.45520782"
"'40","'LINE","'simply drop the digits that follow if the first of them is less than 5. Thus, 8.724 rounds","'99.95424652"
"'40","'LINE","'off to 8.72 if we want only two digits after the decimal point. If the first digit following","'99.93206024"
"'40","'LINE","'the point of rounding off is equal to or greater than 5, we add 1 to the preceding","'99.84353638"
"'40","'LINE","'digit. Thus, 8.727 rounds off to 8.73, and 0.425 rounds off to 0.43.","'99.92357635"
"'40","'LINE","'2. In multiplication and division, the number of significant figures in the final product","'99.94479370"
"'40","'LINE","'or quotient is determined by the original number that has the smallest number of","'99.95693207"
"'40","'LINE","'significant figures. The following examples illustrate this rule:","'99.85814667"
"'40","'LINE","'2.8x4.5039=12.61092","'78.11125183"
"'40","'LINE","'round off to 13","'99.93408203"
"'40","'LINE","'6.85","'99.76562500"
"'40","'LINE","'= 0.0611388789","'96.00187683"
"'40","'LINE","'round off to 0.0611","'99.90418243"
"'40","'LINE","'112.04","'99.75585938"
"'40","'LINE","'33","'99.55815887"
"'41","'LINE","'Chemistry Grade 9","'99.76888275"
"'41","'LINE","'3. Keep in mind that exact numbers obtained from definitions (such as 1 ft, 12 in,","'99.47525787"
"'41","'LINE","'where 12 is an exact number) or by counting numbers of objects can be considered","'99.86686707"
"'41","'LINE","'to have an infinite number of significant figures.","'99.88448334"
"'41","'LINE","'Example 2.5 Significant figures","'99.88162231"
"'41","'LINE","'Determine the number of significant figures in the following measurements: (a) 394 cm,","'99.65381622"
"'41","'LINE","'(b) 5.03 g (c) 0.714 m, (d) 0.052 kg, (e) 2.720 X 10²² atoms,","'97.09577942"
"'41","'LINE","'(f) 3000 mL.","'93.50938416"
"'41","'LINE","'Solution: (a)Three, because each digit is a nonzero digit. (b) Three, because zeros","'99.74633789"
"'41","'LINE","'between nonzero digits are significant. (c) Three, because zeros to the left of the first","'99.61608887"
"'41","'LINE","'non zero digit do not count as significant figures. (d) Two. Same reason as in (c). (e)","'99.77287292"
"'41","'LINE","'Four, because the number is greater than one, all the zeros written to the right of the","'99.96237946"
"'41","'LINE","'decimal point count as significant figures. (f) This is an ambiguous case. The number of","'99.86837006"
"'41","'LINE","'significant figures may be four (3.000 X 10³), three (3.00 X 10³), two (3.0 X 10³), or","'96.64820099"
"'41","'LINE","'one (3 X 10³). This example illustrates why scientific notation must be used to show the","'98.93827820"
"'41","'LINE","'proper number of significant figures.","'99.77304077"
"'41","'LINE","'<<<<<<<<<<<<","'17.34992790"
"'41","'LINE","'Exercise 2.5","'99.95605469"
"'41","'LINE","'Significant figures:","'87.67358398"
"'41","'LINE","'Determine the number of significant figures in each of the following","'99.92877960"
"'41","'LINE","'measurements:","'99.91051483"
"'41","'LINE","'a. 35 mL","'97.91792297"
"'41","'LINE","'d. 7.2 X 10⁴ molecules","'92.44615173"
"'41","'LINE","'b. 2008 g","'84.37500000"
"'41","'LINE","'e. 830 kg.","'98.49177551"
"'41","'LINE","'c. 0.0580 m³","'73.19509125"
"'41","'LINE","'<<<<<<<<<<<<","'12.93158054"
"'41","'LINE","'Exercise 2.6","'99.94140625"
"'41","'LINE","'1. Arithmetic operations: Carry out the following arithmetic operations to the","'99.90229034"
"'41","'LINE","'correct number of significant fìgures:","'92.05636597"
"'41","'LINE","'a. 11,254.1 g + 0.1983 g","'96.71523285"
"'41","'LINE","'d. 0.0154 kg ÷ 88.3 mL","'94.10242462"
"'41","'LINE","'b. 66.59 L - 3.113 L","'92.36223602"
"'41","'LINE","'e. 2.64 X 10³ cm + 3.27 X 10²","'90.62364960"
"'41","'LINE","'c. 8.16 m X 5.1355","'90.17940521"
"'41","'LINE","'cm.","'99.07425690"
"'41","'LINE","'2. Significant Figures (Addition and Subtraction)","'99.93748474"
"'41","'LINE","'a. Add 37.24 mL and 10.3 mL.","'99.18128204"
"'41","'LINE","'b. Subtract 21.2342 g from 27.87 g.","'99.63229370"
"'41","'LINE","'3. Significant Figures (Multiplication)","'99.84603882"
"'41","'LINE","'What is the area of a rectangle 1.23 cm wide and 12.34 cm long?","'99.76620483"
"'41","'LINE","'34","'99.72576141"
"'42","'LINE","'Measurements and Scientific Methods","'99.95789337"
"'42","'LINE","'2.1.7 Scientific Notation and Decimal Places","'99.74353027"
"'42","'LINE","'We use scientific notation when we deal with very large and very small","'99.92428589"
"'42","'LINE","'numbers. For example, 197 grams of gold contains approximately","'99.96501160"
"'42","'LINE","'602,000,000,000,000,000,000,000 gold atoms.","'99.09484863"
"'42","'LINE","'The mass of one gold atom is approximately 0.000 000 000 000 000 000 000 327","'97.74530792"
"'42","'LINE","'gram. In using such large and small numbers, it is inconvenient to write down all the","'99.94548798"
"'42","'LINE","'zeros. In scientific (exponential) notation, we place one nonzero digit to the left of the","'99.91799927"
"'42","'LINE","'decimal.","'99.96014404"
"'42","'LINE","'602,000,000,000,000,000,000,000 = 6.02x10²³","'84.33753204"
"'42","'LINE","'23 places to the left, therefore exponent of 10 is 23","'99.89214325"
"'42","'LINE","'0.000 000 000 000 000 000 000 327 =3.27x10-22","'87.02912140"
"'42","'LINE","'22 places to the right, therefore exponent of 10 is -22.","'99.74203491"
"'42","'LINE","'The reverse process converts numbers from exponential to decimal form.","'99.97527313"
"'42","'LINE","'Example 2.6 Unit Conversions","'99.90906525"
"'42","'LINE","'The Ångstrom (Å) is a unit of length, 1x10⁻¹⁰ m,that provides a convenient scale on which","'96.40390015"
"'42","'LINE","'to express the radii of atoms. Radii of atoms are often expressed in nanometers. The","'99.95178223"
"'42","'LINE","'radius of a phosphorus atom is 1.10 Å. What is the distance expressed in centimeters","'99.57013702"
"'42","'LINE","'and nanometers?","'99.91539764"
"'42","'LINE","'Plan","'100.00000000"
"'42","'LINE","'We use the equalities 1 Å= 1x10⁻¹⁰m, 1 cm = 1x10⁻² m, and 1nm = 1x 10⁻⁹ m to","'89.48807526"
"'42","'LINE","'construct the unit factors that convert 1.10 Å to the desired units.","'99.56472778"
"'42","'LINE","'Solution: Let X be the length in cm unit and y the length in nm.","'97.70861053"
"'42","'LINE","'X cm = 1.10 °A x 1°A 1 X 10⁻¹⁰ m X 1 1cm X 10⁻² m = 1.10 X 10⁻⁸ cm","'87.47875214"
"'42","'LINE","'y nm= 1.10 °A X 1°A 1 10⁻¹⁰ m X 1 1nm X 10⁻⁹ m = 1.10 X 10⁻¹ nm","'85.92533875"
"'42","'LINE","'<<<<<<<<<<<<","'16.93349457"
"'42","'LINE","'Exercise 2.7","'99.82382202"
"'42","'LINE","'Volume Calculation","'99.98007202"
"'42","'LINE","'Assuming a phosphorus atom is spherical; calculate its volume in Å³, cm³, and","'96.23731995"
"'42","'LINE","'nm³. The formula for the volume of a sphere is V = 4/3 4 3 πr³ Refer to Example","'91.87497711"
"'42","'LINE","'above.","'100.00000000"
"'42","'LINE","'35","'99.87145233"
"'43","'LINE","'Chemistry Grade 9","'99.77539063"
"'43","'LINE","'2.2 Chemistry as Experimental Science","'99.96842957"
"'43","'LINE","'Learning competencies","'99.91539764"
"'43","'LINE","'At the end of this section, you should be able to","'99.88440704"
"'43","'LINE","'define scientific method;","'99.98697662"
"'43","'LINE","'describe the major steps of the scientific method;","'99.98769379"
"'43","'LINE","'use scientific methods in solving problems;","'99.79608917"
"'43","'LINE","'demonstrate some experimental skills in chemistry;","'99.87580109"
"'43","'LINE","'describe the procedures of writing laboratory report.","'99.97872925"
"'43","'LINE","'Chemistry is largely an experimental science, and a great deal of knowledge comes","'99.84592438"
"'43","'LINE","'from laboratory research. In addition, however, today's chemist may use a computer","'99.77214813"
"'43","'LINE","'to study the microscopic structure and chemical properties of substances or employ","'99.97212982"
"'43","'LINE","'sophisticated electronic equipment to analyze pollutants from auto emissions or toxic","'99.92604065"
"'43","'LINE","'substances in a soil. Many frontiers in biology and medicine are currently being","'99.82121277"
"'43","'LINE","'explored at the level of atoms and molecules the structural units on which the study of","'99.98469543"
"'43","'LINE","'chemistry is based.","'99.96392822"
"'43","'LINE","'Chemists participate in the development of new drugs and in agricultural research.","'99.95376587"
"'43","'LINE","'What's more, they are seeking solutions to the problem of environmental pollution","'99.97538757"
"'43","'LINE","'along with replacements for energy sources. And most industries, whatever their","'99.96753693"
"'43","'LINE","'products, have a basis in chemistry. For example, chemists developed polymers (very","'99.80367279"
"'43","'LINE","'large molecules) that manufacturers use to make a wide variety of goods, including","'99.77979279"
"'43","'LINE","'clothing, cooking utensils, artificial organs, and toys.","'99.93747711"
"'43","'LINE","'Chemistry is evidence based. All chemical statements are based on experiment.","'99.96242523"
"'43","'LINE","'Chemistry is part of the body of modern science. It shares the experimental method","'99.94351196"
"'43","'LINE","'of all sciences. It improves in time also using new discoveries and concepts from other","'99.94126129"
"'43","'LINE","'sciences. In turn, it provides both theoretical and experimental tools to different","'99.88739777"
"'43","'LINE","'sciences. Biology and Geology cannot be studied without a thorough understanding","'99.89372253"
"'43","'LINE","'of chemical phenomena. Indeed, because of its diverse applications, chemistry is often","'99.97030640"
"'43","'LINE","'called the ""central science.""","'99.69148254"
"'43","'LINE","'2.2.1 The Scientific Method","'99.85456848"
"'43","'LINE","'Conduct the following activity and present your","'99.98581696"
"'43","'LINE","'finding to the class.","'99.96054077"
"'43","'LINE","'a. Collect a plastic bag filled with different items","'99.56468964"
"'43","'LINE","'provided by your teacher.","'99.98759460"
"'43","'LINE","'b. Decide on the question you would like to answer","'99.56194305"
"'43","'LINE","'about your bag. Write it down. (Do not open the","'99.96468353"
"'43","'LINE","'bag)","'99.99023438"
"'43","'LINE","'36","'99.71360779"
"'44","'LINE","'Measurements and Scientific Methods","'99.96766663"
"'44","'LINE","'c. Guess what the answer to your question might","'94.91706848"
"'44","'LINE","'be. Write down. (Do not open the bag)","'99.97172546"
"'44","'LINE","'?","'87.22656250"
"'44","'LINE","'d. Open your bag and answer the questions.","'99.97040558"
"'44","'LINE","'e. Be sure to count the total number of items.","'99.41056061"
"'44","'LINE","'Now, discuss which part of the activity (a, b, c, d, or e)","'97.72544861"
"'44","'LINE","'introduces the scientific terminology: hypothesis, data","'99.99335480"
"'44","'LINE","'Activity 2.4","'99.86816406"
"'44","'LINE","'collection, experimentation, etc.","'99.91702271"
"'44","'LINE","'The Scientific method","'100.00000000"
"'44","'LINE","'What is Scientific Method? The Scientific method is a process with the help of which","'99.82092285"
"'44","'LINE","'scientists try to investigate, verify, or construct an accurate and reliable version of","'99.93672943"
"'44","'LINE","'any natural phenomena. They are done by creating an objective framework for","'99.96955872"
"'44","'LINE","'the purpose of scientific inquiry and analyzing the results scientifically to come to a","'99.86669922"
"'44","'LINE","'conclusion which either supports or contradicts the observation made at the beginning.","'99.91892242"
"'44","'LINE","'Scientific Method Steps","'99.99674225"
"'44","'LINE","'The aim of all scientific methods is the same, that is, to analyze the observation made","'99.98093414"
"'44","'LINE","'at the beginning but there are various steps adopted as per the requirement of","'99.96054077"
"'44","'LINE","'any given observation. However, there is a generally accepted sequence of steps of","'99.72747803"
"'44","'LINE","'scientific methods as it is shown in Figure 2.6.","'99.88908386"
"'44","'LINE","'Observation and","'99.97070313"
"'44","'LINE","'formulation of question","'99.96392822"
"'44","'LINE","'Data collection","'99.97070313"
"'44","'LINE","'and hypothesis","'99.97558594"
"'44","'LINE","'Testing hypothesis","'99.99511719"
"'44","'LINE","'Analysis","'99.99023438"
"'44","'LINE","'and","'99.97070313"
"'44","'LINE","'conclusion","'99.93083954"
"'44","'LINE","'Figure 2.6 The four main steps of the research process in studying chemistry and their","'99.97629547"
"'44","'LINE","'relationships.","'99.67135620"
"'44","'LINE","'37","'99.09099579"
"'45","'LINE","'Chemistry Grade 9","'99.66146088"
"'45","'LINE","'i.","'99.61674500"
"'45","'LINE","'Observation and formulation of a Question: This is the first step of a scientific","'99.58331299"
"'45","'LINE","'method. In order to start one, an observation has to be made into any","'99.95774841"
"'45","'LINE","'observable aspect or phenomena of the universe and a question needs to be","'99.84198761"
"'45","'LINE","'asked pertaining to that aspect. For example, you can ask, ""Why is the sky black","'99.76213074"
"'45","'LINE","'at night? or ""Why is air invisible?""","'99.39219666"
"'45","'LINE","'ii.","'99.56314087"
"'45","'LINE","'Data Collection and Hypothesis: The next step involved in the scientific method is","'99.96751404"
"'45","'LINE","'to collect all related data and formulate a hypothesis based on the observation.","'99.78617096"
"'45","'LINE","'The hypothesis could be the cause of the phenomena, its effect, or its relation to","'99.96061707"
"'45","'LINE","'any other phenomena.","'99.97369385"
"'45","'LINE","'iii.","'99.47365570"
"'45","'LINE","'Testing the Hypothesis: After the hypothesis is made, it needs to be tested","'99.96450806"
"'45","'LINE","'scientifically. Scientists do this by conducting experiments. The aim of these","'99.96028900"
"'45","'LINE","'experiments is to determine whether the hypothesis agrees with or contradicts the","'99.92677307"
"'45","'LINE","'observations made in the real world. The confidence in the hypothesis increases","'99.95796967"
"'45","'LINE","'or decreases based on the result of the experiments.","'99.93653107"
"'45","'LINE","'iv.","'99.79492188"
"'45","'LINE","'Analysis and Conclusion: This step involves the use of proper mathematical and","'99.87322998"
"'45","'LINE","'other scientific procedures to determine the results of the experiment. Based on","'99.95883942"
"'45","'LINE","'the analysis, the future course of action can be determined. If the data found","'99.95909119"
"'45","'LINE","'in the analysis is consistent with the hypothesis, it is accepted. If not, then it is","'99.91990662"
"'45","'LINE","'rejected or modified and analyzed again.","'99.95429230"
"'45","'LINE","'It must be remembered that a hypothesis cannot be proved or disproved by doing","'99.68499756"
"'45","'LINE","'one experiment. It needs to be done repeatedly until there are no discrepancies in the","'99.83615112"
"'45","'LINE","'data and the result. When there are no discrepancies and the hypothesis is proved","'99.92578888"
"'45","'LINE","'beyond any doubt, it is accepted as a 'theory'.","'99.68832397"
"'45","'LINE","'2.2.2 Some Experimental Skills in Chemistry","'99.90792084"
"'45","'LINE","'Laboratory Safety Rules","'99.98345947"
"'45","'LINE","'In the home, the kitchen and bathroom are the sites of most accidents. The chemical","'99.95378876"
"'45","'LINE","'laboratory poses similar hazards and yet it can be no more dangerous than any other","'99.90508270"
"'45","'LINE","'classroom if the following safety rules are always observed. Most of them are based","'99.97558594"
"'45","'LINE","'on simple common sense.","'99.95361328"
"'45","'LINE","'1.","'98.76892853"
"'45","'LINE","'Responsible behaviour is essential. The dangers of spilled acids and chemicals","'99.96672058"
"'45","'LINE","'and broken glassware created by thoughtless actions are too great to be","'99.98697662"
"'45","'LINE","'tolerated.","'99.91051483"
"'45","'LINE","'2.","'99.96093750"
"'45","'LINE","'Wear approved eye protection at all times in the laboratory and in any area","'99.95641327"
"'45","'LINE","'where chemicals are stored or handled. The only exception is when explicit","'99.95063782"
"'45","'LINE","'instructions to the contrary are given by your teacher.","'99.94955444"
"'45","'LINE","'3.","'99.89178467"
"'45","'LINE","'Perform no unauthorized experiments. This includes using only the quantities","'99.90652466"
"'45","'LINE","'instructed, no more. Consult your teacher if you have any doubts about the","'99.78047943"
"'45","'LINE","'instructions in the laboratory manual.","'99.95053101"
"'45","'LINE","'4.","'99.92187500"
"'45","'LINE","'Do not smoke in the laboratory at any time. Not only is smoking a fire hazard,","'99.76371765"
"'45","'LINE","'but smoking draws chemicals in laboratory air (both as vapours and as dust)","'99.92201233"
"'45","'LINE","'into the lungs.","'99.96366119"
"'45","'LINE","'5.","'99.93164063"
"'45","'LINE","'In case of fire or accident, call the teacher at once. Note the location of fire","'99.93008423"
"'45","'LINE","'38","'99.84215546"
"'46","'LINE","'Measurements and Scientific Methods","'99.95057678"
"'46","'LINE","'extinguishers and safety showers now so that you can use them if needed.","'98.53263092"
"'46","'LINE","'6.","'99.89257813"
"'46","'LINE","'Report all injuries to your instructor at once. Except for very superficial injuries,","'99.94216919"
"'46","'LINE","'you will be required to get medical treatment for cuts, burns, or fume inhalation.","'99.84177399"
"'46","'LINE","'7.","'99.92107391"
"'46","'LINE","'Do not eat or drink anything in the laboratory.","'99.90219116"
"'46","'LINE","'8.","'99.97070313"
"'46","'LINE","'Avoid breathing fumes of any kind.","'99.97369385"
"'46","'LINE","'9.","'99.89257813"
"'46","'LINE","'Never use mouth suction in filling pipets with chemical reagents. Always use a","'99.41216278"
"'46","'LINE","'suction device.","'99.99023438"
"'46","'LINE","'10.","'99.72257996"
"'46","'LINE","'Never work alone in the laboratory. There must be at least one other person","'99.95478821"
"'46","'LINE","'present in the same room. In addition, your teacher should be quickly available.","'99.91019440"
"'46","'LINE","'11.","'99.02104950"
"'46","'LINE","'Wear shoes in the laboratory. Bare feet are prohibited because of the danger","'99.94830322"
"'46","'LINE","'from broken glass. Sandals are prohibited because of the hazard from chemical","'99.97551727"
"'46","'LINE","'spills.","'99.96014404"
"'46","'LINE","'12.","'99.77539063"
"'46","'LINE","'Confine long hair and loose clothing (such as ties) in the laboratory. They may","'99.90747833"
"'46","'LINE","'either catch fire or be chemically contaminated.","'99.91364288"
"'46","'LINE","'a. A laboratory apron or lab coat provides protection at all times. A lab","'97.85736847"
"'46","'LINE","'apron or lab coat is required when you are wearing easily combustible","'99.83038330"
"'46","'LINE","'clothing (synthetic and light fabrics).","'99.90888214"
"'46","'LINE","'b. It is advisable to wear old clothing to laboratory, because it is both generally","'99.89698792"
"'46","'LINE","'not as loose and flammable as new clothing, and not as expensive to replace.","'99.87509918"
"'46","'LINE","'13. Keep your work area neat at all times. Clean up spills and broken glass","'99.82775116"
"'46","'LINE","'immediately. Clutter not only will slow your work, but it leads to accidents.","'99.93991852"
"'46","'LINE","'Clean up your work space, including wiping the surface and putting away all","'99.90744781"
"'46","'LINE","'chemicals and equipment, at the end of the laboratory period.","'99.93873596"
"'46","'LINE","'14. Be careful when heating liquids; add boiling chips to avoid ""bumping"".","'99.89925385"
"'46","'LINE","'Flammable liquids such as ethers, hydrocarbons, alcohols, acetone, and carbon","'99.91189575"
"'46","'LINE","'disulfide must never be heated over an open flame.","'99.94856262"
"'46","'LINE","'15. Always pour acids into water when mixing. Otherwise the acid can spatter,","'99.95993805"
"'46","'LINE","'often quite violently. Pour acid into water.","'99.94467926"
"'46","'LINE","'16.","'99.84375000"
"'46","'LINE","'Do not force a rubber stopper onto glass tubing or thermometers. Lubricate the","'99.80531311"
"'46","'LINE","'tubing and the stopper with glycerol or water. Use paper or cloth towelling to","'99.96140289"
"'46","'LINE","'protect your hands. Grasp the glass close to the stopper.","'99.97038269"
"'46","'LINE","'17. Dispose of excess liquid reagents by flushing small quantities down the sink.","'99.92690277"
"'46","'LINE","'Consult the teacher about large quantities. Dispose of solids in crocks. Never","'99.94116211"
"'46","'LINE","'return reagents to the dispensing bottle.","'99.95050812"
"'46","'LINE","'18. Carefully read the experiment and answer the questions in the prelab before","'99.96977234"
"'46","'LINE","'coming to the laboratory. An unprepared student is a hazard to everyone in","'99.82083130"
"'46","'LINE","'the room.","'99.94140625"
"'46","'LINE","'19.","'99.87304688"
"'46","'LINE","'Spatters are common in chemistry laboratories. Test tubes being heated or","'99.91989899"
"'46","'LINE","'containing reacting mixtures should never be pointed at anyone. If you observe","'99.81459045"
"'46","'LINE","'this practice in a neighbour, speak to him or her or the teacher, if needed.","'99.79178619"
"'46","'LINE","'20.","'99.97070313"
"'46","'LINE","'If you have a cut on your hand, be sure to cover with a bandage or wear","'99.66855621"
"'46","'LINE","'appropriate laboratory gloves.","'99.92379761"
"'46","'LINE","'21.","'99.83318329"
"'46","'LINE","'Finally, and most important, think about what you are doing. Plan ahead. Do","'99.78336334"
"'46","'LINE","'39","'99.80388641"
"'47","'LINE","'Chemistry Grade 9","'99.75585938"
"'47","'LINE","'not cookbook. If you give no thought to what you are doing, you predispose","'99.52132416"
"'47","'LINE","'yourself to an accident.","'99.93836975"
"'47","'LINE","'The first and foremost rule of any laboratory is to be safe! This may seem obvious, but","'99.96099854"
"'47","'LINE","'people often disregard safety protocols for one reason or another, putting themselves","'99.96874237"
"'47","'LINE","'and those around them in danger. The best thing you can do is to make sure you follow","'99.82478333"
"'47","'LINE","'all safety protocols at all times.","'99.97030640"
"'47","'LINE","'Safety goggles are required wear in all chemistry labs. Not wearing them puts","'99.97346497"
"'47","'LINE","'you in danger of eye irritation and possibly blindness in the case of an accident.","'99.86745453"
"'47","'LINE","'A small droplet of acid could splash out of the container at any time. Better safe","'99.33005524"
"'47","'LINE","'than permanently blinded! Latex gloves should be used when there is a possibility","'99.80801392"
"'47","'LINE","'of corrosive chemicals spilling onto your hands. A lab apron or coat can also prevent","'99.69473267"
"'47","'LINE","'injury in case of spills or splashes.","'99.95931244"
"'47","'LINE","'A beaker is a common container in most labs. It is used for mixing, stirring, and heating","'99.32959747"
"'47","'LINE","'chemicals. Most beakers have spouts on their rims to aid in pouring. They also commonly","'99.97505188"
"'47","'LINE","'have lips around their rims and markings to measure the volume they contain, although","'99.97814941"
"'47","'LINE","'they are not a precise way to measure liquids. Beakers come in a wide range of sizes.","'99.79446411"
"'47","'LINE","'Because of the lip that runs around the rim, a lid for a beaker does not exist. However,","'99.72833252"
"'47","'LINE","'a watch glass can be used to cover the opening to prevent contamination or splashing.","'99.86407471"
"'47","'LINE","'Figure 2.7 shows some of the commonly used laboratory equipments.","'99.94361877"
"'47","'LINE","'Crucible tongs","'99.93045044"
"'47","'LINE","'Ring support","'99.97070313"
"'47","'LINE","'Bunsen burner","'99.99023438"
"'47","'LINE","'Ring stand","'99.98046875"
"'47","'LINE","'Scoopula","'99.99023438"
"'47","'LINE","'Test tube","'99.89665985"
"'47","'LINE","'brush","'99.99023438"
"'47","'LINE","'....","'36.49414063"
"'47","'LINE","'Test tube","'99.94589233"
"'47","'LINE","'Utility clamp","'99.97070313"
"'47","'LINE","'Clay triangle","'99.95037079"
"'47","'LINE","'Wire gauze","'99.92147827"
"'47","'LINE","'holder","'100.00000000"
"'47","'LINE","'Spatula","'99.92028046"
"'47","'LINE","'Test tube","'99.98046875"
"'47","'LINE","'rack","'100.00000000"
"'47","'LINE","'Beaker","'99.99023438"
"'47","'LINE","'Elenmeyer","'99.89098358"
"'47","'LINE","'Florence","'100.00000000"
"'47","'LINE","'Graduated","'100.00000000"
"'47","'LINE","'Funnel","'100.00000000"
"'47","'LINE","'Evaporating","'99.88042450"
"'47","'LINE","'dish","'100.00000000"
"'47","'LINE","'flask","'99.96014404"
"'47","'LINE","'flask","'99.96014404"
"'47","'LINE","'cylinder","'99.99023438"
"'47","'LINE","'Crucible &","'99.95117188"
"'47","'LINE","'cover","'99.92187500"
"'47","'LINE","'....","'46.35393143"
"'47","'LINE","'Medicine","'99.92028046"
"'47","'LINE","'Watch","'99.96014404"
"'47","'LINE","'Wash bottle","'99.96093750"
"'47","'LINE","'Test tube","'99.88281250"
"'47","'LINE","'Buret","'99.99023438"
"'47","'LINE","'Graduated","'100.00000000"
"'47","'LINE","'Volumetric","'100.00000000"
"'47","'LINE","'dropper","'100.00000000"
"'47","'LINE","'glass","'99.99023438"
"'47","'LINE","'pipet","'100.00000000"
"'47","'LINE","'pipet","'100.00000000"
"'47","'LINE","'Figure 2.7 Commonly used Laboratory Equipment.","'99.88108063"
"'47","'LINE","'40","'99.75585938"
"'48","'LINE","'Measurements and Scientific Methods","'99.96034241"
"'48","'LINE","'Conduct the following activity and present your finding","'99.98271179"
"'48","'LINE","'?","'88.22265625"
"'48","'LINE","'to the class.","'99.97721100"
"'48","'LINE","'Laboratory equipment","'99.96014404"
"'48","'LINE","'List down laboratory equipment you know and that are","'99.75559235"
"'48","'LINE","'not shown in Figure 2.7. Describe their use. Which of","'99.38355255"
"'48","'LINE","'Activity 2.5","'99.81445313"
"'48","'LINE","'them are used for measurement?","'99.95459747"
"'48","'LINE","'2.2.3 Writing a Laboratory Report","'99.20794678"
"'48","'LINE","'A.","'69.73672485"
"'48","'LINE","'The Pre-laboratory Report","'99.96691895"
"'48","'LINE","'Each experiment in this manual includes a pre-laboratory (prelab) report. The prelab","'99.83539581"
"'48","'LINE","'report is to be completed before the experiment is begun in the laboratory. Its purpose","'99.90617371"
"'48","'LINE","'is to ensure familiarity with the procedure and provide for a more efficient utilization","'99.56147003"
"'48","'LINE","'of limited laboratory time. The prelab questions can be answered after a careful","'99.66184235"
"'48","'LINE","'reading of the introduction and procedure of the experiment. Sample calculations","'99.95385742"
"'48","'LINE","'are sometimes included to provide awareness of data that needs to be collected and","'99.97471619"
"'48","'LINE","'how it is treated. Your teacher may prefer to administer prelab quizzes instead of","'99.97820282"
"'48","'LINE","'collecting prelab reports.","'99.98345947"
"'48","'LINE","'B.","'79.36323547"
"'48","'LINE","'The Laboratory Report","'99.98345947"
"'48","'LINE","'A good laboratory report is the essential final step in performing an experiment. It is","'99.54227448"
"'48","'LINE","'in this way that you communicate what you have done and what you have discovered.","'99.69581604"
"'48","'LINE","'Since it is the only means, in many instances, of reporting results, it is important that it","'99.95261383"
"'48","'LINE","'be prepared properly.","'99.98020172"
"'48","'LINE","'A laboratory report is a final draft. As such it is always written in ink or typed. A","'98.49385834"
"'48","'LINE","'typed laboratory report is necessary if your handwriting is hard to read. There must","'99.96205139"
"'48","'LINE","'be no erasures or crossed out areas. The initial draft of a laboratory report belongs","'99.85589600"
"'48","'LINE","'in your laboratory notebook for two reasons.","'99.95327759"
"'48","'LINE","'1.","'98.96743011"
"'48","'LINE","'It is unlikely that you will get everything correct on the first attempt and, thus, a","'99.66260529"
"'48","'LINE","'first draft written on the report form itself could be very messy.","'99.98271179"
"'48","'LINE","'2.","'99.97070313"
"'48","'LINE","'If the report itself is lost or destroyed, you can easily and quickly rewrite the","'99.69602966"
"'48","'LINE","'report from the notebook.","'99.95525360"
"'48","'LINE","'It is essential that a laboratory report be neat. Studies have shown that when the same","'99.80948639"
"'48","'LINE","'work is submitted in both neat and sloppy form, the neat version makes the better","'99.95362854"
"'48","'LINE","'impression. Neat work indicates that the writer knows and cares about the subject","'99.98241425"
"'48","'LINE","'matter.","'100.00000000"
"'48","'LINE","'All data should be presented with the correct significant figures and units. The omission","'99.96019745"
"'48","'LINE","'of units makes it difficult for the reader to know the size of the numbers being reported.","'99.96506500"
"'48","'LINE","'And writing down the wrong number of significant figures amounts to lying about the","'99.94747162"
"'48","'LINE","'41","'99.85271454"
"'49","'LINE","'Chemistry Grade 9","'99.67448425"
"'49","'LINE","'precision of the data. Too many significant figures imply that you know a number more","'99.41196442"
"'49","'LINE","'precisely than you actually do.","'99.57764435"
"'49","'LINE","'All questions should be answered with complete and grammatically correct sentences.","'99.96124268"
"'49","'LINE","'Abbreviations should not be included in written answers. Read the sentence out loud","'99.96645355"
"'49","'LINE","'to make sure that it makes sense.","'99.96512604"
"'49","'LINE","'Your sample computations should be labeled with their purpose, for example; ""mass","'99.93620300"
"'49","'LINE","'of the liquid"". Within the computation, all numbers must have the correct units and the","'99.90991974"
"'49","'LINE","'correct number of significant figures.","'99.78897858"
"'49","'LINE","'Laboratory reports that extend to more than one page should either be stapled","'99.97953033"
"'49","'LINE","'together or have your name and the page number at the top right of each page. For","'99.95946503"
"'49","'LINE","'example: Terhas Asgedom, page 2 of 4 pages. This makes it more difficult for the","'99.94217682"
"'49","'LINE","'instructor to inadvertently misplace pages. Using a paper clip or tearing corners to","'99.84236145"
"'49","'LINE","'hold pages together is not acceptable. Reports should also be dated.","'99.96678925"
"'49","'LINE","'Graphs","'99.99023438"
"'49","'LINE","'Graphs are used to present the data in picture form so that they can be more readily","'98.94195557"
"'49","'LINE","'grasped by the reader. Occasionally, a graph is used to follow a trend. Notice","'99.46867371"
"'49","'LINE","'that the best smooth curve is drawn through the data points. This is not the same as","'99.96080017"
"'49","'LINE","'connecting the dots; all of the data points will not fall on the line. Often, however,","'99.97411346"
"'49","'LINE","'a graph is used to show how well data fit a straight line. The line drawn may either","'99.79904938"
"'49","'LINE","'be visually estimated (""eyeballed"") or computed mathematically. There are many","'99.88089752"
"'49","'LINE","'essential features of a good graph.","'99.79173279"
"'49","'LINE","'1.","'99.37021637"
"'49","'LINE","'The axes must be both numbered and labeled. The abscissa is the right-to-left","'99.93021393"
"'49","'LINE","'or the horizontal axis or x-axis.","'99.84853363"
"'49","'LINE","'2.","'99.97070313"
"'49","'LINE","'The graph must have a title. When we speak of graphing, we always mention","'99.88598633"
"'49","'LINE","'the quantity plotted on the ordinate first.","'99.95339203"
"'49","'LINE","'3.","'99.91131592"
"'49","'LINE","'The data points are never graphed as little dots. One may use small circles,","'99.90865326"
"'49","'LINE","'small circles with a dot inside, crosses, asterisks, or X's. If dots are used, data","'99.79689026"
"'49","'LINE","'are too easily lost on the graph or ""created"" by stray blobs of ink.","'99.93299103"
"'49","'LINE","'4.","'99.93164063"
"'49","'LINE","'Any lines that appear on the graph in addition to data points should be","'99.97535706"
"'49","'LINE","'explained. Thus, the line drawn is explained in the title as ""(visually estimated","'99.84574127"
"'49","'LINE","'best straight line).""","'99.65993500"
"'49","'LINE","'5.","'99.92187500"
"'49","'LINE","'The scales of the axes should be adjusted so that the graph fills the page as","'98.76499939"
"'49","'LINE","'much as possible.","'99.93463135"
"'49","'LINE","'Measurements and Density","'99.93031311"
"'49","'LINE","'Chemistry is very much an experimental science in which careful and accurate","'99.96379852"
"'49","'LINE","'measurements are the very essence of meaningful experimentation. It is, therefore,","'99.54866028"
"'49","'LINE","'essential for the beginning student to learn how scientific measurements are carried","'99.96868134"
"'49","'LINE","'out properly through the use of common measuring instruments. It is equally important","'99.86708069"
"'49","'LINE","'for the student to acquire an appreciation of the significance of measurements and to","'99.95344543"
"'49","'LINE","'42","'99.93164063"
"'50","'LINE","'Measurements and Scientific Methods","'99.95057678"
"'50","'LINE","'apply learned technique to a common specific experiment.","'99.72290039"
"'50","'LINE","'In the following experiment you will become familiar with how mass and volume","'99.73499298"
"'50","'LINE","'measurements are carried out and how an evaluation of the measurements is reflected","'99.95600128"
"'50","'LINE","'in the number of significant figures recorded. These mass and volume measurements","'99.95870972"
"'50","'LINE","'will then be used to determine the density of (1) a metal bar and (2) a salt solution","'99.66989899"
"'50","'LINE","'by two different methods. Finally, the results of the density measurements will be","'99.97859955"
"'50","'LINE","'evaluated with respect to their precision and accuracy.","'99.97660828"
"'50","'LINE","'The density of an object is one of its most fundamental and useful characteristics. As","'99.85356903"
"'50","'LINE","'an intensive property it is independent of the quantity of material measured since","'99.96820831"
"'50","'LINE","'it is the ratio of the mass of an object to its volume. The density of an object can","'99.95246124"
"'50","'LINE","'be determined by a variety of methods. In this experiment you will practice using a","'99.54368591"
"'50","'LINE","'balance to measure mass. In addition, you will learn how to measure volume using a","'99.72650146"
"'50","'LINE","'graduated cylinder and a pipet and learn how to calibrate the pipet. A comparison","'98.39618683"
"'50","'LINE","'of the results allows for the calculation of the relative average deviation, which is a","'99.74683380"
"'50","'LINE","'measure of the precision of the experiment.","'99.97594452"
"'50","'LINE","'?","'87.60253906"
"'50","'LINE","'Intensive and extensive properties","'99.98515320"
"'50","'LINE","'Define the terms intensive and extensive properties. List","'99.98027039"
"'50","'LINE","'down examples of intensive and extensive property.","'99.99011993"
"'50","'LINE","'Activity 2.6","'99.80468750"
"'50","'LINE","'Also, in the case of the metal bar, the results of measuring the density of the bar may","'99.98589325"
"'50","'LINE","'be compared with the accepted density value for the bar. Thereby the relative error","'99.99163055"
"'50","'LINE","'(a measure of accuracy) for the density of the bar may be determined. The sections in","'99.88488007"
"'50","'LINE","'the Introduction to this laboratory manual pertaining to precision, accuracy, significant","'99.94231415"
"'50","'LINE","'figures, and the laboratory notebook should be studied carefully before performing","'99.92486572"
"'50","'LINE","'this experiment.","'99.91539764"
"'50","'LINE","'Materials and Chemicals","'100.00000000"
"'50","'LINE","'Cylindrical metal bars (Al, Cu, brass), approximately 51 cm (diameter), measuring","'97.72413635"
"'50","'LINE","'rules (graduated in mm), 20or 25 mL transfer pipets, 50 mL beaker, graduated","'99.84799957"
"'50","'LINE","'cylinders (10 and 50 mL or 100 mL), 125 mL Erlenmeyer flask, stopper, thermometers,","'99.43372345"
"'50","'LINE","'and balances with precision to 1 mg. Saturated salt solutions (NaCl and/or KCI are","'98.98088837"
"'50","'LINE","'convenient) - about 36 g NaCl is required/100 mL. Estimated Time: 2-3 hours","'96.97981262"
"'50","'LINE","'Safety Precautions","'99.86048889"
"'50","'LINE","'Review the safety rules. Take special care in inserting the bar into the graduated","'99.98023987"
"'50","'LINE","'cylinder. Do not drop it in! The glass cylinder may break. Pipeting should always be","'99.96842957"
"'50","'LINE","'done using a suction device. Never suction by mouth.","'99.84995270"
"'50","'LINE","'43","'99.83398438"
"'51","'LINE","'Chemistry Grade 9","'99.75260162"
"'51","'LINE","'Procedures","'99.88042450"
"'51","'LINE","'Record all measurements in your laboratory notebook in ink. The proper use of a","'99.68192291"
"'51","'LINE","'sensitive balance is critical to useful mass measurements. Also, pipeting is a very","'99.59994507"
"'51","'LINE","'useful, accurate, and common method for transferring exact volumes of liquids.","'99.94667816"
"'51","'LINE","'Therefore, the instructor should demonstrate good balance and pipet techniques to","'99.89868164"
"'51","'LINE","'the class at the beginning of the laboratory period. Please note that when a portion","'99.81912994"
"'51","'LINE","'of the experiment contains the instruction ""Repeat","'99.89633179"
"'51","'LINE","'twice,"" each portion is to be","'99.84989929"
"'51","'LINE","'performed all the way through three times: initially and two repetitions.","'99.97669983"
"'51","'LINE","'Part I: Measurements","'98.78175354"
"'51","'LINE","'A. Mass Measurements","'94.55954742"
"'51","'LINE","'After balance instruction, you will be assigned or allowed to select a balance for use","'99.68913269"
"'51","'LINE","'during the experiment.","'99.94359589"
"'51","'LINE","'1.","'99.30345154"
"'51","'LINE","'Zero the balance after cleaning the pan.","'99.95909119"
"'51","'LINE","'2.","'99.97070313"
"'51","'LINE","'Measure the mass of a clean dry 50 mL beaker to the nearest ±0.001 g.","'99.43124390"
"'51","'LINE","'3.","'99.95117188"
"'51","'LINE","'Record, in ink, your observation directly into the lab notebook.","'99.94548798"
"'51","'LINE","'4.","'99.97070313"
"'51","'LINE","'Remove the beaker from the pan. Again, clean the balance pan and zero the","'99.97047424"
"'51","'LINE","'balance.","'100.00000000"
"'51","'LINE","'5.","'99.92187500"
"'51","'LINE","'Weigh the same beaker as before (step 2) and record the result.","'99.90988159"
"'51","'LINE","'6.","'99.87304688"
"'51","'LINE","'Repeat steps 4 and 5 one more time.","'99.94975281"
"'51","'LINE","'7.","'99.92107391"
"'51","'LINE","'From the three mass measurements, calculate the average mass of the beaker.","'99.95152283"
"'51","'LINE","'8.","'99.97070313"
"'51","'LINE","'Repeat steps 4 and 5 using a second balance (just one weighing).","'99.69222260"
"'51","'LINE","'9.","'99.95117188"
"'51","'LINE","'Repeat steps 4 and 5 using a third balance (just one weighing).","'99.77207184"
"'51","'LINE","'B. Volume Measurements","'92.80572510"
"'51","'LINE","'Use of a pipet: In order to accurately measure a liquid volume using a pipet, you","'99.45251465"
"'51","'LINE","'must consider several things. Most volumetric pipets are designed to deliver rather","'99.96460724"
"'51","'LINE","'than to contain the specified volume. Thus, a small amount of liquid remains in the tip","'99.72554016"
"'51","'LINE","'of the pipet after transfer of liquid. This kind of pipet is marked with the letters ""TD""","'99.94281769"
"'51","'LINE","'somewhere on the barrel above the calibration line. Also, for purpose of safety, never","'99.96611786"
"'51","'LINE","'pipet by mouth; that is, never use your mouth to draw liquid into the pipet. Always use","'99.89548492"
"'51","'LINE","'a suction device.","'99.65474701"
"'51","'LINE","'Use a clean but not necessarily dry 20 or 25 mL pipet. Rinse the pipet several times","'99.89408875"
"'51","'LINE","'with small portions of the liquid to be transferred. To measure the desired volume,","'99.30419159"
"'51","'LINE","'a volume of liquid greater than that to be measured is needed in order to keep the","'99.88442230"
"'51","'LINE","'pipet tip under the liquid surface while filling.","'99.96420288"
"'51","'LINE","'While holding the pipet vertically, squeeze the air out of the suction device and hold","'99.97760010"
"'51","'LINE","'it against the large end of the pipet, tight enough to obtain a seal. Keep the suction","'99.90050507"
"'51","'LINE","'device evacuated and dip the pipet tip below the surface of the liquid, but do not","'99.98769379"
"'51","'LINE","'touch the bottom of the container (A chipped tip causes error). Now release the suction","'99.69351959"
"'51","'LINE","'device gently and allow liquid to fill the pipet until it is one to two cm above the","'99.96125793"
"'51","'LINE","'44","'99.76562500"
"'52","'LINE","'Measurements and Scientific Methods","'99.94568634"
"'52","'LINE","'calibration line etched onto the upper barrel. Quickly remove the suction device and","'99.95513153"
"'52","'LINE","'cover the end with your index finger before the liquid level falls below the line (some","'99.97782898"
"'52","'LINE","'practice may be necessary). Wipe the outside of the tip with a clean piece of towel","'99.78569031"
"'52","'LINE","'or tissue. With the tip touching the wall of the source container above the liquid level,","'99.96862793"
"'52","'LINE","'allow it to drain until the meniscus rests exactly on the line. Now hold the pipet over","'99.97232819"
"'52","'LINE","'the sample container and allow it to drain, but be careful to avoid loss from splashing.","'99.94808197"
"'52","'LINE","'When the swollen part of the pipet is nearly empty, touch the tip to the wall of the","'99.98096466"
"'52","'LINE","'container and continue draining. When the liquid level falls to the tip area, hold the","'99.95378876"
"'52","'LINE","'tip to the glass for an additional 20 seconds and then remove. Do not blow out the","'99.96936798"
"'52","'LINE","'remaining liquid.","'99.97518921"
"'52","'LINE","'1.","'99.22532654"
"'52","'LINE","'Measure the temperature in the laboratory. Your teacher will provide you with","'99.82666016"
"'52","'LINE","'the density of water at this temperature.","'99.91074371"
"'52","'LINE","'2.","'99.95117188"
"'52","'LINE","'Use the same 50 mL beaker from Section A for determining the mass of each","'98.99666595"
"'52","'LINE","'aliquot of water. Rather than re-weighing the empty beaker, the average mass","'99.95972443"
"'52","'LINE","'of the beaker determined in Section A may be used as the mass of the dry","'98.68772125"
"'52","'LINE","'beaker.","'100.00000000"
"'52","'LINE","'3.","'99.93164063"
"'52","'LINE","'Measure 20 or 25 mL of water (depending on the size of pipet available) into","'99.88528442"
"'52","'LINE","'the 50 mL beaker.","'99.85416412"
"'52","'LINE","'4.","'99.93164063"
"'52","'LINE","'Record the volume of water measured with the pipet to the appropriate number","'99.97589874"
"'52","'LINE","'of significant figures.","'99.41239929"
"'52","'LINE","'5.","'99.89257813"
"'52","'LINE","'Record the number of significant figures in the volume measurement.","'99.91954803"
"'52","'LINE","'6.","'99.87304688"
"'52","'LINE","'Weigh the beaker and water to the nearest mg (±0.001 g).","'99.60625458"
"'52","'LINE","'7.","'99.91131592"
"'52","'LINE","'Calculate the mass of water in the beaker.","'99.96684265"
"'52","'LINE","'8.","'99.96093750"
"'52","'LINE","'Use the mass and density of water to determine the volume of water measured.","'99.97477722"
"'52","'LINE","'9.","'99.85351563"
"'52","'LINE","'Repeat steps 3 - 8 using a 50 or 100 mL graduated cylinder instead of the","'98.77295685"
"'52","'LINE","'pipet to measure the 20 or 25mL of water. Repeat steps 3 - 8 again using a","'98.55551910"
"'52","'LINE","'graduated 50 mL beaker to measure the water.","'99.88742065"
"'52","'LINE","'PART II: Density","'99.83617401"
"'52","'LINE","'A. Density of a Metal Bar (Use the same metal bar for all trials.)","'97.02207184"
"'52","'LINE","'1.","'99.06508636"
"'52","'LINE","'Zero your balance. Weigh a metal bar on a balance sensitive to the nearest","'99.75628662"
"'52","'LINE","'mg (±0.001 Repeat the entire weighing operation twice. Do not allow the","'99.74574280"
"'52","'LINE","'first measurement that you obtain to influence subsequent measurements that","'99.60758209"
"'52","'LINE","'you make. Make sure you zero the balance before proceeding with each","'99.57245636"
"'52","'LINE","'measurement.","'99.87065887"
"'52","'LINE","'2.","'99.96093750"
"'52","'LINE","'Determine the volume of the metal bar by each of the following methods,","'99.97183990"
"'52","'LINE","'making at least three measurements for each method. Do not allow the first","'99.95112610"
"'52","'LINE","'measurement to influence subsequent measurements as your data will then be","'99.93083954"
"'52","'LINE","'less significant for the purpose of measuring the precision of this experiment.","'99.96115875"
"'52","'LINE","'45","'99.91210938"
"'53","'LINE","'Chemistry Grade 9","'99.72982025"
"'53","'LINE","'Method I","'94.35298157"
"'53","'LINE","'Insert the bar into a graduated cylinder filled with enough water so that the bar","'98.45007324"
"'53","'LINE","'is immersed. Note and record as precisely as possible the initial water level, and","'99.93891907"
"'53","'LINE","'the water level after the bar is immersed. Read the lowest point of the meniscus in","'99.97538757"
"'53","'LINE","'determining the water level and estimate the volume to one digit beyond the smallest","'99.95043182"
"'53","'LINE","'scale division. Discard the water and repeat this measurement twice with a different","'99.68473816"
"'53","'LINE","'initial volume of water. Calculate the average density of the bar.","'99.97744751"
"'53","'LINE","'Method II","'89.25572205"
"'53","'LINE","'Measure the dimensions of the bar with a measuring stick ruled in centimetres. Repeat","'99.62910461"
"'53","'LINE","'these measurements twice. Calculate the volume of the bar from these dimensions.","'99.95858002"
"'53","'LINE","'Because the bar is cylindrical in shape, note that the formula for the volume of a","'99.78467560"
"'53","'LINE","'cylinder should be used (V= Calculate the average density of the bar.","'98.68094635"
"'53","'LINE","'3.","'99.95117188"
"'53","'LINE","'For each method, determine the relative error of your result comparing it with","'99.96450806"
"'53","'LINE","'the accepted value as provided by your instructor or as found in a reference","'99.74094391"
"'53","'LINE","'such as the Handbook of Chemistry and Physics.","'99.95951843"
"'53","'LINE","'Which one of the two methods is more accurate? Explain.","'99.91993713"
"'53","'LINE","'B. Density of a Salt Solution","'93.43640137"
"'53","'LINE","'1.","'99.26358795"
"'53","'LINE","'Weigh a 125 mL Erlenmeyer flask and stopper. With a clean 20.00 or 25.00","'99.58027649"
"'53","'LINE","'mL volumetric pipet, pipet the salt solution into the flask and reweigh. Repeat","'99.92729187"
"'53","'LINE","'this measurement twice, with a different sample of the same solution. Calculate","'99.85118866"
"'53","'LINE","'the average density of the salt solution.","'99.96896362"
"'53","'LINE","'2.","'99.96093750"
"'53","'LINE","'Weigh an empty, dry 10 mL graduated cylinder. Fill with about 9-10 mL of salt","'99.61256409"
"'53","'LINE","'solution, record the volume as precisely as possible, and reweigh. Repeat this","'99.93856812"
"'53","'LINE","'measurement twice, with a different sample of solution each time. Calculate the","'99.87925720"
"'53","'LINE","'average density of the salt solution.","'99.96542358"
"'53","'LINE","'3.","'99.91210938"
"'53","'LINE","'For each method determine the relative average deviation of your results.","'99.97382355"
"'53","'LINE","'Which method is more precise? Explain.","'99.90101624"
"'53","'LINE","'Disposal","'99.99023438"
"'53","'LINE","'Salt solutions: Do one of the following, as indicated by your teacher.","'99.93077850"
"'53","'LINE","'a.","'98.70077515"
"'53","'LINE","'Recycle: Return the salt solution to its original container.","'99.95606232"
"'53","'LINE","'b.","'99.89178467"
"'53","'LINE","'Treatment/disposal: Dilute the salt solution 1:10 with tap water and flush","'99.40782928"
"'53","'LINE","'down the sink with running water.","'99.98371887"
"'53","'LINE","'C.","'78.38867188"
"'53","'LINE","'Disposal: Put the salt solution in a waste bottle labeled inorganic waste.","'99.81459045"
"'53","'LINE","'Questions","'99.99023438"
"'53","'LINE","'1.","'99.17490387"
"'53","'LINE","'From your data, calculate the volume occupied by 100 g of the following:","'99.91807556"
"'53","'LINE","'b. salt solution","'99.94439697"
"'53","'LINE","'C. metal bar","'92.38513947"
"'53","'LINE","'2.","'99.95117188"
"'53","'LINE","'From your answers to question 1 determine whether the metal bar or the salt","'99.81407166"
"'53","'LINE","'solution occupies the larger volume. Explain your answer in the context of the","'99.95806885"
"'53","'LINE","'densities of solids and liquids in general.","'99.94049835"
"'53","'LINE","'46","'99.93164063"
"'54","'LINE","'Measurements and Scientific Methods","'99.96278381"
"'54","'LINE","'3.","'99.95117188"
"'54","'LINE","'Define the terms precision and accuracy in such a way as to distinguish between","'99.81771088"
"'54","'LINE","'them.","'99.96014404"
"'54","'LINE","'4.","'99.95117188"
"'54","'LINE","'Are your results for the metal bar more precise or more accurate? Explain.","'99.96113586"
"'54","'LINE","'5.","'99.93164063"
"'54","'LINE","'From your data for the salt solution, evaluate the two methods in terms of their","'99.97418213"
"'54","'LINE","'precision. Which method should lead to greater precision? Which method","'99.97917175"
"'54","'LINE","'actually is more precise? Explain.","'99.89879608"
"'54","'LINE","'Prelab","'100.00000000"
"'54","'LINE","'Measurements and Density","'99.93031311"
"'54","'LINE","'The following data were obtained in order to determine the density of a cylindrical","'99.82108307"
"'54","'LINE","'metal bar.","'99.98535156"
"'54","'LINE","'Trial 1","'99.23270416"
"'54","'LINE","'1","'99.05133820"
"'54","'LINE","'2","'99.93164063"
"'54","'LINE","'3","'99.55257416"
"'54","'LINE","'Height (cm)","'99.87104797"
"'54","'LINE","'6.50","'99.99023438"
"'54","'LINE","'6.45","'99.99023438"
"'54","'LINE","'6.44","'99.99023438"
"'54","'LINE","'Diameter (cm)","'99.90074921"
"'54","'LINE","'1.25","'99.95117188"
"'54","'LINE","'1.26","'99.92187500"
"'54","'LINE","'1.22","'99.93164063"
"'54","'LINE","'Mass (g)","'99.86328125"
"'54","'LINE","'46.683","'99.97070313"
"'54","'LINE","'46.332","'99.97070313"
"'54","'LINE","'47.014","'99.73632813"
"'54","'LINE","'In the following calculations on this data, show the formula used, the substituted","'99.95037079"
"'54","'LINE","'numbers, and the result.","'99.97518921"
"'54","'LINE","'1.","'99.25462341"
"'54","'LINE","'Calculate the average density of the bar.","'99.97872925"
"'54","'LINE","'2.","'99.97070313"
"'54","'LINE","'Calculate the percent relative average deviation of the measurements.","'99.89154053"
"'54","'LINE","'3.","'99.96093750"
"'54","'LINE","'If the accepted value for the density of the bar is 6.70 g/cm³, what is the","'99.21794891"
"'54","'LINE","'percent relative error?","'99.97369385"
"'54","'LINE","'4.","'99.95117188"
"'54","'LINE","'Are these measurements more precise or more accurate? Explain.","'99.91304016"
"'54","'LINE","'5.","'99.92187500"
"'54","'LINE","'What is the purpose of repetition in measurements?","'99.92067719"
"'54","'LINE","'Key terms","'99.95077515"
"'54","'LINE","'Accuracy","'100.00000000"
"'54","'LINE","'Measured numbers","'99.99511719"
"'54","'LINE","'Calibration","'99.96014404"
"'54","'LINE","'Significant figures","'99.88042450"
"'54","'LINE","'Derived units","'99.96542358"
"'54","'LINE","'Scientific notations","'99.96054077"
"'54","'LINE","'Decimal places","'99.96014404"
"'54","'LINE","'Scientific method","'99.97518921"
"'54","'LINE","'Error","'100.00000000"
"'54","'LINE","'SI units","'99.84743500"
"'54","'LINE","'Exact numbers","'99.99023438"
"'54","'LINE","'Prefixes","'99.96014404"
"'54","'LINE","'Laboratory safety","'99.96014404"
"'54","'LINE","'Precision","'99.92028046"
"'54","'LINE","'Laboratory equipment","'99.90035248"
"'54","'LINE","'Uncertainty","'99.84056091"
"'54","'LINE","'Measurement","'99.48181915"
"'54","'LINE","'Unit Summary","'99.94100952"
"'54","'LINE","'The International System (SI) uses a particular selection of metric units. It employs","'99.80594635"
"'54","'LINE","'seven base units combined with prefixes to obtain units of various sizes. Units for other","'99.97282410"
"'54","'LINE","'quantities are derived from these.","'99.93459320"
"'54","'LINE","'To obtain a derived unit in SI for a quantity such as the volume or density, you merely","'98.55595398"
"'54","'LINE","'substitute base units into a defining equation for the quantity. SI units are used to","'99.86761475"
"'54","'LINE","'express physical quantities in all sciences, including chemistry.","'99.92414093"
"'54","'LINE","'47","'99.67773438"
"'55","'LINE","'Chemistry Grade 9","'99.77864838"
"'55","'LINE","'Scientific notation helps US handle very large and very small quantities. Most measured","'99.85187531"
"'55","'LINE","'quantities are inexact to some extent.","'99.90941620"
"'55","'LINE","'The number of significant figures indicates the exactness of the measurement. Accuracy","'99.92149353"
"'55","'LINE","'is defined as how closely a measured value agrees with the correct value. Precision is","'99.21070099"
"'55","'LINE","'defined as closely repeated measurements of the same quantity agree with one","'99.95009613"
"'55","'LINE","'another.","'99.95037079"
"'55","'LINE","'Chemistry is an experimental science in that the facts of chemistry are obtained by","'99.95925903"
"'55","'LINE","'experiment. The scientific method is a systematic approach to research that begins with","'99.86914063"
"'55","'LINE","'the gathering of information through observation and measurements. In the process,","'99.86532593"
"'55","'LINE","'hypotheses, laws, and theories are devised and tested.","'99.97670746"
"'55","'LINE","'The key to significance in experimental measurements is repetition. Only with repeated","'99.91442871"
"'55","'LINE","'measurements of the density, concentration, or other quantities can the experimenter","'99.72060394"
"'55","'LINE","'have some confidence in the significance of measurements.","'99.84217834"
"'55","'LINE","'Review Exercise","'99.98046875"
"'55","'LINE","'Part I: Basic Level Questions.","'99.31158447"
"'55","'LINE","'Indicate True or False for the following Statements.","'99.93064117"
"'55","'LINE","'1. There is always a degree of uncertainty involved with every measurement.","'99.79727936"
"'55","'LINE","'2. Multiplication of 36,000 and 52.00 give the significant value 1872.000.","'99.89926147"
"'55","'LINE","'3. There are four significant numbers in 70.03.","'99.91497040"
"'55","'LINE","'4. While adding or subtracting a quantity, the answer contain no more decimal","'99.82714844"
"'55","'LINE","'places than the least accurate measurement.","'99.90061188"
"'55","'LINE","'5. The significant figures in a number include all of the certain digits plus one doubtful","'99.83571625"
"'55","'LINE","'digit.","'99.92028046"
"'55","'LINE","'6. In the following expression 0.01208 0.0236 , the answer should be reported up","'96.84646606"
"'55","'LINE","'to four decimal places.","'99.96298218"
"'55","'LINE","'7. It is desirable for the sides of a graduated cylinder to be perfectly vertical.","'99.74530792"
"'55","'LINE","'Part II: Intermediate Level Questions.","'99.77578735"
"'55","'LINE","'For each question, four alternative choices are given, of which only one is correct. You","'99.95926666"
"'55","'LINE","'have to select the correct alternative and mark it in the appropriate option.","'99.96050262"
"'55","'LINE","'8. Calculate the following using proper number of significant figures:","'99.92646027"
"'55","'LINE","'(20.035x0.03120)/(4x0.333)","'74.54340363"
"'55","'LINE","'a. 0.47","'99.56552887"
"'55","'LINE","'C. 0.469","'89.79830933"
"'55","'LINE","'b. 0.40","'99.94140625"
"'55","'LINE","'d. 0.4692","'99.86288452"
"'55","'LINE","'9. A sample of nickel weighs 7.5425 g and has a density of 8.8 g/cm³. What is the","'98.06168365"
"'55","'LINE","'volume with the correct number of significant figures?","'99.94295502"
"'55","'LINE","'a. 1.33 cm³","'93.13198090"
"'55","'LINE","'C. 0.86 cm³","'85.15445709"
"'55","'LINE","'b. 9.2 cm³","'94.22034454"
"'55","'LINE","'d. None O f the above","'95.72856903"
"'55","'LINE","'48","'99.76562500"
"'56","'LINE","'Measurements and Scientific Methods","'99.95057678"
"'56","'LINE","'10. The mass of copper is 0.063546 kg and the density is 8.940 g/cm³. Calculate the","'98.93164825"
"'56","'LINE","'volume using scientific figures.","'99.69372559"
"'56","'LINE","'a. 7.108 cm³","'92.19567108"
"'56","'LINE","'C. 7.1080 cm³","'83.96663666"
"'56","'LINE","'b. 7.10 cm³","'93.44633484"
"'56","'LINE","'d. 7.1 cm³","'94.55111694"
"'56","'LINE","'11. Which of the following statements are correct for a burette?","'99.48530579"
"'56","'LINE","'a. The burette is designed to accurately deliver a volume of liquid","'99.69039154"
"'56","'LINE","'b. The burette is used for measuring the volume of liquid used from the burette","'99.96658325"
"'56","'LINE","'C. The burette volume can be measured to the hundredths place","'96.97220612"
"'56","'LINE","'d. All of the above","'99.96875000"
"'56","'LINE","'12. When expressed as 7.5x10⁴, only the significant figures of","'96.54195404"
"'56","'LINE","'are to be","'99.94439697"
"'56","'LINE","'considered.","'99.91051483"
"'56","'LINE","'a. 7.5","'99.56961060"
"'56","'LINE","'C. 7.005","'87.92410278"
"'56","'LINE","'b. 7.05","'99.92675781"
"'56","'LINE","'d. None of the above","'99.97070313"
"'56","'LINE","'13. The mass of an element is .007502 X 10⁻²⁶ g. Find the number of significant","'99.28968811"
"'56","'LINE","'figures when the mass is converted to mg. (Both mass values have same order of","'99.95145416"
"'56","'LINE","'magnitude)","'99.51191711"
"'56","'LINE","'a. 4","'98.61656952"
"'56","'LINE","'C. 3","'85.94736481"
"'56","'LINE","'b. 5","'99.73632813"
"'56","'LINE","'d. 2","'99.82382202"
"'56","'LINE","'14. A cube like crystal structure has length 6.000 cm, width 6.00 cm and height 0.0600","'99.06935120"
"'56","'LINE","'m. Calculate its volume with correct significant figures.","'99.77536774"
"'56","'LINE","'a. 216 cubic cm","'99.50369263"
"'56","'LINE","'C. 18.00 cm","'92.34381866"
"'56","'LINE","'b. 21.600 cubic cm","'99.72860718"
"'56","'LINE","'d. None of the above","'99.98046875"
"'56","'LINE","'15. What is the sum of 22.82 + 2.2457 with the correct number of significant figures.","'99.58406830"
"'56","'LINE","'a. 25.065","'98.42793274"
"'56","'LINE","'C. 25.06","'91.07790375"
"'56","'LINE","'b. 25.09","'99.89257813"
"'56","'LINE","'d. 25.0651","'99.92187500"
"'56","'LINE","'16. The weights of sodium chloride salt in three petri dishes are 99.99 g, 100.13 g,","'99.63478088"
"'56","'LINE","'and 100.23 g respectively. Which of the following is the average mass of salt?","'99.86096191"
"'56","'LINE","'a. 100.1166 g","'97.63452148"
"'56","'LINE","'C. 100.11 g","'88.89436340"
"'56","'LINE","'b. 100.116 g","'98.26145172"
"'56","'LINE","'d. 100.1 g","'98.98384094"
"'56","'LINE","'17. Which of the following expresses the one millionth of one in 3 significant places?","'99.90386963"
"'56","'LINE","'a. 0.01x10⁻⁶","'83.16441345"
"'56","'LINE","'C. 0.001x10⁻⁶","'72.68784332"
"'56","'LINE","'b. 0.10x10⁶","'84.18686676"
"'56","'LINE","'d. 1.00x10⁻⁶","'84.60728455"
"'56","'LINE","'18. Calculate the number of significant figures up to which (2.36x0.07251)/(2.103)","'97.17784882"
"'56","'LINE","'will be expressed.","'99.97369385"
"'56","'LINE","'a. 2","'99.52646637"
"'56","'LINE","'C. 4","'87.53646851"
"'56","'LINE","'b. 3","'99.76931000"
"'56","'LINE","'d. 5","'99.81445313"
"'56","'LINE","'Part III: Advanced Level Questions.","'99.88903046"
"'56","'LINE","'Answer the following questions.","'99.97274780"
"'56","'LINE","'19. Give the SI units for expressing these:","'99.75302124"
"'56","'LINE","'a. length,","'99.62821198"
"'56","'LINE","'d. mass,","'99.94628906"
"'56","'LINE","'g. energy,","'99.78276825"
"'56","'LINE","'b. area,","'99.95605469"
"'56","'LINE","'e. time,","'99.68312073"
"'56","'LINE","'h. temperature.","'99.78236389"
"'56","'LINE","'C. volume,","'88.28205109"
"'56","'LINE","'f. force,","'99.88729858"
"'56","'LINE","'49","'99.85351563"
"'57","'LINE","'Chemistry Grade 9","'99.82096863"
"'57","'LINE","'20. Write the numbers for these prefixes:","'99.91399384"
"'57","'LINE","'a. mega-","'99.31909180"
"'57","'LINE","'d. centi-","'99.87184906"
"'57","'LINE","'g. nano-","'99.77748108"
"'57","'LINE","'b. kilo-","'99.89665985"
"'57","'LINE","'e. milli-","'99.63796997"
"'57","'LINE","'h. pico-","'99.89138031"
"'57","'LINE","'C. deci-","'89.84713745"
"'57","'LINE","'f. micro-","'99.86248779"
"'57","'LINE","'21. Define density. What units do chemists normally use for density?","'99.85724640"
"'57","'LINE","'22. Write the equations for converting degrees Celsius to degrees Fahrenheit and","'99.95389557"
"'57","'LINE","'degrees Fahrenheit to degrees Celsius.","'99.92450714"
"'57","'LINE","'23. Carry out the following arithmetic operations to the correct number of significant","'99.94767761"
"'57","'LINE","'figures:","'98.04687500"
"'57","'LINE","'a. 12,343.2 g + 0.1893 g","'98.06514740"
"'57","'LINE","'d. 0.0239 kg ÷ 46.5 mL","'98.05943298"
"'57","'LINE","'b. 55.67 L - 2.386 L","'93.23085022"
"'57","'LINE","'e. 5.21 X 10³ cm + 2.92 X 10² cm","'95.61156464"
"'57","'LINE","'C. 7.52 m X 6.9232","'95.39345551"
"'57","'LINE","'24. Carry out the following arithmetic operations and round off the answers to the","'99.96274567"
"'57","'LINE","'appropriate number of significant figures:","'99.85260010"
"'57","'LINE","'a. 26.5862 L + 0.17 L,","'98.01156616"
"'57","'LINE","'d. 6.54 g ÷ 86.5542 mL,","'98.32871246"
"'57","'LINE","'b. 9.1 g - 4.682 g,","'95.50569916"
"'57","'LINE","'e. (7.55 X 10⁴ m) (8.62 X 10³m).","'93.05050659"
"'57","'LINE","'C. 7.1 X 10⁴ dm X 2.2654 X 10² dm","'93.71430206"
"'57","'LINE","'25. Carry out each of the following conversions.","'99.91893768"
"'57","'LINE","'a. 18.5 m to km;","'99.63632202"
"'57","'LINE","'C. 247 kg to g;","'95.25518799"
"'57","'LINE","'e. 85.9 dL to L;","'99.19507599"
"'57","'LINE","'b. 16.3 km to m;","'99.78160858"
"'57","'LINE","'d. 4.32 L to mL;","'99.78810883"
"'57","'LINE","'f. 8251 L to cm³","'97.63835144"
"'57","'LINE","'26. Express","'99.49218750"
"'57","'LINE","'a. 283°C in K;","'98.02420807"
"'57","'LINE","'C. 32.0°C in °F;","'90.91477966"
"'57","'LINE","'b. 15.25 K in °C;","'96.02638245"
"'57","'LINE","'d. 100.0°F in K.","'95.82439423"
"'57","'LINE","'27. Express","'99.38964844"
"'57","'LINE","'a. 0°F in °C;","'97.44573975"
"'57","'LINE","'C. 298 K in °F;","'89.41972351"
"'57","'LINE","'b. 98.6°F in K;","'97.74707794"
"'57","'LINE","'d. 11.3°C in °F.","'98.06321716"
"'57","'LINE","'28. Percent error is often expressed as the absolute value of the difference between","'99.94937897"
"'57","'LINE","'the true value and the experimental value, divided by the true value:","'99.96040344"
"'57","'LINE","'I","'57.61399841"
"'57","'LINE","'True value Experimental value |","'90.82386017"
"'57","'LINE","'Percent error =","'98.36482239"
"'57","'LINE","'X 100","'91.24561310"
"'57","'LINE","'True value","'99.70663452"
"'57","'LINE","'Where the vertical lines indicate absolute value. Calculate the percent error for these","'99.95881653"
"'57","'LINE","'measurements:","'99.55178070"
"'57","'LINE","'a. The density of alcohol (ethanol) is found to be 0.802 g/mL. (True value: 0.798 g/","'98.59468842"
"'57","'LINE","'mL.)","'99.87145233"
"'57","'LINE","'b. The mass of gold in an earring is analyzed to be 0.837 g. (True value: 0.864 g.)","'99.63271332"
"'57","'LINE","'50","'99.76562500"
"'58","'LINE","'UNIT","'99.06250000"
"'58","'LINE","'3","'97.13667297"
"'58","'LINE","'STRUCTURE OF THE ATOM","'94.70065308"
"'58","'LINE","'Unit Outcomes","'99.99511719"
"'58","'LINE","'At the end of this unit, you will be able to","'99.88514709"
"'58","'LINE","'discuss the development of Dalton's Atomic Theory and Modern Atomic","'99.98405457"
"'58","'LINE","'Theory;","'99.95037079"
"'58","'LINE","'explain the discovery of the proton, electron, neutron and the nucleus;","'99.99637604"
"'58","'LINE","'differentiate the terms like atomic number, mass number, atomic mass,","'99.97924805"
"'58","'LINE","'isotope, energy level, valence electrons and electronic configuration;","'99.99501801"
"'58","'LINE","'develop skills in determining the number of protons, electrons and neutrons","'99.99733734"
"'58","'LINE","'of atoms from atomic numbers and mass numbers;","'99.99145508"
"'58","'LINE","'develop skills in","'99.99023438"
"'58","'LINE","'calculating the atomic masses of elements that have isotopes;","'99.99891663"
"'58","'LINE","'writing the ground-state electron configurations of atoms using main","'99.97260284"
"'58","'LINE","'energy levels and drawing diagrammatic representations of atoms;","'99.97885132"
"'58","'LINE","'demonstrate scientific inquiry skills: observing, comparing and contrasting,","'99.95018005"
"'58","'LINE","'communicating, asking questions, and applying concepts.","'99.95851135"
"'59","'LINE","'Chemistry Grade 9","'99.80468750"
"'59","'LINE","'Students make groups and discuss on the following","'99.99511719"
"'59","'LINE","'questions and present your discussion points to the class.","'99.97694397"
"'59","'LINE","'1. What is the smallest seed you have ever known?","'99.64319611"
"'59","'LINE","'2. What is it made of?","'99.87374878"
"'59","'LINE","'Start-up Activity","'99.60937500"
"'59","'LINE","'3. Did you know what its inside and outside looks like?","'99.54904175"
"'59","'LINE","'4. How easy is it to draw its inside and outside?","'99.95088196"
"'59","'LINE","'The existence of atoms has been proposed since the time of early Indian and Greek","'99.99604034"
"'59","'LINE","'philosophers (400 B.C.) who were of the view that atoms are the fundamental building","'99.25895691"
"'59","'LINE","'blocks of matter. According to them, the continued subdivisions of matter would","'99.97600555"
"'59","'LINE","'ultimately yield atoms which would not be further divisible. The word 'atom' has been","'99.91330719"
"'59","'LINE","'derived from the Greek word 'a-tomos' which means 'uncutable' or 'non-divisible'.","'99.29383087"
"'59","'LINE","'These earlier ideas were mere speculations and there was no way to test them","'99.93131256"
"'59","'LINE","'experimentally. These ideas remained dormant for a very long time and were revived","'99.57880402"
"'59","'LINE","'again by John Dalton in the beginning of nineteenth century in terms of his atomic","'99.97819519"
"'59","'LINE","'theory. The atomic theory of matter was first proposed on a firm scientific basis by","'99.83507538"
"'59","'LINE","'John Dalton, a British school teacher in 1808. His theory, called Dalton's atomic theory,","'99.77012634"
"'59","'LINE","'regarded the atom as the ultimate particle of matter.","'99.96501160"
"'59","'LINE","'3.1 Historical Development of the Atomic Theories of Matter","'99.97603607"
"'59","'LINE","'At the end of this section, you will be able to state briefly the history of development","'99.90692902"
"'59","'LINE","'of atomic nature of substances.","'99.98812103"
"'59","'LINE","'Students, form groups and discuss the following questions.","'99.99379730"
"'59","'LINE","'Present your discussion points to the class when you are asked","'99.81082916"
"'59","'LINE","'by your teacher.","'99.97017670"
"'59","'LINE","'1. What are the simplest components of wood, rocks, and","'99.92318726"
"'59","'LINE","'living organisms? In other words, what could you find if you","'99.50652313"
"'59","'LINE","'split these materials to the least possible limit?","'99.97904968"
"'59","'LINE","'2. The Universe in which we live is so vast and contains the","'98.09335327"
"'59","'LINE","'stars, the Sun, the Moon, the planets, dust, air, water, soil","'99.95755005"
"'59","'LINE","'and other materials. Do you know what all these things are","'99.56996918"
"'59","'LINE","'made of?","'99.76322937"
"'59","'LINE","'3. What do you think is the importance of knowing the nature","'99.64322662"
"'59","'LINE","'of substances?","'99.89546204"
"'59","'LINE","'Activity 3.1","'99.66717529"
"'59","'LINE","'52","'99.73632813"
"'60","'LINE","'Structure of the Atom","'99.95565796"
"'60","'LINE","'A scientific theory is a well-tested, broad explanation of a natural phenomenon. In","'98.95342255"
"'60","'LINE","'everyday life, we often use the word theory to mean a hypothesis or educated guess,","'99.82708740"
"'60","'LINE","'but a theory in the context of science is not simply a guess. It is an explanation","'99.72985077"
"'60","'LINE","'based on extensive and repeated experimentation. Because it is so well supported, a","'98.77045441"
"'60","'LINE","'scientific theory has a very good chance of being a correct explanation for events in","'99.79916382"
"'60","'LINE","'nature. Since it is a broad explanation, it can explain many observations and pieces","'99.89358521"
"'60","'LINE","'of evidence. In other words, it can help connect and make sense of many phenomena in","'99.94786835"
"'60","'LINE","'the natural world. Chemistry is full of abstract concepts that deal with the microscopic","'99.96971893"
"'60","'LINE","'world. To explain these abstract and microscopic concepts, scientists spent a lot of time","'99.39145660"
"'60","'LINE","'and energy. In this section, we are going to see the origin of the Atomic Theory.","'99.96312714"
"'60","'LINE","'All modern scientists accept the concept of the atom, but when the concept of the atom","'99.97604370"
"'60","'LINE","'was first proposed about 2,500 years ago, ancient philosophers laughed at the idea.","'99.93252563"
"'60","'LINE","'It has always been difficult to convince people bout the existence of things that are","'99.89960480"
"'60","'LINE","'too small to see. We will spend some time considering the evidence (observations) that","'99.90156555"
"'60","'LINE","'convinced scientists of the existence of atoms.","'99.97035980"
"'60","'LINE","'The Indivisible Atom","'99.92054749"
"'60","'LINE","'Greek philosophy was emerged early in the 6th century BC, centered in the city of","'98.41349030"
"'60","'LINE","'Miletus on the lonian coast in Asia Minor (now called Turkey). In the middle of the 5th","'98.32505798"
"'60","'LINE","'century BC, an ancient Greek philosopher, Empedocles, thought that all materials are","'99.66084290"
"'60","'LINE","'made up of four things called elements: earth, air, water, and fire.","'99.88814545"
"'60","'LINE","'Plato (student of Socrates and teacher of Aristotle) adopted Empedocles' Theory, and","'99.64586639"
"'60","'LINE","'coined the term element to describe these four substances. His successor, Aristotle, also","'99.92527771"
"'60","'LINE","'adopted the concept of four elements. He introduced the idea that elements can be","'98.45011139"
"'60","'LINE","'differentiated based on properties such as hot versus cold, and wet versus dry. For","'99.95245361"
"'60","'LINE","'example, heating clay in an oven could be thought of as driving off water and adding","'99.89926910"
"'60","'LINE","'fire, transforming clay into a pot. Similarly, water (cold & wet) falls from the sky as","'99.80200195"
"'60","'LINE","'rain, when air (hot and wet) cools down. The Greek concept of four elements existed","'99.97971344"
"'60","'LINE","'for more than two thousand years.","'99.99023438"
"'60","'LINE","'Democritus (460-370 B.C) was a Greek philosopher born in Abdera in the North of","'99.35475922"
"'60","'LINE","'Greece. Democritus was a student of Leucippus, who proposed the atomic theory of","'99.86907959"
"'60","'LINE","'matter; however, there is little documentation on the philosophy of Leucippus. It was","'99.88641357"
"'60","'LINE","'Democritus, who elaborated extensive works on his theories on the atomic structure of","'99.96219635"
"'60","'LINE","'the physical world, of the universe, and the void of space. Although Democritus was a","'99.88066864"
"'60","'LINE","'philosopher, he is included among the list of great pioneers of physics and chemistry","'99.97680664"
"'60","'LINE","'of the 19th and 20th centuries. This is because many of his teachings on the structure of","'99.50206757"
"'60","'LINE","'matter were demonstrated by scientists over 2000 years after his death.","'99.97669983"
"'60","'LINE","'Democritus taught the theory of atomism, which held the belief that indivisible and","'99.95794678"
"'60","'LINE","'indestructible atoms are the basic components of all matter in the universe. Thus the","'99.94479370"
"'60","'LINE","'word atom is derived from the Greek word atomos meaning indivisible.","'99.95414734"
"'60","'LINE","'53","'99.80468750"
"'61","'LINE","'Chemistry Grade 9","'99.86002350"
"'61","'LINE","'Figure 3.1 From left to right: Democritus and Leucippus.","'99.85118866"
"'61","'LINE","'Exercise 3.1","'99.90234375"
"'61","'LINE","'++++++++++++","'21.48557091"
"'61","'LINE","'Give the correct answer for the following questions.","'99.99013519"
"'61","'LINE","'1. According to the Greek philosopher Empedocles, what are the four elements","'99.94107819"
"'61","'LINE","'that all materials are made up of?","'99.80278015"
"'61","'LINE","'2. What is the contribution of Plato and Aristotle to the Atomic Theory?","'99.97878265"
"'61","'LINE","'The Greek Concept of 'Atomos'","'99.46994781"
"'61","'LINE","'Students, discuss in groups of two or three the following","'99.98437500"
"'61","'LINE","'questions and present your discussion points to the class.","'99.99015045"
"'61","'LINE","'1. If you were given the right to name the smallest","'99.74299622"
"'61","'LINE","'?","'92.37225342"
"'61","'LINE","'thing you obtained after splitting a substance to the","'99.60762024"
"'61","'LINE","'possible limit, what do you call it?","'99.58070374"
"'61","'LINE","'2. Why do you give that name?","'99.72830200"
"'61","'LINE","'3. Do you think it is the right term to describe the","'99.86333466"
"'61","'LINE","'smallest particle from which every substance is","'99.99023438"
"'61","'LINE","'Activity 3.2","'99.92107391"
"'61","'LINE","'made up of?","'99.52652740"
"'61","'LINE","'About 2,500 years ago, early Greek philosophers believed the entire universe was","'99.96209717"
"'61","'LINE","'a single, huge, entity. In other words, ""everything was one."" They believed that all","'99.82663727"
"'61","'LINE","'objects all matter and all substances were connected as a single big unchangeable","'99.90081024"
"'61","'LINE","''thing'.","'98.15748596"
"'61","'LINE","'Around 440 BC, Leucippus originated the atom concept. He and his pupil, Democritus","'96.62866211"
"'61","'LINE","'(c 460 - 371 BC) refined and extended it in future years. The work of Leucippus and","'99.16670990"
"'61","'LINE","'Democritus was further developed by Epicurus (341- 270 BC), who made the ideas","'99.30641174"
"'61","'LINE","'more generally known. There are five major points to their atomic idea.","'99.98027039"
"'61","'LINE","'54","'99.50195313"
"'62","'LINE","'Structure of the Atom","'99.96054077"
"'62","'LINE","'i.","'99.59642029"
"'62","'LINE","'All matter is composed of atoms, which are bits of matter too small to be seen.","'99.96745300"
"'62","'LINE","'These atoms cannot be further split into smaller portions. Democritus reasoned that","'99.96610260"
"'62","'LINE","'if matter could be infinitely divided, it was also subjected to complete disintegration","'99.92026520"
"'62","'LINE","'from which it can never be put back together. In Greek, the prefix 'a' means 'not'","'99.84583282"
"'62","'LINE","'and the word 'tomos' means 'cut'. Our word atom, therefore, comes from atomos,","'99.84162140"
"'62","'LINE","'a Greek word meaning uncuttable.","'99.47365570"
"'62","'LINE","'ii. There is a void, which is an empty space between atoms.","'99.41442871"
"'62","'LINE","'Leucippus believed in the existence of an empty space between atoms. Given","'99.95125580"
"'62","'LINE","'that all matter is composed of atoms, then all changes must be as a result of the","'99.82011414"
"'62","'LINE","'movement of atoms. However, to move there must be a void; a space entirely","'99.74310303"
"'62","'LINE","'empty of matter through which atoms can move from place to place. The problem","'99.98181152"
"'62","'LINE","'with this assumption is that, if there is an entirely void space between atoms, then","'99.95936584"
"'62","'LINE","'what held the atoms together? Leucippus and Democritus did not answer this","'99.92956543"
"'62","'LINE","'question.","'99.92028046"
"'62","'LINE","'iii. Atoms are completely solid.","'99.90724945"
"'62","'LINE","'This means that there can be no void inside an atom itself. An atom would be","'99.94686127"
"'62","'LINE","'subjected to changes from outside and could disintegrate, otherwise. Then, it","'99.90629578"
"'62","'LINE","'would not be an atom.","'99.96289063"
"'62","'LINE","'iv. Atoms are homogeneous, with no internal structure.","'99.89474487"
"'62","'LINE","'The absolute solidity of the atoms also leads to the notion that atoms are","'99.98384094"
"'62","'LINE","'homogeneous, or the same all the way through. Another way to express this is that","'99.94819641"
"'62","'LINE","'an atom would have no internal structure.","'99.90538788"
"'62","'LINE","'V. Atoms are different in their sizes, shapes, and weight.","'99.11419678"
"'62","'LINE","'Democritus then reasoned that changes occur when the many atomos (now known as","'99.92951965"
"'62","'LINE","'atoms) in an object were reconnected or recombined in different ways. Democritus","'99.90365601"
"'62","'LINE","'even extended this theory suggesting that there were different varieties of atomos","'99.95715332"
"'62","'LINE","'with different shapes, sizes, and masses. The generally accepted atomic model of","'99.97111511"
"'62","'LINE","'Democritus is called 'the solid sphere'.","'96.32164764"
"'62","'LINE","'However, since Aristotle and other prominent thinkers of the time strongly opposed","'99.97763062"
"'62","'LINE","'their idea of the atom, their theory was disregarded and essentially buried until","'99.97791290"
"'62","'LINE","'the 16th and 17th centuries. In time, Lavoisier's innovative 18th-century experiments","'98.35350800"
"'62","'LINE","'accurately measured all substances involved in the burning process, proving that","'99.96117401"
"'62","'LINE","'""when substances burn, there is no net gain or loss of weight."" Lavoisier established","'99.86767578"
"'62","'LINE","'the science of modern chemistry, which gained greater acceptance. This is because","'99.95037079"
"'62","'LINE","'of the efforts of John Dalton, who modernized the ancient Greek ideas of element,","'99.95671082"
"'62","'LINE","'atom, compound, and molecule. Dalton also provided a means of explaining chemical","'99.85715485"
"'62","'LINE","'reactions in quantitative terms.","'99.91560364"
"'62","'LINE","'55","'99.84375000"
"'63","'LINE","'Chemistry Grade 9","'99.79166412"
"'63","'LINE","'Drawbacks of the Early Greek Philosophers","'99.98521423"
"'63","'LINE","'The early Greek philosophers tried to understand the nature of the world through","'99.99474335"
"'63","'LINE","'reason and logic, but not through experiment and observation. As a result, they had","'99.83811188"
"'63","'LINE","'some very thought-provoking ideas, but they felt no need to justify their ideas based","'99.94362640"
"'63","'LINE","'on life experiences. In a lot of ways, you can think of the Greek philosophers as being","'99.80796051"
"'63","'LINE","'""all thought and no action."" It's truly amazing how much they achieved using their","'99.61185455"
"'63","'LINE","'minds, but because they never performed any experiments, they missed or rejected a","'99.88954163"
"'63","'LINE","'lot of discoveries that they could have made, otherwise. Greek philosophers dismissed","'99.97694397"
"'63","'LINE","'Democritus' Theory entirely. Sadly, it took over two millennia before the theory of","'99.83023071"
"'63","'LINE","'atomos (or 'atoms' as they are known today) was fully appreciated.","'99.88601685"
"'63","'LINE","'<<<<<<<<<<<<","'15.69809341"
"'63","'LINE","'Exercise 3.2","'99.90682983"
"'63","'LINE","'Give the correct answer for the following questions.","'99.98647308"
"'63","'LINE","'1. Where, by whom, and when was the concept 'atom' originated?","'99.88764954"
"'63","'LINE","'2. What does the word 'atom' mean?","'99.89946747"
"'63","'LINE","'3. What are the five major points of the atomic ideas, according to the Greek","'99.96517181"
"'63","'LINE","'philosophers?","'99.99023438"
"'63","'LINE","'4. According to the ancient Greek philosophers, what do you think is an atom","'99.91138458"
"'63","'LINE","'like? Can you draw it in your exercise book?","'99.59524536"
"'63","'LINE","'5. What example can you give, from a local material around you, that you","'99.51865387"
"'63","'LINE","'think looks like an atom?","'99.97640228"
"'63","'LINE","'3.2 Fundamental Laws of Chemical Reactions","'99.96568298"
"'63","'LINE","'We are living in a world full of laws. Laws are generalized observations about a","'99.74525452"
"'63","'LINE","'relationship between two or more things in the natural world. Scientific laws or laws of","'99.96934509"
"'63","'LINE","'science are statements, based on repeated experiments or observations, that describe","'99.93986511"
"'63","'LINE","'or predict a range of natural phenomena. They don't explain why the phenomenon","'99.90619659"
"'63","'LINE","'exists or what causes it. The explanation of a phenomenon is called a scientific theory.","'99.83896637"
"'63","'LINE","'Chemical Laws are those laws of nature relevant to chemistry. In this section, we are","'99.94201660"
"'63","'LINE","'going to discuss some of the chemical laws.","'99.98149109"
"'63","'LINE","'3.2.1 The Law of Conservation of Mass","'99.89736176"
"'63","'LINE","'At the end of this section, you will be able to","'99.79640961"
"'63","'LINE","'state the law of conservation of mass and illustrate using examples.","'99.92597198"
"'63","'LINE","'describe the law of conservation of mass using simple experiments.","'99.97331238"
"'63","'LINE","'56","'99.67773438"
"'64","'LINE","'Structure of the Atom","'99.95565796"
"'64","'LINE","'Students, form a group of two or three and discuss","'99.84120178"
"'64","'LINE","'the following questions. Present your discussion points","'99.97583008"
"'64","'LINE","'to the class.","'99.97396088"
"'64","'LINE","'1. Which direction is water flowing in your locality,","'99.90832520"
"'64","'LINE","'high to low or from low to high altitude?","'99.85112762"
"'64","'LINE","'2. Will the direction of flow of water change in places","'99.97676849"
"'64","'LINE","'other than your locality? Why?","'99.90254211"
"'64","'LINE","'3. If you dissolve 3g of sugar in 20 g of water, how","'99.72174835"
"'64","'LINE","'many grams of a sugar solution will you get? Is it","'99.52447510"
"'64","'LINE","'correct if we write: sugar (3g) + water (20 g) =","'99.09803009"
"'64","'LINE","'sugar solution (23 g)?","'96.44068146"
"'64","'LINE","'4. What will happen to the mass of pieces of campfire","'99.95738983"
"'64","'LINE","'wood after burning it? Do you think the mass of the","'99.72259521"
"'64","'LINE","'pieces of the campfire wood is equal to the mass","'99.97355652"
"'64","'LINE","'of the ash we get from burning it? Why?","'99.88916779"
"'64","'LINE","'Activity 3.3","'99.75347137"
"'64","'LINE","'In science, a law is a general statement that explains a large number of observations.","'99.52496338"
"'64","'LINE","'Before being accepted, a law must be verified many times under many conditions.","'99.83973694"
"'64","'LINE","'Laws are, therefore, considered the highest form of scientific knowledge, and are","'99.97702026"
"'64","'LINE","'generally supposed to be unbreakable. Scientific laws form the core of scientific","'99.96868134"
"'64","'LINE","'knowledge. One scientific law that provides the foundation for understanding in","'99.95030212"
"'64","'LINE","'chemistry is the Law of Conservation of Mass. The law of conservation of mass is also","'99.91386414"
"'64","'LINE","'known as the 'Law of Indestructibility of Matter'. It states that in any given system that","'97.90496063"
"'64","'LINE","'is closed to the transfer of matter (in and out), the amount of matter in the system stays","'99.95307922"
"'64","'LINE","'unchanged. A simple way of expressing this law is to say that the amount of matter in","'99.48152924"
"'64","'LINE","'a system is conserved.","'99.56861877"
"'64","'LINE","'The Law of Conservation of Mass dates from Antoine Lavoisier's 1789 discovery that","'99.96339417"
"'64","'LINE","'mass is neither created nor destroyed in chemical reactions. In other words, the mass","'99.93793488"
"'64","'LINE","'of any one element at the beginning of a reaction will equal the mass of that element","'99.88107300"
"'64","'LINE","'at the end of the reaction. If we account for all reactants and products in a chemical","'99.85710144"
"'64","'LINE","'reaction, the total mass will be the same at any point in time in any closed system.","'99.96817017"
"'64","'LINE","'These laws are called the Laws of Chemical Combination. Ten years later, Joseph","'99.95650482"
"'64","'LINE","'Louis Proust proposed the Law of Definite Proportions, which states that the masses of","'99.95600891"
"'64","'LINE","'elements in a compound always occur in the same proportion. Lavoisier's finding laid","'99.85737610"
"'64","'LINE","'the groundwork for modern chemistry and revolutionized science.","'99.98647308"
"'64","'LINE","'These theories didn't reference atoms, yet John Dalton built upon them to develop the","'99.95176697"
"'64","'LINE","'Law of Multiple Proportions, which states that the ratios of masses of elements in a","'99.75681305"
"'64","'LINE","'compound are small whole numbers. Dalton's Law of Multiple Proportions drew from","'99.94956207"
"'64","'LINE","'experimental data. He proposed that each chemical element consists of a single type","'97.29378510"
"'64","'LINE","'57","'99.73632813"
"'65","'LINE","'Chemistry Grade 9","'99.79140472"
"'65","'LINE","'of atom that could not be destroyed by any chemical means. These ultimately formed","'99.99511719"
"'65","'LINE","'the basis of Dalton's Atomic Theory of Matter. His work marked the beginning of the","'99.89246368"
"'65","'LINE","'scientific atomic theory.","'99.95362854"
"'65","'LINE","'According to the Law of Conservation of Mass, during any chemical change, the total","'99.93677521"
"'65","'LINE","'mass of the products remains equal to the total mass of the reactants. The mass of","'99.96735382"
"'65","'LINE","'Reactants 1 & 2 is equal to the mass of Products 1 & 2.","'99.34635925"
"'65","'LINE","'Reactant 1 + Reactant 2","'56.59279251"
"'65","'LINE","'Product 1 + Product 2","'71.18144226"
"'65","'LINE","'The Law of Conservation of Mass holds true because naturally occurring elements","'99.97606659"
"'65","'LINE","'are very stable at the conditions found on the surface of the Earth. In the everyday","'99.97050476"
"'65","'LINE","'world of Earth, from the top of the highest mountain to the lowest point of the deepest","'99.96855927"
"'65","'LINE","'ocean, atoms are not changed to other elements during ordinary chemical reactions.","'99.97281647"
"'65","'LINE","'Exercise 3.3","'99.90682983"
"'65","'LINE","'++++++++++++","'20.60786057"
"'65","'LINE","'Give the correct answer for the following questions.","'99.98647308"
"'65","'LINE","'1. Define the term 'law'.","'99.64105988"
"'65","'LINE","'2. What is a 'scientific law'?","'98.72863770"
"'65","'LINE","'3. What is the difference between a 'scientific law' and a 'scientific theory'?","'99.45169830"
"'65","'LINE","'4. What is a Chemical Law?","'99.64611816"
"'65","'LINE","'5. Who discovered the Law of Conservation of Mass?","'99.98146057"
"'65","'LINE","'6. State The Law of Conservation of Mass.","'99.96551514"
"'65","'LINE","'Experiments on The Law of Conservation of Mass","'99.98281097"
"'65","'LINE","'The objective of the experiments is to practically show the application of the Law","'99.98023987"
"'65","'LINE","'of Conservation of Mass in chemical reactions. These experiments could help you","'99.85729980"
"'65","'LINE","'developing a scientific attitude, in working together, and in being honest.","'99.79950714"
"'65","'LINE","'Experiment 3.1","'99.78435516"
"'65","'LINE","'The reaction between silver nitrate solution and dilute hydrochloric acid","'99.98323822"
"'65","'LINE","'HCl(aq) + AgNO₃(aq)","'76.45036316"
"'65","'LINE","'AgCI(s) + HNO3(I)","'78.57328796"
"'65","'LINE","'Materials: conical flask, thread, cotton, test tube, safety goggles, gloves, balance","'99.96938324"
"'65","'LINE","'and glass road.","'99.99023438"
"'65","'LINE","'Chemicals: hydrochloric acid, silver nitrate solution.","'99.95362854"
"'65","'LINE","'Precaution: Hydrochloric acid and nitric acid are corrosive. Avoid contact with","'99.97026825"
"'65","'LINE","'skin.","'99.99023438"
"'65","'LINE","'58","'99.73632813"
"'66","'LINE","'Structure of the Atom","'99.96786499"
"'66","'LINE","'Procedure: Please follow the following procedures.","'99.98671722"
"'66","'LINE","'1. Place dilute HCI in a conical flask to a depth of about 1 cm.","'99.25032043"
"'66","'LINE","'2. Tie a thread of cotton around the top of a test tube.","'99.75457001"
"'66","'LINE","'3. Half fill the test tube with silver nitrate solution.","'99.93549347"
"'66","'LINE","'4. Place the test tube inside the conical flask so that it is held on a slant by the","'98.55510712"
"'66","'LINE","'thread and place a bung in the top of the flask to hold the thread in place.","'99.81050110"
"'66","'LINE","'5. Weigh the conical flask and contents.","'99.95467377"
"'66","'LINE","'6. Tilt the flask so that the silver nitrate solution should be poured into the dilute","'99.16568756"
"'66","'LINE","'hydrochloric acid. This will result in a white precipitate of silver chloride is","'99.79193115"
"'66","'LINE","'produced (Figure 3.2).","'99.65959930"
"'66","'LINE","'7. Reweigh the conical flask and contents.","'99.95746613"
"'66","'LINE","'8. Remove the test tube from the inside of the conical flask. Discard the contents","'99.98475647"
"'66","'LINE","'of the conical flask into the waste tank prepared for this purpose. Discard the","'99.99366760"
"'66","'LINE","'thread, the cotton, and the gloves on the proper dust bin prepared for this","'99.98587799"
"'66","'LINE","'purpose.","'99.99023438"
"'66","'LINE","'9. Wash the test tube and the conical flask and dry them in an oven. Put them","'99.97214508"
"'66","'LINE","'on their proper places.","'99.98046875"
"'66","'LINE","'Silver nitrate","'99.74619293"
"'66","'LINE","'Hydrochloric acid","'99.99023438"
"'66","'LINE","'Figure 3.2 Set up for the reaction between silver nitrate solution (AgNO₃) and","'98.80133057"
"'66","'LINE","'dilute hydrochloric acid (HCI).","'99.37484741"
"'66","'LINE","'Observation and analysis questions","'99.98759460"
"'66","'LINE","'1. What is the mass of the conical flask and its contents before the reaction?","'99.93550873"
"'66","'LINE","'2. What is the mass of the conical flask and its contents after the reaction?","'99.96631622"
"'66","'LINE","'3. Does this experiment confirm the Law of Conservation of Mass?","'99.94941711"
"'66","'LINE","'59","'99.58007813"
"'67","'LINE","'Chemistry Grade 9","'99.87630463"
"'67","'LINE","'Experiment 3.2","'99.88729858"
"'67","'LINE","'The reaction between barium nitrate and sodium sulphate","'99.99003601"
"'67","'LINE","'BaSO₄(s) + 2NaNO₃(aq)","'81.68208313"
"'67","'LINE","'Materials: beakers (250 & 150 mL), Whatman filter paper, Erlenmeyer flask,","'99.70638275"
"'67","'LINE","'funnel, sand bath, metal stand, metal ring, clamps, Bunsen burner, balance, glass","'99.98922729"
"'67","'LINE","'road.","'100.00000000"
"'67","'LINE","'Chemicals: Barium nitrate, sodium sulphate, distilled water.","'99.96304321"
"'67","'LINE","'Procedure: Please follow the following procedures","'99.97857666"
"'67","'LINE","'1. To 150 mL beaker add100 mL distilled water and 2.61 g of of Ba(NO₃)₂ and","'98.46640015"
"'67","'LINE","'stir vigorously until it dissolves. This will make a 0.1M Ba(NO₃)₂ solution.","'97.99813843"
"'67","'LINE","'2. To 150 mL beaker add100 mL distilled water and 1.42 g of Na2SO₄ and stir","'94.96442413"
"'67","'LINE","'vigorously until it dissolves.","'99.94325256"
"'67","'LINE","'3. Mix the solutions in 250 mL beaker and stir the contents very well.","'99.93270874"
"'67","'LINE","'4. Filter off the white insoluble BaSO₄ using filter paper and dry it in an oven at","'98.66963959"
"'67","'LINE","'40 °C. Weigh the BaSO₄.","'88.04296875"
"'67","'LINE","'5. Evaporate the water from the filtrate on a sand bath and weigh the residue","'99.81375885"
"'67","'LINE","'of NaNO₃. Do not heat it to complete dryness.","'99.17014313"
"'67","'LINE","'6. Keep the BaSO₄ and NaNO₃ in separate bottles, label them and put it on the","'97.79538727"
"'67","'LINE","'chemical shelf.","'99.96542358"
"'67","'LINE","'7. Clean, dry and put the beakers on the cupboard.","'99.97632599"
"'67","'LINE","'Distilled","'99.99023438"
"'67","'LINE","'Barium","'100.00000000"
"'67","'LINE","'Distilled","'99.99023438"
"'67","'LINE","'Sodium","'99.95037079"
"'67","'LINE","'water","'99.95117188"
"'67","'LINE","'nitrate","'99.93083954"
"'67","'LINE","'water","'99.92187500"
"'67","'LINE","'sulphate","'100.00000000"
"'67","'LINE","'1","'99.63787079"
"'67","'LINE","'2","'99.58007813"
"'67","'LINE","'Sand","'100.00000000"
"'67","'LINE","'3","'99.48661041"
"'67","'LINE","'4","'99.55895233"
"'67","'LINE","'5","'99.75585938"
"'67","'LINE","'Figure 3.3 Set up for the reaction between barium nitrate (Ba(NO₃)₂) and sodium","'98.47824860"
"'67","'LINE","'sulphate (Na₂SO₄).","'83.08743286"
"'67","'LINE","'60","'99.77458954"
"'68","'LINE","'Structure of the Atom","'99.96542358"
"'68","'LINE","'Observation and analysis questions:","'99.95809937"
"'68","'LINE","'Give the correct answer for the following questions.","'99.98159027"
"'68","'LINE","'1. What is the mass of the barium sulphate?","'99.90705872"
"'68","'LINE","'2. What is the mass of the sodium nitrate?","'99.94529724"
"'68","'LINE","'3. What is the mass of the water used in the experiment?","'99.93836975"
"'68","'LINE","'4. Is this experiment in agreement with the Law of Conservation of Mass?","'99.96607208"
"'68","'LINE","'5. Express the Law of Conservation of Matter in your own words.","'99.96141815"
"'68","'LINE","'6. Explain why the concept of conservation of matter is considered a scientific","'99.79630280"
"'68","'LINE","'law.","'99.95037079"
"'68","'LINE","'7. Potassium hydroxide (KOH) readily reacts with carbon dioxide (CO2) to","'96.22559357"
"'68","'LINE","'produce potassium carbonate (K2CO₃) and water (H₂O). How many grams of","'94.96220398"
"'68","'LINE","'potassium carbonate is produced if 224.4 g of KOH reacted with 88.0 g of","'99.34139252"
"'68","'LINE","'CO2. The reaction also produced 36.0 g of water.","'96.40266418"
"'68","'LINE","'3.2.2 The Law of Definite Proportions","'99.92798615"
"'68","'LINE","'At the end of this section, you will be able to state the Law of Definite Proportions.","'99.92707062"
"'68","'LINE","'Before directly delving into The Law of Definite Proportions we shall see how to","'99.97035980"
"'68","'LINE","'calculate the molecular weights and moles of molecules. First we hall discuss how","'99.98335266"
"'68","'LINE","'to calculate the molecular weights of molecules. In the previous unit you have come","'99.82231140"
"'68","'LINE","'across the concept of average atomic mass of elements (the detail shall be discussed","'99.97971344"
"'68","'LINE","'in 3.5.3). The molecular weight of a substance is the sum of the atomic masses of all","'99.89369965"
"'68","'LINE","'atoms in a molecule, based on a scale in which the atomic masses of hydrogen, carbon,","'99.72299957"
"'68","'LINE","'nitrogen, and oxygen are 1, 12, 14, and 16, respectively.","'99.57244110"
"'68","'LINE","'Problem: Calculate the molecular weight of ammonium ion (NH₄⁺).","'97.83084106"
"'68","'LINE","'Solution: First calculate the atomic masses of the atoms in ammonium.","'99.94792938"
"'68","'LINE","'Mass of nitrogen = 14 and we have only one nitrogen atom.","'99.70080566"
"'68","'LINE","'Mass of hydrogen = 1 however we have four hydrogens and therefore the total mass","'99.59869385"
"'68","'LINE","'of hydrogen in ammonia will be 1 X 4 = 4.","'97.65917969"
"'68","'LINE","'Now add all the atomic masses.","'99.97708130"
"'68","'LINE","'Mass of ammonia = mass of nitrogen + mass of hydrogen = 14 + 4 = 18.","'98.03388977"
"'68","'LINE","'The mole is defined as the amount of substance of a system which contains as many","'99.86270905"
"'68","'LINE","'elementary entities as there are atoms in 0.012 kilogram of carbon 12; its symbol is","'99.91098022"
"'68","'LINE","'""mol"". One can calculate the number of moles of a compound or molecule by dividing","'99.71179962"
"'68","'LINE","'the mass of the compound by its molecular mass. The number of moles will be discussed","'99.98042297"
"'68","'LINE","'further in Grade 10, unit 2 under ways of expressing concentrations of solutions.","'99.92627716"
"'68","'LINE","'61","'99.84375000"
"'69","'LINE","'Chemistry Grade 9","'99.80794525"
"'69","'LINE","'given mass","'99.11132813"
"'69","'LINE","'Number of moles =","'99.25701904"
"'69","'LINE","'molecular mass","'99.62362671"
"'69","'LINE","'Problem: Calculate the number of moles of 2 g of ammonium ion (NH₄⁺).","'98.37854767"
"'69","'LINE","'Solution","'99.96014404"
"'69","'LINE","'given mass of NH₄⁺","'92.64733124"
"'69","'LINE","'Number of moles =","'99.18417358"
"'69","'LINE","'molecular mass of NH₄⁺","'92.75225830"
"'69","'LINE","'= (2 g)/(18 g/mol) = 0.1 1mol","'86.61985779"
"'69","'LINE","'Law of Definite Proportions, also known as Proust's Law or the Law of Constant","'99.94351196"
"'69","'LINE","'Composition states that every chemical compound contains fixed and constant","'99.98804474"
"'69","'LINE","'proportions (by mass) of its constituent elements. To understand this, let US consider the","'99.72660828"
"'69","'LINE","'following examples.","'99.94020844"
"'69","'LINE","'Example 3.1: Carbon dioxide (CO₂) is composed of one carbon atom and two oxygen","'98.25849152"
"'69","'LINE","'atoms. Therefore, by mass, carbon dioxide can be described by the fixed ratio of 12","'99.93783569"
"'69","'LINE","'(mass of carbon) : 32 (mass of oxygen) or simplified as 3:8.","'99.12654114"
"'69","'LINE","'Example 3.2: Let US take, for example, a water molecule (H₂O). Whatever the source","'98.79285431"
"'69","'LINE","'of water, its composition is that of two atoms of hydrogen and one atom of oxygen.","'99.93878174"
"'69","'LINE","'If we calculate the molecular weight of water, we come up with 18 g/mol. In 1 mole","'99.48410034"
"'69","'LINE","'of water, there are 2 grams of hydrogen and 16 grams of oxygen. In other words,","'99.92723083"
"'69","'LINE","'hydrogen and oxygen are in a ratio of 1:8 in water. The Law of Definite Proportions","'99.86991882"
"'69","'LINE","'illustrates that whatever the amount of water, whether it be 2 g or 54 g, the ratio of","'99.77410126"
"'69","'LINE","'the amount of hydrogen to oxygen by weight will always be the same.","'99.98491669"
"'69","'LINE","'*************","'19.29069519"
"'69","'LINE","'Exercise 3.4","'99.90682983"
"'69","'LINE","'Give the correct answers for the following questions.","'99.98647308"
"'69","'LINE","'1. Define Proust's Law or the Law of Definite Proportions.","'99.82744598"
"'69","'LINE","'2. What is the ratio of hydrogen to oxygen (by weight) in 25 g H2O?","'97.59414673"
"'69","'LINE","'3. What is the ratio of carbon to hydrogen to oxygen (by weight) in 25 g","'99.78899384"
"'69","'LINE","'ethanol (C2H₆O)?","'82.00743103"
"'69","'LINE","'62","'99.61834717"
"'70","'LINE","'Structure of the Atom","'99.95565796"
"'70","'LINE","'3.2.3 The Law of Multiple Proportions","'99.91510010"
"'70","'LINE","'At the end of this section, you will be able to state the Law of Multiple Proportions.","'99.88419342"
"'70","'LINE","'Students, form groups and discuss the following","'99.99291229"
"'70","'LINE","'questions. Present your discussion points to the class.","'99.97030640"
"'70","'LINE","'1. Mention the two compounds that are formed from","'99.91175842"
"'70","'LINE","'hydrogen and oxygen.","'99.94712067"
"'70","'LINE","'?","'88.32031250"
"'70","'LINE","'2. The atomic mass of hydrogen is 1 g and mass","'99.84264374"
"'70","'LINE","'of oxygen is 16 g. What are the mass-ratios of","'99.84115601"
"'70","'LINE","'the two elements in the compounds mentioned in","'99.99023438"
"'70","'LINE","'question #1?","'97.32879639"
"'70","'LINE","'3. What is a whole number? Can you give examples","'99.46147919"
"'70","'LINE","'Activity 3.4","'99.67653656"
"'70","'LINE","'of small whole numbers?","'99.95545959"
"'70","'LINE","'The Law of Multiple Proportions states that, when two different compounds are formed","'99.95130920"
"'70","'LINE","'from the same two elements, the masses of one element, which react with a fixed","'99.77465820"
"'70","'LINE","'mass of the other, are in a ratio of small whole numbers. Let US consider the following","'99.77982330"
"'70","'LINE","'examples so that we could understand this law.","'97.40077209"
"'70","'LINE","'Example 3.3: Let US consider the two compounds formed by carbon and oxygen. In","'99.76303864"
"'70","'LINE","'one of them (carbon monoxide; CO), we find 1.33 g of oxygen combined with 1.00","'99.81518555"
"'70","'LINE","'g of carbon while in the second (carbon dioxide; CO₂), there are 2.66 g of oxygen","'98.84369659"
"'70","'LINE","'combined with 1.00 g of carbon. What is the ratio of the masses of oxygen in CO and","'97.84226227"
"'70","'LINE","'CO2 that combines with a fixed mass of carbon (1.00 g)?","'96.18356323"
"'70","'LINE","'Solution: We observe the ratio of small whole numbers by dividing the masses of","'99.98378754"
"'70","'LINE","'oxygen by the smallest of the two. i.e., by 1.33","'99.92538452"
"'70","'LINE","'In CO (1.33 g) = 1.33/1.33 = 1; and in CO2 (2.66 g) = 2.66/1.33 = 2","'93.32908630"
"'70","'LINE","'Therefore, the ratio of the masses of oxygen in CO and CO2 is 1:2, which is a small","'95.86616516"
"'70","'LINE","'whole number. This is consistent with the atomic theory if we consider that CO contains","'96.96775055"
"'70","'LINE","'one atom of carbon and one atom of oxygen whereas CO2 contains one atom of","'98.05625916"
"'70","'LINE","'carbon and two atoms of oxygen. Since carbon dioxide has twice as many oxygen","'99.95124054"
"'70","'LINE","'atoms bound to a carbon atom as does carbon monoxide, the weight of oxygen in","'99.88197327"
"'70","'LINE","'a molecule of carbon dioxide must be twice the weight of oxygen in a molecule of","'99.85218048"
"'70","'LINE","'carbon monoxide (Figure 3.4).","'99.76099396"
"'70","'LINE","'63","'99.71440125"
"'71","'LINE","'Chemistry Grade 9","'99.84049225"
"'71","'LINE","'1gC","'92.83621979"
"'71","'LINE","'+","'98.08593750"
"'71","'LINE","'+","'98.47416687"
"'71","'LINE","'1.333 g O","'87.59609222"
"'71","'LINE","'2.666 g O","'83.92897034"
"'71","'LINE","'CO","'84.41226959"
"'71","'LINE","'CO2","'88.15110779"
"'71","'LINE","'Figure 3.4 The law of Multiple Proportion in CO and CO₂.","'94.14694977"
"'71","'LINE","'Example 3.4: Nitrogen forms seven different compounds with oxygen. In one of its","'99.90612793"
"'71","'LINE","'compounds, it is observed that 2.62 g of nitrogen are combined with 1.50 g of","'99.87512207"
"'71","'LINE","'oxygen while in another, 0.656 g of nitrogen are combined with 1.50 g of oxygen.","'99.83899689"
"'71","'LINE","'Show that these data demonstrate the Law of Multiple Proportions.","'99.93524170"
"'71","'LINE","'Solution:","'99.93083954"
"'71","'LINE","'In both cases, we are dealing with a mass of nitrogen that combines with 1.50 g of","'99.82453918"
"'71","'LINE","'oxygen. If these data are in agreement with the Law of Multiple Proportions, the","'99.95194244"
"'71","'LINE","'ratio of the masses of nitrogen in the two compounds should be a ratio of small whole","'99.89868164"
"'71","'LINE","'numbers. Let US, therefore, take the ratio 2.62/0.656 and 0.656/0.656; dividing the","'98.50467682"
"'71","'LINE","'numerator and denominator by 0.656, we get 4:1, which is, indeed, a ratio of small","'99.84644318"
"'71","'LINE","'whole numbers.","'99.97518921"
"'71","'LINE","'<<<<<<<<<<<<","'15.81124496"
"'71","'LINE","'Exercise 3.5","'99.90194702"
"'71","'LINE","'Calculate","'99.96014404"
"'71","'LINE","'1. The ratio of the elements in one mole of H2O2 and H2O. Your teacher will","'97.28928375"
"'71","'LINE","'provide you with a scheme that will help you answer this question.","'99.27383423"
"'71","'LINE","'2. The ratio of molar masses of N:O.","'99.94833374"
"'71","'LINE","'3. The mass of oxygen combining with 1g of nitrogen.","'99.26514435"
"'71","'LINE","'4. The small whole number ratio of oxygen combining with 1g of nitrogen for","'99.48066711"
"'71","'LINE","'NO, NO₂, N2O, N2O₄, N₂O₅. Your teacher will provide you with a table that","'85.24116516"
"'71","'LINE","'will help you answer questions 2 to 4.","'99.31613159"
"'71","'LINE","'3.3 Atomic Theory","'99.91456604"
"'71","'LINE","'A scientific theory is an explanation of an aspect of the natural world and universe","'99.73990631"
"'71","'LINE","'that can be repeatedly tested and verified by the scientific method, using accepted","'99.98028564"
"'71","'LINE","'protocols of observation, measurement, and evaluation of results. The word 'theory'","'99.30810547"
"'71","'LINE","'refers to the way how we interpret facts. Atomic Theory is, therefore, the way how","'99.95514679"
"'71","'LINE","'we interpret facts about atoms. In this section we are going to discuss the historical","'99.95063782"
"'71","'LINE","'64","'99.73552704"
"'72","'LINE","'Structure of the Atom","'99.96786499"
"'72","'LINE","'development of atomic theory.","'99.97518921"
"'72","'LINE","'3.3.1 Dalton's Atomic Theory","'99.79516602"
"'72","'LINE","'At the end of this section, you will be able to describe Dalton's Atomic Theory.","'99.80747986"
"'72","'LINE","'Students, form groups and discuss the following","'99.99430847"
"'72","'LINE","'questions. Present your discussion points to the class.","'99.98017120"
"'72","'LINE","'1. Assume that you have a friend that doesn't know","'99.54077911"
"'72","'LINE","'?","'88.82812500"
"'72","'LINE","'orange. How do you describe an orange for your","'99.72884369"
"'72","'LINE","'friend?","'99.89098358"
"'72","'LINE","'2. Describe why an orange has basically two distinct","'99.98915100"
"'72","'LINE","'colors.","'100.00000000"
"'72","'LINE","'3. Give a title for what you have done so far about","'97.50421906"
"'72","'LINE","'Activity 3.5","'99.82341766"
"'72","'LINE","'orange.","'100.00000000"
"'72","'LINE","'Under section 3.1, we have discussed the concept that atoms are the fundamental","'99.71562958"
"'72","'LINE","'building blocks of matter, and it dates back to very ancient times. The ideas regarding","'99.95970154"
"'72","'LINE","'atoms of those times, however, had no experimental evidence and continued as mere","'99.93685150"
"'72","'LINE","'speculation. These ideas, therefore, had to lay latent for a long period until the English","'99.80118561"
"'72","'LINE","'man, John Dalton (Figure 3.5) proposed his atomic theory around 1803, based on","'99.93778992"
"'72","'LINE","'certain observations and experimental results.","'99.87651825"
"'72","'LINE","'Figure 3.5 John Dalton, an English chemist, meteorologist and physicist.","'99.91360474"
"'72","'LINE","'Democritus, many more scientists, philosophers, and others studied the composition of","'99.92581940"
"'72","'LINE","'matter. A major leap forward in our understanding of the composition of matter took","'98.60578156"
"'72","'LINE","'place in the 1800s with the work of the British scientist, John Dalton.","'99.91207886"
"'72","'LINE","'Dalton studied the weights of various elements and compounds. He perceived that","'99.00601196"
"'72","'LINE","'matter is always combined in fixed ratios based on weight or volume in the case","'99.97179413"
"'72","'LINE","'of gases. Chemical compounds always contain the same proportion of elements by","'99.98677826"
"'72","'LINE","'mass, regardless of amount. This provided further support for Proust's Law of Definite","'99.96708679"
"'72","'LINE","'Proportions. Dalton also observed that there could be more than one combination of","'99.96176147"
"'72","'LINE","'two elements.","'99.97518921"
"'72","'LINE","'65","'99.96093750"
"'73","'LINE","'Chemistry Grade 9","'99.78515625"
"'73","'LINE","'From his experiments and observations, as well as the work from peers of his time,","'99.94673157"
"'73","'LINE","'Dalton proposed a new theory of the atom. This later became known as Dalton's","'99.76210785"
"'73","'LINE","'Atomic Theory. The general tenets of this theory were the following:","'99.97921753"
"'73","'LINE","'i.","'99.19702148"
"'73","'LINE","'Elements are made of small particles called atoms.","'99.97528839"
"'73","'LINE","'ii.","'99.15397644"
"'73","'LINE","'Atoms can neither be created nor destroyed.","'99.97338104"
"'73","'LINE","'iii.","'99.16454315"
"'73","'LINE","'All atoms of the same element are identical and have the same mass and size.","'99.98036194"
"'73","'LINE","'iv.","'99.89257813"
"'73","'LINE","'Atoms of different elements have different masses and size.","'99.98020172"
"'73","'LINE","'V.","'60.05799866"
"'73","'LINE","'Atoms combine in small whole numbers to form compounds","'99.98689270"
"'73","'LINE","'<<<<<<<<<<<<","'19.15716743"
"'73","'LINE","'Exercise 3.6","'99.94628906"
"'73","'LINE","'Provide the correct answer for the following questions.","'99.99013519"
"'73","'LINE","'1. What is the difference between Democritus and Dalton in terms of","'99.94683838"
"'73","'LINE","'discovering an atom?","'99.96717834"
"'73","'LINE","'2. State the five tenets of Dalton's Atomic Theory.","'99.97251892"
"'73","'LINE","'3. What led Dalton to his atomic theory?","'99.91193390"
"'73","'LINE","'Dalton's effort was not limited to formulating atomic theory, but he proposed symbols","'99.95581818"
"'73","'LINE","'for elements and compounds (Figure 3.6). The symbols of elements proposed by Dalton,","'99.92050934"
"'73","'LINE","'however, were difficult to remember and draw. Therefore, an alternative method of","'99.92630768"
"'73","'LINE","'representing elements was proposed by Berzelius. He suggested alphabets could be","'97.98364258"
"'73","'LINE","'used as symbols to represent elements.","'99.94589233"
"'73","'LINE","'Hydrogen","'100.00000000"
"'73","'LINE","'Soda","'99.97070313"
"'73","'LINE","'Ammonia","'100.00000000"
"'73","'LINE","'Nitrogen","'99.95037079"
"'73","'LINE","'Pot Ash","'99.79980469"
"'73","'LINE","'Olefiant","'99.65182495"
"'73","'LINE","'Carbon","'100.00000000"
"'73","'LINE","'Oxygen","'99.95037079"
"'73","'LINE","'Carbonic Oxide","'99.99023438"
"'73","'LINE","'Sulphur","'99.67135620"
"'73","'LINE","'c","'97.91553497"
"'73","'LINE","'Copper","'100.00000000"
"'73","'LINE","'Carbonic Acid","'99.97070313"
"'73","'LINE","'Phosphorus","'99.96014404"
"'73","'LINE","'L","'98.30576324"
"'73","'LINE","'Lead","'99.96014404"
"'73","'LINE","'Alumina","'100.00000000"
"'73","'LINE","'Sulphuric Acid","'99.94548798"
"'73","'LINE","'Water","'99.99023438"
"'73","'LINE","'Figure 3.6 Dalton's 1808 AD symbols and formulae.","'99.90979767"
"'73","'LINE","'============","'31.38651848"
"'73","'LINE","'Exercise 3.7","'99.82341766"
"'73","'LINE","'Provide the correct answer for the following questions.","'99.99389648"
"'73","'LINE","'1. What are the successes of Dalton's Atomic Theory?","'99.88825989"
"'73","'LINE","'2. Dalton thought that atoms are the smallest particles of matter. Scientists","'99.98690796"
"'73","'LINE","'now know that atoms are composed of even smaller particles. Does this","'99.98690796"
"'73","'LINE","'mean that the rest of Dalton's Atomic Theory should be thrown away?","'99.96379852"
"'73","'LINE","'66","'99.83318329"
"'74","'LINE","'Structure of the Atom","'99.96054077"
"'74","'LINE","'3.3.2 Modern Atomic Theory","'99.90214539"
"'74","'LINE","'At the end of this section, you will be able to","'99.89986420"
"'74","'LINE","'describe the Modern Atomic Theory","'99.98421478"
"'74","'LINE","'compare and contrast Dalton's Atomic Theory and the Modern Atomic Theory.","'99.97019958"
"'74","'LINE","'Students, form groups and discuss the following","'99.98581696"
"'74","'LINE","'questions. Present your discussion points to the rest of","'99.98355103"
"'74","'LINE","'the class.","'99.98046875"
"'74","'LINE","'1. Are you satisfied with the Greeks proposal of the","'99.64620209"
"'74","'LINE","'origin of matter? Why?","'99.93309021"
"'74","'LINE","'2. What do you suggest if you were asked to tell","'99.60257721"
"'74","'LINE","'someone about the smallest substance from which","'99.97605896"
"'74","'LINE","'?","'88.84765625"
"'74","'LINE","'matter is made up of? What are its components","'99.86350250"
"'74","'LINE","'known as?","'99.88241577"
"'74","'LINE","'3. In your grade 8 chemistry lessons, you were learned","'99.74244690"
"'74","'LINE","'about the subatomic particles. Did you know who","'99.65122986"
"'74","'LINE","'Activity 3.6","'99.77458954"
"'74","'LINE","'and how they were discovered?","'99.98812103"
"'74","'LINE","'The ancient Greeks proposed that matter consists of extremely small particles called","'99.96766663"
"'74","'LINE","'atoms. Dalton postulated that each element has a characteristic type of atom that","'99.89449310"
"'74","'LINE","'differs in properties from atoms of all other elements. Although the attempt made","'99.98860931"
"'74","'LINE","'to describe the concept atom was good atoms were wrongly understood. Several","'99.98609924"
"'74","'LINE","'other scientists were engaged in determining the essence of atoms and a better","'99.86820221"
"'74","'LINE","'understanding of atoms was reached. The Modern Atomic theory establishes the","'99.97293091"
"'74","'LINE","'concepts of atoms, and how they compose matter.","'99.99135590"
"'74","'LINE","'Development of the Modern Atomic Theory","'99.98860931"
"'74","'LINE","'Several scientists worked many experiments and have made various observations","'99.96421051"
"'74","'LINE","'on atoms. The chronological discoveries of some of them are presented hereunder.","'99.96630096"
"'74","'LINE","'The presence of protons was predicted by Eugene Goldstein in his anode ray","'99.96582794"
"'74","'LINE","'experiment, in 1886.","'99.94061279"
"'74","'LINE","'The first person who discovered the electron as a sub-atomic particle and its","'99.92182922"
"'74","'LINE","'charge to mass ratio was the British physicist, J.J. Thomson, in 1897.","'99.94358063"
"'74","'LINE","'Following this in 1904, Thomson developed the 'Plum pudding' model of the","'99.61244202"
"'74","'LINE","'atom.","'99.99023438"
"'74","'LINE","'Subsequently, in 1909, the American scientist; Robert Millikan found the charge","'99.97211456"
"'74","'LINE","'and mass of the electron.","'99.97249603"
"'74","'LINE","'The British physicist, Ernest Rutherford and his students Geiger and Marsden","'99.97286224"
"'74","'LINE","'discovered the planetary model of an atom, in 1911.","'99.93472290"
"'74","'LINE","'In 1913, Niels Bohr, a student of Rutherford's, proposed that electrons are","'99.79085541"
"'74","'LINE","'arranged in concentric circular orbits around the nucleus.","'99.97772217"
"'74","'LINE","'67","'99.53125000"
"'75","'LINE","'Chemistry Grade 9","'99.68750000"
"'75","'LINE","'Subsequently, in 1920, Rutherford discovered the existence of the proton in the","'99.94312286"
"'75","'LINE","'nucleus.","'99.96014404"
"'75","'LINE","'In 1932, James Chadwick discovered the neutron which is another sub-atomic","'99.90413666"
"'75","'LINE","'particle.","'99.96014404"
"'75","'LINE","'The detailed discussions of all the aforementioned discoveries of the sub-atomic","'99.91656494"
"'75","'LINE","'particles are presented in section 3.4, below. All of these discoveries proved Dalton's","'99.92176819"
"'75","'LINE","'Atomic Model wrong by revealing the following facts about atom.","'99.98316193"
"'75","'LINE","'Drawbacks of Dalton's Atomic Theory","'99.92254639"
"'75","'LINE","'The indivisibility of an atom was proved wrong: an atom can be further subdivided","'99.94762421"
"'75","'LINE","'into protons, neutrons, and electrons. However, an atom is the smallest particle","'99.94135284"
"'75","'LINE","'that takes part in chemical reactions.","'99.96704865"
"'75","'LINE","'According to Dalton, the atoms of the same element are similar in all respects.","'99.96751404"
"'75","'LINE","'However, atoms of some elements vary in their masses and densities. These atoms","'99.95812988"
"'75","'LINE","'of different masses are called isotopes. For example, chlorine has two isotopes","'99.95369720"
"'75","'LINE","'with mass numbers 35 and 37.","'99.95279694"
"'75","'LINE","'Atoms of different elements differ in mass. This has been proven wrong in certain","'99.96408081"
"'75","'LINE","'cases: argon and calcium atoms each have an atomic mass of 40 amu. These","'99.97274017"
"'75","'LINE","'atoms are known as isobars.","'99.94531250"
"'75","'LINE","'According to Dalton, atoms of different elements combine in simple whole-number","'99.95716858"
"'75","'LINE","'ratios to form compounds. This is not observed in complex organic compounds","'99.95376587"
"'75","'LINE","'like sugar (C₁₂H₂₀₁₁) and protein molecules.","'88.05690765"
"'75","'LINE","'The discoveries of the above facts about atoms led to the modified Modern Atomic","'99.98593140"
"'75","'LINE","'Theory postulates.","'99.81575012"
"'75","'LINE","'Modern Atomic Theory Postulates","'99.93532562"
"'75","'LINE","'i.","'99.67613983"
"'75","'LINE","'Elements are made of small particles called atoms.","'99.97904968"
"'75","'LINE","'ii. Atoms cannot be created or destroyed during ordinary chemical reactions.","'99.92241669"
"'75","'LINE","'iii. All atoms of the same element have the same atomic number but may vary in","'99.94605255"
"'75","'LINE","'mass number due to the presence of different isotopes.","'99.95272064"
"'75","'LINE","'iv. Atoms of different elements are different.","'99.87390137"
"'75","'LINE","'v.","'66.32653046"
"'75","'LINE","'Atoms combine in small whole numbers to form compounds.","'99.95805359"
"'75","'LINE","'68","'99.71679688"
"'76","'LINE","'Structure of the Atom","'99.96298218"
"'76","'LINE","'************","'27.58071709"
"'76","'LINE","'Exercise 3.8","'99.91699219"
"'76","'LINE","'Provide the correct answer for the following questions.","'99.98647308"
"'76","'LINE","'1. Compare and contrast Dalton's Atomic theory with Modern Atomic Theory.","'99.92211151"
"'76","'LINE","'2. State the postulates of Modern Atomic Theory.","'99.98769379"
"'76","'LINE","'3. Near the end of the 18th century, the first atomic theory was developed.","'99.66530609"
"'76","'LINE","'Which of the following was not part of that early understanding?","'99.97847748"
"'76","'LINE","'a. All matter is made up of atoms.","'99.22749329"
"'76","'LINE","'b. Elements are composed of only one type of atom.","'99.97061920"
"'76","'LINE","'C. Atoms can combine with other atoms to make more complex substances.","'95.80532837"
"'76","'LINE","'d. Electrons orbit the nucleus in electron clouds.","'99.96816254"
"'76","'LINE","'e. All of above concepts were understood in the 18th century.","'99.18829346"
"'76","'LINE","'4. What are the drawbacks of Dalton's Atomic Theory, in your own words?","'99.96363831"
"'76","'LINE","'3.4 Discoveries of the Fundamental Subatomic Particles","'99.97187042"
"'76","'LINE","'and the Atomic Nucleus","'99.99755859"
"'76","'LINE","'Following Dalton's Atomic Theory, several scientists investigated the nature of substances.","'99.93336487"
"'76","'LINE","'More specifically, the nature of the atom. This section deals with the discoveries of the","'99.98416138"
"'76","'LINE","'sub-atomic particles known as electrons, protons, neutrons, and the nucleus.","'99.90220642"
"'76","'LINE","'3.4.1 Discovery of the Proton","'99.91944122"
"'76","'LINE","'At the end of this section, you will be able to explain the discovery of protons.","'99.79775238"
"'76","'LINE","'Students, form groups and discuss the following","'99.98721313"
"'76","'LINE","'questions. Present your discussion points to the class.","'99.96399689"
"'76","'LINE","'1. What will happen to two objects having the same","'99.93018341"
"'76","'LINE","'charge, if you bring them together?","'99.63325500"
"'76","'LINE","'?","'87.25097656"
"'76","'LINE","'2. According to Thomson electrons are negatively","'99.97756195"
"'76","'LINE","'charged particles contained by an atom. Based on","'99.97924805"
"'76","'LINE","'your answer for question one what do you expect","'99.58937836"
"'76","'LINE","'to happen to these electrons?","'99.95053101"
"'76","'LINE","'3. What held these electrons from flying away from","'99.96474457"
"'76","'LINE","'Activity 3.7","'99.78924561"
"'76","'LINE","'the atom?","'99.95525360"
"'76","'LINE","'The presence of positively charged particles in an atom has been predicted by","'99.98178101"
"'76","'LINE","'Goldstein (1886) based on the electrical neutrality of an atom. The discovery of the","'99.96274567"
"'76","'LINE","'proton by Goldstein was done based on the cathode ray experiment conducted by","'99.96426392"
"'76","'LINE","'using a perforated cathode (Figure 3.7). In his experiment some rays were found to","'99.84884644"
"'76","'LINE","'69","'99.87304688"
"'77","'LINE","'Chemistry Grade 9","'99.79492188"
"'77","'LINE","'emanate from an anode and pass through the perforations in the cathode, without","'99.94048309"
"'77","'LINE","'deflection by the cathode. These are called anode rays or canal rays.","'99.90400696"
"'77","'LINE","'Now days we understand Goldstein's experiment as follows. When an electric","'99.94348907"
"'77","'LINE","'discharge is passed through the gas, some of the molecules of the gas ionised and","'99.98557281"
"'77","'LINE","'produce cathode rays. Cathode rays consist of electrons. These electrons move with","'99.96861267"
"'77","'LINE","'high speed towards the anode. As they move, they collide with the remaining molecules","'99.97960663"
"'77","'LINE","'of the gas in the tube causing them to lose electrons resulting in positive ions. The","'99.97778320"
"'77","'LINE","'positive ions formed are attracted by the perforated cathode. The stream of these","'99.97571564"
"'77","'LINE","'positive ions causes a glow on the glass wall of the discharge tube. On the other side","'99.92018127"
"'77","'LINE","'of the discharge tube, the cathode rays produce a green light. The stream of positive","'99.79521942"
"'77","'LINE","'ions so formed constitutes the positive or anode rays.","'98.14710236"
"'77","'LINE","'Positive","'99.96014404"
"'77","'LINE","'Cathode","'100.00000000"
"'77","'LINE","'Positive","'99.92028046"
"'77","'LINE","'rays from","'99.96582031"
"'77","'LINE","'rays from","'99.95605469"
"'77","'LINE","'rays","'99.96093750"
"'77","'LINE","'Red glow","'99.92187500"
"'77","'LINE","'anode","'99.96014404"
"'77","'LINE","'cathode","'100.00000000"
"'77","'LINE","'Anode","'100.00000000"
"'77","'LINE","'Perforated cathode","'99.95525360"
"'77","'LINE","'High-voltage source","'99.87792969"
"'77","'LINE","'Figure 3.7 Anode rays traveling through perforations in the cathode resulting in red","'99.93141174"
"'77","'LINE","'glow on the cathode ray tube.","'99.96256256"
"'77","'LINE","'When the cathode ray tube contained hydrogen gas, the particles of the canal rays","'99.98181152"
"'77","'LINE","'obtained were the lightest and their charge to mass ratio (e/m ratio) was the highest.","'99.51872253"
"'77","'LINE","'Rutherford showed that these particles were identical to the hydrogen ion (hydrogen","'99.96460724"
"'77","'LINE","'atom from which one electron has been removed). Due to this fact these particles were","'99.97830200"
"'77","'LINE","'named as protons and were shown to be present in all matter. This is the first leap","'99.97333527"
"'77","'LINE","'towards the discovery of the positively charged proton as part of the atomic structure.","'99.96611786"
"'77","'LINE","'Today we know that the only positively charged species in an atom is the proton.","'99.96446991"
"'77","'LINE","'Properties of anode rays:","'99.98535156"
"'77","'LINE","'i. Anode rays travel in straight lines.","'99.89981079"
"'77","'LINE","'ii. They consisted of material particles.","'99.78930664"
"'77","'LINE","'iii. They are deflected in electric and magnetic field in opposite to that of cathode","'99.91127014"
"'77","'LINE","'rays.","'99.96093750"
"'77","'LINE","'iv. The nature or e/m ratio of anode rays depends upon the nature of gas present","'99.85156250"
"'77","'LINE","'in the cathode ray tube.","'99.96077728"
"'77","'LINE","'v. They are (particles of anode rays) simply positively charged gaseous ions.","'98.42972565"
"'77","'LINE","'70","'99.83398438"
"'78","'LINE","'Structure of the Atom","'99.96298218"
"'78","'LINE","'<<<<<<<<<<<<<","'15.37129307"
"'78","'LINE","'Exercise 3.9","'99.93612671"
"'78","'LINE","'Provide the correct answer for the following questions.","'99.99511719"
"'78","'LINE","'1. Define anode rays or canal rays.","'99.90189362"
"'78","'LINE","'2. What is the other name of anode rays?","'99.98472595"
"'78","'LINE","'3. Mention the properties of anode rays.","'99.96595001"
"'78","'LINE","'3.4.2 Discovery of the Electron","'99.95085907"
"'78","'LINE","'At the end of this section, you will be able to explain the discovery of electron.","'99.92414093"
"'78","'LINE","'Students form groups and discuss the following","'99.99860382"
"'78","'LINE","'?","'87.52441406"
"'78","'LINE","'questions. Present your discussion points to the class.","'99.99135590"
"'78","'LINE","'1. What happens to the electric bulb when you turn on","'99.70579529"
"'78","'LINE","'the switch in your home?","'99.96647644"
"'78","'LINE","'2. What do you think happened inside the bulb?","'99.78533173"
"'78","'LINE","'3. Why do some electric bulbs give yellowish light","'99.95597839"
"'78","'LINE","'Activity 3.8","'99.91171265"
"'78","'LINE","'and others white light?","'99.97763062"
"'78","'LINE","'The Crooke's Discharge Tube or Cathode Ray Tube","'99.97416687"
"'78","'LINE","'In 1855, the German inventor Heinrich Geissler developed the mercury pump and","'99.96115875"
"'78","'LINE","'produced the first good vacuum tubes. These tubes, as modified by Sir William Crookes,","'99.93793488"
"'78","'LINE","'became the first to produce cathode rays, leading eventually to the discovery of the","'99.97739410"
"'78","'LINE","'electron. Sir William Crookes was the first scientist who designed the discharge tube","'99.97941589"
"'78","'LINE","'which was called the Crooke's Discharge Tube or Cathode Ray Tube. The discharge","'99.97121429"
"'78","'LINE","'tube consists of a glass tube from which most of the air has been evacuated having","'99.93923950"
"'78","'LINE","'two metal plates sealed at both ends. These metal plates are called electrodes.","'99.96495056"
"'78","'LINE","'These electrodes are connected to positive and negative terminals of a battery. The","'99.91226196"
"'78","'LINE","'electrode connected to the positive terminal is known as anode and the electrode","'99.96200562"
"'78","'LINE","'connected to the negative terminal is known as cathode (Figure 3.8).","'99.90058899"
"'78","'LINE","'71","'98.66130829"
"'79","'LINE","'Chemistry Grade 9","'99.80116272"
"'79","'LINE","'Cathode","'100.00000000"
"'79","'LINE","'Anode","'100.00000000"
"'79","'LINE","'Cathode rays","'99.97070313"
"'79","'LINE","'Exhaust pump","'99.89098358"
"'79","'LINE","'+","'93.17303467"
"'79","'LINE","'High-voltage sources","'99.91699219"
"'79","'LINE","'Figure 3.8 The Crooke's Discharge Tube or Cathode Ray Tube.","'99.96949005"
"'79","'LINE","'The electrodes are connected to high voltage for the current to flow. The high voltage","'99.97228241"
"'79","'LINE","'provides energy for the atoms of a gas to further split or break up. When both","'99.84477234"
"'79","'LINE","'electrodes are connected to high voltage, current starts flowing. At high pressure no","'99.90706635"
"'79","'LINE","'electricity flows through the air in the discharge tube, so low pressure is used. Low","'98.65566254"
"'79","'LINE","'pressure helps in conduction of electricity. At high voltage of (10,000 - 20,000 volts)","'99.34742737"
"'79","'LINE","'and at normal atmospheric pressure there is no effect. But keeping the same voltage","'99.94339752"
"'79","'LINE","'if pressure is reduced to 0.0001 mm of Hg, a greenish glow was observed at anode.","'99.70031738"
"'79","'LINE","'The rays are emitted from the direction of the cathode, and are called cathode rays.","'99.93854523"
"'79","'LINE","'A good example of a cathode ray would be a fluorescent bulb in your home (Figure","'99.12134552"
"'79","'LINE","'3.9). These bulbs give white light where as those bulbs with tungsten filament give","'99.58047485"
"'79","'LINE","'yellowish light due to the glowing of the tungsten filament when electric current passes","'99.50192261"
"'79","'LINE","'through them.","'99.97518921"
"'79","'LINE","'Figure 3.9 Compact fluorescent lamps.","'99.78913879"
"'79","'LINE","'The electron was one of the fundamental subatomic particle that was discovered by","'99.93811035"
"'79","'LINE","'the British physicist, J.J. Thomson, in 1897. In the discovery of electrons J. J. Thomson","'99.86535645"
"'79","'LINE","'performed several experiments which are presented below.","'99.97175598"
"'79","'LINE","'Thomson's Experiment on the Path of Cathode Rays","'99.95789337"
"'79","'LINE","'J. J. Thomson conducted some experiments with a discharge tube for studying the","'99.62808228"
"'79","'LINE","'properties of cathode rays. The first experiment he has done is studying how cathode","'99.98239136"
"'79","'LINE","'rays travel in the discharge tube by placing a small object between the cathode","'99.76570892"
"'79","'LINE","'and the anode. The formation of a shadow of the object on the opposite side of","'99.91630554"
"'79","'LINE","'72","'99.71679688"
"'80","'LINE","'Structure of the Atom","'99.96298218"
"'80","'LINE","'the cathode revealed that the cathode rays travel in straight lines. The cathode rays","'99.98094177"
"'80","'LINE","'travel towards the node because they are attracted by the positively charged anode.","'99.99242401"
"'80","'LINE","'When an object is placed opposite to the direction of the cathode rays, a sharp","'99.86636353"
"'80","'LINE","'shadow having the shape of the object is formed on the surface of the discharge tube","'99.97975922"
"'80","'LINE","'glass. This concludes that cathode rays travel in straight lines (Figure 3.10).","'99.85665894"
"'80","'LINE","'Metal object","'99.90074921"
"'80","'LINE","'Shadow of object","'99.97369385"
"'80","'LINE","'Cathode","'99.92028046"
"'80","'LINE","'Anode","'99.99023438"
"'80","'LINE","'High-voltage sources","'99.86816406"
"'80","'LINE","'Figure 3.10 Cathode rays creating a shadow of small object on the cathode ray tube","'99.76628113"
"'80","'LINE","'screen.","'99.95117188"
"'80","'LINE","'Thomson's Experiment on the Particle Nature of the Cathode Rays","'99.97135925"
"'80","'LINE","'J. J. Thomson's second experiment was performed by placing a light paddle wheel","'99.72279358"
"'80","'LINE","'between cathode and anode to study the particulate nature of the cathode rays","'99.98629761"
"'80","'LINE","'(Figure 3.11). He expected to see if the cathode rays could move the paddle wheel.","'97.86315918"
"'80","'LINE","'If they do so, then they have a particle nature. He observed the rotation of the light","'97.82277679"
"'80","'LINE","'paddle wheel which revealed that the cathode rays are small particles having mass","'99.97959900"
"'80","'LINE","'and kinetic energy.","'99.96691895"
"'80","'LINE","'Light paddle wheel","'99.93735504"
"'80","'LINE","'Cathode","'100.00000000"
"'80","'LINE","'Anode","'100.00000000"
"'80","'LINE","'High-voltage sources","'99.81365967"
"'80","'LINE","'Figure 3.11 Cathode rays rotating light paddle wheel between cathode and anode.","'99.89875793"
"'80","'LINE","'When cathode rays are allowed to fall on a paddle wheel, it rotates. This is possible","'99.89514160"
"'80","'LINE","'only when the rays striking it have some material particles. From this, it can be","'99.96403503"
"'80","'LINE","'concluded that cathode rays consist of some material particles. Today we know that","'99.97647095"
"'80","'LINE","'the electron has both particle and wave nature (the wave nature of electrons will be","'99.97754669"
"'80","'LINE","'discussed in grade 11). Its weight, however, is too small compared to the other sub-","'99.84806824"
"'80","'LINE","'atomic particles. Therefore Thomson's contribution to the modern atomic structure is","'99.95673370"
"'80","'LINE","'significant in this regard.","'99.92292023"
"'80","'LINE","'73","'99.41406250"
"'81","'LINE","'Chemistry Grade 9","'99.79817963"
"'81","'LINE","'Thomson's Experiment on the Charge of the Cathode Ray","'99.95715332"
"'81","'LINE","'William Crookes experimented with cathode rays and magnets for the first time. His","'99.97941589"
"'81","'LINE","'observations on the deflection of the rays by magnetic fields led him to conclude","'99.97390747"
"'81","'LINE","'that they were composed of negatively charged molecules. Years later J. J. Thomson","'99.87824249"
"'81","'LINE","'determined the molecules hypothesized by Crookes were actually negatively charged","'99.98316193"
"'81","'LINE","'subatomic particles that he called corpuscles, but which were eventually named","'99.95658875"
"'81","'LINE","'electrons.","'99.83079529"
"'81","'LINE","'J. J. Thomson performed the third experiment to investigate the charge of the cathode","'99.67668915"
"'81","'LINE","'ray by passing cathode rays through electric and magnetic fields (Figures 3.12 &","'99.77370453"
"'81","'LINE","'3.13). Upon passing through an electric field, the cathode rays bent towards the","'99.85990906"
"'81","'LINE","'positive plate. This proved that cathode rays are negatively charged particles.","'99.97655487"
"'81","'LINE","'Thomson concluded that the particles had a net negative charge; these particles are","'99.86865234"
"'81","'LINE","'now called electrons. We know from our knowledge of electricity, in physics, when an","'99.96896362"
"'81","'LINE","'electric field is applied perpendicularly to the path of a negatively charged species,","'99.88484955"
"'81","'LINE","'they deflect towards positive plate. As opposite charges attract, the cathode ray","'99.96868134"
"'81","'LINE","'particles are negatively charged. Today we know that the only negatively charged","'99.97375488"
"'81","'LINE","'fundamental particle of an atom is the electron. JJ Thomson's contribution is immense","'99.90863037"
"'81","'LINE","'in this regard.","'99.97369385"
"'81","'LINE","'Cathode","'100.00000000"
"'81","'LINE","'Anode","'99.99023438"
"'81","'LINE","'Fluorescent","'99.60140228"
"'81","'LINE","'material","'100.00000000"
"'81","'LINE","'(ZnS)","'99.85112762"
"'81","'LINE","'+","'95.53630829"
"'81","'LINE","'+","'95.28240204"
"'81","'LINE","'Bright spot","'99.98046875"
"'81","'LINE","'H.V.","'99.65501404"
"'81","'LINE","'Electric field","'99.97070313"
"'81","'LINE","'Figure 3.12 Cathode rays bend passing through electric field.","'99.88372040"
"'81","'LINE","'Passing cathode rays through magnetic field applied perpendicular to the path of","'99.97118378"
"'81","'LINE","'the cathode rays (Figure 3.13). This resulted in the deflection of the cathode rays","'99.89769745"
"'81","'LINE","'perpendicular to the applied magnetic field. From our electromagnetism lessons,","'99.91149139"
"'81","'LINE","'in physics, we know that a moving electric charge generates a magnetic field. A","'98.38455963"
"'81","'LINE","'magnetic field induces electric charge movement, producing an electric current. In an","'99.95214081"
"'81","'LINE","'electromagnetic wave, the electric field and magnetic field are perpendicular to one","'99.91979980"
"'81","'LINE","'another. When the magnetic field is applied perpendicularly to the path of cathode","'99.98560333"
"'81","'LINE","'rays, they get deflected towards the north pole of the magnet which is expected of","'99.99088287"
"'81","'LINE","'negatively charged particles. This further confirms that cathode rays are negatively","'99.96938324"
"'81","'LINE","'charged.","'99.96014404"
"'81","'LINE","'74","'99.60937500"
"'82","'LINE","'Structure of the Atom","'99.96054077"
"'82","'LINE","'Cathode Anode","'99.99511719"
"'82","'LINE","'Fluorescent","'99.60140228"
"'82","'LINE","'material","'100.00000000"
"'82","'LINE","'S","'96.00207520"
"'82","'LINE","'(ZnS)","'99.80229950"
"'82","'LINE","'N","'99.03320313"
"'82","'LINE","'+","'93.85502625"
"'82","'LINE","'magnetic field","'99.96582031"
"'82","'LINE","'Bright spot","'99.95117188"
"'82","'LINE","'H.V.","'99.67375183"
"'82","'LINE","'Figure 3.13 Cathode rays bend passing through a magnetic field.","'99.55633545"
"'82","'LINE","'Thomson carried out the above experiments with different gases, at low pressure to","'99.94361115"
"'82","'LINE","'decrease the interaction between gas molecules, in the discharge tube. No change in","'99.94661713"
"'82","'LINE","'the properties of the cathode rays was observed despite the use of different gases","'99.90777588"
"'82","'LINE","'in the discharge tube.","'99.96786499"
"'82","'LINE","'J. J. Thomson proved that atoms were not the most basic form of matter. He","'98.27379608"
"'82","'LINE","'demonstrated that cathode rays could move a paddle wheel placed between two","'99.69575500"
"'82","'LINE","'electrodes, could be deflected, or bent, by magnetic or electric fields, which indicated","'99.94667816"
"'82","'LINE","'that cathode rays consist of charged particles. More important, by measuring the","'99.97349548"
"'82","'LINE","'extent of the deflection of the cathode rays in magnetic or electric fields of various","'99.97580719"
"'82","'LINE","'strengths, Thomson was able to calculate the mass-to-charge ratio of the particles to","'99.93102264"
"'82","'LINE","'be 1.76 X 10⁸ C/g. These particles were emitted by the negatively charged cathode","'98.13379669"
"'82","'LINE","'and repelled by the negative terminal of an electric field. Because like charges repel","'99.96396637"
"'82","'LINE","'each other and opposite charges attract, Thomson concluded that the particles had a","'99.82277679"
"'82","'LINE","'net negative charge; these particles are now called electrons.","'99.97251892"
"'82","'LINE","'Summary of the properties of cathode rays:","'99.97466278"
"'82","'LINE","'They travel in a straight line from the cathode and cast shadows of metallic","'99.85729218"
"'82","'LINE","'objects placed in their path.","'99.96240997"
"'82","'LINE","'They cause mechanical motion of small puddle-wheel placed in their path; they","'99.95347595"
"'82","'LINE","'possess kinetic energy and must be material particles.","'99.97152710"
"'82","'LINE","'Their properties are independent of the electrodes, and the gas present in the","'99.96189117"
"'82","'LINE","'cathode ray tube.","'99.92513275"
"'82","'LINE","'The charge/mass ratio of the rays is constant.","'99.67529297"
"'82","'LINE","'Upon passing through electric field, the cathode rays bend towards the positive","'99.98101807"
"'82","'LINE","'plate showing that they are negatively charged.","'99.99163055"
"'82","'LINE","'Cathode rays are negatively charged and affected by magnetic field.","'99.96542358"
"'82","'LINE","'Cathode rays affect ZnS screen. When cathode rays are allowed to strike ZnS","'99.88765717"
"'82","'LINE","'screen, they produce a faint greenish fluorescence.","'99.70783234"
"'82","'LINE","'Cathode rays ionises the gases. When cathode rays are allowed to pass through","'99.94004059"
"'82","'LINE","'gases, different glows are seen in the tube. These different glows are due to the","'99.95600891"
"'82","'LINE","'ionisation of gases.","'99.52872467"
"'82","'LINE","'Cathode rays have penetrating power. When cathode rays are allowed to pass","'99.94908142"
"'82","'LINE","'through thin metal foils, a glow is seen behind the metal foil indicating that they","'99.90155792"
"'82","'LINE","'75","'99.69726563"
"'83","'LINE","'Chemistry Grade 9","'99.83723450"
"'83","'LINE","'have good penetrating power.","'99.98515320"
"'83","'LINE","'Cathode rays produce X-rays. When cathode rays are allowed to fall on metals","'99.95230103"
"'83","'LINE","'such as tungsten, copper, X-rays are observed.","'99.22799683"
"'83","'LINE","'+++++++++++++","'32.47548676"
"'83","'LINE","'Exercise 3.10","'99.55526733"
"'83","'LINE","'Provide the correct answer for the following questions.","'99.99389648"
"'83","'LINE","'1. Why was the ray bended? Shadow seen? The paddle rotated?","'99.91699982"
"'83","'LINE","'2. Why did Thomson take gas at low pressure while conducting the","'99.92061615"
"'83","'LINE","'experiments?","'99.99023438"
"'83","'LINE","'3. How did Thomson discover the particle nature of electrons?","'99.95631409"
"'83","'LINE","'4. What happened to the cathode rays when they were allowed to pass","'99.97270966"
"'83","'LINE","'through electric and magnetic fields? What does this prove?","'99.98571777"
"'83","'LINE","'J. J. Thomson's Atomic Model","'99.57732391"
"'83","'LINE","'Students, form a group and discuss the following","'99.81848907"
"'83","'LINE","'questions. Present your discussion points to the class.","'99.98271179"
"'83","'LINE","'?","'91.56250000"
"'83","'LINE","'1. What is your understanding about atomic model?","'99.89188385"
"'83","'LINE","'2. According to Democritus, what would an atom look","'99.97821045"
"'83","'LINE","'like?","'99.87304688"
"'83","'LINE","'3. What do you expect Dalton's Atomic Model to be","'99.72618103"
"'83","'LINE","'Activity 3.9","'99.79452515"
"'83","'LINE","'like, based on his experimental findings?","'99.96040344"
"'83","'LINE","'Following the discovery of the electron, J.J. Thomson developed what became known","'99.97375488"
"'83","'LINE","'as the 'plum pudding' model in 1904 (Figure 3.14). Plum pudding is an English dessert","'99.72290039"
"'83","'LINE","'similar to a blueberry muffin. In Thomson's plum pudding model of the atom, the","'99.89098358"
"'83","'LINE","'electrons were embedded in a uniform sphere of positive charge like blueberries","'99.89668274"
"'83","'LINE","'stuck into a muffin. The positive matter was thought to be jelly-like or similar to a thick","'99.72337341"
"'83","'LINE","'soup. The electrons were somewhat mobile. As they got closer to the outer portion","'99.97448730"
"'83","'LINE","'of the atom, the positive charge in the region was greater than the neighbouring","'99.98518372"
"'83","'LINE","'negative charges, and the electron would be pulled back more toward the centre","'99.97784424"
"'83","'LINE","'region of the atom. The best example of locally available material for Thomson's","'99.98091125"
"'83","'LINE","'Model is watermelon. The seeds of the watermelon would mimic the electrons, and the","'99.95391846"
"'83","'LINE","'watery soft reddish part is the positively charged matter (Figure 3.14).","'99.87683105"
"'83","'LINE","'76","'99.59960938"
"'84","'LINE","'Structure of the Atom","'99.95809937"
"'84","'LINE","'(-)","'94.39951324"
"'84","'LINE","'+","'88.33984375"
"'84","'LINE","'(+)","'99.07067108"
"'84","'LINE","'+","'93.58238983"
"'84","'LINE","'+","'87.01091766"
"'84","'LINE","'+","'86.01074219"
"'84","'LINE","'Figure 3.14 J. J. Thomson's atomic model (left); the ""plum pudding"" model (centre);","'99.51036835"
"'84","'LINE","'watermelon (right).","'99.93083954"
"'84","'LINE","'Validity of Thomson's Atomic Model","'99.95623016"
"'84","'LINE","'Thomson's Atomic Model could successfully explain the electrical neutrality of an atom.","'99.97111511"
"'84","'LINE","'It, however, failed to explain how the positively charged particles are shielded from","'99.68993378"
"'84","'LINE","'the negatively charged electrons without getting neutralized. Today we know that the","'99.98928833"
"'84","'LINE","'positively charged protons exist in the nucleus of an atom which of course is at the","'99.98031616"
"'84","'LINE","'centre of the atomic structure and the electrons are revolving around them. Therefore,","'99.99242401"
"'84","'LINE","'Thomson's prediction is not negligible although it lacks some knowledge.","'99.95159149"
"'84","'LINE","'Millikan's Oil Drop Experiment","'99.96034241"
"'84","'LINE","'Subsequently, an American scientist, Robert Millikan (1909) carried out a series of","'99.51821136"
"'84","'LINE","'experiments using electrically charged oil droplets. In this experiment some fine oil","'99.95701599"
"'84","'LINE","'droplets were allowed to be sprayed into the chamber by an atomizer. The air in the","'99.98088074"
"'84","'LINE","'chamber is subjected to ionization by X-rays. The electrons produced by the ionization","'99.79788208"
"'84","'LINE","'of air attach themselves to the oil drops. When a sufficient amount of electric field is","'99.80612946"
"'84","'LINE","'applied, which can just balance the gravitational force acting on an oil drop, the drop","'99.96446991"
"'84","'LINE","'remains suspended in the air.","'99.98828125"
"'84","'LINE","'From this experiment, Millikan observed that the smallest charge found on the cathode","'99.97409058"
"'84","'LINE","'rays was approximately 1.59 X 10⁻¹⁹ coulombs, and the charge on each drop was","'99.10381317"
"'84","'LINE","'always an integral multiple of that value. Based on this observation, he concluded that","'99.95751953"
"'84","'LINE","'1.59 X 10⁻¹⁹ coulomb is the smallest possible charge, and considered that value as","'98.96453094"
"'84","'LINE","'the charge of the electron. With this information and Thomson's charge-to-mass ratio","'99.94908142"
"'84","'LINE","'(1.76 X 10°C/g), Millikan determined the mass of an electron (Figure 3.15):","'97.21427155"
"'84","'LINE","'Mass of electron = e/m e","'95.28025055"
"'84","'LINE","'1.59 X 10⁻¹⁹C = 9 X 10⁻²⁸g","'88.19804382"
"'84","'LINE","'1.76 X 10⁸ C/g","'88.20424652"
"'84","'LINE","'77","'99.20898438"
"'85","'LINE","'Chemistry Grade 9","'99.84999084"
"'85","'LINE","'Oil spray","'99.96054077"
"'85","'LINE","'Atomizer ro produce","'99.69626617"
"'85","'LINE","'(+)","'99.14958954"
"'85","'LINE","'oil droplets","'99.94100952"
"'85","'LINE","'X rays produce","'99.29461670"
"'85","'LINE","'charges on","'99.96582031"
"'85","'LINE","'Microscope","'99.85192108"
"'85","'LINE","'the oil drops","'99.96717834"
"'85","'LINE","'Electrical charged plates","'99.96040344"
"'85","'LINE","'I","'96.32334137"
"'85","'LINE","'Figure 3.15 The apparatus used by Millikan to determine the charge of an electron.","'99.93554688"
"'85","'LINE","'From our understanding of electricity today, it is obvious that the force on any electric","'99.97840881"
"'85","'LINE","'charge in an electric field is equal to the product of the charge and the electric field.","'99.97908783"
"'85","'LINE","'Millikan was able to measure both the amount of electric force and magnitude of","'99.97454834"
"'85","'LINE","'electric field on the tiny charge of an isolated oil droplet. From this data he determined","'99.97279358"
"'85","'LINE","'the magnitude of the charge itself.","'99.98671722"
"'85","'LINE","'============","'41.19419861"
"'85","'LINE","'Exercise 3.11","'99.39453125"
"'85","'LINE","'Provide the correct answer for the following questions.","'99.99511719"
"'85","'LINE","'1. Mass of the electron is calculated from","'99.93490601"
"'85","'LINE","'and","'100.00000000"
"'85","'LINE","'values of electron.","'99.98671722"
"'85","'LINE","'2. Describe Millikan's oil drop experiment in brief.","'99.97161865"
"'85","'LINE","'3. Describe J. J. Thomson's Atomic Model.","'99.70777130"
"'85","'LINE","'4. According to","'99.96067047"
"'85","'LINE","', the charges in an atom are arranged like the","'95.72474670"
"'85","'LINE","'pulp and seeds of a watermelon.","'99.75336456"
"'85","'LINE","'3.4.3 Discovery of the Nucleus","'99.94694519"
"'85","'LINE","'At the end of this section, you will be able to explain the discovery of the nucleus.","'99.93736267"
"'85","'LINE","'Students, form groups and discuss the following questions.","'99.98881531"
"'85","'LINE","'Present your discussion points to the class.","'99.98163605"
"'85","'LINE","'1. From your grade 8 science lessons you know that the","'99.63282013"
"'85","'LINE","'planets revolve around the Sun, in the Solar System.","'99.98454285"
"'85","'LINE","'Assume that you have made a model of the Solar","'99.43064117"
"'85","'LINE","'System from locally available materials by representing","'99.98593140"
"'85","'LINE","'the planets and the Sun by stones. If you hang the model","'99.74938202"
"'85","'LINE","'and throw a small stone towards it, is it always possible","'99.87574768"
"'85","'LINE","'to hit the stones that represent the planets and the Sun?","'99.98025513"
"'85","'LINE","'If your answer is no why? If your answer is yes how?","'99.94412994"
"'85","'LINE","'78","'99.01367188"
"'86","'LINE","'Structure of the Atom","'99.96054077"
"'86","'LINE","'2. What do you think will happen to the probability","'99.86959839"
"'86","'LINE","'of hitting the Sun if the number of stones you throw","'99.82354736"
"'86","'LINE","'at the same time is 5? Does it increase or decrease?","'99.92662048"
"'86","'LINE","'Why?","'99.92028046"
"'86","'LINE","'3. What will happen to those stones that hit the Sun in","'99.96291351"
"'86","'LINE","'question three? What about those that did not hit","'99.98797607"
"'86","'LINE","'the sun?","'99.91171265"
"'86","'LINE","'Activity 3.10","'98.72966766"
"'86","'LINE","'By 1920, with the discovery of electron and proton, it was thought that the inner","'99.91333008"
"'86","'LINE","'structure of the atom was complete. The mass of the electron is negligible; hence the","'99.97244263"
"'86","'LINE","'mass of atom should be equal to the mass of protons concentrated inside the nucleus.","'99.97113800"
"'86","'LINE","'Different atoms have different number of protons, hence different atomic masses.","'99.94571686"
"'86","'LINE","'However, it was observed that there was a discrepancy between the actual atomic","'99.91713715"
"'86","'LINE","'mass and the calculated atomic mass.","'99.97070313"
"'86","'LINE","'For example, an atom of carbon has 6 protons; therefore its mass should be six times","'99.94635010"
"'86","'LINE","'the mass of hydrogen atom which has one proton. But, experimentally, it was found","'99.93142700"
"'86","'LINE","'that the mass of carbon atoms is twelve times the mass of hydrogen atom. A similar","'99.55253601"
"'86","'LINE","'problem was encountered with regard to the mass of other atoms. Then, what was the","'99.98177338"
"'86","'LINE","'reason for this discrepancy?","'99.94548798"
"'86","'LINE","'Rutherford was the first scientist to predict the reason for this discrepancy. He predicted","'97.29278564"
"'86","'LINE","'that along with protons, there were some other neutral particles present inside the","'99.97553253"
"'86","'LINE","'nucleus. In a single famous experiment, the British physicist Ernest Rutherford showed","'99.80774689"
"'86","'LINE","'explicitly that Thomson's model of the atom was incorrect. He used α-particles in his","'98.07127380"
"'86","'LINE","'experiment. α-particles are composite particles consisting of two protons and two","'99.88056183"
"'86","'LINE","'neutrons tightly bound together. In 1920, Rutherford targeted a stream of positively","'99.80557251"
"'86","'LINE","'charged α-particles at a very thin gold foil target (Figure 3.17a) and inspected","'98.92143250"
"'86","'LINE","'how the α-particles were scattered by the foil. The particles were produced by a","'99.89441681"
"'86","'LINE","'sample of radium. Gold was chosen since it could be easily hammered into very thin","'99.97640228"
"'86","'LINE","'sheets, minimizing the number of atoms in the target. If Thomson's model of the atom","'99.97624207"
"'86","'LINE","'was correct, the positively charged α-particles should smash through the regularly","'99.85882568"
"'86","'LINE","'dispersed mass of the gold target like cannonballs (see Figure 3.16).","'99.86634064"
"'86","'LINE","'Figure 3.16 A regularly distributed cannonballs.","'98.22010040"
"'86","'LINE","'79","'99.63867188"
"'87","'LINE","'Chemistry Grade 9","'99.81445313"
"'87","'LINE","'They might be traveling a little slower when they appeared, but they should pass","'99.90859222"
"'87","'LINE","'essentially straight through the target (Figure 3.17b). However, a small fraction of the","'99.75546265"
"'87","'LINE","'α-particles were deflected at large angles, and some were reflected directly back at","'99.91145325"
"'87","'LINE","'the source (Figure 3.17c).","'99.38462067"
"'87","'LINE","'Photographic film of","'99.96040344"
"'87","'LINE","'luminescent screen","'99.72626495"
"'87","'LINE","'Lead container","'99.90563202"
"'87","'LINE","'α particles","'92.46931458"
"'87","'LINE","'Gold atoms","'99.85311890"
"'87","'LINE","'(b) What Rutherford expected if","'99.95507813"
"'87","'LINE","'Thomson's model were correct","'99.96542358"
"'87","'LINE","'Stream of α particles","'99.20410156"
"'87","'LINE","'Positively charged","'99.93652344"
"'87","'LINE","'Radium","'99.99023438"
"'87","'LINE","'Thin gold foil","'99.91835022"
"'87","'LINE","'nucleus","'99.85112762"
"'87","'LINE","'Gold atoms","'99.70095062"
"'87","'LINE","'(a) Rutherford's experiment","'99.75134277"
"'87","'LINE","'(b) What Rutherford actually","'99.98046875"
"'87","'LINE","'observed","'100.00000000"
"'87","'LINE","'Figure 3.17 A Summary of Rutherford's Experiments.","'98.93209839"
"'87","'LINE","'Rutherford's results were not consistent with Dalton's atomic model in which the mass and","'99.90655518"
"'87","'LINE","'positive charge are distributed uniformly throughout the volume of an atom. Instead,","'99.94298553"
"'87","'LINE","'they strongly suggested that both the mass and positive charge are concentrated in a","'99.86826324"
"'87","'LINE","'tiny minute fraction of the volume of an atom, which Rutherford called the nucleus. It","'99.86625671"
"'87","'LINE","'made sense that a small fraction of the α-particles collided bumped with the dense,","'99.81614685"
"'87","'LINE","'positively charged nuclei. This resulted in large deflections, or almost head-on, causing","'99.92948151"
"'87","'LINE","'them to be reflected straight back at the source.","'99.97260284"
"'87","'LINE","'Rutherford's explanation for the stability of nucleus and atom: After the success of","'99.97020721"
"'87","'LINE","'bringing out a successful atomic model, Rutherford was cornered by the other scientists","'99.90631104"
"'87","'LINE","'by the question: ""Why does the nucleus not disintegrate in spite of repulsion among","'99.92184448"
"'87","'LINE","'the protons?"" To explain the stability of the nucleus, Rutherford predicted the presence","'99.62924194"
"'87","'LINE","'of neutral particles. The presence of these neutrons between the protons neutralises","'99.95851135"
"'87","'LINE","'the repulsion among the protons. Rutherford predicted the presence of the neutron","'99.96271515"
"'87","'LINE","'even before it was discovered, which he proved it later on.","'99.95997620"
"'87","'LINE","'Coming to the stability of the atom, he explained that the revolving electron is under","'99.98291016"
"'87","'LINE","'the influence of two types of forces.","'99.99151611"
"'87","'LINE","'i.","'98.84805298"
"'87","'LINE","'The electrostatic force of attraction between the nucleus and the electron and","'99.97098541"
"'87","'LINE","'ii.","'98.27706146"
"'87","'LINE","'The centrifugal force directed away from the revolving electron.","'99.70335388"
"'87","'LINE","'These two forces are equal and opposite and hence keep the electron in equilibrium in","'99.96105194"
"'87","'LINE","'the path. This is the reason why electrons do not fall into the nucleus in spite of inward","'99.97916412"
"'87","'LINE","'nuclear pull, according to Rutherford.","'99.93036652"
"'87","'LINE","'80","'99.55974579"
"'88","'LINE","'Structure of the Atom","'99.95321655"
"'88","'LINE","'Today, it is known that strong nuclear forces, which are much stronger than electrostatic","'99.96279907"
"'88","'LINE","'interactions, hold the protons and the neutrons together in the nucleus. For this and","'99.94676971"
"'88","'LINE","'other insights, Rutherford was awarded the Nobel Prize in Chemistry, in 1908.","'99.94887543"
"'88","'LINE","'Rutherford's Atomic Model","'99.95063782"
"'88","'LINE","'The atom is mostly composed of empty space. The whole positive charge and mass","'99.98181152"
"'88","'LINE","'of the atom are concentrated in a small central part known as the nucleus. The size","'99.87816620"
"'88","'LINE","'of the nucleus is so small that its diameter is 10⁵ times less than that of an atom. The","'98.81329346"
"'88","'LINE","'diameter of the nucleus has been estimated by Rutherford as 10⁻¹³ cm in contrast to","'99.55067444"
"'88","'LINE","'that of an atom to be 10⁻⁸ cm. The electrons existing outside the nucleus rotate around","'99.40272522"
"'88","'LINE","'the nucleus with high velocities to counterbalance the electrostatic forces of attraction","'99.95043945"
"'88","'LINE","'between protons and electrons. Rutherford's atomic model bear a resemblance to","'99.82516479"
"'88","'LINE","'the planetary motion in the solar system (grade 8). Rutherford's model of an atom is,","'99.91429138"
"'88","'LINE","'therefore, also called the Planetary Model (see Figure 3.18).","'99.73770142"
"'88","'LINE","'Nucleus","'99.97070313"
"'88","'LINE","'Electron","'99.85271454"
"'88","'LINE","'Figure 3.18 Rutherford's Model of an Atom in contrast to the Planetary Model.","'99.79505920"
"'88","'LINE","'Rutherford's Atomic Model also became known as the nuclear model. In the nuclear","'99.94154358"
"'88","'LINE","'atom, the protons and neutrons, which contain nearly all of the mass of the atom, are","'99.96115112"
"'88","'LINE","'situated in the nucleus at the centre of the atom. The electrons are dispersed around","'99.97444916"
"'88","'LINE","'the nucleus and occupy most of the volume of the atom. It is worth stressing just how","'99.91831207"
"'88","'LINE","'small the nucleus is compared to the rest of the atom. If we could inflate an atom to","'99.95899963"
"'88","'LINE","'be the size of a large professional football stadium, the nucleus would be about the","'99.89157867"
"'88","'LINE","'size of a cat's eye.","'99.80619812"
"'88","'LINE","'Rutherford's Model proved to be an significant step towards a full understanding of","'99.90349579"
"'88","'LINE","'the atom. It did not, however, fully address the nature of the electrons, and how they","'99.95306396"
"'88","'LINE","'reside in the vast space around the nucleus. It was not until some years far ahead","'99.94254303"
"'88","'LINE","'that a full understanding of the electron was realized. This proved to be the key to","'99.89850616"
"'88","'LINE","'understanding the chemical properties of elements.","'99.97531891"
"'88","'LINE","'Rutherford's experiments discovered the following aspects of the nucleus:","'99.95914459"
"'88","'LINE","'The nucleus of an atom is positively charged.","'99.96186066"
"'88","'LINE","'Most of the mass of an atom is concentrated in the nucleus.","'99.96643829"
"'88","'LINE","'There are large spaces within an atom.","'99.95931244"
"'88","'LINE","'81","'99.61834717"
"'89","'LINE","'Chemistry Grade 9","'99.75911713"
"'89","'LINE","'Legitimacy of Rutherford's Atomic Model","'99.93669891"
"'89","'LINE","'Rutherford's Atomic Model could wonderfully explain the presence of a positively","'99.75129700"
"'89","'LINE","'charged nucleus and the presence of electrons outside the nucleus in an atom. The","'99.97889709"
"'89","'LINE","'failure of Rutherford's theory, however, stemmed from two major objections:","'99.95037079"
"'89","'LINE","'This model is inconsistent to the principle of classical electro-dynamics.","'99.89188385"
"'89","'LINE","'According to this theory, any charged particle in circular motion releases energy","'99.96304321"
"'89","'LINE","'uninterruptedly. The electron being a charged particle in circular motion loses","'99.59037018"
"'89","'LINE","'energy. This should finally result in its curved path towards the nucleus and the","'99.98523712"
"'89","'LINE","'atom should then collapse.","'99.97030640"
"'89","'LINE","'The second major objection to Rutherford's model came from the pattern of","'99.96121979"
"'89","'LINE","'atomic spectra. The detailed explanation of this would be dealt with in the","'99.98860931"
"'89","'LINE","'syllabi in grade 11.","'99.62322998"
"'89","'LINE","'#############","'29.63867188"
"'89","'LINE","'Exercise 3.12","'99.34082031"
"'89","'LINE","'Provide the correct answer for the following questions.","'99.98281097"
"'89","'LINE","'1. Why is Rutherford's Model called the nuclear model?","'99.86772919"
"'89","'LINE","'2. Who discovered the protons? Based on what experiment was he able to","'99.96907806"
"'89","'LINE","'discover these protons?","'99.97694397"
"'89","'LINE","'3. According to Rutherford's Atomic Model, where are the protons and","'99.93521118"
"'89","'LINE","'electrons located in an atom?","'99.97444916"
"'89","'LINE","'4. What are the drawbacks of Rutherford's Atomic Model?","'99.95841217"
"'89","'LINE","'5. Describe Rutherford's Atomic Model.","'99.92889404"
"'89","'LINE","'6. If Rutherford's Atomic Model is correct, then the atom should collapse.","'99.95653534"
"'89","'LINE","'Explain?","'99.69168091"
"'89","'LINE","'The Niels Bohr Atomic Model","'99.98437500"
"'89","'LINE","'In 1913, a Danish scientist, Niels Bohr could overcome the limitation of Rutherford's","'99.85155487"
"'89","'LINE","'atomic model effectively based on the Quantum Theory of Radiation proposed by","'99.97118378"
"'89","'LINE","'Max Planck. The concept of Quantum Theory is, however, beyond the scope of this","'99.88768005"
"'89","'LINE","'subject. You will learn about it in grade 11. At this level, we will only present the","'99.88445282"
"'89","'LINE","'principles associated with Bohr's Atomic Model.","'99.96854401"
"'89","'LINE","'Bohr, a student of Rutherford's, developed a new model of the atom. The Bohr Model","'99.77128601"
"'89","'LINE","'can be summarized by the following five principles:","'99.97670746"
"'89","'LINE","'Electrons are arranged in concentric circular orbits around the nucleus (see Figure","'99.95647430"
"'89","'LINE","'3.19).","'99.25541687"
"'89","'LINE","'Electrons occupy only certain orbits around the nucleus. Those orbits are stable","'99.95938873"
"'89","'LINE","'and are called 'stationary' orbits or shells.","'99.81556702"
"'89","'LINE","'Each orbit or shell is associated with a definite fixed amount of energy. Hence","'99.78354645"
"'89","'LINE","'these are also called energy levels and are designated K, L, M, N respectively.","'96.74150085"
"'89","'LINE","'The energy associated with a certain energy level increases with the increase of","'99.76052094"
"'89","'LINE","'82","'99.84375000"
"'90","'LINE","'Structure of the Atom","'99.96786499"
"'90","'LINE","'its distance from the nucleus. Hence if the energy associated with the K, L, M, N","'97.76574707"
"'90","'LINE","'shells are E1, E2, E3,","'88.32369995"
"'90","'LINE","',","'40.97307587"
"'90","'LINE","'etc. respectively, then E1 < E2 < E3,","'95.15871429"
"'90","'LINE","'etc.","'99.81445313"
"'90","'LINE","',","'77.26961517"
"'90","'LINE","'As long as the electron revolves in a particular orbit, the electron does not lose","'99.74738312"
"'90","'LINE","'its energy.","'99.98046875"
"'90","'LINE","'Orbits","'99.97070313"
"'90","'LINE","'Nucleus","'99.99023438"
"'90","'LINE","'NMLK","'96.86013794"
"'90","'LINE","'1234","'97.56855774"
"'90","'LINE","'Electrons","'99.97070313"
"'90","'LINE","'Figure 3.19 Neil Bohr's Atomic Model.","'99.79953766"
"'90","'LINE","'#############","'32.71962738"
"'90","'LINE","'Exercise 3.13","'99.36523438"
"'90","'LINE","'Provide the correct answer for the following questions.","'99.98271179"
"'90","'LINE","'1. Which model can be described as negatively charged electrons orbiting","'99.92780304"
"'90","'LINE","'a positively charged nucleus in definite paths?","'99.81137848"
"'90","'LINE","'a.","'96.44750214"
"'90","'LINE","'The Bohr Model.","'99.98345947"
"'90","'LINE","'d.","'99.95117188"
"'90","'LINE","'The Democritus Model.","'99.98345947"
"'90","'LINE","'b.","'99.92107391"
"'90","'LINE","'The J.J. Thomson Model.","'99.94120789"
"'90","'LINE","'e.","'94.50175476"
"'90","'LINE","'The Leucippus Model.","'99.95688629"
"'90","'LINE","'c.","'76.57466125"
"'90","'LINE","'The Rutherford Model.","'99.97694397"
"'90","'LINE","'2. The circular paths in which electrons revolve are called","'99.98527527"
"'90","'LINE","'.","'90.31468964"
"'90","'LINE","'3. On what basis did Bohr propose his atomic model?","'99.91653442"
"'90","'LINE","'4. What are the orbits and why are they called stationary orbits?","'99.97633362"
"'90","'LINE","'5. Explain Bohr's Atomic Model.","'99.95475769"
"'90","'LINE","'3.4.4 Discovery of the Neutron","'99.93717957"
"'90","'LINE","'At the end of this section, you will be able to explain the discovery of neutron.","'99.92845917"
"'90","'LINE","'?","'91.56250000"
"'90","'LINE","'Students, form groups and discuss the following points.","'99.99135590"
"'90","'LINE","'Present your discussion points to the class.","'99.98732758"
"'90","'LINE","'1. From your physics lessons you know that like charges","'99.75179291"
"'90","'LINE","'repel each other. So, how do the positively charged","'99.99005890"
"'90","'LINE","'Activity 3.11","'99.32497406"
"'90","'LINE","'protons exist in harmony in the tiny nucleus?","'99.96410370"
"'90","'LINE","'After the discovery of the proton, physicists had predicted that there were likely other","'99.98367310"
"'90","'LINE","'particles in the atomic nucleus. This was seen from the fact that elements heavier than","'99.98616791"
"'90","'LINE","'hydrogen had a larger atomic mass than their atomic number (the number of protons).","'99.89644623"
"'90","'LINE","'83","'99.85351563"
"'91","'LINE","'Chemistry Grade 9","'99.74283600"
"'91","'LINE","'Theories for the additional particles included additional protons whose charge was","'99.97478485"
"'91","'LINE","'shielded by electrons in the nucleus or an unknown neutral particle. In 1932, French","'99.93723297"
"'91","'LINE","'physicists, Frederic and Irene Joliot-Curie bombarded beryllium nuclei with α-particles","'99.43344879"
"'91","'LINE","'and observed that unknown radiation was released that in turn ejected protons from","'99.96883392"
"'91","'LINE","'the nuclei of various substances. Alpha particles, also called α-rays or α-radiation,","'96.71536255"
"'91","'LINE","'consist of two protons and two neutrons bound together into a particle identical to","'99.83532715"
"'91","'LINE","'a helium-4 nucleus. They are emitted from the nucleus of some radio nuclides (e.g.,","'99.85587311"
"'91","'LINE","'Polonium) during a form of radioactive decay, called α-decay. The Joliot-Curies","'99.56262970"
"'91","'LINE","'hypothesized that this radiation was γ-rays.","'92.26140594"
"'91","'LINE","'Beryllium","'99.73233795"
"'91","'LINE","'Paraffin wax","'99.48819733"
"'91","'LINE","'Neutrons","'99.91051483"
"'91","'LINE","'Protons","'99.88121796"
"'91","'LINE","'Alpha particles source","'99.93788910"
"'91","'LINE","'N","'99.44255829"
"'91","'LINE","'P","'82.47249603"
"'91","'LINE","'N","'99.56871796"
"'91","'LINE","'N","'99.71520233"
"'91","'LINE","'P","'80.25669098"
"'91","'LINE","'N","'99.46208954"
"'91","'LINE","'P","'77.31744385"
"'91","'LINE","'Alpha particles","'99.95077515"
"'91","'LINE","'Figure 3.20 James Chadwick's beryllium bombardment experiment.","'99.76613617"
"'91","'LINE","'The English physicist, James Chadwick (Figure 3.21) was convinced that α-particles did","'99.58926392"
"'91","'LINE","'not have sufficient energy to produce such powerful γ-rays. During an experiment it","'98.50666046"
"'91","'LINE","'was found that, when α-particles bombarded Beryllium nuclei, some radiations were","'99.75125885"
"'91","'LINE","'observed. These radiations were found to be undeflected in an electric field. So, the","'99.96124268"
"'91","'LINE","'earlier scientist thought these radiations could be γ-rays and hence discarded it. But","'99.33976746"
"'91","'LINE","'Chadwick repeated the experiment and made the following observations.","'99.95814514"
"'91","'LINE","'i.","'99.47923279"
"'91","'LINE","'A paddle wheel was placed behind the Beryllium nucleus and the nucleus was","'99.03910828"
"'91","'LINE","'bombarded with α-particles. It was observed that the paddle wheel rotates. From","'99.73783875"
"'91","'LINE","'this, it was concluded that the beryllium nucleus emits some invisible radiations","'99.93917847"
"'91","'LINE","'having material particles.","'99.97017670"
"'91","'LINE","'ii.","'99.08482361"
"'91","'LINE","'When these invisible radiations were allowed to pass through an electric field,","'99.95057678"
"'91","'LINE","'there was no deviation seen. This confirmed the fact that these rays contained","'99.94830322"
"'91","'LINE","'neutral particles. These neutral particles were called neutrons, by James","'99.94419861"
"'91","'LINE","'Chadwick.","'99.79093933"
"'91","'LINE","'That discovery provided a new tool for making atomic disintegration, since neutrons,","'99.79560089"
"'91","'LINE","'being electrically uncharged, could enter undeflected into the atomic nucleus, and led","'99.97525024"
"'91","'LINE","'to a new model of the atomic nucleus being composed of protons and neutrons (Figure","'99.90768433"
"'91","'LINE","'3.22). Neutrons could be captured by hydro-carbons or wax as shown in Figure 3.20.","'99.79003906"
"'91","'LINE","'84","'99.76562500"
"'92","'LINE","'Structure of the Atom","'99.97274780"
"'92","'LINE","'Figure 3.21 J.J. Thomson (left), Ernest Rutherford (centre), and James Chadwick (right).","'99.83810425"
"'92","'LINE","'The discovery of fundamental particles has ultimately resulted in the formation of","'99.92530060"
"'92","'LINE","'a basic atomic model. The basic model of an atom encompasses a small positively","'99.79441071"
"'92","'LINE","'charged nucleus (where protons and neutrons reside) at the centre of the atom and","'99.97588348"
"'92","'LINE","'the electrons revolving around the nucleus in orbits.","'99.99135590"
"'92","'LINE","'Electron","'100.00000000"
"'92","'LINE","'Proton","'99.96093750"
"'92","'LINE","'Neutron","'99.93083954"
"'92","'LINE","'Nucleus","'100.00000000"
"'92","'LINE","'Figure 3.22 James Chadwick's Atomic Model.","'99.94033813"
"'92","'LINE","'#############","'53.84327316"
"'92","'LINE","'Exercise 3.14","'99.44335938"
"'92","'LINE","'Provide the correct answer for the following questions.","'99.98139191"
"'92","'LINE","'1. Who discovered the neutrons?","'99.84801483"
"'92","'LINE","'2. Neutrons were discovered by bombarding beryllium with","'99.98779297"
"'92","'LINE","'.","'85.18465424"
"'92","'LINE","'3. Why the presence of the neutrons in an atom was predicted?","'99.95633698"
"'92","'LINE","'4. How were the neutrons discovered?","'99.98358917"
"'92","'LINE","'3.5 Composition of an Atom and the Isotopes","'99.95413208"
"'92","'LINE","'Atoms have different properties based on the arrangement and the number of their","'99.97941589"
"'92","'LINE","'sub-atomic particles. Some elements have the same number of protons, but a different","'99.89874268"
"'92","'LINE","'number of neutrons. This resulted in same elements having different masses, which","'99.95938873"
"'92","'LINE","'in turn led to different properties. In this section, we are going to discuss about the","'99.95851135"
"'92","'LINE","'electrons, the protons, and the neutrons in relation to the atomic structure, mass, and","'99.96589661"
"'92","'LINE","'charge. We will also discuss about isotopes.","'99.98152161"
"'92","'LINE","'85","'99.95117188"
"'93","'LINE","'Chemistry Grade 9","'99.78840637"
"'93","'LINE","'3.5.1 Electrons, Protons and Neutrons","'99.89780426"
"'93","'LINE","'At the end of this section, you will be able to","'99.84447479"
"'93","'LINE","'Write the relative charges of an electron a proton and a neutron;","'99.76576996"
"'93","'LINE","'Tell the absolute and relative masses of an electron, a proton and a neutron.","'99.83142090"
"'93","'LINE","'Students, form groups and discuss the following","'99.99151611"
"'93","'LINE","'questions. Present your discussion points to the class","'99.97396851"
"'93","'LINE","'when asked by your teacher.","'99.99007416"
"'93","'LINE","'1. From your previous lessons you understood that the","'99.66112518"
"'93","'LINE","'mass of proton and neutron is far exceeding the","'99.97151947"
"'93","'LINE","'mass of an electron. What local materials can you","'99.80132294"
"'93","'LINE","'?","'92.06054688"
"'93","'LINE","'give as an example that represents these three sub-","'99.94864655"
"'93","'LINE","'atomic particles?","'99.97518921"
"'93","'LINE","'2. Can you describe how these three sub-atomic","'99.57240295"
"'93","'LINE","'particles coexist in an atom, by considering their","'99.96664429"
"'93","'LINE","'charge and mass?","'99.98697662"
"'93","'LINE","'Activity 3.12","'99.48202515"
"'93","'LINE","'Electrons","'99.99023438"
"'93","'LINE","'Electrons are one of three fundamental particles that make up the atoms (Figure 3.24).","'99.78964233"
"'93","'LINE","'Electrons are extremely small (Figure 3.23). The mass of an electron is only about","'99.92404175"
"'93","'LINE","'1/2000 the mass of a proton or a neutron, which is about 0.00054897 amu or 9","'99.19879150"
"'93","'LINE","'X 10⁻³¹ Kg. So, electrons contribute almost nothing to the total mass of an atom. The","'97.28588867"
"'93","'LINE","'electric charge of an electron is -1, which is equal but opposite to the charge of a","'99.37672424"
"'93","'LINE","'proton. All atoms have identical number of electrons and protons, so the positive and","'98.38655090"
"'93","'LINE","'negative charges 'cancel out' making atoms electrically neutral.","'99.62335205"
"'93","'LINE","'penny","'99.43618011"
"'93","'LINE","':","'85.53641510"
"'93","'LINE","'Bowling ball","'99.97070313"
"'93","'LINE","'Figure 3.23 Comparison of an electron (penny or cent) with proton (bowling ball).","'99.93252563"
"'93","'LINE","'The Protons","'99.98007202"
"'93","'LINE","'The proton is one of the three sub-atomic particles that make up the atom. They are","'99.86617279"
"'93","'LINE","'found in the nucleus of the atom (Figure 3.24). It is a tiny, compact region at the center","'99.76103973"
"'93","'LINE","'of the atom. Protons have a positive electrical charge of one (+1) and a mass of","'99.72821045"
"'93","'LINE","'1.0073 atomic mass unit (amu), which is about 1.67x10⁻²⁷ Kg. Together with neutrons,","'96.54422760"
"'93","'LINE","'they make up virtually all of the mass of an atom.","'99.79825592"
"'93","'LINE","'86","'99.85351563"
"'94","'LINE","'Structure of the Atom","'99.96786499"
"'94","'LINE","'The Neutrons","'99.90035248"
"'94","'LINE","'Atoms of all elements apart from most atoms of hydrogen, have neutrons in their","'99.98442841"
"'94","'LINE","'nucleus (Figure 3.24). Unlike the protons and the electrons, which are electrically","'99.93972778"
"'94","'LINE","'charged, neutrons have no charge. That's why the neutrons in Table 3.1 are labeled","'99.92031860"
"'94","'LINE","'n°. The zero stands for 'zero charge'. The mass of a neutron (1.0087 amu) is a little","'98.30963135"
"'94","'LINE","'greater than the mass of a proton, which is 1 atomic mass unit (amu). An atomic mass","'99.76068878"
"'94","'LINE","'unit equals about 1.67x10⁻²⁷ Kg. A neutron also has about the same diameter as a","'96.41413116"
"'94","'LINE","'proton, or 1.7x10⁻¹⁵ meters.","'91.62557983"
"'94","'LINE","'electron","'99.99023438"
"'94","'LINE","'(-)","'95.99748993"
"'94","'LINE","'neutron","'99.99023438"
"'94","'LINE","'(+)","'98.47496796"
"'94","'LINE","'nucleus","'99.99023438"
"'94","'LINE","'proton","'99.99023438"
"'94","'LINE","'(-)","'91.35024261"
"'94","'LINE","'Figure 3.24 The sub atomic particles.","'99.96717834"
"'94","'LINE","'Table 3.1 Physical properties of sub atomic particles.","'99.88607788"
"'94","'LINE","'Particle","'100.00000000"
"'94","'LINE","'Symbol","'100.00000000"
"'94","'LINE","'Charge","'100.00000000"
"'94","'LINE","'Mass (Kg)","'99.88162231"
"'94","'LINE","'Relative","'100.00000000"
"'94","'LINE","'Mass (amu)","'99.95077515"
"'94","'LINE","'Location","'99.96014404"
"'94","'LINE","'(coulombs)","'99.65182495"
"'94","'LINE","'charge","'100.00000000"
"'94","'LINE","'Proton","'99.92028046"
"'94","'LINE","'P⁺","'86.43434906"
"'94","'LINE","'+1.59x10⁻¹⁹","'71.20854950"
"'94","'LINE","'1.673x10⁻²⁷","'79.99263000"
"'94","'LINE","'+1","'97.95500183"
"'94","'LINE","'1.0073","'99.87304688"
"'94","'LINE","'Inside the","'99.98535156"
"'94","'LINE","'nucleus","'100.00000000"
"'94","'LINE","'Neutron","'99.96014404"
"'94","'LINE","'n°","'70.05739594"
"'94","'LINE","'No charge","'99.91619873"
"'94","'LINE","'1.675x10⁻²⁷","'78.88133240"
"'94","'LINE","'o","'57.18172073"
"'94","'LINE","'1.0087","'99.93164063"
"'94","'LINE","'Inside the","'99.98535156"
"'94","'LINE","'nucleus","'100.00000000"
"'94","'LINE","'Electron","'99.99023438"
"'94","'LINE","'e⁻","'65.75175476"
"'94","'LINE","'-1.59x10⁻¹⁹","'85.78922272"
"'94","'LINE","'9x10⁻³¹","'54.81186676"
"'94","'LINE","'-1","'87.91453552"
"'94","'LINE","'5.4858 X 10⁻⁴","'92.89892578"
"'94","'LINE","'Outside the","'99.99511719"
"'94","'LINE","'nucleus","'100.00000000"
"'94","'LINE","'<<<<<<<<<<<<<<<","'17.69411659"
"'94","'LINE","'Exercise 3.15","'99.55566406"
"'94","'LINE","'Provide the correct answer for the following questions.","'99.98769379"
"'94","'LINE","'1. Tell the mass and charge of the fundamental particles of an atom.","'99.92032623"
"'94","'LINE","'2. Compare the masses of protons and neutrons.","'99.98525238"
"'94","'LINE","'3. Compare the charges of electrons and protons.","'99.96278381"
"'94","'LINE","'4. Neutrons are neither attracted to nor repelled from the objects; they don't","'99.97734070"
"'94","'LINE","'interact with protons or electrons. Explain?","'99.94548798"
"'94","'LINE","'5. Why is the mass of an atom depends only on the mass of protons and","'99.97370148"
"'94","'LINE","'neutrons?","'99.89098358"
"'94","'LINE","'87","'99.21875000"
"'95","'LINE","'Chemistry Grade 9","'99.76236725"
"'95","'LINE","'3.5.2 Atomic Number and Mass Number","'99.93801880"
"'95","'LINE","'At the end of this section, you will be able to","'99.75115204"
"'95","'LINE","'tell the number of protons and electrons in an atom from the atomic number of","'99.97699738"
"'95","'LINE","'the element;","'100.00000000"
"'95","'LINE","'determine the number of neutrons from given values of atomic numbers and","'99.98840332"
"'95","'LINE","'mass numbers.","'99.94100952"
"'95","'LINE","'Students, form groups and discuss the following","'99.99291229"
"'95","'LINE","'questions. Present your discussion points to the class.","'99.97020721"
"'95","'LINE","'1. How do elements arrange in the periodic table?","'99.91817474"
"'95","'LINE","'?","'89.49218750"
"'95","'LINE","'2. In the previous section we have discussed about the","'99.97338867"
"'95","'LINE","'masses of electrons, protons and neutrons. So, which","'99.97040558"
"'95","'LINE","'particles account for the mass of an atom?","'99.97050476"
"'95","'LINE","'3. How is it possible to distinguish atoms of one","'99.95971680"
"'95","'LINE","'Activity 3.13","'98.96285248"
"'95","'LINE","'element from atoms of another element?","'99.98345947"
"'95","'LINE","'It is important to be able to differentiate atoms of one element from atoms of another","'99.94009399"
"'95","'LINE","'element. Elements are pure substances that make up all other matter, so each one is","'98.92746735"
"'95","'LINE","'given a different name. From your grade 7 science lessons you know that the names","'99.63663483"
"'95","'LINE","'of elements are represented by unique one- or two-letter symbols, such as H for","'99.60137939"
"'95","'LINE","'hydrogen, C for carbon, or He for helium. However, it would be more authoritative","'94.36469269"
"'95","'LINE","'if these names could be used to identify the numbers of protons and neutrons in the","'99.96359253"
"'95","'LINE","'atoms. That's where atomic numbers and mass numbers are useful.","'99.97647858"
"'95","'LINE","'Scientists are always interested in atomic number and how it differs between different","'99.96745300"
"'95","'LINE","'elements since an atom of one element can be distinguished from an atom of another","'99.97054291"
"'95","'LINE","'element by the number of protons in its nucleus. The number of protons in an atom is","'99.96630859"
"'95","'LINE","'called its atomic number (Z). This number is very important because it is unique for","'99.90731812"
"'95","'LINE","'atoms of a given element. All atoms of an element have identical number of protons,","'99.88756561"
"'95","'LINE","'and every element has a diverse number of protons in its atoms (Table 3.2). If an atom","'99.79990387"
"'95","'LINE","'has only one proton, we know that it's a hydrogen atom. An atom with two protons","'99.91081238"
"'95","'LINE","'is always a helium atom. If scientists count four protons in an atom, they know it's a","'99.67042542"
"'95","'LINE","'beryllium atom. An atom with three protons is a lithium atom, an atom with five protons","'99.84323883"
"'95","'LINE","'is a boron atom, an atom with six protons is a carbon atom","'99.75756073"
"'95","'LINE","'the list goes on.","'99.93388367"
"'95","'LINE","'88","'99.24804688"
"'96","'LINE","'Structure of the Atom","'99.96054077"
"'96","'LINE","'Table 3.2 Atoms of the first six elements.","'99.94447327"
"'96","'LINE","'Name","'100.00000000"
"'96","'LINE","'Protons","'99.96014404"
"'96","'LINE","'Neutrons","'99.92028046"
"'96","'LINE","'Electrons","'100.00000000"
"'96","'LINE","'Atomic","'100.00000000"
"'96","'LINE","'Mass","'100.00000000"
"'96","'LINE","'Number (Z)","'99.44026947"
"'96","'LINE","'Number (A)","'99.36303711"
"'96","'LINE","'Hydrogen","'100.00000000"
"'96","'LINE","'1","'99.04236603"
"'96","'LINE","'0","'86.24919891"
"'96","'LINE","'1","'99.12448120"
"'96","'LINE","'1","'99.20260620"
"'96","'LINE","'1","'99.04396820"
"'96","'LINE","'Helium","'99.99023438"
"'96","'LINE","'2","'99.97070313"
"'96","'LINE","'2","'99.96093750"
"'96","'LINE","'2","'99.97070313"
"'96","'LINE","'2","'99.96093750"
"'96","'LINE","'4","'99.85192108"
"'96","'LINE","'Lithium","'100.00000000"
"'96","'LINE","'3","'99.84135437"
"'96","'LINE","'4","'99.89178467"
"'96","'LINE","'3","'99.85112762"
"'96","'LINE","'3","'99.77140808"
"'96","'LINE","'7","'99.85271454"
"'96","'LINE","'Beryllium","'99.77140808"
"'96","'LINE","'4","'99.88201141"
"'96","'LINE","'5","'99.96093750"
"'96","'LINE","'4","'99.91131592"
"'96","'LINE","'4","'99.89178467"
"'96","'LINE","'9","'99.92107391"
"'96","'LINE","'Boron","'100.00000000"
"'96","'LINE","'5","'99.95117188"
"'96","'LINE","'6","'99.83159637"
"'96","'LINE","'5","'99.95117188"
"'96","'LINE","'5","'99.95117188"
"'96","'LINE","'11","'99.20260620"
"'96","'LINE","'Carbon","'100.00000000"
"'96","'LINE","'6","'99.87145233"
"'96","'LINE","'6","'99.88121796"
"'96","'LINE","'6","'99.87145233"
"'96","'LINE","'6","'99.83159637"
"'96","'LINE","'12","'99.75585938"
"'96","'LINE","'Of course, since neutral atoms have the same number of electrons to that of proton,","'99.97364044"
"'96","'LINE","'an element's atomic number also tells you how many electrons are in a neutral atom","'99.65773773"
"'96","'LINE","'of that element. Atoms are neutral in electrical charge because they have the same","'99.98663330"
"'96","'LINE","'number of negative electrons as positive protons (Table 3.2). For example, hydrogen","'99.87380981"
"'96","'LINE","'has an atomic number of 1. This means that an atom of hydrogen has one proton,","'99.90621948"
"'96","'LINE","'and, if it's neutral, has one electron as well. Carbon, on the other hand, has an atomic","'99.95606232"
"'96","'LINE","'number of 6, which means that an atom of carbon has 6 protons, and, if it's neutral,","'99.94155884"
"'96","'LINE","'has 6 electrons as well.","'99.93132019"
"'96","'LINE","'Mass Number","'100.00000000"
"'96","'LINE","'The mass number (A) of an atom is the total number of protons and neutrons in its","'99.87964630"
"'96","'LINE","'nucleus. It is also known as the total number of nucleons in the atom's nucleus. Do","'99.91762543"
"'96","'LINE","'not confuse atomic mass with mass number because it is the average weight of an","'99.96929932"
"'96","'LINE","'element. Counting the number of protons and neutrons tells scientists about the total","'99.98554230"
"'96","'LINE","'mass of an atom.","'99.96826172"
"'96","'LINE","'Mass number A = (number of protons) + (number of neutrons)","'97.45263672"
"'96","'LINE","'An atom's mass number is very easy to calculate, provided that you know the number","'99.82894897"
"'96","'LINE","'of protons and neutrons in an atom.","'99.97895813"
"'96","'LINE","'Example 3.1: What is the mass number of an atom of helium that contains 2 neutrons?","'99.78584290"
"'96","'LINE","'Solution","'99.96014404"
"'96","'LINE","'(Number of protons) = 2 (Remember that an atom of helium always has 2 protons)","'99.47892761"
"'96","'LINE","'(Number of neutrons) = 2","'99.38333130"
"'96","'LINE","'Mass number = (number of protons) + (number of neutrons)","'99.38276672"
"'96","'LINE","'Mass number = 2 + 2 = 4","'95.75696564"
"'96","'LINE","'Example 3.2: How many protons, electrons, and neutrons are in an atom of K (mass","'97.60059357"
"'96","'LINE","'number of 40)?","'99.77519226"
"'96","'LINE","'Solution","'99.96014404"
"'96","'LINE","'Atomic number = (number of protons) = 19","'99.26434326"
"'96","'LINE","'89","'99.84375000"
"'97","'LINE","'Chemistry Grade 9","'99.76562500"
"'97","'LINE","'For all atoms with no charge, the number of electrons is equal to the number of protons.","'99.93544006"
"'97","'LINE","'Therefore, number of protons = number of electrons = 19","'99.48397827"
"'97","'LINE","'The mass number, 40, is the sum of the number of protons and the neutrons.","'99.97184753"
"'97","'LINE","'To find the number of neutrons, subtract the number of protons from the mass number.","'99.41104889"
"'97","'LINE","'Number of neutrons = 40 19 = 21","'96.86605835"
"'97","'LINE","'Example 3.3: What is the atomic number, number of electrons, and neutrons in an","'99.95211029"
"'97","'LINE","'atom of zinc having a mass number of 65 and 30 protons?","'99.65473175"
"'97","'LINE","'Solution","'100.00000000"
"'97","'LINE","'Number of protons = Atomic number = 30","'99.43065643"
"'97","'LINE","'For all atoms with no charge, the number of electrons is equal to the number of protons.","'99.93557739"
"'97","'LINE","'Number of protons = Number of electrons = 30","'99.57421112"
"'97","'LINE","'The mass number, 65, is the sum of the number of protons and the neutrons.","'99.95931244"
"'97","'LINE","'To find the number of neutrons, subtract the number of protons from the mass number.","'99.60372925"
"'97","'LINE","'Number of neutrons = 65 - 30 = 35","'92.65161133"
"'97","'LINE","'Representation of Mass Number and Atomic Number in a Nuclear Symbol of an","'99.20898438"
"'97","'LINE","'Element","'99.91051483"
"'97","'LINE","'There is a common way in which scientists commonly express the mass number and the","'99.88637543"
"'97","'LINE","'atomic number of an atom. To write a nuclear symbol, the mass number is placed at","'99.53982544"
"'97","'LINE","'the upper left (superscript) of the chemical symbol, and the atomic number is placed","'99.94903564"
"'97","'LINE","'at the lower left (subscript) of the symbol.","'99.93938446"
"'97","'LINE","'Mass number =","'99.15012360"
"'97","'LINE","'A = Z + N","'59.62659073"
"'97","'LINE","'A","'80.58773041"
"'97","'LINE","'X","'91.09275055"
"'97","'LINE","'Chemical symbol","'99.94100952"
"'97","'LINE","'for the element","'99.97043610"
"'97","'LINE","'Atomic number =","'99.17617035"
"'97","'LINE","'Z","'99.22373199"
"'97","'LINE","'number of protons","'99.97043610"
"'97","'LINE","'N","'96.95153046"
"'97","'LINE","'= neutron number","'99.23449707"
"'97","'LINE","'Example 3.4: The complete nuclear symbol for hydrogen mass number 1, helium mass","'99.83099365"
"'97","'LINE","'number 4, lithium mass number 7, beryllium mass number 9, boron mass number 11","'99.69871521"
"'97","'LINE","'and carbon mass number 12 is given below:","'99.71435547"
"'97","'LINE","'1 1 H, 4 2 He, 3 7 Li, 4 9 Be, 11 5 B, 12 6 C","'93.35266113"
"'97","'LINE","'In the carbon nucleus represented above, the atomic number 6 indicates that the","'99.94761658"
"'97","'LINE","'nucleus contains 6 protons, and therefore, it must contain 6 neutrons to have a mass","'99.84770203"
"'97","'LINE","'number of 12. The beryllium nucleus has 4 protons and 5 neutrons in order to have a","'99.64404297"
"'97","'LINE","'mass of 9.","'99.86979675"
"'97","'LINE","'90","'99.53125000"
"'98","'LINE","'Structure of the Atom","'99.96298218"
"'98","'LINE","'############","'33.91501999"
"'98","'LINE","'Exercise 3.16","'99.41894531"
"'98","'LINE","'Provide the correct answer for the following questions.","'99.98891449"
"'98","'LINE","'1. Which of the following pairs has almost similar masses?","'99.94499207"
"'98","'LINE","'a. Proton and electron","'99.04944611"
"'98","'LINE","'b. Neutron and electron","'99.98535156"
"'98","'LINE","'c. Electron and hydrogen(protium)","'89.48237610"
"'98","'LINE","'d. Neutron and hydrogen (protium)","'99.97249603"
"'98","'LINE","'2. Aluminium has 13 protons and 14 neutrons. What is its mass number?","'99.91468811"
"'98","'LINE","'3. Silicone's mass number is 28 and its atomic number is 14. What is its","'99.94342041"
"'98","'LINE","'proton and neutron number?","'99.98271179"
"'98","'LINE","'4. Chlorine has 18 neutrons and it has a mass number of 35. What is its","'99.79045868"
"'98","'LINE","'proton number?","'99.98046875"
"'98","'LINE","'5. Write the nuclear symbol of aluminium, silicon and chlorine.","'99.98234558"
"'98","'LINE","'3.5.3 Atomic Mass and Isotope","'99.89162445"
"'98","'LINE","'At the end of this section, you will be able to","'99.88514709"
"'98","'LINE","'explain the terms atomic mass and isotope;","'99.99023438"
"'98","'LINE","'calculate the atomic masses of elements that have isotopes.","'99.97903442"
"'98","'LINE","'Students, form groups and discuss the following","'99.99860382"
"'98","'LINE","'questions. Present your discussion points to the class.","'99.98271179"
"'98","'LINE","'1. In the drawbacks of Thomson's Atomic Theory, we","'99.89720917"
"'98","'LINE","'have seen that atoms of the same element are not","'99.97737885"
"'98","'LINE","'always alike. What was the reason for this?","'99.96287537"
"'98","'LINE","'2. In the previous sections we have thoroughly discussed","'99.97486115"
"'98","'LINE","'about the mass of an atom being concentrated in the","'99.98339844"
"'98","'LINE","'nucleus. So how is it possible to get the atomic mass","'99.96146393"
"'98","'LINE","'?","'88.98437500"
"'98","'LINE","'of an element?","'99.96067047"
"'98","'LINE","'3. Considering question number one above do you think","'99.67587280"
"'98","'LINE","'the atomic mass of an element will always be the","'99.97737885"
"'98","'LINE","'same? Why?","'99.90603638"
"'98","'LINE","'4. What is the difference between mass number and","'99.96944427"
"'98","'LINE","'Activity 3.14","'99.14062500"
"'98","'LINE","'atomic mass of an element?","'99.96077728"
"'98","'LINE","'All atoms of the same element have the same number of protons, but some may have","'99.97523499"
"'98","'LINE","'different numbers of neutrons. For example, all carbon atoms have six protons, and","'99.94412231"
"'98","'LINE","'most have six neutrons as well. But some carbon atoms have seven or eight neutrons","'99.95660400"
"'98","'LINE","'91","'99.88281250"
"'99","'LINE","'Chemistry Grade 9","'99.67448425"
"'99","'LINE","'instead of the usual six. Atoms of the same element that differ in their numbers of","'99.96984863"
"'99","'LINE","'neutrons are called isotopes. Many isotopes occur naturally. Usually, one or two","'99.91247559"
"'99","'LINE","'isotopes of an element are the most stable and common. Different isotopes of an","'99.94722748"
"'99","'LINE","'element generally have the same physical and chemical properties because they have","'99.98352814"
"'99","'LINE","'the same numbers of protons and electrons.","'99.97594452"
"'99","'LINE","'Example 3.5: Hydrogen Isotopes","'99.72502136"
"'99","'LINE","'Hydrogen is an example of an element that has isotopes. Three isotopes of hydrogen","'99.95355988"
"'99","'LINE","'are modelled in Figure 3.25. Most hydrogen atoms have just one proton, one electron,","'99.89109802"
"'99","'LINE","'and lack a neutron. These atoms are just called hydrogen. This isotope of hydrogen is","'99.84998322"
"'99","'LINE","'also known as protium. Some hydrogen atoms have one neutron as well. These atoms","'99.93821716"
"'99","'LINE","'are the isotope named deuterium. Other hydrogen atoms have two neutrons. These","'99.96535492"
"'99","'LINE","'atoms are the isotope named tritium. They are also known as heavy hydrogen.","'99.93396759"
"'99","'LINE","''H","'48.02345657"
"'99","'LINE","'Protium","'99.80229950"
"'99","'LINE","'Deuterium","'99.96093750"
"'99","'LINE","'Tritium","'99.71360779"
"'99","'LINE","'Figure 3.25 The three most stable isotopes of hydrogen: protium (A = 1), deuterium (A","'98.83045959"
"'99","'LINE","'= 2), and tritium (A = 3).","'97.65335083"
"'99","'LINE","'For most elements other than hydrogen, isotopes are named for their mass number. For","'99.96693420"
"'99","'LINE","'example, carbon atoms with the usual 6 neutrons have a mass number of 12 (6 protons","'99.37748718"
"'99","'LINE","'+ 6 neutrons = 12), so they are called carbon-12. Carbon atoms with 7 neutrons have","'98.15909576"
"'99","'LINE","'an atomic mass of 13 (6 protons + 7 neutrons = 13). These atoms are the isotope","'99.34533691"
"'99","'LINE","'called carbon-13.","'98.89937592"
"'99","'LINE","'Stability of Isotopes","'99.90400696"
"'99","'LINE","'Atoms need a certain proportion of neutrons to protons to have a stable nucleus. Having","'99.67111969"
"'99","'LINE","'too many or too few neutrons relative to protons, results in an unstable, or radioactive,","'99.90827942"
"'99","'LINE","'nucleus that will sooner or later breakdown to a more stable form. This process is","'99.85208893"
"'99","'LINE","'called radioactive decay. Many isotopes have radioactive nuclei, and these isotopes","'99.94483185"
"'99","'LINE","'are referred to as radioisotopes. When they decay, they release particles that may","'99.93021393"
"'99","'LINE","'be destructive. This is why radioactive isotopes are risky and why working with them","'99.95409393"
"'99","'LINE","'requires special suits for protection. The isotope of carbon known as carbon-14 is an","'99.80023193"
"'99","'LINE","'example of a radioisotope. In contrast, the carbon isotopes called carbon-12 and","'99.67355347"
"'99","'LINE","'carbon-13 are stable.","'99.38861847"
"'99","'LINE","'This whole discussion of isotopes brings US back to Dalton's Atomic Theory. According","'99.87090302"
"'99","'LINE","'to Dalton, atoms of a given element are identical. But if atoms of a given element can","'99.79187012"
"'99","'LINE","'have different numbers of neutrons, then they can have different masses as well. How","'99.93218231"
"'99","'LINE","'did Dalton miss this? It turns out that elements found in nature exist as constant uniform","'99.91349792"
"'99","'LINE","'92","'99.79492188"
"'100","'LINE","'Structure of the Atom","'99.95565796"
"'100","'LINE","'mixtures of their naturally occurring isotopes. In other words, a piece of lithium metal","'99.77484131"
"'100","'LINE","'always contains both types of naturally occurring lithium (the type with 3 neutrons and","'99.95914459"
"'100","'LINE","'the type with 4 neutrons). Moreover, it always contains the two in the same relative","'99.95676422"
"'100","'LINE","'abundance. In a lump of lithium, 93% will always be lithium with 4 neutrons, while the","'99.86622620"
"'100","'LINE","'remaining 7% will always be lithium with 3 neutrons.","'99.94304657"
"'100","'LINE","'Calculating mass number of isotopes","'99.96647644"
"'100","'LINE","'Problem 1: Lithium Isotopes","'99.06001282"
"'100","'LINE","'a. What are the atomic number and the mass number of an isotope of lithium","'99.86331940"
"'100","'LINE","'containing 3 neutrons?","'99.87770081"
"'100","'LINE","'b. What are the atomic number and the mass number of an isotope of lithium","'99.96468353"
"'100","'LINE","'containing 4 neutrons?","'99.82534790"
"'100","'LINE","'Solution","'100.00000000"
"'100","'LINE","'A lithium atom contains 3 protons in its nucleus irrespective of the number of neutrons","'98.83927917"
"'100","'LINE","'or electrons.","'99.96582031"
"'100","'LINE","'a. Atomic number = (number of protons) = 3","'98.61001587"
"'100","'LINE","'(number of neutrons) = 3","'99.25299072"
"'100","'LINE","'Mass number = (number of protons) + (number of neutrons)","'99.45324707"
"'100","'LINE","'mass number = 3+3=6","'94.28108215"
"'100","'LINE","'a. Atomic number = (number of protons) = 3","'99.03789520"
"'100","'LINE","'(number of neutrons) = 4","'98.64230347"
"'100","'LINE","'Mass number = (number of protons) + (number of neutrons)","'99.17223358"
"'100","'LINE","'mass number = 3+4=7","'88.57448578"
"'100","'LINE","'Note that because the lithium atom always has 3 protons, the atomic number for","'99.95478821"
"'100","'LINE","'lithium is always 3. The mass number, however, is 6 in the isotope with 3 neutrons, and","'99.91513824"
"'100","'LINE","'7 in the isotope with 4 neutrons. Naturally, only certain isotopes exist. For instance,","'99.94159698"
"'100","'LINE","'lithium exists as an isotope with 3 neutrons, and as an isotope with 4 neutrons, but it","'99.90839386"
"'100","'LINE","'doesn't exist as an isotope with 2 neutrons, or as an isotope with 5 neutrons.","'99.91694641"
"'100","'LINE","'Atomic Mass","'100.00000000"
"'100","'LINE","'Masses of separate atoms are very, very small. Using a modern device called a","'99.72914886"
"'100","'LINE","'mass spectrometer; it is possible to measure such tiny masses. An atom of oxygen-16,","'99.30470276"
"'100","'LINE","'for example, has a mass of 2.66x10⁻²³ g. While comparisons of masses measured","'97.76022339"
"'100","'LINE","'in grams would have some utility, it is far more practical to have a system that will","'99.90452576"
"'100","'LINE","'permit US to more easily compare relative atomic masses. Scientists decided on using","'99.90694427"
"'100","'LINE","'the carbon-12 nuclide as the reference standard by which all other masses would be","'99.89881897"
"'100","'LINE","'compared. By definition, one atom of carbon-12 is assigned a mass of 12 atomic","'99.38912201"
"'100","'LINE","'mass units (amu). An atomic mass unit is defined as a mass equal to one-twelfth the","'99.75404358"
"'100","'LINE","'mass of an atom of carbon-12 or 1.992646547 X 10⁻²³ g, which is assigned an","'99.26046753"
"'100","'LINE","'atomic mass of 12 units. In this scale, 1 amu corresponds to 1.660539040x10⁻²4 g.","'94.63331604"
"'100","'LINE","'The atomic mass unit is also called the Dalton (Da), after English chemist John Dalton.","'99.88361359"
"'100","'LINE","'The mass of any isotope of any element is expressed in relation to the carbon-12","'99.91472626"
"'100","'LINE","'93","'99.77458954"
"'101","'LINE","'Chemistry Grade 9","'99.73307037"
"'101","'LINE","'standard. For example, one atom of helium-4 has a mass of 4.0026 amu. An atom of","'99.82385254"
"'101","'LINE","'sulfur-32 has a mass of 31.972 amu.","'99.29631042"
"'101","'LINE","'Average Atomic Mass","'99.98697662"
"'101","'LINE","'Since many elements have some isotopes, chemists use average atomic mass. If we","'99.91701508"
"'101","'LINE","'know the natural abundance and the mass of all the isotopes, we can find the average","'99.96322632"
"'101","'LINE","'atomic mass. The natural abundance of an isotope of an element is the percent of","'99.97064972"
"'101","'LINE","'that isotope as it occurs in a sample on earth. The average atomic mass is merely","'99.84343719"
"'101","'LINE","'a weighted average of the masses of all the isotopes. We can calculate this by the","'99.91349792"
"'101","'LINE","'following equation:","'99.91051483"
"'101","'LINE","'Average Atomic Mass = [(% isotope 1)(mass of isotope 1)] ÷ 100 + [(% isotope 2)","'97.95022583"
"'101","'LINE","'(mass of isotope 2)] ÷ 100 + ...","'95.31174469"
"'101","'LINE","'Problem 2: Find the average mass of lithium (Li-7, 93% and Li-6, 7%).","'99.65653229"
"'101","'LINE","'Solution: We follow the following calculation:","'99.92881775"
"'101","'LINE","'Lithium with 4 neutrons has a mass number of 7 and its percentage abundance is 93%.","'99.72857666"
"'101","'LINE","'Lithium with 3 neutrons has a mass number of 6 and its percentage abundance is 7%.","'99.78883362"
"'101","'LINE","'Average mass of lithium = (7 X 93) ÷100 + (6 X 7) ÷100","'93.94649506"
"'101","'LINE","'6.51 + 0.42 = 6.93","'98.39811707"
"'101","'LINE","'The average atomic mass of lithium is, therefore, 6.93 amu.","'99.92839050"
"'101","'LINE","'Problem 3: Boron has two naturally occurring isotopes. In a sample of boron, 20%","'99.76739502"
"'101","'LINE","'of the atoms are B-10, which is an isotope of boron with 5 neutrons and a mass of","'99.33294678"
"'101","'LINE","'10 amu. The other 80% of the atoms are B-11, which is an isotope of boron with 6","'99.67573547"
"'101","'LINE","'neutrons and a mass of 11 amu. What is the atomic mass of boron?","'99.72499847"
"'101","'LINE","'Following the same approach as lithium, the average atomic mass of boron is:","'99.94779968"
"'101","'LINE","'Atomic mass of boron = [(10 X 20) ÷100] + [(11 X 80) ÷100]","'91.62349701"
"'101","'LINE","'= 2 + 8.8","'68.55069733"
"'101","'LINE","'= 10.8","'99.43847656"
"'101","'LINE","'The average atomic mass is, therefore, 10.8 amu.","'99.13320160"
"'101","'LINE","'Problem 4: Neon has three naturally occurring isotopes. In a sample of neon, 90.92%","'99.70079803"
"'101","'LINE","'of the atoms are Ne-20, which is an isotope of neon with 10 neutrons and a mass of","'99.73254395"
"'101","'LINE","'19.99 amu. Another 0.3% of the atoms are Ne-21, which is an isotope of neon with","'99.79286957"
"'101","'LINE","'11 neutrons and a mass of 20.99 amu. The remaining 8.85% of the atoms are Ne-22,","'99.54568481"
"'101","'LINE","'which is an isotope of neon with 12 neutrons and a mass of 21.99 amu. What is the","'99.85582733"
"'101","'LINE","'atomic mass of neon?","'99.96562195"
"'101","'LINE","'Solution","'99.96014404"
"'101","'LINE","'Neon has three isotopes. We will use the equation:","'99.87860107"
"'101","'LINE","'Atomic mass = [(% isotopel) (mass of isotope1)] ÷100 + [(% isotope 2) (mass of","'94.73141479"
"'101","'LINE","'94","'99.72656250"
"'102","'LINE","'Structure of the Atom","'99.95565796"
"'102","'LINE","'isotope 2)] ÷100 + [(% isotope 3) (mass of isotope 3)] ÷100","'97.22344208"
"'102","'LINE","'We can also follow the following alternative way.","'99.98149109"
"'102","'LINE","'% Isotope 1 = 0.9092 (write all percentages as decimals), mass of isotope 1","'99.40607452"
"'102","'LINE","'= 19.99","'99.38436890"
"'102","'LINE","'% Isotope 2 = 0.003, mass of isotope 2 = 20.99","'99.10203552"
"'102","'LINE","'% Isotope 3 = 0.0885, mass of isotope 3 = 21.99","'99.30785370"
"'102","'LINE","'Substituting these into the equation, and we get:","'99.96166229"
"'102","'LINE","'Atomic mass of neon =","'99.75960541"
"'102","'LINE","'= [(0.9092) (19.99)] + [(0.003) (20.99)] + [(0.0885) (21.99)]","'98.15292358"
"'102","'LINE","'= 20.17 amu","'99.28006744"
"'102","'LINE","'The average atomic mass of neon atom is, therefore, 20.17 amu.","'99.89250183"
"'102","'LINE","'Dalton always experimented with large element-chunks that contained all of the","'99.96597290"
"'102","'LINE","'naturally occurring isotopes of that element. As a result, when he performed his","'99.78805542"
"'102","'LINE","'measurements, he was in fact perceiving the averaged properties of all the different","'99.94667816"
"'102","'LINE","'isotopes in the sample. We will do the same thing for most of our purposes in chemistry,","'99.96161652"
"'102","'LINE","'and deal with the average mass of the atoms. Fortunately, other than having different","'99.97320557"
"'102","'LINE","'masses, most other properties of different isotopes are similar.","'99.95163727"
"'102","'LINE","'Exercise 3.17","'99.37011719"
"'102","'LINE","'============","'26.36639214"
"'102","'LINE","'Provide the correct answer for the following questions.","'99.98159027"
"'102","'LINE","'1. In an element that has isotopes, which of the sub-atomic particles are","'99.93196106"
"'102","'LINE","'different, and which remain unchanged?","'99.98210144"
"'102","'LINE","'2. How many protons, electrons, and neutrons are there in each of the","'99.97665405"
"'102","'LINE","'following atoms?","'99.97518921"
"'102","'LINE","'60","'99.16115570"
"'102","'LINE","'45","'98.32928467"
"'102","'LINE","'a.","'95.53890228"
"'102","'LINE","'Co","'93.29181671"
"'102","'LINE","'b. Na-24","'99.10126495"
"'102","'LINE","'c.","'74.49935913"
"'102","'LINE","'Ca","'94.79193115"
"'102","'LINE","'d. Sr-90","'98.85702515"
"'102","'LINE","'27","'99.58007813"
"'102","'LINE","'20","'97.57812500"
"'102","'LINE","'3. Calculate the average atomic mass of copper: Cu-63, 69.15% & Cu- 5,","'99.50684357"
"'102","'LINE","'30.85%.","'97.99724579"
"'102","'LINE","'4. Calculate the average atomic mass of chlorine: CI-35, 75% & CI-37,","'97.81111908"
"'102","'LINE","'25%.","'99.27275848"
"'102","'LINE","'3.5.4 Main Energy Levels","'99.87733459"
"'102","'LINE","'At the end of this section, you will be able to describe main energy level.","'99.91051483"
"'102","'LINE","'95","'99.84375000"
"'103","'LINE","'Chemistry Grade 9","'99.90885162"
"'103","'LINE","'Students, form groups and discuss the following","'99.99860382"
"'103","'LINE","'questions. Present your discussion points to the class.","'99.98637390"
"'103","'LINE","'1. Who discovered energy levels? What is the other","'99.96184540"
"'103","'LINE","'?","'95.50781250"
"'103","'LINE","'name of energy levels?","'99.99023438"
"'103","'LINE","'2. In the Bohr's atomic model, why do electrons","'99.98463440"
"'103","'LINE","'disperse themselves?","'99.97558594"
"'103","'LINE","'3. According to Bohr's atomic model, how do electrons","'99.91277313"
"'103","'LINE","'Activity 3.15","'99.58456421"
"'103","'LINE","'arrange themselves?","'99.98535156"
"'103","'LINE","'The concept of orbits in which electrons revolve around the nucleus was proposed by","'99.99163055"
"'103","'LINE","'a student of Rutherford named Niels Bohr in 1913. Refer the five principles of Bohr's","'99.79782104"
"'103","'LINE","'atomic model discussed under section 3.4.3. Today, in chemistry, the principal energy","'99.93797302"
"'103","'LINE","'level or the main energy level of an electron refers to the shell in which the electron is","'99.98476410"
"'103","'LINE","'located relative to the atom's nucleus. This level is denoted by the principal quantum","'99.97448730"
"'103","'LINE","'number n. The principal quantum number could also be denoted by the whole numbers","'99.93199921"
"'103","'LINE","'1,2,3,4, ... or by the letters K, L, M, N, etc. (Figure 3.26)","'95.69355011"
"'103","'LINE","'n = 6","'54.26087952"
"'103","'LINE","'n=5","'58.31212234"
"'103","'LINE","'n=4","'72.82236481"
"'103","'LINE","'n=3","'71.78222656"
"'103","'LINE","'n=2","'63.05303574"
"'103","'LINE","'KLMNOP","'96.07222748"
"'103","'LINE","'+","'86.75213623"
"'103","'LINE","'Figure 3.26 Main energy levels.","'99.98242188"
"'103","'LINE","'The energy of the orbit sometimes known as the shell increases upon moving away","'99.96670532"
"'103","'LINE","'from the nucleus i.e., it follows the increasing order K<L<M<N or 1<2<3<4,","'96.65012360"
"'103","'LINE","'etc.","'99.95037079"
"'103","'LINE","'<<<<<<<<<<<>","'19.80927086"
"'103","'LINE","'Exercise 3.18","'99.69238281"
"'103","'LINE","'Provide the correct answer for the following questions.","'99.99511719"
"'103","'LINE","'1. What is the main energy level of an electron?","'99.90383911"
"'103","'LINE","'2. How many main energy levels does each of the first twenty elements (H","'98.58015442"
"'103","'LINE","'to Ca) have?","'99.25974274"
"'103","'LINE","'96","'99.50195313"
"'104","'LINE","'Structure of the Atom","'99.96054077"
"'104","'LINE","'3.5.5 Electronic Configuration on Main Shells","'99.88906097"
"'104","'LINE","'At the end of this section, you will be able to","'99.88448334"
"'104","'LINE","'define electronic configuration;","'99.96366119"
"'104","'LINE","'write the ground state electronic configuration of the elements;","'99.98246765"
"'104","'LINE","'draw diagrams to show the electronic configuration of the first 20 elements;","'99.96623230"
"'104","'LINE","'write electronic configuration of the elements using noble gas as a core.","'99.85138702"
"'104","'LINE","'Students, form groups and discuss the following","'99.99720764"
"'104","'LINE","'questions. Present your discussion points to the class.","'99.98393250"
"'104","'LINE","'1. In a certain class room, there are 2 seats in the first","'99.74647522"
"'104","'LINE","'row, 8 seats in the second row, 18 seats in the third","'99.95767975"
"'104","'LINE","'row, and 32 seats at the back of the room.","'99.96573639"
"'104","'LINE","'If the rows with small seats are closer to the teacher","'99.97063446"
"'104","'LINE","'i.e., 2, 18, 32 respectively and all students must sit","'99.88941193"
"'104","'LINE","'beginning from the seats closer to the teacher, how","'99.99023438"
"'104","'LINE","'will 35 students take seat?","'99.97054291"
"'104","'LINE","'?","'86.96777344"
"'104","'LINE","'2. How would you arrange 20 electrons on an atom","'99.75139618"
"'104","'LINE","'that can hold 2 electrons on K-shell, 8 electrons on","'99.92179108"
"'104","'LINE","'L-shell, 18 electrons on M-shell, and 32 electrons on","'99.88887787"
"'104","'LINE","'N-shell? (Hint begin arranging electrons from the","'99.94362640"
"'104","'LINE","'lowest shell, in energy.","'99.92819977"
"'104","'LINE","'Activity 3.16","'97.96347046"
"'104","'LINE","'We picture an atom as a small nucleus surrounded by a much larger volume of space","'99.83535767"
"'104","'LINE","'containing the electrons. This space is divided into regions called principal energy","'99.97945404"
"'104","'LINE","'levels. Each principal energy level can contain up to 2n² electrons, where n is the","'99.08547211"
"'104","'LINE","'number of the level (n = 1, 2, 3, etc.). Thus, the first level can contain up to 2 electrons,","'99.24263000"
"'104","'LINE","'2(1²) = 2; the second up to 8 electrons, 2(2²) = 8; the third up to 18, 2(3²) = 18, and","'95.53999329"
"'104","'LINE","'so on. Only seven energy levels are needed to contain all the electrons in an atom of","'99.15369415"
"'104","'LINE","'any of those elements known thus far. The systematic arrangement of electrons in the","'99.97385406"
"'104","'LINE","'various shell or orbits in an atom is called electronic configuration.","'99.95968628"
"'104","'LINE","'The electron configuration of an element describes how electrons are distributed in","'99.95457458"
"'104","'LINE","'their energy levels or shells. Electron configurations of atoms in the main energy levels","'99.94764709"
"'104","'LINE","'follow a standard notation in which the number of electrons arranged in all electron-","'99.80260468"
"'104","'LINE","'containing atomic shells is placed in a sequence. Filling energy levels with electrons","'99.84436035"
"'104","'LINE","'begins from the lower in energy or the shell closer to the nucleus i.e., K shell and goes","'97.99050903"
"'104","'LINE","'on sequentially to L, M, N, etc.","'96.34415436"
"'104","'LINE","'The last shell or the outermost shell from the nucleus with electrons is called the","'99.96235657"
"'104","'LINE","'valence shell. The shell inner to this is called the penultimate shell, and the one inner to","'99.92816925"
"'104","'LINE","'penultimate shell is called the anti-penultimate shell.","'99.83554840"
"'104","'LINE","'97","'99.32617188"
"'105","'LINE","'Chemistry Grade 9","'99.84700775"
"'105","'LINE","'Shell","'99.97070313"
"'105","'LINE","'2n²","'74.90852356"
"'105","'LINE","'K","'87.64827728"
"'105","'LINE","'2","'99.96093750"
"'105","'LINE","'L","'99.64285278"
"'105","'LINE","'8","'99.96093750"
"'105","'LINE","'M","'70.53551483"
"'105","'LINE","'18","'99.80468750"
"'105","'LINE","'N","'99.95117188"
"'105","'LINE","'32","'99.92187500"
"'105","'LINE","'o","'79.62372589"
"'105","'LINE","'50","'99.99023438"
"'105","'LINE","'The maximum number of electrons that can be filled in the valence shell is 8, that in the","'99.96510315"
"'105","'LINE","'penultimate shell is 18, and the anti-penultimate shell has a maximum capacity of 32","'99.77133179"
"'105","'LINE","'electrons. The filling of electrons till atomic number 30 follows the following pattern.","'99.96176147"
"'105","'LINE","'K","'63.33785248"
"'105","'LINE","'L","'99.77300262"
"'105","'LINE","'M","'72.57812500"
"'105","'LINE","'N","'99.93164063"
"'105","'LINE","'2","'99.96093750"
"'105","'LINE","'2","'99.96093750"
"'105","'LINE","'8","'99.97070313"
"'105","'LINE","'2","'99.97070313"
"'105","'LINE","'8","'99.96093750"
"'105","'LINE","'8","'99.95117188"
"'105","'LINE","'2","'99.97070313"
"'105","'LINE","'8","'99.95117188"
"'105","'LINE","'8","'99.96093750"
"'105","'LINE","'2","'99.97070313"
"'105","'LINE","'2","'99.97070313"
"'105","'LINE","'8","'99.96093750"
"'105","'LINE","'18","'99.58007813"
"'105","'LINE","'2","'99.97070313"
"'105","'LINE","'Example 3.6: The atomic number of calcium is 20. Write the electronic configuration","'99.96125793"
"'105","'LINE","'of calcium.","'99.95525360"
"'105","'LINE","'Solution:","'99.95037079"
"'105","'LINE","'The first shell (K) can hold 2(1²) = 2,","'95.89082336"
"'105","'LINE","'The second shell (L) can hold 2(2²) = 8,","'97.63024902"
"'105","'LINE","'The third shell (M) can hold 2(3²) = 18 but since calcium has only 20 electrons; the","'98.02886963"
"'105","'LINE","'first two shells held 10 (2 + 8) electrons. Hence the number of electrons left from these","'99.41517639"
"'105","'LINE","'shells will be 20 - 10 = 10. Therefore, the M shell is left with 10 electrons. However,","'98.05310822"
"'105","'LINE","'according to the above rule the valence shell cannot hold more than 8 electrons. We","'99.98551941"
"'105","'LINE","'can then write the electronic configuration of Ca = 2, 8, 8, 2.","'99.29212189"
"'105","'LINE","'Example 3.7: Write the electronic configuration of Argon (electrons 18).","'99.77652740"
"'105","'LINE","'Solution: Following the same procedure as calcium, the electronic configuration of","'99.94046783"
"'105","'LINE","'argon will be: Ar = 2, 8, 8.","'99.50673676"
"'105","'LINE","'The electronic configuration of the elements could also be drawn using atomic diagrams.","'99.94974518"
"'105","'LINE","'For example, the diagrammatic representation of the electronic configurations of some","'99.92671204"
"'105","'LINE","'elements is shown in Figure 3.27, below.","'99.77581787"
"'105","'LINE","'98","'99.56054688"
"'106","'LINE","'Structure of the Atom","'99.97763062"
"'106","'LINE","'H","'98.78128815"
"'106","'LINE","'He","'64.91449738"
"'106","'LINE","'Li","'98.90544891"
"'106","'LINE","'C","'77.41171265"
"'106","'LINE","'F","'99.85351563"
"'106","'LINE","'Ne","'99.85112762"
"'106","'LINE","'Na","'99.25781250"
"'106","'LINE","'Si","'99.85192108"
"'106","'LINE","'CI","'86.62487793"
"'106","'LINE","'Ar","'99.41326141"
"'106","'LINE","'::","'86.17984772"
"'106","'LINE","'::","'91.08358765"
"'106","'LINE","'Figure 3.27 Electronic configuration of H, He, Li, C, F, Ne, Na, Si, CI, and Ar using","'96.95748901"
"'106","'LINE","'energy diagrams.","'99.95525360"
"'106","'LINE","'<<<<<<<<<<<<","'18.84476662"
"'106","'LINE","'Exercise 3.19","'99.38476563"
"'106","'LINE","'1. Define the term electronic configuration of an element.","'99.92377472"
"'106","'LINE","'2. Write the electronic configurations of the first 20 elements (H to Ca) in the","'97.95033264"
"'106","'LINE","'periodic table.","'99.99511719"
"'106","'LINE","'3. Draw the electronic configuration of the first 20 elements (H to Ca) using the","'97.95640564"
"'106","'LINE","'energy diagrams.","'99.97518921"
"'106","'LINE","'3.5.6 Valence Electrons","'99.87902832"
"'106","'LINE","'At the end of this section, you will be able to describe valence electrons.","'99.87408447"
"'106","'LINE","'Students, form groups and discuss the following","'99.99291229"
"'106","'LINE","'questions. Present your discussion points to the class.","'99.96766663"
"'106","'LINE","'An atom X has atomic number 20, its electronic","'99.36746979"
"'106","'LINE","'?","'92.93945313"
"'106","'LINE","'configuration is K=2,L = 8,M = 8 and N = 2. Which","'97.79057312"
"'106","'LINE","'shell electrons are","'99.96745300"
"'106","'LINE","'1. Valence electron","'99.83292389"
"'106","'LINE","'2. Penultimate electrons and","'99.97274780"
"'106","'LINE","'Activity 3.17","'99.68710327"
"'106","'LINE","'3. Antipenultimate electrons?","'99.67839813"
"'106","'LINE","'As stated earlier, the energy related with an energy level increases as the distance","'99.96815491"
"'106","'LINE","'from the nucleus increases. An electron in the seventh energy level has more energy","'99.97448730"
"'106","'LINE","'associated with it than does one in the first energy level. The lesser the number of the","'99.98903656"
"'106","'LINE","'principal energy level, the closer the electron in it is to the nucleus, and the more tough","'99.97674561"
"'106","'LINE","'99","'99.77539063"
"'107","'LINE","'Chemistry Grade 9","'99.83723450"
"'107","'LINE","'it is to remove this electron from the atom, due to strong electrostatic attraction.","'99.96977997"
"'107","'LINE","'In section 3.5.5, we have discussed about writing the electronic configuration of","'99.94712067"
"'107","'LINE","'elements. The electrons that occupy the outermost shell of an atom are called valence","'99.96315765"
"'107","'LINE","'electrons. Valence electrons are furthest from the nucleus of the atom. They are the","'99.97594452"
"'107","'LINE","'most easily lost, and the ones that determine the element's chemical properties, and","'99.93949127"
"'107","'LINE","'how an atom will react. Atoms lose, gain, or share their valence electrons during","'99.97884369"
"'107","'LINE","'chemical reactions. By writing an electronic configuration, you will be able to see how","'99.74607849"
"'107","'LINE","'many electrons occupy the highest energy level.","'99.96734619"
"'107","'LINE","'Example 3.8: The electronic configuration of silicon (Si) is 2, 8, 4. The first two electrons","'99.82835388"
"'107","'LINE","'occupy the inner shell (K), the next 8 electrons occupy the middle shell (L), and the","'99.94224548"
"'107","'LINE","'remaining 4 electrons occupy the outermost shell (M) known as the valence shell (see","'99.38391113"
"'107","'LINE","'Figure 3.28).","'99.84295654"
"'107","'LINE","'(Empty energy level)","'99.98371887"
"'107","'LINE","'Valence","'100.00000000"
"'107","'LINE","'Fourth orbit","'99.98046875"
"'107","'LINE","'electrons","'99.99023438"
"'107","'LINE","'Third orbit","'99.96054077"
"'107","'LINE","'Si","'99.95037079"
"'107","'LINE","'+14","'98.55468750"
"'107","'LINE","'Second","'99.99023438"
"'107","'LINE","'Silicon","'100.00000000"
"'107","'LINE","'orbit","'99.93083954"
"'107","'LINE","'core","'99.89257813"
"'107","'LINE","'First orbit","'99.94140625"
"'107","'LINE","'Figure 3.28 An energy diagram showing the valence electrons of Silicon.","'99.96938324"
"'107","'LINE","'Example 3.9: The electronic configuration of argon (Ar) is 2, 8, 8. The valence shell of","'99.82515717"
"'107","'LINE","'the argon atom is the M shell having 8 valence electrons (see Figure 3.29).","'99.10511780"
"'107","'LINE","'Nucleus","'100.00000000"
"'107","'LINE","'Valence electron","'99.86248779"
"'107","'LINE","'Figure 3.29 An energy diagram showing the valence electrons of Argon atom.","'99.98196411"
"'107","'LINE","'100","'99.49716949"
"'108","'LINE","'Structure of the Atom","'99.96054077"
"'108","'LINE","'Exercise 3.20","'99.82910156"
"'108","'LINE","'Provide the correct answer for the following questions.","'99.98891449"
"'108","'LINE","'1. What are valence electrons?","'99.85857391"
"'108","'LINE","'2. What is the purpose of identifying valence electrons?","'99.96835327"
"'108","'LINE","'3. Identify the number of valence electrons for the first 20 elements (H to Ca).","'98.39089203"
"'108","'LINE","'4. Which electron is difficult to remove from a neutral atom, the inner or outer","'99.88252258"
"'108","'LINE","'electron?","'99.99023438"
"'108","'LINE","'Key Terms and Equations","'99.97538757"
"'108","'LINE","'Atom","'99.95037079"
"'108","'LINE","'Magnetic Field","'99.98046875"
"'108","'LINE","'Tritium","'99.88042450"
"'108","'LINE","'Theory","'100.00000000"
"'108","'LINE","'Electric field","'99.98046875"
"'108","'LINE","'Radioactive","'99.91051483"
"'108","'LINE","'Atomic Theory","'99.99511719"
"'108","'LINE","'α particle","'98.85304260"
"'108","'LINE","'Radioactive decay","'99.97030640"
"'108","'LINE","'Chemical Law","'99.96054077"
"'108","'LINE","'X-ray","'99.80229950"
"'108","'LINE","'Radioisotopes","'98.97421265"
"'108","'LINE","'Scientific Law","'99.99511719"
"'108","'LINE","'Canal rays","'99.92675781"
"'108","'LINE","'Average atomic mass","'99.96093750"
"'108","'LINE","'Electron","'99.96014404"
"'108","'LINE","'Perforated cathode","'99.95525360"
"'108","'LINE","'Natural abundance","'99.97030640"
"'108","'LINE","'Proton","'99.96014404"
"'108","'LINE","'Nuclear model","'99.98046875"
"'108","'LINE","'Energy level","'99.99023438"
"'108","'LINE","'Neutron","'99.96014404"
"'108","'LINE","'Atomic model","'99.97070313"
"'108","'LINE","'Shell","'100.00000000"
"'108","'LINE","'Nucleus","'100.00000000"
"'108","'LINE","'α-Radiation","'98.00860596"
"'108","'LINE","'Orbit","'100.00000000"
"'108","'LINE","'Cathode ray","'99.93652344"
"'108","'LINE","'α-Decay Isotope","'99.66726685"
"'108","'LINE","'Principal quantum number","'99.96067047"
"'108","'LINE","'Anode ray","'99.90722656"
"'108","'LINE","'Atomic mass unit","'99.91755676"
"'108","'LINE","'Electronic configuration","'99.86576843"
"'108","'LINE","'γ-ray","'95.05899048"
"'108","'LINE","'Atomic mass","'99.95605469"
"'108","'LINE","'Valence shell","'99.90074921"
"'108","'LINE","'Discharge tube","'99.98535156"
"'108","'LINE","'Mass number","'99.99023438"
"'108","'LINE","'Valence electron","'99.94020844"
"'108","'LINE","'Cathode-ray tube","'99.85800171"
"'108","'LINE","'Atomic number","'99.99023438"
"'108","'LINE","'Penultimate shell","'99.88082123"
"'108","'LINE","'Anode","'100.00000000"
"'108","'LINE","'Protium","'99.88042450"
"'108","'LINE","'Anti-penultimate shell","'99.44884491"
"'108","'LINE","'Cathode Fluorescent","'99.90074921"
"'108","'LINE","'Deuterium","'99.92028046"
"'108","'LINE","'Atomic diagram","'99.95565796"
"'108","'LINE","'Mass Number = (number of protons) + (number of neutrons)","'99.49507904"
"'108","'LINE","'Average Atomic Mass = [(% isotope 1) (mass of isotope 1)] 100 + [(%isotope","'93.39093018"
"'108","'LINE","'2)(mass of isotope 2)] ÷ 100 +","'95.83908844"
"'108","'LINE","'Unit Summary","'99.95077515"
"'108","'LINE","'In this unit we have discussed about how the atomic structure was proposed in","'99.96466827"
"'108","'LINE","'conjunction with the discoveries of the atom and the fundamental subatomic particles","'99.85892487"
"'108","'LINE","'known as protons, neutrons, electron and the nucleus. This then led US to the definitions","'99.83837891"
"'108","'LINE","'of terms like atomic number, mass number, isotope, energy level, valence electrons,","'99.97525024"
"'108","'LINE","'and electronic configuration of atoms. We have also discussed how to calculate the","'99.97478485"
"'108","'LINE","'number of protons, electrons, and neutrons of atoms from atomic and mass numbers","'99.96789551"
"'108","'LINE","'of atoms. We have discussed about the calculation of the atomic masses of elements","'99.98518372"
"'108","'LINE","'that have isotopes. Finally we have briefly seen how to arrange electrons on the main","'99.97575378"
"'108","'LINE","'energy levels of the atoms which is commonly known as the electronic configuration","'99.96038818"
"'108","'LINE","'of atoms.","'99.97030640"
"'108","'LINE","'101","'99.79412842"
"'109","'LINE","'Chemistry Grade 9","'99.61588287"
"'109","'LINE","'Atomic theory originated as a philosophical concept in ancient India and Greece. The","'99.75412750"
"'109","'LINE","'word ""atom"" comes from the ancient Greek word atomos, which means indivisible.","'99.93309021"
"'109","'LINE","'According to atomism, matter consists of discrete particles. However, the theory was","'99.97531891"
"'109","'LINE","'one of many explanations for matter and wasn't based on experiential data.","'99.95803070"
"'109","'LINE","'In the middle of the 5th century BC, an ancient Greek philosopher, Empedocles, thought","'98.86141968"
"'109","'LINE","'that all materials are made up of four things called elements: earth, air, water, and","'99.92520905"
"'109","'LINE","'fire. Plato, student of Socrates and teacher of Aristotle, adopted Empedocles' Theory,","'99.68796539"
"'109","'LINE","'and coined the term element to describe these four substances. His successor, Aristotle,","'99.91445923"
"'109","'LINE","'also adopted the concept of four elements. The Greek philosophers' concept of four","'99.93122864"
"'109","'LINE","'elements existed for more than two thousand years. In the 5th century BC, Democritus","'98.71105194"
"'109","'LINE","'proposed that matter consists of indestructible, indivisible units called atoms. However,","'99.91325378"
"'109","'LINE","'since Aristotle and other prominent thinkers of the time strongly opposed their idea","'99.98323059"
"'109","'LINE","'of the atom, their theory was disregarded and essentially buried until the 16th and","'99.91050720"
"'109","'LINE","'17th centuries.","'97.15840149"
"'109","'LINE","'It took until the end of the 18th century for science to provide concrete evidence of the","'99.78388977"
"'109","'LINE","'existence of atoms. In 1789, Antoine Lavoisier formulated the Law of Conservation of","'99.94448853"
"'109","'LINE","'Mass, which states that the mass of the products of a reaction is the same as the mass","'99.62252808"
"'109","'LINE","'of the reactants. Ten years later, Joseph Louis Proust proposed the Law of Definite","'99.92404938"
"'109","'LINE","'Proportions, which states that the masses of elements in a compound always occur in","'99.82706451"
"'109","'LINE","'the same proportion.","'99.96392822"
"'109","'LINE","'These theories didn't reference atoms, yet John Dalton built upon them to develop the","'99.95403290"
"'109","'LINE","'Law of Multiple Proportions, which states that the ratios of masses of elements in a","'99.76939392"
"'109","'LINE","'compound are small whole numbers. His work marked the beginning of the scientific","'99.96895599"
"'109","'LINE","'atomic theory.","'99.96054077"
"'109","'LINE","'Up to this point, atoms were believed to be the smallest units of matter. In 1897, J.J.","'99.91791534"
"'109","'LINE","'Thomson discovered the electron. Thomson also discovered the charge to mass ratio","'99.96223450"
"'109","'LINE","'of the electron. He proposed a plum pudding model of the atom (1904), in which","'97.56800079"
"'109","'LINE","'electrons were embedded in a mass of positive charge to yield an electrically neutral","'99.88127136"
"'109","'LINE","'atom. Subsequently in 1909, the American scientist Robert Millikan found the charge","'99.95125580"
"'109","'LINE","'and mass of the electron, in his oil drop experiment.","'99.95069885"
"'109","'LINE","'Ernest Rutherford, one of Thomson's students, disproved the plum pudding model in","'99.95952606"
"'109","'LINE","'1909. Rutherford found that the positive charge of an atom and most of its mass were","'99.97121429"
"'109","'LINE","'at the center, or nucleus, of an atom. In 1911, Rutherford together with his students","'99.85613251"
"'109","'LINE","'Geiger and Marsden described a planetary model in which electrons orbited a small,","'99.69810486"
"'109","'LINE","'positive-charged nucleus.","'99.85271454"
"'109","'LINE","'In 1913, Niels Bohr proposed the Bohr model, which states that electrons only orbit","'99.95292664"
"'109","'LINE","'the nucleus at specific distances from the nucleus. According to his model, electrons","'99.94731140"
"'109","'LINE","'couldn't spiral into the nucleus but could make quantum leaps between energy levels.","'99.97872162"
"'109","'LINE","'Subsequently, in 1920, Rutherford discovered the existence of the proton in the nucleus.","'99.92477417"
"'109","'LINE","'102","'99.87304688"
"'110","'LINE","'Structure of the Atom","'99.95321655"
"'110","'LINE","'In 1932, James Chadwick discovered the neutron which is another sub-atomic particle.","'99.89767456"
"'110","'LINE","'His atomic model encompasses a small positively charged nucleus (where protons","'99.66728210"
"'110","'LINE","'and neutrons reside) at the centre of the atom and the electrons revolving around the","'99.97238922"
"'110","'LINE","'nucleus in orbits, which is the basic atomic model.","'99.97278595"
"'110","'LINE","'The discoveries of the above facts about atoms led to the modified Modern Atomic","'99.98878479"
"'110","'LINE","'Theory postulates.","'99.78605652"
"'110","'LINE","'The presence of positively charged particles in an atom has been predicted by","'99.98110199"
"'110","'LINE","'Goldstein (1886) based on the electrical neutrality of an atom. The discovery of the","'99.95582581"
"'110","'LINE","'proton by Goldstein was done based on the cathode ray experiment conducted by","'99.97440338"
"'110","'LINE","'using a perforated cathode.","'99.20908356"
"'110","'LINE","'The electron was one of the fundamental subatomic particle that was discovered by","'99.95587921"
"'110","'LINE","'the British physicist, J.J. Thomson, in 1897. In the discovery of electrons J. J. Thomson","'99.86215210"
"'110","'LINE","'performed several experiments on the cathode rays.","'99.96488953"
"'110","'LINE","'The first experiment he has studied was the straight line travel of cathode rays","'99.97547150"
"'110","'LINE","'in the discharge tube by placing a small object between the cathode and the","'99.80545807"
"'110","'LINE","'anode.","'100.00000000"
"'110","'LINE","'J. J. Thomson's second experiment was performed by placing a light paddle","'99.44405365"
"'110","'LINE","'wheel between cathode and anode to study the particulate nature of the","'99.98183441"
"'110","'LINE","'cathode rays.","'99.96093750"
"'110","'LINE","'J. J. Thomson performed the third and fourth experiments to investigate the","'99.86525726"
"'110","'LINE","'negative charge of the cathode ray by passing cathode rays through electric","'99.97294617"
"'110","'LINE","'and magnetic fields. Thomson concluded that the particles had a net negative","'99.74476624"
"'110","'LINE","'charge; these particles are now called electrons.","'99.96047974"
"'110","'LINE","'In 1920, in his discovery of the nucleus, Rutherford targeted a stream of positively","'99.70603943"
"'110","'LINE","'charged α-particles at a very thin gold foil target and inspected how the α-particles","'99.71382141"
"'110","'LINE","'were scattered by the foil. He inspected that a small fraction of the α-particles were","'97.66490936"
"'110","'LINE","'deflected at large angles, and some were reflected directly back at the source.","'99.96057129"
"'110","'LINE","'Rutherford's results suggested that both the mass and positive charge are concentrated","'99.93748474"
"'110","'LINE","'in a minute fraction of the volume of an atom, which Rutherford called the nucleus.","'99.92412567"
"'110","'LINE","'Rutherford, however, was cornered by the other scientists by the question: ""Why does","'99.89455414"
"'110","'LINE","'the nucleus not disintegrate in spite of repulsion among the protons?"" To explain the","'99.43946075"
"'110","'LINE","'stability of the nucleus, Rutherford predicted the presence of neutral particles.","'99.96664429"
"'110","'LINE","'The English physicist, James Chadwick bombarded Beryllium nuclei with α-particles","'99.81092834"
"'110","'LINE","'and observed some radiations that possess material particles and did deflect in an","'99.96432495"
"'110","'LINE","'electric field. This confirmed the fact that these rays contained neutral particles. He","'98.37664032"
"'110","'LINE","'called these neutral particles neutrons.","'99.90449524"
"'110","'LINE","'Electrons are one of three fundamental particles that make up the atoms. Electrons are","'99.78971100"
"'110","'LINE","'extremely small (5.4858 X 10⁻⁴ amu) and contribute almost nothing to the total mass","'98.64626312"
"'110","'LINE","'of an atom. The electric charge of an electron is -1.","'99.59883118"
"'110","'LINE","'103","'99.63628387"
"'111","'LINE","'Chemistry Grade 9","'99.68750000"
"'111","'LINE","'The proton is one of the three sub-atomic particles found in the nucleus of an atom.","'99.94238281"
"'111","'LINE","'Protons have a positive electrical charge of one (+1) and a mass of 1.0073 atomic","'99.68263245"
"'111","'LINE","'mass unit (amu).","'99.86168671"
"'111","'LINE","'Neutrons are subatomic particles found inside the nucleus of an atom. They have no","'99.92944336"
"'111","'LINE","'charge. The mass of a neutron is a little greater (1.0087 amu) than the mass of a","'99.55857849"
"'111","'LINE","'proton. Together with protons, they make up virtually all of the mass of an atom.","'99.88691711"
"'111","'LINE","'Scientists are always interested in atomic number and how it differs between different","'99.95706177"
"'111","'LINE","'elements since an atom of one element can be distinguished from an atom of another","'99.94824982"
"'111","'LINE","'element by the number of protons in its nucleus. The number of protons in an atom is","'99.94787598"
"'111","'LINE","'called its atomic number (Z).","'99.80118561"
"'111","'LINE","'The mass number (A) of an atom is the total number of protons and neutrons in its","'99.91571808"
"'111","'LINE","'nucleus. It is also known as the total number of nucleons in the atom's nucleus. It is","'99.89662170"
"'111","'LINE","'calculated by using the formula:","'99.97428894"
"'111","'LINE","'Mass number A = (number of protons) + (number of neutrons)","'97.58948517"
"'111","'LINE","'To write a nuclear symbol, the mass number is placed at the upper left (superscript)","'99.66678619"
"'111","'LINE","'of the chemical symbol, and the atomic number is placed at the lower left (subscript)","'99.93409729"
"'111","'LINE","'of the symbol.","'99.96067047"
"'111","'LINE","'All atoms of the same element have the same number of protons, but some may","'99.95726013"
"'111","'LINE","'have different numbers of neutrons. Atoms of the same element that differ in their","'99.95554352"
"'111","'LINE","'numbers of neutrons are called isotopes. Different isotopes of an element generally","'99.92420197"
"'111","'LINE","'have the same physical and chemical properties because they have the same numbers","'99.98040771"
"'111","'LINE","'of protons and electrons.","'99.95301056"
"'111","'LINE","'Mass of a single atom is very, very small. Using a modern device called a mass","'99.64879608"
"'111","'LINE","'spectrometer; it is possible to measure such tiny masses. By definition, one atom of","'99.82636261"
"'111","'LINE","'carbon-12 is assigned a mass of 12 atomic mass units (amu).","'99.52340698"
"'111","'LINE","'Since many elements have some isotopes, chemists use average atomic mass. The","'99.90901947"
"'111","'LINE","'average atomic mass is merely a weighted average of the masses of all the isotopes.","'99.85881805"
"'111","'LINE","'We can calculate this by the following equation:","'99.96166229"
"'111","'LINE","'Average Atomic Mass = (%isotope )(mass of isotopel) + (%isotope2)(mas of","'95.23885345"
"'111","'LINE","'isotope 2) + ....","'94.56525421"
"'111","'LINE","'Today, in chemistry, the principal energy level or the main energy level of an electron","'99.95877075"
"'111","'LINE","'refers to the shell in which the electron is located relative to the atom's nucleus. This","'99.94696045"
"'111","'LINE","'level is denoted by the principal quantum number n (1, 2, 3, etc or K, L, M, N, etc).","'96.60518646"
"'111","'LINE","'The electron configuration of an element describes how electrons are distributed in","'99.92908478"
"'111","'LINE","'their energy levels or shells. Filling energy levels with electrons begins from the lower","'99.98593140"
"'111","'LINE","'in energy or the shell closer to the nucleus i.e., K shell and goes on sequentially to L,","'97.96745300"
"'111","'LINE","'M, N, etc.","'89.17517090"
"'111","'LINE","'104","'99.64684296"
"'112","'LINE","'Structure of the Atom","'99.95565796"
"'112","'LINE","'The electrons that occupy the outermost shell of an atom are called valence electrons.","'99.96821594"
"'112","'LINE","'They are the most easily lost, and the ones that determine the element's chemical","'99.92254639"
"'112","'LINE","'properties, and how an atom will react.","'99.98593140"
"'112","'LINE","'Review Exercise","'99.98046875"
"'112","'LINE","'Part I: Basic Level Questions","'98.92111969"
"'112","'LINE","'Provide short answer for the following questions.","'99.97315216"
"'112","'LINE","'1. Which postulate of Dalton's Atomic Theory is considered to be correct even","'99.93171692"
"'112","'LINE","'today?","'99.65820313"
"'112","'LINE","'2. ""Like atoms are identical in all respects"". This statement of Dalton's Atomic","'99.65389252"
"'112","'LINE","'Theory was contradicted. What discovery did contradict this?","'99.94183350"
"'112","'LINE","'3. What was the basis for the proposal of Dalton's Atomic Theory?","'99.96047211"
"'112","'LINE","'4. List the three statements that make up the Modern Atomic Theory.","'99.89391327"
"'112","'LINE","'5. Explain how atoms are composed.","'99.96080017"
"'112","'LINE","'6. Why was gas at low pressure taken by Thomson while experimenting?","'99.86922455"
"'112","'LINE","'7. Tell the mass and the charge of the fundamental particles of an atom.","'99.94770050"
"'112","'LINE","'8. Which is larger, a proton or an electron?","'99.51723480"
"'112","'LINE","'9. Which is larger, a neutron or an electron?","'99.62895203"
"'112","'LINE","'10. What is an atomic model?","'99.90101624"
"'112","'LINE","'11. Who discovered the protons? Based on what experiment was he able to discover","'99.92810822"
"'112","'LINE","'these protons?","'99.92067719"
"'112","'LINE","'12. Where are most of the mass of an atom located?","'99.93638611"
"'112","'LINE","'13. With the increase in the radius of the orbit, the energy of an electron","'99.97179413"
"'112","'LINE","'.","'87.15322113"
"'112","'LINE","'14. What is an α particle?","'99.54519653"
"'112","'LINE","'15. Describe J. J. Thomson's Atomic Model.","'99.59089661"
"'112","'LINE","'16. What are the observations and conclusions drawn by J.J. Thomson while","'99.94908142"
"'112","'LINE","'conducting experiments with dischage tube for studying the properties of","'99.98210144"
"'112","'LINE","'cathode rays?","'99.95077515"
"'112","'LINE","'17. Sketch a diagram of a boron atom, which has five protons and six neutrons in","'99.64379120"
"'112","'LINE","'its nucleus.","'99.96542358"
"'112","'LINE","'18. Sketch a diagram of a helium atom, which has two protons and two neutrons in","'99.80764771"
"'112","'LINE","'its nucleus.","'99.97518921"
"'112","'LINE","'19. Define an atomic number. What is the atomic number for a boron atom?","'99.76286316"
"'112","'LINE","'20. What is the atomic number of helium?","'99.97660828"
"'112","'LINE","'21. Define an isotope and give example(s).","'99.93224335"
"'112","'LINE","'22. What is the difference between deuterium and tritium?","'99.93274689"
"'112","'LINE","'23. Which pair represents isotopes?","'99.97428894"
"'112","'LINE","'a.","'99.33932495"
"'112","'LINE","'4 2 He and 3 2 He","'86.71462250"
"'112","'LINE","'d.","'99.75585938"
"'112","'LINE","'40 20 CA and 40 19 K","'86.96680450"
"'112","'LINE","'b.","'99.83318329"
"'112","'LINE","'56 26 Fe and 56 Mn","'94.41355133"
"'112","'LINE","'e.","'98.93913269"
"'112","'LINE","'56 26 Fe and 58 26 Fe","'94.60404205"
"'112","'LINE","'C.","'75.12017822"
"'112","'LINE","'28 14 Si and 31 15P P","'88.71167755"
"'112","'LINE","'f.","'99.67773438"
"'112","'LINE","'238 92 U and 235 92 U","'91.24773407"
"'112","'LINE","'105","'99.75505829"
"'113","'LINE","'Chemistry Grade 9","'99.79492188"
"'113","'LINE","'24. Write complete symbols of each atom, including their atomic number and the","'99.98935699"
"'113","'LINE","'mass number.","'99.92636108"
"'113","'LINE","'a. An oxygen atom with 8 protons and 8 neutrons","'99.83761597"
"'113","'LINE","'b. A potassium atom with 19 protons and 20 neutrons","'98.18423462"
"'113","'LINE","'C. A lithium atom with 3 protons and 4 neutrons","'96.00498199"
"'113","'LINE","'d. A magnesium atom with 12 protons and 12 neutrons","'98.54089355"
"'113","'LINE","'e. A magnesium atom with 12 protons and 13 neutrons","'98.61454010"
"'113","'LINE","'f. A xenon atom with 54 protons and 77 neutrons","'98.72048187"
"'113","'LINE","'25. Americium-241 (Am-241) is an isotope used in smoke detectors. What is the","'99.83238983"
"'113","'LINE","'complete symbol for this isotope?","'99.95443726"
"'113","'LINE","'26. Carbon-14 is an isotope used to perform radioactive dating tests on previously","'99.88946533"
"'113","'LINE","'living material. What is the complete symbol for this isotope?","'99.96045685"
"'113","'LINE","'Part II: Intermediary Level Questions","'99.82769012"
"'113","'LINE","'Tell whether the following statements are True or False.","'99.96618652"
"'113","'LINE","'27. According to Thomson's Atomic Model, electrons revolve around the nucleus.","'99.97573853"
"'113","'LINE","'28. In a discharge tube, anode rays originate when electrons collide with gas","'99.86026001"
"'113","'LINE","'molecules.","'99.95037079"
"'113","'LINE","'29. 1680 and 1880 are isotopes while 40 20 Ca and 40 18 Ar are isobars.","'91.39783478"
"'113","'LINE","'30. α-ray scattering experiment proved that the positive particles are present in","'99.90697479"
"'113","'LINE","'the extra nuclear part of an atom.","'99.96210480"
"'113","'LINE","'Fill in the Blanks.","'99.94061279"
"'113","'LINE","'31. Anode rays are deflected towards the negative plate in the presence of an","'99.96350098"
"'113","'LINE","'electric field because they consist of","'99.98521423"
"'113","'LINE","'particles.","'99.95037079"
"'113","'LINE","'32. Some of the α-rays' deflection in acute and obtuse angles are due to the","'99.79846954"
"'113","'LINE","'presence of the","'99.97070313"
"'113","'LINE","'in the center of the atom.","'99.98371887"
"'113","'LINE","'33. The energy of an electron present in the first orbit of an atom is","'99.95611572"
"'113","'LINE","'than","'99.99023438"
"'113","'LINE","'the energy of an electron in the other orbits.","'99.96601105"
"'113","'LINE","'Choose the correct answer from the given alternatives","'99.96156311"
"'113","'LINE","'34. Which of the following concepts was not considered in Rutherford's Atomic","'99.96453857"
"'113","'LINE","'Model?","'99.95037079"
"'113","'LINE","'a. The electrical neutrality of an atom.","'99.73886108"
"'113","'LINE","'b. The quantization of energy.","'99.95053101"
"'113","'LINE","'C. The electrons revolve around the nucleus at very high speeds.","'97.95206451"
"'113","'LINE","'d. The existence of nuclear forces of attraction on the electrons.","'99.96678925"
"'113","'LINE","'106","'99.55895233"
"'114","'LINE","'Structure of the Atom","'99.95565796"
"'114","'LINE","'35. When alpha particles are sent through a thin metal foil ,only one out of ten","'98.69966125"
"'114","'LINE","'thousand of them are rebounded. This observation led to the conclusion that","'99.96962738"
"'114","'LINE","'a. Positively charged particles are concentrated at the centre of the atom.","'99.79627991"
"'114","'LINE","'b. More number of electrons are revolving around the nucleus of the atom.","'99.98040771"
"'114","'LINE","'C. Unit positive charge is only present in an atom.","'96.93632507"
"'114","'LINE","'d. The massive sphere with a more negative charge and unit positive charge","'99.90225220"
"'114","'LINE","'is present at the center of the atom.","'99.96694183"
"'114","'LINE","'36. Canal ray experiment lead to the discovery of","'99.97386932"
"'114","'LINE","'.","'90.78922272"
"'114","'LINE","'a. protons","'99.74211121"
"'114","'LINE","'C. electrons","'89.21875000"
"'114","'LINE","'b. neutrons","'99.94100952"
"'114","'LINE","'d. nucleus","'99.95605469"
"'114","'LINE","'37. In which of the following pairs of shells that energy difference between two","'99.97390747"
"'114","'LINE","'adjacent orbits is minimum?","'99.91335297"
"'114","'LINE","'a. K, L","'97.94589996"
"'114","'LINE","'C. M,N","'80.92793274"
"'114","'LINE","'b. L,M","'89.67713928"
"'114","'LINE","'d. N,O","'98.46620178"
"'114","'LINE","'38. Assertion A: An electron in the inner orbit is more tightly bound to the nucleus.","'99.91762543"
"'114","'LINE","'Reason B: The greater the absolute value of the energy of an electron ,the more","'99.17127228"
"'114","'LINE","'tightly the electron is bound to the nucleus.","'99.96674347"
"'114","'LINE","'a. Both A and B are true but B is not the appropriate reason for A.","'95.47936249"
"'114","'LINE","'b. Both A and B are individually correct and B is the correct reason for A.","'95.31850433"
"'114","'LINE","'C. A is correct but B is not correct.","'95.16258240"
"'114","'LINE","'d. Both A and B are not correct.","'96.09474182"
"'114","'LINE","'39. If two naturally occurring isotopes of an element are 1⁵X and ¹⁷ˣ what is the","'90.85536957"
"'114","'LINE","'percentage composition of each isotope of X occurring respectively if the","'99.86931610"
"'114","'LINE","'average atomic weight accounts for 14?","'99.76625061"
"'114","'LINE","'a. 95, 5","'98.76607513"
"'114","'LINE","'C. 75, 25","'88.38741302"
"'114","'LINE","'b. 80, 20","'98.82812500"
"'114","'LINE","'d. 65, 35","'98.44075775"
"'114","'LINE","'40. An element has two isotopes with mass numbers 16 and 18. The average atomic","'99.94059753"
"'114","'LINE","'weight is 16.5. The percentage abundance of these isotopes is","'99.91033936"
"'114","'LINE","'and","'99.97070313"
"'114","'LINE","'respectively.","'99.96014404"
"'114","'LINE","'a. 75, 25","'97.16830444"
"'114","'LINE","'C. 50, 50","'90.70166016"
"'114","'LINE","'b. 25, 75","'95.55338287"
"'114","'LINE","'d. 33.33, 66.67","'98.95780182"
"'114","'LINE","'41. Which among the following are isobars?","'99.95618439"
"'114","'LINE","'ax, a+1y","'53.85931778"
"'114","'LINE","'ax, bᵃY","'47.43991089"
"'114","'LINE","'a.","'99.05792236"
"'114","'LINE","'C.","'78.80680084"
"'114","'LINE","'b. abX,bY","'56.11258316"
"'114","'LINE","'d. ax, a-1y b-1","'79.37340546"
"'114","'LINE","'42. Some of the elements have fractional atomic masses. The reason for this could","'99.97175598"
"'114","'LINE","'be","'99.97070313"
"'114","'LINE","'a. the existence of isobars.","'99.85323334"
"'114","'LINE","'C. the nuclear reactions.","'94.35048676"
"'114","'LINE","'b. the existence of isotopes.","'99.96437073"
"'114","'LINE","'d. the presence of neutrons in the","'99.97047424"
"'114","'LINE","'107","'99.48421478"
"'115","'LINE","'Chemistry Grade 9","'99.88606262"
"'115","'LINE","'nucleus.","'99.96014404"
"'115","'LINE","'43. Which of the following concepts, was not considered in Rutherford's atomic","'99.97688293"
"'115","'LINE","'model?","'100.00000000"
"'115","'LINE","'a.","'98.81796265"
"'115","'LINE","'The electrical neutrality of atom.","'99.97023010"
"'115","'LINE","'b. The quantization of energy.","'99.97023010"
"'115","'LINE","'C.","'70.23616791"
"'115","'LINE","'Electrons revolve around the nucleus at very high speed.","'99.98905945"
"'115","'LINE","'d. Existence of nuclear forces of attraction on the electrons.","'99.97534943"
"'115","'LINE","'44. ¹⁵₇X, ¹¹⁷X are two naturally occurring isotopes of an element X. What is the","'93.26529694"
"'115","'LINE","'percentage of each isotope of X if the average atomic mass is 14?","'99.78015900"
"'115","'LINE","'a. 95, 5","'98.80301666"
"'115","'LINE","'C.","'75.65788269"
"'115","'LINE","'75, 25","'98.16894531"
"'115","'LINE","'b.","'99.95117188"
"'115","'LINE","'80, 20","'98.71582031"
"'115","'LINE","'d. 65, 35","'99.09830475"
"'115","'LINE","'45. Rutherford's α-particle scattering experiment eventually led to the conclusion","'99.85869598"
"'115","'LINE","'that","'99.99023438"
"'115","'LINE","'a. Mass and energy are related.","'99.77330017"
"'115","'LINE","'b. The point of impact with matter can be precisely determined.","'99.98121643"
"'115","'LINE","'C.","'81.59618378"
"'115","'LINE","'Neutrons are buried deep in the nucleus.","'99.96617126"
"'115","'LINE","'d. Electrons are distributed in a large space around the nucleus.","'99.70870209"
"'115","'LINE","'46. The number of electrons present in the valence shell of an atom with atomic","'99.98486328"
"'115","'LINE","'number 38 is","'99.96093750"
"'115","'LINE","'a. 2","'99.09697723"
"'115","'LINE","'b. 10","'99.92107391"
"'115","'LINE","'C.","'74.92984772"
"'115","'LINE","'1","'99.34331512"
"'115","'LINE","'d. 8","'99.93652344"
"'115","'LINE","'108","'99.38317108"
"'116","'LINE","'Main-Group Elements","'95.37786865"
"'116","'LINE","'Main-Group Elements","'92.08904266"
"'116","'LINE","'Atomic number","'96.09744263"
"'116","'LINE","'is","'82.34893036"
"'116","'LINE","'H","'86.53778076"
"'116","'LINE","'Symbol","'98.08195496"
"'116","'LINE","'VIRA","'86.80245209"
"'116","'LINE","'1","'66.26175690"
"'116","'LINE","'.0079 Atomic mass","'92.89381409"
"'116","'LINE","'HA","'22.44818115"
"'116","'LINE","'VA","'35.90082932"
"'116","'LINE","'2","'97.13468933"
"'116","'LINE","'Transition Metals","'90.66844940"
"'116","'LINE","'4","'96.43474579"
"'116","'LINE","'3","'90.11260223"
"'116","'LINE","'Period","'90.63157654"
"'116","'LINE","'5","'91.52124786"
"'116","'LINE","'6","'86.51914978"
"'116","'LINE","'7","'88.49529266"
"'116","'LINE","'UNIT","'100.00000000"
"'116","'LINE","'Inner Transition Metals","'89.41037750"
"'116","'LINE","'Metals","'86.58960724"
"'116","'LINE","'Lonthandes","'15.90481567"
"'116","'LINE","'Metalloids","'85.35266113"
"'116","'LINE","'Actinides","'79.04615784"
"'116","'LINE","'11","'25.08250999"
"'116","'LINE","'101/81","'17.10937500"
"'116","'LINE","'NonMetals","'86.01383209"
"'116","'LINE","'PERIODIC CLASSIFICATION OF ELEMENTS","'99.98759460"
"'116","'LINE","'Unit Outcomes","'99.99511719"
"'116","'LINE","'After completing the unit, you will be able to","'99.94693756"
"'116","'LINE","'explain the historical development of the periodic classification of the","'99.99406433"
"'116","'LINE","'elements;","'99.99023438"
"'116","'LINE","'describe the periodic classification of the elements;","'100.00000000"
"'116","'LINE","'develop the skills of correlating the electron configuration of elements with","'100.00000000"
"'116","'LINE","'the periodicity of the elements, predicting the trends of periodic properties","'99.99637604"
"'116","'LINE","'of elements in the periodic table;","'99.99349213"
"'116","'LINE","'acquire skills of classifications based on patterns in chemistry;","'99.98571777"
"'116","'LINE","'demonstrate scientific inquiry skills: observing, inferring, predicting,","'99.96583557"
"'116","'LINE","'classifying, comparing and contrasting, making models, communicating,","'99.94306183"
"'116","'LINE","'measuring, asking questions, interpreting illustrations, drawing conclusion,","'99.96583557"
"'116","'LINE","'applying concepts and problem solving.","'99.99202728"
"'116","'LINE","'III","'87.69210815"
"'117","'LINE","'Chemistry Grade 9","'99.82069397"
"'117","'LINE","'By forming groups discuss the following issues and present","'99.88602448"
"'117","'LINE","'your conclusion to the class.","'99.98226166"
"'117","'LINE","'How can you use a table of repeating events to predict the","'99.33226776"
"'117","'LINE","'next events? Table 2.1 shows a familiar table of repeating","'99.82206726"
"'117","'LINE","'Start-up Activity","'99.67285156"
"'117","'LINE","'properties. What is it?","'99.88893890"
"'117","'LINE","'Of course, it is a calendar of month of Nehassie, 2013","'99.78640747"
"'117","'LINE","'E.C and it is missing some information. You can determine","'95.78489685"
"'117","'LINE","'what is missing and fill in the blanks. Look at the calendar","'99.97789001"
"'117","'LINE","'again. The calendar has columns of days, Monday through","'99.99891663"
"'117","'LINE","'Sunday. The calendar also has horizontal rows. They are","'99.97821045"
"'117","'LINE","'its weeks.","'99.94548798"
"'117","'LINE","'1. Examine the information surrounding each empty spot.","'99.91638947"
"'117","'LINE","'Can you tell what information is needed in each empty","'99.61180878"
"'117","'LINE","'spot?","'99.97070313"
"'117","'LINE","'2. Fill in the missing information.","'99.96881104"
"'117","'LINE","'For example: Conclude and Apply","'99.98210144"
"'117","'LINE","'a. One day in column 4 is marked X, and a day in column","'98.07130432"
"'117","'LINE","'5 is marked Y. What dates belong to these positions?","'99.95093536"
"'117","'LINE","'Discuss your answers in your group.","'99.96542358"
"'117","'LINE","'b. Column 3 does not have a name. What is the correct","'99.75669098"
"'117","'LINE","'name of this column?","'99.99023438"
"'117","'LINE","'c. What dates are included in the third row of the table?","'96.63496399"
"'117","'LINE","'d. What day would the 25th of the previous month (month","'98.97235870"
"'117","'LINE","'of Hamle, 2013 E.C) have been? What row of this","'96.18141937"
"'117","'LINE","'table would it appear in?","'99.94531250"
"'117","'LINE","'e. How do you relate this periodicity with the periodic","'99.16213226"
"'117","'LINE","'classification of elements?","'99.98020172"
"'117","'LINE","'Table","'96.99218750"
"'117","'LINE","'4.1","'91.39349365"
"'117","'LINE","'Periodicity in month.","'99.97070313"
"'117","'LINE","'Mon","'99.96014404"
"'117","'LINE","'Tue","'99.95037079"
"'117","'LINE","'Thu","'99.95037079"
"'117","'LINE","'Fri","'99.84215546"
"'117","'LINE","'Sat","'99.99023438"
"'117","'LINE","'Su","'99.57210541"
"'117","'LINE","'1","'97.57573700"
"'117","'LINE","'2","'99.64843750"
"'117","'LINE","'3","'98.00362396"
"'117","'LINE","'4","'99.52567291"
"'117","'LINE","'5","'99.85351563"
"'117","'LINE","'6","'99.31739807"
"'117","'LINE","'7","'99.60778046"
"'117","'LINE","'8","'99.79492188"
"'117","'LINE","'9","'99.71520233"
"'117","'LINE","'10","'99.84135437"
"'117","'LINE","'11","'99.56314087"
"'117","'LINE","'12","'99.85271454"
"'117","'LINE","'X","'77.55420685"
"'117","'LINE","'y","'80.24851990"
"'117","'LINE","'15","'99.87145233"
"'117","'LINE","'16","'99.83238983"
"'117","'LINE","'17","'99.95117188"
"'117","'LINE","'18","'99.77300262"
"'117","'LINE","'29","'99.95117188"
"'117","'LINE","'20","'99.95037079"
"'117","'LINE","'21","'99.83238983"
"'117","'LINE","'22","'99.92107391"
"'117","'LINE","'23","'99.95037079"
"'117","'LINE","'24","'99.95037079"
"'117","'LINE","'25","'99.95117188"
"'117","'LINE","'26","'99.97070313"
"'117","'LINE","'27","'99.97070313"
"'117","'LINE","'28","'99.97070313"
"'117","'LINE","'29","'99.95117188"
"'117","'LINE","'30","'99.27275848"
"'117","'LINE","'4.1","'99.33593750"
"'117","'LINE","'Historical Development of Periodic Classification of the","'99.98163605"
"'117","'LINE","'Elements","'100.00000000"
"'117","'LINE","'Learning competencies","'99.80069733"
"'117","'LINE","'At the end of this section, you should be able to describe periodicity.","'99.81465149"
"'117","'LINE","'110","'99.55576324"
"'118","'LINE","'Periodic Classification of Elements","'99.96278381"
"'118","'LINE","'By forming groups discuss the following issues and","'99.80822754"
"'118","'LINE","'present your conclusion to the class.","'99.97531891"
"'118","'LINE","'a. The relationship to the first octave in music with","'99.40575409"
"'118","'LINE","'eight notes is observed in musical instrument. That","'99.93318176"
"'118","'LINE","'means the first sound repeats itself on the eighth","'99.98254395"
"'118","'LINE","'(Do Ri Mi Fa So La Si Do). In group discuss how the","'99.79872131"
"'118","'LINE","'?","'90.18474579"
"'118","'LINE","'Ethiopian cultural music does the same.","'99.98020172"
"'118","'LINE","'b. What can you say about the attempts by scientists","'99.76253510"
"'118","'LINE","'and what was the basis of their classification?","'99.98149109"
"'118","'LINE","'c. Can you explain the basis of early classification","'95.69441986"
"'118","'LINE","'Activity 4.1","'99.57519531"
"'118","'LINE","'of elements by scientists?","'99.96766663"
"'118","'LINE","'In the nineteenth century, when chemists had only a vague idea of atoms and molecules","'99.70095825"
"'118","'LINE","'and did not know of the existence of electrons and protons, they devised the periodic","'99.98215485"
"'118","'LINE","'table using their knowledge of atomic masses. Accurate measurements of the atomic","'99.98603821"
"'118","'LINE","'masses of many elements had already been made. Arranging elements according","'99.98934937"
"'118","'LINE","'to their atomic masses in a periodic table seemed logical to chemists, who felt that","'99.85497284"
"'118","'LINE","'chemical behaviour should somehow be related to atomic mass.","'99.98263550"
"'118","'LINE","'4.1.1 Dobereiner's Triads","'99.58798218"
"'118","'LINE","'In 1829, German chemist Dobereiner was able to identify several groups of three","'99.95738220"
"'118","'LINE","'elements that showed similarity in physical and chemical properties. He observed","'98.21186066"
"'118","'LINE","'that in the set of three elements having similar properties (called triads), the atomic","'99.96756744"
"'118","'LINE","'weight of the middle element is the arithmetic mean of the atomic weights of other two","'99.96048737"
"'118","'LINE","'elements. Some examples of Dobereiner's triads are as follows (Table 4.2):","'99.77142334"
"'118","'LINE","'Table 4.2 Examples of Dobereiner's triads.","'99.89437103"
"'118","'LINE","'Element","'99.91051483"
"'118","'LINE","'At. Weight","'99.86128998"
"'118","'LINE","'Mean weight of first and last element","'99.95897675"
"'118","'LINE","'(i)","'99.88121796"
"'118","'LINE","'Li","'99.43618011"
"'118","'LINE","'7","'99.72576141"
"'118","'LINE","'Na","'99.85112762"
"'118","'LINE","'23","'99.97070313"
"'118","'LINE","'7+39 2 = 23","'92.43639374"
"'118","'LINE","'K","'86.21492004"
"'118","'LINE","'39","'99.97070313"
"'118","'LINE","'(ii)","'99.75107574"
"'118","'LINE","'Ca","'97.13169861"
"'118","'LINE","'40","'99.97070313"
"'118","'LINE","'40+137","'83.24597168"
"'118","'LINE","'Sr","'99.96093750"
"'118","'LINE","'88","'99.97070313"
"'118","'LINE","'= 88.5","'94.77011108"
"'118","'LINE","'2","'98.13476563"
"'118","'LINE","'Ba","'85.97097778"
"'118","'LINE","'137","'99.81285858"
"'118","'LINE","'(iii)","'99.56233978"
"'118","'LINE","'CI","'94.72955322"
"'118","'LINE","'35.5","'99.97070313"
"'118","'LINE","'35.5+127","'83.03791046"
"'118","'LINE","'Br","'99.91210938"
"'118","'LINE","'80","'99.99023438"
"'118","'LINE","'= 81.25","'94.04745483"
"'118","'LINE","'2","'97.37304688"
"'118","'LINE","'I","'67.58390808"
"'118","'LINE","'127","'99.72496796"
"'118","'LINE","'(iv)","'99.87304688"
"'118","'LINE","'S","'98.77650452"
"'118","'LINE","'32","'99.95117188"
"'118","'LINE","'32 +127.6","'89.65013123"
"'118","'LINE","'Se","'99.93083954"
"'118","'LINE","'79","'99.93164063"
"'118","'LINE","'= 79.8","'95.19979858"
"'118","'LINE","'2","'97.52929688"
"'118","'LINE","'Te","'97.96794891"
"'118","'LINE","'127.6","'99.85351563"
"'118","'LINE","'111","'98.32848358"
"'119","'LINE","'Chemistry Grade 9","'99.86328125"
"'119","'LINE","'Only few such triads were available at that time and day by day as many more","'99.98027039"
"'119","'LINE","'elements were discovered, the rule could no longer be generalized.","'99.90050507"
"'119","'LINE","'4.1.2 Newland's Law of Octaves","'99.81006622"
"'119","'LINE","'An English chemist Alexender Newlands (Figure 4.1) made the next attempt at","'99.91645813"
"'119","'LINE","'classification of elements. He arranged the 56 elements known then in increasing","'96.85202789"
"'119","'LINE","'order of their atomic weight and observed that, ""the properties of every eighth","'99.96326447"
"'119","'LINE","'element are similar to that of the first one"". He compared this relationship to the first","'98.08601379"
"'119","'LINE","'octave in music with eight notes and called it Newlands' law of octaves. How do you","'99.83582306"
"'119","'LINE","'relate Activity 4.1 with the Newland's Law of Octaves? The elements were arranged","'99.87240601"
"'119","'LINE","'as follows (Table 4.3):","'99.69138336"
"'119","'LINE","'Table 4.3 Newlands' law of octaves.","'99.78292847"
"'119","'LINE","'Sa","'99.68112183"
"'119","'LINE","'Re","'99.99023438"
"'119","'LINE","'Ga","'99.67135620"
"'119","'LINE","'Ma","'98.31612396"
"'119","'LINE","'Pa","'99.87065887"
"'119","'LINE","'Dha","'99.99023438"
"'119","'LINE","'Ni","'99.76164246"
"'119","'LINE","'Sa","'99.76084137"
"'119","'LINE","'Li","'99.51510620"
"'119","'LINE","'Be","'99.79093933"
"'119","'LINE","'B","'94.60997772"
"'119","'LINE","'C","'53.17541885"
"'119","'LINE","'N","'99.97070313"
"'119","'LINE","'o","'81.79447937"
"'119","'LINE","'F","'99.85271454"
"'119","'LINE","'Na","'99.91051483"
"'119","'LINE","'Na","'99.89098358"
"'119","'LINE","'Mg","'99.97070313"
"'119","'LINE","'Al","'78.16744995"
"'119","'LINE","'Si","'99.87065887"
"'119","'LINE","'P","'91.51148224"
"'119","'LINE","'S","'98.09729767"
"'119","'LINE","'CI","'96.62248993"
"'119","'LINE","'K","'82.10279846"
"'119","'LINE","'K","'81.05090332"
"'119","'LINE","'Ca","'90.94208527"
"'119","'LINE","'The limitations of this classification of elements were that:","'99.98228455"
"'119","'LINE","'i.","'99.56472778"
"'119","'LINE","'The inert gases were not discovered till then.","'99.95658112"
"'119","'LINE","'ii.","'99.16374207"
"'119","'LINE","'Beyond Ca, this repetition was not observed.","'99.60023499"
"'119","'LINE","'Figure 4.1 John Alexander Reina Newlands was an English chemist who worked on the","'99.34407806"
"'119","'LINE","'development of the periodic table. He noticed that elemental properties repeated","'98.42831421"
"'119","'LINE","'every seventh (or multiple of seven) elements, as musical notes repeat every eighth","'99.97421265"
"'119","'LINE","'note.","'99.97070313"
"'119","'LINE","'112","'99.84375000"
"'120","'LINE","'Periodic Classification of Elements","'99.97010040"
"'120","'LINE","'4.2","'99.93164063"
"'120","'LINE","'Mendleev's Classification of the Elements","'99.98210144"
"'120","'LINE","'Learning competencies","'99.88042450"
"'120","'LINE","'At the end of this section, you should be able to state Mendeleev's Periodic law.","'99.87255096"
"'120","'LINE","'Form group and by referring the Mendeleev's periodic","'99.95516205"
"'120","'LINE","'table do the following tasks and present your findings","'99.99114227"
"'120","'LINE","'in the class. Here are the first 18 elements with their","'99.98128510"
"'120","'LINE","'respective atomic masses. Arrange them in increasing","'99.99442291"
"'120","'LINE","'order of atomic mass as Mendeleev did.","'99.98046875"
"'120","'LINE","'Element","'99.92028046"
"'120","'LINE","'Atomic mass","'99.86816406"
"'120","'LINE","'Element","'99.93083954"
"'120","'LINE","'Atomic mass","'99.91699219"
"'120","'LINE","'J","'99.41007233"
"'120","'LINE","'20.180","'99.83398438"
"'120","'LINE","'A","'84.04715729"
"'120","'LINE","'1.008","'99.89257813"
"'120","'LINE","'4.003","'99.95117188"
"'120","'LINE","'K","'56.28009415"
"'120","'LINE","'B","'96.04492188"
"'120","'LINE","'22.990","'99.97070313"
"'120","'LINE","'C","'69.58785248"
"'120","'LINE","'6.941","'99.93164063"
"'120","'LINE","'L","'99.65421295"
"'120","'LINE","'24.305","'99.99023438"
"'120","'LINE","'D","'99.85192108"
"'120","'LINE","'9.012","'99.93164063"
"'120","'LINE","'M","'55.23138809"
"'120","'LINE","'26.982","'99.95117188"
"'120","'LINE","'10.811","'99.85271454"
"'120","'LINE","'N","'99.92107391"
"'120","'LINE","'E","'95.01016235"
"'120","'LINE","'28.086","'99.99023438"
"'120","'LINE","'O","'57.42207336"
"'120","'LINE","'F","'99.88201141"
"'120","'LINE","'12.011","'99.80229950"
"'120","'LINE","'30.974","'99.96093750"
"'120","'LINE","'P","'85.57397461"
"'120","'LINE","'G","'99.97070313"
"'120","'LINE","'14.007","'99.84215546"
"'120","'LINE","'32.065","'99.99023438"
"'120","'LINE","'H","'86.36958313"
"'120","'LINE","'15.999","'99.93083954"
"'120","'LINE","'Q","'98.07457733"
"'120","'LINE","'35.453","'99.99023438"
"'120","'LINE","'R","'99.54021454"
"'120","'LINE","'I","'70.02650452"
"'120","'LINE","'18.998","'99.96093750"
"'120","'LINE","'39.948","'99.95117188"
"'120","'LINE","'1. Draw sets of horizontal and vertical boxes similar","'99.93562317"
"'120","'LINE","'to Mendeleev's periodic table and label the group","'99.97772217"
"'120","'LINE","'and period (see Table 4.4). In order of increasing","'99.93392181"
"'120","'LINE","'atomic weight, fill into each set the letters (A-R). How","'99.96061707"
"'120","'LINE","'many groups and periods did you get from your","'99.81516266"
"'120","'LINE","'?","'90.63476563"
"'120","'LINE","'arrangement?","'99.87065887"
"'120","'LINE","'2. Label the letters (A-R) by their respective chemical","'99.98137665"
"'120","'LINE","'symbols of similar atomic weight.","'99.99202728"
"'120","'LINE","'3. Do you see any regular patterns on the arrangement","'99.75221252"
"'120","'LINE","'Activity 4.2","'99.92187500"
"'120","'LINE","'of elements?","'99.98007202"
"'120","'LINE","'The earliest version of the current form of periodic table was presented simultaneously","'99.97339630"
"'120","'LINE","'by Dmitri Mendeleev of Russia (Figure 4.2) and Lothar Meyer of Germany. Both the","'99.93003082"
"'120","'LINE","'scientists arranged the elements in order of increasing atomic weights and observed","'99.99172974"
"'120","'LINE","'that elements with similar properties (in families) appeared at regular intervals.","'99.92241669"
"'120","'LINE","'113","'99.60778046"
"'121","'LINE","'Chemistry Grade 9","'99.82747650"
"'121","'LINE","'Figure 4.2 Dmitri Ivanovich Mendeleev (1834-1907) Mendeleev constructed a periodic","'99.32511139"
"'121","'LINE","'table as part of his effort to systematize chemistry. He received many international","'96.80636597"
"'121","'LINE","'honors for his work, but his reception in czarist Russia was mixed. He had pushed for","'98.57083893"
"'121","'LINE","'political reforms and made many enemies as a result.","'99.86006927"
"'121","'LINE","'4.2.1 Mendeleev's Periodic Law","'99.86716461"
"'121","'LINE","'Mendeleev's periodic law stated that the physical and chemical properties of elements","'99.95932770"
"'121","'LINE","'are the periodic function of their atomic weights.","'99.91803741"
"'121","'LINE","'In 1871, Mendeleev published a short periodic table which","'99.75440216"
"'121","'LINE","'1.","'99.25541687"
"'121","'LINE","'consisted of only 63 elements. Inert gases were not included as they were not","'99.93409729"
"'121","'LINE","'discovered at that time.","'99.97294617"
"'121","'LINE","'2.","'99.97070313"
"'121","'LINE","'these elements were arranged in seven horizontal rows called as periods and","'99.97132111"
"'121","'LINE","'eight vertical columns called as groups.","'99.94738770"
"'121","'LINE","'3.","'99.95117188"
"'121","'LINE","'some vacant sites were specified for undiscovered elements and their properties","'99.99549103"
"'121","'LINE","'predicted. These were found true and verified when these elements were","'99.98735046"
"'121","'LINE","'discovered later.","'99.99511719"
"'121","'LINE","'In the periodic table, so constructed, the elements in the same families (e.g., lithium,","'98.75527954"
"'121","'LINE","'sodium, potassium) were arranged in vertical columns designated as Groups I, II, III, IV,","'99.40628815"
"'121","'LINE","'V, VI, VII, VIII. The horizontal rows were referred to as series (Table 4.4).","'99.28206635"
"'121","'LINE","'Mendeleev's periodic table was later modified after the discovery of inert gases and","'99.96408081"
"'121","'LINE","'several other elements. The inert gases were placed in new Group O. Each long period","'98.64801025"
"'121","'LINE","'was divided into two series, named as odd and even depending on the serial number.","'99.97515869"
"'121","'LINE","'The first seven elements formed the even series and the last seven elements formed","'99.97093964"
"'121","'LINE","'the odd series (not including the inert gases). The vertical Groups I to VII were further","'98.92952728"
"'121","'LINE","'divided into two subgroups A and B to accommodate elements with difference in","'97.55347443"
"'121","'LINE","'properties. The elements of even series in the long periods were placed in subgroup A","'98.76325989"
"'121","'LINE","'while the elements of odd series were placed in the B subgroup. The Group 0 was not","'97.84436035"
"'121","'LINE","'split further and in Group VIII three sets containing three elements each were placed.","'99.98157501"
"'121","'LINE","'114","'99.29687500"
"'122","'LINE","'Periodic Classification of Elements","'99.96766663"
"'122","'LINE","'Table 4.4 Modern version of Mendeleev's short periodic table","'99.92840576"
"'122","'LINE","'Group","'99.99023438"
"'122","'LINE","'0","'98.35678101"
"'122","'LINE","'I","'97.02806091"
"'122","'LINE","'II","'89.91948700"
"'122","'LINE","'III","'98.92617798"
"'122","'LINE","'IV","'99.84215546"
"'122","'LINE","'V","'97.44319916"
"'122","'LINE","'VI","'99.77220154"
"'122","'LINE","'VII","'99.91131592"
"'122","'LINE","'VIII","'99.73473358"
"'122","'LINE","'Period","'99.97070313"
"'122","'LINE","'A","'97.57015228"
"'122","'LINE","'B","'77.12213135"
"'122","'LINE","'A","'94.38137817"
"'122","'LINE","'B","'56.05627823"
"'122","'LINE","'A","'95.41773224"
"'122","'LINE","'B","'62.10478973"
"'122","'LINE","'A","'96.57366180"
"'122","'LINE","'B","'54.23210144"
"'122","'LINE","'A","'95.08908081"
"'122","'LINE","'B","'69.57808685"
"'122","'LINE","'A","'96.26534271"
"'122","'LINE","'B","'62.26422882"
"'122","'LINE","'A","'97.91832733"
"'122","'LINE","'B","'72.48943329"
"'122","'LINE","'I","'80.48290253"
"'122","'LINE","'He","'71.10331726"
"'122","'LINE","'H","'97.46192932"
"'122","'LINE","'2","'99.56871796"
"'122","'LINE","'I","'63.97480774"
"'122","'LINE","'2","'99.61754608"
"'122","'LINE","'Ne","'99.69168091"
"'122","'LINE","'Li","'99.84215546"
"'122","'LINE","'Be","'99.88121796"
"'122","'LINE","'B","'78.59693909"
"'122","'LINE","'C","'59.54400253"
"'122","'LINE","'N","'99.88201141"
"'122","'LINE","'O","'48.68383408"
"'122","'LINE","'F","'99.79412842"
"'122","'LINE","'10","'99.87224579"
"'122","'LINE","'3","'99.51829529"
"'122","'LINE","'4","'99.63707733"
"'122","'LINE","'5","'99.57927704"
"'122","'LINE","'6","'99.60379791"
"'122","'LINE","'7","'99.77458954"
"'122","'LINE","'8","'99.79492188"
"'122","'LINE","'9","'99.77458954"
"'122","'LINE","'3","'99.69487000"
"'122","'LINE","'Ar","'99.83159637"
"'122","'LINE","'Na","'99.97070313"
"'122","'LINE","'Mg","'99.97070313"
"'122","'LINE","'Al","'85.56182098"
"'122","'LINE","'Si","'99.84135437"
"'122","'LINE","'P","'92.83821106"
"'122","'LINE","'S","'96.01482391"
"'122","'LINE","'CI","'86.72911835"
"'122","'LINE","'18","'99.88281250"
"'122","'LINE","'11","'99.71520233"
"'122","'LINE","'12","'99.96093750"
"'122","'LINE","'13","'99.95117188"
"'122","'LINE","'14","'99.92107391"
"'122","'LINE","'15","'99.95117188"
"'122","'LINE","'16","'99.89257813"
"'122","'LINE","'17","'99.97070313"
"'122","'LINE","'4","'99.68590546"
"'122","'LINE","'K","'95.61862183"
"'122","'LINE","'Ca","'98.53575134"
"'122","'LINE","'Sc","'65.77108765"
"'122","'LINE","'Ti","'99.81205750"
"'122","'LINE","'V","'98.13954926"
"'122","'LINE","'Cr","'99.92107391"
"'122","'LINE","'Mn","'99.77140808"
"'122","'LINE","'Fe","'99.95117188"
"'122","'LINE","'Co","'99.27355957"
"'122","'LINE","'Ni","'99.83159637"
"'122","'LINE","'19","'99.87224579"
"'122","'LINE","'20","'99.97070313"
"'122","'LINE","'21","'99.87145233"
"'122","'LINE","'22","'99.95117188"
"'122","'LINE","'23","'99.95117188"
"'122","'LINE","'24","'99.99023438"
"'122","'LINE","'25","'99.95117188"
"'122","'LINE","'26","'99.96093750"
"'122","'LINE","'27","'99.96093750"
"'122","'LINE","'28","'99.93164063"
"'122","'LINE","'Kr","'99.93083954"
"'122","'LINE","'Cu","'99.61196899"
"'122","'LINE","'Zn","'99.84295654"
"'122","'LINE","'Ga","'99.95037079"
"'122","'LINE","'Ge","'99.97070313"
"'122","'LINE","'As","'99.97070313"
"'122","'LINE","'Se","'99.99023438"
"'122","'LINE","'Br","'99.88201141"
"'122","'LINE","'18","'99.89257813"
"'122","'LINE","'29","'99.97070313"
"'122","'LINE","'30","'99.97070313"
"'122","'LINE","'31","'99.83159637"
"'122","'LINE","'32","'99.96093750"
"'122","'LINE","'33","'99.89098358"
"'122","'LINE","'34","'99.95037079"
"'122","'LINE","'35","'99.93083954"
"'122","'LINE","'5","'99.69647217"
"'122","'LINE","'Rb","'99.93083954"
"'122","'LINE","'Sr","'99.97070313"
"'122","'LINE","'Y","'99.91210938"
"'122","'LINE","'Zr","'99.79492188"
"'122","'LINE","'Nb","'99.84135437"
"'122","'LINE","'Mo","'99.41266632"
"'122","'LINE","'Te","'68.86061096"
"'122","'LINE","'Ru","'99.85112762"
"'122","'LINE","'Rh","'99.93164063"
"'122","'LINE","'Pd","'99.75267029"
"'122","'LINE","'37","'99.97070313"
"'122","'LINE","'38","'99.97070313"
"'122","'LINE","'39","'99.91131592"
"'122","'LINE","'40","'99.96093750"
"'122","'LINE","'41","'99.91131592"
"'122","'LINE","'42","'99.95117188"
"'122","'LINE","'43","'99.96093750"
"'122","'LINE","'44","'99.96093750"
"'122","'LINE","'45","'99.92187500"
"'122","'LINE","'46","'99.95117188"
"'122","'LINE","'Xe","'88.11284637"
"'122","'LINE","'Ag","'99.93164063"
"'122","'LINE","'Cd","'99.61196899"
"'122","'LINE","'In","'99.91131592"
"'122","'LINE","'Sn","'99.95037079"
"'122","'LINE","'Sb","'99.89098358"
"'122","'LINE","'Te","'99.68271637"
"'122","'LINE","'I","'95.84921265"
"'122","'LINE","'54","'99.93083954"
"'122","'LINE","'47","'99.97070313"
"'122","'LINE","'48","'99.96093750"
"'122","'LINE","'49","'99.96093750"
"'122","'LINE","'50","'99.97070313"
"'122","'LINE","'51","'99.87145233"
"'122","'LINE","'52","'99.97070313"
"'122","'LINE","'53","'99.93083954"
"'122","'LINE","'6","'99.59562683"
"'122","'LINE","'Cs","'99.76243591"
"'122","'LINE","'Ba","'91.82955933"
"'122","'LINE","'La*","'97.60263824"
"'122","'LINE","'Hf","'99.76243591"
"'122","'LINE","'Ta","'93.86320496"
"'122","'LINE","'W","'98.56983185"
"'122","'LINE","'Re","'99.97070313"
"'122","'LINE","'Os","'99.79252625"
"'122","'LINE","'Ir","'99.29707336"
"'122","'LINE","'Pt","'99.69248199"
"'122","'LINE","'55","'99.95117188"
"'122","'LINE","'20","'99.97070313"
"'122","'LINE","'57-71","'99.76562500"
"'122","'LINE","'72","'99.96093750"
"'122","'LINE","'73","'99.96093750"
"'122","'LINE","'74","'99.93083954"
"'122","'LINE","'75","'99.93164063"
"'122","'LINE","'76","'99.96093750"
"'122","'LINE","'77","'99.96093750"
"'122","'LINE","'78","'99.95117188"
"'122","'LINE","'Rn","'99.93083954"
"'122","'LINE","'Au","'99.95037079"
"'122","'LINE","'Hg","'99.91131592"
"'122","'LINE","'TI","'99.00510406"
"'122","'LINE","'Pb","'99.32398224"
"'122","'LINE","'Bi","'99.87145233"
"'122","'LINE","'Po","'99.61276245"
"'122","'LINE","'At","'99.96093750"
"'122","'LINE","'86","'99.96093750"
"'122","'LINE","'79","'99.96093750"
"'122","'LINE","'80","'99.92107391"
"'122","'LINE","'81","'99.91131592"
"'122","'LINE","'82","'99.96093750"
"'122","'LINE","'83","'99.97070313"
"'122","'LINE","'84","'99.99023438"
"'122","'LINE","'85","'99.97070313"
"'122","'LINE","'7","'98.99851990"
"'122","'LINE","'Fr","'99.89178467"
"'122","'LINE","'Ra","'99.93083954"
"'122","'LINE","'Ac**","'64.91071320"
"'122","'LINE","'87","'99.96093750"
"'122","'LINE","'88","'99.95117188"
"'122","'LINE","'85-103","'99.63867188"
"'122","'LINE","'The Rare Earths","'99.95767975"
"'122","'LINE","'*Lanthanide series","'99.59811401"
"'122","'LINE","'Ce","'99.61196899"
"'122","'LINE","'Pr","'99.92187500"
"'122","'LINE","'Nd","'100.00000000"
"'122","'LINE","'Pm","'99.92107391"
"'122","'LINE","'Sm","'99.95037079"
"'122","'LINE","'Eu","'99.85112762"
"'122","'LINE","'Gd","'100.00000000"
"'122","'LINE","'Tb","'99.48262024"
"'122","'LINE","'Dy","'99.97070313"
"'122","'LINE","'Ho","'67.55500793"
"'122","'LINE","'Er","'99.85192108"
"'122","'LINE","'Tm","'99.91051483"
"'122","'LINE","'Yb","'99.72417450"
"'122","'LINE","'Lu","'99.96093750"
"'122","'LINE","'(6ᵗʰ period)","'82.42546082"
"'122","'LINE","'58","'99.97070313"
"'122","'LINE","'59","'99.99023438"
"'122","'LINE","'60","'99.97070313"
"'122","'LINE","'61","'99.73233795"
"'122","'LINE","'62","'99.97070313"
"'122","'LINE","'63","'99.93083954"
"'122","'LINE","'64","'99.96014404"
"'122","'LINE","'65","'99.97070313"
"'122","'LINE","'66","'99.95037079"
"'122","'LINE","'67","'99.99023438"
"'122","'LINE","'68","'99.97070313"
"'122","'LINE","'69","'99.95117188"
"'122","'LINE","'70","'99.97070313"
"'122","'LINE","'71","'99.92187500"
"'122","'LINE","'**Actinide series","'99.58824921"
"'122","'LINE","'Th","'99.85192108"
"'122","'LINE","'Pa","'98.07855988"
"'122","'LINE","'U","'99.68590546"
"'122","'LINE","'Np","'98.37631226"
"'122","'LINE","'Pu","'99.51271057"
"'122","'LINE","'Am","'99.99023438"
"'122","'LINE","'Cm","'99.32238770"
"'122","'LINE","'Bk","'98.89448547"
"'122","'LINE","'Cf","'99.92028046"
"'122","'LINE","'Es","'99.89098358"
"'122","'LINE","'Fm","'99.81126404"
"'122","'LINE","'Md","'99.92028046"
"'122","'LINE","'No","'99.93083954"
"'122","'LINE","'Lr","'99.80309296"
"'122","'LINE","'(7th period)","'84.72825623"
"'122","'LINE","'90","'99.95117188"
"'122","'LINE","'91","'99.92107391"
"'122","'LINE","'92","'99.97070313"
"'122","'LINE","'93","'99.97070313"
"'122","'LINE","'94","'99.97070313"
"'122","'LINE","'95","'99.95117188"
"'122","'LINE","'96","'99.97070313"
"'122","'LINE","'97","'99.99023438"
"'122","'LINE","'98","'99.95117188"
"'122","'LINE","'99","'99.93083954"
"'122","'LINE","'100","'99.97070313"
"'122","'LINE","'101","'99.89178467"
"'122","'LINE","'102","'99.96093750"
"'122","'LINE","'103","'99.96093750"
"'122","'LINE","'<<<<<<<<<<<<<","'19.80538559"
"'122","'LINE","'Exercise 4.1","'99.79492188"
"'122","'LINE","'Analyzing the modern version of the Mendeleev's Periodic table (Table 4.4) give","'99.91300964"
"'122","'LINE","'appropriate answers for the following questions.","'99.98358917"
"'122","'LINE","'1.","'99.49876404"
"'122","'LINE","'Why does the first period contain only two elements?","'99.97903442"
"'122","'LINE","'2.","'100.00000000"
"'122","'LINE","'To which group and period do the following elements belong?","'98.81722260"
"'122","'LINE","'a. carbon","'97.56566620"
"'122","'LINE","'d. potassium","'99.96093750"
"'122","'LINE","'b. neon","'99.94140625"
"'122","'LINE","'e. calcium","'98.24328613"
"'122","'LINE","'c. aluminum","'82.82126617"
"'122","'LINE","'f. sulphur","'99.93164063"
"'122","'LINE","'4.2.2 Periodicity","'99.88162231"
"'122","'LINE","'Important characteristics of modern version of Mendeleev's short periodic table are","'99.92944336"
"'122","'LINE","'listed as follows:","'99.94764709"
"'122","'LINE","'I. Horizontal Rows or Periods","'98.60359192"
"'122","'LINE","'1.","'99.37998199"
"'122","'LINE","'First period consists of 2 elements and is known as very short period.","'99.97665405"
"'122","'LINE","'2.","'99.96093750"
"'122","'LINE","'Second period consists of 8 elements and is known as first short period.","'99.97652435"
"'122","'LINE","'115","'99.77458954"
"'123","'LINE","'Chemistry Grade 9","'99.83072662"
"'123","'LINE","'3.","'99.96093750"
"'123","'LINE","'Third period consists of 8 elements and is known as second short period.","'99.97358704"
"'123","'LINE","'4.","'99.95117188"
"'123","'LINE","'Fourth period consists of 18 elements and is known as first long period.","'99.94786072"
"'123","'LINE","'5.","'99.92187500"
"'123","'LINE","'Fifth period consists of 18 elements and is known as second long period.","'99.94792175"
"'123","'LINE","'6.","'99.88281250"
"'123","'LINE","'Sixth period consists of 32 elements.","'99.97708130"
"'123","'LINE","'7.","'99.92107391"
"'123","'LINE","'Seventh period also consists of 32 elements and both period six and period","'99.98704529"
"'123","'LINE","'seven are known as very loang periods.","'99.93955231"
"'123","'LINE","'II. Vertical Columns or Groups","'99.80735779"
"'123","'LINE","'1.","'99.51908875"
"'123","'LINE","'Group IA elements are called as alkali metals (expect H).","'99.89056396"
"'123","'LINE","'2.","'99.97070313"
"'123","'LINE","'Group IIA elements are called as alkaline earth metals.","'99.71708679"
"'123","'LINE","'3.","'99.97070313"
"'123","'LINE","'Group VB elements are called as pnicogens.","'99.47843933"
"'123","'LINE","'4.","'99.97070313"
"'123","'LINE","'Group VIB elements are called as chalcogens.","'99.89701843"
"'123","'LINE","'5.","'99.93164063"
"'123","'LINE","'Group VIIB elements are called as halogens.","'99.91968536"
"'123","'LINE","'6.","'99.92187500"
"'123","'LINE","'Group o elements are called as noble (inert) gases.","'94.22132111"
"'123","'LINE","'The merits of Mendeleev's periodic table are listed as follows:","'99.94483948"
"'123","'LINE","'1.","'99.42063904"
"'123","'LINE","'The study of properties of elements became more systematic and easier.","'99.97840881"
"'123","'LINE","'2.","'99.97070313"
"'123","'LINE","'There are several vacant positions from which the guidance of discovery of new","'99.98410034"
"'123","'LINE","'elements was found.","'99.94738770"
"'123","'LINE","'The demerits of Mendeleev's periodic table are given as follows:","'99.93092346"
"'123","'LINE","'Some of the elements are wrongly placed though their atomic weights are larger","'99.97352600"
"'123","'LINE","'compared to the next one. For example,","'99.97756195"
"'123","'LINE","'(i)","'99.92107391"
"'123","'LINE","'Ar:40","'99.61754608"
"'123","'LINE","'(ii)","'99.83079529"
"'123","'LINE","'Te: 127.6","'99.57330322"
"'123","'LINE","'(iii)","'99.71121216"
"'123","'LINE","'Co: 58.9","'99.44226074"
"'123","'LINE","'K:39","'99.29049683"
"'123","'LINE","'I: 126.9","'96.74923706"
"'123","'LINE","'Ni: 58.6","'99.87224579"
"'123","'LINE","'4.3","'99.65660858"
"'123","'LINE","'The Modern Periodic Table","'99.99267578"
"'123","'LINE","'Learning competencies","'99.85560608"
"'123","'LINE","'At the end of this section, you should be able to","'99.81356049"
"'123","'LINE","'state modern periodic law","'99.98271179"
"'123","'LINE","'describe period","'99.99511719"
"'123","'LINE","'describe group","'100.00000000"
"'123","'LINE","'tell the number of groups and periods in the modern periodic table","'99.97274780"
"'123","'LINE","'tell the number of elements in each period","'99.98027039"
"'123","'LINE","'predict the period and group of an element from its atomic number","'99.98766327"
"'123","'LINE","'116","'99.64843750"
"'124","'LINE","'Periodic Classification of Elements","'99.97010040"
"'124","'LINE","'Form group and by referring the modern periodic table","'99.99891663"
"'124","'LINE","'do the following tasks and present your findings in the","'99.99308777"
"'124","'LINE","'class.","'100.00000000"
"'124","'LINE","'Element","'99.95037079"
"'124","'LINE","'Atomic N umber","'99.95715332"
"'124","'LINE","'Element","'99.91051483"
"'124","'LINE","'Atomic N umber","'99.98697662"
"'124","'LINE","'A","'85.36252594"
"'124","'LINE","'1","'98.95188904"
"'124","'LINE","'J","'99.29528046"
"'124","'LINE","'10","'99.89178467"
"'124","'LINE","'B","'94.81983185"
"'124","'LINE","'2","'99.85192108"
"'124","'LINE","'K","'62.07848358"
"'124","'LINE","'11","'99.55576324"
"'124","'LINE","'C","'67.84378815"
"'124","'LINE","'3","'99.17430878"
"'124","'LINE","'L","'99.57450104"
"'124","'LINE","'12","'99.80388641"
"'124","'LINE","'D","'99.89098358"
"'124","'LINE","'4","'99.68431091"
"'124","'LINE","'M","'60.07434082"
"'124","'LINE","'13","'99.83318329"
"'124","'LINE","'E","'95.50880432"
"'124","'LINE","'5","'99.92187500"
"'124","'LINE","'N","'99.92107391"
"'124","'LINE","'14","'99.87224579"
"'124","'LINE","'F","'99.85192108"
"'124","'LINE","'6","'99.61355591"
"'124","'LINE","'O","'62.04101563"
"'124","'LINE","'15","'99.96093750"
"'124","'LINE","'G","'99.95037079"
"'124","'LINE","'7","'99.83318329"
"'124","'LINE","'P","'88.25434113"
"'124","'LINE","'16","'99.88201141"
"'124","'LINE","'H","'86.88775635"
"'124","'LINE","'8","'99.92187500"
"'124","'LINE","'Q","'99.13982391"
"'124","'LINE","'17","'99.91131592"
"'124","'LINE","'I","'73.74521637"
"'124","'LINE","'9","'99.84215546"
"'124","'LINE","'R","'99.54021454"
"'124","'LINE","'18","'99.91131592"
"'124","'LINE","'1. List down the elements from atomic number A up to R.","'98.68244171"
"'124","'LINE","'Write the respective electronic configurations.","'99.93231964"
"'124","'LINE","'2. Draw sets of vertical boxes. In order of increasing","'99.98616791"
"'124","'LINE","'atomic number, fill into each set the symbol of all","'99.99308777"
"'124","'LINE","'elements having the same outer electron configurations.","'99.89864349"
"'124","'LINE","'How many sets are there? Record your answer.","'99.97782898"
"'124","'LINE","'3. Draw sets of horizontal boxes. In order of increasing","'99.96428680"
"'124","'LINE","'atomic number, fill into each set the symbols of all","'99.99804688"
"'124","'LINE","'elements having the same number of shells. How many","'99.98355103"
"'124","'LINE","'sets are there? How many elements are there in each","'99.97249603"
"'124","'LINE","'set? Record your answers.","'99.94548798"
"'124","'LINE","'4. Do you see any regular patterns that you created in","'99.45660400"
"'124","'LINE","'?","'91.57146454"
"'124","'LINE","'Steps 2 and 3?","'92.63407898"
"'124","'LINE","'5. Draw one complete table which shows all elements;","'99.98580933"
"'124","'LINE","'with the same number of outermost electrons in a","'99.89532471"
"'124","'LINE","'vertical column filling the same outer electron shell in","'99.98680115"
"'124","'LINE","'Activity 4.3","'99.90682983"
"'124","'LINE","'a horizontal row.","'99.38768768"
"'124","'LINE","'117","'99.68431091"
"'125","'LINE","'118","'92.93785858"
"'125","'LINE","'Main-Group Elements","'99.85680389"
"'125","'LINE","'Main-Group Elements","'99.86208344"
"'125","'LINE","'1","'99.14481354"
"'125","'LINE","'Atomic number","'99.96054077"
"'125","'LINE","'1","'65.78463745"
"'125","'LINE","'18","'99.95117188"
"'125","'LINE","'IA","'99.60219574"
"'125","'LINE","'H","'86.81700134"
"'125","'LINE","'Symbol","'99.92028046"
"'125","'LINE","'Chemistry Grade 9","'99.53749084"
"'125","'LINE","'VIIA","'99.40290833"
"'125","'LINE","'I","'92.30727386"
"'125","'LINE","'1","'98.49988556"
"'125","'LINE","'H","'89.59821320"
"'125","'LINE","'2","'99.25720978"
"'125","'LINE","'1.0079","'99.61276245"
"'125","'LINE","'Atomic mass","'99.93612671"
"'125","'LINE","'2","'99.27834320"
"'125","'LINE","'13","'99.89098358"
"'125","'LINE","'14","'99.91051483"
"'125","'LINE","'15","'99.89098358"
"'125","'LINE","'16","'99.92107391"
"'125","'LINE","'17","'99.83079529"
"'125","'LINE","'He","'75.45698547"
"'125","'LINE","'1.0079","'79.96353149"
"'125","'LINE","'ПА","'89.86586761"
"'125","'LINE","'IIIA","'48.01359177"
"'125","'LINE","'IVA","'99.85271454"
"'125","'LINE","'VA","'99.93083954"
"'125","'LINE","'VIA","'99.97070313"
"'125","'LINE","'VIIA","'99.52248383"
"'125","'LINE","'4.003","'59.71320724"
"'125","'LINE","'3","'99.53623199"
"'125","'LINE","'4","'99.75347137"
"'125","'LINE","'5","'99.65660858"
"'125","'LINE","'6","'99.68590546"
"'125","'LINE","'7","'97.86451721"
"'125","'LINE","'8","'99.03240967"
"'125","'LINE","'9","'97.45854950"
"'125","'LINE","'10","'98.44706726"
"'125","'LINE","'2","'99.89098358"
"'125","'LINE","'Li","'99.64205933"
"'125","'LINE","'Be","'99.93083954"
"'125","'LINE","'Transition Metals","'99.91539764"
"'125","'LINE","'B","'68.43271637"
"'125","'LINE","'C","'74.12368774"
"'125","'LINE","'N","'99.85271454"
"'125","'LINE","'0","'91.14536285"
"'125","'LINE","'F","'99.87224579"
"'125","'LINE","'Ne","'99.65182495"
"'125","'LINE","'6,941","'71.94934082"
"'125","'LINE","'9.01","'79.66258240"
"'125","'LINE","'10.81","'86.97644806"
"'125","'LINE","'12.01","'94.31063080"
"'125","'LINE","'14.01","'88.61068726"
"'125","'LINE","'15.999","'72.58708954"
"'125","'LINE","'18.998","'67.34754181"
"'125","'LINE","'20.18","'96.41422272"
"'125","'LINE","'II","'85.90341949"
"'125","'LINE","'12","'98.73584747"
"'125","'LINE","'9","'99.83238983"
"'125","'LINE","'13","'98.43650818"
"'125","'LINE","'14","'99.88121796"
"'125","'LINE","'15","'99.47365570"
"'125","'LINE","'16","'99.73313904"
"'125","'LINE","'17","'99.84135437"
"'125","'LINE","'18","'99.52487183"
"'125","'LINE","'3","'99.95037079"
"'125","'LINE","'Na","'99.48262024"
"'125","'LINE","'Mg","'99.59243774"
"'125","'LINE","'3","'99.91210938"
"'125","'LINE","'4","'99.91131592"
"'125","'LINE","'5","'99.87224579"
"'125","'LINE","'6","'99.81285858"
"'125","'LINE","'7","'99.84135437"
"'125","'LINE","'8","'99.89257813"
"'125","'LINE","'VIIB","'99.93083954"
"'125","'LINE","'10","'99.83159637"
"'125","'LINE","'11","'98.53575134"
"'125","'LINE","'12","'99.91051483"
"'125","'LINE","'Al","'87.53448486"
"'125","'LINE","'Si","'99.73154449"
"'125","'LINE","'P","'92.53886414"
"'125","'LINE","'S","'98.33645630"
"'125","'LINE","'CI","'81.42778015"
"'125","'LINE","'Ar","'99.63149261"
"'125","'LINE","'22,990","'86.53798676"
"'125","'LINE","'24,31","'67.86412048"
"'125","'LINE","'IIIB","'54.63070297"
"'125","'LINE","'IVB","'99.65182495"
"'125","'LINE","'VB","'99.93083954"
"'125","'LINE","'VIB","'99.95037079"
"'125","'LINE","'VIIB","'99.85112762"
"'125","'LINE","'IB","'99.89098358"
"'125","'LINE","'IIB","'96.77216339"
"'125","'LINE","'26,98","'60.68937302"
"'125","'LINE","'28.09","'65.93052673"
"'125","'LINE","'30.97","'96.45328522"
"'125","'LINE","'32.06","'72.08844757"
"'125","'LINE","'35.45","'99.88121796"
"'125","'LINE","'39.95","'97.87847137"
"'125","'LINE","'Period","'99.30504608"
"'125","'LINE","'19","'99.71281433"
"'125","'LINE","'20","'99.79173279"
"'125","'LINE","'21","'97.18132019"
"'125","'LINE","'22","'99.93083954"
"'125","'LINE","'23","'99.77140808"
"'125","'LINE","'24","'99.95037079"
"'125","'LINE","'25","'99.96093750"
"'125","'LINE","'26","'99.91131592"
"'125","'LINE","'27","'99.99023438"
"'125","'LINE","'28","'99.76243591"
"'125","'LINE","'29","'99.79173279"
"'125","'LINE","'30","'99.93083954"
"'125","'LINE","'31","'99.65262604"
"'125","'LINE","'32","'99.81126404"
"'125","'LINE","'33","'99.59243774"
"'125","'LINE","'34","'99.93083954"
"'125","'LINE","'35","'99.91131592"
"'125","'LINE","'36","'99.77300262"
"'125","'LINE","'4","'99.89098358"
"'125","'LINE","'K","'90.19690704"
"'125","'LINE","'Ca","'99.31341553"
"'125","'LINE","'Sc","'72.36746216"
"'125","'LINE","'Ti","'99.85192108"
"'125","'LINE","'V","'98.99533081"
"'125","'LINE","'Cr","'99.91131592"
"'125","'LINE","'Mn","'99.61196899"
"'125","'LINE","'Fe","'99.97070313"
"'125","'LINE","'Co","'99.43219757"
"'125","'LINE","'Ni","'99.72177887"
"'125","'LINE","'Cu","'99.45252228"
"'125","'LINE","'Zn","'99.76403046"
"'125","'LINE","'Ga","'99.85112762"
"'125","'LINE","'Ge","'99.99023438"
"'125","'LINE","'As","'99.99023438"
"'125","'LINE","'Se","'100.00000000"
"'125","'LINE","'Br","'99.81126404"
"'125","'LINE","'Kr","'99.79093933"
"'125","'LINE","'39,098","'86.48835754"
"'125","'LINE","'40.08","'95.74716949"
"'125","'LINE","'44.96","'98.49589539"
"'125","'LINE","'47.90","'99.69168091"
"'125","'LINE","'50.94","'95.70571899"
"'125","'LINE","'51,996","'81.45627594"
"'125","'LINE","'54.94","'99.57210541"
"'125","'LINE","'55.85","'86.73728943"
"'125","'LINE","'58.93","'92.91553497"
"'125","'LINE","'58.70","'95.74557495"
"'125","'LINE","'63.55","'98.39664459"
"'125","'LINE","'65,37","'82.61220551"
"'125","'LINE","'69.72","'93.58338928"
"'125","'LINE","'72.59","'81.57745361"
"'125","'LINE","'74.92","'98.45603943"
"'125","'LINE","'78.96","'78.62783051"
"'125","'LINE","'79.90","'99.40529633"
"'125","'LINE","'83.80","'96.58262634"
"'125","'LINE","'37","'99.88121796"
"'125","'LINE","'38","'99.87224579"
"'125","'LINE","'39","'99.91131592"
"'125","'LINE","'40","'99.89257813"
"'125","'LINE","'41","'99.36383820"
"'125","'LINE","'42","'99.88201141"
"'125","'LINE","'43","'99.91131592"
"'125","'LINE","'44","'99.81205750"
"'125","'LINE","'45","'99.88281250"
"'125","'LINE","'46","'99.80388641"
"'125","'LINE","'47","'99.85271454"
"'125","'LINE","'48","'99.89257813"
"'125","'LINE","'49","'99.88201141"
"'125","'LINE","'50","'99.87145233"
"'125","'LINE","'51","'99.00669098"
"'125","'LINE","'52","'99.75267029"
"'125","'LINE","'53","'99.81285858"
"'125","'LINE","'54","'99.95117188"
"'125","'LINE","'5","'99.97070313"
"'125","'LINE","'Rb","'99.89098358"
"'125","'LINE","'Sr","'99.99023438"
"'125","'LINE","'Y","'99.89178467"
"'125","'LINE","'Zr","'99.87304688"
"'125","'LINE","'Nb","'99.08402252"
"'125","'LINE","'Mo","'99.05393219"
"'125","'LINE","'Te","'96.29384613"
"'125","'LINE","'Ru","'99.93083954"
"'125","'LINE","'Rh","'99.97070313"
"'125","'LINE","'Pd","'99.44355774"
"'125","'LINE","'Ag","'99.89098358"
"'125","'LINE","'Cd","'99.75107574"
"'125","'LINE","'In","'99.91131592"
"'125","'LINE","'Sn","'99.80069733"
"'125","'LINE","'Sb","'99.87065887"
"'125","'LINE","'Te","'99.51271057"
"'125","'LINE","'I","'94.98066711"
"'125","'LINE","'Xe","'85.29336548"
"'125","'LINE","'85,458","'78.47656250"
"'125","'LINE","'87.62","'61.96488190"
"'125","'LINE","'88.91","'99.61276245"
"'125","'LINE","'91.22","'99.31420898"
"'125","'LINE","'92.91","'97.08127594"
"'125","'LINE","'95.94","'99.60219574"
"'125","'LINE","'(98)","'99.89098358"
"'125","'LINE","'(101.07)","'93.53376007"
"'125","'LINE","'102.91","'93.45404053"
"'125","'LINE","'106.40","'96.28408051"
"'125","'LINE","'107.87","'90.79321289"
"'125","'LINE","'112.47","'98.16725159"
"'125","'LINE","'114.82","'99.52248383"
"'125","'LINE","'118.69","'99.23369598"
"'125","'LINE","'121.75","'99.76164246"
"'125","'LINE","'127.60","'98.87496185"
"'125","'LINE","'126.90","'99.60459137"
"'125","'LINE","'131.30","'94.62053680"
"'125","'LINE","'55","'99.93164063"
"'125","'LINE","'56","'99.92187500"
"'125","'LINE","'71","'97.80931091"
"'125","'LINE","'72","'99.91131592"
"'125","'LINE","'73","'99.68192291"
"'125","'LINE","'74","'99.92107391"
"'125","'LINE","'75","'99.87145233"
"'125","'LINE","'76","'99.88281250"
"'125","'LINE","'77","'99.99023438"
"'125","'LINE","'78","'99.76243591"
"'125","'LINE","'79","'99.40449524"
"'125","'LINE","'80","'99.95117188"
"'125","'LINE","'81","'98.92617798"
"'125","'LINE","'82","'99.96093750"
"'125","'LINE","'83","'99.97070313"
"'125","'LINE","'84","'99.89178467"
"'125","'LINE","'85","'99.91131592"
"'125","'LINE","'86","'99.76403046"
"'125","'LINE","'6","'99.83159637"
"'125","'LINE","'Cs","'99.57290649"
"'125","'LINE","'Ba","'97.96794891"
"'125","'LINE","'Lu","'99.89098358"
"'125","'LINE","'Hf","'99.67215729"
"'125","'LINE","'Ta","'95.26725769"
"'125","'LINE","'W","'99.57290649"
"'125","'LINE","'Re","'99.99023438"
"'125","'LINE","'Os","'99.44276428"
"'125","'LINE","'Ir","'99.56472778"
"'125","'LINE","'Pt","'99.80149841"
"'125","'LINE","'Au","'99.95037079"
"'125","'LINE","'Hg","'99.84135437"
"'125","'LINE","'TI","'94.18128204"
"'125","'LINE","'Pb","'95.21763611"
"'125","'LINE","'Bi","'99.89098358"
"'125","'LINE","'Po","'98.28762817"
"'125","'LINE","'At","'99.96093750"
"'125","'LINE","'Rn","'99.77140808"
"'125","'LINE","'132.91","'94.66936493"
"'125","'LINE","'137.33","'98.75458527"
"'125","'LINE","'174.967","'77.83960724"
"'125","'LINE","'178.49","'85.85060883"
"'125","'LINE","'180.95","'92.47787476"
"'125","'LINE","'183.85","'99.33294678"
"'125","'LINE","'186.21","'93.22464752"
"'125","'LINE","'190.20","'91.27152252"
"'125","'LINE","'192.22","'99.77140808"
"'125","'LINE","'195.09","'97.91832733"
"'125","'LINE","'196.97","'97.79874420"
"'125","'LINE","'200.59","'92.97572327"
"'125","'LINE","'204.37","'99.24346161"
"'125","'LINE","'207.19","'99.32318115"
"'125","'LINE","'208.98","'92.73656464"
"'125","'LINE","'(209)","'99.97070313"
"'125","'LINE","'(210)","'99.84135437"
"'125","'LINE","'(222)","'99.69168091"
"'125","'LINE","'87","'99.80149841"
"'125","'LINE","'88","'98.31772614"
"'125","'LINE","'103","'98.27706146"
"'125","'LINE","'104","'99.84135437"
"'125","'LINE","'105","'99.95117188"
"'125","'LINE","'106","'99.91131592"
"'125","'LINE","'107","'99.95037079"
"'125","'LINE","'108","'99.97070313"
"'125","'LINE","'109","'99.83159637"
"'125","'LINE","'110","'99.83159637"
"'125","'LINE","'III","'65.23338318"
"'125","'LINE","'112","'99.83159637"
"'125","'LINE","'113","'99.72177887"
"'125","'LINE","'114","'99.72177887"
"'125","'LINE","'115","'99.89098358"
"'125","'LINE","'116","'99.93164063"
"'125","'LINE","'117","'98.37631226"
"'125","'LINE","'118","'99.73313904"
"'125","'LINE","'7","'99.73394012"
"'125","'LINE","'Fr","'99.89098358"
"'125","'LINE","'Ra","'99.88121796"
"'125","'LINE","'Lr","'99.63229370"
"'125","'LINE","'Rf","'99.89098358"
"'125","'LINE","'Db","'99.97070313"
"'125","'LINE","'Sg","'99.85112762"
"'125","'LINE","'Bh","'99.89098358"
"'125","'LINE","'Hs","'99.81126404"
"'125","'LINE","'Mt","'99.83079529"
"'125","'LINE","'Ds","'99.01406860"
"'125","'LINE","'Rg","'99.93083954"
"'125","'LINE","'Cn","'98.77490997"
"'125","'LINE","'Nh","'99.05393219"
"'125","'LINE","'Fl","'61.05787659"
"'125","'LINE","'Me","'66.32912445"
"'125","'LINE","'Lv","'95.30712128"
"'125","'LINE","'Ts","'99.47285461"
"'125","'LINE","'Og","'67.76486969"
"'125","'LINE","'(223)","'99.75186920"
"'125","'LINE","'(226)","'99.84135437"
"'125","'LINE","'(262)","'99.89098358"
"'125","'LINE","'(261)","'99.81126404"
"'125","'LINE","'(262)","'99.89098358"
"'125","'LINE","'263","'99.92107391"
"'125","'LINE","'262","'99.96093750"
"'125","'LINE","'255","'99.97070313"
"'125","'LINE","'256","'99.96093750"
"'125","'LINE","'(281)","'99.64205933"
"'125","'LINE","'(272)","'99.84135437"
"'125","'LINE","'(285)","'99.75186920"
"'125","'LINE","'Unknown","'99.88121796"
"'125","'LINE","'[289]","'99.81205750"
"'125","'LINE","'Unknown","'99.87065887"
"'125","'LINE","'[298]","'99.85192108"
"'125","'LINE","'Unknown","'99.84135437"
"'125","'LINE","'Unknown","'99.92107391"
"'125","'LINE","'Inner Transition Metals","'99.85736847"
"'125","'LINE","'Metals","'99.72098541"
"'125","'LINE","'57","'99.89178467"
"'125","'LINE","'58","'99.93164063"
"'125","'LINE","'59","'99.92187500"
"'125","'LINE","'60","'99.85271454"
"'125","'LINE","'61","'99.48262024"
"'125","'LINE","'62","'99.92107391"
"'125","'LINE","'63","'99.88121796"
"'125","'LINE","'64","'99.96093750"
"'125","'LINE","'65","'99.95117188"
"'125","'LINE","'66","'99.87224579"
"'125","'LINE","'67","'99.96093750"
"'125","'LINE","'68","'99.84215546"
"'125","'LINE","'69","'99.81445313"
"'125","'LINE","'70","'99.59243774"
"'125","'LINE","'Lanthanides","'96.54277039"
"'125","'LINE","'La","'99.83159637"
"'125","'LINE","'Ce","'99.91051483"
"'125","'LINE","'Pr","'99.91131592"
"'125","'LINE","'Nd","'99.89098358"
"'125","'LINE","'Pm","'99.93164063"
"'125","'LINE","'Sm","'99.96014404"
"'125","'LINE","'Eu","'99.89098358"
"'125","'LINE","'Gd","'100.00000000"
"'125","'LINE","'Tb","'97.77921295"
"'125","'LINE","'Dy","'99.89098358"
"'125","'LINE","'Ho","'59.39353561"
"'125","'LINE","'Er","'99.68271637"
"'125","'LINE","'Tm","'99.89098358"
"'125","'LINE","'Yb","'99.48500824"
"'125","'LINE","'138.905","'61.52642822"
"'125","'LINE","'140.110","'73.94470978"
"'125","'LINE","'140.907","'95.69674683"
"'125","'LINE","'144,244","'81.03734589"
"'125","'LINE","'(145)","'99.93083954"
"'125","'LINE","'150.30","'85.85060883"
"'125","'LINE","'151.964","'90.27503204"
"'125","'LINE","'158,925","'65.13333130"
"'125","'LINE","'157.25","'99.76084137"
"'125","'LINE","'162.500","'98.52838135"
"'125","'LINE","'164.94","'99.65182495"
"'125","'LINE","'167,259","'78.20810699"
"'125","'LINE","'168.934","'98.47636414"
"'125","'LINE","'173.045","'72.38779449"
"'125","'LINE","'Metalloids","'99.96014404"
"'125","'LINE","'89","'99.91210938"
"'125","'LINE","'90","'99.87304688"
"'125","'LINE","'91","'99.80229950"
"'125","'LINE","'92","'99.89257813"
"'125","'LINE","'93","'99.91210938"
"'125","'LINE","'94","'99.88281250"
"'125","'LINE","'95","'99.89257813"
"'125","'LINE","'96","'99.84375000"
"'125","'LINE","'97","'99.88121796"
"'125","'LINE","'98","'99.83318329"
"'125","'LINE","'99","'99.87224579"
"'125","'LINE","'100","'99.96093750"
"'125","'LINE","'101","'98.43650818"
"'125","'LINE","'102","'99.93164063"
"'125","'LINE","'Actinides","'99.57210541"
"'125","'LINE","'AC","'83.74781036"
"'125","'LINE","'Th","'99.80229950"
"'125","'LINE","'Pa","'99.65262604"
"'125","'LINE","'U","'99.16593170"
"'125","'LINE","'Np","'97.49939728"
"'125","'LINE","'Pu","'99.83159637"
"'125","'LINE","'Am","'99.99023438"
"'125","'LINE","'Cm","'99.37281036"
"'125","'LINE","'Bk","'92.09881592"
"'125","'LINE","'Cf","'99.63149261"
"'125","'LINE","'Es","'99.92107391"
"'125","'LINE","'Fm","'98.91481781"
"'125","'LINE","'Md","'99.77140808"
"'125","'LINE","'No","'99.89098358"
"'125","'LINE","'(227)","'99.77220154"
"'125","'LINE","'232,035","'67.00673676"
"'125","'LINE","'231.035","'90.30512238"
"'125","'LINE","'238,0289","'89.35905457"
"'125","'LINE","'(237)","'99.92107391"
"'125","'LINE","'(244)","'99.89098358"
"'125","'LINE","'(243)","'99.81126404"
"'125","'LINE","'(247)","'99.93083954"
"'125","'LINE","'(247)","'99.93083954"
"'125","'LINE","'(251)","'99.89098358"
"'125","'LINE","'(252)","'99.92107391"
"'125","'LINE","'(257)","'99.81126404"
"'125","'LINE","'(257)","'99.89098358"
"'125","'LINE","'(259)","'99.80149841"
"'125","'LINE","'NonMetals","'99.88121796"
"'125","'LINE","'Figure 4.3 The long form of modern periodic table and its segments.","'99.98278046"
"'126","'LINE","'Periodic Classification of Elements","'99.95545959"
"'126","'LINE","'4.3.1 The Periodic Law","'99.88261414"
"'126","'LINE","'According to the modern periodic law, the physical and chemical properties of the","'99.98410034"
"'126","'LINE","'elements are the periodic functions of their atomic number. The long form of periodic","'99.97471619"
"'126","'LINE","'table based upon the modern periodic law is depicted in Figure 4.3. Note that the","'99.88349915"
"'126","'LINE","'arrangement of A and B subgroups is different from that in the modified form of","'98.06866455"
"'126","'LINE","'Mendeleev's periodic table. The left and right corners of the table are assigned as","'99.93938446"
"'126","'LINE","'sub-groups A and the middle of the periodic table is assigned as subgroups B.","'96.09947205"
"'126","'LINE","'4.3.2 Groups and Periods","'99.93652344"
"'126","'LINE","'Many different forms of the periodic table have been published since Mendeleev's","'99.94278717"
"'126","'LINE","'time. Today, the long form of the periodic table, which is called the modern periodic","'99.97710419"
"'126","'LINE","'table, is commonly in use. It is based on the modern periodic law. In the modern","'99.91152191"
"'126","'LINE","'periodic table, elements are arranged in periods and groups.","'99.96609497"
"'126","'LINE","'What are the basis for classifying the elements into groups and periods? What are","'99.96483612"
"'126","'LINE","'the similarities and differences in the electron configuration of S and Cl?","'97.28919220"
"'126","'LINE","'Periods: The horizontal rows of elements in the periodic table are called periods or","'99.93589783"
"'126","'LINE","'series. Elements in a period are arranged in increasing order of their atomic numbers","'99.88174438"
"'126","'LINE","'from left to right. There are 7 periods in the modern periodic table, and each period","'99.95438385"
"'126","'LINE","'is represented by an Arabic numeral: 1, 2","'99.38314819"
"'126","'LINE","'and 7.","'99.51132202"
"'126","'LINE","'Elements in the same period have the same number of shells.","'99.97499847"
"'126","'LINE","'Periods 1, 2, and 3 are called short periods while periods 4, 5, and 6 are known","'99.74408722"
"'126","'LINE","'as long periods.","'99.84593964"
"'126","'LINE","'Period 1 contains only 2 elements, hydrogen and helium. Period 2 and period 3","'99.78418732"
"'126","'LINE","'contain 8 elements each.","'99.91824341"
"'126","'LINE","'Period 4 and period 5 contain 18 elements each. Period 6, the longest period,","'99.89259338"
"'126","'LINE","'has 32 elements. Period 7, 32 elements. Period 7 element is radioactive and/or","'99.68409729"
"'126","'LINE","'an artificial element.","'99.91782379"
"'126","'LINE","'Except for the first period, all periods start with an alkali metal and ends with","'99.96837616"
"'126","'LINE","'a noble gas.","'99.48880005"
"'126","'LINE","'Table 4.5 The number of elements in a given period and the orbitals being filled.","'99.84456635"
"'126","'LINE","'Period number","'99.99023438"
"'126","'LINE","'Orbitals occupied","'99.99511719"
"'126","'LINE","'Number of elements","'99.97694397"
"'126","'LINE","'1","'98.55807495"
"'126","'LINE","'1s","'57.38819122"
"'126","'LINE","'2","'99.87304688"
"'126","'LINE","'2","'99.91210938"
"'126","'LINE","'2s, 2p","'98.06849670"
"'126","'LINE","'8","'99.92187500"
"'126","'LINE","'3","'99.84295654"
"'126","'LINE","'3s, 3p","'95.85887909"
"'126","'LINE","'8","'99.88201141"
"'126","'LINE","'4","'99.81285858"
"'126","'LINE","'4s, 3d, 4p","'99.39413452"
"'126","'LINE","'18","'99.83318329"
"'126","'LINE","'and so on","'91.94694519"
"'126","'LINE","'The position of an element in a given period can be determined by the number of","'99.76219940"
"'126","'LINE","'shells occupied with its electrons. Accordingly, the number of shell is equal to the","'99.96826935"
"'126","'LINE","'number of period to which the element belongs.","'99.95545959"
"'126","'LINE","'119","'99.71520233"
"'127","'LINE","'Chemistry Grade 9","'99.80442047"
"'127","'LINE","'Electron Configurations","'99.96542358"
"'127","'LINE","'The arrangement of electrons in an atom is known as the electron configuration of the","'99.92368317"
"'127","'LINE","'atom. Because atoms of different elements have different numbers of electrons, a","'99.81579590"
"'127","'LINE","'distinct electronic configuration exists for the atoms of each element. Like all systems in","'99.95467377"
"'127","'LINE","'nature, electrons in atoms tend to assume arrangements that have the lowest possible","'99.94367218"
"'127","'LINE","'energies. The lowest energy arrangement of the electrons in an atom is called the","'99.94920349"
"'127","'LINE","'ground state electron configuration. A few simple rules, combined with the quantum","'98.68476105"
"'127","'LINE","'number relationships discussed below, allow US to determine these ground state","'99.88469696"
"'127","'LINE","'electron configurations.","'99.57659149"
"'127","'LINE","'The quantum mechanical model is designated by the following notation: a coefficient","'99.67628479"
"'127","'LINE","'which shows the main energy level, a letter that denotes the sublevel that an electron","'99.80290222"
"'127","'LINE","'occupies, and a superscript that shows the number of electrons in that particular","'99.90012360"
"'127","'LINE","'sublevel. The designation is explained as follows","'99.92292786"
"'127","'LINE","'Main energy level","'99.96745300"
"'127","'LINE","'1","'88.24627686"
"'127","'LINE","'2","'97.81250000"
"'127","'LINE","'Number of Electrons","'99.95742035"
"'127","'LINE","'S","'87.40145111"
"'127","'LINE","'Sublevel","'99.93083954"
"'127","'LINE","'For example, the electron configuration of lithium (⁵₃Li) is: 1s²2s¹. This indicates that","'95.18232727"
"'127","'LINE","'there are 2 electrons in the first s-sublevel and 1 electron in the second s-sublevel.","'99.70362854"
"'127","'LINE","'The configuration for sodium (²³₁. Na) atom is: 1s²2s²2p⁶3s¹. This indicate that there","'88.95623779"
"'127","'LINE","'are 2 electrons in the first s-sublevel, 2 electrons in the second s-sublevel, 6 electrons","'99.80039978"
"'127","'LINE","'in the second p-sublevel, and 1 electron in the third s-sublevel.","'99.75915527"
"'127","'LINE","'Example 4.1","'99.82870483"
"'127","'LINE","'Electronic configuration of 23 Na= 1s²2s²2p⁶3s¹ (2, 8, 1). Sodium has 3 main shells.","'93.51154327"
"'127","'LINE","'Hence, sodium is found in period 3.","'99.84226990"
"'127","'LINE","'Example 4.2","'99.87753296"
"'127","'LINE","'By looking example above write the electron configuration of F and ₁₇CI. What are","'91.85971069"
"'127","'LINE","'the similarities and differences in the electron configuration of F and Cl?","'97.84774017"
"'127","'LINE","'Electronic configuration of 9F= 1s²2s²2p⁵ (2, 7) and the electronic configuration of","'93.73397064"
"'127","'LINE","'₁₇CI= 1s²2s²2p⁶3s² 3p⁵ (2, 8, 7). Both have the same number of electrons in their","'89.04528046"
"'127","'LINE","'valence shell. Flourine has two shells whereas chlorine has three shells.","'99.82096100"
"'127","'LINE","'Groups: are the vertical columns of elements in the periodic table. There are 18","'99.94351196"
"'127","'LINE","'columns or groups in the modern periodic table. Group numbers are usually designated","'99.94699097"
"'127","'LINE","'with the numbers I to VIII each followed by the letter A or B.","'95.35768890"
"'127","'LINE","'120","'99.27834320"
"'128","'LINE","'Periodic Classification of Elements","'99.95057678"
"'128","'LINE","'These are:","'99.92187500"
"'128","'LINE","'IA","'99.41824341"
"'128","'LINE","'VIIIA","'99.80229950"
"'128","'LINE","'Main groups (A groups)","'99.32422638"
"'128","'LINE","'IB","'96.88277435"
"'128","'LINE","'VIIIB","'99.81365967"
"'128","'LINE","'Sub groups (B groups)","'89.53623199"
"'128","'LINE","'Elements in a given group have the same number of outermost shell electrons. Elements","'99.83467865"
"'128","'LINE","'in the same group have similar chemical properties. For the main group elements the","'99.98099518"
"'128","'LINE","'group number equals the number of valence electrons.","'99.97396851"
"'128","'LINE","'Example 4.3","'99.84375000"
"'128","'LINE","'Electronic configuration of 35 17 CI = 1s²2s²2p⁶3s²3p⁵ (2, 8, 7). The number of valence","'92.09419250"
"'128","'LINE","'electrons of chlorine is 7. Hence chlorine is found in Group VIIA.","'99.83596039"
"'128","'LINE","'4.3.3 Classification of the Elements","'99.93945313"
"'128","'LINE","'Learning competencies","'99.89058685"
"'128","'LINE","'At the end of this section, you should be able to","'99.86450958"
"'128","'LINE","'explain the relationship between the electronic configuration and the structure","'99.97518921"
"'128","'LINE","'of the modern Periodic table","'99.97851563"
"'128","'LINE","'describe the three classes of the elements in the modern Periodic table","'99.98772430"
"'128","'LINE","'give group names for the main group elements","'99.98901367"
"'128","'LINE","'classify the periods into short, long and incomplete periods","'99.97360229"
"'128","'LINE","'tell the number of groups and periods in the modern Periodic table","'99.98121643"
"'128","'LINE","'tell the number of elements in each period","'99.96796417"
"'128","'LINE","'predict the period and group of an element from its atomic number","'99.97708130"
"'128","'LINE","'tell the block and group of an element from its electronic configuration","'99.96372986"
"'128","'LINE","'The assignment of all the electrons in an atom into specific shells or orbitals (s, p,d, f)","'97.40046692"
"'128","'LINE","'is known as the element's electronic configuration. The elements can be arranged in the","'99.86499786"
"'128","'LINE","'long form of the periodic table based on the electronic configuration and classified as","'99.95007324"
"'128","'LINE","'s, p, d and f-block elements.","'92.43894958"
"'128","'LINE","'1.","'99.21475983"
"'128","'LINE","'s-block elements: If the last electron enters into s-orbital, the elements are","'99.93572998"
"'128","'LINE","'called as s-block elements.","'99.87020874"
"'128","'LINE","'The general valence (outermost) shell electronic configuration is given by ns¹⁻².","'98.48748779"
"'128","'LINE","'That means [IG] ns¹ for Alkali metals and [IG] ns² for Alkaline earth metals,","'97.40638733"
"'128","'LINE","'where IG represents the inert gas core.","'99.92363739"
"'128","'LINE","'2.","'99.95117188"
"'128","'LINE","'p-block elements: If the last electron enters into the p-orbital, the elements are","'99.93090820"
"'128","'LINE","'called as p-block elements. The general valence shell electronic configuration is","'99.91930389"
"'128","'LINE","'ns²np¹⁻⁶. The p-block elements are placed in Group number IIIA to VIIIA.","'97.72294617"
"'128","'LINE","'a.","'98.42334747"
"'128","'LINE","'Valence shell electrons for s-block elements is equal to the number of electrons","'99.96351624"
"'128","'LINE","'in the S orbital having the highest principal quantum number.","'99.14706421"
"'128","'LINE","'121","'99.50035858"
"'129","'LINE","'Chemistry Grade 9","'99.70025635"
"'129","'LINE","'b.","'99.95117188"
"'129","'LINE","'Valence shell electrons for p-block elements are equal to the number of electrons","'99.95455933"
"'129","'LINE","'in the S and p orbitals having highest principal quantum number.","'97.26844788"
"'129","'LINE","'C.","'77.28395844"
"'129","'LINE","'The total number of valence shell electrons is equal to its group number according","'99.97257233"
"'129","'LINE","'to A and B convention.","'96.20841980"
"'129","'LINE","'d.","'99.95117188"
"'129","'LINE","'He (ns²) is excluded from p-block in terms of electronic configuration and it is","'96.67436218"
"'129","'LINE","'better to consider it as s-block element. But according to its chemical behavior it","'99.92560577"
"'129","'LINE","'is justified to place it in Group VIII.","'99.92361450"
"'129","'LINE","'3.","'99.91210938"
"'129","'LINE","'d-block elements: If the last electron enters into d orbital, the elements are","'99.90367889"
"'129","'LINE","'called d-block elements (except Thorium). The general valence shell electronic","'99.97428894"
"'129","'LINE","'configuration is:","'99.81774139"
"'129","'LINE","'ns⁰⁻²(n-1)d¹⁻¹⁰","'57.85056305"
"'129","'LINE","'or","'98.13476563"
"'129","'LINE","'ns¹⁻²(n-1)d¹⁻¹⁰ (except for palladium)","'89.55137634"
"'129","'LINE","'Total valence shell electrons of d-block elements = Total number of electrons in the","'99.88810730"
"'129","'LINE","'outermost shell (ns orbital) and penultimate shell [(n - 1) d orbitals].","'97.78533173"
"'129","'LINE","'4.","'99.97070313"
"'129","'LINE","'f-block elements: If the last electron of the elements enters into f-orbital,","'99.94223785"
"'129","'LINE","'they are considered as f-block elements. The general valence shell electronic","'99.95436096"
"'129","'LINE","'configuration is:","'99.85601044"
"'129","'LINE","'(n-1) d(0-1)(n-2)f(1-14)","'53.95388031"
"'129","'LINE","'Total valence shell electrons = Electrons present in ns, (n - 1)d and (n - 2)f orbitals or","'96.45076752"
"'129","'LINE","'subshells.","'99.95037079"
"'129","'LINE","'<<<<<<<<<<<<<","'19.37340546"
"'129","'LINE","'Exercise 4.2","'99.76074219"
"'129","'LINE","'Perform the following tasks in groups and present your conclusion to the class.","'99.97953033"
"'129","'LINE","'For the following elements, determine the valence electrons, and identify the","'99.98919678"
"'129","'LINE","'sub-shell (s, p, d or f) in which the last electron of each element enters.","'97.70314026"
"'129","'LINE","'a. Nitrogen (atomic number = 7)","'97.17604065"
"'129","'LINE","'b. Sodium (atomic number = 11)","'97.33371735"
"'129","'LINE","'c. Silicon (atomic number = 14)","'94.08864594"
"'129","'LINE","'d. Iron (atomic number = 26)","'98.81038666"
"'129","'LINE","'e. Zinc (atomic number = 30)","'97.88448334"
"'129","'LINE","'f. Krypton (atomic number = 36)","'98.76072693"
"'129","'LINE","'g. Cerium (atomic number = 58)","'98.71910858"
"'129","'LINE","'122","'99.76562500"
"'130","'LINE","'Periodic Classification of Elements","'99.97274780"
"'130","'LINE","'4.3.4 The Representative Elements","'99.95849609"
"'130","'LINE","'Referring to Figure 4.4, the representative elements (also called main group elements)","'99.88047028"
"'130","'LINE","'are the elements in Groups IA through VIIA, all of which have incompletely filled S or","'99.14468384"
"'130","'LINE","'p subshells of the highest principal quantum number. With the exception of helium,","'99.65162659"
"'130","'LINE","'the noble gases (the Group VIIIA elements) all have a completely filled p subshell.","'99.47836304"
"'130","'LINE","'(The electron configurations are 1s² for helium and ns²np⁶ for the other noble gases,","'94.09413147"
"'130","'LINE","'in which n is the principal quantum number for the outermost shell). some main groups","'99.26322937"
"'130","'LINE","'have traditional names and others as family of the first member in the group which","'99.96517181"
"'130","'LINE","'are often used in textbooks. Group I - alkali metals, Group II - alkaline earth metals,","'95.13376617"
"'130","'LINE","'Group III - boron family, Group IV - carbon family, Group V - nitrogen family, Group","'98.19609070"
"'130","'LINE","'VI - oxygen family, Group VII - halogens Group VIII - noble gases.","'98.02248383"
"'130","'LINE","'A clear pattern emerges when we examine the electron configurations of the elements","'99.49758911"
"'130","'LINE","'in a particular group. The electron configurations for Groups IA and IIA elements","'99.71852875"
"'130","'LINE","'are shown in Figure 4.4. We see that all members of the Group IA alkali metals","'99.88773346"
"'130","'LINE","'have similar outer electron configurations; each has a noble gas core and an ns¹","'98.81489563"
"'130","'LINE","'configuration of the outer electron. Similarly, the Group IIA alkaline earth metals","'99.77012634"
"'130","'LINE","'have a noble gas core and an ns² configuration of the outer electrons. The outer","'98.91497803"
"'130","'LINE","'electrons of an atom, which are those involved in chemical bonding, are often called","'99.97274017"
"'130","'LINE","'the valence electrons. Having the same number of valence electrons accounts for","'99.97850800"
"'130","'LINE","'similarities in chemical behavior among the elements within each of these groups. This","'99.97946930"
"'130","'LINE","'observation holds true also for the halogens (the Group VIIA elements), which have","'99.95569611"
"'130","'LINE","'outer electron configurations of ns²np⁵ and exhibit very similar properties. We must be","'97.70475769"
"'130","'LINE","'careful, however, in predicting properties for Groups IIIA through VIA. For example,","'99.80673218"
"'130","'LINE","'the elements in Group IVA all have the same outer electron configuration, ns²np⁴, but","'98.41025543"
"'130","'LINE","'there is much variation in chemical properties among these elements: Carbon is a","'99.86219788"
"'130","'LINE","'nonmetal, silicon and germanium are metalloids, and tin and lead are metals.","'99.89573669"
"'130","'LINE","'123","'99.44255829"
"'131","'LINE","'124","'93.91521454"
"'131","'LINE","'1","'94.70204926"
"'131","'LINE","'18","'99.88201141"
"'131","'LINE","'IA","'99.22612000"
"'131","'LINE","'VIIIA","'99.72496796"
"'131","'LINE","'I","'73.44128418"
"'131","'LINE","'2","'99.59562683"
"'131","'LINE","'1","'98.54372406"
"'131","'LINE","'H","'96.29544067"
"'131","'LINE","'2","'99.72576141"
"'131","'LINE","'13","'99.79173279"
"'131","'LINE","'14","'99.91051483"
"'131","'LINE","'15","'99.89098358"
"'131","'LINE","'16","'99.87145233"
"'131","'LINE","'17","'99.76164246"
"'131","'LINE","'He","'74.32138824"
"'131","'LINE","'Is'","'60.75275040"
"'131","'LINE","'IIA","'98.52678680"
"'131","'LINE","'IIIA","'99.07505798"
"'131","'LINE","'IVA","'99.95117188"
"'131","'LINE","'VA","'99.95037079"
"'131","'LINE","'VIA","'99.89257813"
"'131","'LINE","'VIIA","'99.80388641"
"'131","'LINE","'1s²","'53.27248001"
"'131","'LINE","'3","'99.49716949"
"'131","'LINE","'4","'99.76322937"
"'131","'LINE","'5","'99.61674500"
"'131","'LINE","'6","'99.69487000"
"'131","'LINE","'7","'99.25482178"
"'131","'LINE","'8","'99.60937500"
"'131","'LINE","'9","'99.96093750"
"'131","'LINE","'10","'99.87145233"
"'131","'LINE","'2","'99.72257996"
"'131","'LINE","'Li","'99.83159637"
"'131","'LINE","'Be","'99.85192108"
"'131","'LINE","'B","'72.14524841"
"'131","'LINE","'C","'55.00318909"
"'131","'LINE","'N","'99.85271454"
"'131","'LINE","'0","'95.43068695"
"'131","'LINE","'F","'99.85351563"
"'131","'LINE","'Ne","'99.71201324"
"'131","'LINE","'Chemistry Grade 9","'98.88671875"
"'131","'LINE","'2s¹","'80.91438293"
"'131","'LINE","'2s²","'71.90110779"
"'131","'LINE","'2s²2p¹","'58.53934479"
"'131","'LINE","'2s²2p²","'70.88468933"
"'131","'LINE","'2s²2p³","'59.86387634"
"'131","'LINE","'2s²2p⁴","'68.12957764"
"'131","'LINE","'2s²2p⁵","'65.34738159"
"'131","'LINE","'2s²2p⁶","'70.63038635"
"'131","'LINE","'Il","'46.03156662"
"'131","'LINE","'12","'99.87145233"
"'131","'LINE","'13","'99.83238983"
"'131","'LINE","'14","'99.80149841"
"'131","'LINE","'15","'98.16963959"
"'131","'LINE","'16","'99.81445313"
"'131","'LINE","'17","'98.92538452"
"'131","'LINE","'18","'99.87304688"
"'131","'LINE","'3","'99.84215546"
"'131","'LINE","'Na","'99.89098358"
"'131","'LINE","'Mg","'99.05551910"
"'131","'LINE","'3","'99.60778046"
"'131","'LINE","'4","'99.83238983"
"'131","'LINE","'5","'99.48242188"
"'131","'LINE","'6","'99.76322937"
"'131","'LINE","'7","'99.84215546"
"'131","'LINE","'8","'99.88281250"
"'131","'LINE","'9","'99.92187500"
"'131","'LINE","'10","'99.80149841"
"'131","'LINE","'11","'99.33294678"
"'131","'LINE","'12","'99.85112762"
"'131","'LINE","'Al","'86.61930084"
"'131","'LINE","'Si","'99.71201324"
"'131","'LINE","'P","'97.75450134"
"'131","'LINE","'S","'99.00829315"
"'131","'LINE","'CI","'83.59554291"
"'131","'LINE","'Ar","'99.83238983"
"'131","'LINE","'3s¹","'82.46891022"
"'131","'LINE","'3s","'66.32792664"
"'131","'LINE","'IIIB","'99.24426270"
"'131","'LINE","'IVB","'99.72417450"
"'131","'LINE","'VB","'99.16533661"
"'131","'LINE","'VIB","'99.73552704"
"'131","'LINE","'VIIB","'99.81445313"
"'131","'LINE","'VIIIB","'97.11914063"
"'131","'LINE","'IB","'97.00234985"
"'131","'LINE","'IIB","'97.64987183"
"'131","'LINE","'3s²3p¹","'70.38743591"
"'131","'LINE","'3s²3p²","'61.93797684"
"'131","'LINE","'3s²3p³","'81.74127197"
"'131","'LINE","'3s²3p⁴","'70.20468140"
"'131","'LINE","'3s²3p⁵","'70.45818329"
"'131","'LINE","'3s²3p⁶","'73.29021454"
"'131","'LINE","'19","'99.85112762"
"'131","'LINE","'20","'99.93083954"
"'131","'LINE","'21","'99.69407654"
"'131","'LINE","'22","'99.83079529"
"'131","'LINE","'23","'99.92107391"
"'131","'LINE","'24","'100.00000000"
"'131","'LINE","'25","'99.93164063"
"'131","'LINE","'26","'99.92187500"
"'131","'LINE","'27","'99.96093750"
"'131","'LINE","'28","'99.87145233"
"'131","'LINE","'29","'99.97070313"
"'131","'LINE","'30","'99.93083954"
"'131","'LINE","'31","'99.65341949"
"'131","'LINE","'32","'99.96093750"
"'131","'LINE","'33","'99.87145233"
"'131","'LINE","'34","'99.93083954"
"'131","'LINE","'35","'99.96093750"
"'131","'LINE","'36","'99.89098358"
"'131","'LINE","'4","'99.79252625"
"'131","'LINE","'K","'91.56269836"
"'131","'LINE","'Ca","'98.85462952"
"'131","'LINE","'Sc","'95.46656036"
"'131","'LINE","'Ti","'99.80309296"
"'131","'LINE","'V","'98.61547089"
"'131","'LINE","'Cr","'99.85351563"
"'131","'LINE","'Mn","'99.79173279"
"'131","'LINE","'Fe","'99.92187500"
"'131","'LINE","'Co","'97.96794891"
"'131","'LINE","'Ni","'99.77140808"
"'131","'LINE","'Cu","'99.43299103"
"'131","'LINE","'Zn","'99.49955750"
"'131","'LINE","'Ga","'99.80229950"
"'131","'LINE","'Ge","'99.89257813"
"'131","'LINE","'As","'99.91210938"
"'131","'LINE","'Se","'99.93083954"
"'131","'LINE","'Br","'99.84295654"
"'131","'LINE","'Kr","'99.96093750"
"'131","'LINE","'4s¹","'61.49872589"
"'131","'LINE","'4s²","'75.73022461"
"'131","'LINE","'4s²3d¹","'75.40437317"
"'131","'LINE","'4s²3d²","'71.42637634"
"'131","'LINE","'4s²3d³","'68.18399048"
"'131","'LINE","'4s¹3d⁵","'70.37767029"
"'131","'LINE","'4s²3d⁵","'55.24175262"
"'131","'LINE","'4s²3d⁶","'61.39429092"
"'131","'LINE","'4s²3d⁷","'76.90689087"
"'131","'LINE","'4s²3d⁸","'65.77547455"
"'131","'LINE","'4s¹3d¹⁰","'56.04691315"
"'131","'LINE","'4s²3d¹⁰","'61.06644821"
"'131","'LINE","'4s²4p¹","'86.81501007"
"'131","'LINE","'4s²4p²","'73.03173065"
"'131","'LINE","'4s²4p³","'80.96878815"
"'131","'LINE","'4s²4p⁴","'74.69128418"
"'131","'LINE","'4s²4p⁵","'70.82170868"
"'131","'LINE","'4s²4p⁶","'73.18239594"
"'131","'LINE","'37","'100.00000000"
"'131","'LINE","'38","'99.96093750"
"'131","'LINE","'39","'99.91210938"
"'131","'LINE","'40","'99.95117188"
"'131","'LINE","'41","'99.56314087"
"'131","'LINE","'42","'99.81365967"
"'131","'LINE","'43","'99.91131592"
"'131","'LINE","'44","'99.83159637"
"'131","'LINE","'45","'99.89257813"
"'131","'LINE","'46","'99.93164063"
"'131","'LINE","'47","'99.91210938"
"'131","'LINE","'48","'99.75585938"
"'131","'LINE","'49","'99.81445313"
"'131","'LINE","'50","'99.97070313"
"'131","'LINE","'51","'99.15397644"
"'131","'LINE","'52","'99.95117188"
"'131","'LINE","'53","'99.85192108"
"'131","'LINE","'54","'99.93083954"
"'131","'LINE","'5","'99.87224579"
"'131","'LINE","'Rb","'99.97070313"
"'131","'LINE","'Sr","'99.99023438"
"'131","'LINE","'Y","'99.89178467"
"'131","'LINE","'Zr","'99.56871796"
"'131","'LINE","'Nb","'99.08561707"
"'131","'LINE","'Mo","'97.30169678"
"'131","'LINE","'Tc","'90.71588135"
"'131","'LINE","'Ru","'99.85271454"
"'131","'LINE","'Rh","'99.88281250"
"'131","'LINE","'Pd","'99.76243591"
"'131","'LINE","'Ag","'99.84375000"
"'131","'LINE","'Cd","'99.20759583"
"'131","'LINE","'In","'99.85351563"
"'131","'LINE","'Sn","'99.93083954"
"'131","'LINE","'Sb","'99.85192108"
"'131","'LINE","'Te","'98.79682922"
"'131","'LINE","'I","'98.50366974"
"'131","'LINE","'Xe","'83.38986969"
"'131","'LINE","'5s¹","'86.05468750"
"'131","'LINE","'5s²","'87.32361603"
"'131","'LINE","'5s²4d¹","'67.87687683"
"'131","'LINE","'5s²4d²","'81.63006592"
"'131","'LINE","'5s'4d'","'38.31313705"
"'131","'LINE","'5s¹4d⁵","'68.23641205"
"'131","'LINE","'5s²4d⁵","'79.91868591"
"'131","'LINE","'5s'4d⁷","'70.84921265"
"'131","'LINE","'5s'4d⁸","'25.93211746"
"'131","'LINE","'4d¹⁰","'56.88396835"
"'131","'LINE","'5s¹4d¹⁰","'61.88396835"
"'131","'LINE","'5s²4d¹⁰","'81.59099579"
"'131","'LINE","'5s²5p¹","'63.91900635"
"'131","'LINE","'5s²5p²","'51.35223770"
"'131","'LINE","'5s²5p³","'69.72476959"
"'131","'LINE","'5s²5p⁴","'51.28966141"
"'131","'LINE","'5s²5p⁵","'38.69678497"
"'131","'LINE","'5s²5p⁶","'55.36969757"
"'131","'LINE","'55","'99.97070313"
"'131","'LINE","'56","'99.97070313"
"'131","'LINE","'57","'99.96093750"
"'131","'LINE","'72","'99.89178467"
"'131","'LINE","'73","'99.91131592"
"'131","'LINE","'74","'99.99023438"
"'131","'LINE","'75","'99.85271454"
"'131","'LINE","'76","'99.87304688"
"'131","'LINE","'77","'99.92187500"
"'131","'LINE","'78","'99.84375000"
"'131","'LINE","'79","'99.77458954"
"'131","'LINE","'80","'99.84295654"
"'131","'LINE","'81","'94.59203339"
"'131","'LINE","'82","'99.97070313"
"'131","'LINE","'83","'99.97070313"
"'131","'LINE","'84","'99.97070313"
"'131","'LINE","'85","'99.95117188"
"'131","'LINE","'86","'99.93164063"
"'131","'LINE","'6","'99.87145233"
"'131","'LINE","'Cs","'99.83159637"
"'131","'LINE","'Ba","'97.51972961"
"'131","'LINE","'La","'99.83318329"
"'131","'LINE","'Hf","'99.69407654"
"'131","'LINE","'Ta","'95.98792267"
"'131","'LINE","'W","'99.51829529"
"'131","'LINE","'Re","'99.95117188"
"'131","'LINE","'Os","'99.45571136"
"'131","'LINE","'Ir","'99.21636200"
"'131","'LINE","'Pt","'99.68431091"
"'131","'LINE","'Au","'99.83318329"
"'131","'LINE","'Hg","'99.73552704"
"'131","'LINE","'TI","'90.71169281"
"'131","'LINE","'Pb","'99.57369995"
"'131","'LINE","'Bi","'99.85271454"
"'131","'LINE","'Po","'98.67805481"
"'131","'LINE","'At","'99.91210938"
"'131","'LINE","'Rn","'99.89178467"
"'131","'LINE","'6s¹","'88.69998169"
"'131","'LINE","'6s²","'70.57098389"
"'131","'LINE","'6s²5d¹","'70.45938110"
"'131","'LINE","'6s²5d²","'82.40971375"
"'131","'LINE","'6s²5d³","'70.85120392"
"'131","'LINE","'6s²5d⁴","'79.70443726"
"'131","'LINE","'6s²5d⁵","'84.54858398"
"'131","'LINE","'6s²5d⁶","'76.95411682"
"'131","'LINE","'6s²5d⁷","'72.60104370"
"'131","'LINE","'6s¹5d⁹","'62.65087128"
"'131","'LINE","'6s¹5d¹⁰","'52.48704529"
"'131","'LINE","'6s²5d¹⁰","'76.17685699"
"'131","'LINE","'6s²6p¹","'73.44328308"
"'131","'LINE","'6s²6p²","'64.63568115"
"'131","'LINE","'6s²6p³","'80.32844543"
"'131","'LINE","'6s²6p⁴","'67.61320496"
"'131","'LINE","'6s²6p⁵","'63.77531433"
"'131","'LINE","'6s²6p⁶","'74.32418060"
"'131","'LINE","'87","'100.00000000"
"'131","'LINE","'88","'99.96093750"
"'131","'LINE","'89","'99.95117188"
"'131","'LINE","'104","'99.55336761"
"'131","'LINE","'105","'99.84295654"
"'131","'LINE","'106","'99.93164063"
"'131","'LINE","'107","'99.96093750"
"'131","'LINE","'108","'99.92187500"
"'131","'LINE","'109","'99.92187500"
"'131","'LINE","'110","'99.75347137"
"'131","'LINE","'III","'53.16804504"
"'131","'LINE","'112","'99.48580933"
"'131","'LINE","'(113)","'99.88201141"
"'131","'LINE","'114","'99.83159637"
"'131","'LINE","'(115)","'99.91131592"
"'131","'LINE","'116","'99.83238983"
"'131","'LINE","'(117)","'99.95117188"
"'131","'LINE","'(118)","'99.91131592"
"'131","'LINE","'7","'99.87145233"
"'131","'LINE","'Fr","'99.93083954"
"'131","'LINE","'Ra","'99.91131592"
"'131","'LINE","'Ac","'93.94292450"
"'131","'LINE","'Rf","'99.75426483"
"'131","'LINE","'Db","'99.91210938"
"'131","'LINE","'Sg","'99.96093750"
"'131","'LINE","'Bh","'99.89257813"
"'131","'LINE","'Hs","'99.37440491"
"'131","'LINE","'Mt","'99.76403046"
"'131","'LINE","'Ds","'99.03759003"
"'131","'LINE","'Rg","'99.84215546"
"'131","'LINE","'Cn","'99.49398041"
"'131","'LINE","'Nh","'99.83238983"
"'131","'LINE","'Fl","'62.36507416"
"'131","'LINE","'Mc","'97.76945496"
"'131","'LINE","'Lv","'96.46464539"
"'131","'LINE","'Ts","'99.26039886"
"'131","'LINE","'Og","'86.10271454"
"'131","'LINE","'7s¹","'78.71731567"
"'131","'LINE","'7s²","'89.45411682"
"'131","'LINE","'7s²6d¹","'61.01343155"
"'131","'LINE","'7s²6d²","'63.47895432"
"'131","'LINE","'7s26d3","'40.88628006"
"'131","'LINE","'7s²6d⁴","'56.21572113"
"'131","'LINE","'7s²6d⁵","'73.78985596"
"'131","'LINE","'7s²6d⁶","'55.51259613"
"'131","'LINE","'7s²6d⁷","'52.20563507"
"'131","'LINE","'7s26d$","'35.66944122"
"'131","'LINE","'7s26d9","'51.04372406"
"'131","'LINE","'7s²6d¹⁰","'59.57190323"
"'131","'LINE","'7s27p","'37.11774826"
"'131","'LINE","'7s²7p²","'45.29874802"
"'131","'LINE","'7s²7p³","'60.31409454"
"'131","'LINE","'7s²7p⁴","'50.14807510"
"'131","'LINE","'7s27p⁵","'43.11941910"
"'131","'LINE","'7s27p6","'40.05879211"
"'131","'LINE","'58","'99.92187500"
"'131","'LINE","'59","'99.97070313"
"'131","'LINE","'60","'99.95117188"
"'131","'LINE","'61","'99.80149841"
"'131","'LINE","'62","'99.97070313"
"'131","'LINE","'63","'99.97070313"
"'131","'LINE","'64","'99.96093750"
"'131","'LINE","'65","'99.97070313"
"'131","'LINE","'66","'99.97070313"
"'131","'LINE","'67","'99.99023438"
"'131","'LINE","'68","'99.95117188"
"'131","'LINE","'69","'99.95117188"
"'131","'LINE","'70","'99.96093750"
"'131","'LINE","'71","'99.88201141"
"'131","'LINE","'Ce","'99.88121796"
"'131","'LINE","'Pr","'99.92187500"
"'131","'LINE","'Nd","'99.77140808"
"'131","'LINE","'Pm","'99.92187500"
"'131","'LINE","'Sm","'99.99023438"
"'131","'LINE","'Eu","'99.92107391"
"'131","'LINE","'Gd","'99.80388641"
"'131","'LINE","'Tb","'99.79252625"
"'131","'LINE","'Dy","'99.88121796"
"'131","'LINE","'Ho","'63.72927475"
"'131","'LINE","'Er","'99.88201141"
"'131","'LINE","'Tm","'99.93164063"
"'131","'LINE","'Yb","'99.64604187"
"'131","'LINE","'Lu","'99.91131592"
"'131","'LINE","'6s²4f'5d'","'38.99374390"
"'131","'LINE","'6s²4f³","'24.63767624"
"'131","'LINE","'6s²4f⁴","'53.66051865"
"'131","'LINE","'6s²4f","'52.90438080"
"'131","'LINE","'6s²4f","'58.63281631"
"'131","'LINE","'6s²4f","'32.60762024"
"'131","'LINE","'6s²4f 5d","'24.15397835"
"'131","'LINE","'6s²4f","'36.35204315"
"'131","'LINE","'6s²4f¹⁰","'54.17410660"
"'131","'LINE","'6s²4f¹","'67.57274628"
"'131","'LINE","'6s²4f²","'60.34598541"
"'131","'LINE","'6s²4f³","'68.43012238"
"'131","'LINE","'6s²4f⁴","'35.50402451"
"'131","'LINE","'6s24f""5d""","'30.43467140"
"'131","'LINE","'90","'99.92187500"
"'131","'LINE","'91","'99.85271454"
"'131","'LINE","'92","'99.95117188"
"'131","'LINE","'93","'99.87145233"
"'131","'LINE","'94","'99.95117188"
"'131","'LINE","'95","'99.89257813"
"'131","'LINE","'96","'99.33593750"
"'131","'LINE","'97","'99.96093750"
"'131","'LINE","'98","'99.92187500"
"'131","'LINE","'99","'99.93164063"
"'131","'LINE","'100","'99.91131592"
"'131","'LINE","'101","'99.39472961"
"'131","'LINE","'102","'99.93083954"
"'131","'LINE","'103","'99.95117188"
"'131","'LINE","'Th","'99.73552704"
"'131","'LINE","'Pa","'98.56903839"
"'131","'LINE","'U","'98.27008820"
"'131","'LINE","'Np","'97.30089569"
"'131","'LINE","'Pu","'99.80229950"
"'131","'LINE","'Am","'99.97070313"
"'131","'LINE","'Cm","'99.15397644"
"'131","'LINE","'Bk","'99.15477753"
"'131","'LINE","'Cf","'99.65262604"
"'131","'LINE","'Es","'99.81285858"
"'131","'LINE","'Fm","'99.75186920"
"'131","'LINE","'Md","'99.88121796"
"'131","'LINE","'No","'99.83159637"
"'131","'LINE","'Lr","'99.71201324"
"'131","'LINE","'7s²6d²","'72.81468964"
"'131","'LINE","'7s²5f'6d","'30.53192711"
"'131","'LINE","'74'5f'6d'","'23.10965347"
"'131","'LINE","'7s²5f⁶","'49.38616180"
"'131","'LINE","'7s25f","'43.84147644"
"'131","'LINE","'7s²5f'6d","'23.60770035"
"'131","'LINE","'7s25t9","'29.96551895"
"'131","'LINE","'7s² 5fʳ⁰","'20.10363579"
"'131","'LINE","'7s25f12","'29.51391029"
"'131","'LINE","'7s25f3","'39.15278244"
"'131","'LINE","'7s25f4","'50.30373383"
"'131","'LINE","'7s25f46d","'24.63648033"
"'131","'LINE","'Figure 4.4 The ground-state electron configurations of the elements. For simplicity, only the","'99.90830994"
"'131","'LINE","'configurations of the outer electrons are shown.","'99.94908905"
"'132","'LINE","'Periodic Classification of Elements","'99.97274780"
"'132","'LINE","'4.4","'99.81445313"
"'132","'LINE","'The Major Trends in the Periodic Table","'99.86356354"
"'132","'LINE","'Learning competencies","'99.90035248"
"'132","'LINE","'At the end of this section, you should be able to describe the four major trends (atomic","'99.92635345"
"'132","'LINE","'size, ionization energy, electron affinity and electro negativity) in the periodic table.","'99.80001831"
"'132","'LINE","'In group discuss why:","'99.96034241"
"'132","'LINE","'a. All the elements of a group have similar chemical","'99.41998291"
"'132","'LINE","'properties.","'99.96014404"
"'132","'LINE","'b. All the elements of a period have different chemical","'99.75326538"
"'132","'LINE","'?","'86.61621094"
"'132","'LINE","'properties.","'99.92028046"
"'132","'LINE","'c. The atomic radii of three elements A, B and C of a","'90.90010834"
"'132","'LINE","'period of the periodic table are 186 pm, 104 pm","'99.49547577"
"'132","'LINE","'and 143 pm respectively. Giving a reason, arrange","'99.79305267"
"'132","'LINE","'these elements in the increasing order of atomic","'99.99389648"
"'132","'LINE","'Activity 4.4","'99.79492188"
"'132","'LINE","'numbers in the period.","'99.98271179"
"'132","'LINE","'Periodic trends are patterns in elements on the periodic table. Major trends are","'99.96363831"
"'132","'LINE","'electronegativity, ionization energy, electron affinity, atomic radius, and metallic","'99.75090027"
"'132","'LINE","'character. The existence of these trends is due to the similarity in atomic structure","'99.97739410"
"'132","'LINE","'of the elements in their groups or periods and because of the periodic nature of","'99.98693085"
"'132","'LINE","'elements.","'99.93083954"
"'132","'LINE","'As we have seen, the electron configurations of the elements show a periodic variation","'99.81393433"
"'132","'LINE","'with increasing atomic number. Consequently, there are also periodic variations in","'99.95851135"
"'132","'LINE","'physical and chemical behaviour. In this section and sections 4.5 and 4.6, we will","'99.96542358"
"'132","'LINE","'examine some physical properties of elements that are in the same group or period","'99.97117615"
"'132","'LINE","'and additional properties that influence the chemical behavior of the elements. First,","'99.97261047"
"'132","'LINE","'let's look at the concept of effective nuclear charge, which has a direct bearing on","'99.76262665"
"'132","'LINE","'atomic size and on the tendency for ionization.","'99.87065887"
"'132","'LINE","'4.4.1 Atomic radius","'99.94113922"
"'132","'LINE","'Form a group and perform the following task. Present","'99.85980225"
"'132","'LINE","'your findings to the class.","'99.96631622"
"'132","'LINE","'By referring Figure 4.6 discuss in group what you observe","'99.55283356"
"'132","'LINE","'on the trend in atomic radius and present your conclusion","'99.97135925"
"'132","'LINE","'for the class.","'99.99674225"
"'132","'LINE","'Activity 4.5","'99.81933594"
"'132","'LINE","'125","'99.55655670"
"'133","'LINE","'Chemistry Grade 9","'99.82421875"
"'133","'LINE","'For atoms linked together to form an extensive three-dimensional network, atomic","'99.96138763"
"'133","'LINE","'radius is simply one-half the distance between the nuclei in two neighbouring atoms","'99.96676636"
"'133","'LINE","'[Figure 4.5(a)]. For elements that exist as simple diatomic molecules, the atomic radius","'99.57786560"
"'133","'LINE","'is one-half the distance between the nuclei of the two atoms in a particular molecule","'99.85344696"
"'133","'LINE","'[Figure 4.5(b)].","'99.24525452"
"'133","'LINE","'(a)","'99.36383820"
"'133","'LINE","'(b)","'99.97070313"
"'133","'LINE","'Figure 4.5 (a) In metals such as beryllium, the atomic radius is defined as one-half the","'99.87012482"
"'133","'LINE","'distance between the centers of two adjacent atoms. (b) For elements that exist as","'99.94694519"
"'133","'LINE","'diatomic molecules, such as iodine, the radius of the atom is defined as one-half the","'99.92074585"
"'133","'LINE","'distance between the centers of the atoms in the molecule.","'99.96818542"
"'133","'LINE","'Figure 4.6 shows the atomic radii of many elements according to their positions in the","'99.97694397"
"'133","'LINE","'periodic table, and Figure 4.7 plots the atomic radii of these elements against their","'99.98017883"
"'133","'LINE","'atomic numbers. Periodic trends are clearly evident. In studying the trends, bear in","'99.96426392"
"'133","'LINE","'mind that the atomic radius is determined to a large extent by the strength of the","'99.92754364"
"'133","'LINE","'attraction between the nucleus and the outer-shell electrons.","'99.95423889"
"'133","'LINE","'Within a group of elements we find that atomic radius increases with increasing atomic","'99.64328766"
"'133","'LINE","'number. For the alkali metals in Group 1A, the outermost electron resides in the ns","'98.10662079"
"'133","'LINE","'orbital. Because orbital size increases with the increasing principal quantum number n,","'99.93891907"
"'133","'LINE","'the size of the metal atoms increases from Li to Cs even though the effective nuclear","'99.93252563"
"'133","'LINE","'charge also increases. We can apply the same reasoning to the elements in other","'99.97030640"
"'133","'LINE","'groups.","'99.97070313"
"'133","'LINE","'126","'99.42063904"
"'134","'LINE","'Periodic Classification of Elements","'99.94529724"
"'134","'LINE","'Increasing atomic radius","'99.98345947"
"'134","'LINE","'1A","'99.79412842"
"'134","'LINE","'2A","'99.89257813"
"'134","'LINE","'3A","'98.28762817"
"'134","'LINE","'4A","'99.88121796"
"'134","'LINE","'5A","'99.96093750"
"'134","'LINE","'6A","'99.97070313"
"'134","'LINE","'7A","'99.77300262"
"'134","'LINE","'8A","'99.95117188"
"'134","'LINE","'H","'96.26534271"
"'134","'LINE","'He","'81.91426086"
"'134","'LINE","'37","'99.97070313"
"'134","'LINE","'31","'99.97070313"
"'134","'LINE","'B","'62.44479370"
"'134","'LINE","'C","'88.94909668"
"'134","'LINE","'N","'99.89178467"
"'134","'LINE","'o","'70.32067108"
"'134","'LINE","'F","'99.89257813"
"'134","'LINE","'Ne","'99.91051483"
"'134","'LINE","'Increasing atomic radius","'99.12654114"
"'134","'LINE","'Li","'99.81445313"
"'134","'LINE","'Be","'99.69168091"
"'134","'LINE","'152","'99.99023438"
"'134","'LINE","'112","'99.97070313"
"'134","'LINE","'85","'99.99023438"
"'134","'LINE","'77","'100.00000000"
"'134","'LINE","'75","'99.99023438"
"'134","'LINE","'73","'99.99023438"
"'134","'LINE","'72","'100.00000000"
"'134","'LINE","'70","'99.99023438"
"'134","'LINE","'Na","'99.97070313"
"'134","'LINE","'Mg","'99.99023438"
"'134","'LINE","'AI","'81.63524628"
"'134","'LINE","'Si","'99.80149841"
"'134","'LINE","'P","'86.13042450"
"'134","'LINE","'S","'96.93399048"
"'134","'LINE","'CI","'95.24333954"
"'134","'LINE","'Ar","'98.81038666"
"'134","'LINE","'186","'100.00000000"
"'134","'LINE","'160","'100.00000000"
"'134","'LINE","'143","'99.99023438"
"'134","'LINE","'118","'99.97070313"
"'134","'LINE","'110","'99.99023438"
"'134","'LINE","'103","'100.00000000"
"'134","'LINE","'99","'99.91051483"
"'134","'LINE","'K","'77.45874786"
"'134","'LINE","'Ca","'97.37982178"
"'134","'LINE","'Ga","'99.93083954"
"'134","'LINE","'Ge","'99.96093750"
"'134","'LINE","'As","'99.92107391"
"'134","'LINE","'Se","'99.99023438"
"'134","'LINE","'Br","'99.76322937"
"'134","'LINE","'Kr","'99.65581512"
"'134","'LINE","'227","'100.00000000"
"'134","'LINE","'197","'100.00000000"
"'134","'LINE","'135","'100.00000000"
"'134","'LINE","'123","'100.00000000"
"'134","'LINE","'120","'100.00000000"
"'134","'LINE","'117","'100.00000000"
"'134","'LINE","'114","'100.00000000"
"'134","'LINE","'112","'99.97070313"
"'134","'LINE","'Rb","'99.96093750"
"'134","'LINE","'Sr","'99.97070313"
"'134","'LINE","'In","'99.60299683"
"'134","'LINE","'Sn","'99.99023438"
"'134","'LINE","'Sb","'99.95037079"
"'134","'LINE","'Te","'99.60219574"
"'134","'LINE","'I","'90.96719360"
"'134","'LINE","'Xe","'71.77037048"
"'134","'LINE","'248","'100.00000000"
"'134","'LINE","'215","'99.99023438"
"'134","'LINE","'166","'100.00000000"
"'134","'LINE","'140","'100.00000000"
"'134","'LINE","'141","'100.00000000"
"'134","'LINE","'143","'100.00000000"
"'134","'LINE","'133","'100.00000000"
"'134","'LINE","'131","'100.00000000"
"'134","'LINE","'Cs","'99.81126404"
"'134","'LINE","'Ba","'95.41693115"
"'134","'LINE","'TI","'99.73233795"
"'134","'LINE","'Pb","'99.68192291"
"'134","'LINE","'Bi","'99.89098358"
"'134","'LINE","'Po","'78.56684113"
"'134","'LINE","'At","'99.97070313"
"'134","'LINE","'Rn","'99.97070313"
"'134","'LINE","'265","'100.00000000"
"'134","'LINE","'222","'100.00000000"
"'134","'LINE","'171","'100.00000000"
"'134","'LINE","'175","'100.00000000"
"'134","'LINE","'155","'100.00000000"
"'134","'LINE","'164","'100.00000000"
"'134","'LINE","'142","'100.00000000"
"'134","'LINE","'140","'100.00000000"
"'134","'LINE","'Figure 4.6 Atomic radii (in picometers) of representative elements according to their","'99.94135284"
"'134","'LINE","'positions in the periodic table. Note that there is no general agreement on the size of","'99.95916748"
"'134","'LINE","'atomic radii. We focus only on the trends in atomic radii, not on their precise values.","'99.97402191"
"'134","'LINE","'Example 4.4","'99.96093750"
"'134","'LINE","'Referring to a periodic table, arrange the following atoms in order of increasing","'99.75119781"
"'134","'LINE","'atomic radius: P, Si, N.","'99.83402252"
"'134","'LINE","'Strategy What are the trends in atomic radii in a periodic group and in a particular","'99.62009430"
"'134","'LINE","'period? Which of the preceding elements are in the same group? In the same period?","'99.96762085"
"'134","'LINE","'Solution From Figure 4.6 we see that N and P are in the same group (Group VA).","'98.94487762"
"'134","'LINE","'Therefore, the radius of N is smaller than that of P (atomic radius increases as we","'98.96251678"
"'134","'LINE","'go down a group). Both Si and P are in the third period, and Si is to the left of P.","'98.43721008"
"'134","'LINE","'Therefore, the radius of P is smaller than that of Si (atomic radius decreases as we","'99.55222321"
"'134","'LINE","'move from left to right across a period). Thus, the order of increasing radius is N <","'99.33914185"
"'134","'LINE","'P < Si.","'95.64160919"
"'134","'LINE","'127","'99.10335541"
"'135","'LINE","'Chemistry Grade 9","'99.88906097"
"'135","'LINE","'300","'99.79412842"
"'135","'LINE","'Cs","'95.86675262"
"'135","'LINE","'250","'99.92107391"
"'135","'LINE","'Rb","'99.61674500"
"'135","'LINE","'K","'94.61914063"
"'135","'LINE","'200","'99.99023438"
"'135","'LINE","'Na","'99.60698700"
"'135","'LINE","'Atomic radius(pm)","'99.09468842"
"'135","'LINE","'Li","'97.30070496"
"'135","'LINE","'Po","'98.59215546"
"'135","'LINE","'150","'99.89257813"
"'135","'LINE","'Br","'99.05273438"
"'135","'LINE","'100","'99.87224579"
"'135","'LINE","'CI","'85.26467133"
"'135","'LINE","'F","'94.84215546"
"'135","'LINE","'50","'99.68750000"
"'135","'LINE","'0","'98.39365387"
"'135","'LINE","'10","'99.84375000"
"'135","'LINE","'20","'99.87145233"
"'135","'LINE","'30","'99.92187500"
"'135","'LINE","'40","'99.92187500"
"'135","'LINE","'50","'99.96093750"
"'135","'LINE","'60","'99.87304688"
"'135","'LINE","'70","'99.93164063"
"'135","'LINE","'80","'99.88201141"
"'135","'LINE","'90","'99.72656250"
"'135","'LINE","'Atomic number","'100.00000000"
"'135","'LINE","'Figure 4.7 Plot of atomic radii (in picometers) of elements against their atomic numbers.","'99.93212128"
"'135","'LINE","'<<<<<<<<<<<>","'20.38683891"
"'135","'LINE","'Exercise 4.3","'99.96093750"
"'135","'LINE","'Arrange the following atoms in order of decreasing radius: C, Li, Be and give","'98.28183746"
"'135","'LINE","'explanation to your arrangement","'99.97274780"
"'135","'LINE","'4.4.2 Ionization Energy","'87.72998810"
"'135","'LINE","'?","'96.74804688"
"'135","'LINE","'Form a group and perform the following task. Present","'99.84091187"
"'135","'LINE","'your findings to the class.","'99.99007416"
"'135","'LINE","'By Referring Table 4.6 and 4.7 discuss in group what","'99.91246796"
"'135","'LINE","'you observe on the trend in lonization energy and","'98.50656891"
"'135","'LINE","'Activity 4.6","'99.92187500"
"'135","'LINE","'present your conclusion for the class.","'99.97843933"
"'135","'LINE","'lonization energy is the quantity of energy that an isolated, gaseous atom in the","'99.52539825"
"'135","'LINE","'ground electronic state must absorb to discharge an electron, resulting in a cation.","'99.80963898"
"'135","'LINE","'H(g)","'99.41167450"
"'135","'LINE","'H⁺(g) + e","'83.19235992"
"'135","'LINE","'(1)","'99.05712128"
"'135","'LINE","'This energy is usually expressed in kJ/mol, or the amount of energy it takes for all the","'99.90647888"
"'135","'LINE","'atoms in a mole to lose one electron each.","'99.75260162"
"'135","'LINE","'128","'99.36443329"
"'136","'LINE","'Periodic Classification of Elements","'99.97030640"
"'136","'LINE","'When considering an initially neutral atom, expelling the first electron will require","'99.96861267"
"'136","'LINE","'less energy than expelling the second, the second will require less energy than the","'99.99720764"
"'136","'LINE","'third, and so on. Each successive electron requires more energy to be released. This is","'99.12757874"
"'136","'LINE","'because after the first electron is lost, the overall charge of the atom becomes positive,","'99.97960663"
"'136","'LINE","'and the negative forces of the electron will be attracted to the positive charge of the","'99.98027039"
"'136","'LINE","'newly formed ion. The more electrons that are lost, the more positive this ion will be,","'99.95692444"
"'136","'LINE","'the harder it is to separate the electrons from the atom.","'99.98128510"
"'136","'LINE","'In general, the further away an electron is from the nucleus, the easier it is for it to be","'99.94865417"
"'136","'LINE","'expelled. In other words, ionization energy is a function of atomic radius; the larger","'99.71434784"
"'136","'LINE","'the radius, the smaller the amount of energy required to remove the electron from the","'99.98361969"
"'136","'LINE","'outer most orbital. For example, it would be far easier to take electrons away from","'99.97765350"
"'136","'LINE","'the larger element of Ca (Calcium) than it would be from one where the electrons are","'99.68706512"
"'136","'LINE","'held tighter to the nucleus, like CI (Chlorine).","'99.43351746"
"'136","'LINE","'Since going from right to left on the periodic table, the atomic radius increases, and","'99.96962738"
"'136","'LINE","'the ionization energy increases from left to right in the periods and up the groups.","'99.82613373"
"'136","'LINE","'Exceptions to this trend is observed for alkaline earth metals (Group IIA) and nitrogen","'99.78558350"
"'136","'LINE","'group elements (Group VA). Typically, Group IIA elements have ionization energy","'99.72748566"
"'136","'LINE","'greater than Group IIIA elements and group VA elements have greater ionization","'99.77921295"
"'136","'LINE","'energy than group VIA elements. Groups IIA and VA have completely and half-","'99.85533142"
"'136","'LINE","'filled electronic configuration respectively, thus, it requires more energy to remove an","'99.93748474"
"'136","'LINE","'electron from completely filled orbitals than incompletely filled orbitals. Figure 4.8","'99.98017883"
"'136","'LINE","'shows the trend of ionization energy on atomic number for period II elements.","'96.86357880"
"'136","'LINE","'Ne","'99.87065887"
"'136","'LINE","'lonization Energy","'80.16033936"
"'136","'LINE","'N","'99.87224579"
"'136","'LINE","'F","'99.87304688"
"'136","'LINE","'Be","'99.87145233"
"'136","'LINE","'O","'58.21348953"
"'136","'LINE","'C","'58.59634399"
"'136","'LINE","'B","'70.93490601"
"'136","'LINE","'Li","'98.11942291"
"'136","'LINE","'Atomic Number","'99.97070313"
"'136","'LINE","'general trend","'89.61046600"
"'136","'LINE","'Figure 4.8 Trend of ionization energy in kJ/mol of period 2 elements.","'99.79889679"
"'136","'LINE","'129","'99.57848358"
"'137","'LINE","'Chemistry Grade 9","'99.81119537"
"'137","'LINE","'++++++++++++","'18.90266228"
"'137","'LINE","'Exercise 4.4","'99.85839844"
"'137","'LINE","'Rank each set of the following elements in order of decreasing ionization","'99.98114777"
"'137","'LINE","'energy and explain the trend in ionization energy of the elements down a","'99.75424957"
"'137","'LINE","'group.","'99.97070313"
"'137","'LINE","'a.","'95.31011200"
"'137","'LINE","'Ca, Sr, Mg, Be","'98.41393280"
"'137","'LINE","'b.","'99.88201141"
"'137","'LINE","'K, Li, Rb, Na","'96.69907379"
"'137","'LINE","'c.","'75.36093140"
"'137","'LINE","'CI, F, I, Br","'87.93661499"
"'137","'LINE","'Alkali metals (Group IA) have small ionization energies, especially when compared to","'99.76802063"
"'137","'LINE","'halogens or Group VIIIA (see Table 4.6). In addition to the radius (distance between","'99.89894104"
"'137","'LINE","'nucleus and the electrons in outermost orbital), the number of electrons between the","'99.94505310"
"'137","'LINE","'nucleus and the electron(s) you're looking at in the outermost shell have an effect on","'99.93550873"
"'137","'LINE","'the ionization energy as well. This effect, where the full positive charge of the nucleus","'99.87548065"
"'137","'LINE","'is not felt by outer electrons due to the negative charges of inner electrons partially","'99.97900391"
"'137","'LINE","'canceling out the positive charge, is called shielding. The more electrons shielding the","'99.95043945"
"'137","'LINE","'outer electron shell from the nucleus, the less energy required to expel an electron","'99.96751404"
"'137","'LINE","'from said atom. The higher the shielding effect the lower the ionization energy (see","'99.85572052"
"'137","'LINE","'Table 4.7). It is because of the shielding effect that the ionization energy decreases","'99.83490753"
"'137","'LINE","'from top to bottom within a group. From this trend, Cesium is said to have the lowest","'99.71996307"
"'137","'LINE","'ionization energy and Fluorine is said to have the highest ionization energy (with the","'99.80539703"
"'137","'LINE","'exception of Helium and Neon).","'99.97444916"
"'137","'LINE","'Table 4.6 showing the increasing trend of ionization energy in kJ/mol (exception in","'99.67390442"
"'137","'LINE","'case of Boron) from left to right in the periodic table","'99.94252777"
"'137","'LINE","'Li","'99.49716949"
"'137","'LINE","'Be","'99.73154449"
"'137","'LINE","'B","'94.34151459"
"'137","'LINE","'c","'48.94292068"
"'137","'LINE","'N","'99.83238983"
"'137","'LINE","'o","'73.77571106"
"'137","'LINE","'F","'99.76403046"
"'137","'LINE","'520","'99.95117188"
"'137","'LINE","'899","'99.93164063"
"'137","'LINE","'800","'99.97070313"
"'137","'LINE","'1086","'99.96093750"
"'137","'LINE","'1402","'99.55655670"
"'137","'LINE","'1314","'99.68750000"
"'137","'LINE","'1680","'99.87304688"
"'137","'LINE","'Table 4.7 showing decreasing trend of ionization energies (kJ/mol) from top to bottom","'99.64060211"
"'137","'LINE","'(Cs is the exception in the first group)","'99.75837708"
"'137","'LINE","'Element","'99.91051483"
"'137","'LINE","'Li","'99.56552887"
"'137","'LINE","'Na","'99.89098358"
"'137","'LINE","'K","'56.24940491"
"'137","'LINE","'Rb","'99.97070313"
"'137","'LINE","'Cs","'98.84487152"
"'137","'LINE","'Fr","'99.89178467"
"'137","'LINE","'lonization","'94.02104950"
"'137","'LINE","'520","'99.97070313"
"'137","'LINE","'496","'99.95117188"
"'137","'LINE","'419","'99.79492188"
"'137","'LINE","'408","'99.99023438"
"'137","'LINE","'376","'99.95117188"
"'137","'LINE","'396","'99.97070313"
"'137","'LINE","'energy","'99.97070313"
"'137","'LINE","'Example 4.5","'99.92675781"
"'137","'LINE","'(a) Which atom should have a smaller first ionization energy: oxygen or sulfur?","'99.67152405"
"'137","'LINE","'(b) Which atom should have a higher second ionization energy: lithium or beryllium?","'99.65475464"
"'137","'LINE","'Strategy (a) First ionization energy decreases as we go down a group because the","'99.74042511"
"'137","'LINE","'outermost electron is farther away from the nucleus and feels less attraction. (b)","'99.93122864"
"'137","'LINE","'Removal of the outermost electron requires less energy if it is shielded by a filled","'99.78625488"
"'137","'LINE","'inner shell.","'99.95565796"
"'137","'LINE","'130","'99.45153046"
"'138","'LINE","'Periodic Classification of Elements","'99.95545959"
"'138","'LINE","'Solution (a) Oxygen and sulfur are members of Group VIA. They have the same","'99.91939545"
"'138","'LINE","'valence electron configuration (ns²np⁴), but the 3p electron in sulfur is farther from the","'97.48416901"
"'138","'LINE","'nucleus and experiences less nuclear attraction than the 2p electron in oxygen. Thus,","'99.72428894"
"'138","'LINE","'we predict that sulfur should have a smaller first ionization energy.","'99.62298584"
"'138","'LINE","'(b) The electron configurations of Li and Be are 1s²2s¹ and 1s²2s², respectively. The","'93.46197510"
"'138","'LINE","'second ionization energy is the minimum energy required to remove an electron from","'99.89768219"
"'138","'LINE","'a gaseous unipositive ion in its ground state. For the second ionization process we write","'99.77198792"
"'138","'LINE","'Li+(g)","'68.11224365"
"'138","'LINE","'Li²⁺(g) + e-","'74.07518768"
"'138","'LINE","'1s2","'61.54715347"
"'138","'LINE","'1s¹","'74.66338348"
"'138","'LINE","'Be⁺(g)","'73.84436798"
"'138","'LINE","'Be²⁺(g) + e-","'75.77238464"
"'138","'LINE","'1s22s¹","'36.85885620"
"'138","'LINE","'1s2","'63.04687119"
"'138","'LINE","'Because 1s electrons shield 2s electrons much more effectively than they shield each","'97.08966064"
"'138","'LINE","'other, we predict that it should be easier to remove a 2s electron from Be⁺ than to","'98.08143616"
"'138","'LINE","'remove a 1s electron from Li+","'89.32796478"
"'138","'LINE","'<<<<<<<<<<<>","'16.01901436"
"'138","'LINE","'Exercise 4.5","'99.86816406"
"'138","'LINE","'a. Which of the following atoms should have a larger first ionization energy:","'99.52441406"
"'138","'LINE","'N or P?","'91.76392365"
"'138","'LINE","'b. Which of the following atoms should have a smaller second ionization","'99.78726196"
"'138","'LINE","'energy: Na or Mg?","'99.76712036"
"'138","'LINE","'4.4.3 Electron Affinity","'99.91510010"
"'138","'LINE","'Electron affinity is defined as the change in energy (in kJ/mole) of a neutral atom (in","'99.74127197"
"'138","'LINE","'the gaseous phase) when an electron is added to the atom to form a negative ion. In","'99.85126495"
"'138","'LINE","'other words, the neutral atom's likelihood of gaining an electron.","'99.93752289"
"'138","'LINE","'?","'90.14648438"
"'138","'LINE","'Form a group and perform the following task. Present","'99.79364014"
"'138","'LINE","'your findings to the class.","'99.96842957"
"'138","'LINE","'By Referring Figure 4.9 discuss in group what you","'99.46102905"
"'138","'LINE","'observe on the trend in electron affinity and present","'99.96808624"
"'138","'LINE","'Activity 4.7","'99.71191406"
"'138","'LINE","'your conclusion for the class.","'99.96826935"
"'138","'LINE","'Energy of an atom is defined when the atom loses or gains energy through chemical","'99.97520447"
"'138","'LINE","'reactions that cause the loss or gain of electrons. A chemical reaction that releases","'98.40020752"
"'138","'LINE","'energy is called an exothermic reaction and a chemical reaction that absorbs energy","'99.91257477"
"'138","'LINE","'is called an endothermic reaction. Energy from an exothermic reaction is negative,","'99.95070648"
"'138","'LINE","'131","'99.71600342"
"'139","'LINE","'Chemistry Grade 9","'99.75911713"
"'139","'LINE","'thus energy is given a negative sign; whereas, energy from an endothermic reaction","'99.84805298"
"'139","'LINE","'is positive and energy is given a positive sign. An example that demonstrates both","'99.79569244"
"'139","'LINE","'processes is when a person drops a book. When he or she lifts a book, he or she gives","'99.59624481"
"'139","'LINE","'potential energy to the book (energy absorbed). However, once the he or she drops","'99.96768188"
"'139","'LINE","'the book, the potential energy converts itself to kinetic energy and comes in the form","'99.97499847"
"'139","'LINE","'of sound once it hits the ground (energy released).","'99.97612762"
"'139","'LINE","'When an electron is added to a neutral atom (i.e., first electron affinity) energy","'99.70178986"
"'139","'LINE","'is released; thus, the first electron affinities are negative. However, more energy is","'99.93760681"
"'139","'LINE","'required to add an electron to a negative ion (i.e., second electron affinity) which","'99.79603577"
"'139","'LINE","'overwhelms any the release of energy from the electron attachment process and","'99.96121979"
"'139","'LINE","'hence, second electron affinities are positive.","'99.90563202"
"'139","'LINE","'First Electron Affinity (negative energy because energy released):","'99.82337189"
"'139","'LINE","'X(g) + e X⁻ (g)","'87.36121368"
"'139","'LINE","'(1)","'98.87815094"
"'139","'LINE","'Second Electron Affinity (positive energy because energy needed is more than","'99.96863556"
"'139","'LINE","'gained):","'99.88201141"
"'139","'LINE","'X⁻(g) + X²⁻(g)","'82.53896332"
"'139","'LINE","'(2)","'99.87145233"
"'139","'LINE","'lonization energies are always concerned with the formation of positive ions. Electron","'99.43978882"
"'139","'LINE","'affinities are the negative ion equivalent, and their use is almost always confined to","'99.85472870"
"'139","'LINE","'elements in Groups VI and VII of the Periodic Table. The first electron affinity is the","'99.95301056"
"'139","'LINE","'energy released when 1 mole of gaseous atoms each acquire an electron to form 1","'99.78077698"
"'139","'LINE","'mole of gaseous 1 ions. It is the energy released (per mole of X) when this change","'99.08262634"
"'139","'LINE","'happens. First electron affinities have negative values. For example, the first electron","'99.93457794"
"'139","'LINE","'affinity of chlorine is -349 kJ mol⁻¹. By convention, the negative sign shows a release","'98.95948792"
"'139","'LINE","'of energy.","'99.96054077"
"'139","'LINE","'When an electron is added to a metal element, energy is needed to gain that electron","'99.79829407"
"'139","'LINE","'(endothermic reaction). Metals have a less likely chance to gain electrons because it is","'99.92183685"
"'139","'LINE","'easier to lose their valance electrons and form cations. It is easier to lose their valence","'99.94376373"
"'139","'LINE","'electrons because metals' nuclei do not have a strong pull on their valence electrons.","'99.83456421"
"'139","'LINE","'Thus, metals are known to have lower electron affinities.","'99.90608978"
"'139","'LINE","'Example 4.6 Group IA Electron Affinities","'99.89301300"
"'139","'LINE","'This trend of lower electron affinities for metals is described by the Group I metals:","'98.79819489"
"'139","'LINE","'Lithium (Li): -60 KJ mol⁻¹","'96.63105774"
"'139","'LINE","'Sodium (Na): -53 KJ mol⁻¹","'96.67370605"
"'139","'LINE","'Potassium (K): -48 KJ mol⁻¹","'95.79440308"
"'139","'LINE","'Rubidium (Rb): -47 KJ mol⁻¹","'96.35921478"
"'139","'LINE","'Cesium (Cs): -45 KJ mol⁻¹","'96.70144653"
"'139","'LINE","'Notice that electron affinity decreases down the group.","'99.95658112"
"'139","'LINE","'132","'99.87304688"
"'140","'LINE","'Periodic Classification of Elements","'99.95057678"
"'140","'LINE","'When nonmetals gain electrons, the energy change is usually negative because they","'99.91546631"
"'140","'LINE","'give off energy to form an anion (exothermic process); thus, the electron affinity will","'99.93276978"
"'140","'LINE","'be negative. Nonmetals have a greater electron affinity than metals because of their","'99.84944153"
"'140","'LINE","'atomic structures: first, nonmetals have more valence electrons than metals do, thus it","'99.91057587"
"'140","'LINE","'is easier for the nonmetals to gain electrons to fulfill a stable octet and secondly, the","'99.82361603"
"'140","'LINE","'valence electron shell is closer to the nucleus, thus it is harder to remove an electron and","'99.95610809"
"'140","'LINE","'it easier to attract electrons from other elements (especially metals). Thus, nonmetals","'99.89736176"
"'140","'LINE","'have a higher electron affinity than metals, meaning they are more likely to gain","'99.89022827"
"'140","'LINE","'electrons than atoms with a lower electron affinity.","'99.75025940"
"'140","'LINE","'Example 4.7 Group VIIA Electron Affinities","'99.87998962"
"'140","'LINE","'For example, nonmetals like the elements in the halogens series in Group VIIA have a","'99.88854218"
"'140","'LINE","'higher electron affinity than the metals. This trend is described as below. Notice the","'99.96181488"
"'140","'LINE","'negative sign for the electron affinity which shows that energy is released.","'99.96779633"
"'140","'LINE","'Fluorine (F) -328 kJ mol⁻¹","'97.40625000"
"'140","'LINE","'Chlorine (CI) -349 kJ mol⁻¹","'97.50102997"
"'140","'LINE","'Bromine (Br) -324 kJ mol⁻¹","'96.50717163"
"'140","'LINE","'lodine (I) -295 kJ mol⁻¹","'95.94076538"
"'140","'LINE","'Notice that electron affinity decreases down the group, but increases across the","'99.96698761"
"'140","'LINE","'period from left to right. But you can observe there is irregularity in electron affinity","'99.73794556"
"'140","'LINE","'of fluorine and chlorine. Why is electron affinity of fluorine less than that of chlorine?","'99.92385864"
"'140","'LINE","'Solution: Electron affinity of fluorine is less than that of chlorine. This is due to the","'99.95611572"
"'140","'LINE","'reason explained below:","'99.97721100"
"'140","'LINE","'Fluorine has five electrons in 2p-subshell whereas chlorine has five electrons in its","'99.95431519"
"'140","'LINE","'3p-subshell. 3p-subshell is relatively larger than 2p-subshell. Therefore, repulsion","'99.87227631"
"'140","'LINE","'among the electrons will be more in the 2p-shell of fluorine than 3p-subshell in chlorine.","'99.92780304"
"'140","'LINE","'Due to the smaller size and thus, the greater electron-electron repulsions, fluorine will","'99.94541931"
"'140","'LINE","'not accept an incoming electron with the same as chlorine. As a result, a lesser amount","'99.78298950"
"'140","'LINE","'of energy is released when one electron is added into the 2p-subshell of F (g) to form","'99.90660858"
"'140","'LINE","'F⁻ (g) ion.","'97.78765106"
"'140","'LINE","'++++++++++++","'19.06788063"
"'140","'LINE","'Exercise 4.6","'99.79492188"
"'140","'LINE","'1. Why does the electron affinity of CI is higher than that of F?","'99.20330811"
"'140","'LINE","'2. Explain why noble gases have extremely low (almost zero) electron affinities?","'99.87226868"
"'140","'LINE","'3. Explain why halogens have the highest electron affinities?","'99.93166351"
"'140","'LINE","'133","'99.36443329"
"'141","'LINE","'Chemistry Grade 9","'99.90560150"
"'141","'LINE","'As the name suggests, electron affinity is the ability of an atom to accept an electron.","'99.96221924"
"'141","'LINE","'Unlike electronegativity, electron affinity is a quantitative measurement of the energy","'99.78294373"
"'141","'LINE","'change that occurs when an electron is added to a neutral gas atom. The more negative","'99.85041809"
"'141","'LINE","'the electron affinity value, the higher an atom's affinity for electrons. Figure 4.9 shows","'99.94392395"
"'141","'LINE","'the electron affinity trend.","'99.92781067"
"'141","'LINE","'Table 4.8 Showing the increasing trend of electron affinities in kJ/mol (exception in","'99.83723450"
"'141","'LINE","'case of Beryllium and nitrogen) from left to right in the periodic table.","'99.91475677"
"'141","'LINE","'Element","'99.99023438"
"'141","'LINE","'Li","'99.63388824"
"'141","'LINE","'Be","'99.81126404"
"'141","'LINE","'B","'95.29735565"
"'141","'LINE","'c","'48.65134811"
"'141","'LINE","'N","'99.96093750"
"'141","'LINE","'o","'79.04555511"
"'141","'LINE","'F","'99.85271454"
"'141","'LINE","'Electron Affinity","'99.93083954"
"'141","'LINE","'-60","'99.89257813"
"'141","'LINE","'0","'55.17856979"
"'141","'LINE","'-27","'99.63707733"
"'141","'LINE","'-122","'99.29528046"
"'141","'LINE","'0","'58.45722961"
"'141","'LINE","'-141","'98.92757416"
"'141","'LINE","'-328","'99.91210938"
"'141","'LINE","'Table 4.9 Showing decreasing trend of Electron affinities (kJ/mol) from top to bottom","'99.87139130"
"'141","'LINE","'Element","'99.92028046"
"'141","'LINE","'Li","'99.61435699"
"'141","'LINE","'Na","'99.92028046"
"'141","'LINE","'K","'86.82099152"
"'141","'LINE","'Rb","'99.99023438"
"'141","'LINE","'Cs","'99.07346344"
"'141","'LINE","'Electron Affinity","'99.97030640"
"'141","'LINE","'-60","'99.76562500"
"'141","'LINE","'-53","'99.93164063"
"'141","'LINE","'-48","'99.65820313"
"'141","'LINE","'-47","'99.89257813"
"'141","'LINE","'-45","'98.77929688"
"'141","'LINE","'134","'99.36443329"
"'142","'LINE","'Periodic Classification of Elements","'99.85047913"
"'142","'LINE","'Increasing Electron Affinity","'99.82289124"
"'142","'LINE","'2","'99.18466949"
"'142","'LINE","'He","'92.83163452"
"'142","'LINE","'Helsum","'28.03890419"
"'142","'LINE","'4.009","'37.09363174"
"'142","'LINE","'10","'99.51271057"
"'142","'LINE","'Ne","'83.85742188"
"'142","'LINE","'New","'62.30488586"
"'142","'LINE","'20.18","'73.86260986"
"'142","'LINE","'18","'99.64285278"
"'142","'LINE","'Ar","'99.40608978"
"'142","'LINE","'Argon","'76.95372009"
"'142","'LINE","'39.95","'93.94451141"
"'142","'LINE","'36","'99.68271637"
"'142","'LINE","'Kr","'99.35408020"
"'142","'LINE","'Krypton","'53.93514633"
"'142","'LINE","'83.80","'95.66744995"
"'142","'LINE","'54","'99.91131592"
"'142","'LINE","'Xe","'95.98134613"
"'142","'LINE","'Xenon","'76.15652466"
"'142","'LINE","'131.30","'81.21870422"
"'142","'LINE","'86","'98.40641022"
"'142","'LINE","'Rn","'94.62950134"
"'142","'LINE","'Radon","'50.33641434"
"'142","'LINE","'(zzz)","'77.13747406"
"'142","'LINE","'118","'99.88121796"
"'142","'LINE","'0g","'49.58306885"
"'142","'LINE","'oganesson","'39.58167267"
"'142","'LINE","'linkown","'31.38612175"
"'142","'LINE","'6","'99.52069092"
"'142","'LINE","'F","'99.69567108"
"'142","'LINE","'Fluorine","'69.54878235"
"'142","'LINE","'18.998","'82.29332733"
"'142","'LINE","'17","'97.14225769"
"'142","'LINE","'a","'93.61666870"
"'142","'LINE","'Chlorine","'95.16960144"
"'142","'LINE","'35.45","'92.95699310"
"'142","'LINE","'35","'99.88121796"
"'142","'LINE","'Br","'99.79252625"
"'142","'LINE","'Boomine","'62.48465347"
"'142","'LINE","'79.90","'95.52754211"
"'142","'LINE","'53","'99.49398041"
"'142","'LINE","'-","'92.96715546"
"'142","'LINE","'lodine","'78.40979767"
"'142","'LINE","'126.90","'88.84088135"
"'142","'LINE","'85","'99.89178467"
"'142","'LINE","'At","'99.93164063"
"'142","'LINE","'Astatine","'73.61528015"
"'142","'LINE","'(ND","'26.47979355"
"'142","'LINE","'117","'90.59391022"
"'142","'LINE","'Ts","'95.61862183"
"'142","'LINE","'Tennessine","'56.12005615"
"'142","'LINE","'Unknown","'88.08434296"
"'142","'LINE","'8","'99.26677704"
"'142","'LINE","'0","'98.07776642"
"'142","'LINE","'Oxygen","'71.37177277"
"'142","'LINE","'15.999","'75.45041656"
"'142","'LINE","'16","'99.52248383"
"'142","'LINE","'S","'94.31301880"
"'142","'LINE","'Sulfur","'78.46839142"
"'142","'LINE","'32.06","'87.15621185"
"'142","'LINE","'34","'99.80309296"
"'142","'LINE","'Se","'99.69567108"
"'142","'LINE","'Selenium","'57.08685684"
"'142","'LINE","'78.96","'85.93032074"
"'142","'LINE","'52","'99.61355591"
"'142","'LINE","'Te","'99.04895020"
"'142","'LINE","'Telluriam","'51.39588547"
"'142","'LINE","'127.60","'95.26466370"
"'142","'LINE","'15","'48.59315109"
"'142","'LINE","'Po","'98.83589935"
"'142","'LINE","'Polonium","'63.45025253"
"'142","'LINE","'(602)","'40.70950317"
"'142","'LINE","'116","'99.93083954"
"'142","'LINE","'Lv","'96.64441681"
"'142","'LINE","'Livemin","'27.76008606"
"'142","'LINE","'18621","'30.54707336"
"'142","'LINE","'7","'79.94638824"
"'142","'LINE","'N","'99.39951324"
"'142","'LINE","'Nitrogen","'87.95340729"
"'142","'LINE","'WH","'40.28439713"
"'142","'LINE","'15","'99.60219574"
"'142","'LINE","'P","'96.94036865"
"'142","'LINE","'Phosphons","'70.82430267"
"'142","'LINE","'L606","'29.40190506"
"'142","'LINE","'33","'99.00510406"
"'142","'LINE","'As","'99.91131592"
"'142","'LINE","'Asene","'41.54894638"
"'142","'LINE","'74.92","'92.50797272"
"'142","'LINE","'51","'97.57991791"
"'142","'LINE","'Sb","'99.71360779"
"'142","'LINE","'Antimony","'54.54241180"
"'142","'LINE","'121.75","'94.37320709"
"'142","'LINE","'83","'99.72177887"
"'142","'LINE","'Bi","'99.63309479"
"'142","'LINE","'Bismoth","'60.35255814"
"'142","'LINE","'208.98","'92.09881592"
"'142","'LINE","'115","'99.84135437"
"'142","'LINE","'Mc","'93.47516632"
"'142","'LINE","'Moserviam","'49.65023041"
"'142","'LINE","'unknown","'85.82688904"
"'142","'LINE","'6","'99.64684296"
"'142","'LINE","'C","'83.94790649"
"'142","'LINE","'Carbon","'96.05468750"
"'142","'LINE","'12.00","'41.93578720"
"'142","'LINE","'14","'99.65421295"
"'142","'LINE","'5","'51.90509415"
"'142","'LINE","'Silicon","'66.16071320"
"'142","'LINE","'608Z","'72.30966949"
"'142","'LINE","'32","'99.84215546"
"'142","'LINE","'Ge","'61.89652634"
"'142","'LINE","'Germanium","'65.94228363"
"'142","'LINE","'72.59","'89.18905640"
"'142","'LINE","'50","'99.85112762"
"'142","'LINE","'Sn","'74.12208557"
"'142","'LINE","'In","'70.46715546"
"'142","'LINE","'118.69","'98.25833130"
"'142","'LINE","'82","'99.88201141"
"'142","'LINE","'Pb","'97.28057098"
"'142","'LINE","'Lead","'99.09458923"
"'142","'LINE","'207.19","'91.44312286"
"'142","'LINE","'tll","'62.29432297"
"'142","'LINE","'Fl","'55.42171478"
"'142","'LINE","'Fleswium","'33.82672882"
"'142","'LINE","'[289]","'77.23433685"
"'142","'LINE","'5","'99.45072937"
"'142","'LINE","'B","'60.54288864"
"'142","'LINE","'Borna","'48.99055481"
"'142","'LINE","'10.81","'95.77806091"
"'142","'LINE","'13","'70.66485596"
"'142","'LINE","'Al","'69.62850952"
"'142","'LINE","'Aluminu","'70.27841949"
"'142","'LINE","'#","'80.34837341"
"'142","'LINE","'26.98","'86.64859772"
"'142","'LINE","'31","'95.77646637"
"'142","'LINE","'Ga","'99.79332733"
"'142","'LINE","'Gallum","'49.99182892"
"'142","'LINE","'69.72","'95.77646637"
"'142","'LINE","'49","'99.69248199"
"'142","'LINE","'In","'99.80388641"
"'142","'LINE","'Indum","'64.00171661"
"'142","'LINE","'114.82","'90.47433472"
"'142","'LINE","'81","'98.57640839"
"'142","'LINE","'TI","'58.12081528"
"'142","'LINE","'Thallum","'50.51737976"
"'142","'LINE","'204.37","'96.34586334"
"'142","'LINE","'113","'99.60219574"
"'142","'LINE","'№","'66.41123199"
"'142","'LINE","'unknown","'50.54826736"
"'142","'LINE","'0E","'48.63141632"
"'142","'LINE","'Za","'89.60718536"
"'142","'LINE","'Inc","'74.44176483"
"'142","'LINE","'65.37","'80.93810272"
"'142","'LINE","'48","'99.91131592"
"'142","'LINE","'Cd","'99.33454132"
"'142","'LINE","'Cadmium","'78.44886017"
"'142","'LINE","'11247","'66.69024658"
"'142","'LINE","'05","'52.41848755"
"'142","'LINE","'Hg","'99.69567108"
"'142","'LINE","'Mercury","'63.45025253"
"'142","'LINE","'200.59","'89.62910461"
"'142","'LINE","'112","'99.28332520"
"'142","'LINE","'Cn","'77.29452515"
"'142","'LINE","'Copernicium","'59.89457321"
"'142","'LINE","'Luzl","'29.70125008"
"'142","'LINE","'29","'99.63229370"
"'142","'LINE","'Cu","'93.23680115"
"'142","'LINE","'Copper","'98.45683289"
"'142","'LINE","'6355","'69.26976776"
"'142","'LINE","'47","'99.64205933"
"'142","'LINE","'Ag","'99.45571136"
"'142","'LINE","'Silver","'89.78854370"
"'142","'LINE","'107.87","'42.07569504"
"'142","'LINE","'79","'99.35408020"
"'142","'LINE","'Au","'98.32669067"
"'142","'LINE","'Gold","'99.52327728"
"'142","'LINE","'196.97","'92.22895813"
"'142","'LINE","'III","'94.34311676"
"'142","'LINE","'Rg","'99.68431091"
"'142","'LINE","'Roostgenium","'36.26833725"
"'142","'LINE","'lut","'22.60971451"
"'142","'LINE","'28","'99.88201141"
"'142","'LINE","'Ni","'51.35363388"
"'142","'LINE","'Nickel","'99.57290649"
"'142","'LINE","'58.70","'94.51071930"
"'142","'LINE","'46","'99.75186920"
"'142","'LINE","'Pd","'99.49398041"
"'142","'LINE","'Pallatian","'30.48927689"
"'142","'LINE","'106.40","'93.00482178"
"'142","'LINE","'78","'99.77220154"
"'142","'LINE","'Pt","'99.55416870"
"'142","'LINE","'Platinum","'76.61451721"
"'142","'LINE","'195.09","'80.66963959"
"'142","'LINE","'110","'98.89448547"
"'142","'LINE","'DS","'99.97070313"
"'142","'LINE","'Durnstadium","'43.49150848"
"'142","'LINE","'[wc]","'35.29954529"
"'142","'LINE","'Increasing Electron Affinity","'99.90426636"
"'142","'LINE","'27","'99.71201324"
"'142","'LINE","'Co","'81.13899231"
"'142","'LINE","'Cobalt","'62.10478973"
"'142","'LINE","'58.99","'80.02132416"
"'142","'LINE","'45","'99.96093750"
"'142","'LINE","'Rh","'99.56233978"
"'142","'LINE","'Rhodum","'61.65158844"
"'142","'LINE","'102.91","'58.30915070"
"'142","'LINE","'77","'99.07425690"
"'142","'LINE","'Ir","'98.67964935"
"'142","'LINE","'Indian","'48.76355362"
"'142","'LINE","'192.22","'58.18877792"
"'142","'LINE","'109","'99.85112762"
"'142","'LINE","'Mt","'98.83589935"
"'142","'LINE","'Metnerium","'67.24011230"
"'142","'LINE","'256","'99.51271057"
"'142","'LINE","'26","'99.91131592"
"'142","'LINE","'Fe","'99.76483154"
"'142","'LINE","'In","'65.48469543"
"'142","'LINE","'55.85","'95.41693115"
"'142","'LINE","'44","'99.64365387"
"'142","'LINE","'Ru","'96.16449738"
"'142","'LINE","'Ruthenium","'85.89186096"
"'142","'LINE","'(100.07)","'70.34916687"
"'142","'LINE","'76","'99.32318115"
"'142","'LINE","'0s","'64.03758240"
"'142","'LINE","'Osnium","'63.38109970"
"'142","'LINE","'190.20","'73.50546265"
"'142","'LINE","'108","'99.84135437"
"'142","'LINE","'Hs","'98.80580139"
"'142","'LINE","'Hassium","'96.61431885"
"'142","'LINE","'255","'99.63309479"
"'142","'LINE","'25","'99.92107391"
"'142","'LINE","'Mn","'91.46105957"
"'142","'LINE","'Manganese","'96.86244202"
"'142","'LINE","'54.94","'86.36958313"
"'142","'LINE","'43","'99.85112762"
"'142","'LINE","'Tc","'89.36224365"
"'142","'LINE","'Technetium","'90.70930481"
"'142","'LINE","'8","'60.62022018"
"'142","'LINE","'75","'99.61196899"
"'142","'LINE","'Re","'99.92107391"
"'142","'LINE","'Rhenium","'93.85502625"
"'142","'LINE","'186.21","'64.91529846"
"'142","'LINE","'107","'99.71201324"
"'142","'LINE","'Bh","'99.63229370"
"'142","'LINE","'Bobrium","'62.09502792"
"'142","'LINE","'262","'99.24426270"
"'142","'LINE","'24","'99.79252625"
"'142","'LINE","'Cr","'99.75347137"
"'142","'LINE","'Chronian","'51.00466537"
"'142","'LINE","'51.996","'87.48565674"
"'142","'LINE","'42","'99.32318115"
"'142","'LINE","'Mo","'93.14492798"
"'142","'LINE","'Molybdenum","'46.81202316"
"'142","'LINE","'95.94","'72.54065704"
"'142","'LINE","'74","'98.72688293"
"'142","'LINE","'M","'85.86196136"
"'142","'LINE","'Tungsten","'93.45404053"
"'142","'LINE","'183.85","'79.36483765"
"'142","'LINE","'106","'99.91051483"
"'142","'LINE","'go","'46.33270645"
"'142","'LINE","'Seaborgium","'40.83964539"
"'142","'LINE","'263","'97.16338348"
"'142","'LINE","'Figure 4.9 Periodic Table showing Electron Affinity Trend.","'99.96450043"
"'142","'LINE","'23","'99.87145233"
"'142","'LINE","'1","'85.24613190"
"'142","'LINE","'Vanadium","'46.02379608"
"'142","'LINE","'50.94","'95.29815674"
"'142","'LINE","'41","'81.99478149"
"'142","'LINE","'Nb","'93.27507019"
"'142","'LINE","'Niobium","'53.19853973"
"'142","'LINE","'9291","'72.38858795"
"'142","'LINE","'ID","'33.73425674"
"'142","'LINE","'Ta","'95.92693329"
"'142","'LINE","'Tantalum","'48.24457932"
"'142","'LINE","'180.95","'63.49011612"
"'142","'LINE","'105","'99.73154449"
"'142","'LINE","'Db","'99.85112762"
"'142","'LINE","'Dubaium","'50.55723953"
"'142","'LINE","'(Z92)","'37.79974747"
"'142","'LINE","'22","'99.71281433"
"'142","'LINE","'Ti","'99.36702728"
"'142","'LINE","'Tranium","'50.80655670"
"'142","'LINE","'47.90","'86.49971771"
"'142","'LINE","'OF","'59.75306702"
"'142","'LINE","'Zr","'73.52419281"
"'142","'LINE","'Zuconium","'28.76614380"
"'142","'LINE","'91.22","'59.99700928"
"'142","'LINE","'72","'99.93083954"
"'142","'LINE","'Hf","'99.57290649"
"'142","'LINE","'Hafnium","'77.51414490"
"'142","'LINE","'178.49","'88.23401642"
"'142","'LINE","'104","'96.58262634"
"'142","'LINE","'Rf","'99.72257996"
"'142","'LINE","'(261)","'84.92406464"
"'142","'LINE","'21","'98.35917664"
"'142","'LINE","'Sc","'67.78759003"
"'142","'LINE","'Sendum","'64.23847961"
"'142","'LINE","'44.96","'88.61068726"
"'142","'LINE","'6E","'87.97373199"
"'142","'LINE","'Y","'99.53782654"
"'142","'LINE","'Yitniam","'24.47345352"
"'142","'LINE","'88.91","'94.61236572"
"'142","'LINE","'57","'99.85192108"
"'142","'LINE","'La","'99.55336761"
"'142","'LINE","'Lanthanum","'41.66234589"
"'142","'LINE","'136.91","'81.42697906"
"'142","'LINE","'68","'74.12208557"
"'142","'LINE","'Ac","'95.86754608"
"'142","'LINE","'Actinium","'80.80297089"
"'142","'LINE","'227.08","'42.43523026"
"'142","'LINE","'4","'95.33860779"
"'142","'LINE","'Be","'99.79332733"
"'142","'LINE","'Beryllium","'71.18463135"
"'142","'LINE","'9.00","'94.50254822"
"'142","'LINE","'12","'97.94264221"
"'142","'LINE","'Mg","'99.41984558"
"'142","'LINE","'Magnesium","'98.96683502"
"'142","'LINE","'24.31","'64.48660278"
"'142","'LINE","'20","'99.81126404"
"'142","'LINE","'Ca","'37.08525848"
"'142","'LINE","'Cakium","'45.23517227"
"'142","'LINE","'38","'99.93164063"
"'142","'LINE","'Sr","'99.60459137"
"'142","'LINE","'Strontium","'40.96121979"
"'142","'LINE","'87.62","'74.34251404"
"'142","'LINE","'56","'99.95117188"
"'142","'LINE","'Ba","'99.29388428"
"'142","'LINE","'Barium","'91.16250610"
"'142","'LINE","'137.33","'87.53448486"
"'142","'LINE","'88","'31.25338936"
"'142","'LINE","'Ra","'99.67215729"
"'142","'LINE","'Radium","'71.71176910"
"'142","'LINE","'226.03","'86.40943909"
"'142","'LINE","'-","'75.39600372"
"'142","'LINE","'H","'87.57334137"
"'142","'LINE","'Hydrogen","'88.46081543"
"'142","'LINE","'6001","'19.93502808"
"'142","'LINE","'3","'98.82911682"
"'142","'LINE","'Li","'96.52802277"
"'142","'LINE","'Lithin","'35.03348160"
"'142","'LINE","'6.941","'81.03894043"
"'142","'LINE","'=","'99.40848541"
"'142","'LINE","'Na","'92.41928101"
"'142","'LINE","'Sodium","'97.96296692"
"'142","'LINE","'22.990","'78.59693909"
"'142","'LINE","'19","'99.81205750"
"'142","'LINE","'K","'79.80070496"
"'142","'LINE","'Potassium","'98.21846771"
"'142","'LINE","'860 6E","'26.15473557"
"'142","'LINE","'37","'99.77300262"
"'142","'LINE","'Rb","'99.79173279"
"'142","'LINE","'Rubidium","'40.71049881"
"'142","'LINE","'85.458","'91.31855774"
"'142","'LINE","'55","'99.87145233"
"'142","'LINE","'G)","'30.86993790"
"'142","'LINE","'Cesim","'96.85347748"
"'142","'LINE","'132.91","'83.80799103"
"'142","'LINE","'L8","'38.03969955"
"'142","'LINE","'Fr","'98.87815094"
"'142","'LINE","'Francium","'95.07274628"
"'142","'LINE","'(STD)","'41.02060699"
"'142","'LINE","'135","'96.06445313"
"'143","'LINE","'Chemistry Grade 9","'99.79166412"
"'143","'LINE","'4.4.4 Electronegativity","'99.84703827"
"'143","'LINE","'Electronegativity","'99.95037079"
"'143","'LINE","'Form a group and perform the following task. Present","'99.78134918"
"'143","'LINE","'your findings to the class.","'99.97054291"
"'143","'LINE","'The following values are given for electronegativity of","'99.97538757"
"'143","'LINE","'period 3 elements: 2.1, 0.9, 1.5, 3.0, 1.8, 2.5 and 1.2","'99.24665070"
"'143","'LINE","'?","'91.00585938"
"'143","'LINE","'Based on the information given;","'99.98242188"
"'143","'LINE","'1. Draw a table of period 3 elements and fill with the","'99.70183563"
"'143","'LINE","'appropriate electronegativity values corresponding","'99.97274780"
"'143","'LINE","'to the symbols of the elements.","'99.97219849"
"'143","'LINE","'Activity 4.8","'99.84863281"
"'143","'LINE","'2. Explain the reason for the observed trend.","'99.97680664"
"'143","'LINE","'The tendency of an atom in a molecule to attract the shared pair of electrons towards","'99.89855957"
"'143","'LINE","'itself is known as electronegativity. It is a dimensionless property because it is only a","'99.42446136"
"'143","'LINE","'tendency. It basically indicates the net result of the tendencies of atoms in different","'99.91858673"
"'143","'LINE","'elements to attract the bond-forming electron pairs. We measure electronegativity","'99.93025970"
"'143","'LINE","'on several scales. The most commonly used scale was designed by Linus Pauling.","'99.97208405"
"'143","'LINE","'According to this scale, fluorine is the most electronegative element with a value of","'99.67895508"
"'143","'LINE","'4.0 and cesium is the least electronegative element with a value of 0.7.","'99.72145844"
"'143","'LINE","'As we move across a period from left to right the nuclear charge increases and the","'99.90649414"
"'143","'LINE","'atomic size decreases, therefore the value of electronegativity increases across a","'99.57410431"
"'143","'LINE","'period in the modern periodic table. There is an increase in the atomic number as we","'99.96200562"
"'143","'LINE","'move down the group in the modern periodic table. The nuclear charge also increases","'99.97605896"
"'143","'LINE","'but the effect of the increase in nuclear charge is overcome by the addition of one","'99.97233582"
"'143","'LINE","'shell. Hence, the value of electronegativity decreases as we move down the group. For","'99.95495605"
"'143","'LINE","'example, in the halogen group as we move down the group from fluorine to astatine","'99.93805695"
"'143","'LINE","'the electronegativity value decreases.","'99.89546204"
"'143","'LINE","'++++++++++++","'19.88859177"
"'143","'LINE","'Exercise 4.7","'99.69606781"
"'143","'LINE","'Arrange each set of the given elements in order of decreasing electronegativity","'99.97870636"
"'143","'LINE","'and explain the observed trend.","'99.99023438"
"'143","'LINE","'a. Ba, Mg, Be, Ca","'88.58446503"
"'143","'LINE","'c. CI, F, 1, Br","'84.09883118"
"'143","'LINE","'b. C, Pb, Ge, Si","'95.65557098"
"'143","'LINE","'It is a general observation that metals show a lower value of electronegativity as","'99.66580200"
"'143","'LINE","'compared to the non-metals. Therefore, metals are electropositive and non-metals are","'99.91316223"
"'143","'LINE","'electronegative in nature. The elements in period two differ in properties from their","'99.94274139"
"'143","'LINE","'respective group elements (for example Li is different from Na, K, Rb, Cs and Fr) due","'99.58683014"
"'143","'LINE","'to the small size and higher value of electronegativity.","'99.95037079"
"'143","'LINE","'136","'99.72576141"
"'144","'LINE","'Periodic Classification of Elements","'99.97274780"
"'144","'LINE","'The elements in the second period show resemblance to the elements of the next group","'99.98096466"
"'144","'LINE","'in period three. This happens due to a small difference in their electronegativities. This","'99.79046631"
"'144","'LINE","'leads to the formation of a diagonal relationship (see section 4.2.2).","'99.87611389"
"'144","'LINE","'Elements requiring few electrons to complete their valence shells and having few inner","'99.98867035"
"'144","'LINE","'electron shells between nucleus and valence electrons, are the most electronegative.","'99.92131805"
"'144","'LINE","'The most electronegative of all elements is fluorine. Its electronegativity is 4.0. Metals","'99.83973694"
"'144","'LINE","'have electronegativity less than 2.0. The least electronegative elements are cesium","'99.91428375"
"'144","'LINE","'(Cs) and francium (Fr), with electronegativity values of 0.7. Therefore, Fluorine is the","'99.86551666"
"'144","'LINE","'most electronegative element and cesium is the least electronegative element.","'99.89758301"
"'144","'LINE","'Key Terms","'99.95077515"
"'144","'LINE","'Atomic size","'99.97070313"
"'144","'LINE","'Law of octaves","'99.86414337"
"'144","'LINE","'Electron affinity","'99.83079529"
"'144","'LINE","'Law of triads","'99.99023438"
"'144","'LINE","'Electronegativity","'99.91051483"
"'144","'LINE","'Lother Meyer's curve","'99.94386292"
"'144","'LINE","'Group","'100.00000000"
"'144","'LINE","'Periodic law","'99.96542358"
"'144","'LINE","'lonization energy","'96.45288849"
"'144","'LINE","'Period","'100.00000000"
"'144","'LINE","'Unit Summary","'99.97070313"
"'144","'LINE","'Nineteenth-century chemists developed the periodic table by arranging elements in","'99.91360474"
"'144","'LINE","'the increasing order of their atomic masses. Discrepancies in early versions of the","'99.96802521"
"'144","'LINE","'periodic table were resolved by arranging the elements in order of their atomic","'99.99167633"
"'144","'LINE","'numbers.","'99.96014404"
"'144","'LINE","'The elements can be arranged in rows and columns by atomic number to form the","'99.97971344"
"'144","'LINE","'periodic table. Elements in a given group (column) have similar properties. (A period","'99.42124176"
"'144","'LINE","'is a row in the periodic table.) Elements on the left and at the center of the table are","'99.90900421"
"'144","'LINE","'metals; those on the right are nonmetals.","'99.91654968"
"'144","'LINE","'Electron configuration determines the properties of an element. The modern periodic","'99.96398163"
"'144","'LINE","'table classifies the elements according to their atomic numbers, and thus also by their","'99.98512268"
"'144","'LINE","'electron configurations. The configuration of the valence electrons directly affects the","'99.89314270"
"'144","'LINE","'properties of the atoms of the representative elements.","'99.97763062"
"'144","'LINE","'Atomic radius varies periodically with the arrangement of the elements in the periodic","'99.97791290"
"'144","'LINE","'table. It decreases from left to right and increases from top to bottom.","'99.55121613"
"'144","'LINE","'lonization energy is a measure of the tendency of an atom to resist the loss of an","'99.55516815"
"'144","'LINE","'electron. The higher the ionization energy, the stronger the attraction between the","'99.87716675"
"'144","'LINE","'nucleus and an electron.","'99.93816376"
"'144","'LINE","'Electron affinity is a measure of the tendency of an atom to gain an electron. The","'99.91284943"
"'144","'LINE","'more positive the electron affinity, the greater the tendency for the atom to gain an","'99.95774841"
"'144","'LINE","'electron. Metals usually have low ionization energies, and nonmetals usually have high","'99.81154633"
"'144","'LINE","'electron affinities.","'99.71609497"
"'144","'LINE","'137","'99.22612000"
"'145","'LINE","'Chemistry Grade 9","'99.77864838"
"'145","'LINE","'Noble gases are very stable because their outer ns and пр subshells are completely","'97.67505646"
"'145","'LINE","'filled.","'99.96014404"
"'145","'LINE","'The metals among the representative elements (in Groups IA, IIA, and IIIA) tend to lose","'99.63143158"
"'145","'LINE","'electrons until their cations become isoelectronic with the noble gases that precede","'99.98515320"
"'145","'LINE","'them in the periodic table.","'99.98242188"
"'145","'LINE","'The nonmetals in Groups VA, VIA, and VIIA tend to accept electrons until their anions","'99.94445801"
"'145","'LINE","'become isoelectronic with the noble gases that follow them in the periodic table.","'99.97258759"
"'145","'LINE","'The tendency of an atom in a molecule to attract the shared pair of electrons towards","'99.85112762"
"'145","'LINE","'itself is known as electronegativity. It is a dimensionless property because it is only a","'99.54508209"
"'145","'LINE","'tendency. It basically indicates the net result of the tendencies of atoms in different","'99.93979645"
"'145","'LINE","'elements to attract the bond-forming electron pairs.","'99.94234467"
"'145","'LINE","'Review Exercises","'99.98046875"
"'145","'LINE","'Part I: Basic level questions.","'99.44483948"
"'145","'LINE","'Identify whether each of the following statements is true or false. Give your reasons","'99.96547699"
"'145","'LINE","'when you consider a statement to be false.","'99.59966278"
"'145","'LINE","'1.","'99.37021637"
"'145","'LINE","'The modern periodic law was proposed by Mosley.","'99.97904968"
"'145","'LINE","'2.","'99.97070313"
"'145","'LINE","'Elements across a period have consecutive atomic numbers.","'99.82743073"
"'145","'LINE","'3.","'99.93083954"
"'145","'LINE","'All elements with high ionization energy also have high electron affinity.","'99.88500214"
"'145","'LINE","'4.","'99.95117188"
"'145","'LINE","'As the atomic number of elements increases in the periodic table, their atomic","'99.97791290"
"'145","'LINE","'radius also increases.","'99.91728973"
"'145","'LINE","'5.","'99.93164063"
"'145","'LINE","'Transition metals are found in four periods. Each corresponds to the filling of","'99.97114563"
"'145","'LINE","'valence electrons in the 3d, 4d, 5d, and 6d orbitals.","'99.90798187"
"'145","'LINE","'PART II: Intermediate level questions.","'99.85550690"
"'145","'LINE","'Given below are multiple choice questions. Choose the best answer from the given","'99.98410034"
"'145","'LINE","'alternatives.","'99.59163666"
"'145","'LINE","'6.","'99.92187500"
"'145","'LINE","'The periodic law states that","'99.96224976"
"'145","'LINE","'a.","'99.03759003"
"'145","'LINE","'similar properties recur periodically when elements are arranged","'99.96532440"
"'145","'LINE","'according to increasing atomic number","'99.98030853"
"'145","'LINE","'b.","'99.95117188"
"'145","'LINE","'similar properties recur periodically when elements are arranged","'99.94793701"
"'145","'LINE","'according to increasing atomic weight","'99.97428894"
"'145","'LINE","'C.","'77.39138031"
"'145","'LINE","'similar properties are everywhere on the periodic table","'99.93774414"
"'145","'LINE","'d.","'99.91210938"
"'145","'LINE","'elements in the same period have same characteristics","'99.95789337"
"'145","'LINE","'7.","'99.88201141"
"'145","'LINE","'Which element is most similar to Sodium","'99.97187042"
"'145","'LINE","'a.","'98.92857361"
"'145","'LINE","'Potassium","'99.76084137"
"'145","'LINE","'C.","'83.84865570"
"'145","'LINE","'Oxygen","'99.88042450"
"'145","'LINE","'b.","'99.96093750"
"'145","'LINE","'Al uminum","'84.89476776"
"'145","'LINE","'d.","'99.95117188"
"'145","'LINE","'Calcium","'99.96014404"
"'145","'LINE","'8.","'99.97070313"
"'145","'LINE","'Which element is most similar to Calcium?","'99.89935303"
"'145","'LINE","'a.","'98.16226959"
"'145","'LINE","'Carbon","'100.00000000"
"'145","'LINE","'C.","'82.21360779"
"'145","'LINE","'Strontium","'99.84056091"
"'145","'LINE","'b.","'99.95117188"
"'145","'LINE","'Oxygen","'99.91051483"
"'145","'LINE","'d.","'99.93164063"
"'145","'LINE","'lodine","'97.72799683"
"'145","'LINE","'138","'99.33513641"
"'146","'LINE","'Periodic Classification of Elements","'99.97030640"
"'146","'LINE","'9.","'99.89257813"
"'146","'LINE","'Who were the two chemists that came up with the periodic law?","'99.86326599"
"'146","'LINE","'a.","'98.45762634"
"'146","'LINE","'John Dalton and Michael Faraday","'99.98030853"
"'146","'LINE","'b.","'99.95117188"
"'146","'LINE","'Dmitri Mendeleev and Lothar Meyer","'99.96029663"
"'146","'LINE","'C.","'77.23194122"
"'146","'LINE","'Michael Faraday and Lothar Meyer","'99.98421478"
"'146","'LINE","'d.","'99.95117188"
"'146","'LINE","'John Dalton and Dmitri Mendeleev","'99.95443726"
"'146","'LINE","'10. The statement that is not true about electron affinity is","'99.93720245"
"'146","'LINE","'a.","'98.49908447"
"'146","'LINE","'It causes energy to be released","'99.88610077"
"'146","'LINE","'b.","'99.95117188"
"'146","'LINE","'It causes energy to be absorbed","'99.91619873"
"'146","'LINE","'C.","'73.68363190"
"'146","'LINE","'It is expressed in electron volts","'99.90616608"
"'146","'LINE","'d.","'99.95117188"
"'146","'LINE","'It involves formation of an anion","'99.89273834"
"'146","'LINE","'11. Which of the following is Dobereiner's triad?","'99.81652069"
"'146","'LINE","'a.","'99.43459320"
"'146","'LINE","'Ne, Ca, Na","'99.30690765"
"'146","'LINE","'C.","'79.51371002"
"'146","'LINE","'Li, Na, K","'98.52259827"
"'146","'LINE","'b.","'99.87304688"
"'146","'LINE","'H2, N2, O₂","'63.99327469"
"'146","'LINE","'d. Na, Br, Ar","'99.85252380"
"'146","'LINE","'12. Write the period number, group number and block of the element having atomic","'99.97483063"
"'146","'LINE","'number 42.","'99.98535156"
"'146","'LINE","'a.","'99.44515228"
"'146","'LINE","'5, 5, d","'98.90791321"
"'146","'LINE","'C.","'78.83689117"
"'146","'LINE","'5, 2, d","'98.94072723"
"'146","'LINE","'b.","'99.92187500"
"'146","'LINE","'5, 6, d","'98.73538971"
"'146","'LINE","'d.","'99.91210938"
"'146","'LINE","'5, 15, p","'95.62599945"
"'146","'LINE","'13. X, Y and Z are three consecutive elements. X on addition of one electron and Y","'99.46939850"
"'146","'LINE","'on addition of two electrons become isoelectronic with element Z. Which of the","'97.16368866"
"'146","'LINE","'following is the correct property of Element Y?","'99.61328125"
"'146","'LINE","'a.","'98.71791077"
"'146","'LINE","'Atomic number of Y is higher than atomic number of Z.","'99.09362793"
"'146","'LINE","'b.","'99.96093750"
"'146","'LINE","'Atomic number of Y is higher than atomic number of X.","'99.71578217"
"'146","'LINE","'C.","'77.95918274"
"'146","'LINE","'Element Y is placed in periodic table at left side of element X if both are","'99.87938690"
"'146","'LINE","'in same period.","'99.96717834"
"'146","'LINE","'d.","'99.96093750"
"'146","'LINE","'None of these","'99.99349213"
"'146","'LINE","'To which group, period, and sublevel block do the following elements belong?","'99.89553833"
"'146","'LINE","'Group","'100.00000000"
"'146","'LINE","'Period","'100.00000000"
"'146","'LINE","'Block type","'99.98046875"
"'146","'LINE","'Magnesium","'99.96014404"
"'146","'LINE","'Phosphorous","'99.96014404"
"'146","'LINE","'Krypton","'99.95037079"
"'146","'LINE","'Manganese","'99.80069733"
"'146","'LINE","'Gold","'100.00000000"
"'146","'LINE","'Potassium","'99.68112183"
"'146","'LINE","'PART IIV: Chalenge level questions.","'99.94451141"
"'146","'LINE","'Short Answer Type Questions. For the short answer questions below, give your responses.","'99.96977234"
"'146","'LINE","'14. Briefly describe the significance of Mendeleev's periodic table.","'99.90960693"
"'146","'LINE","'15. What is Moseley's contribution to the modern periodic table?","'99.91993713"
"'146","'LINE","'16. Describe the general layout of a modern periodic table.","'99.86933899"
"'146","'LINE","'17. What is the most important relationship among elements in the same group in","'99.96704102"
"'146","'LINE","'the periodic table?","'99.95063782"
"'146","'LINE","'139","'99.80388641"
"'147","'LINE","'1","'98.75896454"
"'147","'LINE","'8","'98.78906250"
"'147","'LINE","'7","'99.68750000"
"'147","'LINE","'2","'98.98437500"
"'147","'LINE","'UNIT","'99.06250000"
"'147","'LINE","'5","'97.53746796"
"'147","'LINE","'8p","'77.55331421"
"'147","'LINE","'6","'98.73944092"
"'147","'LINE","'3","'99.01148224"
"'147","'LINE","'5","'99.68750000"
"'147","'LINE","'4","'99.50195313"
"'147","'LINE","'CHEMICAL BONDING","'99.99511719"
"'147","'LINE","'Unit Outcomes","'99.99511719"
"'147","'LINE","'After completing the unit, you will be able to","'99.94359589"
"'147","'LINE","'discuss the formation of ionic, covalent and metallic bonds;","'100.00000000"
"'147","'LINE","'explain the general properties of substances containing ionic, covalent and","'100.00000000"
"'147","'LINE","'metallic bonds;","'100.00000000"
"'147","'LINE","'develop the skills of drawing the electron dot or Lewis structures for simple","'99.98554230"
"'147","'LINE","'ionic and covalent compounds;","'99.98007202"
"'147","'LINE","'describe the origin of polarity within molecules.","'99.99430847"
"'147","'LINE","'III","'86.72183990"
"'148","'LINE","'Chemical Bonding","'99.98046875"
"'148","'LINE","'Students form groups and discuss on the following questions","'99.98915100"
"'148","'LINE","'and present your discussion points to the class.","'99.98515320"
"'148","'LINE","'1. What held together the Sun and other planets?","'99.92259979"
"'148","'LINE","'2. Is it possible for human beings to survive in the absence","'99.95673370"
"'148","'LINE","'Start-up Activity","'99.58496094"
"'148","'LINE","'of gravitational force?","'99.99349213"
"'148","'LINE","'3. Why do most substances not exist in their elemental","'99.93442535"
"'148","'LINE","'from?","'99.99023438"
"'148","'LINE","'III","'82.67987061"
"'148","'LINE","'In Unit 3 we have discussed about the atomic structure. We have seen that a common","'99.91543579"
"'148","'LINE","'atom contains a nucleus composed of protons and neutrons, with electrons in certain","'99.84099579"
"'148","'LINE","'energy levels revolving around the nucleus. In this unit, the main focus will be on these","'99.96410370"
"'148","'LINE","'electrons. In Unit 4, we have seen the importance of elements being arranged in","'99.96408081"
"'148","'LINE","'groups and periods. We have also discussed the general properties that the elements","'99.99317169"
"'148","'LINE","'in groups and periods share. Elements are distinguishable from each other due to their","'99.93183899"
"'148","'LINE","'electrons. Because each element has a distinct number of electrons, this determines","'99.84102631"
"'148","'LINE","'their chemical properties as well as the extent of their reactivity. In chemical bonding,","'99.94020081"
"'148","'LINE","'only valence electrons are involved. This unit therefore deals with the way how the","'99.98023987"
"'148","'LINE","'different types of chemical bonds are formed, the properties of compounds formed","'99.97111511"
"'148","'LINE","'in each type of chemical bonding, and the electron dot or Lewis structures used to","'99.98036194"
"'148","'LINE","'represent molecules or compounds formed in each type of chemical bonding.","'99.97129822"
"'148","'LINE","'5.1 Chemical Bonding","'99.93814850"
"'148","'LINE","'At the end of this section, you will be able to","'99.81733704"
"'148","'LINE","'define chemical bonding","'99.99674225"
"'148","'LINE","'describe why atoms form chemical bonds.","'99.99674225"
"'148","'LINE","'Students, please form groups and discuss the following","'99.98891449"
"'148","'LINE","'questions. Present your discussion points to the class.","'99.96897888"
"'148","'LINE","'1. Most of the elements are not found in their atomic","'99.94023132"
"'148","'LINE","'form. Do you know why this is so?","'99.60058594"
"'148","'LINE","'2. What binds atoms together to form compounds or","'99.96067047"
"'148","'LINE","'molecules?","'100.00000000"
"'148","'LINE","'3. Do you know how atoms combine to form compounds","'99.68957520"
"'148","'LINE","'Activity 5.1","'99.67285156"
"'148","'LINE","'or molecules?","'99.98046875"
"'148","'LINE","'The material world in which we live is changing from time to time. This is due to the","'99.98472595"
"'148","'LINE","'fact that nature is associated with innumerable chemical and physical changes. The","'99.97437286"
"'148","'LINE","'chemical changes occur due to changes in the composition of the elements from which","'99.95391846"
"'148","'LINE","'141","'99.84295654"
"'149","'LINE","'Chemistry Grade 9","'99.72005463"
"'149","'LINE","'the materials are made of. We call these chemical changes, chemical reactions. As you","'99.79174805"
"'149","'LINE","'have learned in your grade 7 science a chemical reaction involves change in molecular","'99.73392487"
"'149","'LINE","'composition of a substance. It has been established that atom is the smallest particle","'99.85134888"
"'149","'LINE","'of matter which takes part in a chemical reaction. Molecule is the smallest constituent","'99.84606934"
"'149","'LINE","'particle of substance which has an independent existence and which represents the","'99.97362518"
"'149","'LINE","'properties of the respective elements or compounds.","'99.95350647"
"'149","'LINE","'Why do atoms form chemical bond?","'99.98358917"
"'149","'LINE","'Most of the elements in nature have been found to exist in combined state. This is","'99.96984863"
"'149","'LINE","'due to the fact that atoms of some elements are unstable by their own. There are,","'99.97106171"
"'149","'LINE","'however, some atoms which have independent existence and are considered to be","'99.96298218"
"'149","'LINE","'highly stable. Except those of a few elements, the atoms of most of the elements have","'99.90277863"
"'149","'LINE","'an inherent tendency to combine and form molecules or compounds. The combining","'99.93735504"
"'149","'LINE","'atoms may belong to the same element or different elements. Within the molecules,","'99.93991852"
"'149","'LINE","'the atoms are held together by attractive forces. A chemical bond is, therefore, the","'98.96753693"
"'149","'LINE","'force that holds atoms together to form molecules or compounds.","'99.94084930"
"'149","'LINE","'Octet Rule","'99.89626312"
"'149","'LINE","'The American chemist Gilbert Lewis (1875-1946) used this observation to explain","'99.87409973"
"'149","'LINE","'the types of ions and molecules that are formed by other elements. He called his","'98.00256348"
"'149","'LINE","'explanation the octet rule. The octet rule states that atoms tend to form compounds in","'99.94245911"
"'149","'LINE","'ways that give them eight valence electrons, and thus the electron configuration of a","'99.77976990"
"'149","'LINE","'noble gas (except helium).","'99.91374969"
"'149","'LINE","'In the preceding unit we have discussed about the valence electrons of the atoms of","'99.96512604"
"'149","'LINE","'elements in each group in a periodic table. The valence electrons of all atoms are","'99.76012421"
"'149","'LINE","'between 1 and 8. Most elements follow the octet rule in chemical bonding, which","'99.00409698"
"'149","'LINE","'means that an element should have eight valence electrons in a bond or exactly fill","'99.87530518"
"'149","'LINE","'up its valence shell. Having a total of eight valence electrons ensures that the atom is","'99.69992065"
"'149","'LINE","'stable. This is the reason why noble gases, a valence electron shell of eight electrons,","'99.83126831"
"'149","'LINE","'are chemically inert; they are already stable and tend to not need the transfer of","'99.96919250"
"'149","'LINE","'electrons when bonding with another atom in order to be stable. There, however, are","'99.97611237"
"'149","'LINE","'exceptions to this rule. For example hydrogen and helium need only two electrons on","'99.96402740"
"'149","'LINE","'their valence shell to become stable. The group IIA elements could also become stable","'99.81580353"
"'149","'LINE","'having six valence electrons.","'99.95037079"
"'149","'LINE","'How could atoms satisfy the Octet Rule?","'99.97326660"
"'149","'LINE","'There are three ways in which atoms can satisfy the octet rule.","'99.95979309"
"'149","'LINE","'i. By losing their own valence electrons.","'99.73083496"
"'149","'LINE","'ii. By gaining valence electrons from other elements.","'99.71263123"
"'149","'LINE","'iii. By sharing their valence electrons with other atoms.","'99.77774048"
"'149","'LINE","'142","'99.79492188"
"'150","'LINE","'Chemical Bonding","'99.97070313"
"'150","'LINE","'To become stable, atoms of metals tend to lose all of their valence electrons, which","'99.83665466"
"'150","'LINE","'leave them with an octet. For example, sodium, an alkali metal has 11 electrons and","'99.83774567"
"'150","'LINE","'its electronic configuration is 2,8,1. In order to fulfil the octet rule, sodium needs to lose","'99.80838013"
"'150","'LINE","'its outermost electron and hence its electronic configuration will become 2,8.","'99.90657806"
"'150","'LINE","'Atoms of non-metals, on the other hand, tend to gain electrons in order to fill their","'99.96424866"
"'150","'LINE","'valence shell with an octet. For example, oxygen being a non-metallic element has a","'99.73345184"
"'150","'LINE","'total of eight electrons. Its electronic configuration will be 2,6. To attain eight valence","'99.20127106"
"'150","'LINE","'electrons, oxygen must gain two additional electrons in its valence shell. This, therefore,","'99.96113586"
"'150","'LINE","'will change its electronic configuration to 2,8 which fulfils octet. Oxygen, however, can","'99.74774933"
"'150","'LINE","'do this by sharing its two valence electrons with two electrons of another atom, which","'99.98611450"
"'150","'LINE","'is known as sharing of electrons.","'99.93612671"
"'150","'LINE","'<<<<<<<<<<<>","'16.58003807"
"'150","'LINE","'Exercise 5.1","'99.83398438"
"'150","'LINE","'Provide appropriate answer to the following questions","'99.98464966"
"'150","'LINE","'1. What is the electronic configuration of a noble gas?","'99.79741669"
"'150","'LINE","'2. Why is the noble gas configuration important?","'99.92189789"
"'150","'LINE","'3. Define octet rule.","'99.79621887"
"'150","'LINE","'4. Do most elements follow the octet rule?","'99.95178986"
"'150","'LINE","'5. How does hydrogen violate the octet rule?","'99.93309021"
"'150","'LINE","'5.2 Ionic Bonding","'87.62097168"
"'150","'LINE","'In the preceding section, we have discussed that for atoms to become stable, they","'99.96606445"
"'150","'LINE","'need to gain, lose or share their valence electrons. This losing, gaining or sharing of","'99.96517181"
"'150","'LINE","'electrons by atoms leads to chemical bonding. The result of chemical bonding will","'99.98704529"
"'150","'LINE","'be the formation of molecules or compounds having different chemical and physical","'99.95959473"
"'150","'LINE","'properties. In this section, first, we are going to discuss the formation of ionic bonding.","'99.94456482"
"'150","'LINE","'This will be followed by the discussion about how to write chemical formula of ionic","'99.96355438"
"'150","'LINE","'compounds using the Lewis formula. The section will also cover the discussion of the","'99.98012543"
"'150","'LINE","'properties of ionic compounds.","'99.89546204"
"'150","'LINE","'5.2.1 Formation of lonic Bonding","'92.09813690"
"'150","'LINE","'At the end of this section, you will be able to","'99.67498016"
"'150","'LINE","'explain the term ion;","'99.96298218"
"'150","'LINE","'elucidate the formation of ions by giving examples;","'99.97885132"
"'150","'LINE","'define ionic bonding;","'99.95063782"
"'150","'LINE","'describe the formation of an ionic bond.","'99.97035980"
"'150","'LINE","'143","'99.71679688"
"'151","'LINE","'Chemistry Grade 9","'99.76888275"
"'151","'LINE","'Students, please form groups and discuss the following","'99.99877930"
"'151","'LINE","'questions. Present your discussion points to the class.","'99.96897888"
"'151","'LINE","'1. What would happen to an atom when it gains or","'99.89584351"
"'151","'LINE","'loses its valence electrons without combining with","'99.99860382"
"'151","'LINE","'other atoms?","'99.97518921"
"'151","'LINE","'2. An electrically neutral atom has an equal number of","'99.98128510"
"'151","'LINE","'negatively charged electrons and positively charged","'99.99674225"
"'151","'LINE","'?","'87.51464844"
"'151","'LINE","'protons. What will happen to the charge of atom 'A'","'99.86608887"
"'151","'LINE","'if it has one more electron than its protons and atom","'99.96967316"
"'151","'LINE","''B' if it has one less electron number than its protons?","'99.70351410"
"'151","'LINE","'3. What type of force holds atoms ""A"" and ""B"" together","'98.25517273"
"'151","'LINE","'(refer question number two)?","'99.85231781"
"'151","'LINE","'Activity 5.2","'99.79980469"
"'151","'LINE","'What are lons?","'93.93235779"
"'151","'LINE","'In unit three, we have seen that an atom is a basic unit of matter that consists of a","'99.65194702"
"'151","'LINE","'dense nucleus composed of positively charged protons and neutral neutrons, which is","'99.96366119"
"'151","'LINE","'surrounded by a cloud of negatively charged electrons. An atom possessing the same","'99.91376495"
"'151","'LINE","'number of protons and electrons, is electronically neutral. However, if the total number","'99.96050262"
"'151","'LINE","'of electrons does not equal the number of protons, the atom has a net positive or","'99.84369659"
"'151","'LINE","'negative electrical charge.","'99.96014404"
"'151","'LINE","'Any atom or molecule with a net charge, either positive or negative, is known as an ion.","'99.87982178"
"'151","'LINE","'The positive electric charge of a proton is equal in magnitude to the negative charge","'99.83317566"
"'151","'LINE","'of an electron; therefore, the net electric charge of an ion is equal to its number of","'99.94783020"
"'151","'LINE","'protons minus its number of electrons.","'99.97681427"
"'151","'LINE","'Net electric charge = number of protons - number of electrons","'98.74971008"
"'151","'LINE","'lons are highly reactive species. They are generally found in a gaseous state, and do","'99.67047882"
"'151","'LINE","'not occur in abundance on Earth. lons in the liquid or solid state are produced when","'99.82408142"
"'151","'LINE","'salts interact with their solvents. They are repelled by like electric charges but are","'99.95821381"
"'151","'LINE","'attracted to opposite charges.","'99.97274780"
"'151","'LINE","'Types of lons","'94.40011597"
"'151","'LINE","'There are two ways of classifying ions in chemistry. These include","'99.97048187"
"'151","'LINE","'i. classification based on the type of electric charge that atoms or group of atoms","'99.87845612"
"'151","'LINE","'possess and","'99.96093750"
"'151","'LINE","'ii. classification based on the number of atoms involved in ion formation.","'99.81797028"
"'151","'LINE","'144","'98.75896454"
"'152","'LINE","'Chemical Bonding","'99.95117188"
"'152","'LINE","'Based on the type of electric charge of atoms they are classified into anions and","'99.97380066"
"'152","'LINE","'cations.","'99.96014404"
"'152","'LINE","'Anions: Are atoms or a group of atoms that have more electrons than protons and so","'98.99230957"
"'152","'LINE","'have a net negative charge. Examples are Cl, It, (SO₄)², and (NO₃).","'84.07173157"
"'152","'LINE","'Cations: Are atoms or a group of atoms that have more protons than electrons and","'99.91766357"
"'152","'LINE","'so have a net positive charge. Examples are Na⁺, Ca²⁺, and AI³⁺.","'91.59340668"
"'152","'LINE","'Table 5.1 Cations and anions of some metallic and non-metallic elements.","'99.87712860"
"'152","'LINE","'Element","'99.95037079"
"'152","'LINE","'Proton","'99.91051483"
"'152","'LINE","'Electron","'99.96014404"
"'152","'LINE","'Charge","'100.00000000"
"'152","'LINE","'Representation","'99.91051483"
"'152","'LINE","'Proton","'99.91051483"
"'152","'LINE","'Electron","'99.95037079"
"'152","'LINE","'lon","'78.12818909"
"'152","'LINE","'Hydrogen","'99.99023438"
"'152","'LINE","'1","'98.57521820"
"'152","'LINE","'1","'98.61587524"
"'152","'LINE","'o","'55.98592758"
"'152","'LINE","'H","'98.87655640"
"'152","'LINE","'1","'98.45404053"
"'152","'LINE","'0","'82.78141022"
"'152","'LINE","'H+","'60.87133408"
"'152","'LINE","'Sodium","'99.96014404"
"'152","'LINE","'11","'98.97959137"
"'152","'LINE","'11","'98.20571899"
"'152","'LINE","'o","'59.02582932"
"'152","'LINE","'Na","'99.89098358"
"'152","'LINE","'11","'98.22444916"
"'152","'LINE","'10","'99.80388641"
"'152","'LINE","'Na⁺","'66.80823517"
"'152","'LINE","'Magnesium","'99.96014404"
"'152","'LINE","'12","'99.06250000"
"'152","'LINE","'12","'99.53125000"
"'152","'LINE","'o","'60.34119797"
"'152","'LINE","'Mg","'99.96093750"
"'152","'LINE","'12","'99.58007813"
"'152","'LINE","'10","'99.84295654"
"'152","'LINE","'Mg²⁺","'89.20180511"
"'152","'LINE","'Aluminium","'99.88042450"
"'152","'LINE","'13","'99.48242188"
"'152","'LINE","'13","'99.61914063"
"'152","'LINE","'o","'55.99649048"
"'152","'LINE","'Al","'63.49011612"
"'152","'LINE","'13","'99.73632813"
"'152","'LINE","'10","'99.83318329"
"'152","'LINE","'AI³⁺","'75.80316925"
"'152","'LINE","'Nitrogen","'99.99023438"
"'152","'LINE","'7","'99.69647217"
"'152","'LINE","'7","'99.64764404"
"'152","'LINE","'o","'60.38106155"
"'152","'LINE","'N","'99.87304688"
"'152","'LINE","'7","'99.56951904"
"'152","'LINE","'10","'99.83318329"
"'152","'LINE","'N³⁻","'79.57649231"
"'152","'LINE","'Oxygen","'99.89098358"
"'152","'LINE","'8","'99.95117188"
"'152","'LINE","'8","'99.95117188"
"'152","'LINE","'o","'59.18526459"
"'152","'LINE","'o","'73.32091522"
"'152","'LINE","'8","'99.89257813"
"'152","'LINE","'10","'99.87304688"
"'152","'LINE","'O²⁻","'70.93611145"
"'152","'LINE","'Chlorine","'99.97070313"
"'152","'LINE","'17","'99.34570313"
"'152","'LINE","'17","'99.50195313"
"'152","'LINE","'o","'66.25099945"
"'152","'LINE","'CI","'96.21492767"
"'152","'LINE","'17","'99.45312500"
"'152","'LINE","'18","'99.60937500"
"'152","'LINE","'Cl⁻","'58.59195709"
"'152","'LINE","'How Do lons Form?","'96.62776947"
"'152","'LINE","'lons can be formed by ionization, which is the process of a neutral atom losing or","'99.59411621"
"'152","'LINE","'gaining its valence electrons. Generally, the electrons are either added to or lost","'99.96658325"
"'152","'LINE","'from the valence shell of an atom. the inner-shell electrons do not participate in this","'99.96208191"
"'152","'LINE","'type of chemical interaction. lonization generally involves a transfer of electrons","'99.30239868"
"'152","'LINE","'between atoms or molecules. The process is driven by the achievement of more stable","'99.95780945"
"'152","'LINE","'electronic configurations, such as the octet rule. Polyatomic and molecular ions can","'99.89186859"
"'152","'LINE","'also be formed, generally by gaining or losing elemental ions, such as H⁺, in neutral","'97.36353302"
"'152","'LINE","'molecules. Polyatomic ions are generally very unstable and reactive.","'99.94069672"
"'152","'LINE","'A common example of an ion is Na⁺ (read as sodium cation or ion). According to","'97.26322174"
"'152","'LINE","'Table 5.1, sodium has a +1 charge when it contains ten electrons (neutral sodium has","'99.49250793"
"'152","'LINE","'11 electrons). However, according to the octet rule, sodium would be more stable","'99.79053497"
"'152","'LINE","'with 10 electrons (2 in its innermost shell, 8 in its outermost shell). We have said that","'99.89537048"
"'152","'LINE","'metals lose electrons in order to attain octet. Therefore, sodium metal tends to lose an","'99.95394897"
"'152","'LINE","'electron to become more stable. On the other hand, chlorine, a non-metallic element","'99.87538910"
"'152","'LINE","'tends to gain an electron to become Cl⁻ (read as chloride ion). Chlorine naturally has","'97.97147369"
"'152","'LINE","'17 electrons, but it would be more stable with 18 electrons (2 in its innermost shell, 8","'99.87956238"
"'152","'LINE","'in its second shell, and 8 in its valence shell). Therefore, chlorine will take an electron","'99.95001221"
"'152","'LINE","'from another atom to become negatively charged. As a general rule, the charge of","'99.86814880"
"'152","'LINE","'all group IA metals is 1+, group IIA metals is 2+, group IIIA metals is 3+, group VIIA","'99.51998901"
"'152","'LINE","'nonmetals is -1. Group IVA to VIA will not form an ionic bond in most cases, and they","'99.67314911"
"'152","'LINE","'are not the topic of this section.","'99.96350098"
"'152","'LINE","'145","'99.77539063"
"'153","'LINE","'Chemistry Grade 9","'99.62565613"
"'153","'LINE","'Ionic Bonding","'82.38809204"
"'153","'LINE","'Let US consider the chemical bond that will be formed between sodium metal and","'99.86820984"
"'153","'LINE","'chlorine. As we have discussed above, sodium will lose its outermost electron to attain","'99.96553802"
"'153","'LINE","'octet and hence will become sodium cation (Na⁺; 2,8). Chlorine being a non-metal,","'97.84545898"
"'153","'LINE","'accepts the electron sodium has lost and becomes a chloride ion (CΓ, 2,8,8). When","'96.85458374"
"'153","'LINE","'the two oppositely charged ions come together, they will be held together by an","'99.96041870"
"'153","'LINE","'electrostatic force and result in the formation of sodium chloride (NaCI), commonly","'98.22814178"
"'153","'LINE","'known as table salt. A bond formed by two oppositely charged ions due to electrostatic","'99.07778168"
"'153","'LINE","'force is known as an ionic bond. The process of forming such a bond is called ionic","'99.88513947"
"'153","'LINE","'bonding. Figure 5.2 shows the formation of an ionic bond between sodium and chlorine","'99.92478943"
"'153","'LINE","'atoms using atomic diagrams.","'99.96054077"
"'153","'LINE","'There is another alternative for sodium and chlorine to attain the octet rule. Sodium,","'99.92353058"
"'153","'LINE","'instead of losing its valence electron, needs to gain another seven electrons to its","'99.96971893"
"'153","'LINE","'outermost shell in order to attain eight electrons on its valence shell. This, however,","'99.94711304"
"'153","'LINE","'is very difficult to be achieved by sodium because metals tend to lose electrons.","'99.95344543"
"'153","'LINE","'Secondly, gaining seven electrons needs a large amount of energy. Chlorine, on the","'99.75036621"
"'153","'LINE","'other hand, is a non-metallic element that tends to gain electrons than losing its","'99.86832428"
"'153","'LINE","'outermost electrons. If chlorine wants to achieve the octet rule by losing its seven","'99.93137360"
"'153","'LINE","'valence electrons, which of course is the second option, it needs a large amount of","'99.63349152"
"'153","'LINE","'energy. It is, therefore, easy for sodium to lose one electron than gaining seven extra","'99.92233276"
"'153","'LINE","'electrons on its valence shell. It will be easy for chlorine to gain one electron than","'99.93394470"
"'153","'LINE","'losing its seven valence electrons to fulfil the octet rule.","'99.92580414"
"'153","'LINE","'Let US consider another example, the formation of an ionic bond between calcium and","'99.85006714"
"'153","'LINE","'chlorine. Calcium with atomic number 20 has an electronic configuration of 2,8,8,2.","'99.92263794"
"'153","'LINE","'In order to achieve octet, calcium removes its two valence electrons. This will make","'99.94205475"
"'153","'LINE","'calcium a cation (Ca²⁺; 2,8,8) because the number of electrons is less by 2 than the","'99.00203705"
"'153","'LINE","'number of protons. Chlorine as we have discussed above, needs only one electron to","'99.92892456"
"'153","'LINE","'fulfil octet. The two electrons removed from calcium will, therefore, be received by","'99.96269989"
"'153","'LINE","'two chlorine atoms to make two chloride ions (2CI). One calcium cation (Ca²⁺) will","'97.04267883"
"'153","'LINE","'be attracted by the two chloride ions (2CI) resulting in calcium chloride (CaCl₂). The","'95.46580505"
"'153","'LINE","'atomic diagram in Figure 5.3 depicts the ionic bond formation between calcium and","'99.91839600"
"'153","'LINE","'chlorine.","'99.91051483"
"'153","'LINE","'As a general rule, ionic bond is formed between a metallic and a non-metallic elements.","'99.60372925"
"'153","'LINE","'For atoms with the largest electronegativity differences (such as metals bonding with","'99.90622711"
"'153","'LINE","'non-metals), the bonding interaction is called ionic, and the valence electrons are","'99.93911743"
"'153","'LINE","'typically represented as being transferred from the metal atom to the non-metal.","'99.94764709"
"'153","'LINE","'Once the electrons have been transferred to the non-metal, both the metal and the","'99.96134949"
"'153","'LINE","'non-metal are considered to be ions. The two oppositely charged ions electrostatically","'99.93924713"
"'153","'LINE","'attract each other to form an ionic compound.","'99.95697784"
"'153","'LINE","'146","'99.60937500"
"'154","'LINE","'Chemical Bonding","'99.98535156"
"'154","'LINE","'************","'31.94057083"
"'154","'LINE","'Exercise 5.2","'99.89746094"
"'154","'LINE","'Provide the appropriate answer to the following questions.","'99.98149109"
"'154","'LINE","'1. Define the terms cation and anion.","'99.92420959"
"'154","'LINE","'2. How do cations and anions form?","'99.99291229"
"'154","'LINE","'3. What is a chemical bond?","'99.69208527"
"'154","'LINE","'4. How are ionic bonds formed?","'99.96230316"
"'154","'LINE","'5. An aluminium atom has three valence electrons. Do you think it will lose","'99.83666229"
"'154","'LINE","'three electrons or gain five electrons to obtain an octet in its outermost","'99.95355988"
"'154","'LINE","'electron shell? Why?","'99.95389557"
"'154","'LINE","'6. An iodine atom has seven valence electrons. Do you think it will lose seven","'99.81767273"
"'154","'LINE","'electrons or gain one electron to obtain an octet in its outermost electron","'99.94830322"
"'154","'LINE","'shell?","'99.97070313"
"'154","'LINE","'7. Describe the formation of potassium iodide.","'99.98314667"
"'154","'LINE","'5.2.2 Lewis Formulas of lonic Compounds","'94.18832397"
"'154","'LINE","'At the end of this section, you will be able to","'99.93137360"
"'154","'LINE","'give examples of simple ionic compounds;","'99.99172974"
"'154","'LINE","'draw Lewis structures or electron-dot formulas of simple ionic compounds.","'99.95182800"
"'154","'LINE","'Students, please form groups and discuss the following","'99.99257660"
"'154","'LINE","'questions. Present your discussion points to the rest of","'99.98463440"
"'154","'LINE","'the class.","'99.99511719"
"'154","'LINE","'1. What would you do to describe an orange for","'99.68801880"
"'154","'LINE","'a person who has never seen orange in his/her","'99.68823242"
"'154","'LINE","'?","'90.10742188"
"'154","'LINE","'entire life?","'99.95565796"
"'154","'LINE","'2. Why is it important to have a common way of","'99.85599518"
"'154","'LINE","'representing substances?","'99.98007202"
"'154","'LINE","'3. Why do you think it is important to use a common","'99.53251648"
"'154","'LINE","'Activity 5.3","'99.72536469"
"'154","'LINE","'formula of ionic compounds?","'99.99755859"
"'154","'LINE","'Lewis Dot Formula","'99.97694397"
"'154","'LINE","'To explain the various types of bonds and to visualise the change in the valence","'99.42612457"
"'154","'LINE","'electrons, the American physical chemist Gilbert N. Lewis (1916) proposed the Lewis","'99.91889954"
"'154","'LINE","'dot formula.","'99.91579437"
"'154","'LINE","'147","'99.68750000"
"'155","'LINE","'Chemistry Grade 9","'99.87304688"
"'155","'LINE","'Figure 5.1 The American Physical Chemist Gilbert N. Lewis (1875-1046).","'99.87557220"
"'155","'LINE","'In the Lewis symbol for an atom, the chemical symbol of the element with its valence","'99.98017120"
"'155","'LINE","'electrons is represented as dots surrounding it. Only the electrons in the valence level","'99.97257233"
"'155","'LINE","'are shown using this notation. The number of dots equals the number of valence","'99.99011993"
"'155","'LINE","'electrons in the atom. These dots are arranged to the right, left, above, below the","'99.97293091"
"'155","'LINE","'symbol, with no more than two dots on a side (Table 5.2).","'99.85253906"
"'155","'LINE","'Table 5.2 The Lewis symbols for the elements of the third period of the periodic table.","'99.98407745"
"'155","'LINE","'Atom","'99.96014404"
"'155","'LINE","'Electronic configuration","'99.85560608"
"'155","'LINE","'Lewis's symbol","'99.92067719"
"'155","'LINE","'Sodium","'99.96014404"
"'155","'LINE","'2,8,1","'99.72576141"
"'155","'LINE","'Na.","'51.08737183"
"'155","'LINE","'Magnesium","'99.96014404"
"'155","'LINE","'2,8,2","'99.95117188"
"'155","'LINE","'Mg.","'59.16872787"
"'155","'LINE","'Aluminium","'99.88042450"
"'155","'LINE","'2,8,3","'99.95117188"
"'155","'LINE","'Al.","'25.41952515"
"'155","'LINE","'Silicon","'100.00000000"
"'155","'LINE","'2,8,4","'99.93164063"
"'155","'LINE","'Si","'96.39270020"
"'155","'LINE","'Phosphorus","'100.00000000"
"'155","'LINE","'2,8,5","'99.95117188"
"'155","'LINE","'.P.","'63.92916870"
"'155","'LINE","'-","'73.72558594"
"'155","'LINE","'Sulphur","'99.71121216"
"'155","'LINE","'2,8,6","'99.92187500"
"'155","'LINE","':s.","'61.11515045"
"'155","'LINE","'Chlorine","'100.00000000"
"'155","'LINE","'2,8,7","'99.95117188"
"'155","'LINE","':CI.","'63.41936493"
"'155","'LINE","'Argon","'100.00000000"
"'155","'LINE","'2,8,8","'99.93164063"
"'155","'LINE","':Ar:","'93.89576721"
"'155","'LINE","'Lewis symbols can also be used to illustrate the formation of cations from atoms, for","'99.96561432"
"'155","'LINE","'sodium and calcium as shown below:","'99.97870636"
"'155","'LINE","'Na*","'42.89600372"
"'155","'LINE","'Na+ + e⁻","'79.13757324"
"'155","'LINE","'Ca·","'43.74740982"
"'155","'LINE","'Ca²⁺ + 2e⁻","'69.96784973"
"'155","'LINE","'Likewise, they can be used to show the formation of anions from atoms, as shown","'99.96908569"
"'155","'LINE","'below for chlorine and sulphur:","'99.94419861"
"'155","'LINE","':CI· + e⁻","'65.32419586"
"'155","'LINE","':CI:","'91.64640045"
"'155","'LINE","':S. + 2e⁻","'22.75717354"
"'155","'LINE","'is:","'11.95123196"
"'155","'LINE","'2-","'92.72102356"
"'155","'LINE","':S:","'78.47515106"
"'155","'LINE","'#","'59.39273834"
"'155","'LINE","'148","'99.71679688"
"'156","'LINE","'Chemical Bonding","'99.98046875"
"'156","'LINE","'Some examples of the Lewis dot formulas of ionic compounds are shown in Table 5.3.","'99.92336273"
"'156","'LINE","'Table 5.3 Lewis symbols showing the transfer of electrons during the formation of ionic","'99.96745300"
"'156","'LINE","'compounds.","'99.80069733"
"'156","'LINE","'Metal","'99.97070313"
"'156","'LINE","'Nonmetal","'99.97070313"
"'156","'LINE","'Ionic Compound","'84.08133698"
"'156","'LINE","'Na","'98.45642853"
"'156","'LINE","'+","'98.56365204"
"'156","'LINE","':CI.","'57.32242584"
"'156","'LINE","'Na+[:ci:]","'17.66641426"
"'156","'LINE","'sodium chloride","'99.76652527"
"'156","'LINE","'sodium atom","'99.87224579"
"'156","'LINE","'chlorine atom","'99.77907562"
"'156","'LINE","'(sodium ion and chloride ion)","'99.75933075"
"'156","'LINE","'Mg","'84.55416870"
"'156","'LINE","'+","'98.82653046"
"'156","'LINE","':0.","'53.78585434"
"'156","'LINE","'Mg2+[:0:]~ 2-","'55.09561157"
"'156","'LINE","'magnesium oxide","'99.74290466"
"'156","'LINE","'magnesium atom","'99.86737061"
"'156","'LINE","'oxygen atom","'99.74530029"
"'156","'LINE","'(magnesium ion and oxide ion)","'99.58362579"
"'156","'LINE","'Ca","'97.94543457"
"'156","'LINE","'+","'98.66051483"
"'156","'LINE","'2:F.","'73.77299500"
"'156","'LINE","'ca²⁺[:F:]2","'16.06325722"
"'156","'LINE","'calcium fluoride","'99.77788544"
"'156","'LINE","'calcium atom","'99.84783173"
"'156","'LINE","'fluorine atoms","'99.91619873"
"'156","'LINE","'(calcium ion and two fluoride ions)","'99.80581665"
"'156","'LINE","'The Lewis dot formula can also be represented using the atomic diagram as shown","'99.96977997"
"'156","'LINE","'in Figures 5.2 and 5.3. The dots on the atomic diagram represent the electrons. Some","'99.92732239"
"'156","'LINE","'dots are starred simply to show you the electron(s) involved in the chemical reaction.","'99.72121429"
"'156","'LINE","'You don't have to make star on the electrons involved in the chemical reaction as a","'99.69747925"
"'156","'LINE","'rule.","'99.99023438"
"'156","'LINE","'Na","'99.81445313"
"'156","'LINE","'+","'97.92888641"
"'156","'LINE","'CI","'70.74935913"
"'156","'LINE","'+","'97.92888641"
"'156","'LINE","'CI","'79.57250214"
"'156","'LINE","'Na","'99.92187500"
"'156","'LINE","'A sodium","'99.68350983"
"'156","'LINE","'A chlorine","'99.78236389"
"'156","'LINE","'A sodium","'99.65830231"
"'156","'LINE","'A chlorine","'98.94491577"
"'156","'LINE","'atom","'99.91131592"
"'156","'LINE","'atom","'99.93083954"
"'156","'LINE","'cation","'99.99023438"
"'156","'LINE","'anion","'99.89098358"
"'156","'LINE","'Na","'99.80229950"
"'156","'LINE","'+","'97.91992188"
"'156","'LINE","'CI","'97.18371582"
"'156","'LINE","'Na+","'60.74438095"
"'156","'LINE","'+","'98.79644012"
"'156","'LINE","'Cl-","'57.11734772"
"'156","'LINE","'Figure 5.2 An atomic diagram showing the formation of ionic compound (NaCl)","'98.15418243"
"'156","'LINE","'between the atoms of sodium and chlorine.","'99.98721313"
"'156","'LINE","'CI","'79.67813110"
"'156","'LINE","'CI","'77.58828735"
"'156","'LINE","'Ca","'98.46280670"
"'156","'LINE","'Ca","'98.38388824"
"'156","'LINE","'CI","'78.21328735"
"'156","'LINE","'CI","'61.73767853"
"'156","'LINE","'Ca","'99.01306915"
"'156","'LINE","'+","'98.27068329"
"'156","'LINE","'2 CI","'96.63852692"
"'156","'LINE","'Ca²⁺","'56.26813889"
"'156","'LINE","'CI2","'25.54348755"
"'156","'LINE","'Figure 5.3 An atomic diagram showing ionic compound (CaCl₂) formation between","'98.42401886"
"'156","'LINE","'calcium and chlorine.","'99.98671722"
"'156","'LINE","'149","'99.83318329"
"'157","'LINE","'Chemistry Grade 9","'99.81445313"
"'157","'LINE","'+++++++++++++","'30.99250412"
"'157","'LINE","'Exercise 5.3","'99.86248779"
"'157","'LINE","'Provide the appropriate answer for the following questions.","'99.98525238"
"'157","'LINE","'1. Draw the Lewis dot structures for each of the following molecules:","'99.95429230"
"'157","'LINE","'a. H2S","'94.23867798"
"'157","'LINE","'c. HCN","'78.97740173"
"'157","'LINE","'e. AI2O3","'80.41992188"
"'157","'LINE","'b. CH2Br₂","'72.32013702"
"'157","'LINE","'d. K2O","'92.19457245"
"'157","'LINE","'2. In the Lewis structures listed below, M and X represent various elements in","'96.64555359"
"'157","'LINE","'the third period of the periodic table. Write the formula of each compound","'99.98197174"
"'157","'LINE","'using the chemical symbols of each element:","'99.96628571"
"'157","'LINE","'2-","'94.91868591"
"'157","'LINE","'2-","'73.07776642"
"'157","'LINE","'M²⁺","'33.99792480"
"'157","'LINE","':","'87.60253906"
"'157","'LINE","'X","'79.41874695"
"'157","'LINE","'M⁻","'29.69875908"
"'157","'LINE","'X","'83.35319519"
"'157","'LINE","'a.","'90.60566711"
"'157","'LINE","'b.","'98.04687500"
"'157","'LINE","'3","'94.09278870"
"'157","'LINE","'C.","'43.66968155"
"'157","'LINE","'3","'88.56744385"
"'157","'LINE","'d.","'96.14257813"
"'157","'LINE","'5.2.3 General Properties of Ionic Compounds","'94.33729553"
"'157","'LINE","'At the end of this section, you will be able to","'99.86081696"
"'157","'LINE","'describe the general properties of ionic compounds;","'99.99291229"
"'157","'LINE","'investigate the properties of a given samples of ionic compounds.","'99.79418182"
"'157","'LINE","'Students, please form groups and discuss the","'100.00000000"
"'157","'LINE","'following questions in your respective groups. Present","'99.97745514"
"'157","'LINE","'your discussion points to the rest of the class.","'99.98363495"
"'157","'LINE","'1. How do you express your friend's behaviour and","'99.66329193"
"'157","'LINE","'?","'94.15039063"
"'157","'LINE","'physical appearance?","'99.95525360"
"'157","'LINE","'2. If you are given juices made up of lemon, grape","'99.65435028"
"'157","'LINE","'and orange without letting you know, how do you","'99.42542267"
"'157","'LINE","'differentiate the juices?","'99.72802734"
"'157","'LINE","'3. Is there any way that you can differentiate ionic","'99.59992981"
"'157","'LINE","'Activity 5.4","'99.68261719"
"'157","'LINE","'compounds from other compounds?","'99.98759460"
"'157","'LINE","'lonic compounds contain ionic bonds. An ionic bond is formed when there is a large","'98.53445435"
"'157","'LINE","'electronegativity difference between the elements participating in the bond formation.","'99.93255615"
"'157","'LINE","'The greater the electronegativity differences among the bonding atoms, the stronger","'99.95939636"
"'157","'LINE","'the attraction between cation and anion. The properties of ionic compounds depend","'99.97180176"
"'157","'LINE","'on how strongly the cations and anions attract each other in an ionic bond. Based on","'99.98712921"
"'157","'LINE","'the above behaviour, iconic compounds exhibit the following properties:","'99.96682739"
"'157","'LINE","'They Form Crystals","'99.99674225"
"'157","'LINE","'As we know substances can exist in one of the three states, namely solid, liquid, or","'99.96048737"
"'157","'LINE","'gas. A solid-state substance can exist as powder, crystal, or amorphous. Most ionic","'98.33826447"
"'157","'LINE","'compounds exist in crystalline solid form. The constituent particles of the crystals are","'99.93504333"
"'157","'LINE","'150","'99.50035858"
"'158","'LINE","'Chemical Bonding","'99.97558594"
"'158","'LINE","'ions, not molecules. The opposite charged ions in ionic compounds are held together","'99.97571564"
"'158","'LINE","'very strongly by electrostatic force of attraction. Hence the ionic compounds are","'99.97023773"
"'158","'LINE","'generally hard solids. At an atomic level, an ionic crystal forms a regular structure,","'99.79331207"
"'158","'LINE","'with the cation and anion alternating with each other forming a three-dimensional","'99.65759277"
"'158","'LINE","'structure based, on the smaller ion uniformly filling in the empty spaces between the","'99.95827484"
"'158","'LINE","'larger ions (Figure 5.4).","'99.77848053"
"'158","'LINE","'Na+","'75.02152252"
"'158","'LINE","'Cl-","'58.31233978"
"'158","'LINE","'Figure 5.4 The crystal structure of sodium chloride (NaCI).","'96.90892792"
"'158","'LINE","'They Have High Melting Points and High Boiling Points.","'99.99891663"
"'158","'LINE","'Considerable heat energy is required to separate the strong electrostatic attraction","'99.97026825"
"'158","'LINE","'force between the positive and negative ions in ionic compounds. Therefore, a high","'99.85707092"
"'158","'LINE","'temperature is required to melt and boil ionic compounds. The process of melting an","'99.96047974"
"'158","'LINE","'ionic compound requires the addition of large amounts of energy in order to break all","'99.98161316"
"'158","'LINE","'of the ionic bonds in the crystal and let the ions move freely. For example, breaking","'99.97026062"
"'158","'LINE","'the ionic bonds in sodium chloride to make it melt requires a temperature of about","'99.79993439"
"'158","'LINE","'800°C. We call this temperature, melting point. It requires a very high temperature-","'98.97758484"
"'158","'LINE","'1465°C to boil sodium chloride. Boiling a substance means converting its constituents","'99.64850616"
"'158","'LINE","'into a gaseous form.","'99.77952576"
"'158","'LINE","'They are Hard and Brittle","'99.98828125"
"'158","'LINE","'lonic crystals are hard because the positive and negative ions are strongly held","'98.16744995"
"'158","'LINE","'together by electrostatic attraction force. It takes a large amount of mechanical force,","'99.58963013"
"'158","'LINE","'such as striking a crystal with a hammer, to force one layer of ions to shift relative to","'99.78382874"
"'158","'LINE","'its neighbour. Such striking brings ions of the same charge next to one another (Figure","'99.97027588"
"'158","'LINE","'5.5). The strong repulsive forces between like-charged ions cause the crystal to break.","'99.93270874"
"'158","'LINE","'The property of being hard but liable to be broken is known as brittleness.","'99.95832825"
"'158","'LINE","'B","'70.76750183"
"'158","'LINE","'CI","'34.73234177"
"'158","'LINE","'CI","'33.74980164"
"'158","'LINE","'CI*","'39.70244980"
"'158","'LINE","'CI*","'35.82051086"
"'158","'LINE","'CI*","'53.70356369"
"'158","'LINE","'CI*","'59.53543854"
"'158","'LINE","'CI","'33.59434891"
"'158","'LINE","'CI*","'29.53623199"
"'158","'LINE","'CI*","'28.86439896"
"'158","'LINE","'CI","'30.10602570"
"'158","'LINE","'CI*","'30.99988174"
"'158","'LINE","'CI","'27.90437698"
"'158","'LINE","'CI*","'29.72417259"
"'158","'LINE","'CI*","'42.49342346"
"'158","'LINE","'CI*","'37.18929291"
"'158","'LINE","'CI*","'32.35730362"
"'158","'LINE","'CI*","'43.15210724"
"'158","'LINE","'CI*","'33.50386810"
"'158","'LINE","'CI","'33.04109573"
"'158","'LINE","'CI*","'31.20914459"
"'158","'LINE","'CI","'33.06023026"
"'158","'LINE","'CI*","'32.06333923"
"'158","'LINE","'CI*","'63.85901642"
"'158","'LINE","'CI*","'29.26219749"
"'158","'LINE","'Figure 5.5 Appearance of sodium chloride crystal before and after hitting.","'99.97751617"
"'158","'LINE","'The sodium chloride crystal is shown in two dimensions (Figure 5.5, left). When struck","'99.90586090"
"'158","'LINE","'by a hammer, the negatively-charged chloride ions are forced near one another and","'99.86337280"
"'158","'LINE","'the repulsive force causes the crystal to shatter (Figure 5.5, right).","'99.89482880"
"'158","'LINE","'151","'99.79492188"
"'159","'LINE","'Chemistry Grade 9","'99.77539063"
"'159","'LINE","'They are Soluble in Polar Solvents","'99.97558594"
"'159","'LINE","'The solubility of a substance is the maximum amount of solute that can dissolve in","'99.88230133"
"'159","'LINE","'a given quantity of solvent. Solubility depends on the chemical nature of both the","'99.90655518"
"'159","'LINE","'solute and the solvent, and the temperature and pressure. One way of classifying","'99.98328400"
"'159","'LINE","'solvents is into polar and non-polar. Polar solvents dissolve polar compounds and non-","'99.95173645"
"'159","'LINE","'polar solvents dissolve non-polar compounds. This is commonly referred to as ""like","'99.93016052"
"'159","'LINE","'dissolves like"". A polar solvent is a type of solvent that has large partial charges.","'98.94573975"
"'159","'LINE","'Water, methanol, liquid ammonia, liquid hydrogen fluoride, acetone and ethanol are","'99.94223785"
"'159","'LINE","'common examples of polar solvent. There are, however, several ionic compounds that","'99.98440552"
"'159","'LINE","'are insoluble in water. Most salts of carbonates, oxalates, phosphates, sulphides and","'99.94210815"
"'159","'LINE","'hydroxides are insoluble in water.","'99.97265625"
"'159","'LINE","'They Conduct Electricity when they are Dissolved in Water or in Molten State","'99.97890472"
"'159","'LINE","'Melting and dissolving ionic compounds makes cations and anions free to move. Since","'99.97640991"
"'159","'LINE","'the ions are free charged particles, they move towards the respective electrodes","'99.97274780"
"'159","'LINE","'under the influence of electric field and conduct electricity through the solution. Molten","'99.99167633"
"'159","'LINE","'ionic compounds also conduct electricity. For example: sodium chloride (NaCl) in its","'98.29619598"
"'159","'LINE","'molten state releases sodium cation (Na⁺) and chloride anion (CI) as shown below:","'96.49440002"
"'159","'LINE","'NaCl","'86.32075500"
"'159","'LINE","'Na+ + Cl-","'72.27094269"
"'159","'LINE","'In an electrolytics cell, the sodium cation moves to the negative electrode (cathode),","'99.95969391"
"'159","'LINE","'and the chloride anion moves towards the positive electrode (anode). This causes","'99.98101807"
"'159","'LINE","'complete movement of charge across the circuit.","'99.97035980"
"'159","'LINE","'+","'98.33007813"
"'159","'LINE","'e⁻","'42.22297287"
"'159","'LINE","'anode","'99.73154449"
"'159","'LINE","'(positive)","'99.81205750"
"'159","'LINE","'Cathode","'99.99023438"
"'159","'LINE","'(Negative)","'99.89098358"
"'159","'LINE","'Oxidation","'99.99023438"
"'159","'LINE","'Reduction","'99.99023438"
"'159","'LINE","'electron loss","'99.83159637"
"'159","'LINE","'electron gain","'99.95077515"
"'159","'LINE","'Anions","'99.97070313"
"'159","'LINE","'(negative)","'99.29309082"
"'159","'LINE","'B-","'93.26869202"
"'159","'LINE","'X + e","'96.00187683"
"'159","'LINE","'A+ + e","'90.39062500"
"'159","'LINE","'A","'75.00139618"
"'159","'LINE","'Cations","'99.99023438"
"'159","'LINE","'(positive)","'99.69168091"
"'159","'LINE","'Electrolyte","'99.96093750"
"'159","'LINE","'Figure 5.6 In an ionic solution, the A⁺ ions migrate toward the negative electrode,","'97.53112030"
"'159","'LINE","'while the B⁻ ions migrate toward the positive electrode.","'98.64997101"
"'159","'LINE","'152","'99.83398438"
"'160","'LINE","'Chemical Bonding","'99.98535156"
"'160","'LINE","'Experiment 5.1","'99.84863281"
"'160","'LINE","'Conductivity of Ionic Compounds","'90.10503387"
"'160","'LINE","'Objective: In this experiment, we are going to see whether distilled water, solid table salt","'99.96522522"
"'160","'LINE","'(NaCI), or a water solution of table salt can conduct electricity or not.","'98.29753113"
"'160","'LINE","'Materials: Distilled water (100 mL), table salt (60 g), three 25 mL beakers, battery,","'99.75227356"
"'160","'LINE","'copper wire, two pieces of metallic rods or graphite rod, small electric bulb.","'99.98485565"
"'160","'LINE","'Procedure:","'100.00000000"
"'160","'LINE","'1. Take a 25 mL beaker and add 15 mL distilled water.","'99.74623108"
"'160","'LINE","'2. Take 20 g table salt (NaCl) and add it into the second beaker.","'97.70130157"
"'160","'LINE","'3. Dissolve 30 g of table salt (NaCl) in 50 mL distilled water. Add 25 mL of the solution","'98.50316620"
"'160","'LINE","'into the third 25 mL beaker.","'99.93058014"
"'160","'LINE","'4. Assemble each of the beakers as shown in Figure 5.7 below, turn by turn and see","'99.97109222"
"'160","'LINE","'what happens to the electric bulb in each case.","'99.98254395"
"'160","'LINE","'(a)","'98.65533447"
"'160","'LINE","'(b)","'99.97070313"
"'160","'LINE","'(c)","'66.98720551"
"'160","'LINE","'Figure 5.7 A) Distilled water; B) Solid table salt powder; C) A water solution of","'96.33877563"
"'160","'LINE","'table salt.","'99.96054077"
"'160","'LINE","'Observation and analysis questions","'99.99755859"
"'160","'LINE","'Provide answers to the following questions based on the above experiment.","'99.96849060"
"'160","'LINE","'1. In which case did the electric bulb light?","'99.88807678"
"'160","'LINE","'2. Why the electric bulb did not light in the other two cases?","'99.98560333"
"'160","'LINE","'3. What do you conclude from this observation?","'99.44084167"
"'160","'LINE","'They Have High Density","'100.00000000"
"'160","'LINE","'The density of a substance is the amount of a substance per unit volume. It is one of the","'99.75316620"
"'160","'LINE","'physical properties by which substances differ. The oppositely charged ions in an ionic","'99.97559357"
"'160","'LINE","'compound are held closely by the electrostatic force of attraction. Hence, the number","'99.92353058"
"'160","'LINE","'of ions per unit volume in an ionic compound is high, which makes their density high.","'99.91986847"
"'160","'LINE","'153","'99.67773438"
"'161","'LINE","'Chemistry Grade 9","'99.75911713"
"'161","'LINE","'************","'31.79428291"
"'161","'LINE","'Exercise 5.4","'99.89257813"
"'161","'LINE","'Provide appropriate answers to the following questions","'99.98314667"
"'161","'LINE","'1. State the five general properties of ionic compounds.","'99.92893982"
"'161","'LINE","'2. Why do ionic compounds form crystals?","'99.97605896"
"'161","'LINE","'3. If a compound dissolves in water, will it be a proof for the ionic nature of","'99.79412842"
"'161","'LINE","'the compound? Why?","'99.94386292"
"'161","'LINE","'4. Why do ionic compounds do conduct electricity in the molten state or when","'99.96913910"
"'161","'LINE","'dissolved in water but not in the solid state?","'99.97377777"
"'161","'LINE","'5.3 Covalent Bonding","'99.88201141"
"'161","'LINE","'We have thoroughly discussed that in order to become stable, atoms of elements need","'99.97675323"
"'161","'LINE","'to fulfil the octet rule. Except the noble gases, all the second raw elements obey the","'99.96094513"
"'161","'LINE","'octet rule either by gaining, losing or sharing electrons. In the preceding section, we","'99.93427277"
"'161","'LINE","'have seen how atoms become stable by losing and gaining electrons. In this section,","'99.96455383"
"'161","'LINE","'we shall discuss the second type of bonding known as covalent bonding, the Lewis dot","'99.96327972"
"'161","'LINE","'formulas of covalent molecules, polarity in covalent molecules, coordinate covalent","'99.89546204"
"'161","'LINE","'bond, and general properties of covalent compounds.","'99.93027496"
"'161","'LINE","'5.3.1 Formation of Covalent Bond","'99.88085938"
"'161","'LINE","'At the end of this section, you will be able to","'99.85889435"
"'161","'LINE","'define covalent bonding;","'99.95037079"
"'161","'LINE","'describe the formation of a covalent bond.","'99.87122345"
"'161","'LINE","'Students, please form groups and discuss the following","'99.97904968"
"'161","'LINE","'questions. Present a summary of your discussion points","'99.83251953"
"'161","'LINE","'to the class.","'99.97369385"
"'161","'LINE","'1. An ionic bond is an electrostatic attraction force","'99.93011475"
"'161","'LINE","'between a cationic and an anionic species. Is there","'99.85472870"
"'161","'LINE","'?","'95.54687500"
"'161","'LINE","'another way through which two non-metallic atoms","'99.97209930"
"'161","'LINE","'form a bond?","'99.51132202"
"'161","'LINE","'2. What kind of force holds the atoms together in","'99.98527527"
"'161","'LINE","'compounds that are not ionic?","'99.97265625"
"'161","'LINE","'Activity 5.5","'99.84863281"
"'161","'LINE","'3. How do the molecules H2, O2, HCI, and H2S form?","'93.46417236"
"'161","'LINE","'A covalent bond consists of the simultaneous attraction of two nuclei for one or more","'99.11287689"
"'161","'LINE","'pairs of electrons. In other words, a covalent bond is formed when two atoms share","'99.85524750"
"'161","'LINE","'one or more electron pairs. The electrons residing between the two nuclei are known","'99.96268463"
"'161","'LINE","'as the bonding electrons. In this type of bond, each shared electron will be counted","'99.96437073"
"'161","'LINE","'154","'99.44255829"
"'162","'LINE","'Chemical Bonding","'99.97558594"
"'162","'LINE","'by both atoms' valence shells in order to satisfy the octet rule. Based on the number","'99.88565063"
"'162","'LINE","'of pairs of shared electrons, the covalent bonds formed can be classified into three:","'99.97379303"
"'162","'LINE","'i.","'99.51908875"
"'162","'LINE","'Single bond: one pair of electrons is shared between the bonding atoms","'99.98697662"
"'162","'LINE","'ii.","'99.27355957"
"'162","'LINE","'Double bond: the bonding atoms share two pairs of electrons and","'99.99371338"
"'162","'LINE","'iii.","'99.63309479"
"'162","'LINE","'Triple bond: the bonding atoms share three pairs of electrons.","'99.99707031"
"'162","'LINE","'Generally, bonds sharing more than one pair of electrons are called multiple covalent","'99.97953033"
"'162","'LINE","'bonds. Covalent bonds occur between identical atoms or between different atoms","'99.93410492"
"'162","'LINE","'whose difference in electronegativity is insufficient to allow the transfer of electrons","'99.93478394"
"'162","'LINE","'to form ions.","'99.97396088"
"'162","'LINE","'Formation of Single Covalent Bond","'99.98226166"
"'162","'LINE","'Let's consider the covalent bond in the hydrogen molecule (H₂). A hydrogen molecule","'98.47266388"
"'162","'LINE","'is formed from two hydrogen atoms, each with one electron in its valence shell. The","'99.96903229"
"'162","'LINE","'two hydrogen atoms are attracted to the same pair of electrons in the covalent bond.","'99.97835541"
"'162","'LINE","'The bond is represented either as a pair of ""dots"" or as a solid line. Each hydrogen","'99.63990784"
"'162","'LINE","'atom acquires a helium-like electron configuration. Such a type of bond is known as a","'99.21665192"
"'162","'LINE","'single bond (Figure 5.8).","'99.76198578"
"'162","'LINE","'H.","'63.78448105"
"'162","'LINE","'+","'94.54022217"
"'162","'LINE","'H","'72.06174469"
"'162","'LINE","'H:H or H — H","'87.11587524"
"'162","'LINE","'The alternative way of showing the above covalent bond formation would be the","'99.98091125"
"'162","'LINE","'following:","'99.91051483"
"'162","'LINE","'Two hydrogen atoms","'99.98020172"
"'162","'LINE","'a hydrogen molecule, H2","'91.35931396"
"'162","'LINE","'H","'98.24517822"
"'162","'LINE","'H","'98.93016815"
"'162","'LINE","'H","'98.65433502"
"'162","'LINE","'X","'83.84137726"
"'162","'LINE","'H","'98.87894440"
"'162","'LINE","'a shared pair of electrions","'99.66450500"
"'162","'LINE","'Figure 5.8 Atomic diagram showing the formation of covalent bond in hydrogen","'99.95539093"
"'162","'LINE","'molecule (H₂).","'94.55965424"
"'162","'LINE","'There exists an attraction force between the positively charged nuclei and the","'99.98521423"
"'162","'LINE","'negatively charged bonding electrons revolving around the nucleus (Figure 5.9). The","'99.94526672"
"'162","'LINE","'attractive forces are equal in magnitude but opposite in sign. Each hydrogen nucleus","'99.97027588"
"'162","'LINE","'attracts both electrons and this is the basis of covalent bond formation. The repulsive","'99.94811249"
"'162","'LINE","'force between the positively charged nuclei protects the nuclei from collision during","'99.98840332"
"'162","'LINE","'covalent bond formation.","'99.89370728"
"'162","'LINE","'Attraction","'99.96014404"
"'162","'LINE","'+","'88.51562500"
"'162","'LINE","'+","'89.58416748"
"'162","'LINE","'Nucleus","'99.95037079"
"'162","'LINE","'Shared electrons","'99.94020844"
"'162","'LINE","'Figure 5.9 Attraction between the nuclei and the electrons in a covalent bond.","'99.91257477"
"'162","'LINE","'155","'99.76483154"
"'163","'LINE","'Chemistry Grade 9","'99.77838135"
"'163","'LINE","'The two chlorine atoms in the chlorine molecule (CI₂) are joined by a shared pair of","'98.83789825"
"'163","'LINE","'electrons. Each chlorine atom contains seven valence electrons in the valance shell","'99.95776367"
"'163","'LINE","'and requires one more electron to form an argon-like electron configuration and","'99.93165588"
"'163","'LINE","'become stable (Figure 5.10). The two chlorine atoms achieve this if each chlorine atom","'99.85637665"
"'163","'LINE","'contributes one electron to the bonding pair shared by the two atoms. The remaining","'99.97175598"
"'163","'LINE","'six valence electrons of each chlorine atom are not involved in bond formation and","'99.96751404"
"'163","'LINE","'are located around their respective atoms. These valence electrons, normally shown as","'99.97212982"
"'163","'LINE","'pairs of electrons, are commonly known as non bonding electrons, lone pair electrons,","'99.88597107"
"'163","'LINE","'or unshared electron pairs.","'99.92576599"
"'163","'LINE","'+","'94.49218750"
"'163","'LINE","'CI:","'54.45292664"
"'163","'LINE","'CI","'65.96031952"
"'163","'LINE","'CI:","'56.15861893"
"'163","'LINE","'Shared","'99.92187500"
"'163","'LINE","'2.8.7","'99.87145233"
"'163","'LINE","'2.8.7","'99.88121796"
"'163","'LINE","'2.8.8","'99.97070313"
"'163","'LINE","'2.8.8","'99.97070313"
"'163","'LINE","'Chlorine atom,","'98.96444702"
"'163","'LINE","'Chlorine atom,C","'79.43259430"
"'163","'LINE","'Chlorine molecule, CI2","'80.44165039"
"'163","'LINE","'Figure 5.10 Atomic diagram showing formation of chlorine molecule (CI₂).","'98.49669647"
"'163","'LINE","'Single covalent bonds can also occur between two different atoms. For example,","'99.95539093"
"'163","'LINE","'hydrogen sulphide (H₂S) is formed when two hydrogens, each share their valence shell","'98.26458740"
"'163","'LINE","'electrons to one sulphur atom. Sulphur is a group VIA element and it has 6 valence","'99.84761047"
"'163","'LINE","'electrons. In order to fill its outermost shell with eight electrons, it needs two more","'99.93865204"
"'163","'LINE","'electrons, in this case, two valence electrons shared by the two hydrogens. The two","'99.97448730"
"'163","'LINE","'hydrogens will have an electronic configuration similar to that of helium which makes","'99.97102356"
"'163","'LINE","'them stable enough whereas the sulphur atom will attain the electronic configuration","'99.95851135"
"'163","'LINE","'of argon that makes it stable.","'99.96067047"
"'163","'LINE","'2H + :s","'84.53945160"
"'163","'LINE","'H: S","'71.07312012"
"'163","'LINE","'H","'90.91178894"
"'163","'LINE","'<<<<<<<<<<<<","'15.01883411"
"'163","'LINE","'Exercise 5.5","'99.92675781"
"'163","'LINE","'Provide appropriate answers to the following questions.","'99.98453522"
"'163","'LINE","'1. Define a covalent bond.","'99.68773651"
"'163","'LINE","'2. Why the nuclei of the two covalently bonded atoms do not collide during","'99.98802185"
"'163","'LINE","'the formation of a covalent bond?","'99.82657623"
"'163","'LINE","'3. In covalently bonded atoms, what holds the two atoms together?","'99.94164276"
"'163","'LINE","'4. Describe the formation of H2O, F2, CF₄, and NH3.","'89.50107574"
"'163","'LINE","'156","'99.25781250"
"'164","'LINE","'Chemical Bonding","'99.97558594"
"'164","'LINE","'Formation of Multiple Covalent Bonds","'99.98421478"
"'164","'LINE","'Students, please form groups and discuss the following","'99.99755859"
"'164","'LINE","'questions. Present your discussion points to the class.","'99.97152710"
"'164","'LINE","'1. Is there another possible way through which two","'99.89331055"
"'164","'LINE","'atoms or groups of atoms form a covalent bond","'99.71609497"
"'164","'LINE","'other than a single bond?","'99.63213348"
"'164","'LINE","'?","'91.07342529"
"'164","'LINE","'2. Atom ""A"" has a total of eight electrons and atom","'99.47811127"
"'164","'LINE","'""B"" has a total of seven electrons. How do A2 and","'95.97774506"
"'164","'LINE","'B2 form?","'90.60357666"
"'164","'LINE","'3. Can you construct a model that shows A2 and B2,","'93.38562775"
"'164","'LINE","'Activity 5.6","'99.77539063"
"'164","'LINE","'from locally available materials?","'99.97030640"
"'164","'LINE","'Formation of Double Bond","'99.98535156"
"'164","'LINE","'An oxygen molecule would be a good example for a double covalent bond formation.","'99.69690704"
"'164","'LINE","'Atmospheric air consists of 21% of life-giving gas known as oxygen. Oxygen is a","'99.76325226"
"'164","'LINE","'group VIA element with 6 valence electrons. Each oxygen atom requires two electrons","'99.96276093"
"'164","'LINE","'to fulfil the octet rule. The two oxygen atoms, therefore, need to share two electrons","'99.96821594"
"'164","'LINE","'each so that they could attain the nearest noble gas electronic configuration, neon.","'98.32456970"
"'164","'LINE","'Since two pairs of electrons are shared between the two oxygen atoms in an oxygen","'99.97309113"
"'164","'LINE","'molecule, such a type of bond is known as a double bond. The four pairs of electrons","'99.65833282"
"'164","'LINE","'that do not participate in bonding and are situated on the two oxygens atoms in O2","'97.51705170"
"'164","'LINE","'are the lone pair electrons (Figure 5.11).","'99.21299744"
"'164","'LINE","'ö:","'66.41452026"
"'164","'LINE","'+","'94.06090546"
"'164","'LINE","'or O = O","'38.02523041"
"'164","'LINE","'o","'62.70228577"
"'164","'LINE","'+","'96.08319092"
"'164","'LINE","'o","'59.04824829"
"'164","'LINE","'o","'57.19746399"
"'164","'LINE","'Figure 5.11 Atomic diagram that shows formation of oxygen molecule (O₂).","'99.29737854"
"'164","'LINE","'Formation of Triple Covalent Bond","'99.99007416"
"'164","'LINE","'Nitrogen is a group VA element. It has 5 valence electrons. We know that 78% of the","'99.89983368"
"'164","'LINE","'atmosphere is filled with the element nitrogen. Nitrogen exists in its molecular form","'99.94117737"
"'164","'LINE","'which will not be stable, otherwise. This stability could be achieved by fulfilling the","'99.98721313"
"'164","'LINE","'octet rule. To do so each nitrogen atom shares three electrons each to have the nearest","'97.08555603"
"'164","'LINE","'noble gas (neon) electronic configuration. The sharing of three pairs of electrons in a","'99.77349854"
"'164","'LINE","'covalent bond results in a triple bond. The pairs of electrons on the valence shells of","'99.90705109"
"'164","'LINE","'the two nitrogen atoms in the N2 are the lone pair electrons (Figure 5.12).","'97.78025818"
"'164","'LINE","'157","'99.45491791"
"'165","'LINE","'Chemistry Grade 9","'99.85650635"
"'165","'LINE","'N","'86.85467529"
"'165","'LINE","'+","'95.71209717"
"'165","'LINE","'N","'99.95117188"
"'165","'LINE","'N","'99.96093750"
"'165","'LINE","'N","'99.97070313"
"'165","'LINE","'N","'99.99023438"
"'165","'LINE","'Figure 5.12 Atomic diagram of the formation of nitrogen molecule (N₂).","'98.62190247"
"'165","'LINE","'************","'22.84558487"
"'165","'LINE","'Exercise 5.6","'99.96093750"
"'165","'LINE","'Provide appropriate answer to the following questions.","'99.97884369"
"'165","'LINE","'1. How many different types of covalent bonds have you known so far?","'97.34546661"
"'165","'LINE","'2. Describe the formation of carbon dioxide (CO₂), ethylene (H₄C₂), and","'95.02402496"
"'165","'LINE","'acetylene (H2C2) molecules using atomic diagram using atomic diagrams.","'96.01451874"
"'165","'LINE","'5.3.2 Lewis's Formula of Covalent Molecules","'99.93964386"
"'165","'LINE","'At the end of this section, you will be able to","'99.82710266"
"'165","'LINE","'draw Lewis structures or electron-dot formulas of simple covalent molecules;","'99.96249390"
"'165","'LINE","'give examples of different types of covalent molecules;","'99.97518921"
"'165","'LINE","'make models of covalent molecules that show single, double, and triple bonds","'99.99003601"
"'165","'LINE","'using sticks and balls or from other locally available materials.","'99.98421478"
"'165","'LINE","'Students, please form groups and discuss the following","'99.99379730"
"'165","'LINE","'questions. Present your discussion points to the class.","'99.97895050"
"'165","'LINE","'1. In the previous section, we discussed writing Lewis's","'99.91365814"
"'165","'LINE","'formulas of ionic compounds. How can one write","'99.96654510"
"'165","'LINE","'Lewis's formula of a covalent molecule?","'99.72679901"
"'165","'LINE","'2. Using the same analogy, write the Lewis formulas of","'99.99113464"
"'165","'LINE","'?","'96.71875000"
"'165","'LINE","'the covalent molecule HCN.","'99.97010040"
"'165","'LINE","'3. How many bonding and lone pair electrons are","'99.80457306"
"'165","'LINE","'there in HCN?","'99.98697662"
"'165","'LINE","'4. How many single, double, and triple covalent bonds","'99.97586060"
"'165","'LINE","'Activity 5.7","'99.85839844"
"'165","'LINE","'are there in HCN?","'99.97802734"
"'165","'LINE","'In section 5.2.2, we discussed about Lewis's formula of ionic compounds. We also used","'99.91080475"
"'165","'LINE","'Lewis's formula to indicate the formation of covalent bonds, which are shown in Lewis","'99.96025848"
"'165","'LINE","'structures, drawings that describe the bonding in molecules.","'99.98637390"
"'165","'LINE","'The number of bonds that an atom can form can often be predicted from the number","'99.98896027"
"'165","'LINE","'158","'99.52148438"
"'166","'LINE","'Chemical Bonding","'99.96093750"
"'166","'LINE","'of electrons needed to reach an octet. This is especially true of the non-metals of","'99.97249603"
"'166","'LINE","'the second period of the periodic table (C, N, O, and F). For example, each atom of","'98.45709229"
"'166","'LINE","'group IVA element has four electrons in its outermost shell and therefore requires four","'99.96815491"
"'166","'LINE","'more electrons to reach an octet. These four electrons can be gained by forming four","'99.98356628"
"'166","'LINE","'covalent bonds, as illustrated below for carbon in CCI₄ (carbon tetrachloride) and","'98.92628479"
"'166","'LINE","'silicon in SiH₄ (silane). Because hydrogen only needs two electrons to fill its valence","'97.94651031"
"'166","'LINE","'shell, it is an exception to the octet rule.","'99.94195557"
"'166","'LINE","':CI:","'84.80010986"
"'166","'LINE","'H","'88.25713348"
"'166","'LINE","':CI:C:CI: or :CI-C-CI: +","'52.56204605"
"'166","'LINE","':CI:","'80.92903137"
"'166","'LINE","'I:","'86.00286865"
"'166","'LINE","'H:Si:H or","'94.75635529"
"'166","'LINE","'H-Si-H","'85.85885620"
"'166","'LINE","':CI:","'68.29779053"
"'166","'LINE","'H","'94.56892395"
"'166","'LINE","':CI:","'77.20144653"
"'166","'LINE","'H","'95.48728180"
"'166","'LINE","'Group VA elements such as nitrogen have five valence electrons in the atomic Lewis","'99.95746613"
"'166","'LINE","'symbol: one lone pair and three unpaired electrons. To achieve an octet, these atoms","'99.75955963"
"'166","'LINE","'form three covalent bonds, as in NH₃ (ammonia).","'96.67833710"
"'166","'LINE","'HINTH","'47.94292068"
"'166","'LINE","'H*N*H","'31.56267929"
"'166","'LINE","'H","'94.26877594"
"'166","'LINE","'or","'99.65820313"
"'166","'LINE","'H","'93.70376587"
"'166","'LINE","'Oxygen and other atoms in group VIA achieve an octet by forming two covalent","'99.96739960"
"'166","'LINE","'bonds. For very simple molecules, we can write the Lewis structures by merely pairing","'99.97599792"
"'166","'LINE","'up the unpaired electrons on the constituent atoms. Look at the examples in Table 5.5.","'99.83556366"
"'166","'LINE","'Table 5.5 Lewis's formula of some simple covalent molecules.","'99.94964600"
"'166","'LINE","'Element/molecule","'97.35272217"
"'166","'LINE","'Dot formula","'99.88121796"
"'166","'LINE","'Line formula","'99.91539764"
"'166","'LINE","'Hydrogen","'99.97070313"
"'166","'LINE","'H:H","'99.21815491"
"'166","'LINE","'H-H","'97.86292267"
"'166","'LINE","'Nitrogen","'99.99023438"
"'166","'LINE","':N:::N:","'87.69611359"
"'166","'LINE","':N=N:","'70.60108185"
"'166","'LINE","'Oxygen","'99.87065887"
"'166","'LINE","'O: :O","'62.45486069"
"'166","'LINE","':0=0:","'44.43159866"
"'166","'LINE","'Chlorine","'99.97070313"
"'166","'LINE","':CI : Cl:","'17.93397141"
"'166","'LINE","':CI-CI:","'56.01622391"
"'166","'LINE","'Water","'99.93083954"
"'166","'LINE","'H:O:H","'96.20834351"
"'166","'LINE","'H-O-H","'96.48465729"
"'166","'LINE","'Ethene","'99.97070313"
"'166","'LINE","'H.,","'66.05348969"
"'166","'LINE","'H","'73.75608063"
"'166","'LINE","'H","'92.91075134"
"'166","'LINE","'H","'92.51454926"
"'166","'LINE","'H..C::C..T","'20.41653442"
"'166","'LINE","'H","'53.79125595"
"'166","'LINE","'c","'53.43172073"
"'166","'LINE","'c","'59.33035660"
"'166","'LINE","'H","'94.24365997"
"'166","'LINE","'H","'95.11319733"
"'166","'LINE","'Acetylene","'99.88281250"
"'166","'LINE","'H:C:::C:H","'55.23018646"
"'166","'LINE","'H-CEC-H","'45.30580521"
"'166","'LINE","'Formaldehyde","'99.79173279"
"'166","'LINE","':0:","'84.93303680"
"'166","'LINE","'H","'92.11096954"
"'166","'LINE","'H:C:H","'95.96009827"
"'166","'LINE","'c=0:","'51.14305496"
"'166","'LINE","'H","'95.97576141"
"'166","'LINE","'159","'99.65660858"
"'167","'LINE","'Chemistry Grade 9","'99.85324860"
"'167","'LINE","'+++++++++++++","'21.20914268"
"'167","'LINE","'Exercise 5.7","'99.93164063"
"'167","'LINE","'Provide the appropriate answer to the following questions.","'99.96928406"
"'167","'LINE","'1. Write the Lewis structure for the diatomic molecule P2, an unstable form of","'97.42422485"
"'167","'LINE","'phosphorus found in high-temperature phosphorus vapor.","'99.98046875"
"'167","'LINE","'2. Write Lewis structures for the following:","'99.98744202"
"'167","'LINE","'a. O2","'87.05377197"
"'167","'LINE","'b. H2CO","'97.30319214"
"'167","'LINE","'c. AsF₃","'68.27536774"
"'167","'LINE","'3. Construct models for CH₄, O2, N2, H2C2 molecules from locally available","'93.68669128"
"'167","'LINE","'materials.","'99.96014404"
"'167","'LINE","'5.3.3 Polarity in Covalent Molecules","'99.92968750"
"'167","'LINE","'At the end of this section, you will be able to","'99.83818817"
"'167","'LINE","'discuss the polarity in covalent molecules;","'99.96379852"
"'167","'LINE","'distinguish between polar and non-polar covalent molecules.","'99.92944336"
"'167","'LINE","'Students, please form groups and discuss the following","'99.98403168"
"'167","'LINE","'questions. Present your discussion points to the class.","'99.97650909"
"'167","'LINE","'1. Why is table salt soluble in water but not in oil?","'99.92446136"
"'167","'LINE","'?","'89.92187500"
"'167","'LINE","'2. What effects does electronegativity difference","'99.99186707"
"'167","'LINE","'have to the electron distribution of atoms that are","'99.98371887"
"'167","'LINE","'covalently bonded?","'99.98535156"
"'167","'LINE","'3. What would be the electron distribution of a","'99.77935791"
"'167","'LINE","'covalent bond formed from two atoms having","'99.99860382"
"'167","'LINE","'Activity 5.8","'99.89746094"
"'167","'LINE","'similar electronegativities?","'99.98046875"
"'167","'LINE","'The existence of a 100% ionic or covalent bond represents an ideal situation. In","'99.80707550"
"'167","'LINE","'reality no bond or a compound is either completely covalent or ionic. Even in case of","'99.81888580"
"'167","'LINE","'covalent bond between diatomic molecules, there is some ionic character.","'99.92247009"
"'167","'LINE","'When covalent bond is formed between two similar atoms, for example in H2, O2","'94.36617279"
"'167","'LINE","'CI₂, N2 or F2 the shared pair of electrons is equally attracted by the two atoms. As a","'94.72729492"
"'167","'LINE","'result electron pair is situated exactly between the two identical nuclei. The bond so","'98.47637939"
"'167","'LINE","'formed is called nonpolar covalent bond. Contrary to this in case of a heteronuclear","'99.70533752"
"'167","'LINE","'molecule like HF, the shared electron pair between the two atoms gets displaced more","'99.92968750"
"'167","'LINE","'towards fluorine since the electronegativity of fluorine (as you have learned in unit 4)","'99.70859528"
"'167","'LINE","'is far greater than that of hydrogen. The resultant covalent bond is a polar covalent","'99.88892365"
"'167","'LINE","'bond.","'99.96014404"
"'167","'LINE","'Nonpolar Covalent Molecules","'99.96691895"
"'167","'LINE","'Let US consider the homonuclear diatomic molecule H2. In a molecule like H2, in which","'97.49214935"
"'167","'LINE","'160","'99.83318329"
"'168","'LINE","'Chemical Bonding","'99.92675781"
"'168","'LINE","'the atoms are identical, we expect the electrons to be equally distributed between the","'99.95373535"
"'168","'LINE","'two atoms. The two hydrogens have equal electronegativity (2.1), and the difference","'99.93436432"
"'168","'LINE","'between the electronegativities will be zero. Therefore, the covalent bond in H2 is","'97.45732117"
"'168","'LINE","'non-polar. Generally, all homoatomic molecules like O₂, N2, Cl₂are non-polar covalent","'91.74179077"
"'168","'LINE","'molecules.","'99.96014404"
"'168","'LINE","'Let US consider the heteronuclear polyatomic molecule ethane (C2H6). There are two","'95.30379486"
"'168","'LINE","'different types of covalent bonds in ethane i.e., H-C and C-C. The electronegativity","'99.82526398"
"'168","'LINE","'value difference between hydrogen (2.1) and carbon (2.5) will be 0.4, which is below","'99.85103607"
"'168","'LINE","'the minimum value for a polar covalent bond. The C-C bond is non-polar because","'99.71903229"
"'168","'LINE","'there is no electronegativity value (0.5) difference between the two carbons. Hence,","'99.91247559"
"'168","'LINE","'ethane is a nonpolar covalent molecule.","'99.53290558"
"'168","'LINE","'Other examples of non-polar molecules include any of the homonuclear diatomic","'99.95539093"
"'168","'LINE","'elements (H₂, N₂, O₂, CI₂ which are truly non-polar molecules), carbon dioxide","'88.42420959"
"'168","'LINE","'(CO₂), benzene (C₆H₆), carbon tetrachloride (CCI₄), methane (CH₄), ethylene (C₂H₄).","'85.63159943"
"'168","'LINE","'hydrocarbon liquids (gasoline and toluene), and most organic molecules.","'99.86884308"
"'168","'LINE","'Non-polar molecules also form when atoms sharing a polar bond arrangement such","'99.63812256"
"'168","'LINE","'that the electric charges cancel out each other. For example, in CO2 and CCI₄ the","'96.95782471"
"'168","'LINE","'individual C-O and C-CI bonds are polar. This is because, in the case of C-O bond","'99.49963379"
"'168","'LINE","'the electronegativity value difference between carbon (2.5) and oxygen (3.5) is 1.0.","'99.78460693"
"'168","'LINE","'Hence, the bond is polar. Similarly, in C-CI bond the electronegativity value difference","'99.51538086"
"'168","'LINE","'between carbon (2.5) and chlorine (3.0) is 0.5, which is the minimum value requirement","'99.90509033"
"'168","'LINE","'for a polar covalent bond. However, in CO2 the molecular structure is linear O=C=O","'94.44921112"
"'168","'LINE","'and the charges on the two oxygen atoms cancel out each other as they are oriented","'99.96511078"
"'168","'LINE","'in the opposite directions (see below) making the molecule non-polar. In the case of","'99.93746185"
"'168","'LINE","'CCI₄, the chlorines arrange themselves in a tetrahedral geometry (see below) around","'96.80283356"
"'168","'LINE","'the carbon atom, and each partial charge on the four chlorine atoms will cancel out","'97.32572174"
"'168","'LINE","'each other. This made CCI₄ a nonpolar covalent molecule.","'98.19503784"
"'168","'LINE","'Cl","'68.12659454"
"'168","'LINE","'CI","'81.95322418"
"'168","'LINE","'C","'89.59203339"
"'168","'LINE","'C","'80.94039154"
"'168","'LINE","'δ+","'72.89511108"
"'168","'LINE","'to","'89.51760101"
"'168","'LINE","'8+","'77.18968964"
"'168","'LINE","'lo","'45.50422287"
"'168","'LINE","'Cl","'74.37779236"
"'168","'LINE","'Cl","'71.31058502"
"'168","'LINE","'C","'91.77037048"
"'168","'LINE","'Cl","'85.51479340"
"'168","'LINE","'CI","'85.35266113"
"'168","'LINE","'Polar Covalent Molecules","'99.95715332"
"'168","'LINE","'In many covalent bonds the electrons are not shared equally between two bonded","'99.95982361"
"'168","'LINE","'atoms. For example, in hydrogen chloride (HCI) the electrons are unevenly distributed","'99.91254425"
"'168","'LINE","'between the two atoms because the atoms that share the electrons in the molecule","'99.96542358"
"'168","'LINE","'are different and have different electronegativities. A bond in which electrons are","'98.03249359"
"'168","'LINE","'shared unevenly is called a polar bond or polar covalent bond. A polar bond has a","'98.15498352"
"'168","'LINE","'slight positive charge on one end and a slight negative charge on the other end. The","'99.88737488"
"'168","'LINE","'161","'99.71679688"
"'169","'LINE","'Chemistry Grade 9","'99.60286713"
"'169","'LINE","'greater the difference in electronegativity between the bonded atoms, the more polar","'99.96073914"
"'169","'LINE","'the bond will be. The direction of bond polarity can be indicated with an arrow. The","'99.97497559"
"'169","'LINE","'head of the arrow will point at the negative end of the bond; a short perpendicular","'99.76473999"
"'169","'LINE","'line near the tail of the arrow marks the positive end of the bond.","'99.96925354"
"'169","'LINE","'to","'87.41789246"
"'169","'LINE","'H-CI","'89.41027832"
"'169","'LINE","'H-CI","'90.16681671"
"'169","'LINE","'A polar molecule is a molecule containing polar bonds where the sum of all the","'98.82621002"
"'169","'LINE","'partial charges is not zero. Polar bonds form when there is a difference between","'99.81433868"
"'169","'LINE","'the electronegativity values of the atoms participating in a bond. Polar molecules","'99.67947388"
"'169","'LINE","'also form when the spatial arrangement of chemical bonds leads to a more positive","'99.70092010"
"'169","'LINE","'charge on one side of the molecule than the other.","'99.96061707"
"'169","'LINE","'The HCI bond and other polar bonds can be thought of as being intermediate between","'99.63424683"
"'169","'LINE","'a non-polar covalent bond, in which the sharing of electrons is exactly equal, and an","'99.87122345"
"'169","'LINE","'ionic bond, in which the transfer of the electron(s) is nearly complete.","'99.93518066"
"'169","'LINE","'Let US consider one more example, a water molecule H₂O. The electronegativity value","'96.61653900"
"'169","'LINE","'difference between oxygen and hydrogen (3.5-2.1 = 1.4) tells US the H-O bond is","'99.38793945"
"'169","'LINE","'polar. The magnitude of the electronegativity difference tells US how strongly polar","'99.81864929"
"'169","'LINE","'the H-O bond is. Unlike CO₂, the shape of a water molecule is a bent or V-shape and","'97.38659668"
"'169","'LINE","'unlike CO2 the net charge in H₂O will not cancel out each other. Thus, water is a polar","'95.31315613"
"'169","'LINE","'covalent molecule.","'99.88610077"
"'169","'LINE","'8-.8-","'17.40720558"
"'169","'LINE","'δ+ δ-","'89.03858948"
"'169","'LINE","'H","'94.11412048"
"'169","'LINE","'H","'96.93698120"
"'169","'LINE","'H-F","'90.79129791"
"'169","'LINE","'or","'99.36443329"
"'169","'LINE","'H-F","'86.99824524"
"'169","'LINE","'δ+","'56.43046570"
"'169","'LINE","'δ⁺","'63.02534866"
"'169","'LINE","'Other examples of polar molecules include ammonia (NH₃), sulfur dioxide (SO₂),","'96.38227844"
"'169","'LINE","'hydrogen sulfide (H₂S), methanol (CH O), and ethanol (C2H₆O).","'86.35157013"
"'169","'LINE","'The Distinction between Polar and Non-polar Covalent Bond and Ionic Bond","'97.00585175"
"'169","'LINE","'There is no sharp distinction between a polar covalent bond and an ionic bond,","'99.85211182"
"'169","'LINE","'but the following rules are helpful as a rough guide. An ionic bond results when","'99.78381348"
"'169","'LINE","'the electronegativity difference between the two bonding atoms is 2.0 or more.","'99.94439697"
"'169","'LINE","'This rule applies to most ionic compounds. A polar covalent bond forms when the","'98.62013245"
"'169","'LINE","'electronegativity difference between the atoms is in the range 0.5-2.0. If the","'99.89164734"
"'169","'LINE","'electronegativity difference is below 0.5, the bond is normally classified as a covalent","'99.77257538"
"'169","'LINE","'bond, with little or no polarity. Generally, ionic compounds are highly polar. Atoms of","'99.91945648"
"'169","'LINE","'elements with comparable electronegativities tend to form moderately polar covalent","'99.90570831"
"'169","'LINE","'bonds with each other because the shift in electron density is usually small. Atoms of","'99.97174072"
"'169","'LINE","'the same element, which have the same electronegativity, can be joined by a pure","'99.90050507"
"'169","'LINE","'nonpolar covalent bond.","'99.85763550"
"'169","'LINE","'162","'99.87304688"
"'170","'LINE","'Chemical Bonding","'99.98046875"
"'170","'LINE","'Example","'100.00000000"
"'170","'LINE","'Classify the following bonds as ionic, polar covalent, or covalent:","'99.94077301"
"'170","'LINE","'a. The bond in HCI,","'98.64261627"
"'170","'LINE","'b. The bond in KF, and","'99.93911743"
"'170","'LINE","'C. The C-C bond in H3CCH3.","'89.20068359"
"'170","'LINE","'Strategy: We follow the rule of electronegativity difference and look up the values in","'99.88483429"
"'170","'LINE","'the periodic table of electronegativity values.","'99.97017670"
"'170","'LINE","'Solution:","'99.91051483"
"'170","'LINE","'a. The electronegativity difference between H and CI is 0.9, which is appreciable","'99.22418213"
"'170","'LINE","'but not large enough (by the 2.0 rule) to qualify HCI as an ionic compound.","'99.75757599"
"'170","'LINE","'Therefore, the bond between H and CI is polar covalent.","'99.51426697"
"'170","'LINE","'b. The electronegativity difference between K and F is 3.2, which is well above the","'99.11810303"
"'170","'LINE","'2.0 mark; therefore, the bond between K and F is ionic.","'98.54653168"
"'170","'LINE","'C. The two C atoms are identical in every respect. They are bonded to each other","'95.21681976"
"'170","'LINE","'and each is bonded to three other H atoms. Therefore, the bond between them","'99.83166504"
"'170","'LINE","'is purely covalent since the electronegativity value difference between the two","'99.96124268"
"'170","'LINE","'carbon atoms is zero.","'99.94345093"
"'170","'LINE","'++++++++++++","'24.37380409"
"'170","'LINE","'Exercise 5.8","'99.91210938"
"'170","'LINE","'Provide the appropriate answer to the following questions.","'99.97660828"
"'170","'LINE","'1. Which of the following bonds is nonpolar covalent, which is polar covalent,","'99.93584442"
"'170","'LINE","'and which is ionic? (a) the bond in CsCl, (b) the H-N bond in NH3, (c) the NN","'95.57030487"
"'170","'LINE","'bond in H2NNH2.","'87.40792084"
"'170","'LINE","'2. Explain your answers to question number 1.","'99.84203339"
"'170","'LINE","'3. Explain why CO2 is non-polar whereas SO2 is polar covalent bond?","'95.33883667"
"'170","'LINE","'5.3.4 Coordinate Covalent Bond (Dative Bond)","'99.88716125"
"'170","'LINE","'At the end of this section, you will be able to","'99.65426636"
"'170","'LINE","'define coordinate covalent (dative) bond;","'99.87260437"
"'170","'LINE","'elucidate the formation of a coordinate covalent bond using suitable examples.","'99.89527893"
"'170","'LINE","'163","'99.68750000"
"'171","'LINE","'Chemistry Grade 9","'99.79465485"
"'171","'LINE","'Students, please form groups and discuss the following","'99.99389648"
"'171","'LINE","'questions. Present your discussion points to the class.","'99.96897888"
"'171","'LINE","'1. The cost of a ""doro wet"" meal in a certain hotel is","'99.38002777"
"'171","'LINE","'80 Birr. Person ""A"" has 200 Birr in his/her pocket","'99.50556183"
"'171","'LINE","'and he/she bought three ""doro wet"" by sharing 40","'99.53047943"
"'171","'LINE","'Birr with his/her friends. The same day evening he/","'99.32707977"
"'171","'LINE","'she met with his/her friend. Unfortunately, person","'99.92304230"
"'171","'LINE","'""A"" and his/her friend became hungry and wanted","'99.42861176"
"'171","'LINE","'to eat dinner. Person ""A""s friend, however, had no","'99.84452820"
"'171","'LINE","'money in his/her pocket. The only food they found in","'99.93937683"
"'171","'LINE","'the restaurant was ""Tibs"" and its cost is 80 Birr. How","'99.79328918"
"'171","'LINE","'?","'94.46289063"
"'171","'LINE","'could a person ""A"" and his/her friend eat dinner?","'99.33483124"
"'171","'LINE","'2. Is there another possible way for two atoms to form","'99.97595215"
"'171","'LINE","'a covalent bond other than through the equally","'99.72441864"
"'171","'LINE","'sharing of electrons between two atoms? Explain.","'99.96466827"
"'171","'LINE","'Activity 5.9","'99.72167969"
"'171","'LINE","'In the previous sections, we have discussed ionic and covalent bonding. There is a","'99.56309509"
"'171","'LINE","'third possibility in which unstable atom becomes stable and it is by sharing electrons.","'99.96047974"
"'171","'LINE","'However, the sharing is only from one atom. A coordinate covalent bond or sometimes","'98.70646667"
"'171","'LINE","'known as a dative bond is a covalent bond where the electron pair is provided by","'99.63906097"
"'171","'LINE","'only one of the bonded atoms but shared by both atoms after bond formation (Figure","'99.97423553"
"'171","'LINE","'5.13). The atoms are held together because both of the nuclei attract the electron","'99.74086761"
"'171","'LINE","'pair in similar fashion to that of a covalent bond. Once the coordinate covalent bond","'99.88024902"
"'171","'LINE","'is formed, it is impossible to distinguish the origin of the electrons. There are two","'99.96398163"
"'171","'LINE","'necessary conditions for a coordinate covalent bond to take place:","'99.66671753"
"'171","'LINE","'i.","'99.77379608"
"'171","'LINE","'One of the atoms must have a pair of electrons, in most cases lone pair electrons.","'99.75574493"
"'171","'LINE","'Examples of such molecules include H2O, NH3, and H2S.","'87.79645538"
"'171","'LINE","'ii.","'98.95468140"
"'171","'LINE","'The other atom must have an empty space in its valence shell in order to accept","'99.97655487"
"'171","'LINE","'a pair of electrons. Examples of such molecules include BF₃, AICI₃, and H+.","'95.33393097"
"'171","'LINE","'Pair of valance electrons","'99.95525360"
"'171","'LINE","'Sharing of valance electrons","'99.96034241"
"'171","'LINE","'available for bonding","'99.99674225"
"'171","'LINE","'coming from atom 1","'99.42711639"
"'171","'LINE","'+","'98.05584717"
"'171","'LINE","'Atom 1","'98.51412964"
"'171","'LINE","'Atom 2","'99.86776733"
"'171","'LINE","'Covalent molecule","'99.92067719"
"'171","'LINE","'(Electron donor) (Electron acceptor) (Coordinate covalent bond)","'99.85006714"
"'171","'LINE","'Figure 5.13 Atomic diagram that shows the formation of coordinate covalent bond","'99.91789246"
"'171","'LINE","'between atoms 1 and 2.","'99.49489594"
"'171","'LINE","'164","'99.71679688"
"'172","'LINE","'Chemical Bonding","'99.94628906"
"'172","'LINE","'Consider the reaction between BF₃ and NH₃. As we have discussed previously, boron","'96.59513855"
"'172","'LINE","'is one of the group IIIA elements that become stable without fulfilling the octet rule.","'99.86349487"
"'172","'LINE","'In BF₃, the number of valence electrons of boron is only 6. Thus, boron has a space","'99.01892853"
"'172","'LINE","'to hold two more electrons in its valence shell. On the other hand, in NH3, nitrogen","'97.58969879"
"'172","'LINE","'has a lone pair electron. Although boron trifluoride is stable, it readily forms a bond","'99.76044464"
"'172","'LINE","'with ammonia. This reaction takes place in such a way that nitrogen shares its pair of","'99.94243622"
"'172","'LINE","'electrons to boron forming a coordinate covalent bond as shown below. In this case,","'99.90382385"
"'172","'LINE","'both boron and nitrogen share the shared electrons of nitrogen.","'99.96925354"
"'172","'LINE","'H","'95.52954102"
"'172","'LINE","'F","'97.77263641"
"'172","'LINE","'H F","'93.38169861"
"'172","'LINE","'H","'87.36048889"
"'172","'LINE","'N:","'87.73368073"
"'172","'LINE","'B - F","'62.45553589"
"'172","'LINE","'H-N:B-F","'87.10078430"
"'172","'LINE","'H","'92.17056274"
"'172","'LINE","'F","'95.30194092"
"'172","'LINE","'HF","'86.65206146"
"'172","'LINE","'The second example of a coordinate covalent bond is the formation of ammonium","'99.89792633"
"'172","'LINE","'ion from hydrogen ion (H⁺) and ammonia (NH₃). The hydrogen ion has no electrons on","'98.15334320"
"'172","'LINE","'its valence shell and can accommodate two electrons in order to fulfil the electronic","'99.95763397"
"'172","'LINE","'configuration of the noble gas element helium. Ammonia shares its lone pair electrons","'99.93041229"
"'172","'LINE","'to hydrogen ions and forms a coordinate covalent bond as shown below.","'99.83790588"
"'172","'LINE","'H","'90.50561523"
"'172","'LINE","'H","'89.25302887"
"'172","'LINE","'H-N;","'44.42620087"
"'172","'LINE","'+","'95.49565125"
"'172","'LINE","'H+","'85.61663055"
"'172","'LINE","'H-N","'78.88440704"
"'172","'LINE","'H","'91.35343170"
"'172","'LINE","'or","'89.15447235"
"'172","'LINE","'NH₄⁺","'47.27817917"
"'172","'LINE","'H","'93.55886841"
"'172","'LINE","'H","'91.03934479"
"'172","'LINE","'The third example is the formation of AI2CI₆. The bonding in aluminium chloride (AICI₃)","'93.67514038"
"'172","'LINE","'is essentially covalent. Each aluminium (Al) atom has a deficit of two electrons in its","'98.95702362"
"'172","'LINE","'valance shell, and chlorine (CI) has a lone pair. Aluminium forms a coordinate covalent","'99.63706207"
"'172","'LINE","'bond with the CI atom on an adjacent AICI₃ group. As each of two aluminium atoms","'99.25362396"
"'172","'LINE","'does this, then aluminium chloride is a covalent dimer molecule with the formula AI₂Cl₆.","'95.27259827"
"'172","'LINE","'CI","'89.55735779"
"'172","'LINE","'CI","'92.51693726"
"'172","'LINE","':CI","'84.33354187"
"'172","'LINE","'CI-AI:CI","'74.30464935"
"'172","'LINE","'CI:","'67.49143219"
"'172","'LINE","'Al-CI","'46.09902954"
"'172","'LINE","'CI:AI-CI","'45.76102066"
"'172","'LINE","'CI","'92.17474365"
"'172","'LINE","'CI","'92.15023041"
"'172","'LINE","'Although the properties of a coordinate covalent bond do not differ from those of a","'99.83560181"
"'172","'LINE","'normal covalent bond (because all electrons are alike no matter what their source),","'99.91520691"
"'172","'LINE","'the distinction is useful for keeping track of valence electrons.","'99.97819519"
"'172","'LINE","'!!!!!!!!!!!!","'24.26319504"
"'172","'LINE","'Exercise 5.9","'99.81445313"
"'172","'LINE","'Provide the appropriate answer to the following questions.","'99.97050476"
"'172","'LINE","'1. Show the formation of carbon monoxide (CO) using Lewis's formula.","'99.58163452"
"'172","'LINE","'2. Explain the formation of hydronium ion (H₃O⁺).","'97.50224304"
"'172","'LINE","'165","'99.65820313"
"'173","'LINE","'Chemistry Grade 9","'99.76562500"
"'173","'LINE","'5.3.5 General Properties of Covalent Compounds","'99.92187500"
"'173","'LINE","'At the end of this section, you will be able to","'99.89424133"
"'173","'LINE","'explain the general properties of covalent compounds;","'99.98872375"
"'173","'LINE","'investigate the properties of given samples of covalent compounds.","'99.93247986"
"'173","'LINE","'Students, please form groups and discuss on the","'99.98779297"
"'173","'LINE","'following questions. Present your discussion points to","'99.97734070"
"'173","'LINE","'the rest of the class, when asked by your teacher.","'99.98917389"
"'173","'LINE","'1. Consider the covalent molecule water and the ionic","'99.90325165"
"'173","'LINE","'?","'89.98535156"
"'173","'LINE","'compound table salt. Compare them in terms of","'99.99267578"
"'173","'LINE","'state, melting point, boiling point and conductivity","'99.99291229"
"'173","'LINE","'of electricity.","'99.97518921"
"'173","'LINE","'2. Based on the above comparison, what general","'99.97548676"
"'173","'LINE","'properties can you suggest about covalent","'99.49537659"
"'173","'LINE","'Activity 5.10","'98.98397827"
"'173","'LINE","'compounds?","'99.96014404"
"'173","'LINE","'In the previous sections, we have discussed that covalent compounds are formed by","'99.96958160"
"'173","'LINE","'sharing electrons between two atoms. They have different physical and chemical","'99.99186707"
"'173","'LINE","'properties compared to ionic compounds. In this section, we are going to discuss about","'99.94275665"
"'173","'LINE","'the general properties of covalent compounds.","'99.96515656"
"'173","'LINE","'Physical Properties of Covalent Compounds","'99.96826935"
"'173","'LINE","'Covalent compounds form discrete molecules that can exist independently from each","'99.96753693"
"'173","'LINE","'other. Therefore, the physical properties of covalent molecules depend heavily on the","'99.96949005"
"'173","'LINE","'nature of their interaction with other molecules (intermolecular forces which will be","'99.94861603"
"'173","'LINE","'discussed in grade 11). Depending on the nature of these intermolecular interactions,","'99.67745209"
"'173","'LINE","'covalent compounds have the following properties.","'99.91702271"
"'173","'LINE","'a. At room temperature, most covalent compounds are gases or liquids. Some","'99.75092316"
"'173","'LINE","'covalent compounds are soft solids. The intermolecular force between most covalent","'99.91265869"
"'173","'LINE","'molecules is the weak van der Waal's force and will be discussed in grade 11.","'99.86953735"
"'173","'LINE","'b. Most covalent compounds have low melting and boiling points. The melting","'99.93783569"
"'173","'LINE","'point and boiling point of substances are also dependent on the intermolecular","'99.93138885"
"'173","'LINE","'forces between covalent molecules. Diamond is an exception. Its melting point is","'99.91241455"
"'173","'LINE","'very high (about 4027 °C).","'98.72181702"
"'173","'LINE","'c. Most covalent compounds are poor conductors of electricity. This is because","'96.49938965"
"'173","'LINE","'they cannot form ions in their solution form or molten state. Graphite, an allotrope","'99.96193695"
"'173","'LINE","'of carbon, has covalent bonds and is an exception as it is a good conductor.","'99.80496979"
"'173","'LINE","'Some covalent compounds like HCI that ionise in an aqueous solution are good","'99.68988037"
"'173","'LINE","'conductors of electricity as well.","'99.94319916"
"'173","'LINE","'d. Most covalent compounds are soluble in non-polar solvents and are insoluble","'99.94833374"
"'173","'LINE","'in polar solvents like water. The reason behind this is most covalent compounds","'99.96877289"
"'173","'LINE","'166","'99.81445313"
"'174","'LINE","'Chemical Bonding","'99.97558594"
"'174","'LINE","'are either non-polar or moderately polar. Water is a highly polar solvent and","'99.79654694"
"'174","'LINE","'cannot dissolve non-polar or moderately polar covalent molecules. Few polar","'99.96167755"
"'174","'LINE","'covalent compounds, however, dissolve in polar solvents such as methanol and","'99.91982269"
"'174","'LINE","'ethanol. The principle ""like dissolves like"" works in the solubility of substances.","'99.86590576"
"'174","'LINE","'e. Reactions of covalent compounds are slow compared to that of ionic","'99.83438110"
"'174","'LINE","'compounds. This is because of the existence of bond breaking in chemical","'99.97036743"
"'174","'LINE","'reactions wherein breaking a covalent bond needs high energy. In reactions of","'99.76130676"
"'174","'LINE","'ionic compounds, dissolution of ionic compounds releases ions relatively easily.","'99.93231964"
"'174","'LINE","'Hence, a relatively fast reaction occurs.","'99.76692200"
"'174","'LINE","'f. They have low density. The existence of a covalent compound in the liquid or","'99.81690216"
"'174","'LINE","'gaseous state makes the number of molecules per unit volume less, thereby leading","'99.97108459"
"'174","'LINE","'to low density.","'99.85086060"
"'174","'LINE","'************","'23.79743385"
"'174","'LINE","'Exercise 5.10","'99.56542969"
"'174","'LINE","'Provide the appropriate answer to the following questions.","'99.97172546"
"'174","'LINE","'1. Describe the properties of covalent compounds.","'99.91003418"
"'174","'LINE","'2. Compare the properties of covalent compounds with ionic compounds.","'99.97527313"
"'174","'LINE","'Intermolecular forces and their relationship to the states of matter will be discussed","'99.98479462"
"'174","'LINE","'in grade 11.","'99.56925201"
"'174","'LINE","'5.4 Metallic Bonding","'99.93164063"
"'174","'LINE","'In the previous sections, we have discussed about the two types of bonding known","'99.97385406"
"'174","'LINE","'as ionic and covalent. Coordinate covalent bond is a covalent bond but the way it","'99.81212616"
"'174","'LINE","'forms is different. These, however, are not the only types of bonding atoms can form.","'99.97444916"
"'174","'LINE","'There is a third type of bonding that occurs between metallic atoms. This bond unlike","'99.92140961"
"'174","'LINE","'other types of bonds will only occur between atoms of the same element. This section,","'99.97760010"
"'174","'LINE","'therefor, deals with the formation of metallic bonding and its properties.","'99.97560120"
"'174","'LINE","'5.4.1 Formation of Metallic Bond","'99.85921478"
"'174","'LINE","'At the end of this section, you will be able to discuss the formation of metallic bonds.","'99.88520050"
"'174","'LINE","'Students, please form groups and discuss the following","'99.99633789"
"'174","'LINE","'?","'86.32812500"
"'174","'LINE","'questions. Present your discussion points to the rest of","'99.97911835"
"'174","'LINE","'the class, when asked by your teacher.","'99.98291779"
"'174","'LINE","'1. Have you ever heard about metal molecules? Why?","'99.61537933"
"'174","'LINE","'2. Can two identical or different metal atoms form","'99.96049500"
"'174","'LINE","'molecule?","'99.79093933"
"'174","'LINE","'Activity 5.11","'99.33554077"
"'174","'LINE","'167","'99.61754608"
"'175","'LINE","'Chemistry Grade 9","'99.79492188"
"'175","'LINE","'A metal atom generally has either 1, 2, or 3 electrons in its valence shell. It can easily","'98.83248901"
"'175","'LINE","'lose these electrons and gain stability in the course of a chemical reaction. Metals are","'99.88295746"
"'175","'LINE","'thus highly electropositive in nature. These electrons lost by the metal are called free","'99.98239136"
"'175","'LINE","'electrons.","'99.91051483"
"'175","'LINE","'Metallic bonds occur among the same metal atoms. A sheet of aluminium foil and a","'98.68592072"
"'175","'LINE","'copper wire are good examples where you can see metallic bonding in action.","'99.80714417"
"'175","'LINE","'Sodium metal has the electronic configuration 2,8,1. When sodium atoms come","'99.84398651"
"'175","'LINE","'together, the electron in the outermost shell of one sodium atom shares space with the","'99.97575378"
"'175","'LINE","'equivalent valence electron on a neighbouring atom outermost shell, in much the same","'99.89492035"
"'175","'LINE","'way that a covalent bond is formed. The difference between a covalent bond and the","'99.80691528"
"'175","'LINE","'metallic bond in sodium atoms, however, is that each sodium atom is being touched by","'99.98041534"
"'175","'LINE","'eight other sodium atoms and the sharing occurs between the central atom and the","'99.98233032"
"'175","'LINE","'outermost shell on all of the eight other atoms. Each of these eight atoms, in turn, is","'99.96458435"
"'175","'LINE","'being touched by eight sodium atoms, which in turn are touched by eight atoms and so","'99.29405975"
"'175","'LINE","'on and so on, until all the atoms in that lump of sodium are taken. All of the outermost","'99.37289429"
"'175","'LINE","'shells on all of the sodium atoms overlap to give a vast number of molecular shells that","'99.87094116"
"'175","'LINE","'extend over the lamp of metal.","'99.93220520"
"'175","'LINE","'The electrons freely move within these molecular outermost shells, and therefore","'99.97382355"
"'175","'LINE","'each electron becomes detached from its parent atom. The electrons are said to be","'99.98459625"
"'175","'LINE","'delocalized. The metal is held together by the strong forces of attraction between the","'99.97745514"
"'175","'LINE","'positive nuclei and the delocalized electrons (Figure 5.14).","'99.76696777"
"'175","'LINE","'+","'93.54412842"
"'175","'LINE","'+","'90.31169891"
"'175","'LINE","'+","'89.96990204"
"'175","'LINE","'+","'93.08513641"
"'175","'LINE","'+","'94.03240967"
"'175","'LINE","'+","'90.62500000"
"'175","'LINE","'+","'91.94255829"
"'175","'LINE","'+","'91.57146454"
"'175","'LINE","'+","'91.83514404"
"'175","'LINE","'+","'91.70898438"
"'175","'LINE","'+","'91.95233154"
"'175","'LINE","'+","'92.18750000"
"'175","'LINE","'+","'88.95836639"
"'175","'LINE","'+","'91.61053467"
"'175","'LINE","'+","'93.20233154"
"'175","'LINE","'+","'90.82928467"
"'175","'LINE","'+","'93.11443329"
"'175","'LINE","'+","'92.65625000"
"'175","'LINE","'+","'93.36834717"
"'175","'LINE","'+","'91.37615204"
"'175","'LINE","'Figure 5.14 Metallic bonding: The Electron Sea Model: Positive atomic nuclei (orange","'99.91007996"
"'175","'LINE","'circles) surrounded by a sea of delocalized electrons (small yellow circles).","'99.92018890"
"'175","'LINE","'Such type of metallic bonding is sometimes described as ""an array of positive ions in","'99.85376740"
"'175","'LINE","'a sea of electrons"". Each positive centre in the diagram represents all the rest of the","'99.81740570"
"'175","'LINE","'atom apart from the outer electron, but that electron has not been totally lost from the","'99.98458862"
"'175","'LINE","'atoms. It may no longer have an attachment to a particular atom, but it's still there in","'99.87953949"
"'175","'LINE","'the structure. Sodium metal is therefore written as Na, not Na⁺.","'97.12098694"
"'175","'LINE","'Problem: Discus the metallic bonding in magnesium and explain why it has a higher","'99.92107391"
"'175","'LINE","'melting point than sodium metal.","'99.97819519"
"'175","'LINE","'168","'99.57031250"
"'176","'LINE","'Chemical Bonding","'99.96093750"
"'176","'LINE","'Strategy: Use the sea of electrons model to explain why magnesium has a higher","'99.87390137"
"'176","'LINE","'melting point (650°C) than sodium (97.79°C).","'97.95326996"
"'176","'LINE","'Solution","'99.96014404"
"'176","'LINE","'Magnesium has the electronic configuration 2, 8, 2. Both of the valence electrons","'99.91017914"
"'176","'LINE","'become delocalized, so the ""sea"" has twice the electron density as it does in sodium.","'99.02399445"
"'176","'LINE","'The remaining ""ions"" also have twice the charge and so there will be more and","'99.32124329"
"'176","'LINE","'strong attraction between ""ions"" and ""sea"". Each magnesium atom has 12 protons in","'99.89947510"
"'176","'LINE","'the nucleus compared with sodium's 11. In both magnesium and sodium, the nucleus","'99.81773376"
"'176","'LINE","'is screened from the delocalized electrons by the same number (10) of electrons in","'99.96977997"
"'176","'LINE","'the inner shells (2 + 8). This means that there will be a stronger attraction from the","'99.48541260"
"'176","'LINE","'magnesium nucleus of 2+ than the sodium nucleus which has only a 1+ nucleus.","'99.27804565"
"'176","'LINE","'So, there will be a greater number of delocalized electrons in magnesium which leads","'99.92218781"
"'176","'LINE","'to a greater attraction by the magnesium nuclei. The smaller radius of magnesium","'99.90087128"
"'176","'LINE","'atoms leads to stronger attractions of the delocalized electrons than sodium, as they","'99.95368958"
"'176","'LINE","'are closer to the magnesium nuclei. Each magnesium atom also has a greater number","'99.81765747"
"'176","'LINE","'(twelve) of near neighbours than sodium (eight). These factors, therefore, increase","'99.96760559"
"'176","'LINE","'further the strength of the bond in magnesium metal.","'99.98028564"
"'176","'LINE","'Transition metals tend to have particularly high melting points and boiling points. The","'99.98786163"
"'176","'LINE","'reason is that they can involve more valence electrons in the delocalization. The more","'99.95989990"
"'176","'LINE","'electrons involved the stronger the attractions tend to be.","'99.97803497"
"'176","'LINE","'<<<<<<<<<<<<","'15.21060944"
"'176","'LINE","'Exercise 5.11","'99.49707031"
"'176","'LINE","'Provide the appropriate answer to the following questions.","'99.98159027"
"'176","'LINE","'1. Define metallic bond.","'99.83543396"
"'176","'LINE","'2. Discuss the metallic bond in aluminium metal. (Hint: one aluminium atom will","'99.96219635"
"'176","'LINE","'be surrounded by 12 atoms).","'99.65413666"
"'176","'LINE","'3. Compare the metallic strength between magnesium and aluminium metals.","'99.95932770"
"'176","'LINE","'Justify your answer.","'99.97043610"
"'176","'LINE","'4. Draw the electron sea model of magnesium metal.","'99.97287750"
"'176","'LINE","'5.4.2 Properties of Metallic Bond","'99.94726563"
"'176","'LINE","'At the end of this section, you will be able to","'99.83722687"
"'176","'LINE","'explain the electrical and thermal conductivity of metals in relation to metallic","'99.98433685"
"'176","'LINE","'bonding;","'99.89098358"
"'176","'LINE","'make a model to demonstrate metallic bonding.","'99.78034210"
"'176","'LINE","'169","'99.75585938"
"'177","'LINE","'Chemistry Grade 9","'99.85976410"
"'177","'LINE","'Students, please form groups and discuss the","'99.99430847"
"'177","'LINE","'following questions. Present your discussion points to","'99.98152161"
"'177","'LINE","'the class.","'100.00000000"
"'177","'LINE","'1. Which of the following substances conduct","'99.94257355"
"'177","'LINE","'electricity? Dry cloth, plastic, dry wood, a piece","'99.70419312"
"'177","'LINE","'of metal.","'99.98007202"
"'177","'LINE","'?","'97.31445313"
"'177","'LINE","'2. Of the substances listed under question number 1,","'99.90931702"
"'177","'LINE","'what is the reason that all except one substance","'99.99240875"
"'177","'LINE","'do not conduct electricity?","'99.99755859"
"'177","'LINE","'3. Which of the substances mentioned under question","'99.98139191"
"'177","'LINE","'Activity 5.12","'99.95605469"
"'177","'LINE","'number 1 is the hardest? Why?","'99.80402374"
"'177","'LINE","'Metals have unique qualities, such as the ability to conduct electricity and heat. Metals","'99.96739960"
"'177","'LINE","'have other bulk properties which will be discussed in grade 10.","'99.98025513"
"'177","'LINE","'Conductivity: Since the electrons in metals are free to move between the positively","'99.97183990"
"'177","'LINE","'charged ""ions"". Pushing electrons from an outside source into a metal wire at one end","'99.73870850"
"'177","'LINE","'(Figure 5.15) would move the free electrons through the wire and come out at the other","'99.74427032"
"'177","'LINE","'end at the same rate. Such movement of charge is known as conductivity. These freely","'99.97900391"
"'177","'LINE","'moving electrons transfer electric charge as well as heat across the metallic structure.","'99.96513367"
"'177","'LINE","'This freedom of the valence electrons accounts for the high thermal conductivity in","'99.99392700"
"'177","'LINE","'metals as well.","'99.96067047"
"'177","'LINE","'is","'23.18777847"
"'177","'LINE","'+","'86.44451141"
"'177","'LINE","'e-","'39.66976166"
"'177","'LINE","'+","'88.35778046"
"'177","'LINE","'+Q","'90.62280273"
"'177","'LINE","'A","'98.11543274"
"'177","'LINE","'o-","'39.94021225"
"'177","'LINE","'+","'86.99467468"
"'177","'LINE","'.e-","'41.61142731"
"'177","'LINE","'+","'86.26793671"
"'177","'LINE","'e-","'38.04488373"
"'177","'LINE","'e","'20.92912865"
"'177","'LINE","'+","'86.49742889"
"'177","'LINE","'+","'93.74840546"
"'177","'LINE","'d.","'21.84809494"
"'177","'LINE","'+","'86.20366669"
"'177","'LINE","'e-","'33.80390930"
"'177","'LINE","'+","'94.20818329"
"'177","'LINE","'Figure 5.15 The ""sea of electrons"" (small bluish circles) is free to flow about the crystal of positive","'99.81057739"
"'177","'LINE","'metal ions (the large reddish circles). These flowing electrons can conduct electrical change when","'99.96025848"
"'177","'LINE","'an electric field is applied (e.g., a battery).","'99.66605377"
"'177","'LINE","'170","'99.92187500"
"'178","'LINE","'Chemical Bonding","'99.98046875"
"'178","'LINE","'++++++++++++","'20.16063499"
"'178","'LINE","'Exercise 5.12","'99.64355469"
"'178","'LINE","'Provide the appropriate answer to the following questions.","'99.97284698"
"'178","'LINE","'1. List the properties of metals.","'99.88865662"
"'178","'LINE","'2. What are the three factors that determine the strength of a metallic","'99.85268402"
"'178","'LINE","'bond?","'100.00000000"
"'178","'LINE","'3. Why metals have high melting and boiling points compared to the non-","'99.95663452"
"'178","'LINE","'metals?","'99.95037079"
"'178","'LINE","'Key Terms","'99.96054077"
"'178","'LINE","'Anion","'100.00000000"
"'178","'LINE","'Electronegativity","'99.83079529"
"'178","'LINE","'Multiple bond","'99.98535156"
"'178","'LINE","'Anode","'100.00000000"
"'178","'LINE","'Homonuclear","'99.84056091"
"'178","'LINE","'Noble gases","'99.99023438"
"'178","'LINE","'Bond polarity","'99.99511719"
"'178","'LINE","'Heteronuclear","'99.60140228"
"'178","'LINE","'Nonbonding electron","'99.95525360"
"'178","'LINE","'Boiling point","'99.99511719"
"'178","'LINE","'Immiscible liquids","'99.89546204"
"'178","'LINE","'Nonpolar molecule","'99.95037079"
"'178","'LINE","'Cation","'100.00000000"
"'178","'LINE","'lon","'77.67936707"
"'178","'LINE","'Octet rule","'99.90114594"
"'178","'LINE","'Cathode","'100.00000000"
"'178","'LINE","'lonic bond","'91.30122375"
"'178","'LINE","'Polar molecule","'99.97030640"
"'178","'LINE","'Chemical bond","'99.97070313"
"'178","'LINE","'lonic compound","'91.93369293"
"'178","'LINE","'Polyatomic molecule","'99.84624481"
"'178","'LINE","'Conductivity","'99.96014404"
"'178","'LINE","'lonization","'93.86161041"
"'178","'LINE","'Polyatomic ion","'99.45442200"
"'178","'LINE","'Covalent bond","'99.95077515"
"'178","'LINE","'lonization energy","'96.94585419"
"'178","'LINE","'Single bond","'99.97070313"
"'178","'LINE","'Covalent molecule","'99.94061279"
"'178","'LINE","'Lewis formula","'99.88570404"
"'178","'LINE","'Triple bond","'99.98046875"
"'178","'LINE","'Coordinate covalent bond","'99.90726471"
"'178","'LINE","'Lone pair electron","'99.95037079"
"'178","'LINE","'Unshared electron","'99.98007202"
"'178","'LINE","'Diatomic molecule","'99.99511719"
"'178","'LINE","'Melting point","'99.99511719"
"'178","'LINE","'Dot formula","'99.88082123"
"'178","'LINE","'Metallic bond","'99.99511719"
"'178","'LINE","'Double bond","'99.98046875"
"'178","'LINE","'Monoatomic ion","'99.54151154"
"'178","'LINE","'Unit Summary","'99.96054077"
"'178","'LINE","'In this unit, the association of the electrons and the properties of the elements in","'99.96561432"
"'178","'LINE","'chemical bond formation are discussed thoroughly. Elements are distinguishable","'99.87516785"
"'178","'LINE","'from each other due to their electrons. Because each element has a distinct number","'99.79412842"
"'178","'LINE","'of electrons, this determines their chemical properties as well as the extent of their","'99.95495605"
"'178","'LINE","'reactivity. In chemical bonding, only valence electrons are involved.","'99.93826294"
"'178","'LINE","'Except a few elements, the atoms of most of the elements have a characteristic","'99.79673004"
"'178","'LINE","'tendency to combine and form molecules or compounds. The atoms that form the","'99.94580841"
"'178","'LINE","'molecules are held together by attractive forces. A chemical bond is, therefore, the","'98.47563171"
"'178","'LINE","'force that holds atoms together to form molecules or compounds.","'99.91271210"
"'178","'LINE","'The octet rule states that atoms tend to form compounds in ways that give them eight","'99.96399689"
"'178","'LINE","'valence electrons, and thus the electron configuration of a noble gas. Most elements","'99.73830414"
"'178","'LINE","'follow the octet rule in chemical bonding, which means that in order to become stable","'99.96306610"
"'178","'LINE","'an element should have eight valence electrons in a bond or exactly fill up its valence","'99.64308167"
"'178","'LINE","'shell.","'99.95037079"
"'178","'LINE","'171","'99.79332733"
"'179","'LINE","'Chemistry Grade 9","'99.55078125"
"'179","'LINE","'In the course of chemical bond formation, atoms attain octet by sharing, loosing,","'99.92196655"
"'179","'LINE","'or gaining valence electrons. Metals tend to lose all their valence electrons while","'99.97571564"
"'179","'LINE","'nonmetals gain or share some of their valence electrons.","'99.93618011"
"'179","'LINE","'Any atom or molecule with a net charge, either positive or negative, is known as an","'99.82488251"
"'179","'LINE","'ion. Net electric charge of an ion is calculated as follows:","'99.93142700"
"'179","'LINE","'Net electric charge = number of protons - number of electrons","'96.04523468"
"'179","'LINE","'Anions are atoms or group of atoms having a net negative electric charge and cations","'99.77687836"
"'179","'LINE","'are atoms or group of atoms having a net positive electric charge. lons can be formed","'99.69569397"
"'179","'LINE","'by ionization, which is the process of a neutral atom losing or gaining its valence","'99.82991791"
"'179","'LINE","'electrons.","'99.87065887"
"'179","'LINE","'A bond formed by two oppositely charged ions due to electrostatic force is known","'99.24951172"
"'179","'LINE","'as an ionic bond. The process of forming such a bond is called ionic bonding. As a","'99.48371124"
"'179","'LINE","'general rule, ionic bond is formed between metallic and non-metallic elements.","'99.96427155"
"'179","'LINE","'In the Lewis symbol for an atom, the chemical symbol of the element with their valence","'99.96730042"
"'179","'LINE","'electrons is represented as dots surrounding it. The Lewis dot formula can also be","'99.94380188"
"'179","'LINE","'represented using the atomic diagram.","'99.99007416"
"'179","'LINE","'The properties of ionic compounds depend on how strongly the cations and anions","'99.98184967"
"'179","'LINE","'attract each other in an ionic bond. lonic compounds form crystals, have high melting","'99.09909058"
"'179","'LINE","'and boiling points, are hard and brittle, are soluble in polar solvents, conduct electricity","'99.95355988"
"'179","'LINE","'when dissolved in water or in a molten state, and have high density.","'99.84499359"
"'179","'LINE","'A covalent bond is formed when two atoms share one or more electron pairs. Based on","'98.90705109"
"'179","'LINE","'the number of pairs of shared electrons, the covalent bonds formed can be classified","'99.98663330"
"'179","'LINE","'into three:","'99.96542358"
"'179","'LINE","'Single bond: one pair of electrons is shared","'99.97914886"
"'179","'LINE","'Double bond: share two pairs of electrons and","'99.99501801"
"'179","'LINE","'Triple bond: share three pairs of electrons","'99.99011993"
"'179","'LINE","'In a heteronuclear molecule like HF, the shared electron pair between the two atoms","'99.75077820"
"'179","'LINE","'gets displaced more towards fluorine since the electronegativity of fluorine is far","'99.96453857"
"'179","'LINE","'greater than that of hydrogen. The resultant covalent bond is a polar covalent bond.","'99.85391235"
"'179","'LINE","'The molecule is termed as polar molecule.","'99.92687988"
"'179","'LINE","'An ionic bond results when the electronegativity difference between the two bonding","'99.98358917"
"'179","'LINE","'atoms is 2.0 or more. A polar covalent bond forms when the electronegativity","'98.14547729"
"'179","'LINE","'difference between the atoms is in the range 0.5-2.0.","'99.89385986"
"'179","'LINE","'A coordinate covalent bond or sometimes known as a dative bond is a covalent bond","'98.12852478"
"'179","'LINE","'where the electron pair is provided by only one of the bonded atoms but shared by","'99.98153687"
"'179","'LINE","'both atoms after bond formation. Once the coordinate covalent bond is formed, it is","'99.93287659"
"'179","'LINE","'172","'99.95117188"
"'180","'LINE","'Chemical Bonding","'99.94140625"
"'180","'LINE","'impossible to distinguish the origin of the electrons.","'99.95077515"
"'180","'LINE","'Depending on the nature of intermolecular interactions, covalent compounds are gases","'99.91641998"
"'180","'LINE","'or liquids, low melting and boiling points, poor conductors of electricity, soluble in non-","'99.91474152"
"'180","'LINE","'polar solvents and insoluble in polar solvents, less reactive than ionic compounds, and","'99.94824219"
"'180","'LINE","'have low density.","'99.86740112"
"'180","'LINE","'Metallic bonds occur among the same metal atoms. In metallic bonding the metal is","'99.93943787"
"'180","'LINE","'held together by the strong forces of attraction between the positive core and the","'99.97332001"
"'180","'LINE","'delocalized valence electrons of the metal. Metals have several unique qualities, such","'99.96372986"
"'180","'LINE","'as the ability to conduct electricity and heat.","'99.94364929"
"'180","'LINE","'Review Exercise","'99.96093750"
"'180","'LINE","'Part I: Basic Level Questions.","'99.35562897"
"'180","'LINE","'Choose the correct answer for the following questions.","'99.97304535"
"'180","'LINE","'1.","'99.30424500"
"'180","'LINE","'Which of the following does not contain ionic bond?","'99.95163727"
"'180","'LINE","'a. Sulfur dioxide","'99.56745148"
"'180","'LINE","'C. Silicon dioxide","'89.38835144"
"'180","'LINE","'b. Sodium oxide","'99.90805817"
"'180","'LINE","'d. Silver oxide","'99.94764709"
"'180","'LINE","'2.","'99.95117188"
"'180","'LINE","'Which substances has ions in its bonding model?","'99.92962646"
"'180","'LINE","'a. Copper","'99.48012543"
"'180","'LINE","'C. Copper oxide","'93.67015076"
"'180","'LINE","'b. Carbon dioxide","'99.92134857"
"'180","'LINE","'d. Carbon","'99.94628906"
"'180","'LINE","'3.","'99.92187500"
"'180","'LINE","'Which of the following is ionic compound","'99.96221924"
"'180","'LINE","'a. HCI","'99.11691284"
"'180","'LINE","'C. CO2","'70.67223358"
"'180","'LINE","'b. NaCl","'88.60292053"
"'180","'LINE","'d. HBr","'99.83318329"
"'180","'LINE","'4.","'99.91210938"
"'180","'LINE","'Which of the following molecules doesn't follow octet rule?","'99.90969086"
"'180","'LINE","'a. CH₄","'89.51521301"
"'180","'LINE","'C. BCI₃","'75.60108185"
"'180","'LINE","'b. CCI₄","'91.89004517"
"'180","'LINE","'d. CO2","'80.46904755"
"'180","'LINE","'5.","'99.87304688"
"'180","'LINE","'Which of the following compounds does not contain lone pair electrons?","'99.91613007"
"'180","'LINE","'a. H2O","'77.12989807"
"'180","'LINE","'C. HF","'86.16091919"
"'180","'LINE","'b. NH3","'80.19611359"
"'180","'LINE","'d. CCI₄","'92.68505096"
"'180","'LINE","'Part II: Intermediary Level Questions.","'99.81449127"
"'180","'LINE","'Tell whether the following statements are true or false.","'99.94964600"
"'180","'LINE","'6.","'99.87304688"
"'180","'LINE","'An Octet rule states that an element should have eight valence electrons in a","'99.85646057"
"'180","'LINE","'bond or exactly fill up its valence shell.","'99.72035980"
"'180","'LINE","'7.","'99.85271454"
"'180","'LINE","'Many elements in the third-row and beyond have been observed to form","'99.94859314"
"'180","'LINE","'compounds in which the central atom is surrounded by more than eight electrons.","'99.95900726"
"'180","'LINE","'8.","'99.96093750"
"'180","'LINE","'An ionic compound is denoted by writing its net negative charge in superscript","'99.95443726"
"'180","'LINE","'immediately after the chemical structure for the atom/molecule.","'99.71186829"
"'180","'LINE","'9.","'99.91210938"
"'180","'LINE","'lons can be formed by ionization, which is the process of a neutral atom losing","'99.71456909"
"'180","'LINE","'or gaining electrons.","'99.94412994"
"'180","'LINE","'10. As a general rule, ionic bond is formed between non-metallic elements.","'99.77877808"
"'180","'LINE","'11. An ionic bond forms when the electronegativity difference between the two","'99.90277100"
"'180","'LINE","'bonding atoms is less than 2.0.","'99.91131592"
"'180","'LINE","'173","'99.76562500"
"'181","'LINE","'Chemistry Grade 9","'99.81771088"
"'181","'LINE","'12. The properties of covalent compounds relate to how strongly the positive and","'99.96508026"
"'181","'LINE","'negative ions attract each other, in a covalent bond.","'99.65833282"
"'181","'LINE","'13. Most of the ionic compounds are crystalline solids.","'99.93283844"
"'181","'LINE","'14. Considerable heat energy is required to separate the strong electrostatic","'99.96323395"
"'181","'LINE","'attraction force between the positive and negative ions in ionic compounds.","'99.93402863"
"'181","'LINE","'15. The number of bonds that an atom can form can often be predicted from the","'99.98107910"
"'181","'LINE","'number of electrons needed to reach an octet.","'99.97782898"
"'181","'LINE","'16. A non-polar covalent bond forms when the electronegativity difference between","'99.28347015"
"'181","'LINE","'the atoms is in the range of 0.5-2.0.","'99.88690186"
"'181","'LINE","'17. Once the covalent bond is formed, it is possible to distinguish the origin of the","'99.97304535"
"'181","'LINE","'electrons.","'99.91051483"
"'181","'LINE","'Fill in the blank spaces.","'99.97835541"
"'181","'LINE","'18. There are two ways in which atoms can satisfy the octet rule. One way is by","'99.96644592"
"'181","'LINE","'their valence electrons with other atoms. The second way is","'99.98429108"
"'181","'LINE","'by","'99.99023438"
"'181","'LINE","'valence electrons from one atom to another.","'99.98453522"
"'181","'LINE","'19. Losing, gaining or sharing of the valence electrons is always accompanied","'99.97545624"
"'181","'LINE","'by","'99.64126587"
"'181","'LINE","'.","'85.52435303"
"'181","'LINE","'20. Atoms of","'99.97369385"
"'181","'LINE","'tend to lose all of their valence electrons, which leave","'99.97924805"
"'181","'LINE","'them with an octet from the next lowest principal energy level.","'99.97566986"
"'181","'LINE","'21. Any atom or molecule with a net charge, either positive or negative, is known as","'99.88990784"
"'181","'LINE","'.","'84.81484985"
"'181","'LINE","'22. A bond formed by two oppositely charged ions due to electrostatic force is","'99.44364166"
"'181","'LINE","'known as","'99.93164063"
"'181","'LINE","'.","'84.18586731"
"'181","'LINE","'23. In the","'99.93735504"
"'181","'LINE","'for an atom, the chemical symbol of the element is","'99.97046661"
"'181","'LINE","'written, and the valence electrons are represented as dots surrounding it.","'99.96878815"
"'181","'LINE","'24. Polar solvents dissolve polar compounds and non-polar solvents dissolve non-","'99.96323395"
"'181","'LINE","'polar compounds. This is commonly referred to as","'99.94192505"
"'181","'LINE","'.","'90.92375183"
"'181","'LINE","'25. Bonds sharing more than one pair of electrons are called","'99.98668671"
"'181","'LINE","'.","'88.56843567"
"'181","'LINE","'26.","'99.99023438"
"'181","'LINE","'occur between identical atoms or between different atoms","'99.95047760"
"'181","'LINE","'whose difference in electronegativity is insufficient to allow the transfer of","'99.93587494"
"'181","'LINE","'electrons to form ions.","'99.96786499"
"'181","'LINE","'27. Only atoms of the same element, which have the same electronegativity, can be","'99.96751404"
"'181","'LINE","'joined by a","'99.70576477"
"'181","'LINE","'bond.","'100.00000000"
"'181","'LINE","'28. A property that helps US distinguish a non-polar covalent bond from a polar","'98.77489471"
"'181","'LINE","'covalent bond is","'99.85464478"
"'181","'LINE","'.","'87.03105164"
"'181","'LINE","'29. When molecules share electrons equally in a covalent bond, there is no net","'99.78913116"
"'181","'LINE","'electrical charge across the molecule. Such type of covalent molecule is known","'99.95776367"
"'181","'LINE","'as","'99.95117188"
"'181","'LINE","'molecule.","'100.00000000"
"'181","'LINE","'30. A","'90.44014740"
"'181","'LINE","'is a covalent bond where the electron pair is provided by","'99.73435211"
"'181","'LINE","'only one of the bonded atoms but shared by both atoms after bond formation.","'99.96664429"
"'181","'LINE","'174","'99.89257813"
"'182","'LINE","'Chemical Bonding","'99.94140625"
"'182","'LINE","'Part III: Challenge Level Questions","'99.91538239"
"'182","'LINE","'Give appropriate answers to the following questions.","'99.97047424"
"'182","'LINE","'31. How many types of chemical bonds are there? What are they?","'99.94188690"
"'182","'LINE","'32. Name one solvent in which most of the ionic compounds dissolve.","'99.96304321"
"'182","'LINE","'33. In which state do ionic compounds conduct electricity?","'99.88646698"
"'182","'LINE","'34. Why do the nonpolar covalent compounds not conduct electricity?","'99.93353271"
"'182","'LINE","'35. What type of chemical bonds are found in each of the following compounds?","'99.96257782"
"'182","'LINE","'a.","'98.64955902"
"'182","'LINE","'Potassium chloride","'99.85560608"
"'182","'LINE","'g.","'99.75426483"
"'182","'LINE","'Methane","'99.96014404"
"'182","'LINE","'b.","'99.91131592"
"'182","'LINE","'Carbon dioxide","'99.98046875"
"'182","'LINE","'h.","'99.92187500"
"'182","'LINE","'Sodium chloride","'99.97070313"
"'182","'LINE","'C.","'85.34378815"
"'182","'LINE","'Hydrogen chloride","'99.97030640"
"'182","'LINE","'i.","'98.63739777"
"'182","'LINE","'Ammonia","'99.99023438"
"'182","'LINE","'d.","'99.96093750"
"'182","'LINE","'Water","'99.99023438"
"'182","'LINE","'i.","'77.67916870"
"'182","'LINE","'Phosphorus pentachloride","'99.82630920"
"'182","'LINE","'e.","'98.08912659"
"'182","'LINE","'Magnesium oxide","'99.92556000"
"'182","'LINE","'k.","'99.80309296"
"'182","'LINE","'Sulphur hexachloride","'99.73194885"
"'182","'LINE","'f.","'99.84375000"
"'182","'LINE","'Calcium fluoride","'99.91579437"
"'182","'LINE","'36. In what type of solvents do the a) polar compounds and b) nonpolar compounds","'99.88327789"
"'182","'LINE","'dissolve?","'99.85112762"
"'182","'LINE","'37. Why are molecules more stable than atoms?","'99.95433807"
"'182","'LINE","'38. What are the criteria due to which a covalent bond becomes polar or nonpolar?","'99.79835510"
"'182","'LINE","'39. Why are the partial positive and negative charge developed within a polar","'99.72872162"
"'182","'LINE","'covalent molecule?","'99.71161652"
"'182","'LINE","'40. What is a coordinate covalent bond?","'99.72351837"
"'182","'LINE","'41. Define a) polar covalent compound and b) nonpolar covalent compound.","'99.76881409"
"'182","'LINE","'42. Give some examples in which coordinate covalent bond formation takes place.","'99.94969177"
"'182","'LINE","'43. Draw the Lewis dot formulae for the bond formations in the following compounds.","'99.91166687"
"'182","'LINE","'a.","'98.34522247"
"'182","'LINE","'NaCl","'76.95771027"
"'182","'LINE","'d.","'99.89257813"
"'182","'LINE","'O₂","'47.21490479"
"'182","'LINE","'g.","'99.56712341"
"'182","'LINE","'NH₃","'58.66131210"
"'182","'LINE","'b.","'99.88281250"
"'182","'LINE","'CaF₂","'78.43929291"
"'182","'LINE","'e.","'98.74462128"
"'182","'LINE","'N₂","'64.42621613"
"'182","'LINE","'h. CH₄","'94.49398041"
"'182","'LINE","'C.","'68.91183472"
"'182","'LINE","'H2","'73.47257996"
"'182","'LINE","'f.","'99.73552704"
"'182","'LINE","'H2O","'74.03061676"
"'182","'LINE","'44. What are the factors responsible for the formation of covalent bond and ionic","'99.94850922"
"'182","'LINE","'bond?","'99.97070313"
"'182","'LINE","'45. Why do the noble gases not take part in a chemical reaction?","'99.68880463"
"'182","'LINE","'46. What type of bond formation takes place between a) a metal and a nonmetal","'99.59150696"
"'182","'LINE","'and b) two nonmetals?","'99.83502960"
"'182","'LINE","'47. Why do most of the ionic compounds exist in solid state while the covalent","'99.96837616"
"'182","'LINE","'compounds are mostly in gaseous or liquid state?","'99.91741943"
"'182","'LINE","'48. Why is the density of ionic compounds high and that of covalent compounds low?","'99.89614105"
"'182","'LINE","'49. Why are the melting points and boiling points of the ionic compounds high and","'99.95058441"
"'182","'LINE","'those of covalent compounds low?","'99.81321716"
"'182","'LINE","'50. Why do pure covalent compound not conduct electricity?","'99.88203430"
"'182","'LINE","'51. Why are ionic compounds soluble in water?","'99.93846130"
"'182","'LINE","'52. Why do polar covalent compounds dissolve in water?","'99.95706177"
"'182","'LINE","'53. What types of bonds exist in the following ions? a) ammonium ion b) hydronium","'99.83613586"
"'182","'LINE","'ion?","'99.89178467"
"'182","'LINE","'175","'99.75426483"
