'Page Number,'Type,'Text,'Confidence Score % (Line),
"'1","'LINE","'Physics","'100.00000000"
"'1","'LINE","'Physics","'99.57031250"
"'1","'LINE","'Student Textbook","'99.98007202"
"'1","'LINE","'Physics","'100.00000000"
"'1","'LINE","'Grade 11","'99.62133026"
"'1","'LINE","'Student Textbook","'99.98007202"
"'1","'LINE","'Student Textbook","'99.88201141"
"'1","'LINE","'Grade 11","'94.74180603"
"'1","'LINE","'E=Mc2","'67.06453705"
"'1","'LINE","'ISBN 978-99990-0-034-5","'98.62523651"
"'1","'LINE","'9","'95.35973358"
"'1","'LINE","'""789999""000345"">","'59.93084335"
"'1","'LINE","'Grade 11","'99.72656250"
"'1","'LINE","'&gouc+ ather","'17.88801003"
"'1","'LINE","'FDRE Ministry of Education","'99.99511719"
"'1","'LINE","'MUNC","'8.82782650"
"'1","'LINE","'FDRE Ministry of Education","'99.94364929"
"'1","'LINE","'2023","'99.97070313"
"'1","'LINE","'2023","'99.99023438"
"'1","'LINE","'MINISTRY OF EDUCATION","'88.17615509"
"'1","'LINE","'MINISTRY OF EDUCATION","'69.31308746"
"'2","'LINE","'Take Good Care of This","'99.98210144"
"'2","'LINE","'Textbook","'99.91051483"
"'2","'LINE","'This textbook is the property of your school. Take good","'99.98307800"
"'2","'LINE","'care not to damage or lose it. Here are 10 ideas that help","'99.97577667"
"'2","'LINE","'you take care of the book.","'99.97694397"
"'2","'LINE","'*","'69.28840637"
"'2","'LINE","'Physics","'89.66936493"
"'2","'LINE","'1. Cover the book with protective materials.","'99.94815826"
"'2","'LINE","'2. Always keep the book in a clean dry place.","'99.66866302"
"'2","'LINE","'think","'25.36631012"
"'2","'LINE","'E:MC?","'19.49776840"
"'2","'LINE","'3. Be sure your hands are clean when you use the book.","'99.82666016"
"'2","'LINE","'4. Do not write on the cover or inside pages.","'99.95753479"
"'2","'LINE","'5. Use a piece of paper or cardboard as a bookmark.","'99.29832458"
"'2","'LINE","'6. Never tear or cut out any pictures or pages.","'99.91271210"
"'2","'LINE","'on","'15.58992386"
"'2","'LINE","'7. Repair any torn pages with paste or tape.","'99.94837952"
"'2","'LINE","'8. Pack the book carefully when you place it in your school","'99.91471863"
"'2","'LINE","'bag.","'99.96014404"
"'2","'LINE","'9. Handle the book with care when passing it to another","'99.97862244"
"'2","'LINE","'person.","'100.00000000"
"'2","'LINE","'10. When using a new book for the first time, lay it on its","'99.46025848"
"'2","'LINE","'back. Open only a few pages at a time. Press lightly","'98.90277100"
"'2","'LINE","'along the bound edge as you turn the pages. This will","'99.91947174"
"'2","'LINE","'keep the cover in good condition.","'99.95688629"
"'3","'LINE","'Physics","'99.88201141"
"'3","'LINE","'Student Textbook","'99.98007202"
"'3","'LINE","'Grade","'100.00000000"
"'3","'LINE","'11","'99.96014404"
"'3","'LINE","'Writers","'100.00000000"
"'3","'LINE","'Fresenay Misker (MSc)","'99.69440460"
"'3","'LINE","'Zinaye Tefera (MSc)","'99.67786407"
"'3","'LINE","'Editors","'99.96014404"
"'3","'LINE","'Hagos Tsegaye (Ph.D), Content Editor","'99.92060089"
"'3","'LINE","'Abharam Zelalem (Ph.D), Curriculum Editor","'99.91832733"
"'3","'LINE","'Daniel Taye (Ph.D), Language Editor","'99.95053101"
"'3","'LINE","'Illustrator","'99.96014404"
"'3","'LINE","'Getasew Admasu","'99.98007202"
"'3","'LINE","'Designer","'100.00000000"
"'3","'LINE","'Geda Hoka (M.A.)","'98.36276245"
"'3","'LINE","'Evaluator","'99.92028046"
"'3","'LINE","'Girmaye Defar (MSc)","'99.70769501"
"'3","'LINE","'Dessie Melese (MSc)","'99.70769501"
"'3","'LINE","'Zafu Abraha (MSc)","'99.66484833"
"'3","'LINE","'+90 UC+","'21.80414963"
"'3","'LINE","'FLACAT","'15.45539665"
"'3","'LINE","'MINISTRY OF EDUCATION","'91.45421600"
"'3","'LINE","'HAWASSA UPA UNIVERSITY","'65.04643250"
"'3","'LINE","'FDRE, MINISTRY OF EDUCATION","'99.99267578"
"'3","'LINE","'HAWASSA UNIVERSITY","'99.96014404"
"'4","'LINE","'First Published in 2023 by the Federal Democratic Republic of Ethiopia,","'99.98565674"
"'4","'LINE","'Ministry of Education, under the General Education Quality Improvement","'99.98228455"
"'4","'LINE","'Program for Equity (GEQIP-E) supported by the World Bank, UK's Department","'99.86367798"
"'4","'LINE","'for International Development/DFID-now merged with the Foreign, Common","'99.36834717"
"'4","'LINE","'wealth and Development Office/FCDO, Finland Ministry for Foreign","'99.88059235"
"'4","'LINE","'Affairs, the Royal Norwegian Embassy, United Nations Children's Fund/","'99.94404602"
"'4","'LINE","'UNICEF), the Global Partnership for Education (GPE), and Danish","'99.95462799"
"'4","'LINE","'Ministry of Foreign Affairs, through a Multi Donor Trust Fund.","'99.92083740"
"'4","'LINE","'©2023 by the Federal Democratic Republic of Ethiopia, Ministry of","'99.97527313"
"'4","'LINE","'Education. All rights reserved. The moral rights of the author have been","'99.94779968"
"'4","'LINE","'asserted. No part of this textbook reproduced, copied in a retrieval","'99.91442871"
"'4","'LINE","'system, or transmitted in any form or by any means including electronic,","'99.96230316"
"'4","'LINE","'mechanical, magnetic, photocopying, recording or otherwise, without","'99.93910217"
"'4","'LINE","'the prior written permission of the Ministry of Education or licensing in","'99.98535156"
"'4","'LINE","'accordance with the Federal Democratic Republic of Ethiopia as expressed","'99.97558594"
"'4","'LINE","'in the Federal Negarit Gazeta, Proclamation No. 410/2004 - Copyright","'98.85214996"
"'4","'LINE","'and Neighboring Rights Protection.","'99.91051483"
"'4","'LINE","'The Ministry of Education wishes to thank many individuals, groups, and","'99.98654175"
"'4","'LINE","'other bodies involved - directly or indirectly - in publishing this Textbook.","'98.42223358"
"'4","'LINE","'Special thanks are due to Hawassa University for their huge contribution","'99.98838806"
"'4","'LINE","'to the development of this textbook in collaboration with Addis Ababa","'99.99378204"
"'4","'LINE","'University, Bahir Dar University, and Jimma University.","'99.96164703"
"'4","'LINE","'Copyrighted materials used by permission of their owners. If you are","'99.86170197"
"'4","'LINE","'the owner of copyrighted material not cited or improperly cited, please","'99.96494293"
"'4","'LINE","'contact the Ministry of Education, Head Office, Arat Kilo, (P.O.Box 1367),","'99.16999054"
"'4","'LINE","'Addis Ababa Ethiopia.","'99.91377258"
"'4","'LINE","'Printed by:","'99.94628906"
"'4","'LINE","'GRAVITY GROUP IND LLC","'99.92675781"
"'4","'LINE","'13th Industrial Area,","'99.11763763"
"'4","'LINE","'Sharjah, UNITED ARAB EMIRATES","'99.93816376"
"'4","'LINE","'Under Ministry of Education Contract no. MOE/GEQIP-E/LICB/G-01/23","'99.06600189"
"'4","'LINE","'ISBN: 978-99990-0-034-5","'99.97070313"
"'5","'LINE","'CONTENTS","'100.00000000"
"'5","'LINE","'Unit","'97.84837341"
"'5","'LINE","'1","'99.55974579"
"'5","'LINE","'1","'99.80388641"
"'5","'LINE","'1. Physics and Human Society","'99.97070313"
"'5","'LINE","'1","'99.68590546"
"'5","'LINE","'1.1 Importance of Physics to Society","'99.99186707"
"'5","'LINE","'1","'99.68590546"
"'5","'LINE","'1.2 Physics Communities and Their Roles","'99.99023438"
"'5","'LINE","'3","'99.44435120"
"'5","'LINE","'1.3 Making of Physics Knowledge","'99.99023438"
"'5","'LINE","'5","'99.87224579"
"'5","'LINE","'1.4 The Mission of Physics and Career Awareness","'99.99511719"
"'5","'LINE","'7","'99.87224579"
"'5","'LINE","'1.5 Current Status of Physics","'99.99023438"
"'5","'LINE","'10","'99.97070313"
"'5","'LINE","'Unit","'98.00621796"
"'5","'LINE","'2","'99.81445313"
"'5","'LINE","'17","'99.95037079"
"'5","'LINE","'2. Vectors","'99.97558594"
"'5","'LINE","'17","'99.99023438"
"'5","'LINE","'2.1 Vectors and Types of Vectors","'99.98371887"
"'5","'LINE","'17","'99.97070313"
"'5","'LINE","'2.2 Graphical Method of Addition of Vectors in Two Dimensions (2-D)","'99.97055817"
"'5","'LINE","'21","'99.97070313"
"'5","'LINE","'2.3 Algebraic Method of addition of vectors in Two Dimensions (2-D)","'99.98387909"
"'5","'LINE","'26","'100.00000000"
"'5","'LINE","'2.4 Product of Vectors","'99.97314453"
"'5","'LINE","'39","'99.96014404"
"'5","'LINE","'Unit","'97.41947937"
"'5","'LINE","'3","'99.28730774"
"'5","'LINE","'47","'99.96093750"
"'5","'LINE","'3. motion in one and two dimensions","'99.95897675"
"'5","'LINE","'47","'99.95037079"
"'5","'LINE","'3.1 Uniformly Accelerated Motion in 1D","'99.97057343"
"'5","'LINE","'48","'100.00000000"
"'5","'LINE","'3.2 Equations of Uniformly Accelerated Motion in 1D","'99.98159027"
"'5","'LINE","'54","'100.00000000"
"'5","'LINE","'3.3 Graphical Representation of Uniformly accelerated Motion in 1 D","'99.73722839"
"'5","'LINE","'60","'99.88042450"
"'5","'LINE","'3.4 Vertical Motion","'99.97369385"
"'5","'LINE","'70","'100.00000000"
"'5","'LINE","'3.5 Uniform Circular Motion","'99.97030640"
"'5","'LINE","'79","'99.99023438"
"'5","'LINE","'Unit","'97.03862762"
"'5","'LINE","'4","'99.85351563"
"'5","'LINE","'95","'99.93164063"
"'5","'LINE","'4. Dynamics","'99.97558594"
"'5","'LINE","'95","'99.97070313"
"'5","'LINE","'4.1 The Concept of Force and Newton's Laws of motion","'99.96518707"
"'5","'LINE","'96","'99.95037079"
"'5","'LINE","'4.2 Frictional Force","'99.99023438"
"'5","'LINE","'112","'99.96093750"
"'5","'LINE","'4.3 The First Condition of Equilibrium","'99.96515656"
"'5","'LINE","'126","'100.00000000"
"'5","'LINE","'4.4 Work, Energy and Power","'99.99609375"
"'5","'LINE","'128","'99.97070313"
"'5","'LINE","'4.5 Conservation of mechanical energy","'99.98812103"
"'5","'LINE","'144","'100.00000000"
"'5","'LINE","'4.6 Impulse and Linear Momentum","'99.98014832"
"'5","'LINE","'148","'99.99023438"
"'6","'LINE","'Unit 5","'98.79274750"
"'6","'LINE","'175","'100.00000000"
"'6","'LINE","'5. Heat Conduction and Calorimetry","'99.97070313"
"'6","'LINE","'175","'99.99023438"
"'6","'LINE","'5.1 The Concept of Heat","'99.99414063"
"'6","'LINE","'176","'100.00000000"
"'6","'LINE","'5.2 Heat transfer mechanisms","'99.99511719"
"'6","'LINE","'179","'100.00000000"
"'6","'LINE","'5.3 Heat Capacity and Specific Heat Capacity","'99.99581909"
"'6","'LINE","'183","'100.00000000"
"'6","'LINE","'5.4 Thermal expansion","'99.99674225"
"'6","'LINE","'186","'100.00000000"
"'6","'LINE","'5.5 Change of phase","'99.99755859"
"'6","'LINE","'196","'100.00000000"
"'6","'LINE","'5.6 Calorimetry","'100.00000000"
"'6","'LINE","'203","'100.00000000"
"'6","'LINE","'Unit 6","'98.81028748"
"'6","'LINE","'217","'99.99023438"
"'6","'LINE","'6. Electrostatics and Electric Circuit","'99.93279266"
"'6","'LINE","'217","'99.97070313"
"'6","'LINE","'6.1 Coulomb's Law","'99.68491364"
"'6","'LINE","'218","'99.97070313"
"'6","'LINE","'6.2 Electric Fields","'99.97721100"
"'6","'LINE","'225","'100.00000000"
"'6","'LINE","'6.3 Electric Potential","'99.99023438"
"'6","'LINE","'232","'100.00000000"
"'6","'LINE","'6.4 Electric Current, Resistance and ohm's law","'99.95595551"
"'6","'LINE","'240","'100.00000000"
"'6","'LINE","'6.6 Capacitors and Capacitance","'99.99755859"
"'6","'LINE","'270","'100.00000000"
"'6","'LINE","'6.7 Electric Circuits in Our Surroundings","'99.98535156"
"'6","'LINE","'280","'99.99023438"
"'6","'LINE","'Unit","'97.77184296"
"'6","'LINE","'7","'99.83398438"
"'6","'LINE","'287","'100.00000000"
"'6","'LINE","'7. Nuclear Physics","'99.94466400"
"'6","'LINE","'287","'99.99023438"
"'6","'LINE","'7.1 The nucleus","'99.99674225"
"'6","'LINE","'288","'100.00000000"
"'6","'LINE","'7.2 Radioactivity","'99.99511719"
"'6","'LINE","'299","'99.99023438"
"'6","'LINE","'7.3 Use of nuclear radiation","'99.98812103"
"'6","'LINE","'312","'99.97070313"
"'6","'LINE","'7.4 Nuclear Reaction and Energy Production","'99.99837494"
"'6","'LINE","'316","'100.00000000"
"'6","'LINE","'7.5 Safety Rules Against Hazards of Nuclear Radiation","'99.99389648"
"'6","'LINE","'323","'100.00000000"
"'7","'LINE","'UNIT 1","'99.86248779"
"'7","'LINE","'PHYSICS AND HUMAN SOCIETY","'99.91903687"
"'7","'LINE","'Introduction","'99.92028046"
"'7","'LINE","'Physics is a major driver of innovation and economic growth in world-wide in sectors","'99.80970001"
"'7","'LINE","'ranging from energy, security, advanced manufacturing, data extraction and analysis to","'99.99008942"
"'7","'LINE","'healt care and diagnostic, finance and communication for the benefit of society.","'99.99505615"
"'7","'LINE","'In this chapter you will understand the career opportunity of physics, the contribution of","'99.99790955"
"'7","'LINE","'physics for every individuals and economic growth of a country. In addition to see you","'99.82813263"
"'7","'LINE","'will practice the method of gaining knowledge, It is important in providing fundamental","'99.99324036"
"'7","'LINE","'knowledge for understanding nature, in providing applied knowledge for the development","'99.99371338"
"'7","'LINE","'of technology.","'99.93532562"
"'7","'LINE","'After completing this unit, student will be able to:","'99.98915100"
"'7","'LINE","'get acquainted with the impact of physics on society.","'99.95588684"
"'7","'LINE","'familiarize themselves with physics communities and their roles.","'99.99003601"
"'7","'LINE","'develop basic understanding of the making of physics knowledge.","'99.95579529"
"'7","'LINE","'familiarize themselves with basic principles and applications of physics in","'99.97225952"
"'7","'LINE","'various disciplines.","'100.00000000"
"'7","'LINE","'acquire basic knowledge and understandings of nature and appreciate it.","'99.97225952"
"'7","'LINE","'update themselves with the current status of physics.","'99.96644592"
"'7","'LINE","'1.1 Importance of Physics to Society","'99.96854401"
"'7","'LINE","'At the end of this section you will be able to:","'99.98476410"
"'7","'LINE","'explain the importance of physics to society","'99.94038391"
"'7","'LINE","'?","'99.77458954"
"'7","'LINE","'Brainstorming","'99.92028046"
"'7","'LINE","'1. What is the benefit of physics for society?","'99.95859528"
"'7","'LINE","'2. What are the technologies directly related to physics that benefit society?","'99.98603821"
"'7","'LINE","'1","'96.97285461"
"'8","'LINE","'Physics","'99.88201141"
"'8","'LINE","'Student Text Book","'99.82807159"
"'8","'LINE","'Physics is one of the sciences that generate fundamental knowledge needed for the","'99.96952057"
"'8","'LINE","'future technological advances that will continue to drive the economic engines of the","'99.97270966"
"'8","'LINE","'world. Physics contributes to the technological infrastructure and provides trained","'99.92637634"
"'8","'LINE","'personnel needed to take advantage of scientific advances and discoveries. Physics","'99.95932770"
"'8","'LINE","'is an important element in the education of chemists, engineers and computer","'99.97525024"
"'8","'LINE","'scientists, as well as practitioners of the other physical and biomedical sciences. The","'99.90763092"
"'8","'LINE","'future of any country and its contribution to the global economy is linked to its","'99.98952484"
"'8","'LINE","'ability to develop its human capital in the field of science and engineering. Through","'99.97024536"
"'8","'LINE","'its scientists and engineers, it is able to develop infrastructure for trade and industry.","'99.94124603"
"'8","'LINE","'Physics extends and enhances our understanding of other disciplines, such as","'99.95769501"
"'8","'LINE","'the earth, agricultural, chemical, biological, and environmental sciences, plus","'99.87599182"
"'8","'LINE","'astrophysics and cosmology subjects of substantial importance to all peoples of the","'99.97355652"
"'8","'LINE","'world.","'99.96014404"
"'8","'LINE","'Physics can play an important role in developing strategies to combat climate change,","'99.95612335"
"'8","'LINE","'in the development of cleaner energies, and in the development of technological","'99.97349548"
"'8","'LINE","'advancements.","'99.67135620"
"'8","'LINE","'Physics improves our quality of life by providing the basic understanding necessary","'99.98027039"
"'8","'LINE","'for developing new instrumentation and techniques for medical applications, such as","'99.95140839"
"'8","'LINE","'computer tomography, magnetic resonance imaging, positron emission tomography,","'99.86851501"
"'8","'LINE","'ultrasonic imaging, and laser surgery.","'99.94842529"
"'8","'LINE","'Physics and technology must work together to resolve the need for new technologies","'99.97346497"
"'8","'LINE","'that will decrease the damage to our planet, for strategies to ensure that the people","'99.98952484"
"'8","'LINE","'of developing countries have the tools to progress, the need for solutions to deadly","'99.99082184"
"'8","'LINE","'diseases that remain a threat, and the need for solutions to the increasing demands","'99.95333862"
"'8","'LINE","'we place on our resources before they depleted. The role of physics in our modern","'99.97108459"
"'8","'LINE","'world is more important than in any other time in history.","'99.97219086"
"'8","'LINE","'Society's reliance on technology represents the importance of physics in daily life.","'99.96868134"
"'8","'LINE","'Many aspects of modern society would not have been possible without the important","'99.97277069"
"'8","'LINE","'scientific discoveries made in the past. These discoveries became the foundation","'99.96561432"
"'8","'LINE","'on which current technologies were developed. Discoveries such as magnetism,","'99.95557404"
"'8","'LINE","'electricity, conductors and others made modern conveniences, such as television,","'99.75994110"
"'8","'LINE","'computers, phones and other business and home technologies possible. Modern","'99.97209930"
"'8","'LINE","'means of transportation, such as aircraft and telecommunications, have drawn","'99.84877014"
"'8","'LINE","'people across the world closer together all relying on concepts in physics.","'99.98196411"
"'8","'LINE","'2","'99.67773438"
"'9","'LINE","'Grade 11","'99.89218140"
"'9","'LINE","'The Influence of Physics on Society","'99.97193146"
"'9","'LINE","'Explain the important of physics in transport, electronics and health.","'99.97616577"
"'9","'LINE","'Simple mechanical devices such as pulleys and levers, as well as complex modern","'99.97652435"
"'9","'LINE","'machines like quantum computers and nuclear reactors, would be impossible to","'99.98461914"
"'9","'LINE","'create without the use of physics.","'99.98358917"
"'9","'LINE","'Physics lies at the root of many inventions that have had an enormous impact on the","'99.97421265"
"'9","'LINE","'everyday life of the average person. There are numerous ordinary objects that people","'99.97966003"
"'9","'LINE","'use regularly that rely on the science of physics to function, including semiconductors,","'99.84359741"
"'9","'LINE","'lasers, X-rays, GPS devices, radio transmitters and bar code scanners.","'99.94784546"
"'9","'LINE","'Transportation vehicles such as automobiles, airplanes and space shuttles could not","'99.95584106"
"'9","'LINE","'be constructed without the help of physics experts. Physics is also useful for military","'99.98657990"
"'9","'LINE","'purposes, informing the design of weapons. Many of the scientists responsible for","'99.99335480"
"'9","'LINE","'inventing the atomic bomb were physicists, and today physicists are involved in the","'99.97946930"
"'9","'LINE","'creation of nuclear weapons.","'99.99003601"
"'9","'LINE","'?","'98.43750000"
"'9","'LINE","'Activity 1.1","'99.55934906"
"'9","'LINE","'1. Explain the influence of physics on society in transport, health, economy,","'99.96731567"
"'9","'LINE","'technology, etc","'99.92107391"
"'9","'LINE","'1.2 Physics Communities and Their Roles","'99.96691895"
"'9","'LINE","'At the end of this section you will be able to:","'99.97403717"
"'9","'LINE","'discuss about physics communities and their roles.","'99.98860931"
"'9","'LINE","'?","'99.79412842"
"'9","'LINE","'Brainstorming","'99.96014404"
"'9","'LINE","'1. What is the purpose of establishment of physics communities? What are the","'99.96069336"
"'9","'LINE","'technologies directly related to physics that benefit society?","'99.99257660"
"'9","'LINE","'Physics communities are an organized group of persons associated together","'99.97128296"
"'9","'LINE","'for scientific purposes. This organization is established at the level of national,","'99.97518921"
"'9","'LINE","'continent as well as worldwide based on their aims. For example, Ethiopian Physical","'99.94980621"
"'9","'LINE","'Society (EPS) was established by Ethiopian physics professionals to enhance physics","'99.96035767"
"'9","'LINE","'research and education, thereby contributing its share to the overall development of","'99.97512054"
"'9","'LINE","'the country.","'99.98007202"
"'9","'LINE","'3","'99.11650848"
"'10","'LINE","'Physics","'99.89178467"
"'10","'LINE","'Student Text Book","'99.85112762"
"'10","'LINE","'Objectives of EPS","'99.95063782"
"'10","'LINE","'To promote physics education and research in the country;","'99.96240234"
"'10","'LINE","'To organize and coordinate various conferences on physics education","'99.89714050"
"'10","'LINE","'and exchange of scientific information;","'99.84853363"
"'10","'LINE","'To popularize physics in order to make students develop interest in","'99.97211456"
"'10","'LINE","'physics;","'99.75107574"
"'10","'LINE","'To promote active participation of Ethiopian physicists and the general","'99.96412659"
"'10","'LINE","'public in the design and implementation of the physics curriculum;","'99.92036438"
"'10","'LINE","'To create a means for disseminating scientific information; etc.","'99.86206055"
"'10","'LINE","'Ethiopian Physics Society in North America (EPSNA) was established to","'99.97819519"
"'10","'LINE","'promoting physics education and research among Ethiopians in Ethiopia and North","'99.96486664"
"'10","'LINE","'America. The mission of EPSNA was to promote and support the education and","'99.97941589"
"'10","'LINE","'training of Ethiopian Physics professionals by donating educational materials, field","'99.94818115"
"'10","'LINE","'equipment, computing facilities, provide scholarship. etc.","'94.63332367"
"'10","'LINE","'African association of physics students (aaps) is Student-run educational","'99.95489502"
"'10","'LINE","'association. It comprises students and recent graduates who are interested in physics.","'99.97702026"
"'10","'LINE","'The purpose of the organization is to encourage physics students in their scientific","'99.99092102"
"'10","'LINE","'and professional work in an African and an international context as well as to promote","'99.96810150"
"'10","'LINE","'relations between physics students from all over the world. The 'aaps' is committed","'99.98022461"
"'10","'LINE","'to supplement physics education with an international scientific experience and","'99.97624207"
"'10","'LINE","'it is affiliated with Physics societies and departments. 'aaps' is open to all persons","'99.96815491"
"'10","'LINE","'committed to physics.","'99.97017670"
"'10","'LINE","'Group Work","'99.98046875"
"'10","'LINE","'Make a group and do a project work on searching for detailed information about","'99.93072510"
"'10","'LINE","'Ethiopian space science society (ESSS) mission, strategies, goals etc and present","'99.92944336"
"'10","'LINE","'in the class.","'99.98345947"
"'10","'LINE","'?","'97.37304688"
"'10","'LINE","'Activity 1.2","'99.82870483"
"'10","'LINE","'What are the benefits of physics communities?","'99.95886230"
"'10","'LINE","'4","'97.89958954"
"'11","'LINE","'Grade 11","'99.81365967"
"'11","'LINE","'1.3 Making of Physics Knowledge","'99.94256592"
"'11","'LINE","'At the end of this section you will be able to:","'99.97137451"
"'11","'LINE","'discuss how scientific knowledge is constructed.","'99.97193146"
"'11","'LINE","'discuss the roles that the learning of physics plays to the individual","'99.97769928"
"'11","'LINE","'intellectual satisfaction.","'99.95525360"
"'11","'LINE","'?","'99.54021454"
"'11","'LINE","'Brainstorming","'99.92028046"
"'11","'LINE","'1. What is the process of gaining knowledge in physics?","'99.94914246"
"'11","'LINE","'One way of understanding the concept of knowledge is to look at the different ways","'99.98361969"
"'11","'LINE","'in which we acquire knowledge. There are two types of knowledge from two entirely","'99.97338104"
"'11","'LINE","'different sources. First, there is knowledge through experience: seeing something,","'99.96925354"
"'11","'LINE","'hearing about something, feeling something called a posteriori knowledge. Second,","'99.73928070"
"'11","'LINE","'there is knowledge that does not come from experience, but perhaps instead is","'99.96952057"
"'11","'LINE","'intuitively supplied from reason itself, such as logical and mathematical truths called","'99.94705200"
"'11","'LINE","'a priori knowledge.","'99.29740143"
"'11","'LINE","'Experimental knowledge","'99.83079529"
"'11","'LINE","'Experiential (a posteriori) knowledge is of many types. Four of them are sensory","'99.91764069"
"'11","'LINE","'perception, introspection, memory, and testimony: these are the four main ways of","'99.96196747"
"'11","'LINE","'acquiring knowledge through experience.","'99.92536163"
"'11","'LINE","'I. Sensory perception: sensory perception is perhaps the dominant source of","'99.85194397"
"'11","'LINE","'experiential knowledge, it immediately raises a critical question. We gather","'99.86592865"
"'11","'LINE","'knowledge by seeing, touching hearing, etc.","'99.98183441"
"'11","'LINE","'II. Introspection: Introspection is like a sixth sense that looks into the most","'99.80868530"
"'11","'LINE","'intimate parts of our minds, which allows us to inspect how we are feeling and","'99.97179413"
"'11","'LINE","'how our thoughts are operating. If I go to a doctor complaining of an aching","'99.87258148"
"'11","'LINE","'back, she'll ask me to describe my pain. Through introspection I then might","'99.79004669"
"'11","'LINE","'report, ""Well, it's a sharp pain that starts right here and stops right here.""","'99.90923309"
"'11","'LINE","'The doctor herself cannot directly experience what I do and must rely on my","'99.95937347"
"'11","'LINE","'introspective description.","'99.82063293"
"'11","'LINE","'III. Memory: a memory is like a recording device that captures events that one","'99.78633881"
"'11","'LINE","'can experience more or less in the order that they occur.","'99.97410583"
"'11","'LINE","'IV. Testimony: Testimonies from written sources are usually more reliable than","'99.93684387"
"'11","'LINE","'5","'99.64764404"
"'12","'LINE","'Physics","'99.91131592"
"'12","'LINE","'Student Text Book","'99.85112762"
"'12","'LINE","'oral sources, but much depends on the integrity of the author, publisher, and","'99.96257782"
"'12","'LINE","'the methods of fact-gathering.","'99.79377747"
"'12","'LINE","'Non-Experiential Knowledge","'99.60299683"
"'12","'LINE","'Turning next to non-experiential (a priori) knowledge, this source of information","'99.90097046"
"'12","'LINE","'is more difficult to describe. We presumably gain access to this knowledge through","'99.97791290"
"'12","'LINE","'rational insight. Usual examples of non-experiential knowledge are mathematics","'99.97694397"
"'12","'LINE","'and logic. Take, for example, 2+2=4. Indeed, I might learn from experience that two","'99.90957642"
"'12","'LINE","'apples plus two more apples will give me four apples.","'99.98917389"
"'12","'LINE","'Scientific method","'99.97070313"
"'12","'LINE","'The scientific method is an ordered series of steps to acquire knowledge based on","'99.98878479"
"'12","'LINE","'experimental evidence.","'99.87554169"
"'12","'LINE","'Examples of Scientific Method in Physics","'99.98358917"
"'12","'LINE","'Observation: the water boiled at a lower temperature when I was visiting the","'99.93628693"
"'12","'LINE","'mountains than when I was in other cities with low altitudes.","'99.94608307"
"'12","'LINE","'Question: Why does my water boil at different temperatures?","'99.94359589"
"'12","'LINE","'Research: In a chemistry book, you read that the boiling temperature of a substance","'99.95409393"
"'12","'LINE","'depends on the strength of the molecular bonds of a substance and","'99.90895081"
"'12","'LINE","'the pressure.","'99.99511719"
"'12","'LINE","'Hypothesis: Since the atmospheric pressure changes with altitude, the boiling","'99.97112274"
"'12","'LINE","'temperature of water is different at different altitudes.","'99.96034241"
"'12","'LINE","'Experiment: You decide to heat water at different altitudes and record the boiling","'99.97715759"
"'12","'LINE","'temperature.","'99.88042450"
"'12","'LINE","'Analysis:","'99.93083954"
"'12","'LINE","'Altitude (m)","'99.82221985"
"'12","'LINE","'Boiling point of water (C°)","'87.18431091"
"'12","'LINE","'O","'64.22134399"
"'12","'LINE","'100","'99.93083954"
"'12","'LINE","'150","'99.93164063"
"'12","'LINE","'99.5","'99.95117188"
"'12","'LINE","'305","'99.93083954"
"'12","'LINE","'99","'99.88201141"
"'12","'LINE","'610","'99.64445496"
"'12","'LINE","'98","'99.93083954"
"'12","'LINE","'1524","'99.97070313"
"'12","'LINE","'95","'99.96093750"
"'12","'LINE","'6","'97.07848358"
"'13","'LINE","'Grade 11","'99.90682983"
"'13","'LINE","'Your measurements indicate that as the height increases,","'99.97396851"
"'13","'LINE","'I","'47.69531250"
"'13","'LINE","'the boiling temperature of water decreases!","'99.96515656"
"'13","'LINE","'Question","'90.58613586"
"'13","'LINE","'Conclusion: The original hypothesis was correct. The","'99.98303223"
"'13","'LINE","'Analysis","'98.26590729"
"'13","'LINE","'boiling temperature of water decreases","'99.99804688"
"'13","'LINE","'approximately by one degree Celsius.","'99.94630432"
"'13","'LINE","'/","'70.52555084"
"'13","'LINE","'Hypothesis","'89.58765411"
"'13","'LINE","'?","'97.56835938"
"'13","'LINE","'Activity 1.3","'99.88769531"
"'13","'LINE","'1. Give some examples in the process of scientific method of knowledge gain.","'99.97884369"
"'13","'LINE","'1.4 The Mission of Physics and Career Awareness","'99.98139191"
"'13","'LINE","'At the end of this section you will be able to:","'99.98298645"
"'13","'LINE","'explain the job opportunities concerning to physics.","'99.99011993"
"'13","'LINE","'?","'99.64764404"
"'13","'LINE","'Brainstorming","'99.92028046"
"'13","'LINE","'1.","'99.56951904"
"'13","'LINE","'Mansion lists of career related to physics.","'99.99151611"
"'13","'LINE","'The diversity of physics careers is an appealing aspect for prospective students.","'99.98183441"
"'13","'LINE","'Physics graduates have skills that are in high demand in diverse sectors. These include","'99.98035431"
"'13","'LINE","'skills relating to numeracy, problem-solving, data analysis and the communication","'99.95736694"
"'13","'LINE","'of complex ideas, as well as a wider understanding of how the world works on a","'99.77755737"
"'13","'LINE","'scientific and human level.","'99.99267578"
"'13","'LINE","'Typical careers in physics","'99.96521759"
"'13","'LINE","'Whether you want to explore space, time,","'99.98721313"
"'13","'LINE","'PHYSICS:","'99.47444916"
"'13","'LINE","'matter or the many other intriguing elements","'99.98163605"
"'13","'LINE","'of the physical world, a physics degree can","'99.96298218"
"'13","'LINE","'OL","'12.95863533"
"'13","'LINE","'MULTIPLE","'94.40349579"
"'13","'LINE","'do wonders for your career path. While","'99.98721313"
"'13","'LINE","'CATEWAY","'84.61575317"
"'13","'LINE","'many physics graduates go on to work within","'99.98657227"
"'13","'LINE","'Geophysics","'59.44674683"
"'13","'LINE","'Science","'83.93972778"
"'13","'LINE","'Engineering","'89.71191406"
"'13","'LINE","'L","'18.24278450"
"'13","'LINE","'CAREER","'98.65015411"
"'13","'LINE","'graphy","'85.63586426"
"'13","'LINE","'Biophy","'78.85015106"
"'13","'LINE","'research roles, these are spread across many","'99.98593140"
"'13","'LINE","'YOUR","'96.91983795"
"'13","'LINE","'Chemistry","'99.18785858"
"'13","'LINE","'Meteorology","'93.95188904"
"'13","'LINE","'Authorize","'13.52045822"
"'13","'LINE","'OPTIONS","'96.36738586"
"'13","'LINE","'different industries - including education,","'97.98361969"
"'13","'LINE","'Medicine","'90.57138824"
"'13","'LINE","'Education","'52.75430679"
"'13","'LINE","'Actuarial","'91.64002228"
"'13","'LINE","'automotive and aerospace industries,","'99.90035248"
"'13","'LINE","'Patent","'90.76909637"
"'13","'LINE","'Science","'84.75366974"
"'13","'LINE","'defense, public sector, healthcare, energy,","'99.96014404"
"'13","'LINE","'materials, technology, computing and IT.","'99.92841339"
"'13","'LINE","'Figure 1: Career opportunities","'99.79576874"
"'13","'LINE","'7","'98.78826904"
"'14","'LINE","'Physics","'99.92107391"
"'14","'LINE","'Student Text Book","'99.89749146"
"'14","'LINE","'Physics careers in space and astrono-","'99.91539764"
"'14","'LINE","'my","'99.87065887"
"'14","'LINE","'As an astronomer, your job would be to","'99.95037079"
"'14","'LINE","'study the universe, collecting data from","'99.95349884"
"'14","'LINE","'global satellites and spacecraft and operating","'99.93695831"
"'14","'LINE","'radio and optical telescopes. Other tasks","'99.98007202"
"'14","'LINE","'within this sector include investigation and","'99.98671722"
"'14","'LINE","'research of new materials and technologies,","'99.96515656"
"'14","'LINE","'measuring performance of existing materials","'99.98014832"
"'14","'LINE","'Figure 2: A person observing","'98.15338135"
"'14","'LINE","'and technologies, and problem-solving at","'99.93865204"
"'14","'LINE","'stars through telescope","'99.98697662"
"'14","'LINE","'the design stage.","'100.00000000"
"'14","'LINE","'Physics careers in healthcare","'99.97538757"
"'14","'LINE","'Physics careers in the healthcare sector are","'99.97605896"
"'14","'LINE","'numerous. Medical physics overlaps significantly","'99.96826935"
"'14","'LINE","'with biomedical engineering, and physicists","'99.99202728"
"'14","'LINE","'work alongside biomedical engineers to create,","'99.98508453"
"'14","'LINE","'review and maintain medical technologies and","'99.96678162"
"'14","'LINE","'equipment. Although cardiology and neurology","'99.96810913"
"'14","'LINE","'are areas reserved for those with an additional","'99.98413086"
"'14","'LINE","'medical degree, physicists are regularly employed","'99.97857666"
"'14","'LINE","'within areas such as radiology, radiation oncology","'99.95188141"
"'14","'LINE","'Figure 3: observing CT scan","'99.75315094"
"'14","'LINE","'and nuclear medicine, in order to test and approve","'99.96140289"
"'14","'LINE","'result","'100.00000000"
"'14","'LINE","'the latest technologies and equipment.","'99.96810913"
"'14","'LINE","'Physics careers in engineering","'99.96542358"
"'14","'LINE","'The engineering sector provides many","'99.99007416"
"'14","'LINE","'careers in physics, particularly within","'99.97624207"
"'14","'LINE","'manufacturing and technology-based","'99.94412994"
"'14","'LINE","'roles. Physics graduates are often","'99.96631622"
"'14","'LINE","'tasked with improving and developing","'100.00000000"
"'14","'LINE","'products and manufacturing processes,","'99.98007202"
"'14","'LINE","'and benefit from a large range of","'99.87378693"
"'14","'LINE","'potential employers spanning multiple","'99.99003601"
"'14","'LINE","'industries such as medicine, energy,","'99.93654633"
"'14","'LINE","'transport, defense, space exploration and","'99.97217560"
"'14","'LINE","'Figure 4: engineers working place","'99.93913269"
"'14","'LINE","'telecommunications","'99.72098541"
"'14","'LINE","'8","'99.76562500"
"'15","'LINE","'Grade 11","'99.82790375"
"'15","'LINE","'Physics careers in energy","'99.97050476"
"'15","'LINE","'Whether we're talking about renewable or","'99.96054077"
"'15","'LINE","'non-renewable energy, there are plenty of","'99.96731567"
"'15","'LINE","'careers in physics within the energy sector.","'99.99442291"
"'15","'LINE","'Alongside the rise of renewable energy, oil","'99.98163605"
"'15","'LINE","'and gas companies remain big players in the","'99.80448914"
"'15","'LINE","'energy market and are major employers for","'99.99163055"
"'15","'LINE","'physics graduates. Oneb area of focus is","'99.97164154"
"'15","'LINE","'Figure 5: wind energy production","'99.87794495"
"'15","'LINE","'on extracting fossil fuel reserves in the most","'99.94731140"
"'15","'LINE","'site","'99.99023438"
"'15","'LINE","'efficient way possible, using knowledge of","'99.98007202"
"'15","'LINE","'the Earth's characteristics and the newest","'99.96014404"
"'15","'LINE","'technologies.","'99.72098541"
"'15","'LINE","'With the prospect of fossil fuels running out, energy companies are also branching","'99.99011230"
"'15","'LINE","'out into renewable alternatives such as wind and solar energy and are investing","'99.98253632"
"'15","'LINE","'heavily in research and development in this area, offering much career potential.","'99.97104645"
"'15","'LINE","'Your role here could be to collaborate with other scientists and engineers to develop","'99.99221802"
"'15","'LINE","'efficient and functional energy systems which harness the Earth's energy sustainably","'99.98010254"
"'15","'LINE","'and cost-effectively.","'99.92107391"
"'15","'LINE","'Physics careers in technology","'99.97782898"
"'15","'LINE","'A broad arena of continual growth and","'99.35527039"
"'15","'LINE","'innovation, the technology sector is a constant","'99.91643524"
"'15","'LINE","'source of new opportunities, challenges and","'99.97870636"
"'15","'LINE","'career paths. For physics graduates, there is","'99.98303223"
"'15","'LINE","'scope to work alongside other specialists in","'99.98442841"
"'15","'LINE","'order to develop new ideas and products. Fields","'99.99257660"
"'15","'LINE","'with particularly high demand for research and","'100.00000000"
"'15","'LINE","'development workers from various backgrounds","'99.98405457"
"'15","'LINE","'Figure 6: application of","'99.87712860"
"'15","'LINE","'include relatively young fields such as robotics,","'99.95176697"
"'15","'LINE","'machines","'99.96014404"
"'15","'LINE","'nanoscience and nanotechnology.","'99.65129852"
"'15","'LINE","'Technology careers in physics may be based in","'99.98393250"
"'15","'LINE","'public or private-sector research centers. Many","'99.92420197"
"'15","'LINE","'opportunities for graduates are available within","'99.98020172"
"'15","'LINE","'large technology companies, as these businesses","'99.96040344"
"'15","'LINE","'are keen to attract innovative and talented","'99.98872375"
"'15","'LINE","'researchers from around the world.","'99.96810913"
"'15","'LINE","'9","'96.35582733"
"'16","'LINE","'Physics","'99.92107391"
"'16","'LINE","'Student Text Book","'99.87091827"
"'16","'LINE","'Geophysics and meteorology careers","'99.98027039"
"'16","'LINE","'Those who study physics are also prime","'99.99442291"
"'16","'LINE","'candidates for environmental careers, thanks","'99.92825317"
"'16","'LINE","'to their scientific understanding of the ways in","'99.98261261"
"'16","'LINE","'which the Earth functions. While geophysicists","'99.96014404"
"'16","'LINE","'are more concerned with the prediction of","'99.99023438"
"'16","'LINE","'natural disasters, meteorologists focus on areas","'99.90726471"
"'16","'LINE","'such as daily weather forecasting, as well as","'99.95443726"
"'16","'LINE","'Figure 7: Metrological report","'99.83622742"
"'16","'LINE","'researching the long-term effects of climate","'99.96717834"
"'16","'LINE","'change.","'99.96014404"
"'16","'LINE","'Research scientist careers","'99.98371887"
"'16","'LINE","'The main reason to study physics is to help","'99.99015045"
"'16","'LINE","'you gain more in-depth, specialized knowledge","'99.97857666"
"'16","'LINE","'to prepare you to work effectively in a specific","'99.95597839"
"'16","'LINE","'field. Potential areas of specialization include","'99.97180176"
"'16","'LINE","'astrophysics, particle physics, biotechnology,","'99.88042450"
"'16","'LINE","'nanotechnology, meteorology, aerospace","'99.82402039"
"'16","'LINE","'dynamics, atomic and laser physics,","'99.97608948"
"'16","'LINE","'atmospheric, oceanic and planetary physics and","'99.96704865"
"'16","'LINE","'climate science.","'99.96542358"
"'16","'LINE","'Figure 8: Data scientist","'99.88954163"
"'16","'LINE","'The mission of physics is to advance science, engineering, and innovation","'99.97647858"
"'16","'LINE","'throughout the world for the benefit of all and serving Society.","'99.99549103"
"'16","'LINE","'1.5 Current Status of Physics","'99.97233582"
"'16","'LINE","'At the end of this section you will be able to:","'99.97129822"
"'16","'LINE","'list at least five recent new developments or discoveries in the fields of","'99.96588898"
"'16","'LINE","'physics.","'99.96014404"
"'16","'LINE","'?","'99.83318329"
"'16","'LINE","'Brainstorming","'99.92028046"
"'16","'LINE","'Go to library and websites search out what are the newest discoveries in physics","'99.81440735"
"'16","'LINE","'Nowadays, there is a lot of discoveries and inventions in different parts of the world.","'99.90721130"
"'16","'LINE","'Among this some are listed below.","'99.98860931"
"'16","'LINE","'10","'99.65660858"
"'17","'LINE","'Grade 11","'99.90154266"
"'17","'LINE","'Major recent discoveries in Physics","'99.97624207"
"'17","'LINE","'Physics is the study of physical world from the smallest particles to the gigantic","'99.99006653"
"'17","'LINE","'structures known to human; galaxies, clusters of galaxies and black holes. Some of","'99.96858978"
"'17","'LINE","'them are,","'99.96093750"
"'17","'LINE","'Discovery of Exoplanets:","'99.90373993"
"'17","'LINE","'Exoplanet or extrasolar planet is a planet","'99.90097809"
"'17","'LINE","'outside our solar system. As of 1 October","'99.90104675"
"'17","'LINE","'2022, there are 5,197 confirmed exoplanets","'99.64996338"
"'17","'LINE","'in 3,833 planetary systems.","'99.94589233"
"'17","'LINE","'Michel Mayor and Didier Queloz won the","'99.99023438"
"'17","'LINE","'Nobel Prize in Physics in 2019.","'99.97030640"
"'17","'LINE","'Figure 9: Artist's impressio of exo","'96.80455017"
"'17","'LINE","'planet orbiting two stars","'99.99023438"
"'17","'LINE","'https://www.nobelprize.org/interactive-visualisations-the-discovery-of-exoplanets/","'87.62775421"
"'17","'LINE","'https://en.wikipedia.org/wiki/Michel Mayor","'81.33669281"
"'17","'LINE","'https://en.wikipedia.org/wiki/Didier Queloz","'99.03399658"
"'17","'LINE","'Black hole:","'99.96093750"
"'17","'LINE","'Black hole is a region of space-time the gravity","'99.77441406"
"'17","'LINE","'of it so strong that nothing can escape. Not","'99.36025238"
"'17","'LINE","'even, light (electromagnetic wave).","'99.86168671"
"'17","'LINE","'Roger Penrose, Reinhard Genze. And","'99.96810913"
"'17","'LINE","'Andrea M. Ghez have won the Nobel Prize in","'99.80448914"
"'17","'LINE","'2020 for discovery black hole formation and","'99.99291229"
"'17","'LINE","'discovery of supermassive compact object","'99.98405457"
"'17","'LINE","'(Black hole) at the center of our Milky-way","'99.93144226"
"'17","'LINE","'Galaxy.","'99.92028046"
"'17","'LINE","'Figure 10: Image of Black Hole","'99.88391113"
"'17","'LINE","'https://en.wikipedia.org/wiki/Roger_Penrose,","'75.21045685"
"'17","'LINE","'https://en.wikipedia.org/wiki/Reinhard_Genzel","'77.07330322"
"'17","'LINE","'https://en.wikipedia.org/wiki/Andrea_M_Ghez","'82.37543488"
"'17","'LINE","'11","'99.10973358"
"'18","'LINE","'Physics","'99.91131592"
"'18","'LINE","'Student Text Book","'99.88420868"
"'18","'LINE","'Quantum cryptography:","'99.83119202"
"'18","'LINE","'Cryptography is a way of sending information and messages in secret. Think of your","'99.95623779"
"'18","'LINE","'bank account number, password etc. without the secret encryption all these are at","'99.98178101"
"'18","'LINE","'risk. Quantum cryptography is an application of quantum physics that enhances the","'99.98107910"
"'18","'LINE","'security of the information exchange at higher level.","'99.98525238"
"'18","'LINE","'High energy physics (Particle Accelerators)","'99.78555298"
"'18","'LINE","'July 4, 2012 EC, CERN scientists (thousands of them doing collaboratively from","'99.94298553"
"'18","'LINE","'almost every corner of the world) discovered a particle called Higgs Boson. It is a","'99.91213989"
"'18","'LINE","'subatomic particle like photons, protons and electrons but at the very basic level.","'99.98548126"
"'18","'LINE","'The experiment took 60 years to prove the existence of this particle.","'99.98027039"
"'18","'LINE","'Gravitational wave (Large scale structures)","'99.71966553"
"'18","'LINE","'Even more years have taken to prove Albert Einstein's theory of gravity that says","'99.92818451"
"'18","'LINE","'gravity is a wave that travels with the speed of light 3.00 X 10⁸ m /s. The hypothesis","'97.69992828"
"'18","'LINE","'was formulated in 1916, it was proved to be right in 2016 by LIGO, it took again","'99.97851563"
"'18","'LINE","'thousands of scientists' collaborative work. They use Laser Interferometer as shown","'99.47294617"
"'18","'LINE","'in the figure.","'99.97017670"
"'18","'LINE","'Global warming:","'99.95077515"
"'18","'LINE","'Global warming is an increase in earth's temperature and its impact on earth's climate.","'99.94159698"
"'18","'LINE","'Climate is a long-term weather variability","'99.93761444"
"'18","'LINE","'averaged over many years and decades. Some","'99.97605896"
"'18","'LINE","'of the variables are temperature, humidity,","'99.96189880"
"'18","'LINE","'atmospheric pressure and wind. According to","'99.97383118"
"'18","'LINE","'World Meteorological Organization (WMO)","'99.95769501"
"'18","'LINE","'a typical variability average year is 30.","'99.90120697"
"'18","'LINE","'Syukuro Manabe and Klaus Hasselmann","'99.97608948"
"'18","'LINE","'have won the Nobel Prize in Physics in 2021","'99.96926117"
"'18","'LINE","'for modeling earth's climate and reliability","'99.96014404"
"'18","'LINE","'predicting global warming. The following","'99.97608948"
"'18","'LINE","'Figure 11: gravitational wave","'99.77300262"
"'18","'LINE","'images from Wikipedia illustrate the effect of","'99.98721313"
"'18","'LINE","'experimenting areas","'99.94628906"
"'18","'LINE","'global warming.","'99.95077515"
"'18","'LINE","'12","'99.73632813"
"'19","'LINE","'Grade 11","'99.91131592"
"'19","'LINE","'Temperature change in the last 50 years","'99.98314667"
"'19","'LINE","'Global surface temperature","'99.94359589"
"'19","'LINE","'°C","'96.77275848"
"'19","'LINE","'°F","'98.96185303"
"'19","'LINE","'Observed temperature","'99.93083954"
"'19","'LINE","'3.0","'99.88042450"
"'19","'LINE","'1.5","'99.92028046"
"'19","'LINE","'Change from pre-industrial","'99.16214752"
"'19","'LINE","'Human and natural drivers","'99.97274780"
"'19","'LINE","'Natural drivers only","'99.97396088"
"'19","'LINE","'2.0","'100.00000000"
"'19","'LINE","'1.0","'99.92028046"
"'19","'LINE","'0.5","'99.96014404"
"'19","'LINE","'1.0","'99.88042450"
"'19","'LINE","'0","'99.59243774"
"'19","'LINE","'0","'99.57290649"
"'19","'LINE","'2011-2021 average VS 1956-1976 baseline","'96.52288055"
"'19","'LINE","'-0.5","'99.92028046"
"'19","'LINE","'-1.0","'99.89098358"
"'19","'LINE","'-1.0 -0.5 -0.2 +0.2 +0.5 +1.0 +2.0 +4.0 °C","'94.90911865"
"'19","'LINE","'Year 1850","'99.94628906"
"'19","'LINE","'1900","'100.00000000"
"'19","'LINE","'1950","'100.00000000"
"'19","'LINE","'2000 2020","'99.84375000"
"'19","'LINE","'-1.8 -0.9 -0.4 +0.4 +0.9 +1.8 +3.6 +7.2°F","'94.69712067"
"'19","'LINE","'https://en.wikipedia.org/wiki/Syukuro_","'59.22672272"
"'19","'LINE","'Figure 12: illustrating the effect of","'99.95728302"
"'19","'LINE","'Manabe","'100.00000000"
"'19","'LINE","'https://en.wikipedia.org/wiki/Klaus","'69.54878235"
"'19","'LINE","'global warming.","'99.91171265"
"'19","'LINE","'Hasselmann","'99.96014404"
"'19","'LINE","'James Webb Space Telescope (JWST)","'99.96810913"
"'19","'LINE","'It is an infrared telescope located between","'99.98884583"
"'19","'LINE","'earth and sun at a distance of 1,500,000 km","'99.85282898"
"'19","'LINE","'beyond Earth's orbit around the Sun. It is","'99.98017120"
"'19","'LINE","'operating at the temperature of (-223 °C)","'97.86363220"
"'19","'LINE","'important for infrared detection of the","'100.00000000"
"'19","'LINE","'galaxies and other large-scale structures.","'99.94303894"
"'19","'LINE","'Figure 13: image of JWST","'99.91162872"
"'19","'LINE","'13","'99.88281250"
"'20","'LINE","'Physics","'99.93083954"
"'20","'LINE","'I","'59.33663177"
"'20","'LINE","'Student Text Book","'99.86062622"
"'20","'LINE","'It will tell us about assembly of galaxies, birth","'99.96148682"
"'20","'LINE","'of stars and atmospheres of exoplanets and","'99.92028046"
"'20","'LINE","'objects in our solar system.","'99.98421478"
"'20","'LINE","'Figure 14: Star formation in Carina","'99.98033905"
"'20","'LINE","'Nebula.","'99.92028046"
"'20","'LINE","'Future perspectives.","'99.89546204"
"'20","'LINE","'Research at the forefront is very expensive (Billions of dollars), it is also needing a","'99.96311951"
"'20","'LINE","'collaboration of scientists from many fields. It also involves many countries.","'99.96746063"
"'20","'LINE","'Rich countries have huge laboratories of their own with many physicists involved.","'99.97261047"
"'20","'LINE","'Ethiopia as developing country must start doing physics at the highest level for its","'99.98657990"
"'20","'LINE","'national security and sustainable growth. the Ethiopian Science and Art Museum","'99.97825623"
"'20","'LINE","'inaugurated by PM Abiy Ahmed 4 October 2022 would stimulate and attract young","'99.97490692"
"'20","'LINE","'students towards science. It is situated in Addis Ababa.","'99.98905945"
"'20","'LINE","'Figure 15: Some photographs of the newly inaugurated Ethiopian Science and Art Museum.","'99.94962311"
"'20","'LINE","'14","'99.77458954"
"'21","'LINE","'Grade 11","'99.92636108"
"'21","'LINE","'The museum holds exhibition hall dedicated to scientific and developmental","'99.98413086"
"'21","'LINE","'research. It also includes several building complexes dedicated to interactive display","'99.98107147"
"'21","'LINE","'screens, cyber security, geographical information system (GIS), data analysis,","'99.95571136"
"'21","'LINE","'manufacturing, and robotics to name a few.","'99.94920349"
"'21","'LINE","'Figure 16: Interior of the Dome-shaped Science and Art Museum","'99.96061707"
"'21","'LINE","'Planetarium: Inside this dome you can seat and watch from our solar system to","'99.97583008"
"'21","'LINE","'stars and galaxies. It is an amazing and inspiring place for young and old alike.","'99.98285675"
"'21","'LINE","'?","'94.30664063"
"'21","'LINE","'Activity 1.4","'99.72576141"
"'21","'LINE","'1. Google the web or go to the library to find some information to find out what","'99.97802734"
"'21","'LINE","'is going on https://en.wikipedia.org/wiki/Ethiopia_Museum_of_Art_and_","'96.54357147"
"'21","'LINE","'Science.","'100.00000000"
"'21","'LINE","'Questions 1.1","'99.94140625"
"'21","'LINE","'Explain current status of physics.","'99.93833923"
"'21","'LINE","'1. What do you think the future of physics looks like? Your opinions in one","'99.98432159"
"'21","'LINE","'paragraph or two with justification.","'99.96631622"
"'21","'LINE","'2. What is the significances of the two discoveries- gravitational wave, and Higgs","'99.92726898"
"'21","'LINE","'boson?","'100.00000000"
"'21","'LINE","'15","'99.92187500"
"'22","'LINE","'Physics","'99.91131592"
"'22","'LINE","'Student Text Book","'99.96392822"
"'22","'LINE","'UNIT SUMMARY","'99.94140625"
"'22","'LINE","'Physics improves our quality of life by providing the basic understanding necessary","'99.77783203"
"'22","'LINE","'for developing new instrumentation and techniques for medical applications,","'99.98120117"
"'22","'LINE","'such as computer tomography, magnetic resonance imaging, positron emission","'99.96492004"
"'22","'LINE","'tomography, ultrasonic imaging, and laser surgery.","'99.95214081"
"'22","'LINE","'c","'38.04159546"
"'22","'LINE","'Transportation vehicles such as automobiles, airplanes and space shuttles could","'99.96729279"
"'22","'LINE","'not be constructed without the help of physics experts.","'99.98797607"
"'22","'LINE","'c","'34.85859680"
"'22","'LINE","'Physics is also useful for military purposes, informing the design of weapons.","'99.98101807"
"'22","'LINE","'Many of the scientists responsible for inventing the atomic bomb were physicists,","'99.97681427"
"'22","'LINE","'and today physicists are involved in the creation of nuclear weapons.","'99.99112701"
"'22","'LINE","'Physics communities are an organized group of persons associated together","'99.97135925"
"'22","'LINE","'for scientific purposes. This organization is established at the level of national,","'99.97355652"
"'22","'LINE","'continent as well as worldwide based on their aims.","'99.95407104"
"'22","'LINE","'c","'32.74593353"
"'22","'LINE","'The scientific method is an ordered series of steps to acquire knowledge based on","'99.97971344"
"'22","'LINE","'experimental evidence.","'99.90074921"
"'22","'LINE","'C","'33.61935806"
"'22","'LINE","'The mission of physics is to advance science, engineering, and innovation","'99.98010254"
"'22","'LINE","'throughout the world for the benefit of all and serving Society.","'99.98742676"
"'22","'LINE","'c","'36.61870193"
"'22","'LINE","'Physics have a lot of job opportunities in the fields of Astronomy, healthcare,","'99.86608887"
"'22","'LINE","'engineering, energy, technology, meteorology, etc","'99.91864777"
"'22","'LINE","'c","'33.93225861"
"'22","'LINE","'New discoveries of Exoplanets, Black hole, Quantum cryptography, High energy","'99.92743683"
"'22","'LINE","'physics, Gravitational wave, Global warming, James Webb Space Telescope, etc","'99.96818542"
"'22","'LINE","'have been seen in recent years.","'99.98371887"
"'22","'LINE","'END OF UNITQUESTIONS","'99.95416260"
"'22","'LINE","'1. What is the importance of learning physics in your opinion?","'99.95894623"
"'22","'LINE","'2. What did you benefit from knowing physics at this level?","'99.98128510"
"'22","'LINE","'3. List at least ten technological benefits that physics has contributed for society.","'99.97884369"
"'22","'LINE","'4. What is the benefit of establishing physics communities?","'99.95046234"
"'22","'LINE","'5. Is there a physics community in your high school? If the answer is yes, what is it","'99.96849060"
"'22","'LINE","'helpful for?","'99.92675781"
"'22","'LINE","'6. What process skills should you use investigating a phenomenon?","'99.92889404"
"'22","'LINE","'7. What are the process skills you are using in your in investigating a phenomenon?","'99.94744110"
"'22","'LINE","'8. What are the career opportunities physics have?","'99.97792816"
"'22","'LINE","'9. At the forefront in physics research, there are many countries collaborating. Why","'99.90143585"
"'22","'LINE","'is that?","'99.88121796"
"'22","'LINE","'16","'99.71600342"
"'23","'LINE","'UNIT 2","'99.93652344"
"'23","'LINE","'VECTORS","'99.95117188"
"'23","'LINE","'Introduction","'99.92028046"
"'23","'LINE","'Many physical quantities in nature have both magnitude (size) and direction. To describe","'99.91039276"
"'23","'LINE","'the motion of an airplane for instance, we must state its speed and the direction of its","'99.99014282"
"'23","'LINE","'motion. To describe a force, we use a number to tell how big the force is and indicate its","'99.60336304"
"'23","'LINE","'direction of application. The principal aim of this unit is to discuss ways of describing","'99.99870300"
"'23","'LINE","'two dimensional 2-D vector physical quantities and the mathematical operations involving","'99.94044495"
"'23","'LINE","'vectors.","'100.00000000"
"'23","'LINE","'After completing this unit you should be able to:","'99.99023438"
"'23","'LINE","'familiarize themselves with basic principles of vector operations","'99.97772217"
"'23","'LINE","'interpret physical phenomena using the concept of vector","'99.96776581"
"'23","'LINE","'develop skills of using the concept of vector in solving various problems.","'99.96196747"
"'23","'LINE","'2.1 Vectors and Types of Vectors","'99.96542358"
"'23","'LINE","'After completing this section, you should be able to:","'99.98915100"
"'23","'LINE","'describe the difference between vector and scalar quantities.","'99.99379730"
"'23","'LINE","'list down the common vector quantities in our everyday life.","'99.97835541"
"'23","'LINE","'discuss geometric representation of vectors.","'99.97217560"
"'23","'LINE","'give the definitions of the different types of vectors.","'99.95398712"
"'23","'LINE","'?","'99.40350342"
"'23","'LINE","'Brainstorming","'99.92028046"
"'23","'LINE","'1. Why do we need to know the direction of some quantities in order to have a","'99.74058533"
"'23","'LINE","'complete sense of them? If a girl told you that the velocity of a delivery truck","'99.82169342"
"'23","'LINE","'was 50 km/h, has she fully expressed the motion of the truck?","'99.97219849"
"'23","'LINE","'17","'99.88201141"
"'24","'LINE","'Physics","'99.92107391"
"'24","'LINE","'Student Text Book","'99.80448914"
"'24","'LINE","'Some physical quantities such as mass, speed, distance, density, etc., can be expressed","'99.96964264"
"'24","'LINE","'completely by their magnitudes and units only. But many others that are common in","'99.97814941"
"'24","'LINE","'our day to day activities such as force, velocity, acceleration, displacement need both","'99.95031738"
"'24","'LINE","'their magnitude as well as direction for their specification.","'99.95805359"
"'24","'LINE","'To refresh your memory of category of vectors, the table below has some of the most","'99.98759460"
"'24","'LINE","'common physical quantities.","'99.94386292"
"'24","'LINE","'?","'97.90039063"
"'24","'LINE","'Activity 2.1","'99.69078827"
"'24","'LINE","'Categorize the quantities listed in Table 2.1 as scalars or vectors and prepare your","'99.96768188"
"'24","'LINE","'own list of vector and scalar quantities that are common in our daily practices.","'99.98668671"
"'24","'LINE","'Table 2.1 Table of physical quantities","'99.94074249"
"'24","'LINE","'Quantity","'99.96014404"
"'24","'LINE","'Scalar/vector","'99.23688507"
"'24","'LINE","'Quantity","'99.96014404"
"'24","'LINE","'Scalar/Vector","'99.44674683"
"'24","'LINE","'Area","'99.95037079"
"'24","'LINE","'Density","'99.96014404"
"'24","'LINE","'Distance","'100.00000000"
"'24","'LINE","'Weight","'100.00000000"
"'24","'LINE","'Pressure","'99.95037079"
"'24","'LINE","'Representation of vectors","'99.98345947"
"'24","'LINE","'In Grade 10 you have learnt that a vector can be represented graphically by an arrow.","'99.96557617"
"'24","'LINE","'Recall that the length of the arrow drawn to scale represents the magnitude and the","'99.99143219"
"'24","'LINE","'tip of the arrow represents the direction of the vector. When drawing diagrams with","'99.99023438"
"'24","'LINE","'vectors, we use a scale similar to those used for maps. For example, a displacement of","'99.92932129"
"'24","'LINE","'10 km might be represented in a diagram by a vector 1 cm long and a displacement","'99.92390442"
"'24","'LINE","'of 20 km by a vector 2 cm long. In a diagram for velocity vectors, a vector that is 1","'99.90570068"
"'24","'LINE","'cm long might represent a velocity of magnitude 5 m/s. A velocity of 40 m/s would","'99.77169037"
"'24","'LINE","'then be represented by a vector 8 cm long.","'99.95949554"
"'24","'LINE","'y","'57.98160553"
"'24","'LINE","'y","'67.38789368"
"'24","'LINE","'y units","'67.48146057"
"'24","'LINE","'D","'87.84587860"
"'24","'LINE","'0°","'83.64038086"
"'24","'LINE","'29.1°","'88.83350372"
"'24","'LINE","'90°","'86.64440918"
"'24","'LINE","'9 units","'94.27734375"
"'24","'LINE","'(a)","'99.68750000"
"'24","'LINE","'(b)","'99.84375000"
"'24","'LINE","'(c)","'99.36543274"
"'24","'LINE","'Figure 2.1 Representing a vector by an arrow drawn to scale. Ruler, Protractor and","'99.72855377"
"'24","'LINE","'Graph paper used","'99.97369385"
"'24","'LINE","'18","'99.61914063"
"'25","'LINE","'Grade 11","'99.88201141"
"'25","'LINE","'Illustration of the concept of vectors in practice","'99.98637390"
"'25","'LINE","'Typical forces for a dam","'99.88105774"
"'25","'LINE","'Weight","'99.95037079"
"'25","'LINE","'Head water","'99.87265015"
"'25","'LINE","'of Dam","'99.84295654"
"'25","'LINE","'Tail wa","'92.68296051"
"'25","'LINE","'Hydro power Dam","'99.91728973"
"'25","'LINE","'Heal","'99.97070313"
"'25","'LINE","'Toe","'99.89098358"
"'25","'LINE","'Uplift","'99.87145233"
"'25","'LINE","'Figure 2.2 Hydro power dam and force vectors","'99.95707703"
"'25","'LINE","'By researching the size and direction of all forces on a dam, engineers design a","'99.94803619"
"'25","'LINE","'structure that is able to resist all these forces, Figure 2.2","'99.98838806"
"'25","'LINE","'While rowing a boat, the person","'99.93735504"
"'25","'LINE","'F1","'70.92234802"
"'25","'LINE","'F2","'81.00904846"
"'25","'LINE","'pushes the water backward using","'99.99023438"
"'25","'LINE","'oars and the water exerts a","'99.94602203"
"'25","'LINE","'forward force on the boat. There","'99.98371887"
"'25","'LINE","'are also the weight of the boat","'99.93303680"
"'25","'LINE","'man rowing a Canoe boat","'98.97333527"
"'25","'LINE","'A Tug-of-war","'98.91133118"
"'25","'LINE","'and an upward force (upthrust)","'99.97233582"
"'25","'LINE","'(a)","'99.41984558"
"'25","'LINE","'(b)","'99.07585144"
"'25","'LINE","'exerted by the water on the boat,","'99.99163055"
"'25","'LINE","'Figure 2.3a.","'99.86248779"
"'25","'LINE","'Figure 2.3 Force vectors in action","'99.95117188"
"'25","'LINE","'In a tag-of-war the rope is the means to transfer forces, Figure 2.3b. The concepts of","'99.95407104"
"'25","'LINE","'vectors plays important role in analyzing all of the above situations","'99.99008942"
"'25","'LINE","'?","'95.93750000"
"'25","'LINE","'Activity 2.2","'99.90194702"
"'25","'LINE","'Ask your friend to stand at a mark in the middle of the volleyball field. Tell her to","'99.94106293"
"'25","'LINE","'walk through a certain distance in any direction she chooses. Use a measuring tape","'99.81604004"
"'25","'LINE","'to measure the distance between her starting point and the ending point. Take the","'99.99436188"
"'25","'LINE","'starting point as the origin of coordinates with the x axis pointing toward East and","'97.43070221"
"'25","'LINE","'the y axis toward North. Show the displacement of the girl graphically on a graph","'99.06401825"
"'25","'LINE","'paper.","'99.99023438"
"'25","'LINE","'Types of vectors","'99.96392822"
"'25","'LINE","'Parallel vectors: Vectors that are in the same direction are said to be Parallel,","'99.97309113"
"'25","'LINE","'Figure 2.4a.","'99.82262421"
"'25","'LINE","'19","'99.85351563"
"'26","'LINE","'Physics","'99.88201141"
"'26","'LINE","'I","'55.08968353"
"'26","'LINE","'Student Text Book","'99.84461212"
"'26","'LINE","'Antiparallel vectors: When vectors have opposite directions, whether their","'99.95906067"
"'26","'LINE","'magnitudes are the same or not, they are Antiparallel, Figure 2.4b.","'99.88018036"
"'26","'LINE","'Equal vectors: If two vectors representing the same quantity have the same","'99.98433685"
"'26","'LINE","'magnitude and the same direction, they are Equal vectors, Figure 2.4c, no","'99.90873718"
"'26","'LINE","'matter where they are located in space.","'99.98744202"
"'26","'LINE","'Collinear vectors: These are vectors that lie along the same line or parallel","'99.98178101"
"'26","'LINE","'lines. Two vectors are collinear if they are parallel to the same line irrespective","'99.97675323"
"'26","'LINE","'of their magnitudes and direction.","'99.94240570"
"'26","'LINE","'Co-planar vectors: Three or more vectors lying in the same plane or parallel to","'99.95384979"
"'26","'LINE","'the same plane are known as co-planar vectors.","'99.93774414"
"'26","'LINE","'Zero vector: A zero vector is a vector when the magnitude of the vector is zero","'99.47866058"
"'26","'LINE","'and the starting point of the vector coincides with the terminal point.","'99.96102142"
"'26","'LINE","'Orthogonal vectors : Vectors that are perpendicular to one another.","'99.09807587"
"'26","'LINE","'A unit vector: A vector which has a magnitude of unit length is called a unit","'99.30976868"
"'26","'LINE","'vector.","'99.95117188"
"'26","'LINE","'The vector-A in Figure 2.6d is not equal to vector À because its direction is","'93.86369324"
"'26","'LINE","'opposite to that of A. We define the Negative of a vector as a vector having the","'98.31856537"
"'26","'LINE","'same magnitude as the original vector but the opposite direction. The negative of","'99.96495056"
"'26","'LINE","'vector A is denoted as- A.","'91.68646240"
"'26","'LINE","'Á/B/C/₅/","'16.50769234"
"'26","'LINE","'À","'36.82049179"
"'26","'LINE","'B","'50.59132004"
"'26","'LINE","'(a) Parallel vectors","'98.66064453"
"'26","'LINE","'(b) Antiparallel vectors","'97.82472229"
"'26","'LINE","'Ã","'38.01199722"
"'26","'LINE","'À'","'50.77238083"
"'26","'LINE","'À","'58.09839249"
"'26","'LINE","'TO","'23.32688904"
"'26","'LINE","'(c) Equal vectors","'99.17756653"
"'26","'LINE","'(d) Negative of a vector B =","'90.12297058"
"'26","'LINE","'Figure 2.4 (a) Parallel vectors,","'99.76630402"
"'26","'LINE","'(b) Antiparallel vectors,","'99.89583588"
"'26","'LINE","'(c) Equal vectors,","'96.32772827"
"'26","'LINE","'(d) Negative of a vector","'99.53775024"
"'26","'LINE","'Example 2.1","'99.69238281"
"'26","'LINE","'Find the negative of each of the following vectors.","'99.98120117"
"'26","'LINE","'a. dosplacement vector= 60km toward North","'99.30105591"
"'26","'LINE","'b. Velocity vector = 100km/h towards 200 southeast.","'99.54246521"
"'26","'LINE","'20","'99.88281250"
"'27","'LINE","'Grade 11","'99.91659546"
"'27","'LINE","'Solution","'99.92028046"
"'27","'LINE","'The negative of a vector has the same magnitude as the original vector in opposite","'99.96636963"
"'27","'LINE","'direction.","'99.96014404"
"'27","'LINE","'(a) If S = 60 km, toward North, then - S = 60 km, toward South","'95.69503021"
"'27","'LINE","'(b) S = 100 km/h, toward 20o South of East, then - S = 100 km/h, toward 20o","'96.07511902"
"'27","'LINE","'North of West","'99.99674225"
"'27","'LINE","'Review questions 2.1","'99.93814850"
"'27","'LINE","'1. How do you represent a vector graphically?","'99.84644318"
"'27","'LINE","'2. Why do we use of scale diagram in vector drawing?","'99.97322083"
"'27","'LINE","'3. How does vector À differ from vector - À?","'92.63157654"
"'27","'LINE","'2.2 Graphical Method of Addition of Vectors in Two","'99.83296204"
"'27","'LINE","'Dimensions (2-D)","'99.88649750"
"'27","'LINE","'After completing this section, you should be able to:","'99.98155212"
"'27","'LINE","'define the term resultant vector.","'99.95249176"
"'27","'LINE","'explain the geometric method for addition and subtraction of vectors in a","'99.91728973"
"'27","'LINE","'plane.","'100.00000000"
"'27","'LINE","'apply geometric method of addition of vectors to find resultant of vectors in","'99.94686127"
"'27","'LINE","'two dimensions.","'99.94061279"
"'27","'LINE","'?","'99.75505829"
"'27","'LINE","'Brainstorming","'99.92028046"
"'27","'LINE","'1. In grade 10 physics you have studied the properties of vectors in one dimension.","'99.93723297"
"'27","'LINE","'Is it possible to add two vector quantities such as displacement vectors the","'99.97884369"
"'27","'LINE","'way we do with scalar quantities like mass? Share your answer with your","'99.99017334"
"'27","'LINE","'classmates.","'99.75107574"
"'27","'LINE","'N","'91.59179688"
"'27","'LINE","'W/O-E","'11.66115284"
"'27","'LINE","'There are two commonly used methods","'99.99511719"
"'27","'LINE","'B","'97.92988586"
"'27","'LINE","'2.0km","'90.77108765"
"'27","'LINE","'C","'97.44419098"
"'27","'LINE","'employed to determine the vector sum of","'99.97605896"
"'27","'LINE","'two or more vectors. The two methods that","'99.99145508"
"'27","'LINE","'1.2 km","'97.65634918"
"'27","'LINE","'ß","'64.70025635"
"'27","'LINE","'Resultant displacement","'99.43279266"
"'27","'LINE","'we will discuss in this unit are Graphical","'99.98525238"
"'27","'LINE","'A","'90.92395020"
"'27","'LINE","'method and Analytic (algebraic) method","'99.98405457"
"'27","'LINE","'Figure 2.5 A vector diagram with","'97.28273010"
"'27","'LINE","'of vector addition.","'99.92732239"
"'27","'LINE","'scale of a trip in a park","'99.78951263"
"'27","'LINE","'21","'99.84375000"
"'28","'LINE","'Physics","'99.88201141"
"'28","'LINE","'Student Text Book","'99.83458710"
"'28","'LINE","'In your physics lesson in grade 10 you have learnt about vectors in one dimension","'99.96642303"
"'28","'LINE","'(1-D). Here we are going to develop further the concept of vectors in two dimensions","'99.93637085"
"'28","'LINE","'(2-D) which in physics has physical representation and importance in our daily lives.","'99.97290039"
"'28","'LINE","'Graphical method of vector addition gives visual understanding of vectors and it is","'99.96588898"
"'28","'LINE","'commonly used in navigation. Figure 2.5 represents a trip that starts at point A then","'99.63843536"
"'28","'LINE","'to point B and ending at point C. You see that total distance traveled for the whole","'97.21655273"
"'28","'LINE","'trip is 1.2 km + 2 km = 3.2 km, but what is the displacement from A to C? How do","'99.17034149"
"'28","'LINE","'you get the resultant displacement given displacements from A to B and from B to C?","'94.77246094"
"'28","'LINE","'In this section we will discuss Triangle law, Parallelogram law and Polygon law of","'99.98581696"
"'28","'LINE","'addition of vectors.","'99.98046875"
"'28","'LINE","'When two or more vectors are added they must have the same units. For example,","'99.97434998"
"'28","'LINE","'it doesn't make sense to add a force vector carrying units of newtons, to a velocity","'99.79570770"
"'28","'LINE","'vector carrying units of meters per second. Scalars obey the same rule: It would","'99.98518372"
"'28","'LINE","'be similarly meaningless to add mass to volume or density to time intervals.","'99.96119690"
"'28","'LINE","'Graphical method of addition of vectors involves the use of equal vectors. As long as","'99.97048950"
"'28","'LINE","'its length is not changed, a vector is not altered if it is displaced parallel to itself. This","'99.64459229"
"'28","'LINE","'process is known as Translating a vector.","'99.88295746"
"'28","'LINE","'Triangle Law of Vector Addition","'99.96858978"
"'28","'LINE","'Suppose a particle undergoes displacement S₁ followed by a second displacement","'98.99279785"
"'28","'LINE","'S₂. The final result is the same as if the particle had started at the same initial point","'98.42776489"
"'28","'LINE","'and undergone a single displacement S.","'94.39605713"
"'28","'LINE","'We call displacement S the vector sum, or resultant, of displacements ASI S₁ and S₂ We","'93.01612854"
"'28","'LINE","'express this relationship symbolically as","'99.98437500"
"'28","'LINE","'S=S₁+S₂","'34.60726166"
"'28","'LINE","'This can be shown graphically by placing the vectors head to tail and then the arrow","'99.97660828"
"'28","'LINE","'drawn from the tail of the first vector to the head of the second vector represents the","'99.98200226"
"'28","'LINE","'resultant, Figure 2.6. This is known as Triangle Law of vector addition.","'99.94895172"
"'28","'LINE","'S1","'52.80413055"
"'28","'LINE","'S2","'54.30923080"
"'28","'LINE","'S,","'68.69897461"
"'28","'LINE","'S2","'55.22799683"
"'28","'LINE","'Figure 2.6 Triangle law of addition of vectors: S1 and S2 are placed head to tail.","'95.39578247"
"'28","'LINE","'22","'99.96093750"
"'29","'LINE","'Grade 11","'99.92147827"
"'29","'LINE","'?","'98.72070313"
"'29","'LINE","'Activity 2.3","'99.92595673"
"'29","'LINE","'1. Use graph paper, a protractor, and a ruler and apply triangle law of vector","'99.78067780"
"'29","'LINE","'addition to show that A+B=B+A. Use vector A of magnitude 5 units","'94.02804565"
"'29","'LINE","'and vector B of 9 units, and the angle between the vectors to be 60°.","'98.34121704"
"'29","'LINE","'Parallelogram law of vector addition","'99.94061279"
"'29","'LINE","'Two vectors can also be added graphically","'99.98035431"
"'29","'LINE","'by constructing a parallelogram using the","'99.90061188"
"'29","'LINE","'5₂","'14.44236374"
"'29","'LINE","'vectors as the sides of the parallelogram.","'99.97594452"
"'29","'LINE","'$","'25.74637222"
"'29","'LINE","'The vectors are now placed tail to tail","'99.98149109"
"'29","'LINE","'and the diagonal drawn from the tails of","'100.00000000"
"'29","'LINE","'the vectors to the opposite corner of the","'99.99013519"
"'29","'LINE","'Figure 2.7. Paralelogram Law of addi-","'99.82152557"
"'29","'LINE","'parallelogram represents the resultant,","'99.93024445"
"'29","'LINE","'tion of vectors: : S1 and S2 are placed","'90.04624176"
"'29","'LINE","'Figure 2.7.","'99.76483154"
"'29","'LINE","'tail to tail.","'99.93463135"
"'29","'LINE","'?","'97.74414063"
"'29","'LINE","'Activity 2.4","'99.89706421"
"'29","'LINE","'Discussion with your classmates","'99.95018005"
"'29","'LINE","'It's a common error to conclude that if C = A+B, then the magnitude C should","'93.85549164"
"'29","'LINE","'equal the magnitude. A plus the magnitude B. What is wrong with this conclusion?","'98.46446228"
"'29","'LINE","'When we need to add more than two vectors, we may start with one of the vectors","'99.98783875"
"'29","'LINE","'and then place the tail of the next vector to the head of the first and do the same","'99.99426270"
"'29","'LINE","'until all the vectors are included. The vector drawn from the tail of the first vector to","'99.96678925"
"'29","'LINE","'the head of the last vector represents the resultant. This is known as polygon law of","'99.98825073"
"'29","'LINE","'addition of vectors, Figure 2.8.","'99.95850372"
"'29","'LINE","'R=A+B+C+D","'80.11198425"
"'29","'LINE","'C","'74.67733765"
"'29","'LINE","'B","'77.05496216"
"'29","'LINE","'À","'51.54755020"
"'29","'LINE","'C","'76.63684082"
"'29","'LINE","'À","'67.37184906"
"'29","'LINE","'D","'50.96061707"
"'29","'LINE","'B","'89.14361572"
"'29","'LINE","'TO","'52.41888809"
"'29","'LINE","'TR","'58.60152435"
"'29","'LINE","'Figure 2.8 polygon law of vector addition","'99.94094849"
"'29","'LINE","'Exercise 2.1","'99.94628906"
"'29","'LINE","'What is the result of adding a vector to the negative of itself?","'99.90293884"
"'29","'LINE","'23","'99.93083954"
"'30","'LINE","'Physics I Student Text Book","'91.04270935"
"'30","'LINE","'?","'95.41992188"
"'30","'LINE","'Activity 2.5","'99.96093750"
"'30","'LINE","'How can you add individual displacement vectors to determine total displacement?","'99.93780518"
"'30","'LINE","'Materials","'99.96014404"
"'30","'LINE","'A 20 m tape measure, Field marker (or flag), Graph paper","'99.18800354"
"'30","'LINE","'ruler and Protractor","'99.97017670"
"'30","'LINE","'Procedure","'99.96014404"
"'30","'LINE","'Mark a point at the center of the field with a flag.","'99.66159058"
"'30","'LINE","'Indicate the North-South direction taking the marked point as the origin","'99.92890167"
"'30","'LINE","'Ask your friend to walk the following distances starting from the flag: 12","'99.98335266"
"'30","'LINE","'m toward North, and 16 m toward East, 10 m toward South-East.","'99.72757721"
"'30","'LINE","'Mark the final point and use the measuring tape to measure magnitude","'99.98271179"
"'30","'LINE","'of his/her displacement from the starting point.","'99.94827271"
"'30","'LINE","'Show your vector diagram on a graph paper","'99.60800171"
"'30","'LINE","'Use a scale of 1 cm for 1 m of displacement.","'99.67686462"
"'30","'LINE","'Use a protractor to determine the direction if displacement.","'99.71582031"
"'30","'LINE","'What is the magnitude and direction of the displacement?","'99.98680115"
"'30","'LINE","'Subtraction of Vectors","'99.95063782"
"'30","'LINE","'We can subtract vectors as well as add them. Recall that vector -B has the same","'98.05364990"
"'30","'LINE","'magnitude as B but the opposite direction. Subtracting a vector is the same as","'98.95861053"
"'30","'LINE","'adding a vector of the same magnitude but opposite in direction.","'99.91613007"
"'30","'LINE","'We define the difference A-B of two vectors and B to be the vector sum of À","'96.39732361"
"'30","'LINE","'and -B, Figure 2.9.","'94.73493195"
"'30","'LINE","'C=A-B=A+(-B)","'72.75270844"
"'30","'LINE","'®","'24.50484276"
"'30","'LINE","'A","'65.44503784"
"'30","'LINE","'B","'78.91661835"
"'30","'LINE","'C","'77.75669861"
"'30","'LINE","'B","'88.16406250"
"'30","'LINE","'A","'69.69358063"
"'30","'LINE","'Figure 2.9 Subtraction of vectors","'99.89927673"
"'30","'LINE","'24","'99.83398438"
"'31","'LINE","'Grade 11","'99.80309296"
"'31","'LINE","'Review questions 2.2","'99.91536713"
"'31","'LINE","'1. Which one of the vector diagrams (Figure 2.10) satisfies the vector equation","'99.79768372"
"'31","'LINE","'C=A+B?","'76.59626007"
"'31","'LINE","'B","'81.05388641"
"'31","'LINE","'(a)","'99.57529449"
"'31","'LINE","'(b)","'99.95117188"
"'31","'LINE","'B","'86.79508209"
"'31","'LINE","'(c)","'98.97740173"
"'31","'LINE","'B","'87.70088959"
"'31","'LINE","'À","'81.85327911"
"'31","'LINE","'C","'76.52085114"
"'31","'LINE","'À","'81.05648041"
"'31","'LINE","'C","'77.76068115"
"'31","'LINE","'À","'80.49426270"
"'31","'LINE","'C","'78.67526245"
"'31","'LINE","'Figure 2.10","'99.18945313"
"'31","'LINE","'2. Three displacement vectors A,B,C are specified by their magnitudes A = 10","'97.35567474"
"'31","'LINE","'cm, B = 7 cm, C=8 cm, respectively, and by their respective direction angles","'93.92320251"
"'31","'LINE","'(with the +x direction) of α = 53°, ß = 120°, γ = 210°. Choose a convenient","'91.33975220"
"'31","'LINE","'scale and use a ruler and a protractor to find the magnitude and direction of","'99.66961670"
"'31","'LINE","'the vector sum:","'99.97396088"
"'31","'LINE","'(a) R = À + B","'87.41085815"
"'31","'LINE","'(b) P=A-B (c) Q = A - 2B+C Q","'73.37451935"
"'31","'LINE","'a) the magnitude C equal to the sum of the magnitude A and magnitude B?","'97.79778290"
"'31","'LINE","'b) the magnitude C equal to the difference of magnitude A and magnitude B?","'97.76557922"
"'31","'LINE","'3. Suppose an insect lands on a sheet of graph paper at a point located 12 cm to","'99.73610687"
"'31","'LINE","'the right of the left edge and 8 cm above the bottom edge and walks slowly","'99.97161865"
"'31","'LINE","'to a point located 7 cm from the left edge and 4 cm from the bottom edge.","'99.80781555"
"'31","'LINE","'Choose the rectangular coordinate system with the origin at the lower left-side","'99.95266724"
"'31","'LINE","'corner of the paper and find the displacement vector of the insect. Use a ruler,","'99.81701660"
"'31","'LINE","'a graph paper and make use of graphical representation of vectors","'99.88721466"
"'31","'LINE","'4. What is the minimum number of vectors of equal magnitudes required to","'99.98791504"
"'31","'LINE","'produce a zero resultant?","'99.52736664"
"'31","'LINE","'25","'99.93164063"
"'32","'LINE","'Physics","'99.91131592"
"'32","'LINE","'Student Text Book","'99.83458710"
"'32","'LINE","'2.3 Algebraic Method of addition of vectors in Two","'99.75559235"
"'32","'LINE","'Dimensions (2-D)","'99.88162231"
"'32","'LINE","'After completing this section, you should be able to:","'99.98697662"
"'32","'LINE","'apply algebraic method to find the resultant of two collinear vectors, and","'99.97451019"
"'32","'LINE","'perpendicular vectors.","'99.98535156"
"'32","'LINE","'apply trigonometry to determine the direction of a resultant vector in terms of","'99.84481049"
"'32","'LINE","'the angle it forms with a reference direction.","'99.81492615"
"'32","'LINE","'compare the resultant of two given vectors as determined by way of geometric","'99.96501923"
"'32","'LINE","'construction and by analytic method.","'99.97819519"
"'32","'LINE","'resolve a vector into its components.","'99.80976868"
"'32","'LINE","'find the resultant of two or more vectors applying component method.","'99.96863556"
"'32","'LINE","'define unit vector and determine a unit vector in the direction of a given","'99.67884064"
"'32","'LINE","'vector.","'99.95037079"
"'32","'LINE","'apply the unit representation of vectors to determine the resultant of two or","'99.96200562"
"'32","'LINE","'more vectors.","'99.97558594"
"'32","'LINE","'?","'99.72576141"
"'32","'LINE","'Brainstorming","'99.87065887"
"'32","'LINE","'Do you recall the different ways in which vectors that represent similar quantities","'99.98403931"
"'32","'LINE","'can be added to/ subtracted from one another? Mention two ways of vector addition","'99.00524902"
"'32","'LINE","'based on your physics lesson in grade 10.","'99.98168945"
"'32","'LINE","'Adding two collinear vectors","'99.95525360"
"'32","'LINE","'As scalars are fully described by their magnitude, addition or subtraction of scalars","'99.96639252"
"'32","'LINE","'can be done by applying simple arithmetic. Vector addition, on the other hand","'99.94956207"
"'32","'LINE","'involves both the magnitude and direction of the vectors.","'99.97568512"
"'32","'LINE","'Before beginning to add vectors in two dimensions, let us review important points","'99.95957184"
"'32","'LINE","'about addition of vectors in one dimension.","'99.94328308"
"'32","'LINE","'Consider two force vectors F1 and F2 acting at a point along the same direction,","'98.13256073"
"'32","'LINE","'Figure 2.11a. The resultant of these vectors R has a magnitude equal to the sum of","'99.51424408"
"'32","'LINE","'the magnitude of each of the vectors and it is directed along the direction of any one","'99.97851563"
"'32","'LINE","'of the vectors, Figure 2.11b.","'99.72500610"
"'32","'LINE","'26","'99.89257813"
"'33","'LINE","'Grade 11","'99.96093750"
"'33","'LINE","'TW","'44.40230560"
"'33","'LINE","'THE","'69.93243408"
"'33","'LINE","'THE","'14.51291466"
"'33","'LINE","'F","'31.42717743"
"'33","'LINE","'(a)","'94.86347961"
"'33","'LINE","'a","'35.54109573"
"'33","'LINE","'Figure 2.11 Vectors in the same direction","'99.93303680"
"'33","'LINE","'We write the resultant vector R symbolically as","'99.80361176"
"'33","'LINE","'=","'95.27264404"
"'33","'LINE","'When force vectors F₁ and F₂ are acting in opposite directions, Figure 2.12a, their","'94.46659088"
"'33","'LINE","'resultant Ř will have magnitude equal to the absolute value of the difference in","'99.11918640"
"'33","'LINE","'magnitudes of the vectors and it is directed along the direction of the larger vector,","'99.99343872"
"'33","'LINE","'Figure 2.12b.","'99.73632813"
"'33","'LINE","'THE","'47.07649231"
"'33","'LINE","'F₁","'48.79284668"
"'33","'LINE","'THE","'77.50797272"
"'33","'LINE","'F2","'86.35462952"
"'33","'LINE","'&","'82.06383514"
"'33","'LINE","'(a)","'72.74553680"
"'33","'LINE","'(b)","'98.21089172"
"'33","'LINE","'Figure 2.12 Vectors in opposite directions","'99.96555328"
"'33","'LINE","'Exercise 2.2","'99.95605469"
"'33","'LINE","'The magnitudes of two vectors À and B are 13 units and 9 units, respectively.","'97.85609436"
"'33","'LINE","'What are the largest and smallest possible values for the magnitude of the","'99.98472595"
"'33","'LINE","'resultant vector R=A+B?","'84.95631409"
"'33","'LINE","'Example 2.2","'99.93164063"
"'33","'LINE","'A man rows his boat along the direction of flow of a river (downstream). If the","'99.29898834"
"'33","'LINE","'boat can sail in still water at 0.50 m/s, and the river flows at 0.30 m/s, what is the","'99.96697998"
"'33","'LINE","'resultant velocity of the boat?","'99.99202728"
"'33","'LINE","'Let the magnitude of velocity of the river be A and that of the boat be B.","'98.75391388"
"'33","'LINE","'A = 0.30 m/s","'94.72048187"
"'33","'LINE","'B = 0.50m/s","'89.38928223"
"'33","'LINE","'The resultant velocity is R=A+B","'93.11955261"
"'33","'LINE","'27","'99.84375000"
"'34","'LINE","'Physics","'99.91131592"
"'34","'LINE","'Student Text Book","'99.82455444"
"'34","'LINE","'Since both vectors are along the same direction, the magnitude of the resultant","'99.98323059"
"'34","'LINE","'velocity is given by:","'99.99023438"
"'34","'LINE","'R = A + B = 0.30 m/s + 0.50m/s.","'96.09213257"
"'34","'LINE","'R = 0.80 m/s.","'99.44784546"
"'34","'LINE","'The direction of the resultant is along the direction of the river flow.","'99.99242401"
"'34","'LINE","'Therefore, the resultant velocity is:","'99.96663666"
"'34","'LINE","'R = 0.8m/s, downstream","'92.47592926"
"'34","'LINE","'Exercise 2.3","'99.90234375"
"'34","'LINE","'If the man in Example 2.2 rows his boat upstream (in opposite direction to the","'99.97455597"
"'34","'LINE","'river flow), what would his resultant velocity be?","'99.99389648"
"'34","'LINE","'Example 2.3","'99.90234375"
"'34","'LINE","'Two men are pushing a block along a","'99.78543091"
"'34","'LINE","'horizontal surface by exerting oppositely","'99.99202728"
"'34","'LINE","'directed forces of magnitudes 200 N and","'99.97477722"
"'34","'LINE","'100 N respectively, as shown in Figure","'99.96628571"
"'34","'LINE","'2.13. What is the resultant force applied","'99.94001770"
"'34","'LINE","'on the block by the two men?","'99.98604584"
"'34","'LINE","'Figure 2.13 Two men pushing the block","'99.93013000"
"'34","'LINE","'in opposite directions","'99.97369385"
"'34","'LINE","'Solution:","'99.89098358"
"'34","'LINE","'The two men applied two different forces on the same block.","'99.98750305"
"'34","'LINE","'Let the magnitude of the force exerted by the man on the right be F1 = 200 N and","'98.49023438"
"'34","'LINE","'that of the man on the left be F2 = 100 N.","'97.73484039"
"'34","'LINE","'Ř = F₁+₂","'68.15236664"
"'34","'LINE","'The magnitude of the resultant force is","'99.97884369"
"'34","'LINE","'R = F 1 -F2 = 200N - 100N = 100 N","'92.62452698"
"'34","'LINE","'The direction of the resultant is along the direction of the 200 N (larger) force.","'99.97976685"
"'34","'LINE","'R = 100N, toward the right.","'90.70059967"
"'34","'LINE","'28","'99.92187500"
"'35","'LINE","'Grade 11","'99.86737061"
"'35","'LINE","'Adding two perpendicular vectors","'99.97030640"
"'35","'LINE","'The rules for addition of vectors that lie in a plane - that is, when they are in two","'99.40834808"
"'35","'LINE","'dimensions become more complicated than the rules for addition of vector in","'99.98596191"
"'35","'LINE","'one dimension. We have to use graphical method of vector addition to construct","'99.96183014"
"'35","'LINE","'resultant vectors, followed by trigonometry to find magnitudes and directions. To","'99.94667816"
"'35","'LINE","'get the resultant vector of two perpendicular vectors, A and Figure 2.14, we use","'99.01807404"
"'35","'LINE","'Pythagorean theorem for the magnitude of the resultant and apply trigonometry for","'99.97437286"
"'35","'LINE","'the direction of the resultant.","'99.95819092"
"'35","'LINE","'Recall","'100.00000000"
"'35","'LINE","'According to Pythagoras theorem applied on a","'99.90968323"
"'35","'LINE","'c","'31.53738976"
"'35","'LINE","'right angled triangle, Figure 2.14, the square of","'99.93876648"
"'35","'LINE","'the hypotenuse, c, is equal to the sum of squares","'99.78913879"
"'35","'LINE","'8","'39.70145035"
"'35","'LINE","'of the other two sides, a and b.","'99.80799866"
"'35","'LINE","'Figure 2.14 A Right-angled triangle","'95.97225952"
"'35","'LINE","'sin Θ = hypotenuse opposite b/c = c","'76.58990479"
"'35","'LINE","'a","'16.63205528"
"'35","'LINE","'Example 2.4","'99.82910156"
"'35","'LINE","'An ant, starting at a point, walked through a distance of 40 cm due South and then","'99.80776978"
"'35","'LINE","'50 cm due West. What is the resultant displacement of the ant from its starting","'99.98693085"
"'35","'LINE","'point?","'99.85192108"
"'35","'LINE","'Solution","'99.95037079"
"'35","'LINE","'Placing the tail of the vectors at the origin of coordinates, the vector diagram of","'99.96686554"
"'35","'LINE","'the motion is shown in Figure 2.15.","'99.87398529"
"'35","'LINE","'North","'100.00000000"
"'35","'LINE","'S₂ = 50 cm, East","'82.34817505"
"'35","'LINE","'East","'99.92187500"
"'35","'LINE","'0","'61.85646820"
"'35","'LINE","'$1 = 40 cm, South","'89.95882416"
"'35","'LINE","'S","'68.46041870"
"'35","'LINE","'Figure 2.15 Vector diagram of motion of the ant","'99.90298462"
"'35","'LINE","'29","'99.92187500"
"'36","'LINE","'Physics | Student Text Book","'89.12595367"
"'36","'LINE","'using pythagorean theorem, the magnitude of the resultant displacement is","'99.95874786"
"'36","'LINE","'S = S1² + S2 = /(40cm) 2 + (50cm) = /4100cm² = 64cm","'78.66510010"
"'36","'LINE","'Direction of the reultant displacement is shown by the angle Θ, where","'96.94347382"
"'36","'LINE","'tan Θ = adjacent = = 0.8, Θ = 38.6°","'81.19480896"
"'36","'LINE","'the resultant is $ = 64cm, 38.6° South of West","'89.45092773"
"'36","'LINE","'Components of a vector","'94.19000244"
"'36","'LINE","'In the previous sections we discussed addition of vectors by applying graphical","'99.98264313"
"'36","'LINE","'method (a scale diagram) and by using properties of right angled triangles. Graphical","'99.84526825"
"'36","'LINE","'method offers only very limited accuracy and calculations with right triangles work","'99.98189545"
"'36","'LINE","'only when the two vectors are perpendicular. This section introduces a simple but","'99.86921692"
"'36","'LINE","'general method for adding vectors known as Component Method.","'99.96700287"
"'36","'LINE","'In your mathematics lesson you have studied about rectangular (Cartesian)","'99.93231964"
"'36","'LINE","'coordinate system of axes. Consider a vector placed on the xy-plane with its tail at o,","'99.61114502"
"'36","'LINE","'the origin of the coordinate system, Figure 2.16.","'99.90805054"
"'36","'LINE","'The projection of the vector on the coordinate axes is known as component of the","'99.97575378"
"'36","'LINE","'vector. The projection of vector À on the X axis, Aₓ, is known as the X component","'91.21253967"
"'36","'LINE","'of vector À and that on the y axis, A,, is known as the y component of vector À","'94.01316071"
"'36","'LINE","'Components Ax and A y-, are numbers but they are not vectors. Aₓ and Ä, are the","'87.38870239"
"'36","'LINE","'vector components of A and in symbols","'99.35196686"
"'36","'LINE","'y","'99.04734802"
"'36","'LINE","'y","'95.19551086"
"'36","'LINE","'À","'89.62471771"
"'36","'LINE","'À","'82.83880615"
"'36","'LINE","'Ay","'84.00610352"
"'36","'LINE","'Ay","'45.29735565"
"'36","'LINE","'α","'94.17430878"
"'36","'LINE","'Θ","'85.91458130"
"'36","'LINE","'O","'56.92621994"
"'36","'LINE","'X","'83.86738586"
"'36","'LINE","'O","'32.33179092"
"'36","'LINE","'X","'85.49047089"
"'36","'LINE","'Ax","'41.77295685"
"'36","'LINE","'Ax","'46.36619186"
"'36","'LINE","'(a)","'99.40449524"
"'36","'LINE","'(b)","'99.92187500"
"'36","'LINE","'Figure 2.16 Vector \vec{A} in terms of its vector components Àₓ and Ä,","'87.33852386"
"'36","'LINE","'The x and y components of vector A (Figure 2.16a) have magnitudes of Aₓ = A COS Θ","'85.61967468"
"'36","'LINE","'and Ay = A sin Θ, respectively. In the arrangement shown in Figure 2.16a, both","'92.71637726"
"'36","'LINE","'components are positive numbers. But in a more general situations, components","'99.92249298"
"'36","'LINE","'may be positive or negative umbers depending on how the vector is oriented, i.e., the","'99.93946838"
"'36","'LINE","'angle it makes with the X axis. The process of breaking up a vector into its components","'97.82752991"
"'36","'LINE","'is known as resolution of a vector.","'99.89807129"
"'36","'LINE","'30","'99.61196899"
"'37","'LINE","'Grade 11","'99.84295654"
"'37","'LINE","'Note that: In finding the x- and y- components of a vector, we associate cosine","'97.54212952"
"'37","'LINE","'with the x-component and sine with the y-component, as in Figure 2.16a. This as-","'99.59686279"
"'37","'LINE","'sociation is due to the fact that we chose to measure the angle α with respect to the","'99.94829559"
"'37","'LINE","'positive x-axis. If the angle were measured with respect to the y-axis, as in Figure","'99.94787598"
"'37","'LINE","'2.16b, the components would be given by","'99.81026459"
"'37","'LINE","'Aₓ = Asin and Ay = Acos α","'72.36345673"
"'37","'LINE","'Key terms","'99.82221985"
"'37","'LINE","'Component of a vector: the projection of a vector on the coordinate axes.","'99.67745972"
"'37","'LINE","'Resolution of a vector: Breaking a vector into its components","'99.49635315"
"'37","'LINE","'Example 2.5","'99.88281250"
"'37","'LINE","'A force vector 1/4 of magnitude of 35 N is pushing on a box placed on the horizontal","'95.46364594"
"'37","'LINE","'ground as shown in Figure 2.17a. If the force makes an angle of 40° above the","'99.70815277"
"'37","'LINE","'negative X axis, what are the X and y components of the force?","'95.51842499"
"'37","'LINE","'Fπ","'39.36304092"
"'37","'LINE","'F,","'80.83546448"
"'37","'LINE","'(a)","'89.09498596"
"'37","'LINE","'E","'38.94033051"
"'37","'LINE","'Figure 2.17 A pushing force","'97.48612976"
"'37","'LINE","'Solution","'99.95037079"
"'37","'LINE","'Force F can be A placed on the xy plane as shown in Figure 2.17b. Remember that","'97.05970001"
"'37","'LINE","'translation of a vector does not alter the magnitude and direction of the vector.","'99.94683075"
"'37","'LINE","'The X component of the force is Fx = F cos 40° = 35 N x (0.766) = 26.8 N, and the","'94.18797302"
"'37","'LINE","'y component is Fy = -F sin 40° = -35 N X (0.643) = -22.5 N","'93.56854248"
"'37","'LINE","'Finding the resultant of vectors by component method","'99.98769379"
"'37","'LINE","'In order to determine the resultant of two or","'99.98020172"
"'37","'LINE","'more vectors using component method, we","'99.96704865"
"'37","'LINE","'resolve each of the vectors into their x and y","'96.11675262"
"'37","'LINE","'y","'81.33968353"
"'37","'LINE","'components. The X component of the resultant,","'94.18524170"
"'37","'LINE","'TB","'35.48489380"
"'37","'LINE","'Rx, will be the sum of the X components of","'96.41130829"
"'37","'LINE","'X","'49.09747696"
"'37","'LINE","'the individual vectors and the y component","'99.54631042"
"'37","'LINE","'of the resultant, Ry, will be the sum of the y","'99.77701569"
"'37","'LINE","'Figure 2.18 Vectors \vec{A} and","'97.32350159"
"'37","'LINE","'components of the individual vectors, Figure","'99.96678162"
"'37","'LINE","'\vec{B} added by Component","'95.01888275"
"'37","'LINE","'2.18.","'99.87224579"
"'37","'LINE","'Method","'99.99023438"
"'37","'LINE","'31","'99.61595154"
"'38","'LINE","'Physics","'99.87224579"
"'38","'LINE","'I","'55.99250793"
"'38","'LINE","'Student Text Book","'99.77598572"
"'38","'LINE","'In terms of the vector components we write","'99.95819855"
"'38","'LINE","'R = Rx + Rᵥ, where Rx = + Bₓ, and Ry = Äᵥ + By","'73.92230225"
"'38","'LINE","'The magnitude of the resultant vector will be;","'99.87875366"
"'38","'LINE","'Rx = Ax + Bₓ, and Ry=Ay+By (taking the signs of the components into consideration)","'87.27745056"
"'38","'LINE","'The direction of the resultant is given in terms of the angle it makes with the X axis.","'98.44364166"
"'38","'LINE","'Place Řₓ and Ry on the xy-plane and find the angle as","'91.54895020"
"'38","'LINE","'tan Θ = R","'20.11260414"
"'38","'LINE","'Attention","'99.97070313"
"'38","'LINE","'if both Rx and Ry are positive numbers, angle Θ is above the +X axis","'95.71627808"
"'38","'LINE","'if Rx is negative number and Ry is positive number, angle Θ is above","'96.16924286"
"'38","'LINE","'the -X axis","'85.06803131"
"'38","'LINE","'if both Rx and Ry are negative numbers, angle Θ is below the -x axis","'93.46183777"
"'38","'LINE","'if Rx is positive number and Ry is negative number, angle Θ is be-","'96.61171722"
"'38","'LINE","'low the +X axis","'95.71966553"
"'38","'LINE","'Exercise 2.4","'99.89746094"
"'38","'LINE","'Under what circumstances would a vector have components that are equal in","'99.88251495"
"'38","'LINE","'magnitude?","'99.95037079"
"'38","'LINE","'Exercise 2.5","'99.93652344"
"'38","'LINE","'A vector has an x-component of - 35 units and a y-component of 40 units.","'98.23754883"
"'38","'LINE","'Find the magnitude and direction of the vector considering that the positive X","'99.01543427"
"'38","'LINE","'direction indicates East and that the positive y direction indicates North.","'98.48864746"
"'38","'LINE","'Example 2.6","'99.72167969"
"'38","'LINE","'Consider two displacement vectors À and B of magnitudes 100 m and 200","'95.37548065"
"'38","'LINE","'m respectively, Figure 2.21 Find the magnitude and direction of the resultant","'99.89218140"
"'38","'LINE","'displacement vector.","'99.90682983"
"'38","'LINE","'32","'99.91131592"
"'39","'LINE","'Grade 11","'99.86656952"
"'39","'LINE","'y","'98.80500793"
"'39","'LINE","'y","'99.00430298"
"'39","'LINE","'B","'89.67693329"
"'39","'LINE","'À","'82.79755402"
"'39","'LINE","'R","'73.41040039"
"'39","'LINE","'30°","'91.53081512"
"'39","'LINE","'50°","'93.58497620"
"'39","'LINE","'X","'90.66007996"
"'39","'LINE","'Ry","'37.13827515"
"'39","'LINE","'Θ","'50.94845963"
"'39","'LINE","'X","'92.88105774"
"'39","'LINE","'Rx","'80.58892822"
"'39","'LINE","'(a)","'99.84215546"
"'39","'LINE","'(b)","'98.86718750"
"'39","'LINE","'Figure 2.19","'99.63867188"
"'39","'LINE","'Solution","'99.96014404"
"'39","'LINE","'We first resolve the vectors into their X and y components.","'94.58889771"
"'39","'LINE","'Using trigonometry, we get Ax = A cos 50° = 100(0.643) m = 64.3 m, and","'96.20127106"
"'39","'LINE","'Ay = A sin 50° = 100(0.766) m = 76.6 m","'94.77305603"
"'39","'LINE","'Bx x = -B cos 30° = -200 (0.866) m = - -173.2 m, and","'92.58124542"
"'39","'LINE","'By = B sin 30° = 200(0.50)m = 100 m","'94.08125305"
"'39","'LINE","'The vector components of the resultant are Rx = Àₓ + Bₓ, and Rᵥ = Ä, + By","'80.95429230"
"'39","'LINE","',","'89.35905457"
"'39","'LINE","'where Rx = Ax + Bx = 64.3 m + (-173.2 m) = -108.9 m and Ry = =Ay + By = 76.6","'96.63828278"
"'39","'LINE","'m + 100 m = 176.6 m.","'99.04718018"
"'39","'LINE","'Then we place the components of the resultant on the xy-plane as in Figure 2.19","'99.93202972"
"'39","'LINE","'(b). The magnitude of the resultant is","'99.96338654"
"'39","'LINE","'= √(- 108.9m) 2 + (176.6m)² = 207.5m","'88.84239960"
"'39","'LINE","'and Θ = tan -1 176.6m 108.9m = tan -1 (1.62) = 58.3°","'89.87730408"
"'39","'LINE","'Therefore, Ř = 207.5m, Θ = 58.3° above the negative x axis","'92.99897766"
"'39","'LINE","'Exercise 2.6","'99.92147827"
"'39","'LINE","'Vector À has a magnitude of 30 units and points in the positive y-direction.","'98.39966583"
"'39","'LINE","'When vector B is added to A, the resultant vector À + B points in the","'93.10334778"
"'39","'LINE","'negative y-direction with a magnitude of 10 units. Find the magnitude and","'99.79485321"
"'39","'LINE","'direction of B.","'92.61552429"
"'39","'LINE","'33","'99.85112762"
"'40","'LINE","'Physics I Student Text Book","'92.25414276"
"'40","'LINE","'Example 2.7","'99.87753296"
"'40","'LINE","'A girl walked across a large field through the following distance in the given","'99.41162872"
"'40","'LINE","'order:72 m toward 32° East of North, 57 m toward 37°South of West, 18 m toward","'98.32392120"
"'40","'LINE","'South. Find the magnitude and direction of the resultant displacement of the girl?","'99.98629761"
"'40","'LINE","'Solution","'99.96014404"
"'40","'LINE","'The displacement vectors are placed on the xy-plane as shown in Figure 2.20.","'99.95211792"
"'40","'LINE","'Y","'65.35575104"
"'40","'LINE","'37°","'85.55384827"
"'40","'LINE","'57m","'55.90780258"
"'40","'LINE","'B","'43.18468857"
"'40","'LINE","'A","'51.27212524"
"'40","'LINE","'À","'54.65641022"
"'40","'LINE","'N","'99.45970154"
"'40","'LINE","'72m","'73.02714539"
"'40","'LINE","'3Z","'58.59653854"
"'40","'LINE","'18","'90.94706726"
"'40","'LINE","'C","'38.33067703"
"'40","'LINE","'W-O-E","'35.37747192"
"'40","'LINE","'32°","'68.52399445"
"'40","'LINE","'I","'37.20164871"
"'40","'LINE","'S","'92.85494995"
"'40","'LINE","'7","'65.47991180"
"'40","'LINE","'(a)","'99.93083954"
"'40","'LINE","'(b)","'99.83398438"
"'40","'LINE","'Figure 2.20 (a) The actual path the girl followed, (b) Vector diagram","'99.90012360"
"'40","'LINE","'Solution","'100.00000000"
"'40","'LINE","'The components of the displacement vectors are calculated as in Table 2.2 below.","'99.98347473"
"'40","'LINE","'Table 2.2","'99.93164063"
"'40","'LINE","'X component","'89.70214844"
"'40","'LINE","'y component","'87.19676971"
"'40","'LINE","'S₁","'73.79085541"
"'40","'LINE","'72 (sin 32°) m = 38.2 m","'96.64082336"
"'40","'LINE","'72 (cos 32°) m = 61.1 m","'97.35659790"
"'40","'LINE","'S₂","'67.87846375"
"'40","'LINE","'-57|cos 37°) m = - 45.6 m","'87.71218109"
"'40","'LINE","'-57 (sin37°) m = -34.2 m","'96.86663055"
"'40","'LINE","'S₃","'62.13946915"
"'40","'LINE","'O m","'75.52336121"
"'40","'LINE","'-18 m","'96.57814789"
"'40","'LINE","'Rx = S₁y + S₂y + S₃y = 8.9 m","'85.41091156"
"'40","'LINE","'R =","'95.06307983"
"'40","'LINE","'= 7.4m)² + (8.9m)² = 11.6m","'79.58502960"
"'40","'LINE","'and Θ = tan⁻¹ (8.9m) (7.4m) = tan⁻¹ (1.2) = 50.2° above the nagative x axis","'94.22816467"
"'40","'LINE","'Therefore, R = 11.6m, Θ = 50.2° N of W","'90.60391235"
"'40","'LINE","'Did you know?","'99.94140625"
"'40","'LINE","'Analytic methods of vector algebra are used routinely in mechanics, electricity, and mag-","'99.91583252"
"'40","'LINE","'netism. They are important mathematical tools of physics.","'99.98647308"
"'40","'LINE","'34","'99.64604187"
"'41","'LINE","'Grade 11","'99.92636108"
"'41","'LINE","'Exercise 2.7","'99.88769531"
"'41","'LINE","'A car travels 20 km due north and then 25 km in a direction 60° West of North.","'98.90588379"
"'41","'LINE","'Use both graphical and algebraic methods to find the magnitude and direction of","'99.99005127"
"'41","'LINE","'a single vector that gives the net effect of the car's trip.","'99.83174133"
"'41","'LINE","'Unit Vectors","'99.98046875"
"'41","'LINE","'As we have seen in the previous discussion we defined a unit vector as a vector of","'99.94826508"
"'41","'LINE","'magnitude one, with no unit. Unit vectors are used to represent the direction of","'99.97948456"
"'41","'LINE","'vectors in space. The symbol of unit vectors is denoted by a 'hat' (^) to distinguish it","'99.69577789"
"'41","'LINE","'from ordinary vectors.","'99.99674225"
"'41","'LINE","'In an xy-coordinate system we define a unit vector i that points in the direction of","'99.23274231"
"'41","'LINE","'the positive x-axis and a unit vector \hat{j} that points in the direction of the positive","'99.89350891"
"'41","'LINE","'y-axis, see Figure 2.21.","'90.58982086"
"'41","'LINE","'Y","'99.92107391"
"'41","'LINE","'Y","'99.91131592"
"'41","'LINE","'À","'78.02514648"
"'41","'LINE","'Aⱼⱼ","'23.95806694"
"'41","'LINE","'j","'61.69154739"
"'41","'LINE","',,","'18.78228569"
"'41","'LINE","'X","'85.67601776"
"'41","'LINE","'X","'83.67506409"
"'41","'LINE","'O","'79.56214142"
"'41","'LINE","'i","'86.05149841"
"'41","'LINE","'O","'90.52056885"
"'41","'LINE","'i","'88.28782654"
"'41","'LINE","'Axi","'45.92065811"
"'41","'LINE","'Figure 2.21 Unit vectors on the xy-plane","'99.69211578"
"'41","'LINE","'Vector components of vector \vec{A} and its components are related as","'99.90687561"
"'41","'LINE","'Äₓ = Aₓᵢ","'56.90240097"
"'41","'LINE","'Ä, = Aᵥⱼ","'49.73423386"
"'41","'LINE","'Vector A can be written in vector equation as","'99.30438232"
"'41","'LINE","'=","'90.22221375"
"'41","'LINE","'Using the unit vectors the resultant of two vectors A and B can be expressed as","'99.23483276"
"'41","'LINE","'R=A+B","'34.19351959"
"'41","'LINE","'=","'94.61834717"
"'41","'LINE","'35","'99.89098358"
"'42","'LINE","'Physics I Student Text Book","'92.64038849"
"'42","'LINE","'The unit vector along the direction of a given non-zero vector is defined as the vector","'99.92240143"
"'42","'LINE","'divided by its magnitude.","'99.85052490"
"'42","'LINE","'If vector A À = Aₓᵢ + Aⱼⱼ, then the unit vector along À is","'84.43382263"
"'42","'LINE","'Example 2.8","'99.78027344"
"'42","'LINE","'Given force vector F = (12i 16ⱼ) N, what is a unit vector along F ?","'91.49664307"
"'42","'LINE","'solution","'99.99023438"
"'42","'LINE","'of","'14.23190403"
"'42","'LINE","'See that the magnitude of ÜFis UF = √(0.6)² + (0.8)² = 1","'85.74266815"
"'42","'LINE","'Example 2.9","'99.80957031"
"'42","'LINE","'Vector À has X and y components of 4 units and 2 units, respectively and vector","'95.92552948"
"'42","'LINE","'B has the corresponding components of -9 units and 3 units respectively. Find","'97.84478760"
"'42","'LINE","'(a) the vector components of their resultant,","'99.93038940"
"'42","'LINE","'(b) the magnitude and direction of their resultant.","'99.96399689"
"'42","'LINE","'solution","'99.99023438"
"'42","'LINE","'Given À = + = (4i units","'84.63992310"
"'42","'LINE","'The resultant","'99.94628906"
"'42","'LINE","'Ř = i + (Ay = (4 9) i + (2 + 3) = (-5j+5j) units","'83.09404755"
"'42","'LINE","'(a) The X and y components of","'93.11306763"
"'42","'LINE","'(b) the magniture of","'99.95117188"
"'42","'LINE","'R is R = + R² = 2 + 5² = 50 = 5 √2 units","'81.61190033"
"'42","'LINE","'As Ř is along the negative X direction and Ry is along the positive y direction, we","'94.61035919"
"'42","'LINE","'see that Ř is in the second quadrant and it makes angle of 45° above the negative X","'97.14637756"
"'42","'LINE","'axis.","'99.93164063"
"'42","'LINE","'36","'99.89098358"
"'43","'LINE","'Grade 11","'99.90154266"
"'43","'LINE","'Example 2.10","'99.42871094"
"'43","'LINE","'An unknown vector D is added to vector C = (- 4i + 5j) units and the resultant","'95.03190613"
"'43","'LINE","'R = C+D has X and y components of each -1 and 1 units, respectively Find the","'96.10507965"
"'43","'LINE","'magnitude of the unknown vector.","'99.97233582"
"'43","'LINE","'Solution","'99.96014404"
"'43","'LINE","'Given C = (- 4ᵢ + 5ⱼ), D = and Ř = (-î+j)","'73.80253601"
"'43","'LINE","'For Ř = C + D, we have Rx = Cₓ + Dx, - 1 = - 4+Dx, Dₓ = 3 units","'82.57720184"
"'43","'LINE","'Ry = C₄ + Dy, 1 = 5 + Dy, Dy = 4 units","'84.88967133"
"'43","'LINE","'Vector D = (3i 4)) units","'80.55445099"
"'43","'LINE","'Exercise 2.8","'99.65332031"
"'43","'LINE","'The vector sum P + Q is a unit vector along the positive X axis. If Φ = i - j,","'91.55798340"
"'43","'LINE","'find Q.","'98.02056885"
"'43","'LINE","'Exercise 2.9","'99.84375000"
"'43","'LINE","'If vector 0.4 i + b j j is a unit vector, then what is the value of b?","'93.37291718"
"'43","'LINE","'Example 2.11","'99.66796875"
"'43","'LINE","'Traditional Maresha","'99.91579437"
"'43","'LINE","'A farmer is ploughing the field using traditional Maresha (plow) pulled by two","'99.14542389"
"'43","'LINE","'oxen Figure 2.24a. The two animals are pulling the beam (Mofer) with a force F2","'98.43524933"
"'43","'LINE","'of 1200 N at angle of 40° from the horizontal and the farmer's force F1 on the","'96.75522614"
"'43","'LINE","'handle (Erf) is 150 N at 60° above the horizontal as shown in Figure 2.24b. Find","'99.66189575"
"'43","'LINE","'the resultant horizontal pulling force exerted by the farmer and the oxen on the","'99.98657990"
"'43","'LINE","'Maresha? At this point assume all the forces are acting at point K.","'99.74894714"
"'43","'LINE","'For the whole system to work the resultant downward vertical force must be","'99.99543762"
"'43","'LINE","'slightly greater than the upward. Explain why.","'99.98442841"
"'43","'LINE","'37","'99.80309296"
"'44","'LINE","'Physics","'99.89178467"
"'44","'LINE","'I","'58.70037842"
"'44","'LINE","'Student Text Book","'99.84786987"
"'44","'LINE","'60","'86.19030762"
"'44","'LINE","'F2","'60.60267639"
"'44","'LINE","'k","'87.96017456"
"'44","'LINE","'Mofer","'97.38978577"
"'44","'LINE","'Erf","'95.15564728"
"'44","'LINE","'Figure 2.22 (a) A farmer plowing his","'98.41156006"
"'44","'LINE","'(b) Schematic diagram of the Maresha","'99.94426727"
"'44","'LINE","'farm","'99.93083954"
"'44","'LINE","'Solution","'99.95037079"
"'44","'LINE","'The forces that are acting on the Maresha are the force exerted by the farmer on the","'99.98908997"
"'44","'LINE","'Erf, F1, and the pulling force on the Mofer, F2.","'93.79219055"
"'44","'LINE","'Both F1 and F2 have X components and the sum of these components gives the","'94.56922150"
"'44","'LINE","'resultant horizontal pulling force. Both F1x and F2x are along the positive X direction.","'90.60607147"
"'44","'LINE","'Fx = F₁ₓ + F₂x = F₁ cos Θ₁ + cos","'72.14395142"
"'44","'LINE","'= 150N cos 60° + 1200N cos 40°","'86.66413116"
"'44","'LINE","'= 75N + 919N = 994.3 N.","'95.60862732"
"'44","'LINE","'If the upward forces on the marseha exceed the downward focrces(which is the","'99.33012390"
"'44","'LINE","'sum of weight of the plow and the downward component of the force exerted on","'99.98828125"
"'44","'LINE","'the Erf), the maresha will be lifted above the ground and plaughing will not be","'99.97634888"
"'44","'LINE","'possible.","'99.91051483"
"'44","'LINE","'Review Questions 2.3","'99.81418610"
"'44","'LINE","'1. Two vectors give a resultant of magnitude 8 units when are parallel and 2","'99.85636902"
"'44","'LINE","'units when they are antiparallel. Determine the possible values of each of the","'99.96558380"
"'44","'LINE","'vectors.","'99.96014404"
"'44","'LINE","'2. State the condition where the vector sum of two vectors is a null vector.","'99.78041077"
"'44","'LINE","'3. Suppose you are in a large hall and that you mark a point on the floor and","'99.69155121"
"'44","'LINE","'start walking the following distances in the given order: 50 m [forward],","'99.95721436"
"'44","'LINE","'10 m [backward], 10 m [forward], 10 m [backward], 20 m [forward], 10 m","'99.77709961"
"'44","'LINE","'[backward], 40 m [forward], and 10 m [backward].","'99.86023712"
"'44","'LINE","'A. What is the total distance you traveled?","'95.51232147"
"'44","'LINE","'B. What is the magnitude and direction of your displacement from the starting","'97.82867432"
"'44","'LINE","'point?","'99.97070313"
"'44","'LINE","'4. What vector must be added to vector C of 10km, East in order to give a","'98.87609863"
"'44","'LINE","'resultant vector of","'99.99349213"
"'44","'LINE","'A. 15 km, East?","'90.29591370"
"'44","'LINE","'B. 15 km, West","'90.85105896"
"'44","'LINE","'38","'99.89098358"
"'45","'LINE","'Grade 11","'99.86776733"
"'45","'LINE","'5. A sailor boards a paddle boat and heads the boat Westward directly across a","'98.87409973"
"'45","'LINE","'river. The river flows South at 50 cm/s and the woman paddles the boat with","'99.97846222"
"'45","'LINE","'a speed of 100 cm/s.","'99.54866791"
"'45","'LINE","'A. Determine the resultant velocity of the boat - - both magnitude and direction.","'90.18938446"
"'45","'LINE","'B. How far down stream relative to the straight-across direction will woman","'98.45528412"
"'45","'LINE","'be when she reaches the opposite shore?","'99.98163605"
"'45","'LINE","'6. Given three displacement vectors B, C, and D such that","'96.57061768"
"'45","'LINE","'B = i + 2j) m, C = 3i 2j) m D of unknown components, determine","'85.44420624"
"'45","'LINE","'the magnitude and direction of D for 3B - C + D = 0","'91.65869141"
"'45","'LINE","'7. Given displacement vectors of $₁ and √ₛ₂ as S₁ = (3ᵢ+ 6ⱼ) m, =","'77.70774078"
"'45","'LINE","'S₂ = 2i - 4j) m, find a unit vector along the direction of","'85.98270416"
"'45","'LINE","'8. Five displacement vectors A,B,C,D and È are placed on the coordinate","'95.82049561"
"'45","'LINE","'axes as shown in Figure 2.23. Fill Table 2.3 with the correct values of the","'99.97000122"
"'45","'LINE","'components of the vectors. (Hint: A vector on either of the coordinate axis has","'99.23952484"
"'45","'LINE","'only one component).","'99.86414337"
"'45","'LINE","'y","'94.30245972"
"'45","'LINE","'X component","'94.57280731"
"'45","'LINE","'y component","'97.53637695"
"'45","'LINE","'B","'95.10383606"
"'45","'LINE","'À","'85.75793457"
"'45","'LINE","'B","'96.26813507"
"'45","'LINE","'À","'89.37480164"
"'45","'LINE","'37°","'96.23883820"
"'45","'LINE","'X","'91.39987183"
"'45","'LINE","'30°","'94.50415039"
"'45","'LINE","'C","'70.50801086"
"'45","'LINE","'C","'71.20356750"
"'45","'LINE","'53°","'90.73122406"
"'45","'LINE","'È","'86.44232178"
"'45","'LINE","'D","'31.75323105"
"'45","'LINE","'DI","'36.93080139"
"'45","'LINE","'È","'73.33864594"
"'45","'LINE","'Figure 2.23 The five vectors on the xy plane","'96.82762909"
"'45","'LINE","'2.4 Product of Vectors","'99.94100952"
"'45","'LINE","'After completing this section, you should be able to:","'99.98480988"
"'45","'LINE","'define dot product of a vector","'99.45398712"
"'45","'LINE","'apply the technique of dot product to solve practical problems","'99.98226166"
"'45","'LINE","'In the previous sections you have learnt about different techniques of finding a","'99.97196198"
"'45","'LINE","'resultant vector. We can also express many physical relationships by using products","'99.99179840"
"'45","'LINE","'of vectors. Vectors are not ordinary numbers, so we can't directly apply ordinary","'99.64219666"
"'45","'LINE","'multiplication to vectors.","'99.97043610"
"'45","'LINE","'There are two different kinds of products of vectors: Scalar (Dot) product and Vector","'99.96500397"
"'45","'LINE","'(Cross) product. The scalar product of two vectors yields a result that is a scalar","'99.93784332"
"'45","'LINE","'quantity while the vector product of two vectors yields another vector. In this section","'99.98523712"
"'45","'LINE","'we will discuss the scalar product of two vectors.","'99.99240875"
"'45","'LINE","'39","'99.84215546"
"'46","'LINE","'Physics","'99.91131592"
"'46","'LINE","'I","'56.93000412"
"'46","'LINE","'Student Text Book","'99.85790253"
"'46","'LINE","'?","'99.30584717"
"'46","'LINE","'Brainstorming","'99.92028046"
"'46","'LINE","'Do you know any physical quantity that can be","'99.98146057"
"'46","'LINE","'expressed as a product of two vector quantities?","'99.76134491"
"'46","'LINE","'Multiplying or dividing a vector by a number or scalar","'95.79022217"
"'46","'LINE","'A vector quantity such as a force can be multiplied by a scalar quantity (an ordinary","'99.56132507"
"'46","'LINE","'number). Multiplying a vector by a number gives a vector. When we multiply a","'99.71997070"
"'46","'LINE","'vector À by a scalar c, the result c À has a magnitude equal to |c| À (the absolute","'90.83629608"
"'46","'LINE","'value of c multiplied by the magnitude of vector A). If c is positive, À and c À are in","'87.93772125"
"'46","'LINE","'the same direction (they are parallel) but if c is negative, A and c À are in opposite","'93.38701630"
"'46","'LINE","'directions (they are antiparallel).","'99.90583038"
"'46","'LINE","'For example, if vector À is multiplied by a scalar number 2, the result, represented","'97.17324066"
"'46","'LINE","'by 2 A, is a vector with magnitude two times that of À pointing along the direction","'94.02959442"
"'46","'LINE","'of À. On the other hand, if vector À is multiplied by a scalar number -2, the result,","'96.02958679"
"'46","'LINE","'represented by -2A, is a vector with magnitude two times that of À pointing in","'94.60523224"
"'46","'LINE","'opposite direction to A, see Figure 2.24.","'96.70886993"
"'46","'LINE","'À","'83.68363190"
"'46","'LINE","'À","'87.67717743"
"'46","'LINE","'2À","'40.75753403"
"'46","'LINE","'-2A","'58.33645630"
"'46","'LINE","'Figure 2.26 (a) À and 2\ À are parallel (b) À and -2 À are antiparallel","'88.73870087"
"'46","'LINE","'Example 2.12","'99.51660156"
"'46","'LINE","'Displacement vector given as $ =35km, towards 6060° North of east. Find the","'97.51258850"
"'46","'LINE","'magnitude direction of a) 1.2 S and b) -1.2 S ?","'89.76387024"
"'46","'LINE","'Solution","'100.00000000"
"'46","'LINE","'Given $ =35km, towards 6060° North of east","'93.43658447"
"'46","'LINE","'a) Vector 1.2 S is a displacement with magnitude 1.2 times that of S along the","'96.22213745"
"'46","'LINE","'direction of S.","'94.66823578"
"'46","'LINE","'1.2S= 1.2 X 35=42km and =42km, 60° North of East.","'95.44190216"
"'46","'LINE","'b) Vector -1.2 $ a displacement vector with magnitude 1.2 times that of $","'95.82951355"
"'46","'LINE","'pointing opptisite to the direction S. Therefore -1.2 $ =42km, 60° South of West.","'92.08840942"
"'46","'LINE","'40","'99.69726563"
"'47","'LINE","'Grade 11","'99.92636108"
"'47","'LINE","'Dot product","'99.98046875"
"'47","'LINE","'The scalar product of two vectors is denoted by A.B. Because of this notion, the","'97.18135071"
"'47","'LINE","'scalar product is also called the dot product. Although À and B are vectors, the","'96.98500061"
"'47","'LINE","'quantity A.B is a scalar.","'99.46636200"
"'47","'LINE","'The dot product of vectors À and B is defined as","'97.82906342"
"'47","'LINE","'A.B=ABcosΘ","'27.15142632"
"'47","'LINE","'where Θ is the angle between the vectors, Figure 2.25 notes that the righthand side","'97.79664612"
"'47","'LINE","'of the equation is a number (without direction).","'99.95809937"
"'47","'LINE","'B","'76.26813507"
"'47","'LINE","'Place the vectors tail to tail","'99.91892242"
"'47","'LINE","'Θ","'58.48513412"
"'47","'LINE","'À","'68.80062103"
"'47","'LINE","'Figure 2.25 Vectors are placed tail to tail to form angle Θ","'97.66920471"
"'47","'LINE","'The angle between the vectors ranges from 0° to 180° and it is the angle formed","'99.40443420"
"'47","'LINE","'when vectors are joined tail to tail.","'99.98023987"
"'47","'LINE","'Depending on the value of the cosine of the angle between the vectors, the scalar","'99.99012756"
"'47","'LINE","'product A B may be positive, negative, or zero.","'96.55592346"
"'47","'LINE","'Key terms","'99.75227356"
"'47","'LINE","'Scalar (dot) product: product of vectors that yields a scalar.","'99.84420776"
"'47","'LINE","'Angle between vectors: the angle two vectors form when placed tail to tail","'99.98566437"
"'47","'LINE","'As shown in Figure 2.26a, or the magnitude of the component of B in the direction","'99.60170746"
"'47","'LINE","'of À , as shown in Figure 2.26b.","'97.49865723"
"'47","'LINE","'B","'59.31521225"
"'47","'LINE","'Acos Θ","'43.63839340"
"'47","'LINE","'B","'83.47516632"
"'47","'LINE","'RO","'26.24461937"
"'47","'LINE","'RO","'30.08609772"
"'47","'LINE","'A","'86.57545471"
"'47","'LINE","'A","'87.92669678"
"'47","'LINE","'B cos Θ","'55.89525223"
"'47","'LINE","'(a)","'99.68350983"
"'47","'LINE","'(b)","'99.73552704"
"'47","'LINE","'Figure 2.26: Alternative ways of finding the dot product of À and B","'97.26637268"
"'47","'LINE","'41","'98.55388641"
"'48","'LINE","'Physics I Student Text Book","'92.58187103"
"'48","'LINE","'Exercise 2.10","'99.74121094"
"'48","'LINE","'The dot product of À and B can be defined alternatively as the magnitude","'97.50199127"
"'48","'LINE","'of multiplied by the component B of in the direction of À. Find the angle","'96.55464935"
"'48","'LINE","'between each of the following pairs of vectors.","'99.99267578"
"'48","'LINE","'a) 3i - jandi - 2j","'23.54253006"
"'48","'LINE","'b) 3i - 2j and i - 2j","'23.39206123"
"'48","'LINE","'c) 3i — 2ⱼ and 4i + 6ⱼ","'68.98303986"
"'48","'LINE","'?","'98.13476563"
"'48","'LINE","'Activity 2.6","'99.88769531"
"'48","'LINE","'Group discussion","'99.96054077"
"'48","'LINE","'Apply the definition of dot product to show that the dot product of a unit vector","'99.87934875"
"'48","'LINE","'with itself is one (unity) while the dot product of a unit vector with another unit","'99.78468323"
"'48","'LINE","'vector is zero, and use the result to prove that","'99.97647858"
"'48","'LINE","'P Q = where P = + and","'84.74726868"
"'48","'LINE","'Note that","'99.99023438"
"'48","'LINE","'There are two ways of writing the dot product of two vectors:","'99.99267578"
"'48","'LINE","'A.B=ABcos0","'24.65429688"
"'48","'LINE","'A.B=AB+AB","'19.99569511"
"'48","'LINE","'y","'85.26138306"
"'48","'LINE","'Exercise 2.11","'99.68750000"
"'48","'LINE","'Given a position vector What is the cosine of the angle between P","'98.37135315"
"'48","'LINE","'and (a) the x-axis? (b) the y-axis? (The cosine of the angle between a vector and","'99.76600647"
"'48","'LINE","'the positive coordibate axis is called direction cosine of the vector.","'99.97840881"
"'48","'LINE","'Example 2.13","'99.54589844"
"'48","'LINE","'Vector À = i + and vector B + 3j.","'85.46273041"
"'48","'LINE","'What is (a) the scalar product of À and B?","'97.31771851"
"'48","'LINE","'(b) the nagle between À and B?","'97.28997040"
"'48","'LINE","'Solution","'99.85192108"
"'48","'LINE","'(a) A.B = + Ay.By = (1) + (1) (3)","'87.98674011"
"'48","'LINE","'(b) From A.B = AB cosΘ = A.B AB","'76.12187195"
"'48","'LINE","'=","'88.22594452"
"'48","'LINE","'cos AB AB = 1 = 0.196, A = (0.196) = 78.7ᵃ","'82.14213562"
"'48","'LINE","'42","'99.84375000"
"'49","'LINE","'Grade 11","'99.88729858"
"'49","'LINE","'Example.2.14:","'99.60778046"
"'49","'LINE","'Force and displacement","'99.99023438"
"'49","'LINE","'Consider a block placed on a horizontal surface and that force F is applied on the","'99.58280182"
"'49","'LINE","'block to move the block through displacement S. The work done by the force is","'97.55237579"
"'49","'LINE","'defined as the dot product of the force and the displacement. If F = (5i + 3j) N","'96.59687805"
"'49","'LINE","'and $ = (- 2î + 4ⱼ) m, what is the work done by the applied force?","'92.39143372"
"'49","'LINE","'solution","'99.99023438"
"'49","'LINE","'Work W = F.S = (5i + 3j) N. 2i + 4j) m = 2) + 3 (4) = 2Nm = 2J","'85.90032196"
"'49","'LINE","'Example 2.15:","'99.10644531"
"'49","'LINE","'Force and velocity","'99.97721100"
"'49","'LINE","'Consider force F of a certain machine is applied on a body to move the body","'99.51584625"
"'49","'LINE","'with an average velocity V. The power developed by the machine is defined as","'99.04155731"
"'49","'LINE","'the dot product of the force and the average velocity. If F = (50i + 30j) and","'97.84542084"
"'49","'LINE","'V = (3î+4j) m/s, what is the power developed by the machine?","'91.30319214"
"'49","'LINE","'Solution","'99.96014404"
"'49","'LINE","'The power","'99.96093750"
"'49","'LINE","'= 50 (3) + 30 (4) = 270Nm/s = 270W","'91.24726868"
"'49","'LINE","'Review Questions 2.4","'99.90560150"
"'49","'LINE","'1. What is the dot product of vector À with itself?","'98.18269348"
"'49","'LINE","'2. Show that the dot product of two vectors obeys:","'99.98632813"
"'49","'LINE","'(a) commutative property, A.B=B.A?","'82.74299622"
"'49","'LINE","'(b) distributive property, A. (B + C) = (A. B) + (A C)","'85.64544678"
"'49","'LINE","'3. Is B = B.A?","'79.96051788"
"'49","'LINE","'4. For what angle between À and B will A.B be equal to B.A","'94.81465149"
"'49","'LINE","'5. The force applied on a body and the displacement it underwent are given","'99.89736938"
"'49","'LINE","'respectively as F = (25i 30j) N and $ = (-2î-3j) m. What is the work","'89.72692108"
"'49","'LINE","'done by the force?","'99.98271179"
"'49","'LINE","'6. For what values of the angle between À and B will the dot product A.B be","'97.74477386"
"'49","'LINE","'positive, negative or zero?","'99.93309021"
"'49","'LINE","'7. If D = (5î-3j) N and È = (2î+j), what is the angle between D+E and","'86.97918701"
"'49","'LINE","'the X axis?","'95.44828796"
"'49","'LINE","'8. If P.Q = PQ, what is the angle between P and Q ?","'96.99098206"
"'49","'LINE","'43","'99.92187500"
"'50","'LINE","'Physics I Student Text Book","'93.90196991"
"'50","'LINE","'UNIT2SUMMARY","'96.08657074"
"'50","'LINE","'c","'37.43363190"
"'50","'LINE","'When a physical quantity is described by a single number, we call it a scalar","'99.38380432"
"'50","'LINE","'quantity. In contrast, a quantity described by both a magnitude (the ""how much""","'99.45989990"
"'50","'LINE","'or ""how big"" part) and direction in space is a vector.","'99.50347900"
"'50","'LINE","'c","'38.25603867"
"'50","'LINE","'Depending on their direction, magnitude and orientation we can categorize","'99.95557404"
"'50","'LINE","'vectors as collinear, coplanar, parallel, antiparallel, equal, null, unit vector etc.","'99.94608307"
"'50","'LINE","'c","'37.78300476"
"'50","'LINE","'Graphical method of vector addition makes use of translation of vectors.","'99.97418213"
"'50","'LINE","'c","'40.17638016"
"'50","'LINE","'Triangle law - Vectors are connected head to tail to form a triangle.","'98.96533203"
"'50","'LINE","'c","'38.80739975"
"'50","'LINE","'Parallelogram law - vectors are connected tail to tail and a parallelogram is","'99.10756683"
"'50","'LINE","'constructed using the vectors as its sides.","'99.96488953"
"'50","'LINE","'c","'37.41021729"
"'50","'LINE","'Polygon law - used to find the resultant of more than two vectors. The vectors are","'99.29083252"
"'50","'LINE","'joined head to tail without regard to the order they are taken. The vector drawn","'99.98432159"
"'50","'LINE","'from the tail of the first vector to the head of the final vector represents the resultant.","'99.92873383"
"'50","'LINE","'C","'34.19214630"
"'50","'LINE","'Analytic methods of vector addition/subtraction allow us to find resultant of sums","'99.90458679"
"'50","'LINE","'or differences of vectors without having to draw them. They are exact, contrary to","'99.97117615"
"'50","'LINE","'graphical methods which are approximate.","'99.94467163"
"'50","'LINE","'c","'38.88791656"
"'50","'LINE","'The resultant of two vectors in the same direction has a magnitude equal to the","'99.94316101"
"'50","'LINE","'sum of the magnitude of each of the vectors and it is directed along the direction","'99.97360992"
"'50","'LINE","'of any one of the vectors.","'99.96907806"
"'50","'LINE","'C","'34.11521149"
"'50","'LINE","'The resultant of two vectors at right angles has a magnitude equal to the square","'99.95384216"
"'50","'LINE","'root of the sum of the squares of the magnitude of each of the vectors and the","'99.98210144"
"'50","'LINE","'direction of the resultant is determined by the angle it makes with respect to a","'99.93149567"
"'50","'LINE","'reference line (commonly the X axis).","'95.95892334"
"'50","'LINE","'C","'32.85116196"
"'50","'LINE","'A unit vector vector along the X axis is denoted by i and that along the y axis is","'98.09785461"
"'50","'LINE","'denoted by j A vector that is represented by its vector components as À = Aₓ Aᵥ","'86.14372253"
"'50","'LINE","'can also be represented interms of its components as =","'98.77417755"
"'50","'LINE","'c","'33.80640030"
"'50","'LINE","'If Ř is the resultant of À and B then Ř = Rₓᵢ + Rⱼⱼ, where","'85.76014709"
"'50","'LINE","'Ry = Aᵥ + By. The angle that Ř makes with the X axis is Θ = tan -1 (R)","'84.11940002"
"'50","'LINE","'c","'39.07096863"
"'50","'LINE","'The scalar product of two vectors À and Bis defined as A.B = AB COS and also","'94.29852295"
"'50","'LINE","'c","'33.04239273"
"'50","'LINE","'The scalar product of two vectors can be used to determine the angle between the","'99.97444916"
"'50","'LINE","'vectors and it can also be used to determine the component of one of the vectors","'99.97604370"
"'50","'LINE","'in the direction of the other.","'99.96528625"
"'50","'LINE","'44","'99.17809296"
"'51","'LINE","'Grade 11","'99.81405640"
"'51","'LINE","'END OF UNIT 2 QUESTION","'82.91568756"
"'51","'LINE","'1. Identify the following quantities as vectors and scalars: Speed, velocity, Displace-","'99.75614166"
"'51","'LINE","'ment, Volume, Acceleration, Power.","'99.90787506"
"'51","'LINE","'2. Which one of the following is not true about the three vectors shown in Figure","'99.98657227"
"'51","'LINE","'2.27?","'99.41167450"
"'51","'LINE","'a. -A=B+C","'87.45584106"
"'51","'LINE","'À","'90.59948730"
"'51","'LINE","'B","'90.74776459"
"'51","'LINE","'c. c=-A-B","'55.89399338"
"'51","'LINE","'C","'77.70886230"
"'51","'LINE","'d. A+B-C=0","'78.75163269"
"'51","'LINE","'Figure 2.27","'99.19433594"
"'51","'LINE","'3. If you and your friend have to apply a force to move an object, what would be the","'99.95648956"
"'51","'LINE","'best way to apply the forces to maximize your resultant force?","'99.98025513"
"'51","'LINE","'4. What is the least number of unequal vectors required to produce a zero resultant?","'99.94212341"
"'51","'LINE","'5. If you and your friend have to apply a force to move an object, what would be the","'99.93919373"
"'51","'LINE","'best way to apply the forces to maximize your resultant force?","'99.97389221"
"'51","'LINE","'6. What is the least number of unequal vectors required to produce a zero resultant?","'99.91549683"
"'51","'LINE","'7. Suppose you are adding two vectors P and Q, how would you add them to get the","'99.44154358"
"'51","'LINE","'resultant with the least magnitude?","'99.93459320"
"'51","'LINE","'8. What will happen to the magnitude of the resultant of two vectors as the angle","'99.97848511"
"'51","'LINE","'between them increases from 0° to 180?","'92.57467651"
"'51","'LINE","'9. A vector À lies in the xy plane. For what orientations of À will both of its compo-","'95.66251373"
"'51","'LINE","'nents be negative? For what orientations will its components have opposite signs?","'99.97186279"
"'51","'LINE","'10. Two vectors have unequal magnitudes. Can their sum be zero? Explain.","'99.88907623"
"'51","'LINE","'11. Given","'99.29199219"
"'51","'LINE","'displacement","'99.93083954"
"'51","'LINE","'vectors","'99.92107391"
"'51","'LINE","'S₁ = + 3j) m. Find the magnitude and direction of the resultant displace-","'91.10382080"
"'51","'LINE","'ment","'98.99414063"
"'51","'LINE","'12. Three force vectors A, B and C are acting at a point. If À = 4i 3j, B = 2i","'84.44251251"
"'51","'LINE","', ,andA+B-C=0.Find","'56.36977386"
"'51","'LINE","'a) the magnitude and direction of vector C and","'98.72895813"
"'51","'LINE","'b) a unit vector along C.","'94.95433044"
"'51","'LINE","'13. Determine a velocity vector that has a magnitude of 5 m/s directed along the di-","'99.85698700"
"'51","'LINE","'rection of vector D=1.5î+2ⱼ.","'77.33570099"
"'51","'LINE","'14. The angle between vector À and vector B is 20°. If the magnitude of vector À is","'92.55464172"
"'51","'LINE","'6 units and that of B is 4 units, what is the component of vector along the direc-","'98.50170898"
"'51","'LINE","'tion of vector B","'95.76535797"
"'51","'LINE","'15. The initial position vector of a particle on the xy plane is (5,2) and its final position","'98.70214844"
"'51","'LINE","'vector is (-2,-3). If distance is measured in centimeter,","'99.81538391"
"'51","'LINE","'a) what is the displacement of the particle?","'99.93430328"
"'51","'LINE","'b) what is the magnitude and direction of the displacement?","'99.97233582"
"'51","'LINE","'45","'99.96093750"
"'52","'LINE","'Physics","'99.91131592"
"'52","'LINE","'I Student Text Book","'93.74472046"
"'52","'LINE","'16. A postal employee drives a delivery truck","'96.98002625"
"'52","'LINE","'N","'94.55895233"
"'52","'LINE","'STOP","'97.21520233"
"'52","'LINE","'W-O-E","'75.78362274"
"'52","'LINE","'along the route shown in Figure 2.30. De-","'99.96176147"
"'52","'LINE","'S","'76.64969635"
"'52","'LINE","'2 km","'98.91481781"
"'52","'LINE","'termine the magnitude and direction of the","'99.99151611"
"'52","'LINE","'4 km","'97.23882294"
"'52","'LINE","'45°","'90.38803864"
"'52","'LINE","'resultant displacement by drawing a scale","'99.76300049"
"'52","'LINE","'diagram.","'100.00000000"
"'52","'LINE","'3 km","'97.24040985"
"'52","'LINE","'N","'96.79687500"
"'52","'LINE","'W-O-E","'72.01102448"
"'52","'LINE","'START","'98.15350342"
"'52","'LINE","'S","'71.42807007"
"'52","'LINE","'Figure 2.28 Path of the truck","'99.92785645"
"'52","'LINE","'17. A girl pushes a box placed on the floor with","'97.90410614"
"'52","'LINE","'a force of 50 N at an angle of 37° below the horizontal. If the box moves toward the","'99.59472656"
"'52","'LINE","'positive X direction, what are the vector components of the force?","'96.78842926"
"'52","'LINE","'18. The Tug-of-War Game","'99.55810547"
"'52","'LINE","'Four dogs nicknamed A, B, C, and D play a tug-of-war game with a toy, Figure","'99.82852936"
"'52","'LINE","'2.31. A pulls strongly with a force of magnitude A = 160 N. B pulls even stronger","'96.94097137"
"'52","'LINE","'than A with a force of magnitude B = 200 N, and C pulls with a force of magnitude","'97.26380157"
"'52","'LINE","'C = 140 N. When D pulls on the toy in such a way that his force balances out the re-","'99.60658264"
"'52","'LINE","'sultant of the other three forces, the toy does not move in any direction. With how","'99.98276520"
"'52","'LINE","'big a force and in what direction must D pull on the toy for this to happen? (Hint:","'99.95574188"
"'52","'LINE","'If the toy does not move, the vector sum of the four forces, FA + FB + Fc + FD = 0.","'92.00083160"
"'52","'LINE","'North","'99.81365967"
"'52","'LINE","'У","'17.25655556"
"'52","'LINE","'y = 55°","'82.47259521"
"'52","'LINE","'ß = 60","'79.78060913"
"'52","'LINE","'C","'90.78304291"
"'52","'LINE","'B","'96.31118011"
"'52","'LINE","'East","'94.90014648"
"'52","'LINE","'A","'98.51403046"
"'52","'LINE","'a = 55°","'82.13621521"
"'52","'LINE","'D","'98.31951141"
"'52","'LINE","'Figure 2.29 Dogs enjoying the tug-of-war game","'99.83676910"
"'52","'LINE","'19. Given two vectors X and Y such that X = 4i + and Y = 6i + 3j, ,","'88.43771362"
"'52","'LINE","'(a) what is the angle between the two vectors?","'99.97477722"
"'52","'LINE","'(b) Find the component of X along the direction of Y ?","'95.74390411"
"'52","'LINE","'20. What is the vector product A.B of the","'99.64969635"
"'52","'LINE","'vectors shown in Figure 2.30?","'99.95312500"
"'52","'LINE","'y","'87.92540741"
"'52","'LINE","'130","'52.01948929"
"'52","'LINE","'À","'50.57557297"
"'52","'LINE","'i","'72.69332123"
"'52","'LINE","'Figure 2.32 Vectors on the xy","'97.22998047"
"'52","'LINE","'53.°","'54.23011017"
"'52","'LINE","'x","'63.08274841"
"'52","'LINE","'plane - x axis as a reference line","'96.26519775"
"'52","'LINE","'i","'87.02088928"
"'52","'LINE","'for measuring angles","'99.98697662"
"'52","'LINE","'46","'99.79492188"
"'53","'LINE","'HAILE","'86.56320190"
"'53","'LINE","'UNIT 3","'99.68151855"
"'53","'LINE","'MOTION IN ONE AND TWO","'99.53044891"
"'53","'LINE","'DIMENSIONS","'99.93083954"
"'53","'LINE","'Introduction","'99.88042450"
"'53","'LINE","'Motion is one of the significant topics in physics. Everything in the universe moves. If","'99.98757935"
"'53","'LINE","'you give a glimpse to your environment, you might see several things in motion: a car","'99.56326294"
"'53","'LINE","'on a road, children playing on a playground, an airplane flying in the sky, even an ant","'99.69709015"
"'53","'LINE","'crawling on the ground. An object is said to be in motion if its position changes with","'99.98966217"
"'53","'LINE","'time.","'100.00000000"
"'53","'LINE","'The concept of motion is a relative. A body that may be in motion relative to one","'99.00316620"
"'53","'LINE","'reference system, may be at rest relative to another. For example, if you are sitting in the","'99.98841858"
"'53","'LINE","'classroom, you are at rest with respect to the earth; but actually, you are in motion with","'99.97908783"
"'53","'LINE","'respect to the Sun.","'99.99511719"
"'53","'LINE","'In this unit we will learn about motion in one dimension relative to any fixed reference","'99.98519897"
"'53","'LINE","'frame, and its applications in our day-to-day life. In addition to motion in 1D, we will","'99.97538757"
"'53","'LINE","'also discuss uniform circular motion as an example of motion in 2D.","'99.97877502"
"'53","'LINE","'Learning outcomes: Students will be able to:","'99.98314667"
"'53","'LINE","'gain an understanding of the fundamental principles of kinematics in one","'99.95407104"
"'53","'LINE","'and two dimensions.","'99.96366119"
"'53","'LINE","'develop skills in applying equations of motions to solve practical","'99.97827148"
"'53","'LINE","'problems.","'99.92028046"
"'53","'LINE","'recognize the effect of air resistance and force of gravity on motion of a","'99.86605835"
"'53","'LINE","'body.","'100.00000000"
"'53","'LINE","'describe technological advances related to motion; and identify the effects","'99.99707031"
"'53","'LINE","'of societal influences on transportation and safety issues.","'99.96532440"
"'53","'LINE","'47","'99.81445313"
"'54","'LINE","'Physics","'99.91131592"
"'54","'LINE","'Student Text Book","'99.89424133"
"'54","'LINE","'3.1 Uniformly Accelerated Motion in 1D","'99.89476776"
"'54","'LINE","'By the end of this section, you will be able to:","'99.91072845"
"'54","'LINE","'explain a uniformly accelerated motion in 1D;","'95.60182953"
"'54","'LINE","'explain the difference between average velocity and instantaneous velocity;","'99.99123383"
"'54","'LINE","'and","'100.00000000"
"'54","'LINE","'solve problems involving average velocity, instantaneous velocity and","'100.00000000"
"'54","'LINE","'acceleration.","'99.96014404"
"'54","'LINE","'?","'99.63867188"
"'54","'LINE","'Brainstorming","'99.84056091"
"'54","'LINE","'After revising what you have learnt in grades 9 and 10 about motion in a straight","'99.88275146"
"'54","'LINE","'line and uniformly accelerated motion discuss about the following questions in","'99.99733734"
"'54","'LINE","'group and present your group's answers to the class.","'99.98363495"
"'54","'LINE","'1. Define the terms position, distance, displacement, speed, and velocity in","'99.95073700"
"'54","'LINE","'motion.","'99.96014404"
"'54","'LINE","'2. Explain the relationship between","'99.99218750"
"'54","'LINE","'U","'98.38906860"
"'54","'LINE","'position and displacement,","'99.99674225"
"'54","'LINE","'U","'98.02694702"
"'54","'LINE","'distance and displacement,","'99.98345947"
"'54","'LINE","'U","'97.60224152"
"'54","'LINE","'distance and speed,","'99.99674225"
"'54","'LINE","'U","'97.90736389"
"'54","'LINE","'displacement and velocity,","'99.98671722"
"'54","'LINE","'U","'98.25155640"
"'54","'LINE","'average velocity and instantaneous velocity.","'99.96810913"
"'54","'LINE","'3. When do we say an object is accelerating?","'99.97287750"
"'54","'LINE","'4. How will it be possible for a car to move but not accelerating?","'99.86390686"
"'54","'LINE","'Acceleration","'99.96014404"
"'54","'LINE","'An object is said to accelerate when its velocity changes in magnitude, in direction","'99.97024536"
"'54","'LINE","'or both in magnitude and direction. Acceleration is a vector quantity, and is defined","'99.92556000"
"'54","'LINE","'as the rate of change of velocity or change in velocity per unit time. The SI unit of","'99.98576355"
"'54","'LINE","'acceleration is m/s².","'97.38440704"
"'54","'LINE","'Negative acceleration may or may not be deceleration, and deceleration may or may","'99.93429565"
"'54","'LINE","'not be considered negative acceleration. If the velocity and acceleration have the same","'99.93490601"
"'54","'LINE","'sign whether positive or negative it is speeding up. If the velocity and acceleration","'99.98169708"
"'54","'LINE","'have different signs, then the object is slowing down.","'99.99123383"
"'54","'LINE","'48","'99.79492188"
"'55","'LINE","'Grade 11","'99.92675781"
"'55","'LINE","'?","'95.15625000"
"'55","'LINE","'Activity 3.1:","'99.60498810"
"'55","'LINE","'Discuss in group and present your group's understanding of the following","'99.90260315"
"'55","'LINE","'questions to the class.","'99.97763062"
"'55","'LINE","'1. Does negative acceleration necessarily mean slowing down?","'99.97670746"
"'55","'LINE","'2. Does positive acceleration necessarily mean speeding up?","'99.98291016"
"'55","'LINE","'Average acceleration","'99.98046875"
"'55","'LINE","'The average acceleration, aₐᵥ of a particle is defined as the ratio of the change in","'95.11923218"
"'55","'LINE","'velocity to the time interval","'99.56624603"
"'55","'LINE","'a","'17.65405846"
"'55","'LINE","'where vf is the final velocity, vᵢ is the initial velocity and t is the time interval. The","'97.23977661"
"'55","'LINE","'SI unit of acceleration is m/s² = ms⁻²","'89.44681549"
"'55","'LINE","'Key term","'99.76891327"
"'55","'LINE","'Acceleration is the rate of change of velocity. It is a vector quantity, with a unit of","'99.65009308"
"'55","'LINE","'m/s².","'86.91027832"
"'55","'LINE","'Example: 3.1","'99.94140625"
"'55","'LINE","'If the speed of a certain car is increased from rest to 20m/s in 6 seconds, what is","'99.92695618"
"'55","'LINE","'the average acceleration of the car?","'99.99023438"
"'55","'LINE","'Solution","'100.00000000"
"'55","'LINE","'We have v₀ = 0, = at and at t₀ =0, = , and Vf = at tf = 6s","'84.07604980"
"'55","'LINE","'1 3.67m/s²","'43.55578613"
"'55","'LINE","'Instantaneous acceleration","'99.95077515"
"'55","'LINE","'1","'63.81048584"
"'55","'LINE","'Instantaneous acceleration, ains or acceleration at a specific instant in time, is","'96.91584015"
"'55","'LINE","'obtained using the same process discussed for instantaneous velocity. That is, we","'99.95695496"
"'55","'LINE","'calculate the average acceleration between two points in time separated by At and","'96.84825897"
"'55","'LINE","'let At approach zero.","'93.42848206"
"'55","'LINE","'49","'99.75585938"
"'56","'LINE","'Physics","'99.87224579"
"'56","'LINE","'I","'59.96890640"
"'56","'LINE","'Student Text Book","'99.85464478"
"'56","'LINE","'Example 3.2.","'99.74410248"
"'56","'LINE","'The velocity of a particle that moves along a straight line varies as a function","'99.84098816"
"'56","'LINE","'of time with a velocity equation as: v(t) = t² - 2t. Find the acceleration of the","'96.87717438"
"'56","'LINE","'particle at t = 2 s.","'89.63072968"
"'56","'LINE","'Solution:","'99.72257996"
"'56","'LINE","'To find the acceleration at t =2s, we first find the acceleration at any time t, that is","'98.76972198"
"'56","'LINE","'a","'22.51295471"
"'56","'LINE","'Since,v(t) = t² - 2t","'25.43646431"
"'56","'LINE","'a","'91.79288483"
"'56","'LINE","'=","'91.06365204"
"'56","'LINE","'=","'93.90545654"
"'56","'LINE","'= t0 tim(21)","'45.65363312"
"'56","'LINE","'= = im(2r+(At)-2)),SinceAt0 ≈","'69.62784576"
"'56","'LINE","'= (2t-2)","'73.13661194"
"'56","'LINE","'This expression is the acceleration of the particle at any time t. Substituting the","'99.95989990"
"'56","'LINE","'given time t = 2s in this expression gives us the acceleration of the particle at t =2s.","'98.48639679"
"'56","'LINE","'Therefore a(t= 2s)=2(2)-2=2m/ s²","'58.90534973"
"'56","'LINE","'Motion with Constant Acceleration","'99.95361328"
"'56","'LINE","'Although there is a possibility to have varying acceleration (non-uniform","'99.93287659"
"'56","'LINE","'acceleration) in reality, in many common types of one-dimensional motion, the","'99.89239502"
"'56","'LINE","'acceleration is assumed to be constant or uniform. It means that, the velocity of the","'99.98091125"
"'56","'LINE","'object is changing by equal amount in equal interval of time. Such a motion is known","'99.93394470"
"'56","'LINE","'as a uniformly accelerated rectilinear motion. In this case, the average acceleration","'99.93965912"
"'56","'LINE","'equals the instantaneous acceleration, and the average velocity is the average of the","'99.94261932"
"'56","'LINE","'initial and final velocities.","'99.92781067"
"'56","'LINE","'50","'99.96093750"
"'57","'LINE","'Grade 11","'99.86696625"
"'57","'LINE","'Exercise 3.1:","'99.80388641"
"'57","'LINE","'A Cheetah, shown in the figure, is","'97.56169891"
"'57","'LINE","'the fastest land animals. It could run","'99.96756744"
"'57","'LINE","'up to 120 km/h. Starting from rest a","'99.59497070"
"'57","'LINE","'Cheetah can reach to a speed of 96.6","'99.85224915"
"'57","'LINE","'km/h in only three seconds. What is","'99.95222473"
"'57","'LINE","'its (a) average acceleration? and (b)","'99.92230225"
"'57","'LINE","'average velocity in these 3 seconds?","'99.92067719"
"'57","'LINE","'?","'97.60742188"
"'57","'LINE","'Activity 3.2:","'99.86128998"
"'57","'LINE","'Experiment","'100.00000000"
"'57","'LINE","'In this experiment the acceleration of a ball/wooden block/trolley/tin can","'99.67094421"
"'57","'LINE","'is determined by rolling or sliding it down a slight incline plane. To do so, the","'99.72372437"
"'57","'LINE","'distances they covered in successive time intervals is measured.","'99.98237610"
"'57","'LINE","'Apparatus and Materials","'99.98020172"
"'57","'LINE","'Ball/wooden block/trolley/tin can","'99.64166260"
"'57","'LINE","'Ramp,","'100.00000000"
"'57","'LINE","'meter stick.","'99.95077515"
"'57","'LINE","'electronic stopwatch","'99.99511719"
"'57","'LINE","'Ticker-timer with power supply unit","'99.97460938"
"'57","'LINE","'Ticker-tape","'99.97070313"
"'57","'LINE","'Sellotape","'100.00000000"
"'57","'LINE","'Ramp Construction","'99.99511719"
"'57","'LINE","'For the ramp you can use any flat, level object such as a board or a cardboard box.","'99.86306000"
"'57","'LINE","'It should be at least 1.25 meters long. If you don't have anything like that then you","'99.92347717"
"'57","'LINE","'will have to improvise. It doesn't matter what the ramp is made of as long as it is flat","'99.97357941"
"'57","'LINE","'and strong enough to support your rolling/sliding object without bending.","'99.98218536"
"'57","'LINE","'To raise one end of the ramp, use a pile of books. You may not be able to get the top","'99.92771149"
"'57","'LINE","'of the ramp at exactly the height given in the instructions. Get it as close as you can","'99.97314453"
"'57","'LINE","'and record the actual height in data tables A and B.","'95.85221863"
"'57","'LINE","'51","'99.84295654"
"'58","'LINE","'Physics","'99.89178467"
"'58","'LINE","'Student Text Book","'99.83132172"
"'58","'LINE","'Figure 3.1","'99.77539063"
"'58","'LINE","'Objectives","'99.93083954"
"'58","'LINE","'1. Become familiar with the concept of hypothesis testing by experiment.","'99.95407104"
"'58","'LINE","'2. Observe and measure motion on an inclined plane.","'99.97278595"
"'58","'LINE","'3. Understand the relationships between distance, time, and acceleration.","'99.95028687"
"'58","'LINE","'4. Understand how to draw and interpret a ""best fit"" or regression line on a graph","'99.61753845"
"'58","'LINE","'of experimental data.","'99.98345947"
"'58","'LINE","'5. Appreciate the difficulties in analyzing experimental data to make conclusions,","'99.94778442"
"'58","'LINE","'even if the data is carefully and correctly collected.","'99.98580933"
"'58","'LINE","'Procedure","'100.00000000"
"'58","'LINE","'1. Measure distance, d along the ramp with arbitrary starting point.","'99.90538788"
"'58","'LINE","'2. Set up the ramp with h = 0.10 m above the table, (as shown in Figure 3.9)","'99.78204346"
"'58","'LINE","'3. Starting with the ball/wooden block/trolley/cylinder at rest, use the stopwatch","'99.90737915"
"'58","'LINE","'to measure the time to roll distance d = 1.8 meter down the ramp.","'99.75476074"
"'58","'LINE","'4. Take 6, time measurements, record in data table. Cross out the highest and","'99.97111511"
"'58","'LINE","'lowest times and determine the average of the remaining four times. (Sum four","'99.96952057"
"'58","'LINE","'times and divide by four to find the average.)","'99.97803497"
"'58","'LINE","'5. Repeat steps 2 to 4 for distances of 1.6 m, 1.4 m, 1.2 m, and 1.0 m (see data","'99.77832794"
"'58","'LINE","'table).","'99.92107391"
"'58","'LINE","'6. Using cell-phone record the video of the motion and use it for plotting the S vs.","'98.27400208"
"'58","'LINE","'t, V vs. t and a vs. t graphs.","'92.16956329"
"'58","'LINE","'A countdown of ""3, 2, 1"" is a good way to begin the timing whether there is one","'98.19641876"
"'58","'LINE","'person or two involved in the experiment.","'99.89064026"
"'58","'LINE","'To stop the timing, it is best to use a flat object such as a ruler or the cover of a book","'99.71168518"
"'58","'LINE","'52","'99.96093750"
"'59","'LINE","'Grade 11","'99.92636108"
"'59","'LINE","'as a physical stop. This allows you to use your sense of hearing along with sight to","'99.93984985"
"'59","'LINE","'coordinate the stopwatch with the stopping point.","'99.98860931"
"'59","'LINE","'Data Table","'100.00000000"
"'59","'LINE","'Make six trials and discard the highest and lowest in each trial so you will average","'99.22650146"
"'59","'LINE","'the middle three values. Enter the average time in the data table. In each case use","'99.99074554"
"'59","'LINE","'t(avg) for the times to calculate t squared.","'99.68082428"
"'59","'LINE","'d (m)","'98.40212250"
"'59","'LINE","'t₁","'97.82127380"
"'59","'LINE","'t₂","'90.01196289"
"'59","'LINE","'t₃","'93.58159637"
"'59","'LINE","'4","'98.77132416"
"'59","'LINE","'t₅","'94.12846375"
"'59","'LINE","'t₆","'93.75219727"
"'59","'LINE","'tₐᵥ","'25.56431198"
"'59","'LINE","'t²ₐv","'26.59877205"
"'59","'LINE","'a=2d","'40.84402847"
"'59","'LINE","'II","'64.87583160"
"'59","'LINE","'1.8","'99.85351563"
"'59","'LINE","'1.6","'99.68669891"
"'59","'LINE","'1.4","'99.38078308"
"'59","'LINE","'1.2","'99.89257813"
"'59","'LINE","'1.0","'99.67613983"
"'59","'LINE","'1. Draw a graph of distance versus average time squared for your data, (d vs. t2)","'98.40592194"
"'59","'LINE","'2. Determine the slope the best fit line.","'99.96156311"
"'59","'LINE","'3. The value of acceleration is twice the slope.","'99.98463440"
"'59","'LINE","'4. Analyze the data using spreadsheet (Microsoft excel).","'99.97294617"
"'59","'LINE","'5. Using distance 'd' and average time draw: distance vs. time, velocity vs. time","'97.27855682"
"'59","'LINE","'and acceleration vs. time graph of the motion using spreadsheet (Microsoft","'97.45814514"
"'59","'LINE","'excel).","'99.91131592"
"'59","'LINE","'N.B. Contact your IT teacher to get an assistance about how to use Microsoft","'99.98954010"
"'59","'LINE","'excel in analyzing your data and draw graphs.","'99.99877930"
"'59","'LINE","'1. Compare the measured acceleration with the theoretical estimate","'99.97052765"
"'59","'LINE","'(a= = g sin Θ) , friction neglected by making the surface as smooth as possible.","'95.30087280"
"'59","'LINE","'2. Write a report on your findings.","'99.84101868"
"'59","'LINE","'53","'99.96093750"
"'60","'LINE","'Physics","'99.91131592"
"'60","'LINE","'|","'47.72032547"
"'60","'LINE","'Student Text Book","'99.84786987"
"'60","'LINE","'Review Questions 3.1","'99.93489075"
"'60","'LINE","'1. Define the terms average and instantaneous acceleration.","'99.94345093"
"'60","'LINE","'2. State the conditions in which an object is said to speed up and slow down.","'99.97971344"
"'60","'LINE","'3. What is the relationship between acceleration and deceleration?","'99.96374512"
"'60","'LINE","'4. A car driver accelerates her car by 1.4 m/s², starting from rest. (a) How long","'98.22714233"
"'60","'LINE","'does it take her to reach a speed of 2.0 m/s? (b) If she then brakes to a stop in","'99.82312012"
"'60","'LINE","'0.8 seconds, what is her deceleration?","'99.94764709"
"'60","'LINE","'5. A particle is in motion and is accelerating. The velocity of the motion as a","'98.75696564"
"'60","'LINE","'function of time is given by: v(t) = 20t - m/s. Find (a) the functional","'95.80566406"
"'60","'LINE","'form of the acceleration, (b) the instantaneous velocity at t = 3s, and (c) the","'98.82584381"
"'60","'LINE","'instantaneous acceleration at t = 3 S.","'96.63538361"
"'60","'LINE","'3.2 Equations of Uniformly Accelerated Motion in 1D","'99.96195984"
"'60","'LINE","'By the end of this section, you will be able to:","'99.91790771"
"'60","'LINE","'derive and apply the equations of uniformly accelerated motion in 1D.","'99.77644348"
"'60","'LINE","'solve various problems of uniformly accelerated motion in 1d.","'99.89063263"
"'60","'LINE","'Derivation of equations of motion for uniformly accelerated motion","'99.99457550"
"'60","'LINE","'in a straight line.","'95.69918823"
"'60","'LINE","'The symbols used have the following meanings:","'99.97884369"
"'60","'LINE","'S = displacement, vᵢ = initial velocity, vƒ = final velocity,","'90.34489441"
"'60","'LINE","'t = time for the acceleration, and a = acceleration","'98.96727753"
"'60","'LINE","'Directly from the definition of acceleration, we get","'99.94538879"
"'60","'LINE","', which can be written as","'98.27191925"
"'60","'LINE","'vf = vᵢ + at","'27.36328316"
"'60","'LINE","'Equation 1","'99.68590546"
"'60","'LINE","'From the definition of average velocity, we get","'99.95819855"
"'60","'LINE","'s = vₐᵥt, =","'51.77435303"
"'60","'LINE","'but for uniformly accelerated motion,","'99.92662048"
"'60","'LINE","'Equation 2","'99.67653656"
"'60","'LINE","'54","'99.76483154"
"'61","'LINE","'Grade 11","'99.84783173"
"'61","'LINE","'Remember that average velocity and instantaneous velocities are different.","'99.92371368"
"'61","'LINE","'Instantaneous velocity is the velocity at a particular instant of time, but average","'99.92965698"
"'61","'LINE","'velocity is the velocity that represents a motion in a certain interval of time.","'99.91696167"
"'61","'LINE","'Substituting this equation of average velocity into the above equation of displacement","'99.97287750"
"'61","'LINE","'gives","'99.97070313"
"'61","'LINE","'Equation 3","'99.80838013"
"'61","'LINE","'By substituting for final velocity from equation 1 into equation 2 and rearranging","'99.94680023"
"'61","'LINE","'gives","'99.97070313"
"'61","'LINE","'S","'67.26113892"
"'61","'LINE","'(1)","'19.46478271"
"'61","'LINE","'Equation 4","'99.80838013"
"'61","'LINE","'Instead of final velocity if we substitute for initial velocity into equation 2 and","'99.97466278"
"'61","'LINE","'rearranging gives","'99.86328125"
"'61","'LINE","'s=v,t-1at²","'19.76138878"
"'61","'LINE","'Equation 5","'99.78475952"
"'61","'LINE","'Rearranging equation 1 for time (t) and substituting into equation 2 gives","'99.85324860"
"'61","'LINE","'(-)-","'22.41559792"
"'61","'LINE","'v² = vᵢ² + 2as","'18.30960083"
"'61","'LINE","'Equation 6","'99.78396606"
"'61","'LINE","'Note that, the above 6 equations all refer to uniformly accelerated motion in a","'99.94275665"
"'61","'LINE","'straight line. It means that, they do not apply if the acceleration is changing.","'99.97396851"
"'61","'LINE","'The above equations are important kinematics equations to solve any problem of","'99.99172974"
"'61","'LINE","'motion with constant acceleration. They summarized in Table 3.1 below.","'99.95249176"
"'61","'LINE","'Table 3.1: Kinematics equations for uniformly accelerated motion","'99.96806335"
"'61","'LINE","'Equation","'99.92107391"
"'61","'LINE","'Missing quantity","'99.90603638"
"'61","'LINE","'vf = vᵢ + at","'35.30273438"
"'61","'LINE","'Displacement (S)","'96.19493103"
"'61","'LINE","'Displacement (s), acceleration (a), and time (t)","'98.94605255"
"'61","'LINE","'55","'99.97070313"
"'62","'LINE","'Physics I Student Text Book","'92.87567902"
"'62","'LINE","'Acceleration (a)","'98.25852966"
"'62","'LINE","'Final velocity (vƒ)","'77.05104828"
"'62","'LINE","'s=v,t-1at²","'17.99724960"
"'62","'LINE","'Initial velocity (vᵢ)","'85.44011688"
"'62","'LINE","'v²ⱼ = v² + 2as","'27.64210129"
"'62","'LINE","'Time (t)","'98.20970154"
"'62","'LINE","'Note that the above equations are vector equations, it means that we need to take of","'99.98641968"
"'62","'LINE","'the direction of the quantities to be added. If they are in the same direction we add,","'99.98841858"
"'62","'LINE","'but if they point in opposite directions we subtract.","'99.97026062"
"'62","'LINE","'Example 3.3","'99.85231781"
"'62","'LINE","'A car accelerates uniformly from rest to a speed of 72 km/h in 8.0 S. (a) Find the","'97.81642914"
"'62","'LINE","'acceleration of the car. (b) Find the distance the car travels. (c) If the car brakes to","'99.77595520"
"'62","'LINE","'a stop over a distance of 50 m, then find its uniform deceleration.","'99.80037689"
"'62","'LINE","'Solution:","'99.91051483"
"'62","'LINE","'(a) In this problem we are given vᵢ = 0,vƒ = / h = 20m/ and t = 8.0 s","'90.37222290"
"'62","'LINE","'Using the equation","'99.58984375"
"'62","'LINE","'(b) To find the distance that the car travelled, we can use the equation:","'99.94089508"
"'62","'LINE","'thus","'99.48242188"
"'62","'LINE","'The distance can also be found from the equation: S","'98.64638519"
"'62","'LINE","'So that","'99.61874390"
"'62","'LINE","'(c) In this case the car breaks from 20m/s to a stop over a distance of 50 m, then","'99.50984955"
"'62","'LINE","'its deceleration will be:","'99.98027039"
"'62","'LINE","'This negative acceleration implies that the car's speed decreases from time to time.","'99.93955231"
"'62","'LINE","'56","'99.97070313"
"'63","'LINE","'Grade 11","'99.89218140"
"'63","'LINE","'Misconception Alert !!!","'99.26432037"
"'63","'LINE","'Note that all negative accelerations are not always decelerations. Negative acceleration","'99.95450592"
"'63","'LINE","'can also occur due to the change in direction with respect to a certain fixed reference","'99.87822723"
"'63","'LINE","'point.","'99.96014404"
"'63","'LINE","'Example: 3.4","'99.95077515"
"'63","'LINE","'The Ethiopian Airlines Boeing airplane lands on one of the Bole international","'99.98515320"
"'63","'LINE","'airport runways with an initial velocity of 40.0 m/s and then decelerates at 1.50","'99.95803070"
"'63","'LINE","'m/s². (a) What length of runway will it need? (b) For how long will it move on the","'99.55393982"
"'63","'LINE","'runway?","'99.88281250"
"'63","'LINE","'Solution:","'99.89098358"
"'63","'LINE","'Identify the known quantities: Vᵢ = 70m/s, a = -1.5m Vf = 0","'84.98334503"
"'63","'LINE","'S = 2a = 2(-1.5) -1600 -3.0 = 533.3m","'83.35638428"
"'63","'LINE","'The time to stop is","'99.98046875"
"'63","'LINE","':","'94.88201904"
"'63","'LINE","'Determining the stopping distance of a vehicle","'95.96357727"
"'63","'LINE","'What is stopping distance?","'99.97802734"
"'63","'LINE","'When brakes are applied to a moving vehicle, the distance it travels before stopping","'99.94839478"
"'63","'LINE","'is called stopping distance. Calculating stopping distance is important for avoiding","'99.98654175"
"'63","'LINE","'potential hazardous situations. There are many factors that can affect the stopping","'99.97104645"
"'63","'LINE","'distance of a moving vehicle. Here are some;","'99.97284698"
"'63","'LINE","'Speed of the vehicle","'99.99511719"
"'63","'LINE","'Weight of the vehicle","'100.00000000"
"'63","'LINE","'Road conditions (slick, icy, snow, dry, wet)","'99.61034393"
"'63","'LINE","'Vehicle brake conditions (old or worn pads and rotors)","'99.95606232"
"'63","'LINE","'Braking technology in the vehicle","'99.97819519"
"'63","'LINE","'Tire conditions","'99.97518921"
"'63","'LINE","'This leads us to the actual formula for working out braking distances. The formula","'99.97518921"
"'63","'LINE","'is based on the velocity (speed) of the vehicle and the coefficient of friction between","'99.97624207"
"'63","'LINE","'the wheels and the road (µ).","'98.52406311"
"'63","'LINE","'Braking distance","'98.24179077"
"'63","'LINE","'57","'99.81445313"
"'64","'LINE","'Physics I Student Text Book","'91.40676880"
"'64","'LINE","'This is because, for a car coming to a stop due to friction: a = µg. Experiments have","'99.01379395"
"'64","'LINE","'shown that for dry roads, the coefficient of friction is about 0.7, and for wet roads it","'99.94448090"
"'64","'LINE","'is about 0.4. The stopping distance is then the sum of reaction distance and braking","'99.98421478"
"'64","'LINE","'distance.","'99.95037079"
"'64","'LINE","'Stopping distance","'83.89748383"
"'64","'LINE","'Reaction","'97.75808716"
"'64","'LINE","'distance","'96.18403625"
"'64","'LINE","'Braking distance","'95.78095245"
"'64","'LINE","'Hazard","'99.67215729"
"'64","'LINE","'Braking","'99.37281036"
"'64","'LINE","'The car","'99.15178680"
"'64","'LINE","'detected","'99.15397644"
"'64","'LINE","'begins","'87.37503815"
"'64","'LINE","'stands still","'67.04918671"
"'64","'LINE","'Figure 3.2: Stopping distance","'99.92636108"
"'64","'LINE","'The reaction distance is the distance you travel from the point of detecting a hazard","'99.97699738"
"'64","'LINE","'until you begin braking or swerving. The time between being where we first start","'99.99087524"
"'64","'LINE","'measuring, and where the car begins braking, is called the reaction time. As an","'99.97884369"
"'64","'LINE","'equation, looking at the car's speed, v, the distance v it travels over a period of","'98.13500977"
"'64","'LINE","'time v is:","'95.60394287"
"'64","'LINE","'The reaction distance = The car's speed X reaction time.","'99.11421204"
"'64","'LINE","'Reaction distance (sᵣ) =","'83.30265045"
"'64","'LINE","'Stopping distance = reaction distance + braking distance","'99.35364532"
"'64","'LINE","'Stoppind distance = vt +","'91.87522125"
"'64","'LINE","'Example 3.2:","'99.88201141"
"'64","'LINE","'(a) Compare the stopping distance for the following speeds of an automobile.","'99.95444489"
"'64","'LINE","'Assumes the road is dry and the co-efficient of friction between the tire and","'99.97390747"
"'64","'LINE","'the road is 0.70. (b) Discuss the potential damage that could be caused by the","'99.96701813"
"'64","'LINE","'automobile running with 80 km/h compared to that moving with 20 km/h.","'99.94452667"
"'64","'LINE","'reaction distance","'99.93124390"
"'64","'LINE","'Speedometer","'99.99023438"
"'64","'LINE","'Speedometer","'99.99023438"
"'64","'LINE","'braking","'100.00000000"
"'64","'LINE","'Stopping","'100.00000000"
"'64","'LINE","'distance","'99.97070313"
"'64","'LINE","'distance","'99.99023438"
"'64","'LINE","'reading","'100.00000000"
"'64","'LINE","'reading","'100.00000000"
"'64","'LINE","'=","'90.11559296"
"'64","'LINE","'(km/h)","'99.73632813"
"'64","'LINE","'(m/s)","'99.76562500"
"'64","'LINE","'t = your reactiontime","'35.15764618"
"'64","'LINE","'Sb 2 v²","'55.80061722"
"'64","'LINE","'Sr","'33.94610977"
"'64","'LINE","'80 km/h","'99.06250000"
"'64","'LINE","'60 km/h","'98.45015717"
"'64","'LINE","'30 km/h","'98.70814514"
"'64","'LINE","'20 km/h","'98.86679077"
"'64","'LINE","'58","'99.97070313"
"'65","'LINE","'Grade 11","'99.88729858"
"'65","'LINE","'?","'97.89062500"
"'65","'LINE","'Activity 3.3:","'99.77708435"
"'65","'LINE","'1. Discuss in group about the meanings of the traffic signs shown in the figure","'99.98503113"
"'65","'LINE","'below and the consequences resulted if one is going to miss it.","'99.98697662"
"'65","'LINE","'2. Discuss about the main causes of car accidents in your area, and the ways to","'99.98214722"
"'65","'LINE","'reduce the accidents. Your teacher can invite a guest from traffic offices.","'99.72782898"
"'65","'LINE","'RCP 9168 00318","'43.48240662"
"'65","'LINE","'HThChe and","'21.72487831"
"'65","'LINE","'me one","'50.07134628"
"'65","'LINE","'OVERTAKING LANE","'99.25991058"
"'65","'LINE","'PASSENGER CAR LANE","'98.53515625"
"'65","'LINE","'TRUCK LANE","'99.81933594"
"'65","'LINE","'120","'94.76403046"
"'65","'LINE","'80","'98.75976563"
"'65","'LINE","'100","'96.00924683"
"'65","'LINE","'80","'98.59375000"
"'65","'LINE","'80","'97.19726563"
"'65","'LINE","'60","'98.94531250"
"'65","'LINE","'30","'99.39871216"
"'65","'LINE","'km/h","'97.89958954"
"'65","'LINE","'Figure 3.3: Traffic sign","'99.74794006"
"'65","'LINE","'Review Questions 3.2","'99.91835022"
"'65","'LINE","'1. Derive the five kinematic equations.","'99.93286896"
"'65","'LINE","'2. It is found experimentally that, if a street surface is dry, a good driver can","'99.83607483"
"'65","'LINE","'safely decelerate an automobile with reasonably good tires at the rate of about","'99.98560333"
"'65","'LINE","'4.57 m/s². So, for a car moving at 60 km/h what should be the minimum","'99.49107361"
"'65","'LINE","'distance between two cars so that they won't crash during a sudden stop?","'98.57617950"
"'65","'LINE","'3. A driver of a vehicle traveling at a speed of 30 m/s on a motorway brake","'99.19091797"
"'65","'LINE","'sharply to a standstill in a distance of 100m. Calculate the deceleration of the","'99.65810394"
"'65","'LINE","'vehicle.","'99.84056091"
"'65","'LINE","'4. A motorist travelling at 18 m/s approaches traffic lights. When he is 30 m from","'99.24680328"
"'65","'LINE","'the stop line, they turn red. It takes 0.7 S before he can react by applying the","'99.72844696"
"'65","'LINE","'brakes. The car slows down at a rate of 4.6 m/s². How far from the stop line","'99.59257507"
"'65","'LINE","'will he come to rest and on which side of it?","'99.94673157"
"'65","'LINE","'5. The driver of a train travelling at 40 m/s applies the brakes as the train enters","'99.86988068"
"'65","'LINE","'a station. The train slows down at a rate of 2m/s. The platform is 400 m long.","'99.69905090"
"'65","'LINE","'Will the train stop in time?","'99.98358917"
"'65","'LINE","'6. The distance covered in n seconds and the distance covered in the nth second","'98.16017151"
"'65","'LINE","'are different questions. Derive the equation for the distance covered in the nth","'97.49777985"
"'65","'LINE","'second.","'99.88042450"
"'65","'LINE","'59","'99.95117188"
"'66","'LINE","'Physics","'99.91131592"
"'66","'LINE","'I Student Text Book","'88.78495026"
"'66","'LINE","'3.3 Graphical Representation of Uniformly","'99.92450714"
"'66","'LINE","'accelerated Motion in 1 D","'99.76646423"
"'66","'LINE","'By the end of this section, you will be able to:","'99.91687775"
"'66","'LINE","'graphically, represent position versus time graph, displacement time graph,","'99.97686005"
"'66","'LINE","'velocity time graph, and acceleration time graph of a uniformly accelerated","'99.78820038"
"'66","'LINE","'motion in 1d.","'99.79119873"
"'66","'LINE","'interpret a graph of velocity vs. time, displacement vs. time and acceleration","'99.11528015"
"'66","'LINE","'vs. time.","'97.39726257"
"'66","'LINE","'draw graphs from the kinematic equations.","'99.98508453"
"'66","'LINE","'determine the velocity of a motion from the slope of displacement-time graph,","'99.90475464"
"'66","'LINE","'and acceleration from the slope of velocity - time graph.","'98.27256012"
"'66","'LINE","'determine the displacement covered from the area under velocity - time","'97.64569092"
"'66","'LINE","'graph.","'99.95037079"
"'66","'LINE","'In this section, we will discuss about graphs that help us picture the concepts of","'99.98687744"
"'66","'LINE","'displacement, velocity and acceleration.","'99.88793945"
"'66","'LINE","'3.3.1 Displacement-Time Graphs","'99.85976410"
"'66","'LINE","'?","'99.63787079"
"'66","'LINE","'Brainstorming","'99.88042450"
"'66","'LINE","'What are dependent and independent variables in drawing graphs, and what","'99.99105072"
"'66","'LINE","'is the relationship between them?","'99.99218750"
"'66","'LINE","'Displacement-Time Graph","'99.55855560"
"'66","'LINE","'A displacement-time graph shows how displacement changes with time. In drawing","'99.59813690"
"'66","'LINE","'displacement-time graph, we record displacement and time for the motion, and","'99.96117401"
"'66","'LINE","'the displacement (the dependent variable) is plotted on the Y-axis, and time (the","'99.92127228"
"'66","'LINE","'independent variable) is plotted on the X-axis.","'99.80369568"
"'66","'LINE","'The slope of displacement-time graph","'99.94256592"
"'66","'LINE","'Slope is a measure of the steepness of a line. It is given by the equation:","'99.93125153"
"'66","'LINE","'Slope = run Horizontal Vertical increase increase x₂ t₂⁻t₁","'86.77191925"
"'66","'LINE","'60","'99.80388641"
"'67","'LINE","'Grade 11","'99.90154266"
"'67","'LINE","'x (m)","'81.63265228"
"'67","'LINE","'x2","'81.11128998"
"'67","'LINE","'rise","'97.69451904"
"'67","'LINE","'run","'98.60351563"
"'67","'LINE","'T1","'49.54639816"
"'67","'LINE","'t₁","'96.12165070"
"'67","'LINE","'t₂","'71.60215759"
"'67","'LINE","'t (s)","'93.42832947"
"'67","'LINE","'Figure 3.4: Slope of Position-time graph","'99.86899567"
"'67","'LINE","'This expression for slope is the same as the definition of velocity:","'99.98433685"
"'67","'LINE","'velocity =","'93.59295654"
"'67","'LINE","'So, the slope of a position-time graph equals the velocity of the motion.","'99.89073944"
"'67","'LINE","'a. Displacement-time graph for uniform motion","'99.27153015"
"'67","'LINE","'For a body moving at constant velocity (uniform motion), its graph of displacement","'99.95975494"
"'67","'LINE","'against time is a straight line with a constant slope/gradient, Figure 3.5 (b). This is","'99.85274506"
"'67","'LINE","'because distance is directly proportional to time =","'99.50663757"
"'67","'LINE","'b. Displacement-time graph for uniformly accelerated motion","'99.97756195"
"'67","'LINE","'For a body moving at constant acceleration, its graph of displacement against time","'99.93654633"
"'67","'LINE","'is a parabola (curved upward), Figure 3.5 (c). This is because distance is directly","'99.94641876"
"'67","'LINE","'proportional to the square of time In this case slope is increasing (sloping","'99.98867035"
"'67","'LINE","'up or getting steeper), hence velocity is increasing resulting in a positive acceleration.","'99.87703705"
"'67","'LINE","'Displacement-time graph for uniformly decelerated motion","'99.97193146"
"'67","'LINE","'Figure 3.5 (d), shows the case where the velocity of an object is decreasing, slope is","'99.97675323"
"'67","'LINE","'decreasing, resulting to a deceleration.","'99.78311920"
"'67","'LINE","'61","'99.48162079"
"'68","'LINE","'Physics","'99.91131592"
"'68","'LINE","'Student Text Book","'99.82129669"
"'68","'LINE","'Displacement","'93.74541473"
"'68","'LINE","'Displacement","'96.52921295"
"'68","'LINE","'Displacement","'96.96209717"
"'68","'LINE","'Displacement","'97.62535858"
"'68","'LINE","'Time","'99.99023438"
"'68","'LINE","'Time","'99.97070313"
"'68","'LINE","'Time","'99.99023438"
"'68","'LINE","'Time","'99.97070313"
"'68","'LINE","'(A)","'99.80229950"
"'68","'LINE","'(B)","'99.77140808"
"'68","'LINE","'(C)","'99.44276428"
"'68","'LINE","'(D)","'99.91131592"
"'68","'LINE","'Figure 3.5: Some common displacement-time graphs","'99.93612671"
"'68","'LINE","'Interpreting a displacement-time graphs","'98.74397278"
"'68","'LINE","'In interpreting or describing the motion of an object, we decide whether the object","'99.98535156"
"'68","'LINE","'is moving at a constant speed, accelerating or decelerating or is the object stationary","'99.95153046"
"'68","'LINE","'(at rest). To understand how to interpret these graphs, we need to know something","'99.92781067"
"'68","'LINE","'about the slope of a line. The slope of a line on a graph tells you how quickly the","'99.94796753"
"'68","'LINE","'quantity being graphed is increasing or decreasing. For this purpose, we use the","'99.97039795"
"'68","'LINE","'following properties of the slope of a dispacement time-graph.","'99.85230255"
"'68","'LINE","'A flat line (slope equals zero), means that the object is at rest.","'99.36974335"
"'68","'LINE","'An upwards straight line means that the object is moving forwards at a","'99.89624023"
"'68","'LINE","'constant speed.","'99.97518921"
"'68","'LINE","'For an upward curved line, for each second that ticks on the horizontal","'99.98178101"
"'68","'LINE","'time axis, the distance travelled is greater than the second before. In","'99.99009705"
"'68","'LINE","'other words, distance is increasing at an increasing rate. We say that","'99.98196411"
"'68","'LINE","'the object is accelerating.","'99.83831787"
"'68","'LINE","'If the line on the distance-time graph curves the other way (when the","'99.96075439"
"'68","'LINE","'slope becomes flatter), then the object will be decelerating, as each","'99.94674683"
"'68","'LINE","'second the distance travelled is less than the previous second.","'99.99105072"
"'68","'LINE","'So, the displacement vs. time graphs of Figure 3.5 are interpreted as follows.","'98.74950409"
"'68","'LINE","'a. shows the graph for an object stationary over a period of time. The slope is","'99.92947388"
"'68","'LINE","'zero, so the object has zero velocity.","'99.24010468"
"'68","'LINE","'b. shows the graph for an object moving at a constant velocity. You can see","'99.95736694"
"'68","'LINE","'that the displacement is increasing as time goes on. The slope, however,","'99.97200012"
"'68","'LINE","'stays constant (remember: it's the slope of a straight line), so the velocity is","'99.33789063"
"'68","'LINE","'constant. Here the slope is positive, so the object is moving in the direction we","'99.64353180"
"'68","'LINE","'have defined as positive.","'99.95057678"
"'68","'LINE","'62","'99.87304688"
"'69","'LINE","'Grade 11","'99.80876923"
"'69","'LINE","'c. shows the graph for an object moving at a constant acceleration. You can see","'99.32031250"
"'69","'LINE","'that the slope of the curve increases with time (becomes more vertical); thus,","'99.92734528"
"'69","'LINE","'the velocity is increasing with time and the object is accelerating.","'99.97116089"
"'69","'LINE","'d. shows the graph for an object moving at a constant deceleration. You can see","'99.93209076"
"'69","'LINE","'that the slope of the curve decreases with time (becomes more horizontal);","'99.89634705"
"'69","'LINE","'thus, the velocity is decreases with time and the object is decelerating.","'99.97104645"
"'69","'LINE","'Example 3.5:","'99.84335327"
"'69","'LINE","'Draw the displacement-time graph of a ball thrown directly upwards and caught","'99.94474792"
"'69","'LINE","'when it returns.","'99.97721100"
"'69","'LINE","'Solution:","'99.89098358"
"'69","'LINE","'Immediately after leaving the throwers hand, the velocity is positive and","'99.98919678"
"'69","'LINE","'large so the slope is positive and large.","'99.19059753"
"'69","'LINE","'As the ball rises, its velocity decreases so the slope decreases.","'99.36231995"
"'69","'LINE","'At the maximum height, its velocity is zero so the slope is zero.","'99.32050323"
"'69","'LINE","'As the ball descends, its velocity becomes increasingly negative,","'99.98671722"
"'69","'LINE","'corresponding to increasing speed in a downward direction. So, the slope","'99.90969849"
"'69","'LINE","'becomes increasingly negative.","'99.94061279"
"'69","'LINE","'The slope of the line represents the object's acceleration. This is constant and","'99.81990814"
"'69","'LINE","'negative, equal to the acceleration of free fall, g. The acceleration of the object","'99.37532806"
"'69","'LINE","'is the same when it descends as when it ascends so the slope of the line is always","'99.53143311"
"'69","'LINE","'equal to -9.8m/","'94.39585876"
"'69","'LINE","'The area under the line represents the displacement of the object from its starting","'99.99511719"
"'69","'LINE","'position.","'99.96014404"
"'69","'LINE","'The area between the positive","'99.97038269"
"'69","'LINE","'displacement","'99.92028046"
"'69","'LINE","'section of the line and the time","'100.00000000"
"'69","'LINE","'maximuum","'99.28411865"
"'69","'LINE","'axis represents the displacement","'99.97274780"
"'69","'LINE","'height","'99.87145233"
"'69","'LINE","'during the ascend.","'99.98671722"
"'69","'LINE","'The area under the negative","'99.98030853"
"'69","'LINE","'section of the line and the time","'99.99151611"
"'69","'LINE","'axis represents the displacement","'99.95281982"
"'69","'LINE","'during the descent.","'99.98345947"
"'69","'LINE","'Summing up theses two areas gives","'99.98521423"
"'69","'LINE","'0","'96.58721161"
"'69","'LINE","'0","'96.23744202"
"'69","'LINE","'time","'99.71679688"
"'69","'LINE","'zero. This corresponds to zero total","'99.97043610"
"'69","'LINE","'displacement, because it returns back","'99.92646027"
"'69","'LINE","'Figure 3.6: Displacement-time graph of an","'99.87563324"
"'69","'LINE","'to the thrown point.","'99.98515320"
"'69","'LINE","'object thrown vertically upward","'99.97070313"
"'69","'LINE","'63","'99.83238983"
"'70","'LINE","'Physics","'99.91131592"
"'70","'LINE","'I","'61.91197205"
"'70","'LINE","'Student Text Book","'99.87091827"
"'70","'LINE","'Exercise 3.2:","'99.81365967"
"'70","'LINE","'For the motion of a ball thrown vertically upward whose displacement-time","'99.89608765"
"'70","'LINE","'graph is shown in Figure 3.13, draw its distance time graph.","'99.95812988"
"'70","'LINE","'Velocity-Time Graph","'99.56343842"
"'70","'LINE","'A velocity-time graph shows how velocity","'99.70307922"
"'70","'LINE","'changes with time. In drawing velocity-time","'99.95890808"
"'70","'LINE","'graph, we record velocity and time for the","'99.99135590"
"'70","'LINE","'motion, and the velocity (the dependent","'99.96515656"
"'70","'LINE","'variable) is plotted on the Y-axis, and time (the","'99.87643433"
"'70","'LINE","'independent variable) is plotted on the X-axis.","'99.84984589"
"'70","'LINE","'That is vertical axis represents the velocity of the","'99.98254395"
"'70","'LINE","'velocity","'97.29492188"
"'70","'LINE","'object, and the horizontal axis represents the","'99.98721313"
"'70","'LINE","'At","'42.00095367"
"'70","'LINE","'time taken. Figure 3.7, shows the velocity-time","'99.94083405"
"'70","'LINE","'time","'99.91131592"
"'70","'LINE","'graph of a motion with a constant acceleration,","'99.76265717"
"'70","'LINE","'Figure 3.7: Slope of","'99.84011078"
"'70","'LINE","'i.e., the velocity increases by equal amount in","'99.97772217"
"'70","'LINE","'velocity-time graph","'99.79940796"
"'70","'LINE","'equal interval of time.","'99.98515320"
"'70","'LINE","'slope = Vertical increase At","'89.14668274"
"'70","'LINE","'Horizontal increase","'97.87477875"
"'70","'LINE","'This is just the expression for acceleration. So, the slope of a velocity graph represents","'99.94045258"
"'70","'LINE","'the acceleration of the motion. Because the slope is the same at all points on this","'99.99140167"
"'70","'LINE","'graph, the acceleration is constant.","'99.98226166"
"'70","'LINE","'We can also get the displacement travelled from the velocity vs. time graph by finding","'98.95349884"
"'70","'LINE","'the area of the region between the line and the time axis.","'99.99091339"
"'70","'LINE","'Note:","'99.99023438"
"'70","'LINE","'The slope of a velocity-time graph gives the acceleration.","'99.89965820"
"'70","'LINE","'The area between a velocity-time graph and the `time' axis gives the","'99.42520905"
"'70","'LINE","'displacement of the object.","'99.97763062"
"'70","'LINE","'The velocity-time graph for (a) uniform motion, (b) uniformly accelerated motion,","'99.92693329"
"'70","'LINE","'and (c) uniformly decelerated motion is shown in the Figure 3.8, below.","'99.85668945"
"'70","'LINE","'64","'98.13397217"
"'71","'LINE","'Grade 11","'99.87145233"
"'71","'LINE","'Velocity","'97.35152435"
"'71","'LINE","'Velocity","'97.78459930"
"'71","'LINE","'Velocity","'93.39505005"
"'71","'LINE","'Time","'99.76084137"
"'71","'LINE","'Time","'99.80069733"
"'71","'LINE","'Time","'99.76084137"
"'71","'LINE","'(For body moving","'99.89749146"
"'71","'LINE","'(For uniform","'99.10923767"
"'71","'LINE","'(For uniform","'99.31909180"
"'71","'LINE","'with constant velocity)","'99.36955261"
"'71","'LINE","'accelerated motion","'99.74619293"
"'71","'LINE","'accelerated motion","'99.73603058"
"'71","'LINE","'with increasing velocity)","'99.34297943"
"'71","'LINE","'with decreasing","'99.89546204"
"'71","'LINE","'velocity)","'98.87496185"
"'71","'LINE","'Figure 3.8: Some common velocity-time graphs:","'99.88690186"
"'71","'LINE","'Key terms","'99.88610077"
"'71","'LINE","'Slope of displacement-time graph give average velocity.","'99.08043671"
"'71","'LINE","'Slope of velocity-time graph give the acceleration of the motion.","'99.93783569"
"'71","'LINE","'The area under the velocity-time curve and the time axis gives the magnitude of","'99.94792175"
"'71","'LINE","'the displacement covered.","'99.92054749"
"'71","'LINE","'Exercise 3.4","'99.94100952"
"'71","'LINE","'By looking a velocity vs. time graph, you can tell if an object is accelerating,","'98.21997070"
"'71","'LINE","'decelerating, or moving at a constant velocity. Forming a group with 5 members","'99.80125427"
"'71","'LINE","'make a discussion and interpret the above three velocity vs. time graphs.","'97.83374023"
"'71","'LINE","'Example 3.6","'99.94628906"
"'71","'LINE","'Draw the velocity-time graph of a ball thrown directly upwards and caught when","'99.93102264"
"'71","'LINE","'it returns.","'99.96582031"
"'71","'LINE","'Solution:","'99.92028046"
"'71","'LINE","'The velocity of the ball decreases from","'99.99860382"
"'71","'LINE","'maximum height occurs","'98.48958588"
"'71","'LINE","'its initial positive (upward) value","'99.98210144"
"'71","'LINE","'at time I = u/g","'76.26104736"
"'71","'LINE","'to zero at a maximum height then","'99.94049835"
"'71","'LINE","'increases in the negative (downwards)","'99.95819092"
"'71","'LINE","'velocity","'90.92912292"
"'71","'LINE","'o","'67.67717743"
"'71","'LINE","'time","'98.63221741"
"'71","'LINE","'direction as it falls. Figure 3.9 shows","'99.97326660"
"'71","'LINE","'how the velocity of the ball changes","'100.00000000"
"'71","'LINE","'with time.","'99.97518921"
"'71","'LINE","'Figure 3.9 Velocity-time graph of a ball","'99.85459900"
"'71","'LINE","'thrown vertically up and came back to","'99.86775208"
"'71","'LINE","'the throwers hand","'100.00000000"
"'71","'LINE","'65","'99.96093750"
"'72","'LINE","'Physics","'99.92107391"
"'72","'LINE","'Student Text Book","'99.88420868"
"'72","'LINE","'Exercise 3.5","'99.92636108"
"'72","'LINE","'There is a difference between displacement vs. time graph and distance vs. time","'95.81973267"
"'72","'LINE","'graph of a motion, and also between velocity vs. time and speed vs. time graph","'96.64147186"
"'72","'LINE","'of a motion. Draw (a) distance vs. time, and (b) speed vs. time graph of a ball","'96.64234924"
"'72","'LINE","'thrown vertically upward and returns back to the throwers hand.","'99.99414063"
"'72","'LINE","'Acceleration-Time Graph","'99.56592560"
"'72","'LINE","'Acceleration-time graph shows how acceleration changes with time. In drawing","'99.94435120"
"'72","'LINE","'acceleration-time graph, we record acceleration and time for the motion, and","'99.92825317"
"'72","'LINE","'the acceleration (the dependent variable) is plotted on the Y-axis, and time (the","'99.90369415"
"'72","'LINE","'independent variable) is plotted on the X-axis. In this section, we will only deal","'99.92556000"
"'72","'LINE","'with objects moving at a constant acceleration, thus all acceleration-time graphs are","'99.88447571"
"'72","'LINE","'parallel to the time axis. Figure 3.10 below shows acceleration vs. time graph of a","'99.14878082"
"'72","'LINE","'uniform motion (a), a uniformly accelerated motion (b), and a uniformly decelerated","'99.89952087"
"'72","'LINE","'motion (c).","'99.88162231"
"'72","'LINE","'acceleration","'95.42809296"
"'72","'LINE","'acceleration","'97.56676483"
"'72","'LINE","'0","'99.27913666"
"'72","'LINE","'Time (s)","'94.34739685"
"'72","'LINE","'a)","'98.51901245"
"'72","'LINE","'time","'99.97070313"
"'72","'LINE","'b)","'99.63548279"
"'72","'LINE","'time","'99.93083954"
"'72","'LINE","'Figure 3.10 acceleration-time graph of (a) uniform motion, (b) uniformly","'99.84207916"
"'72","'LINE","'accelerated motion, (c) uniformly decelerated motion.","'97.80974579"
"'72","'LINE","'Example 3.7:","'99.81813812"
"'72","'LINE","'A car starts from rest and accelerates at a rate of 2.0m/s² for 5seconds, then","'98.23211670"
"'72","'LINE","'maintains its speed for 4 seconds. It then applied the brakes and stopped within","'99.98169708"
"'72","'LINE","'2 seconds. Then it moves at a constant speed of 15m/s in the opposite direction","'99.91440582"
"'72","'LINE","'until it reaches the starting point.","'99.98033905"
"'72","'LINE","'Determine the position of the car for each interval of time.","'99.98927307"
"'72","'LINE","'a) Draw the displacement versus time, velocity versus time and acceleration b)","'99.95633698"
"'72","'LINE","'versus time graph of the motion of the car.","'99.98806763"
"'72","'LINE","'c) From the velocity time graph, show that the displacement is zero.","'99.85818481"
"'72","'LINE","'66","'99.73632813"
"'73","'LINE","'Grade 11","'99.92187500"
"'73","'LINE","'Solution:","'99.79332733"
"'73","'LINE","'a) The car has different motions in the four intervals of time.","'99.96311188"
"'73","'LINE","'In the first interval of time between t = 0 and t = 5s it accelerates from","'97.81536102"
"'73","'LINE","'rest at a rate of 2.0m/s2. The displacement S in this interval will then be:","'99.45104218"
"'73","'LINE","'In the second interval of time, it maintains its speed for 4 seconds (i.e. between","'99.97645569"
"'73","'LINE","'t=5s and t = 9s). The constant speed it attained is the final speed at t = 5s. That","'96.96599579"
"'73","'LINE","'speed is","'99.94140625"
"'73","'LINE","'=","'88.37242889"
"'73","'LINE","'The displacement in the second interval will then be","'99.98263550"
"'73","'LINE","'s₂ = vt = (10m/ s)(4s) = 40m","'15.56730270"
"'73","'LINE","'Since S = X2 - X1 then the position of the car x² at the end of the second interval","'93.84249115"
"'73","'LINE","'will be","'99.97070313"
"'73","'LINE","'x =S₂+S₁=40m+25m = 65m","'14.36961937"
"'73","'LINE","'In the third interval of time, the car applied its brakes and reduces its speed at","'99.99140167"
"'73","'LINE","'a constant rate for 2 seconds until its velocity becomes zero from 10m/s. The","'99.87622070"
"'73","'LINE","'acceleration during this time interval is","'99.99186707"
"'73","'LINE","'0-10m/s","'70.23206329"
"'73","'LINE","'The displacement during this time interval will therefore be","'99.98263550"
"'73","'LINE","'S₃ -100m² / s² -10m/s² = 10m","'69.89993286"
"'73","'LINE","'The position of the car at the end of the third interval will be","'99.99093628"
"'73","'LINE","'x₃ = x₂ +s₂ = 65m+ 10m= 75m","'16.42029953"
"'73","'LINE","'In the fourth interval of time, the car moves at a constant speed of 15m/s in","'99.96129608"
"'73","'LINE","'opposite direction until it reaches Xf = 0 to the place where it started the motion.","'95.38085175"
"'73","'LINE","'(i.e. V = 15m/s since it is moving in the opposite direction.)","'98.31215668"
"'73","'LINE","'The final position xf = 0 and the time it takes to the initial position can be obtained","'97.79396820"
"'73","'LINE","'from the equation,","'99.99674225"
"'73","'LINE","'t = =","'88.03418732"
"'73","'LINE","'67","'99.61914063"
"'74","'LINE","'Physics I Student Text Book","'91.41868591"
"'74","'LINE","'b) The displacement vs time graph, and the corresponding velocity vs. time","'94.91577911"
"'74","'LINE","'graph is shown below.","'99.97538757"
"'74","'LINE","'The displacement-time graph will have","'99.94857788"
"'74","'LINE","'a parabolic shape in the first interval","'99.90957642"
"'74","'LINE","'x(m)","'97.74713135"
"'74","'LINE","'(speeding up); straight line with a positive","'99.33457184"
"'74","'LINE","'7","'96.81899261"
"'74","'LINE","'6","'99.17490387"
"'74","'LINE","'slope in the second interval (constant","'99.97193146"
"'74","'LINE","'2","'98.36754608"
"'74","'LINE","'speed); parabola inverted downward in","'99.97819519"
"'74","'LINE","'0","'95.14189911"
"'74","'LINE","'5","'99.21875000"
"'74","'LINE","'9","'96.96847534"
"'74","'LINE","'11","'96.93459320"
"'74","'LINE","'16","'98.30496979"
"'74","'LINE","'t(s)","'97.93228149"
"'74","'LINE","'the third interval which indicates the","'99.99172974"
"'74","'LINE","'v(m/s)","'96.22448730"
"'74","'LINE","'10","'99.60778046"
"'74","'LINE","'decreasing of speed in magnitude (slowing","'99.96691895"
"'74","'LINE","'0","'94.49836731"
"'74","'LINE","'5","'99.02263641"
"'74","'LINE","'9","'97.45715332"
"'74","'LINE","'11","'98.67606354"
"'74","'LINE","'16","'99.44993591"
"'74","'LINE","'t(s)","'97.49282837"
"'74","'LINE","'down); and in the last interval, it is a straight","'99.88446808"
"'74","'LINE","'line with a negative slope that indicates the","'99.69890594"
"'74","'LINE","'reverse in direction.","'99.92107391"
"'74","'LINE","'One of the three features of the velocity versus time graph is the area under the","'99.99206543"
"'74","'LINE","'curve is the displacement. From the lower part of the graph in Figure 3.18, the","'99.96322632"
"'74","'LINE","'sum of the area of the regions sum up to give us the displacement.","'99.95838928"
"'74","'LINE","'The area of the triangle in region 1 is: Area₁ = 2 1 = 25m","'95.89932251"
"'74","'LINE","'The area of the triangle in region 2 is: Area₂ = (10m/s)x(4s)=40,","'92.21430206"
"'74","'LINE","'The area of the triangle in region 3 is: Area₃ = 2 1 =","'96.24982452"
"'74","'LINE","'The area of the triangle in region 4 is: Area₁ = -(15m/s)(5s) = -75m","'93.48784637"
"'74","'LINE","'The total area is: Area₁ + Area₂ + Area₃ + Area₄ = 25m + 40m + 10m - 75m = O","'89.98114014"
"'74","'LINE","'This value of the displacement coincides with the value clearly seen in the","'99.98166656"
"'74","'LINE","'displacement vs. time graph.","'93.33426666"
"'74","'LINE","'Review Questions 3.4","'99.87928772"
"'74","'LINE","'1. Interpret the following the following velocity-time graphs.","'99.90082550"
"'74","'LINE","'2. Interpret the following displacement (s) VS. time graphs.","'97.95699310"
"'74","'LINE","'68","'99.88281250"
"'75","'LINE","'Grade 11","'99.84215546"
"'75","'LINE","'S","'96.84450531"
"'75","'LINE","'S","'97.97094727"
"'75","'LINE","'S","'97.83422089"
"'75","'LINE","'S","'97.79117584"
"'75","'LINE","'S","'98.32649231"
"'75","'LINE","'1","'56.52772141"
"'75","'LINE","'a)","'90.53173065"
"'75","'LINE","'b)","'98.22763824"
"'75","'LINE","'c)","'84.00729370"
"'75","'LINE","'d)","'93.09171295"
"'75","'LINE","'e)","'91.97544098"
"'75","'LINE","'3. By finding the area of the region","'99.96176147"
"'75","'LINE","'Vf","'98.75179291"
"'75","'LINE","'between the velocity-time curve","'99.93876648"
"'75","'LINE","'and the time axis of the velocity","'99.99860382"
"'75","'LINE","'VS, time graph shown below, derive","'94.44635010"
"'75","'LINE","'Velocity","'93.04428864"
"'75","'LINE","'the equation for displacement:","'99.97763062"
"'75","'LINE","'Vi","'96.26654053"
"'75","'LINE","'S = vᵢ 2 t","'79.09765625"
"'75","'LINE","'Time","'97.88983154"
"'75","'LINE","'4. Starting from rest a car moves along a straight level road with uniformly","'99.76861572"
"'75","'LINE","'increasing velocity for 20 minutes, until its velocity becomes 15 m/s, north.","'99.97375488"
"'75","'LINE","'Then it maintained this velocity for half an hour. In the next 10 minutes, its","'99.97174072"
"'75","'LINE","'velocity uniformly decreases until it becomes zero. Then it continuous moving","'99.96604919"
"'75","'LINE","'in the opposite direction for 20 minutes until its velocity is equal to 20 m/s,","'99.97113800"
"'75","'LINE","'south. (a) Draw the velocity VS. time, and displacement VS. time graph of the","'96.15225983"
"'75","'LINE","'motion. (b) determine the distance and the magnitude of the displacement","'99.98461914"
"'75","'LINE","'covered during the motion.","'99.97274780"
"'75","'LINE","'?","'96.24023438"
"'75","'LINE","'Activity 3.4:","'99.77748108"
"'75","'LINE","'Phet simulation for motion graphs","'99.98632813"
"'75","'LINE","'Learning Objectives","'99.99023438"
"'75","'LINE","'Examine velocity-time graphs and compare them to position-time graphs.","'99.86474609"
"'75","'LINE","'In addition, compare the slopes of the position-time and velocity-time graphs, as","'99.89659882"
"'75","'LINE","'well as the area to the time axis of the velocity-time and acceleration-time graphs.","'99.93054199"
"'75","'LINE","'Procedure:","'99.99023438"
"'75","'LINE","'Use the following links to run the simulation. https://phet.colorado.edu/en/","'99.68382263"
"'75","'LINE","'simulation/legacy/moving-man for more information.","'99.09927368"
"'75","'LINE","'69","'99.11132813"
"'76","'LINE","'Physics","'99.91131592"
"'76","'LINE","'Student Text Book","'99.83132172"
"'76","'LINE","'Then navigate to https://phet.colorado.edu/en/legacy/moving-man.","'86.39857483"
"'76","'LINE","'Beginning at rest, a man walks eastward over a straight level road at a constant","'99.74559021"
"'76","'LINE","'velocity of 2 m/s for 10 meters. The object then goes continually in the opposite","'99.96072388"
"'76","'LINE","'direction at a constant velocity of 1 m/s, which is apparent in the simulation graph","'99.83587646"
"'76","'LINE","'below. In the simulation, the motion is represented by a displacement vs. time","'98.34691620"
"'76","'LINE","'graph and a velocity vs. time graph. The total required time is 15 seconds.","'97.94989014"
"'76","'LINE","'a. Compute the distance covered in each motion using the formula the area of","'99.75473022"
"'76","'LINE","'the region in the graph and compare them.","'99.99023438"
"'76","'LINE","'b. Determine the time required to go east, t₁ = , the time necessary to go","'98.08454895"
"'76","'LINE","'west,","'99.95117188"
"'76","'LINE","'t₂ = S₂ , and compute the total duration? V₁","'86.87818909"
"'76","'LINE","'c. Why is the acceleration V₂ 0 in the motion?","'88.08219147"
"'76","'LINE","'d. What are your thoughts on the computed and simulated st values?","'99.93267059"
"'76","'LINE","'Displacement-time graph","'99.66767120"
"'76","'LINE","'10.0","'87.45475769"
"'76","'LINE","'5.0","'92.74553680"
"'76","'LINE","'0.0","'90.50362396"
"'76","'LINE","'-5.0","'97.96715546"
"'76","'LINE","'-10.0","'98.21688080"
"'76","'LINE","'Velocity-time graph","'99.47355652"
"'76","'LINE","'4.8","'96.90150452"
"'76","'LINE","'2.4","'91.69941711"
"'76","'LINE","'0.0","'97.08047485"
"'76","'LINE","'-2.4","'96.70220947"
"'76","'LINE","'-4.8","'97.63851166"
"'76","'LINE","'3.4 Vertical Motion","'99.92107391"
"'76","'LINE","'By the end of this section, you will be able to:","'99.91250610"
"'76","'LINE","'describe what vertical motion is.","'99.98242188"
"'76","'LINE","'solve various problems of vertical motion","'99.97531891"
"'76","'LINE","'describe the motion of objects that are in free fall.","'99.96835327"
"'76","'LINE","'calculate the time, position and velocity of an object given the initial velocity","'99.98410034"
"'76","'LINE","'of an object under vertical motion","'99.96054077"
"'76","'LINE","'solve problems related to an object thrown vertically upwards, downwards,","'99.98625183"
"'76","'LINE","'and a freely falling bodies.","'99.72453308"
"'76","'LINE","'Freely Falling Bodies","'99.97369385"
"'76","'LINE","'When things move vertically either up or down under the force of gravity alone,","'99.98878479"
"'76","'LINE","'the resulting motion is called free fall. The acceleration of a freely falling body is","'99.96437073"
"'76","'LINE","'constant and is known as acceleration due to gravity, denoted by the letter g. When","'99.92892456"
"'76","'LINE","'70","'99.81445313"
"'77","'LINE","'Grade 11","'99.89706421"
"'77","'LINE","'air resistance is negligible, all objects dropped under the influence of gravity near","'99.96032715"
"'77","'LINE","'Earth's surface fall toward Earth with this acceleration. Near the surface of the Earth","'99.97797394"
"'77","'LINE","'its magnitude is constant and is equal to 9.8 m/s². Therefore, for free fall near the","'99.42022705"
"'77","'LINE","'surface of the earth the equations of motion with constant acceleration discussed so","'99.69501495"
"'77","'LINE","'far can be applied. The only change in those equations is the replacement of a by g,","'99.89930725"
"'77","'LINE","'and taking care of directions.","'99.97835541"
"'77","'LINE","'The expression freely falling object doesn't necessarily refer to an object dropped","'99.98515320"
"'77","'LINE","'from rest. A freely falling object is any object moving freely under the influence of","'99.60351563"
"'77","'LINE","'gravity alone, regardless of its initial motion. Objects thrown upward or downward","'99.98766327"
"'77","'LINE","'and those released from rest are all considered freely falling","'99.99218750"
"'77","'LINE","'1.v=u+gt","'70.60327148"
"'77","'LINE","'3. v² = +","'88.20073700"
"'77","'LINE","'Note that these equations are vector equations, meaning that we need to take care","'99.98448181"
"'77","'LINE","'of the directions of the vector quantities such as velocities, displacements and","'99.96020508"
"'77","'LINE","'acceleration.","'99.79093933"
"'77","'LINE","'One way to investigate the free fall of an object is to make a multiflash photo of","'99.97271729"
"'77","'LINE","'the object's flight as it falls after being released from rest (Figure 3.11). As seen in","'99.73009491"
"'77","'LINE","'the figure the displacement the ball covered in equal intervals of time is increased","'99.98581696"
"'77","'LINE","'from time to time uniformly. That means the velocity of the falling ball is increased","'99.98416138"
"'77","'LINE","'uniformly through time and hence it is accelerating.","'99.88072205"
"'77","'LINE","'cm","'93.10666656"
"'77","'LINE","'orm","'21.37256813"
"'77","'LINE","'#4","'35.43335342"
"'77","'LINE","'10","'96.86722565"
"'77","'LINE","'5","'91.68865967"
"'77","'LINE","'#6","'68.91689301"
"'77","'LINE","'20","'55.51000214"
"'77","'LINE","'#7","'44.76034164"
"'77","'LINE","'30","'91.64241791"
"'77","'LINE","'#8","'74.84982300"
"'77","'LINE","'40","'68.43511200"
"'77","'LINE","'09","'25.57527351"
"'77","'LINE","'50","'87.24808502"
"'77","'LINE","'Figure 3.11: Motion of freely falling bodies","'96.51692200"
"'77","'LINE","'For an object thrown vertically upward the initial velocity, и is directed up and is","'99.61499786"
"'77","'LINE","'taken as positive, but because g is always directed down towards the center of the","'99.93473816"
"'77","'LINE","'71","'98.78826904"
"'78","'LINE","'Physics I Student Text Book","'92.35335541"
"'78","'LINE","'Earth it is taken as negative. Thus, for an object thrown vertically upward, the above","'99.97434998"
"'78","'LINE","'equation may be written in scalar form as follows:","'99.99565887"
"'78","'LINE","'v=u-gt","'68.37133026"
"'78","'LINE","'y=ut-18t²","'25.03687096"
"'78","'LINE","'v² = u² - 2gy","'83.43968964"
"'78","'LINE","'Here y is the height above the origin at time t, u is the initial velocity in the","'98.49214172"
"'78","'LINE","'y-direction at t = 0.","'92.88002014"
"'78","'LINE","'For an object thrown vertically downward, since both й and g have the same","'95.02954102"
"'78","'LINE","'downward directions, the above equations become:","'99.97843933"
"'78","'LINE","'v=u+gt","'78.95727539"
"'78","'LINE","'v² = u² + 2gy","'75.04663086"
"'78","'LINE","'Example 3.8:","'99.82341766"
"'78","'LINE","'Consider a particle projected vertically","'99.67980957"
"'78","'LINE","'LevelB","'74.11232758"
"'78","'LINE","'upwards with an initial velocity V₀ =20m/s","'93.96336365"
"'78","'LINE","'h","'66.51705933"
"'78","'LINE","'Vo","'87.58071899"
"'78","'LINE","'from the top of a 15m building as shown in","'99.84787750"
"'78","'LINE","'LevelA","'94.53902435"
"'78","'LINE","'the figure below. How long does it take for the","'99.96557617"
"'78","'LINE","'particle to reach to: A) level A, the initial","'98.66616058"
"'78","'LINE","'Level C","'49.04017639"
"'78","'LINE","'point, B) level B 5m above the initial point,","'95.99928284"
"'78","'LINE","'C) level C, 5m below the initial point and D)","'98.51155853"
"'78","'LINE","'Vi","'38.43968964"
"'78","'LINE","'LevelD","'73.19455719"
"'78","'LINE","'level D, the building bottom?","'99.88412476"
"'78","'LINE","'Figure 3.12:","'99.60409546"
"'78","'LINE","'Motion diagram of a particle thrown vertically upward from the top of a building","'99.80522919"
"'78","'LINE","'at level A passes through level B reaches to maximum height (hₘₐ), and finally hits","'96.88419342"
"'78","'LINE","'the ground at level C.","'93.75745392"
"'78","'LINE","'To find the time of flight at different levels: A, B and C, take the value of the y-","'96.91212463"
"'78","'LINE","'coordinate of y=0,a=-g","'88.64479828"
"'78","'LINE","'At level A: The kinematic equation for y then becomes,","'98.28453827"
"'78","'LINE","'20t - 5t² = 0","'36.72273636"
"'78","'LINE","'t = 0, = or t = 4s *","'69.07004547"
"'78","'LINE","'72","'99.68750000"
"'79","'LINE","'Grade 11","'99.88201141"
"'79","'LINE","'These two solutions of the time t indicate that the particle appears on the same place","'99.80805206"
"'79","'LINE","'at two different instants of time. The former one is the initial condition at the instant","'99.98088074"
"'79","'LINE","'the particle was projected. The later one is the one which is the time it takes to cover","'99.98526764"
"'79","'LINE","'the entire path to return to its original position.","'99.98454285"
"'79","'LINE","'At Level B: y = +5m a = - g = -10m/s²","'91.69216156"
"'79","'LINE","'The kinematic equation for t by replacing y= +5m then becomes","'99.08563232"
"'79","'LINE","'which is a quadratic equation of the form: 5t² - 20t +5 = 0.","'88.04990387"
"'79","'LINE","'Solving this equation with the general quadratic formula, we get two roots for t.","'99.94722748"
"'79","'LINE","'(What are the physical implications of the two roots for t in the solution?)","'99.80773163"
"'79","'LINE","'At Level C: y = - 5m, a = - g = -10m/s²","'73.20740509"
"'79","'LINE","'The kinematic equation for t by replacing y = -5m then becomes:","'98.61359406"
"'79","'LINE","'Which is a quadratic equation of the form 5t² - 20t - 5 = 0. The time solution can","'92.94030762"
"'79","'LINE","'be obtained from the general quadratic formula.","'99.98581696"
"'79","'LINE","'t =","'92.65873718"
"'79","'LINE","'-b = 4(5)(-5)","'85.52850342"
"'79","'LINE","'2a","'87.77662659"
"'79","'LINE","'2(5)","'96.55273438"
"'79","'LINE","'t = -5+22.36 2(5) = = 2(5) 22.36 = -2.73sec","'81.45295715"
"'79","'LINE","'Since, time is a scalar quantity, it can never be negative and the answer will be 1.73","'99.96472931"
"'79","'LINE","'seconds.","'99.95037079"
"'79","'LINE","'Exercise 3.6:","'99.66029358"
"'79","'LINE","'A ball is thrown vertically upwards with a velocity of 10m/s from the balcony of a","'98.77953339"
"'79","'LINE","'tall building. The balcony is 15m above the ground and gravitational acceleration","'99.98603821"
"'79","'LINE","'is 10m/s². Find (a) the time required for the ball to hit the ground, and (b) the","'99.52277374"
"'79","'LINE","'velocity with which it hits the ground.","'99.98732758"
"'79","'LINE","'73","'99.81445313"
"'80","'LINE","'Physics","'99.91131592"
"'80","'LINE","'Student Text Book","'99.85763550"
"'80","'LINE","'?","'96.01562500"
"'80","'LINE","'Activity 3.5:","'99.77708435"
"'80","'LINE","'Experiment","'99.96014404"
"'80","'LINE","'Measurement of acceleration due to gravity (g) using the freefall meth-","'99.95755005"
"'80","'LINE","'od","'99.88121796"
"'80","'LINE","'Objectives","'99.99023438"
"'80","'LINE","'The objectives of this experiment are as follows:","'99.97782898"
"'80","'LINE","'1. To know the meaning of free fall and the conditions under which it occurs.","'99.95178223"
"'80","'LINE","'2. To know the value for the acceleration of gravity (g).","'99.93492126"
"'80","'LINE","'3. Corelate the motion of a free-falling object to the graphical descriptions of its","'99.86094666"
"'80","'LINE","'motion.","'99.96014404"
"'80","'LINE","'4. To understand that the acceleration of gravity is independent of the mass of the","'99.96181488"
"'80","'LINE","'free-falling object.","'99.93164063"
"'80","'LINE","'5. To test the hypothesis that the acceleration of a freely falling object is uniform,","'99.74195862"
"'80","'LINE","'Apparatus: Millisecond timer, power supply, metal ball, trapdoor and electromagnet.","'99.72201538"
"'80","'LINE","'Diagram","'100.00000000"
"'80","'LINE","'Switch closed before","'99.94466400"
"'80","'LINE","'start so electromagnet holds ball","'98.73780060"
"'80","'LINE","'Off to start","'99.79737854"
"'80","'LINE","'Electromagnet","'99.77300262"
"'80","'LINE","'A","'98.46939087"
"'80","'LINE","'Timer","'99.91210938"
"'80","'LINE","'Steel ball","'99.74121094"
"'80","'LINE","'Off to stop","'99.80142975"
"'80","'LINE","'S","'94.69228363"
"'80","'LINE","'B","'70.48867798"
"'80","'LINE","'Figure 3.12: Laboratory set up to measure","'99.78543854"
"'80","'LINE","'Procedure","'99.95037079"
"'80","'LINE","'1. Set up the apparatus as shown in Figure 3.21. The millisecond timer starts","'99.96693420"
"'80","'LINE","'when the ball is released and stops when the ball hits the trapdoor at B.","'98.50159454"
"'80","'LINE","'2. When switch A is turned off the steel ball starts to fall and the timer starts. The","'99.28876495"
"'80","'LINE","'ball falls onto switch B and when it breaks the circuit the timer stops.","'98.59439087"
"'80","'LINE","'3. Measure the distance S using a meter stick.","'99.42471313"
"'80","'LINE","'74","'99.63867188"
"'81","'LINE","'Grade 11","'99.85800171"
"'81","'LINE","'4. Flick the switch to release the ball and record the time t from the millisecond","'99.89299011"
"'81","'LINE","'timer.","'100.00000000"
"'81","'LINE","'5. Repeat for different values of s.","'95.01457977"
"'81","'LINE","'6. Calculate the values for g using the equation 2h/t Obtain an average value","'95.17098999"
"'81","'LINE","'for g.","'99.43359375"
"'81","'LINE","'7. Draw a graph of h against t² and use the slope to find a value for g (g will be","'98.97391510"
"'81","'LINE","'twice the slope).","'99.97721100"
"'81","'LINE","'Precautions","'99.96014404"
"'81","'LINE","'1. For each height h repeat three times and take the smallest time as the correct","'99.98042297"
"'81","'LINE","'value for t.","'99.86301422"
"'81","'LINE","'2. Place a piece of paper between the ball bearing and the electromagnet to ensure","'99.86756134"
"'81","'LINE","'a quick release.","'99.48939514"
"'81","'LINE","'3. Remember to convert from milliseconds to seconds.","'99.96298218"
"'81","'LINE","'Note","'100.00000000"
"'81","'LINE","'Both points 1 and 2 above are associated with the problem that even though you","'99.94971466"
"'81","'LINE","'switch off the power for the electromagnet (and in so doing switch on the timer)","'99.00176239"
"'81","'LINE","'it will not lose its magnetism immediately, therefore the ball will not fall straight","'99.98030090"
"'81","'LINE","'away. This means that the reading on the timer will always be (slightly) longer than","'99.97900391"
"'81","'LINE","'the time for which the ball was dropping.","'99.97895050"
"'81","'LINE","'Purpose","'100.00000000"
"'81","'LINE","'The purpose of this laboratory activity is to measure the acceleration of a falling","'99.92411041"
"'81","'LINE","'object assuming that the only force acting on the object is the gravitational force.","'99.98802185"
"'81","'LINE","'Data","'99.99023438"
"'81","'LINE","'h (m)","'93.20452118"
"'81","'LINE","'(s)","'89.68510437"
"'81","'LINE","'t² (s²)","'85.81945038"
"'81","'LINE","'8=2h","'67.53248596"
"'81","'LINE","'g","'89.33593750"
"'81","'LINE","'gavg","'50.15286255"
"'81","'LINE","'75","'99.77539063"
"'82","'LINE","'Physics","'99.88201141"
"'82","'LINE","'Student Text Book","'99.83458710"
"'82","'LINE","'Conclusion: Report your findings.","'99.91315460"
"'82","'LINE","'?","'97.73437500"
"'82","'LINE","'Activity 3.6:","'99.82341766"
"'82","'LINE","'Drop two balls of different mass (basketball, and tennis ball) from the same","'99.97647095"
"'82","'LINE","'height. Which will hit the ground first?","'99.96455383"
"'82","'LINE","'Terminal velocity","'99.99023438"
"'82","'LINE","'When a solid body is inside a liquid or gas, its entire surface is in contact with the","'99.93576813"
"'82","'LINE","'particles of the fluid. For this reason, during its motion in a fluid, the body experiences","'99.91746521"
"'82","'LINE","'a resistive force. These resistance force which the fluid exerted on the body is called","'99.95590210"
"'82","'LINE","'fluid friction or drag force.","'99.96663666"
"'82","'LINE","'Thus, a body falling in air moves under the action of two forces (ignoring buoyancy):","'99.94554138"
"'82","'LINE","'the downward gravitational force (its weight) and the upward drag force.","'99.96494293"
"'82","'LINE","'At the beginning of the fall the downward gravitational force would be larger than","'99.99221802"
"'82","'LINE","'the drag force (mg > Fd) and hence it will make an accelerated downward motion,","'98.12585449"
"'82","'LINE","'which resulted to an increase in velocity. As the velocity the falling object increases,","'99.97385406"
"'82","'LINE","'so does the drag force. At some velocity, the drag force of resistance will be equal to","'99.66489410"
"'82","'LINE","'the gravitational pull on the object. At this point the object stops accelerating and","'99.98732758"
"'82","'LINE","'continues falling at a constant velocity called the terminal velocity. Thus, terminal","'99.91390228"
"'82","'LINE","'velocity is defined as the point at which the velocity of a falling object is no longer","'99.96701813"
"'82","'LINE","'getting greater. An object at terminal velocity has zero acceleration.","'99.95443726"
"'82","'LINE","'Besides weight, terminal velocity depends on other factors such as shape and cross","'99.98184967"
"'82","'LINE","'sectional area of the falling object and the nature of the fluid.","'99.98935699"
"'82","'LINE","'2ᵀ","'17.69750404"
"'82","'LINE","'force from","'99.79173279"
"'82","'LINE","'d","'90.43705750"
"'82","'LINE","'air resistance","'99.90603638"
"'82","'LINE","'force from","'99.74658966"
"'82","'LINE","'gravity","'100.00000000"
"'82","'LINE","'F","'92.47647858"
"'82","'LINE","'σᵀ","'18.61627197"
"'82","'LINE","'(a)","'99.56314087"
"'82","'LINE","'(b)","'99.79332733"
"'82","'LINE","'(c)","'96.34506989"
"'82","'LINE","'g","'96.28507233"
"'82","'LINE","'Figure 3.13: A free body diagram showing the forces on a particle at different times","'99.20697784"
"'82","'LINE","'during its fall: (a) at the start of the fall; (b) during the fall; (c) at the end of the fall.","'99.37281036"
"'82","'LINE","'76","'99.68750000"
"'83","'LINE","'Grade 11","'99.85311890"
"'83","'LINE","'Key term","'99.81813812"
"'83","'LINE","'Terminal velocity is the maximum velocity of a freely falling body where its","'99.83585358"
"'83","'LINE","'velocity no more increases, or the acceleration of the motion is zero.","'99.85037231"
"'83","'LINE","'?","'97.45117188"
"'83","'LINE","'Activity 3.7","'99.86816406"
"'83","'LINE","'Assume a drop of rain is falling from a height of 450m. If the drag force were not","'99.74306488"
"'83","'LINE","'there, what would be it velocity on reaching the surface of the Earth. Discuss the","'99.98616791"
"'83","'LINE","'effect of this velocity on living things on Earth.","'99.97043610"
"'83","'LINE","'Galileo Galilei and the Motion of Objects","'99.97872925"
"'83","'LINE","'In contrary to Aristotle (384-322 b.c.) view ofmotion,","'99.25803375"
"'83","'LINE","'which states that heavier objects fell faster than lighter","'99.98254395"
"'83","'LINE","'ones, Galileo Galilei (1564-1642) Italian Physicist","'99.72948456"
"'83","'LINE","'and Astronomer, postulated that, regardless of their","'99.91888428"
"'83","'LINE","'size and mass all bodies falling through empty space","'99.98680115"
"'83","'LINE","'(vacuum) have the same acceleration. He was the first","'98.37930298"
"'83","'LINE","'person to determine the correct mathematical law for","'99.98403168"
"'83","'LINE","'acceleration: the total distance covered, starting from","'99.98012543"
"'83","'LINE","'rest, is proportional to the square of the time.","'99.98246765"
"'83","'LINE","'Galileo also investigated the motion of an object on an inclined plane, established","'99.96813965"
"'83","'LINE","'the concept of relative motion, invented the thermometer, and discovered that the","'99.97342682"
"'83","'LINE","'motion of a swinging pendulum could be used to measure time intervals. After","'99.96807861"
"'83","'LINE","'designing and constructing his own telescope, he discovered four of Jupiter's moons,","'99.92630768"
"'83","'LINE","'found that our own Moon's surface is rough, discovered sunspots and the phases of","'99.86060333"
"'83","'LINE","'Venus, and showed that the Milky Way consists of an enormous number of stars.","'99.98303223"
"'83","'LINE","'He is also known for the assertion that the Sun is at the center of the Universe (the","'99.31424713"
"'83","'LINE","'heliocentric system), not Earth.","'99.93552399"
"'83","'LINE","'?","'95.40039063"
"'83","'LINE","'Activity 3.8: Experiment","'99.83863068"
"'83","'LINE","'Calculating Reaction time","'100.00000000"
"'83","'LINE","'Reaction time is the time a person takes to observe, think and act. Reaction time","'99.88339233"
"'83","'LINE","'is the time it takes you to react to a hazard. For example, if a person is driving and","'99.87142181"
"'83","'LINE","'suddenly a boy appears on the road, then the time elapsed before he/she applies","'99.81481171"
"'83","'LINE","'the brakes of the car is the reaction time. Studies reflect that a person's reaction","'99.86674500"
"'83","'LINE","'time is anywhere from one to three seconds. You can measure your reaction time","'99.98599243"
"'83","'LINE","'by a simple experiment.","'99.79193115"
"'83","'LINE","'77","'99.58007813"
"'84","'LINE","'Physics","'99.91131592"
"'84","'LINE","'I","'54.48610687"
"'84","'LINE","'Student Text Book","'99.85112762"
"'84","'LINE","'Materials required","'99.85112762"
"'84","'LINE","'You need two people (one dropper and one catcher), plus a meter ruler.","'99.87008667"
"'84","'LINE","'Procedure","'99.88042450"
"'84","'LINE","'The dropper holds the ruler, letting it dangle vertically. The catcher's hand should","'99.53401184"
"'84","'LINE","'be about chest high, with the ruler passing between the thumb and fingers as shown","'99.98828125"
"'84","'LINE","'in Figure 3.14. The thumb should be horizontal, so that the top of the thumb can","'99.39486694"
"'84","'LINE","'be used as a reference. To perform it, have your friend hold the ruler at the very","'99.72590637"
"'84","'LINE","'top and you hold your fingers at the zero mark. Your friend then drops it, and you","'99.98726654"
"'84","'LINE","'then catch it as fast as you can, as shown below.","'99.97950745"
"'84","'LINE","'Catch point","'99.89746094"
"'84","'LINE","'Figure 3.14: Measuring reaction time","'99.91015625"
"'84","'LINE","'The difference in distance between where your fingers initially were, at the zero","'99.98704529"
"'84","'LINE","'mark, and where you catch it, the catch point, gives you the total distance traveled.","'99.98806763"
"'84","'LINE","'Then, calculate the reaction time using the equation:","'99.99003601"
"'84","'LINE","'t =","'92.37593079"
"'84","'LINE","'g","'90.92773438"
"'84","'LINE","'Reaction distance is the distance you travel during your reaction time. It depends on","'99.98186493"
"'84","'LINE","'the reaction time and speed. It is calculated as:","'99.97061157"
"'84","'LINE","'Reaction Distance = Reaction Time x Speed","'97.50088501"
"'84","'LINE","'S = vt.","'93.11489868"
"'84","'LINE","'Key term","'99.73762512"
"'84","'LINE","'Reaction time is the time taken for a person to react to a sudden event.","'99.79693604"
"'84","'LINE","'78","'99.69726563"
"'85","'LINE","'Grade 11","'99.83279419"
"'85","'LINE","'?","'96.91406250"
"'85","'LINE","'Activity 3.9: Project work","'99.79332733"
"'85","'LINE","'Make a group containing 4 to 5 members in your class. Search internet or books","'99.81771088"
"'85","'LINE","'and came up comparing the difference between Aristotle's, Galileo's and Newtons","'99.35699463"
"'85","'LINE","'view of motion.","'99.97369385"
"'85","'LINE","'Review Questions 3.4","'99.91862488"
"'85","'LINE","'1. Describe the motion of a freely falling bodies.","'99.84487915"
"'85","'LINE","'2. A ball is thrown vertically upward with a velocity of 20 m/s from the top of a","'98.92489624"
"'85","'LINE","'building. The height of the point from where the ball is thrown is 25 m from","'99.97299194"
"'85","'LINE","'the ground. (a) how high will the ball rise? (b) how long will it take for the","'99.97559357"
"'85","'LINE","'ball to hit the ground?","'99.98828125"
"'85","'LINE","'3. A ball is dropped on the floor from a height of 10 m. It rebounds to a height of","'99.30584717"
"'85","'LINE","'2.5 m. If the ball is in contact with the floor for 0.01 sec, what is the average","'99.94557190"
"'85","'LINE","'acceleration during contact?","'99.98697662"
"'85","'LINE","'4. If a stone is thrown vertically downward into a well with a speed of 10 m/s,","'99.69497681"
"'85","'LINE","'how long will it take it to reach the water surface 60 m below?","'99.96297455"
"'85","'LINE","'3.5 Uniform Circular Motion","'99.96562195"
"'85","'LINE","'By the end of this section, you will be able to:","'99.96302032"
"'85","'LINE","'define a uniform circular motion","'99.71169281"
"'85","'LINE","'calculate for angular and tangential displacement, angular and tangential","'99.99891663"
"'85","'LINE","'velocity, and centripetal acceleration,","'99.97010040"
"'85","'LINE","'explain uniform circular motion in the horizontal plane,","'99.99145508"
"'85","'LINE","'identify the force required for circular motion to take place","'99.99113464"
"'85","'LINE","'?","'99.76483154"
"'85","'LINE","'Brainstorming Questions","'99.95525360"
"'85","'LINE","'1. When do we say an object is accelerating?","'99.93589783"
"'85","'LINE","'2. Can an object accelerate if it's moving with constant speed?","'99.90471649"
"'85","'LINE","'3. Mention an example in which an object accelerates due to a change in the","'99.84765625"
"'85","'LINE","'direction of velocity without a change in its magnitude.","'99.80105591"
"'85","'LINE","'Uniform Circular Motion","'99.96717834"
"'85","'LINE","'Uniform circular motion is a special type of curvilinear motion in which an object","'99.91202545"
"'85","'LINE","'travels in a circle with a constant speed but its direction of motion continuously","'99.95629883"
"'85","'LINE","'79","'99.77539063"
"'86","'LINE","'Physics","'99.91131592"
"'86","'LINE","'I","'60.32635117"
"'86","'LINE","'Student Text Book","'99.84135437"
"'86","'LINE","'changes. A mass attached to the end of a string and moves in a horizontal circle,","'99.66591644"
"'86","'LINE","'the second, minute, and hour hands of a watch, the motion of a turntable, and any","'99.90619659"
"'86","'LINE","'point on a propeller spinning at a constant rate are examples that could demonstrate","'99.84967041"
"'86","'LINE","'uniform circular motion.","'99.89424133"
"'86","'LINE","'Angular and tangential displacement","'99.95037079"
"'86","'LINE","'While moving in a circular path, the angle made by the radius 'r' of the circle is","'99.94702148"
"'86","'LINE","'known as angular displacement (Θ). It is a vector quantity, hence have a direction.","'98.48757935"
"'86","'LINE","'The direction of the circular arrow pointing from the initial position to the final","'99.98297882"
"'86","'LINE","'position will indicate the direction of angular displacement. It can be either clockwise","'99.96658325"
"'86","'LINE","'or anticlockwise.","'99.74658966"
"'86","'LINE","'Θ","'45.55504608"
"'86","'LINE","'S","'84.81884003"
"'86","'LINE","'Figure 3.15: Angular displacement","'99.73064423"
"'86","'LINE","'If the arc of the circle in which the body is moving is 's' and the radius of the circle","'99.95723724"
"'86","'LINE","'is 'r' then, angular displacement","'99.81576538"
"'86","'LINE","'After one complete revolution, the rotating object will travel a distance equal to the","'99.91132355"
"'86","'LINE","'circumference of the circular path. Which is equal to 2wr where r is the radius.","'96.43646240"
"'86","'LINE","'Therefore,","'99.95037079"
"'86","'LINE","'Θ = S r = r = radian","'84.81385803"
"'86","'LINE","'Thus, lrev = 2wrad = 360⁰.","'79.88769531"
"'86","'LINE","'The unit of angular displacement in the SI system is radian. Since angular","'99.98472595"
"'86","'LINE","'displacement is the ratio of these two quantities hence it is dimensionless.","'99.88407135"
"'86","'LINE","'On the other hand, tangential displacement (s) is the distance covered by the rotating","'99.96710205"
"'86","'LINE","'object along the curved path (circumference of a circle), see Figure 3.15","'99.90101624"
"'86","'LINE","'80","'99.91210938"
"'87","'LINE","'Grade 11","'99.90154266"
"'87","'LINE","'Key terms","'99.86168671"
"'87","'LINE","'Uniform circular motion is a circular motion with constant speed but continuously","'99.76538086"
"'87","'LINE","'changing direction.","'99.97518921"
"'87","'LINE","'Angular displacement is the angle swept by the rotating object.","'99.93736267"
"'87","'LINE","'Tangential displacement the tangential distance on the circumference of the circle.","'99.95488739"
"'87","'LINE","'Angular velocity and tangential velocity","'99.98828125"
"'87","'LINE","'Angular velocity measures the rate at which angular displacement changes. It is","'99.97206116"
"'87","'LINE","'denoted by Greek letter omega (w) and its standard unit is radians per second.","'98.69898224"
"'87","'LINE","'=","'16.91715050"
"'87","'LINE","'w","'57.54016113"
"'87","'LINE","'Angular velocity is a vector quantity. The direction of angular velocity is determined by","'99.91659546"
"'87","'LINE","'right hand rule. According to right hand rule, if you hold the axis with your right","'99.99506378"
"'87","'LINE","'hand and rotate the fingers in the direction of motion of the rotating body, then","'99.99668884"
"'87","'LINE","'thumb will point the direction of the angular velocity.","'99.97126007"
"'87","'LINE","'3","'55.77586746"
"'87","'LINE","'3","'51.50928497"
"'87","'LINE","'Right","'99.97070313"
"'87","'LINE","'Direction","'99.99023438"
"'87","'LINE","'hand","'99.99023438"
"'87","'LINE","'of rotation","'99.80388641"
"'87","'LINE","'Direction","'100.00000000"
"'87","'LINE","'of rotation","'97.35700226"
"'87","'LINE","'Figure 3.16: RHR for the direction of angular velocity","'99.91175842"
"'87","'LINE","'Vt","'89.29129028"
"'87","'LINE","'A tangent is a line that touches a curve at a single","'99.43354034"
"'87","'LINE","'point. As the name suggests, tangential velocity","'99.99011993"
"'87","'LINE","'describes the motion of an object along the edge","'99.98571777"
"'87","'LINE","'Γ","'67.53368378"
"'87","'LINE","'of the circle whose direction at any given point","'99.99891663"
"'87","'LINE","'(+)","'83.07497406"
"'87","'LINE","'on the circle is always along the tangent to that","'99.99121094"
"'87","'LINE","'point. It is the linear component of angular","'99.98891449"
"'87","'LINE","'velocity at any point along the circular path.","'99.98017120"
"'87","'LINE","'Figure 3.17: Tangential velocity","'99.89726257"
"'87","'LINE","'Tangential velocity is equal to the tangential distance divided by time.","'99.98107147"
"'87","'LINE","'v₁=f₁","'13.59135818"
"'87","'LINE","'81","'99.71679688"
"'88","'LINE","'Physics","'99.91131592"
"'88","'LINE","'I","'60.10323715"
"'88","'LINE","'Student Text Book","'99.82129669"
"'88","'LINE","'After one complete rotation, the tangential displacement is equal to the circumference","'99.92650604"
"'88","'LINE","'of the circle, and time taken for one complete circle is called the period, T. With this","'99.95127869"
"'88","'LINE","'the equation for tangential velocity will be:","'99.98581696"
"'88","'LINE","'v₁ = 2πr","'22.92630005"
"'88","'LINE","'The SI unit of tangential velocity is meters per second.","'99.98226166"
"'88","'LINE","'Key term","'99.85192108"
"'88","'LINE","'Centripetal acceleration is an acceleration in circular motion caused by the","'99.97766113"
"'88","'LINE","'change in the direction of velocity. Its direction is always towards the center of the","'99.93047333"
"'88","'LINE","'circle.","'99.99023438"
"'88","'LINE","'The relationship between angular and tangential velocity","'99.99302673"
"'88","'LINE","'There is a connection between tangential velocity and angular velocity. To find the","'99.91821289"
"'88","'LINE","'relationship between them let us start from the equation for tangential velocity:","'99.97702026"
"'88","'LINE","'where r is the radius, and w (omega) is the angular velocity of the rotating object.","'97.62832642"
"'88","'LINE","'Note that, angular velocity is the same for all points on the rotating object, while","'99.99148560"
"'88","'LINE","'tangential velocity depends directly on its distance from the axis of rotation.","'99.97600555"
"'88","'LINE","'Examples 3.9:","'99.75227356"
"'88","'LINE","'If the angular velocity of a wheel is 40 rad/s, and the wheel diameter is 60 cm.","'99.91323090"
"'88","'LINE","'Determine the tangential velocity of the wheel.","'99.97884369"
"'88","'LINE","'Solution:","'99.89098358"
"'88","'LINE","'v,= ~r = 40rad / sx0.3m = 12m/s =","'53.92974091"
"'88","'LINE","'82","'99.95117188"
"'89","'LINE","'Grade 11","'99.89746094"
"'89","'LINE","'Centripetal Acceleration: Acceleration in Uniform Circular Motion","'99.83230591"
"'89","'LINE","'We know from kinematics that acceleration is","'99.98732758"
"'89","'LINE","'caused by a change in velocity, either in","'99.92434692"
"'89","'LINE","'magnitude or in direction or both. Therefore,","'99.94770050"
"'89","'LINE","'an object undergoing uniform circular motion","'99.87088776"
"'89","'LINE","'ac","'95.73123169"
"'89","'LINE","'is always accelerating, because it always","'99.97708130"
"'89","'LINE","'changes it direction of motion. We call the","'99.97904968"
"'89","'LINE","'acceleration of an object moving in uniform","'99.97594452"
"'89","'LINE","'circular motion the centripetal acceleration,","'99.86447906"
"'89","'LINE","'ac. Centripetal means center seeking or Figure 3.18: Centripetal accelera-","'95.71331024"
"'89","'LINE","'towards the center.","'99.98371887"
"'89","'LINE","'tion","'99.96093750"
"'89","'LINE","'Centripetal acceleration is in the direction of the change in velocity, which points","'99.96865082"
"'89","'LINE","'directly toward the center of the circular path. Because ii is directed towards the","'99.97309113"
"'89","'LINE","'center of a curved path along the radius it is also called radial acceleration. This","'99.97364044"
"'89","'LINE","'direction is shown with the vector diagram in the Figure 3.18.","'99.94733429"
"'89","'LINE","'Key term","'99.75017548"
"'89","'LINE","'Centripetal acceleration is an acceleration in circular motion caused by the","'99.95687866"
"'89","'LINE","'change in the direction of velocity. Its direction is always towards the center","'99.87146759"
"'89","'LINE","'of the circle.","'99.98371887"
"'89","'LINE","'Is seen first at point P with velocity Vᵢ at time tᵢ and then at point Q with velocity","'98.53575134"
"'89","'LINE","'Vƒ at time where vi|=|vₛ that is they differ only in direction, thus","'87.61904907"
"'89","'LINE","'v1|=|v/|=v. In order to calculate the acceleration, we start with the definition of","'93.30102539"
"'89","'LINE","'average acceleration.","'99.78804779"
"'89","'LINE","'a","'19.26399040"
"'89","'LINE","'Where V can be obtained graphically by the property of parallel shifting of vectors","'98.15260315"
"'89","'LINE","'without affecting the direction and the magnitude; so that we can make a parallel","'99.64294434"
"'89","'LINE","'shift of the tail of Vf from Q to the tail of Vᵢ at P as shown as shown in Figure 3.19.","'97.79734802"
"'89","'LINE","'83","'99.95117188"
"'90","'LINE","'Physics","'99.88201141"
"'90","'LINE","'I","'56.50032043"
"'90","'LINE","'Student Text Book","'99.83458710"
"'90","'LINE","'2","'46.55373001"
"'90","'LINE","'DI","'33.60062408"
"'90","'LINE","'1,","'13.86350060"
"'90","'LINE","'&","'34.82979965"
"'90","'LINE","'(a)","'85.90292358"
"'90","'LINE","'(b)","'86.12255096"
"'90","'LINE","'(e)","'62.29243469"
"'90","'LINE","'Figure 3.19: (a) Circular motion with constant speed V. (b) Velocity vectors at P and Q. (c)","'98.26790619"
"'90","'LINE","'Graphical method of the application of vector subtraction so that, Since 0","'92.67634583"
"'90","'LINE","'is the same in (b) and (c), the ratio of the sides of the two triangles are equal.","'99.73407745"
"'90","'LINE","'The triangle OPQ in Figure 3.19 (b), which has sides and r, is similar to the triangle","'99.92456055"
"'90","'LINE","'ABC of Figure 3.19 (c), which has sides and ДѴ. Then the pair of corresponding sides","'95.64880371"
"'90","'LINE","'are proportional, i.e.,","'99.93436432"
"'90","'LINE","'Which we can obtain the expression for as:","'98.56008148"
"'90","'LINE","'Substituting this value in the equation for average acceleration we get:","'99.96945190"
"'90","'LINE","'at","'15.85728264"
"'90","'LINE","'and the average acceleration becomes r , the instantaneous","'97.85251617"
"'90","'LINE","'acceleration in the direction of V which is directed towards the center. Thus, the","'98.40471649"
"'90","'LINE","'equation for centripetal acceleration becomes:","'99.97608948"
"'90","'LINE","'a.=v²","'17.71085739"
"'90","'LINE","'Since, v = wr, in terms of angular velocity, the equation for tangential velocity is:","'97.18032837"
"'90","'LINE","'ac = w² r","'75.68339539"
"'90","'LINE","'The SI unit of centripetal acceleration is m/s².","'98.94409180"
"'90","'LINE","'?","'97.11914063"
"'90","'LINE","'Activity 3.10","'98.71013641"
"'90","'LINE","'Forming a group of 3 to 5 students discuss the following questions.","'99.41333008"
"'90","'LINE","'1. State some real-life examples of circular motion.","'99.89260101"
"'90","'LINE","'2. Mention the cases in which the effect of centripetal acceleration could be made","'99.98303223"
"'90","'LINE","'to be larger.","'99.97369385"
"'90","'LINE","'84","'99.65740204"
"'91","'LINE","'Grade 11","'99.88729858"
"'91","'LINE","'Example 3.10","'99.68750000"
"'91","'LINE","'An automobile moves with a constant speed of 50.4 km/h around a circular track","'99.88290405"
"'91","'LINE","'that has a diameter of 40 m. (a) what is the angular speed of the automobile? (b)","'99.89141846"
"'91","'LINE","'What is the period of the motion?","'99.98186493"
"'91","'LINE","'Solution:","'99.65660858"
"'91","'LINE","'v=504km/h=14m/s,r=d2=20m","'22.25576019"
"'91","'LINE","'(a) w v 14m/s = /","'77.44880676"
"'91","'LINE","'vₜ","'60.07772827"
"'91","'LINE","'(b) T vₜ 2x3.14 14m/s S","'82.97882843"
"'91","'LINE","'Exercise 3.7","'99.81445313"
"'91","'LINE","'By how much would the centripetal acceleration change if the speed of a car","'99.92346954"
"'91","'LINE","'changes from 30 km/h to 90 km/h?","'99.73180389"
"'91","'LINE","'Centripetal Force","'99.92067719"
"'91","'LINE","'The force which causes centripetal acceleration is called a centripetal force. Without","'99.93301392"
"'91","'LINE","'a centripetal force, an object would continue to travel in a straight line and never","'99.93068695"
"'91","'LINE","'deviate from its direction. Yet, with the centripetal force directed towards the center","'99.97240448"
"'91","'LINE","'of the circle, the object always changing its direction and undergoing a circular","'99.93886566"
"'91","'LINE","'motion. Centripetal force is perpendicular to the tangential velocity vector.","'99.94931793"
"'91","'LINE","'From Newton's second law: Centripetal force = mass X centripetal acceleration.","'99.09506226"
"'91","'LINE","'Fc = mac","'24.86786461"
"'91","'LINE","'Example 3.11","'99.70214844"
"'91","'LINE","'A 100 g ball is whirled in a horizontal circle of radius 40 cm. With what maximum","'99.04122162"
"'91","'LINE","'speed can it travel if the breaking strength of the rod is 50 N?","'99.87426758"
"'91","'LINE","'Solution:","'99.80149841"
"'91","'LINE","'m = 100 g = =0.1kg, r = 40 cm = 0.4m, F = 50 N","'89.86186218"
"'91","'LINE","'F","'90.65429688"
"'91","'LINE","'F = m²","'22.73058891"
"'91","'LINE","'V 50 0.1kg =14.14m/s","'79.97371674"
"'91","'LINE","'85","'99.96093750"
"'92","'LINE","'Physics I Student Text Book","'91.42350769"
"'92","'LINE","'Key term","'99.60698700"
"'92","'LINE","'Centripetal force is a force that causes centripetal acceleration. It is always","'99.73519897"
"'92","'LINE","'perpendicular to the direction of motion of the object.","'99.97703552"
"'92","'LINE","'Applications","'99.96014404"
"'92","'LINE","'A centrifuge is medical laboratory equipment that is used to separate particles","'99.52520752"
"'92","'LINE","'suspended in a liquid such as blood or urine according to particle size and density,","'99.95704651"
"'92","'LINE","'viscosity of the medium, and rotor speed.","'99.94456482"
"'92","'LINE","'Example 3.12:","'99.73144531"
"'92","'LINE","'(a)","'99.71201324"
"'92","'LINE","'Calculate the centripetal acceleration of a point 7.50","'99.82519531"
"'92","'LINE","'cm from the axis of a centrifuge spinning at 7.5x10⁴ rev / min.","'96.00881195"
"'92","'LINE","'(b)","'99.96093750"
"'92","'LINE","'Determine the ratio of this acceleration to the","'99.99379730"
"'92","'LINE","'acceleration due to gravity.","'99.97030640"
"'92","'LINE","'Solution:","'99.91051483"
"'92","'LINE","'r = 7.5cm = 075m","'36.53160858"
"'92","'LINE","'v = 7.5x10⁴ rev/min = 7.5 x10¹","'14.22961235"
"'92","'LINE","'1","'15.13831329"
"'92","'LINE","'= 589m/s.","'46.61619186"
"'92","'LINE","'(b) In order to compare centripetal acceleration, to that of acceleration due to","'99.95951080"
"'92","'LINE","'gravity, we need to compare the centripetal force with the weight of the object. i.e.","'99.97494507"
"'92","'LINE","'Substituting values gives:","'99.93463135"
"'92","'LINE","'& X","'49.00530243"
"'92","'LINE","'This last result shows that the centripetal acceleration is 472,000 times larger than","'99.95375061"
"'92","'LINE","'the acceleration due to gravity, g. Such high-speed centrifuges are called ultra-","'99.92237091"
"'92","'LINE","'centrifuges. The extremely large accelerations involved greatly decreases the time","'99.90035248"
"'92","'LINE","'needed to cause the sedimentation of blood cells or other materials in laboratory","'99.97483826"
"'92","'LINE","'examinations.","'99.35247803"
"'92","'LINE","'86","'99.87304688"
"'93","'LINE","'Grade 11","'99.89178467"
"'93","'LINE","'A merry-go round is a popular amusement ride","'99.09712982"
"'93","'LINE","'in many kids' play yards. In such play, kids feel","'99.93931580"
"'93","'LINE","'more uneasy when the wheels are rotated fast","'99.99145508"
"'93","'LINE","'in a short diameter wheel than when the wheels","'99.92497253"
"'93","'LINE","'are rotated slow in a long diameter wheel. This","'99.97026062"
"'93","'LINE","'is because of the fact that the radial acceleration","'99.98915100"
"'93","'LINE","'is very high for short diameter and high-speed","'99.98647308"
"'93","'LINE","'rotors.","'100.00000000"
"'93","'LINE","'Figure 3.20: In the merry go round play kids enjoy the feeling of the effect of","'99.93766022"
"'93","'LINE","'the radial acceleration as they go round.","'99.97466278"
"'93","'LINE","'Exercise 3.8","'99.94140625"
"'93","'LINE","'Suppose the diameter of the merry go round in Figure 3.20 is 4.0 m.","'99.90264130"
"'93","'LINE","'(a) What will be the radial acceleration of the kid if she rotates one rotation","'99.97093201"
"'93","'LINE","'every 3 seconds?","'99.87171936"
"'93","'LINE","'(b) Draw schematic circular path that shows the direction of the centripetal","'99.98264313"
"'93","'LINE","'acceleration of the circular motion by applying vector subtraction method.","'99.98316193"
"'93","'LINE","'Uniform Circular Motion in a Horizontal Plane","'99.69296265"
"'93","'LINE","'Horizontal circular motion indicates circular","'99.92825317"
"'93","'LINE","'motion across a horizontal surface. There are","'99.89086914"
"'93","'LINE","'various day-to-day examples such as the motion of","'99.97172546"
"'93","'LINE","'a mass attached to the end of a string and made to","'99.94976044"
"'93","'LINE","'rotate in a horizontal circle, Figure 3.21. In this case","'99.92971039"
"'93","'LINE","'the centripetal force is provided by the tension (T)","'99.95588684"
"'93","'LINE","'in the string. Hence,","'99.98007202"
"'93","'LINE","'T","'89.19433594"
"'93","'LINE","'Figure 3.21: Amass attached","'99.92391968"
"'93","'LINE","'the end of a string and rotate in","'99.91966248"
"'93","'LINE","'a horizontal plane","'99.67620087"
"'93","'LINE","'Example 3.13:","'99.66717529"
"'93","'LINE","'A string cam withstand a tension of 25 N. What is the greatest speed at which a","'99.14287567"
"'93","'LINE","'body of mass 1 kg can be whirled in a horizontal circle using a string of length","'99.94145966"
"'93","'LINE","'1.0m?","'99.40350342"
"'93","'LINE","'Solution:","'99.83159637"
"'93","'LINE","'F =T =25 N,m= 1kg,l= r = 1.0m","'23.47983170"
"'93","'LINE","'=5m/s","'54.48668671"
"'93","'LINE","'87","'99.84375000"
"'94","'LINE","'Physics","'99.91131592"
"'94","'LINE","'I","'61.23455048"
"'94","'LINE","'Student Text Book","'99.85112762"
"'94","'LINE","'When a car moves around a roundabout, Figure","'99.76895905"
"'94","'LINE","'N","'99.83398438"
"'94","'LINE","'3.22, the centripetal force is provided by the","'99.95780182"
"'94","'LINE","'frictional force between the road and the tires of the","'99.99105072"
"'94","'LINE","'car. Hence,","'99.87265015"
"'94","'LINE","'mg","'87.76696014"
"'94","'LINE","'Figure 3.22: A car travelling","'97.12811279"
"'94","'LINE","'on a roundabout","'99.50946045"
"'94","'LINE","'Where Fₙ is the normal force, ad exerts on the car.","'95.77586365"
"'94","'LINE","'?","'97.82226563"
"'94","'LINE","'Activity 3.11:","'99.72217560"
"'94","'LINE","'It is a common experience to see cars","'99.78909302"
"'94","'LINE","'skidding out of a roundabout and","'99.75283813"
"'94","'LINE","'collide with anything in the nearby","'99.99009705"
"'94","'LINE","'the road. Discuss in group about the","'100.00000000"
"'94","'LINE","'causes of such accidents and suggest","'99.99172974"
"'94","'LINE","'the remedy. Present your group's","'99.15497589"
"'94","'LINE","'opinion to the class and make class","'99.99860382"
"'94","'LINE","'level discussion.","'99.98007202"
"'94","'LINE","'Example 3.14","'99.88281250"
"'94","'LINE","'Find the maximum speed of a car with which it can be safely driven along a curve","'99.84557343"
"'94","'LINE","'of radius 40 m and the coefficient of friction between tires and road is","'99.97884369"
"'94","'LINE","'0.7. (Take g = 10 m/s²)","'94.64651489"
"'94","'LINE","'Solution:","'99.88121796"
"'94","'LINE","'r=10m,µ=0.2,v=?","'55.51339340"
"'94","'LINE","'Since the centripetal force is provided by frictional force,","'99.97351837"
"'94","'LINE","'Ff = m v²","'19.05921173"
"'94","'LINE","'µmg = m²","'17.65764427"
"'94","'LINE","'µmg = m²","'17.23194504"
"'94","'LINE","'v = µgr = X X 40m = 16.73m/ S","'86.52409363"
"'94","'LINE","'88","'99.92187500"
"'95","'LINE","'Grade 11","'99.92636108"
"'95","'LINE","'The conical pendulum","'99.96691895"
"'95","'LINE","'Suppose a particle of mass m is tied to a string of length l and then whirled round","'99.79407501"
"'95","'LINE","'in a horizontal circle of radius r, with O fixed directly above the center B of the","'97.86521912"
"'95","'LINE","'circle, Figure 3.23. If the circular speed of the particle is constant, the string turns at","'99.97523499"
"'95","'LINE","'a constant angle Θ to the vertical. This is called a conical pendulum.","'98.68136597"
"'95","'LINE","'0","'69.35746002"
"'95","'LINE","'F Cose","'70.96041870"
"'95","'LINE","'F","'94.17829895"
"'95","'LINE","'h","'97.25346375"
"'95","'LINE","'0","'61.73728561"
"'95","'LINE","'Sing","'39.00091553"
"'95","'LINE","'mg","'94.52965546"
"'95","'LINE","'Figure 3.23: A conical pendulum","'97.12193298"
"'95","'LINE","'The horizontal component of the tension in the string (T), points towards the center","'99.97808838"
"'95","'LINE","'of the circle, hence it provides the centripetal force.","'99.93257141"
"'95","'LINE","'T sin Θ = mv²","'85.43112183"
"'95","'LINE","'The weight (mg) of the particle is balanced by the vertical component of the tension","'99.98947906"
"'95","'LINE","'in the string.","'100.00000000"
"'95","'LINE","'T cos Θ = mg","'90.00011444"
"'95","'LINE","'Dividing the above equation by the lower one gives:","'99.99674225"
"'95","'LINE","'tan Θ = rg","'87.86676025"
"'95","'LINE","'Motion of a car Round a Banked Road","'98.22683716"
"'95","'LINE","'Suppose a car is moving round a banked road in a horizontal circular path of radius,","'99.89891815"
"'95","'LINE","'r, Figure 3.24. If the only forces at the wheels are the normal reaction forces Fₙ, that is","'96.95755005"
"'95","'LINE","'there is no side-slip or strain at the wheels, the force towards the center of the track is :","'99.65439606"
"'95","'LINE","'89","'99.84375000"
"'96","'LINE","'Physics","'99.91131592"
"'96","'LINE","'I","'57.72480774"
"'96","'LINE","'Student Text Book","'99.84786987"
"'96","'LINE","'N cos Θ","'28.70962334"
"'96","'LINE","'Nsin 0 = m²","'10.43315506"
"'96","'LINE","'N","'99.60857391"
"'96","'LINE","'A","'73.06362152"
"'96","'LINE","'The vertical equilibrium gives: N COS È = mg","'89.43524170"
"'96","'LINE","'Dividing the top equation by the bottom one gives:","'99.99565887"
"'96","'LINE","'Nsin 8","'80.93167114"
"'96","'LINE","'tan Θ =","'82.25917816"
"'96","'LINE","'00","'17.47159958"
"'96","'LINE","'mg","'98.51403046"
"'96","'LINE","'Figure 3.24: Banking of a road","'99.82019806"
"'96","'LINE","'The angle of banking is then,","'99.97870636"
"'96","'LINE","'Exercise 3.9","'99.91210938"
"'96","'LINE","'Calculate the maximum speed with which a car can be driven safely along a","'99.49866486"
"'96","'LINE","'curved road of a radius of 30m and banked at an angle of 30° with the horizontal.","'99.76055145"
"'96","'LINE","'(take g = 9.8m/s²)","'93.17900848"
"'96","'LINE","'Review Questions 3.5","'99.91184235"
"'96","'LINE","'1. What does it mean by uniform circular motion?","'99.94557190"
"'96","'LINE","'2. Define the terms centripetal or radial acceleration and force.","'99.97322845"
"'96","'LINE","'3. What is the direction of centripetal acceleration?","'99.97782898"
"'96","'LINE","'4. How it is possible for a body to be accelerated if its speed is constant?","'99.88763428"
"'96","'LINE","'5. What is (a) the tangential velocity? (b) the angular velocity? and (c) the","'99.43376160"
"'96","'LINE","'centripetal acceleration, due to the Earth's rotation, of a body on the equator?","'99.85538483"
"'96","'LINE","'Radius of Earth = 6,400 km.","'99.24601746"
"'96","'LINE","'6. The wheel of a bicycle has a radius of 40 cm. Calculate its period of revolution","'99.68044281"
"'96","'LINE","'if the bicycle moves with a speed of 20 km/h. How much is the angular","'99.69207001"
"'96","'LINE","'velocity?","'99.93083954"
"'96","'LINE","'7. Find the banking angle of the railway track with a radius of curvature of","'99.87732697"
"'96","'LINE","'1500m. If the train's maximum speed is 15m/s. If the distance between the","'99.92145538"
"'96","'LINE","'two tracks is 1.8m, calculate the elevation of the outer track over the inner","'99.94477844"
"'96","'LINE","'track.","'99.96014404"
"'96","'LINE","'90","'99.77458954"
"'97","'LINE","'Grade 11","'99.83847046"
"'97","'LINE","'SUMMARY:","'99.87065887"
"'97","'LINE","'c","'41.08896637"
"'97","'LINE","'Acceleration is a vector quantity, and is defined as the rate of change of velocity or","'99.92372894"
"'97","'LINE","'change in velocity per unit time. The SI unit of acceleration is m/s2.","'99.82021332"
"'97","'LINE","'C","'37.00235367"
"'97","'LINE","'Average acceleration:","'99.85800171"
"'97","'LINE","'a","'27.29970551"
"'97","'LINE","'C","'34.64684296"
"'97","'LINE","'Instantaneous acceleration, ains or acceleration at a specific instant in time. It is","'97.95648193"
"'97","'LINE","'determined by taking the time interval between the two points (t) approach zero.","'95.91944122"
"'97","'LINE","'c","'39.74011612"
"'97","'LINE","'A motion with a constant acceleration refers to a motion where, the velocity of the","'99.48946381"
"'97","'LINE","'object is changing by equal amount in equal interval of time.","'99.97936249"
"'97","'LINE","'C","'35.02391434"
"'97","'LINE","'The equations of motion with a constant acceleration:","'99.93318176"
"'97","'LINE","'v² = vᵢ² + 2as","'11.10027695"
"'97","'LINE","'Braking distance Stoppind distance = vt+2us v²","'78.95239258"
"'97","'LINE","'c","'39.03798676"
"'97","'LINE","'A displacement-time graph shows how displacement changes with time.","'99.26190948"
"'97","'LINE","'C","'37.50587845"
"'97","'LINE","'The slope of displacement-time graph gives velocity.","'99.92933655"
"'97","'LINE","'c","'35.98662567"
"'97","'LINE","'A velocity-time graph shows how velocity changes with time.","'99.12931061"
"'97","'LINE","'c","'33.64666367"
"'97","'LINE","'The slope of a velocity-time graph gives the acceleration.","'99.85057068"
"'97","'LINE","'c","'37.05088043"
"'97","'LINE","'The area between a velocity-time graph and the 'time' axis gives the displacement","'96.73398590"
"'97","'LINE","'of the object.","'99.98697662"
"'97","'LINE","'c","'37.94991684"
"'97","'LINE","'Acceleration-time graph shows how acceleration changes with time.","'99.91803741"
"'97","'LINE","'C","'42.42615891"
"'97","'LINE","'When things move vertically either up or down under the force of gravity alone,","'99.99366760"
"'97","'LINE","'the resulting motion is called free fall. The acceleration of a freely falling body is","'99.96100616"
"'97","'LINE","'constant and is known as acceleration due to gravity, denoted by the letter g.","'99.97140503"
"'97","'LINE","'c","'33.91183090"
"'97","'LINE","'Equations of freely falling","'99.97538757"
"'97","'LINE","'1.v=u+gt","'48.36714935"
"'97","'LINE","'3.v² = u² + 2gy","'59.67892838"
"'97","'LINE","'91","'99.21875000"
"'98","'LINE","'Physics I Student Text Book","'94.11993408"
"'98","'LINE","'c","'44.96362686"
"'98","'LINE","'Terminal velocity is defined as the point at which the velocity of a falling object is","'99.88279724"
"'98","'LINE","'no longer getting greater. An object at terminal velocity has zero acceleration.","'99.94406128"
"'98","'LINE","'Uniform circular motion is a special type of curvilinear motion in which an object","'99.87158203"
"'98","'LINE","'travels in a circle with a constant speed but its direction of motion continuously","'99.64317322"
"'98","'LINE","'changes.","'99.96014404"
"'98","'LINE","'c","'40.92713547"
"'98","'LINE","'While moving in a circular path, the angle made by the radius 'r' of the circle is","'99.90232086"
"'98","'LINE","'known as angular displacement (Θ).","'95.23062897"
"'98","'LINE","'c","'36.46912766"
"'98","'LINE","'Tangential displacement (s) is the distance covered by the rotating object along","'99.97626495"
"'98","'LINE","'the curved path (circumference of a circle).","'99.72653198"
"'98","'LINE","'c","'35.99121094"
"'98","'LINE","'Angular displacement 0=5","'69.54125977"
"'98","'LINE","'c","'34.44485474"
"'98","'LINE","'Angular velocity measures the rate at which angular displacement changes.","'99.96631622"
"'98","'LINE","'It is denoted by Greek letter omega (w) and its standard unit is radians per","'99.98101807"
"'98","'LINE","'second.","'99.95037079"
"'98","'LINE","'w=4θ","'18.27248001"
"'98","'LINE","'c","'32.81688309"
"'98","'LINE","'A velocity describes the motion of an object along the edge of the circle whose","'99.69473267"
"'98","'LINE","'direction at any given point on the circle is always along the tangent to that point.","'99.96943665"
"'98","'LINE","'state","'18.60884666"
"'98","'LINE","'Centripetal Acceleration that acceleration an object moving in uniform circular","'99.94361877"
"'98","'LINE","'motion the centripetal acceleration, ac. Centripetal means center seeking or","'95.38663483"
"'98","'LINE","'towards the center.","'97.14032745"
"'98","'LINE","'C","'34.49268723"
"'98","'LINE","'The force which causes centripetal acceleration is called a centripetal force.","'99.86110687"
"'98","'LINE","'Fc = mac","'29.73672676"
"'98","'LINE","'END OF UNIT QUESTIONS","'99.90234375"
"'98","'LINE","'1. Which one of the following pairs of concepts cannot both simultaneously be","'99.97583771"
"'98","'LINE","'constant and non-zero for a body?","'99.85298157"
"'98","'LINE","'A. The speed and velocity","'97.76638031"
"'98","'LINE","'B. Magnitude of acceleration and acceleration","'99.02383423"
"'98","'LINE","'C. Total distance and displacement","'94.24928284"
"'98","'LINE","'D. Velocity and acceleration","'99.98291016"
"'98","'LINE","'2. Can an object can have variable speed but constant velocity? Explain.","'99.95647430"
"'98","'LINE","'3. Can an object can have constant speed but variable velocity? Explain.","'99.94989014"
"'98","'LINE","'4. What do you mean by motion in one and two dimensions? Give examples of each type.","'99.95783234"
"'98","'LINE","'92","'99.92187500"
"'99","'LINE","'Grade 11","'99.88201141"
"'99","'LINE","'5. Can the displacement be greater than the distance travelled by an object? Give reason.","'99.97119141"
"'99","'LINE","'6. Can the direction of velocity of an object change, while its acceleration is constant?","'99.98226166"
"'99","'LINE","'Explain with example.","'99.94685364"
"'99","'LINE","'7. Is it possible for a body to be accelerated without speeding up or slowing down? If so,","'99.88922119"
"'99","'LINE","'give an example.","'99.94087219"
"'99","'LINE","'8. To get to school, a girl walks 1 km North in 15 minutes. She then walks 200 m South-","'99.88096619"
"'99","'LINE","'west in 160 seconds. What is the girl's average velocity for her walk to school?","'99.87862396"
"'99","'LINE","'9. Very large magnitude of acceleration can be achieved in some devices such as in a","'99.95433807"
"'99","'LINE","'gun. A bullet in a gun is accelerated from the firing chamber to the end of the barrel","'99.77172852"
"'99","'LINE","'at an average rate of 6.20 x 10³ m/s² for 8.10 x 10⁴ S. What is its muzzle velocity (that is, its","'86.83856964"
"'99","'LINE","'final velocity)?","'99.92595673"
"'99","'LINE","'10. It is very common for drivers when they","'99.83072662"
"'99","'LINE","'Mary","'15.84422874"
"'99","'LINE","'enter the express road, they increase","'100.00000000"
"'99","'LINE","'ADAMA","'87.64579010"
"'99","'LINE","'their speed. While entering to the ex-","'99.97187042"
"'99","'LINE","'press road on its travel from Addis Aba-","'99.98403168"
"'99","'LINE","'ba to Adama , a car accelerates from rest","'98.62017822"
"'99","'LINE","'at a rate of 2.40 m/s2 for 12.0 S.","'98.14147186"
"'99","'LINE","'(a) Draw a sketch of the situation.","'99.94211578"
"'99","'LINE","'(b) List the knowns in this problem.","'99.97605896"
"'99","'LINE","'(c) How far does the car travel in those 12.0 s? (d) What is the car's final","'99.17237091"
"'99","'LINE","'velocity?","'99.87145233"
"'99","'LINE","'11. A particle moving at 25 m/s in a straight line slows uniformly at a rate of 2 m/s every","'99.59521484"
"'99","'LINE","'second. In an interval of 10 s, find: (a) the acceleration, (b) the final velocity, (c) the","'99.00486755"
"'99","'LINE","'distance moved.","'99.97518921"
"'99","'LINE","'12. At the instant the traffic light turns green, an automobile starts moving with a constant","'99.90824890"
"'99","'LINE","'acceleration of 5.0 m/s2. At the same instant a truck, travelling with a constant speed","'99.92871857"
"'99","'LINE","'of 10 m/s, overtakes and passes the automobile. (a) How far beyond the traffic signal","'99.92889404"
"'99","'LINE","'will the automobile overtake the truck? (b) How fast will the automobile be at that","'99.97684479"
"'99","'LINE","'instant?","'99.83079529"
"'99","'LINE","'13. Describe the motion in each interval of the velocity-time graph shown in the figures","'99.86736298"
"'99","'LINE","'below.","'99.96014404"
"'99","'LINE","'velocity","'99.40529633"
"'99","'LINE","'(m/min)","'98.92538452"
"'99","'LINE","'80","'99.85271454"
"'99","'LINE","'60","'99.97070313"
"'99","'LINE","'40","'99.97070313"
"'99","'LINE","'20","'99.97070313"
"'99","'LINE","'time","'99.24645233"
"'99","'LINE","'(min)","'98.28503418"
"'99","'LINE","'-20","'98.47994995"
"'99","'LINE","'40","'98.66130829"
"'99","'LINE","'10","'99.79252625"
"'99","'LINE","'20","'99.97070313"
"'99","'LINE","'30","'99.95037079"
"'99","'LINE","'40","'99.93083954"
"'99","'LINE","'50","'99.89178467"
"'99","'LINE","'Figure 3.22","'99.82910156"
"'99","'LINE","'93","'99.80388641"
"'100","'LINE","'Physics","'99.91210938"
"'100","'LINE","'Student Text Book","'99.93110657"
"'100","'LINE","'14. On its way along a straight line, a car starts from rest and accelerated at a rate of 2.5","'99.76434326"
"'100","'LINE","'m/s2 for 10s. It maintained its speed for further 5 S and decelerated by 0.5m/s2 to","'99.58612061"
"'100","'LINE","'come to rest. What is the time taken for the entire motion? How far did it travel?","'99.96869659"
"'100","'LINE","'Draw the position vs time, and velocity vs time graph of the motion of the car.","'97.92356873"
"'100","'LINE","'15. On a user's manual of a motorbike you see a specification labeled as ""the bike","'99.52665710"
"'100","'LINE","'can accelerate to 100km/h from rest in 4seconds."" A) what can you say about the","'99.87328339"
"'100","'LINE","'maximum average acceleration of the bike? B) How far does it travel in this time?","'99.92990875"
"'100","'LINE","'16. The head quarter of Commercial Bank of Ethiopia","'99.76219177"
"'100","'LINE","'having a height of 198m is the tallest building in","'99.92392731"
"'100","'LINE","'Ethiopia and one of the top ten tallest buildings in","'99.98437500"
"'100","'LINE","'Africa. If the engineer's helmet is suddenly dropped","'99.80608368"
"'100","'LINE","'from the roof during the final topping, A) How long","'99.93807983"
"'100","'LINE","'does it take for the helmet to reach to the ground?","'99.97676849"
"'100","'LINE","'B) If someone needs to throw the helmet up to the","'99.96064758"
"'100","'LINE","'top, what minimum initial velocity is needed? Can","'99.96786499"
"'100","'LINE","'this initial velocity be achieved by a human being?","'99.96266174"
"'100","'LINE","'(neglect air resistance in all cases)","'99.92772675"
"'100","'LINE","'Figure 3.22","'99.45312500"
"'100","'LINE","'17. A stone strikes the ground with a speed of 25 m/s. (a) From what height was it","'99.31599426"
"'100","'LINE","'released? (b) How long was it falling? (c) If the stone is thrown down with a speed","'99.81647491"
"'100","'LINE","'of 10 m/s from the same height, then what will be its speed just before hitting the","'99.94475555"
"'100","'LINE","'ground?","'99.92028046"
"'100","'LINE","'18. Calculate the height of a building if it takes 4.0s for a ball to reach to the ground","'99.93147278"
"'100","'LINE","'when it is thrown straight up from the top of the building with an initial velocity","'99.98224640"
"'100","'LINE","'of 8.0 m/s. (Sketch the motion diagram.)","'99.79737091"
"'100","'LINE","'19. A kangaroo can vertically jump over an object","'99.14381409"
"'100","'LINE","'2.5m high.","'98.47167969"
"'100","'LINE","'A. What is its initial vertical speed to reach","'99.71799469"
"'100","'LINE","'this height?","'99.89098358"
"'100","'LINE","'B. How long will it stay in the air if it is jump-","'99.80149841"
"'100","'LINE","'ing on a level ground?","'99.89015198"
"'100","'LINE","'Figure 3.23","'99.67773438"
"'100","'LINE","'20. Calculate the magnitude of the acceleration of a particle moving in a circle of","'99.92736053"
"'100","'LINE","'radius r = 0.5 m with a constant speed of 10 m/s.","'99.55119324"
"'100","'LINE","'21. A 0.525 kg ball is attached to a 1.25 m string and swings in a circular path, making","'99.10077667"
"'100","'LINE","'2.00 revolutions per second. The angle of the string is nearly horizontal. Find the","'99.95623779"
"'100","'LINE","'tension in the string.","'99.97782898"
"'100","'LINE","'22. A 0.525 kg ball is attached to a 1.25 m string and swings in a circular path. The","'99.00012970"
"'100","'LINE","'angle of the string away from vertical is 30.0°. Find the centripetal force acting on","'99.61663055"
"'100","'LINE","'the ball and the speed of the ball.","'99.98413086"
"'100","'LINE","'94","'99.60937500"
"'101","'LINE","'T","'88.57701111"
"'101","'LINE","'R","'97.64827728"
"'101","'LINE","'S","'97.37623596"
"'101","'LINE","'S","'89.92008209"
"'101","'LINE","'UNIT 4","'99.94548798"
"'101","'LINE","'DYNAMICS","'99.93164063"
"'101","'LINE","'Introduction","'99.92028046"
"'101","'LINE","'Motion is an important element in studying Physics. Naturally, the race of athletes, the","'99.98099518"
"'101","'LINE","'flying of a bird, and the jumping of a dolphin out from the water, the trajectory of a soccer","'99.52655029"
"'101","'LINE","'ball or a basketball and the like are examples of motion in nature. The motion of a fast","'99.69525909"
"'101","'LINE","'driving car, or an airplane or a fast magnetic levitated (Maglev) train, or a supersonic","'99.50035858"
"'101","'LINE","'jet, or a satellite orbiting the Earth are all fascinating developments of human beings in","'99.73203278"
"'101","'LINE","'the advancement of motion.","'99.99755859"
"'101","'LINE","'.In unit three of this textbook, you studied kinematics: the study of motion that","'99.99715424"
"'101","'LINE","'only describes the way objects move-their velocity and their acceleration but not what","'99.98347473"
"'101","'LINE","'causes the motions. However, motions have causes and that cause is a force. The study","'99.75775146"
"'101","'LINE","'of motion with its cause is dynamics. In this unit, we study about motion, how motion","'99.98519897"
"'101","'LINE","'is created by a force, what the impact of force is on moving or stationary objects and","'99.86960602"
"'101","'LINE","'the like.","'99.97030640"
"'101","'LINE","'At the end of this unit you should be able to:","'99.97847748"
"'101","'LINE","'demonstrate an understanding of the relationship between net force and","'99.97624207"
"'101","'LINE","'the acceleration of an object in linear motion","'99.96420288"
"'101","'LINE","'analyze the effect of a net force in quantitative terms, using graphs, free-","'99.86402130"
"'101","'LINE","'body diagrams, and vector diagrams","'99.99609375"
"'101","'LINE","'describe the first condition of equilibrium quantitatively.","'99.96734619"
"'101","'LINE","'demonstrate an understanding, in qualitative and quantitative terms, of","'99.96916962"
"'101","'LINE","'the concepts of work, energy, energy transformations and power","'99.98011780"
"'101","'LINE","'design and carry out experiments and solve problems involving energy","'99.99105072"
"'101","'LINE","'transformations and the law of conservation of energy.","'99.97020721"
"'101","'LINE","'realize that momentum is an inherent property of moving objects","'99.97632599"
"'101","'LINE","'express the relationship between impulse and momentum.","'99.98152161"
"'101","'LINE","'95","'99.87304688"
"'102","'LINE","'Physics","'99.91131592"
"'102","'LINE","'Student Text Book","'99.84434509"
"'102","'LINE","'4.1 The Concept of Force and Newton's Laws of","'99.98028564"
"'102","'LINE","'motion","'100.00000000"
"'102","'LINE","'The concept of force","'99.99267578"
"'102","'LINE","'At the end of completion of this section you should be able to:","'99.97872162"
"'102","'LINE","'discuss what the concept of force means in physics, and why forces are","'99.95738220"
"'102","'LINE","'vectors.","'99.99023438"
"'102","'LINE","'define force and discuss its effects on a body.","'99.72802734"
"'102","'LINE","'distinguish between contact forces and field forces.","'99.97745514"
"'102","'LINE","'discuss the four fundamental forces in nature and their real life","'99.98831177"
"'102","'LINE","'application.","'100.00000000"
"'102","'LINE","'state newton's laws of motion","'99.93475342"
"'102","'LINE","'demonstrate the cause effect relationship of force and acceleration.","'99.47015381"
"'102","'LINE","'apply newton's second law to determine the weight of an object.","'99.96042633"
"'102","'LINE","'demonstrate the relationship between weight and normal force.","'99.99135590"
"'102","'LINE","'?","'99.79492188"
"'102","'LINE","'Brainstorming","'99.92028046"
"'102","'LINE","'1. How do you define the term force in your own words? Mention some of the","'99.96688843"
"'102","'LINE","'natural phenomena that show the action of a force on or between objects in","'99.84090424"
"'102","'LINE","'your surroundings.","'99.86048889"
"'102","'LINE","'2. How does force affect every moment in your life?","'99.98527527"
"'102","'LINE","'To understand dynamics, the study of motion and its causes, we need to start with","'99.98285675"
"'102","'LINE","'the working definition of force. In everyday language a force is a push or a pull,","'99.90771484"
"'102","'LINE","'as when you push or pull a table on the floor or a player kicks a ball, Figure 4.1.","'99.86867523"
"'102","'LINE","'The speed and direction of motion of both the ball and the table are determined","'99.99279022"
"'102","'LINE","'by the magnitude and direction of the applied force. So force is a vector quantity,","'99.97293091"
"'102","'LINE","'just like velocity and acceleration.","'99.94224548"
"'102","'LINE","'The SI unit of measurement of force is newton (N).","'99.98925781"
"'102","'LINE","'Where 1N = 1kg.m/s²","'95.85968018"
"'102","'LINE","'Push","'99.87304688"
"'102","'LINE","'Pull","'99.84295654"
"'102","'LINE","'F","'97.53826141"
"'102","'LINE","'F","'92.49919891"
"'102","'LINE","'(a)","'99.89098358"
"'102","'LINE","'(b)","'99.89257813"
"'102","'LINE","'Figure 4.1 (a) Force exerted on the table (b) Force exerted on the ball","'99.92450714"
"'102","'LINE","'96","'99.61834717"
"'103","'LINE","'Grade 11","'99.86288452"
"'103","'LINE","'Apart from changing the speed or direction of motion of a body or both, force can","'99.96613312"
"'103","'LINE","'also change the shape or size of a body. A tennis ball hit by a racket is deformed to","'99.70037842"
"'103","'LINE","'some extent. Such an effect is called deformation.","'99.96166229"
"'103","'LINE","'A force can be either a contact force or a field force. Forces that result from","'99.65167999"
"'103","'LINE","'physical contact between two bodies are called contact forces. A girl stretching a","'99.45391083"
"'103","'LINE","'spring, a man pulling a box on the floor, and a girl kicking a ball are few examples","'99.89074707"
"'103","'LINE","'of contact forces.","'99.98345947"
"'103","'LINE","'On the other hand forces like gravitational attraction between the Sun and the","'99.98930359"
"'103","'LINE","'Earth, the electrostatic force between charged particles, and magnetic force","'99.97209930"
"'103","'LINE","'between a magnet and magnetic substances that operate at a distance are known","'99.88416290"
"'103","'LINE","'as field forces.","'99.97070313"
"'103","'LINE","'The known fundamental forces in nature are all field forces. These are, in order","'99.97233582"
"'103","'LINE","'of decreasing strength:","'99.98697662"
"'103","'LINE","'1. the strong nuclear force between subatomic particles;","'99.93450928"
"'103","'LINE","'2. the electromagnetic forces between electric charges;","'99.91470337"
"'103","'LINE","'3. the weak nuclear force, which arises in certain radioactive decay processes; and","'99.95569611"
"'103","'LINE","'4. the gravitational force between objects.","'99.96040344"
"'103","'LINE","'The strong force keeps the nucleus of an atom from flying apart due to the","'99.99343872"
"'103","'LINE","'repulsive electric force of the protons. The weak force is involved in most","'99.99011230"
"'103","'LINE","'radioactive processes and plays an important role in the nuclear reactions that","'99.98271179"
"'103","'LINE","'generate the Sun's energy output. The strong and weak forces operate only on the","'99.95595551"
"'103","'LINE","'nuclear scale, with a very short range on the order of 10-15 m.","'99.81846619"
"'103","'LINE","'In this section we will use two new concepts, force and mass, to analyze the","'99.99082947"
"'103","'LINE","'principles of dynamics. These principles were clearly stated for the first time by","'99.99311829"
"'103","'LINE","'Sir Isaac Newton (1642-1727); today we call them Newton's laws of motion.","'98.84939575"
"'103","'LINE","'Key terms","'99.89626312"
"'103","'LINE","'Dynamics: The subdivision of mechanics that deals with the motion of objects in","'99.98485565"
"'103","'LINE","'relation to the physical factor that causes the motion, the force.","'99.97396851"
"'103","'LINE","'Force: An external agent of a body that changes state of rest or state of motion","'99.87420654"
"'103","'LINE","'of that body.","'99.92107391"
"'103","'LINE","'97","'99.63867188"
"'104","'LINE","'Physics","'99.88201141"
"'104","'LINE","'Student Text Book","'99.83783722"
"'104","'LINE","'Isaac Newton was one of the most brilliant scientists in","'99.97347260"
"'104","'LINE","'history. Before the age of 30, he formulated the basic","'99.97128296"
"'104","'LINE","'concepts and laws of mechanics, discovered the law of","'99.97460175"
"'104","'LINE","'universal gravitation, and invented the mathematical","'99.97342682"
"'104","'LINE","'methods of calculus. As a consequence of his theories,","'99.89514923"
"'104","'LINE","'Newton was able to explain the motions of the planets,","'99.97542572"
"'104","'LINE","'the ebb and flow of the tides, and many special","'99.99308777"
"'104","'LINE","'features of the motions of the Moon and the Earth.","'99.98405457"
"'104","'LINE","'He also interpreted many fundamental observations","'99.09664154"
"'104","'LINE","'concerning the nature of light. His contributions to","'99.96268463"
"'104","'LINE","'Figure 4.2 Isaac Newton","'99.91415405"
"'104","'LINE","'physical theories dominated scientific thought for two","'99.99442291"
"'104","'LINE","'English physicist and math-","'99.96054077"
"'104","'LINE","'centuries and remain important today. (Giraudon/Art","'99.62674713"
"'104","'LINE","'ematician","'99.96014404"
"'104","'LINE","'Resource)","'99.61196899"
"'104","'LINE","'Laws of Motion","'99.99023438"
"'104","'LINE","'Newton's First Law of Motion","'99.87895203"
"'104","'LINE","'?","'99.77458954"
"'104","'LINE","'Brainstorming","'99.91051483"
"'104","'LINE","'Suppose you are in a stationary car. What will happen to you if the car suddenly","'99.85666656"
"'104","'LINE","'starts to move forward? Suppose now you are in a moving car. What will","'99.91643524"
"'104","'LINE","'happen to you if the driver hits the pedal and the car suddenly brakes to stop?","'99.98718262"
"'104","'LINE","'How do the forces that act on a body affect its motion? To begin to answer this","'99.96759796"
"'104","'LINE","'question, let's first consider what happens when the net force on a body is zero.","'99.90275574"
"'104","'LINE","'Consider a book placed on your desk. What will happen to the book if you leave","'99.97238159"
"'104","'LINE","'it there for a long time? Your response will obviously be 'it will remain at rest'. You","'97.79669952"
"'104","'LINE","'would almost certainly agree that if a body is at rest, and if no net force acts on it","'99.96167755"
"'104","'LINE","'(that is, no net push or pull), that body will remain at rest. But what if there is zero","'99.95661163"
"'104","'LINE","'net force acting on a body in motion.","'99.91081238"
"'104","'LINE","'To see what happens in this case, do the following activity.","'99.96938324"
"'104","'LINE","'?","'98.67187500"
"'104","'LINE","'Activity 4.1","'99.40837860"
"'104","'LINE","'1. Slide a hockey puck along a horizontal tabletop as described following the","'99.69680023"
"'104","'LINE","'three steps:","'100.00000000"
"'104","'LINE","'(a) Place the puck on the table Figure 4.3 a. Apply a horizontal force and","'99.66076660"
"'104","'LINE","'once it is in motion stop pushing it.","'99.95961761"
"'104","'LINE","'98","'99.89257813"
"'105","'LINE","'Grade 11","'99.88241577"
"'105","'LINE","'(b) Repeat step (a) but now cover the table top with a smooth surface of ice,","'99.85768890"
"'105","'LINE","'Figure 4.3b.","'99.84375000"
"'105","'LINE","'(c) Repeat step (a) by putting the puck on an air-hockey table, where it floats","'99.00399017"
"'105","'LINE","'on a thin cushion of air, Figure 4.3 c.","'94.11376190"
"'105","'LINE","'Write down your observation in each of the three cases. Is there a difference in","'99.80297089"
"'105","'LINE","'distance covered by the puck before it stopped? What do you think is the reason for","'99.98774719"
"'105","'LINE","'this?","'99.93083954"
"'105","'LINE","'1s,","'30.11240387"
"'105","'LINE","'Is2","'34.52547073"
"'105","'LINE","'S3","'38.57381821"
"'105","'LINE","'Puck on a table","'99.78639984"
"'105","'LINE","'Puck on an icy surface S₁ > S₂","'88.10150909"
"'105","'LINE","'Puck on an air-hockey table S3 S₂","'89.03032684"
"'105","'LINE","'Figure 4.3 A puck pushed horizontally on three surfaces of different nature. Compare the","'99.18424225"
"'105","'LINE","'distances.","'99.87065887"
"'105","'LINE","'From the results of the above activity, one can conclude that if we could eliminate","'99.97027588"
"'105","'LINE","'friction completely, the puck would never slow down, and we would need no force","'99.96815491"
"'105","'LINE","'at all to keep the puck moving once it had been started. Once a body has been set in","'99.96257782"
"'105","'LINE","'motion, no net force is needed to keep it moving. We call this observation Newton's","'99.89392090"
"'105","'LINE","'first law of motion:","'99.98779297"
"'105","'LINE","'Newton's first law of motion","'99.93312073"
"'105","'LINE","'""An object at rest remains in a state of rest and an object in motion continues in To-","'99.11732483"
"'105","'LINE","'tion along a straight line with constant speed unless an external force acts upon it.","'99.65589905"
"'105","'LINE","'""","'91.45727539"
"'105","'LINE","'Newton's first law of motion is also called the law of inertia. The property of a body","'99.89290619"
"'105","'LINE","'to remain at rest or to remain in motion with constant velocity is called inertia.","'99.97233582"
"'105","'LINE","'Key term","'99.83238983"
"'105","'LINE","'Inertia: The tendency of a body to oppose any change in its state of rest or its state","'99.85017395"
"'105","'LINE","'of uniform motion.","'99.94087219"
"'105","'LINE","'It is more difficult to change the state of motion of a truck than that of a small bajaj","'99.97207642"
"'105","'LINE","'(a three wheel taxi in many parts of Ethiopia). This is because the mass of the truck","'99.95635223"
"'105","'LINE","'is much larger than that of the bajaj, Figure 4.4. As the mass of the bajaj is small, a","'99.96638489"
"'105","'LINE","'single person can pull or push it which is unthinkable for the truck. This property of","'99.98281097"
"'105","'LINE","'99","'99.57927704"
"'106","'LINE","'Physics","'99.92107391"
"'106","'LINE","'I","'59.24236679"
"'106","'LINE","'Student Text Book","'99.85736847"
"'106","'LINE","'maintaining state of motion is called the inertia. mass is a measure of imertia.","'99.93695068"
"'106","'LINE","'(a)","'99.88042450"
"'106","'LINE","'(b)","'99.97070313"
"'106","'LINE","'Figure 4.4 Inertia is larger for large masses than for small masses.","'99.95803070"
"'106","'LINE","'?","'96.41601563"
"'106","'LINE","'Activity 4.2","'99.96093750"
"'106","'LINE","'Material required: Two medium-size cans, tow strings and a horizontal fixed beam","'99.72584534"
"'106","'LINE","'from which the cans can be suspended, Figure 4.5.","'99.97586060"
"'106","'LINE","'Procedure","'99.96014404"
"'106","'LINE","'Fill one of the cans with sand and leave the other one empty.","'99.99017334"
"'106","'LINE","'a) Try to set the cans in motion. What difference did you observe?","'99.94718170"
"'106","'LINE","'b) Now pull the cans to one side (to the same height) and release themTry to","'99.97340393"
"'106","'LINE","'stop the cans one after the other. What did you experience? Discuss with","'99.99242401"
"'106","'LINE","'your classmates about the difficulties you faced in terms of the forces you","'99.99236298"
"'106","'LINE","'are required to set the cans in motion (case (a)) or to stop them (case","'99.95899963"
"'106","'LINE","'(b)).","'99.87304688"
"'106","'LINE","'Figure 4.5 Large masses have larger inertia than small masses","'99.96549988"
"'106","'LINE","'100","'99.91210938"
"'107","'LINE","'Grade 11","'99.89218140"
"'107","'LINE","'Some examples of Applications of Newton's first law","'99.83689880"
"'107","'LINE","'You have heard about the importance of safety belts to protect passengers in a car","'99.97505188"
"'107","'LINE","'or in an airplane or in a bus from severe damage during accidents. The probability","'99.93138885"
"'107","'LINE","'of facing severe injury to the extent of death when an accident occurs is very high","'99.98347473"
"'107","'LINE","'on people who do not fasten seat belts.","'99.98769379"
"'107","'LINE","'The question is: Why Seat belts? What is the physics behind Seat belts?","'99.97039795"
"'107","'LINE","'The answer is Newton's first law of motion. If a car is moving with a speed of","'99.91773224"
"'107","'LINE","'80km/h, all passengers in the car are moving with a speed of 80km/h. If the car","'99.93022156"
"'107","'LINE","'suddenly stops for reasonable case, the passenger who fastened seat belt remains","'99.99668121"
"'107","'LINE","'intact with the body of the car and stops with the car safely, Figure 4.6a. On the","'99.98257446"
"'107","'LINE","'other case, the passenger who doesn't fasten seat belt is in a loose state from the","'99.93354797"
"'107","'LINE","'body of the car and when the car abruptly stops, according to Newton's first law,","'99.93703461"
"'107","'LINE","'the passenger continues its motion with 80km/h and collide to anything in front","'99.94935608"
"'107","'LINE","'of him such as to the steering wheel, Figure 4.6b or even may smash againes the","'99.97477722"
"'107","'LINE","'windshied of the car which may lead to severe injury and death. Modern cars","'99.99511719"
"'107","'LINE","'have airbags on the steering wheel or on the dashboard, Figure 4.7, to protect","'99.96402740"
"'107","'LINE","'passengers from severe injury by giving cushion during accidents. However,","'99.96810913"
"'107","'LINE","'airbags are designed to emerge automatically only when the car collided with","'99.99186707"
"'107","'LINE","'something. Therefore, passengers should always fasten their seatbelts.","'99.96512604"
"'107","'LINE","'(a)","'99.48580933"
"'107","'LINE","'(b)","'99.83318329"
"'107","'LINE","'Figure 4.6 A passenger without a seat belt will suffer injury during an accident.","'99.19144440"
"'107","'LINE","'Figure 4.7 Airbag systems in vehicles are designed to deply during vehicle collision","'99.94409943"
"'107","'LINE","'101","'99.50195313"
"'108","'LINE","'Physics","'99.91131592"
"'108","'LINE","'Student Text Book","'99.86414337"
"'108","'LINE","'?","'96.14257813"
"'108","'LINE","'Activity 4.3","'99.96093750"
"'108","'LINE","'Fun with Inertia","'99.98020172"
"'108","'LINE","'Materials","'99.96014404"
"'108","'LINE","'Glass tumbler","'99.99023438"
"'108","'LINE","'Small, stiff piece of cardboard","'99.99218750"
"'108","'LINE","'Coins","'100.00000000"
"'108","'LINE","'Ruller","'100.00000000"
"'108","'LINE","'(a)","'99.51351166"
"'108","'LINE","'Figure 4.8 Inertia at rest","'99.95296478"
"'108","'LINE","'Procedure 1: Refer Figure 4.8a.","'99.44778442"
"'108","'LINE","'(a) Put a playing card on top of the plastic cup","'99.75765228"
"'108","'LINE","'(b) Put a coin on top of the card","'99.82581329"
"'108","'LINE","'(c) With a sharp flick, hit the card out from under the coin.","'98.97015381"
"'108","'LINE","'Question: What happened to the coin? Explain your observation interms of","'99.98919678"
"'108","'LINE","'Newton's First law of motion.","'99.72113800"
"'108","'LINE","'The motion of a body can only be described relative to other bodies. Bodies with","'99.96631622"
"'108","'LINE","'which motion of a body can be compared are known as frames of reference. Frame","'99.93920135"
"'108","'LINE","'of reference can be catagorized as Inertial frame of reference and Non-inertial frame","'99.96588898"
"'108","'LINE","'of reference.","'99.97518921"
"'108","'LINE","'A frame reference which is at rest or moves with a constant velocity is known as an","'99.69345093"
"'108","'LINE","'inertial frame of reference. A stationary car or a car traveling at constant velocity","'99.53271484"
"'108","'LINE","'is an inertial frame of reference. A car slowing down for a stoplight, or speeding","'99.60388184"
"'108","'LINE","'up after the light turns green, will be accelerating and is not an inertial frame of","'99.97523499"
"'108","'LINE","'reference. Such a frame of reference is known as Non-inertial frame of reference.","'99.91927338"
"'108","'LINE","'An inertial frame of reference is the type of frame where Newton's laws hold true.","'99.93226624"
"'108","'LINE","'If no outside force is exerted on an object, it will continue to stay in state of rest or","'99.96000671"
"'108","'LINE","'uniform motion.","'99.92067719"
"'108","'LINE","'102","'99.81445313"
"'109","'LINE","'Grade 11","'99.89665985"
"'109","'LINE","'Newton's Second Law of Motion","'99.97819519"
"'109","'LINE","'?","'99.67693329"
"'109","'LINE","'Brainstorming","'99.92028046"
"'109","'LINE","'Based on your knowledge of kinematics discuss the difference between moving","'99.99105072"
"'109","'LINE","'with uniform velocity and having acceleration.","'99.99335480"
"'109","'LINE","'What is the cause of acceleration?","'99.98521423"
"'109","'LINE","'A net external force and a system are the main focus of this section in which the","'99.76342010"
"'109","'LINE","'cause effect relation of net force and acceleration will be discussed. The concepts of","'99.99082184"
"'109","'LINE","'weight, normal force, and friction force and how they are related to each other and","'99.99408722"
"'109","'LINE","'some applications of Newton's law are also the focus of interest in this section.","'99.93323517"
"'109","'LINE","'Newton's second law of motion is closely related to and is a consequence of Newton's","'99.86570740"
"'109","'LINE","'first law of motion. According to the first law, a body persists to its state of motion","'99.96209717"
"'109","'LINE","'or rest unless an unbalanced force acts on it."" The question is: What will happen to","'99.80755615"
"'109","'LINE","'the object if an unbalanced force acts on it? The answer was given by Newton after","'99.97492218"
"'109","'LINE","'simple experiments and inquiries (refer Figure 4.9.)","'99.81473541"
"'109","'LINE","'+","'86.00924683"
"'109","'LINE","'m","'97.26562500"
"'109","'LINE","'THE","'31.85616684"
"'109","'LINE","'m","'97.77822113"
"'109","'LINE","'a","'91.59299469"
"'109","'LINE","'+","'89.65670776"
"'109","'LINE","'m","'97.55839539"
"'109","'LINE","'m","'97.07928467"
"'109","'LINE","'m","'97.41928864"
"'109","'LINE","'m","'95.96240997"
"'109","'LINE","'1","'92.79874420"
"'109","'LINE","'b","'99.46208954"
"'109","'LINE","'m","'98.13516235"
"'109","'LINE","'m","'96.61132813"
"'109","'LINE","'m","'97.56158447"
"'109","'LINE","'1","'90.97756195"
"'109","'LINE","'m","'97.26243591"
"'109","'LINE","'à","'29.38695908"
"'109","'LINE","'m","'92.84279633"
"'109","'LINE","'m","'92.88026428"
"'109","'LINE","'m","'95.68180084"
"'109","'LINE","'m","'96.79627228"
"'109","'LINE","'Figure 4.9 Demonstrating Newton's second law of motion. See how the acceleration is af-","'99.88464355"
"'109","'LINE","'fected (a) when the force is changed for a constant mass and (b) when the mass is changed","'99.91805267"
"'109","'LINE","'for a constant force","'99.84420013"
"'109","'LINE","'Inquiry I: What will happen if a force F is applied to an object of mass m which","'99.91569519"
"'109","'LINE","'is initially at rest on a horizontal smooth surface where friction is","'99.89742279"
"'109","'LINE","'negligible?","'99.69168091"
"'109","'LINE","'(Answer): By observation, it moves with some velocity in the direction of the applied","'99.93137360"
"'109","'LINE","'force.)","'99.93083954"
"'109","'LINE","'Inquiry II: How does it move as long as the force is maintained? (Answer: The velocity","'99.92335510"
"'109","'LINE","'is increasing uniformly through time. That means it is accelerating","'99.97730255"
"'109","'LINE","'uniformly).","'99.65182495"
"'109","'LINE","'103","'99.93164063"
"'110","'LINE","'Physics | Student Text Book","'89.23256683"
"'110","'LINE","'Inquiry III: What will happen to the magnitude of the acceleration if the force","'99.93677521"
"'110","'LINE","'is doubled, or tripled, while the mass is kept unchanged? (Answer:","'99.94955444"
"'110","'LINE","'Experimentally as the force is doubled the acceleration is doubled as","'99.97137451"
"'110","'LINE","'shown in Figure 4.9a a. The acceleration is therefore directly proportional","'99.75906372"
"'110","'LINE","'to the applied force.)","'99.88769531"
"'110","'LINE","'Inquiry IV: What will happen to the magnitude of the acceleration if the mass is","'99.96908569"
"'110","'LINE","'doubled, or tripled, while the force is kept unchanged? (Experimentally,","'99.90961456"
"'110","'LINE","'for the constant force, as the mass is doubled the acceleration is reduced","'99.97734070"
"'110","'LINE","'by half, when the mass is tripled, the acceleration is reduced by one-","'99.98265839"
"'110","'LINE","'third and so on as shown in Figure 4.9 b. The acceleration is therefore","'99.61974335"
"'110","'LINE","'inversely proportional to the mass.)","'99.87061310"
"'110","'LINE","'The answers for inquiries I through IV with an illustrative demonstration of Figure","'99.93634796"
"'110","'LINE","'4.9 collectively give the full statement of Newton's second law that can be stated as","'99.93844604"
"'110","'LINE","'follows.","'99.95037079"
"'110","'LINE","'Newton's Second Law of motion","'99.90756226"
"'110","'LINE","'""When an unbalanced force acts on an object of mass T, the object accelerates in the","'98.56931305"
"'110","'LINE","'direction of the applied force with the magnitude of acceleration directly proportional to","'99.98941803"
"'110","'LINE","'the net applied force and inversely proportional to the mass of the object.""","'99.97352600"
"'110","'LINE","'Mathematically Newton's second law can be expressed as","'99.87593842"
"'110","'LINE","'a~F~anda~1","'15.27263927"
"'110","'LINE","'We write a","'93.98311615"
"'110","'LINE","'The constant of proportionality k is equal to one, so in mathematical terms the","'99.72886658"
"'110","'LINE","'preceding statement can be written","'99.98046875"
"'110","'LINE","'a = k m","'22.38819313"
"'110","'LINE","'Rearranging in a linear form,","'98.80277252"
"'110","'LINE","'Key terms","'99.75466156"
"'110","'LINE","'Net force: The sum of two or more forces (Resultant force)","'99.83152008"
"'110","'LINE","'Acceleration: The time rate of change of velocity. It could happen when a body","'99.76721191"
"'110","'LINE","'changes its speed or direction of motion or both.","'99.91647339"
"'110","'LINE","'System: A collection of objects, elements or components that are organized for a","'99.13700867"
"'110","'LINE","'common purpose. Anything outside the system is the surrounding.","'99.92649841"
"'110","'LINE","'The SI unit of force, newton, in terms of the three basic quantities of measurement","'99.98020172"
"'110","'LINE","'in mechanics: length mass and time is expressed as","'99.96166992"
"'110","'LINE","'104","'99.57031250"
"'111","'LINE","'Grade 11","'99.90194702"
"'111","'LINE","'1 newton = 1kg m²","'75.43947601"
"'111","'LINE","'(SI unit of force in terms the basic units)","'99.84982300"
"'111","'LINE","'Large quantities of forces can also be expressed in kilo newton (kN); 1kN=1000N","'99.86406708"
"'111","'LINE","'?","'97.08007813"
"'111","'LINE","'Activity 4.4","'99.79452515"
"'111","'LINE","'Group work","'99.96093750"
"'111","'LINE","'Explore the relationship between Force, Mass, and Acceleration.","'99.98382568"
"'111","'LINE","'Problem","'99.96014404"
"'111","'LINE","'If you pull an object with a force, how do force and mass affect the acceleration","'99.94619751"
"'111","'LINE","'of the object?","'99.97369385"
"'111","'LINE","'Materials","'100.00000000"
"'111","'LINE","'Dynamics cart with hook, two 200-g standard masses, one 1 kg standard mass,","'99.91793823"
"'111","'LINE","'spring scale (0 -5 N) smooth, and a flat surface (about 2 m long), Figure 4.10.","'97.63046265"
"'111","'LINE","'Loaded cart","'99.78804779"
"'111","'LINE","'Spring scale","'99.89218140"
"'111","'LINE","'Force","'99.92107391"
"'111","'LINE","'Figure 4.10 Set up of the materials","'99.80844879"
"'111","'LINE","'Procedure","'100.00000000"
"'111","'LINE","'A. Place the 200 g standard masses on the cart and attach the spring scale to","'97.60616302"
"'111","'LINE","'the hook on the cart.","'99.99218750"
"'111","'LINE","'B. Pull the spring scale so that the cart starts to accelerate forward. Pull the","'96.64592743"
"'111","'LINE","'spring with a constant force of 3 N. Keep the force as constant as possible","'99.81889343"
"'111","'LINE","'while pulling the cart and observe the acceleration of the cart.","'99.99549103"
"'111","'LINE","'C. Replace the 200 g masses on the cart with the 1kg standard mass. Then","'97.99755859"
"'111","'LINE","'pull the cart applying the same force you used in step B. Observe the","'98.84773254"
"'111","'LINE","'acceleration of the cart.","'99.99003601"
"'111","'LINE","'D. Place the 1 kg standard mass on the cart and now pull the cart applying a","'99.89427948"
"'111","'LINE","'constant force of 4 N. Observe the acceleration of the cart.","'99.84989166"
"'111","'LINE","'105","'99.97070313"
"'112","'LINE","'Physics","'99.88201141"
"'112","'LINE","'Student Text Book","'99.84786987"
"'112","'LINE","'E. Repeat step D but this time pull with a force of 2 N. Observe the acceleration","'98.86328888"
"'112","'LINE","'of the cart.","'99.99023438"
"'112","'LINE","'Answer the following questions based on your observation.","'99.98393250"
"'112","'LINE","'1. What can you say from your observation in steps B and C? How did the mass","'98.68280029"
"'112","'LINE","'affect the acceleration for a constant force?","'99.68437195"
"'112","'LINE","'2. What can you conclude from what you observed in steps D and E? How did","'99.91376495"
"'112","'LINE","'the force affect the acceleration for a constant mass?","'99.59290314"
"'112","'LINE","'3. What did you find difficult in this activity? What other techniques can you","'99.96745300"
"'112","'LINE","'suggest to keep the force applied on the spring constant? Discuss with your","'99.98941803"
"'112","'LINE","'group members.","'99.95077515"
"'112","'LINE","'Newton's third Law of Motion","'99.97038269"
"'112","'LINE","'?","'99.16912079"
"'112","'LINE","'Brainstorming","'99.91051483"
"'112","'LINE","'If you drop your pencil at a certain height, it falls downward due to the force that the","'99.87227631"
"'112","'LINE","'Earth exerts on the pencil. Can you say that the pencil in turn exerts force on Earth?","'99.97463226"
"'112","'LINE","'Why is it difficult to walk on sand than on a solid ground?","'99.89630890"
"'112","'LINE","'When a body exerts a force on a second body, the second body exerts a force on the","'99.84407043"
"'112","'LINE","'first body which is equal in magnitude but opposite in direction. Figure 4.11 shows","'99.95426178"
"'112","'LINE","'some of the common action-reaction pairs.","'99.89895630"
"'112","'LINE","'If you hit down a nail with a hammer, the nail hits the hammer back with a force","'99.86992645"
"'112","'LINE","'of the same size. A typical application of Newton's third law is the propulsion of a","'99.79541016"
"'112","'LINE","'rocket while hot gas is exhausted from the rocket.","'99.99131775"
"'112","'LINE","'Reaction:","'94.39034271"
"'112","'LINE","'Reaction: Rocket","'99.71649933"
"'112","'LINE","'Force of nail on","'99.50031281"
"'112","'LINE","'moving upward","'99.94061279"
"'112","'LINE","'the hammer","'99.76123810"
"'112","'LINE","'Action:","'92.83582306"
"'112","'LINE","'Force on the","'99.67946625"
"'112","'LINE","'Force of hamme","'90.15518188"
"'112","'LINE","'on the nail","'99.03746033"
"'112","'LINE","'Action:","'99.64205933"
"'112","'LINE","'gas","'98.54830933"
"'112","'LINE","'Hot gas ejected","'99.83644104"
"'112","'LINE","'(a)","'99.93083954"
"'112","'LINE","'(b)","'99.91210938"
"'112","'LINE","'Figure 4.11 Action and reaction pairs. Forces are always in pairs and for every action","'99.88292694"
"'112","'LINE","'there is an equal and opposite reaction","'99.98325348"
"'112","'LINE","'Key terms","'99.82221985"
"'112","'LINE","'Action and reaction: During an ineaction between two objects the force one exerts","'99.97033691"
"'112","'LINE","'on the other is Action and the force it is acted upon by the other is Reaction","'99.93380737"
"'112","'LINE","'106","'99.88281250"
"'113","'LINE","'Grade 11","'99.88690186"
"'113","'LINE","'Exercise 4.1","'99.71679688"
"'113","'LINE","'Discribe the action and reaction pairs a) as you walk on the ground,","'99.94935608"
"'113","'LINE","'b) as a player kicks a ball","'99.78150940"
"'113","'LINE","'Newton's third law is popularly expressed as:","'99.94083405"
"'113","'LINE","'""For every action there is always an equal and opposite reaction.""","'99.66890717"
"'113","'LINE","'In Figure 4.12, it is clearly seen that the boy is pushing the girl but it is not obvious","'99.96907806"
"'113","'LINE","'that the girl is pushing back on the boy. In fact when both the boy and the girl move","'99.99224854"
"'113","'LINE","'in opposite directions immediately after interaction, it becomes clear that the boy is","'99.95419312"
"'113","'LINE","'affected by the force that the girl exerted on him. Can you identify the action and","'99.99196625"
"'113","'LINE","'reaction forces in this case?","'99.98014832"
"'113","'LINE","'FGB","'91.54914856"
"'113","'LINE","'F","'86.64461517"
"'113","'LINE","'BG","'97.29910278"
"'113","'LINE","'Boy","'99.64126587"
"'113","'LINE","'Girl","'99.47285461"
"'113","'LINE","'Figure 4.12 Action and reaction are equal and opposite F BG--FBG","'94.40518951"
"'113","'LINE","'?","'95.54687500"
"'113","'LINE","'Activity 4.5","'99.90234375"
"'113","'LINE","'Discuss with your classmate","'100.00000000"
"'113","'LINE","'Imagine a fat person and a thin person that are running in opposite directions","'99.75549316"
"'113","'LINE","'accidentally collide with each other. If the thin person falls backward while the fat","'99.99151611"
"'113","'LINE","'person stands still, what can you say about the forces the persons exerted on one","'99.98887634"
"'113","'LINE","'another? Give your reason in terms of Newton's third law of motion.","'99.90042114"
"'113","'LINE","'Misconception alert","'99.97558594"
"'113","'LINE","'Action and reaction forces, though they are equal in magnitude and opposite in","'99.97709656"
"'113","'LINE","'direction, they act on two different bodies. Therefore they cannot be added to give","'99.97315216"
"'113","'LINE","'a zero resultant!!!","'99.07312775"
"'113","'LINE","'107","'99.89257813"
"'114","'LINE","'Physics I Student Text Book","'91.13081360"
"'114","'LINE","'Weight and the Gravitational Force","'99.94061279"
"'114","'LINE","'When an object is dropped, it accelerates toward the center of the Earth. According","'99.95832825"
"'114","'LINE","'to Newton's second law, acceleration is the effect caused by a force. Therefore, a","'99.84461975"
"'114","'LINE","'falling object, experiences a downward force known as weight of the object denoted","'99.95750427"
"'114","'LINE","'by w. The magnitude of the weight is the product of mass (m) and the value of","'96.77652740"
"'114","'LINE","'acceleration due to gravity g. Weight is a vector whose direction is always down","'99.94641876"
"'114","'LINE","'towards the center of the Earth.","'99.97355652"
"'114","'LINE","'Mathematically,","'99.69168091"
"'114","'LINE","'Weight = (mass) (acceleration due to gravity)","'99.11328888"
"'114","'LINE","'W = mg","'93.94723511"
"'114","'LINE","'Near to the surface of the earth, the magnitude of g is 9.8m/s²","'97.96636963"
"'114","'LINE","'Question","'99.99023438"
"'114","'LINE","'Is weight of a body the same everywhere? Discuss you answer.","'99.72866058"
"'114","'LINE","'Example 4.1","'99.85839844"
"'114","'LINE","'What is the weight of a 1 kg block on the surface of the moon where acceleration","'99.90896606"
"'114","'LINE","'due to gravity is only one-sixth of its value on the surface of the Earth?","'99.95822906"
"'114","'LINE","'Solution","'99.96014404"
"'114","'LINE","'Weight W = mgm, where gm = 1 (g) = (9.8m/s²) = 1.6m/s²","'85.79398346"
"'114","'LINE","'W = (1kg) (1.6m/s²) = 1.6N","'93.57667542"
"'114","'LINE","'An object on the moon weighs one-sixth as much as it does on the surface of the","'99.95342255"
"'114","'LINE","'Earth.","'99.88042450"
"'114","'LINE","'This example depicts that the weight of an object is not an intrinsic property, as its","'99.98159027"
"'114","'LINE","'value varies from place to place depending on the value of acceleration due to gravity","'99.97765350"
"'114","'LINE","'g.","'99.81445313"
"'114","'LINE","'When an object is released in air, it experiences a downward force due to its weight","'99.94258881"
"'114","'LINE","'and a drug force due to friction with the air. When the net force acting on the object","'99.97536469"
"'114","'LINE","'is assumed to be gravity only, we say that the body is in free fall. The gravitational","'99.97970581"
"'114","'LINE","'force (Fg) on a freely falling body is thus its weight (W).","'92.66676331"
"'114","'LINE","'(F) = W = mg","'18.02634811"
"'114","'LINE","'108","'99.75585938"
"'115","'LINE","'Grade 11","'99.87224579"
"'115","'LINE","'Misconception Alert","'99.95117188"
"'115","'LINE","'In everyday language, it is common to interchangeably use mass and weight.","'99.95558929"
"'115","'LINE","'However in science, these terms are different from one another. Mass, measured in","'99.96807861"
"'115","'LINE","'kilograms, is the measure of how much matter is in an object and it characterizes","'99.98107147"
"'115","'LINE","'the inertial properties of a body. Weight on the other hand is a measure of the force","'99.58023834"
"'115","'LINE","'of gravity acting on an object and measured in newton.","'99.97453308"
"'115","'LINE","'Normal Force","'99.98046875"
"'115","'LINE","'If you place your book on a table top as shown in the Figure 4.13, then a downward","'99.89942932"
"'115","'LINE","'gravitational force, m, is exerted on the book, but the book is still intact on the table.","'99.97631073"
"'115","'LINE","'What keeps the book intact on","'99.99186707"
"'115","'LINE","'FN","'40.41314697"
"'115","'LINE","'the table? The upward force that","'99.98671722"
"'115","'LINE","'supports the book is the Normal","'99.99511719"
"'115","'LINE","'Force, denoted by FN. The normal","'98.42245483"
"'115","'LINE","'force is perpendicular to the surface","'99.93045044"
"'115","'LINE","'that supports the book.","'99.99755859"
"'115","'LINE","'Weight","'98.99613190"
"'115","'LINE","'W","'84.70513916"
"'115","'LINE","'Figure 4.13 Normal force and weight for a","'99.80107880"
"'115","'LINE","'book placed on a horizontal surface.","'99.83484650"
"'115","'LINE","'Normal force is a type of contact force - two objects or surfaces have to touch for","'99.42054749"
"'115","'LINE","'there to be a normal force.","'99.94725037"
"'115","'LINE","'Since the book is in equilibrium, the net force acting on the book is zero. Therefore,","'99.96471405"
"'115","'LINE","'on a level surface the normal force is equal to the weight.","'99.89336395"
"'115","'LINE","'F = w = mg","'17.63073921"
"'115","'LINE","'Note that as the name implies normal force is always normal (perpendicular) to","'99.97571564"
"'115","'LINE","'the surface. Thus the weight and the normal force are equal only when the object is","'99.98519897"
"'115","'LINE","'placed on a level surface. In most cases objects are placed on non-leveled surfaces","'99.95222473"
"'115","'LINE","'such as on an inclined plane as shown in Figure 4.14. The normal force is less than","'99.96884155"
"'115","'LINE","'the weight by a factor of cos Θ. As Θ is increased the normal force that supports the","'97.25482178"
"'115","'LINE","'object is decreased and it will be zero when Θ is 90⁰. When Θ is 0°, as in Figure 4.14","'94.44491577"
"'115","'LINE","'the inclined plane becomes a level surface and obviously the normal force will be","'99.95891571"
"'115","'LINE","'equal to the weight.","'99.96521759"
"'115","'LINE","'109","'99.84375000"
"'116","'LINE","'Physics","'99.91131592"
"'116","'LINE","'I","'55.27911758"
"'116","'LINE","'Student Text Book","'99.83106232"
"'116","'LINE","'F","'97.44260406"
"'116","'LINE","'N","'99.61834717"
"'116","'LINE","'W sin Θ","'95.13127136"
"'116","'LINE","'Θ","'83.28523254"
"'116","'LINE","'W cos Θ","'94.25840759"
"'116","'LINE","'Θ","'84.72596741"
"'116","'LINE","'W","'99.84215546"
"'116","'LINE","'Figure 4.14 A block on an inclined plane","'97.74199677"
"'116","'LINE","'Fₙ = W cos Θ = mg cos Θ","'89.87769318"
"'116","'LINE","'Key terms","'99.86208344"
"'116","'LINE","'Weight: The gravitational pull on an object","'99.96478271"
"'116","'LINE","'Normal forces: A force with which to objects push one another and acting","'98.97985840"
"'116","'LINE","'perpendicularly at the surface of contact","'99.95715332"
"'116","'LINE","'?","'96.95312500"
"'116","'LINE","'Activity 4.6","'99.92187500"
"'116","'LINE","'Place your book on a horizontal surface, Figure 4.15a. What is the normal force on","'99.65425873"
"'116","'LINE","'the block? Now raise one side of the surface slowly as in Figure 4.15b and answer","'99.93754578"
"'116","'LINE","'the following questions based on your observation.","'99.99011993"
"'116","'LINE","'a) What is the force that tends to slide the block down the surface?","'99.96234894"
"'116","'LINE","'c) What is the force that keeps the block on the inclined surface?","'99.83461761"
"'116","'LINE","'d) Did the block slide down the plane the moment you started to raise the","'99.99870300"
"'116","'LINE","'surface? If your answer is no, what kept the block from sliding at that","'99.96739960"
"'116","'LINE","'instant?","'99.83079529"
"'116","'LINE","'e) For what angle of elevation did the block start sliding?","'99.96021271"
"'116","'LINE","'(a)","'99.52567291"
"'116","'LINE","'(b)","'99.85192108"
"'116","'LINE","'Figure 4.15 A block on a horizontal surface and inclined surface","'98.56383514"
"'116","'LINE","'110","'99.68750000"
"'117","'LINE","'Grade 11","'99.86696625"
"'117","'LINE","'Example 4.2","'99.86328125"
"'117","'LINE","'If in figure 4.15b, the mass of the block is 6 kg resting on top of a 37° inclined","'98.25450134"
"'117","'LINE","'plane, determine the weight and the normal force.","'99.99257660"
"'117","'LINE","'Solution:","'99.91051483"
"'117","'LINE","'The weight of the block is: W = mg = (6 kg) (9.8 m/s²) = 58.8 N.","'97.34152985"
"'117","'LINE","'The normal force is: FN = mgcosΘ = (6 kg) (9.8 m/s²) cos37° = 47 N","'96.24409485"
"'117","'LINE","'Review Questions 4.1","'99.86979675"
"'117","'LINE","'1. What are contact forces and field forces? Give examples of each.","'99.97219849"
"'117","'LINE","'2. List down the four fundamental forces in nature and arrange them in the order","'99.98752594"
"'117","'LINE","'of increasing strength.","'99.95362854"
"'117","'LINE","'3. State the three Newton's laws of motion.","'99.85946655"
"'117","'LINE","'4. How are inertia and mass related?","'99.97338104"
"'117","'LINE","'FGB","'98.14990997"
"'117","'LINE","'FBG","'76.58083344"
"'117","'LINE","'5. Discuss the advantages of wearing seat belt in a car?","'99.81577301"
"'117","'LINE","'6. What is the advantage of having airbag in a car?","'99.80749512"
"'117","'LINE","'7. Discuss the dependence of acceleration of a body with its mass and net force","'99.84413147"
"'117","'LINE","'applied on it.","'99.96093750"
"'117","'LINE","'8. What is the relationship between weight and mass? Which is an intrinsic,","'99.97114563"
"'117","'LINE","'unchanging property of a body?","'99.62775421"
"'117","'LINE","'9. Identify the action and reaction forces in the following situations: (a) Earth","'99.95975494"
"'117","'LINE","'attracts the Moon, (b) a boy kicks a football, (c) a rocket accelerates upward,","'99.01551819"
"'117","'LINE","'(d) a car accelerates forward, (e) a high jumper leaps, and (f) a bullet is shot","'99.59143066"
"'117","'LINE","'from a gun.","'99.34378052"
"'117","'LINE","'10. A block of mass m is placed on a horizontal surface as shown in Figure 4.16.","'99.24372864"
"'117","'LINE","'What is the normal force in each of the following cases?","'99.99289703"
"'117","'LINE","'m","'97.65764618"
"'117","'LINE","'m","'96.96847534"
"'117","'LINE","'m","'98.11563110"
"'117","'LINE","'Fig 4.16","'99.50683594"
"'117","'LINE","'11. (a) If gold were sold by weight, would you rather buy it in Addis Ababa or in","'99.96618652"
"'117","'LINE","'Alaska?","'99.91051483"
"'117","'LINE","'(b) If it were sold by mass, in which of the two locations would you prefer to","'99.97276306"
"'117","'LINE","'buy it? Why?","'99.81990051"
"'117","'LINE","'111","'99.01944733"
"'118","'LINE","'Physics","'99.91131592"
"'118","'LINE","'Student Text Book","'99.85763550"
"'118","'LINE","'4.2 Frictional Force","'99.97721100"
"'118","'LINE","'At the end of completion of this section you should be able to:","'99.97796631"
"'118","'LINE","'describe the general characteristics of friction","'99.76137543"
"'118","'LINE","'list the various types of friction","'99.89437103"
"'118","'LINE","'calculate the magnitude of static and kinetic friction, and use these in","'99.97938538"
"'118","'LINE","'problems involving Newton's laws of motion","'99.96027374"
"'118","'LINE","'solve more complex acceleration problems involving Newton's laws of","'99.96582794"
"'118","'LINE","'motion.","'100.00000000"
"'118","'LINE","'use free-body diagrams to solve problems on Newton's Laws of motion.","'99.96508026"
"'118","'LINE","'?","'99.59881592"
"'118","'LINE","'Brainstorming","'99.96014404"
"'118","'LINE","'What is the role of friction in our daily life?","'99.98722839"
"'118","'LINE","'Can you get rid of friction?","'99.97708130"
"'118","'LINE","'Mention pros and cons of frictional force?","'99.98884583"
"'118","'LINE","'Friction is a type of force that We experience in our everyday activity. Friction,","'99.92968750"
"'118","'LINE","'in simple terms is a force that opposes motion. It occurs when two surfaces are in","'99.94050598"
"'118","'LINE","'contact with each other and when one surface slides or attempts to slide over the","'99.99218750"
"'118","'LINE","'other. Friction occurs due to the roughness of the surfaces in contact. Even if the","'99.99143219"
"'118","'LINE","'surface seem very smooth, it is not so at micro or nano scale, Figure 4.17.","'99.76440430"
"'118","'LINE","'Direction of motion","'99.87417603"
"'118","'LINE","'or attempted motion","'98.97122192"
"'118","'LINE","'F","'83.19873810"
"'118","'LINE","'Magnified view of","'99.73181152"
"'118","'LINE","'Contacting surfaces","'99.14830017"
"'118","'LINE","'F ᵉ","'10.07503605"
"'118","'LINE","'Figure 4.17 Magnified view of surfaces in contact","'99.87641144"
"'118","'LINE","'Friction helps us to move while we walk by preventing us from slipping. Without","'99.96768188"
"'118","'LINE","'friction between the tires and the road we couldn't drive or turn the car. Without the","'99.97838593"
"'118","'LINE","'frictional force exerted by the air on a body moving through it (air drag), parachutes","'99.92954254"
"'118","'LINE","'do not work. Without friction nails would pull out, light bulbs would unscrew","'99.99085999"
"'118","'LINE","'effortlessly. See Figure 4.18.","'99.89421844"
"'118","'LINE","'112","'99.87304688"
"'119","'LINE","'Grade 11","'99.82262421"
"'119","'LINE","'Direction of mtion","'98.26975250"
"'119","'LINE","'of the person","'99.94386292"
"'119","'LINE","'The foot exerts force","'99.73867035"
"'119","'LINE","'The ground applies a","'99.74190521"
"'119","'LINE","'backward against the","'99.76761627"
"'119","'LINE","'static frictional force","'99.36928558"
"'119","'LINE","'ground","'99.88042450"
"'119","'LINE","'forward against the foot","'99.76631927"
"'119","'LINE","'Air resistance","'99.69816589"
"'119","'LINE","'(Drag force)","'99.07366180"
"'119","'LINE","'Direction of motion","'99.98020172"
"'119","'LINE","'of the car","'99.72882080"
"'119","'LINE","'Rotation of","'99.91091156"
"'119","'LINE","'the wheel","'99.91091156"
"'119","'LINE","'Frictional force betweer","'97.84783936"
"'119","'LINE","'tire and the ground","'99.91051483"
"'119","'LINE","'Gravitational force","'99.80718231"
"'119","'LINE","'(Weight)","'99.53224945"
"'119","'LINE","'Figure 4.18 Friction force in action (a) Friction on the foot of a walking person","'99.79641724"
"'119","'LINE","'(b) Friction on the wheel of a moving car (c) Drag force on a parachute","'99.16938019"
"'119","'LINE","'There are two types of friction:Static friction and Kinetic friction. Static friction is","'99.55810547"
"'119","'LINE","'the friction between two surfaces when there is no movement. Suppose you pull a","'99.92416382"
"'119","'LINE","'block slightly along a table top, Figure 4.19a. The block will not move with such a","'99.84465790"
"'119","'LINE","'small force that you apply. What do you think is the reason for this? The force that","'99.98717499"
"'119","'LINE","'keeps the block form sliding is the force of static friction denoted by (F) and is","'99.17309570"
"'119","'LINE","'directed opposite to the applied force.","'99.99172974"
"'119","'LINE","'Motion","'99.96014404"
"'119","'LINE","'Applied force","'99.92595673"
"'119","'LINE","'Applied force","'99.93572998"
"'119","'LINE","'Fs","'35.99349976"
"'119","'LINE","'Fₖ","'41.98102570"
"'119","'LINE","'Static frictional force","'99.95416260"
"'119","'LINE","'Kinetic frictional force","'99.95063782"
"'119","'LINE","'(a) The block at rest","'99.80149841"
"'119","'LINE","'(b) The block in motion","'99.91310883"
"'119","'LINE","'Figure 4.19 Static friction and kinetic friction","'99.85980988"
"'119","'LINE","'Kinetic friction: Kinetic friction is the friction between two surfaces when one of","'99.97934723"
"'119","'LINE","'them is sliding over the other. For example, when the block that you push begins","'99.98480988"
"'119","'LINE","'to slide over the table, Figure 4.19b, there is force of kinetic friction denoted by (Ft)","'99.33820343"
"'119","'LINE","'between the bottom surface of the block and the table top.","'99.99822235"
"'119","'LINE","'113","'99.95117188"
"'120","'LINE","'Physics","'99.87224579"
"'120","'LINE","'I Student Text Book","'88.84075165"
"'120","'LINE","'Key terms","'99.78356171"
"'120","'LINE","'Friction: a force that opposes the motion of one surface over another.","'99.64443207"
"'120","'LINE","'Static friction: Friction between two contacting surfaces at rest.","'99.98146057"
"'120","'LINE","'Kinetic friction: Friction between two surfaces while one slides over the other.","'99.96955872"
"'120","'LINE","'Frictional force is directly related to the normal force and its value depends upon","'99.98872375"
"'120","'LINE","'the property of the surfaces in contact. This property of material that resists motion","'99.98727417"
"'120","'LINE","'is called the coefficient of friction (µ), which is defined as the ratio between the","'99.53948975"
"'120","'LINE","'friction force and the normal force. Mathematically,","'99.91748810"
"'120","'LINE","'Frictional force","'98.65154266"
"'120","'LINE","'Coefficient of friction = Normal force","'96.00616455"
"'120","'LINE","'or symbolically","'99.42382813"
"'120","'LINE","'Coefficient of friction is a dimensionless number.","'99.66902161"
"'120","'LINE","'We write Fₛ = µₛ, for static frictional force, where µₛ is coefficient of static friction.","'93.24884796"
"'120","'LINE","'Fₖ = µₖFₙ, for kinetic frictional force, where Uₖ is coefficient of kinetic friction.","'93.14418793"
"'120","'LINE","'The maximum value of static friction","'99.97070313"
"'120","'LINE","'The maximum value of static friction is known as limiting friction and it is the","'99.98366547"
"'120","'LINE","'frictional force between the surfaces when the body just begins to slide. Static friction","'99.98035431"
"'120","'LINE","'is less than or equal to the product of coefficient of static friction (µs) and the normal","'98.79946136"
"'120","'LINE","'force (Fₙ).","'76.66533661"
"'120","'LINE","'The maximum value being Fs = µsFN","'98.05963135"
"'120","'LINE","'Once the static friction gives way to kinetic friction, i.e., the block is in motion, it","'99.96598053"
"'120","'LINE","'is easier to keep it in motion than it was to get it started, indicating that the kinetic","'99.96994019"
"'120","'LINE","'frictional force is less than the static frictional force.","'99.98680115"
"'120","'LINE","'Kinetic friction is less than static friction.","'99.98023987"
"'120","'LINE","'Fₖ < Fs <","'49.68732452"
"'120","'LINE","'and H<Mk <","'69.19812012"
"'120","'LINE","'Note that","'99.95117188"
"'120","'LINE","'Unlike the kinetic friction force, the static friction force takes on any value between","'99.99227142"
"'120","'LINE","'zero and its maximum value of µₛFₙ, depending on the magnitude of the applied","'95.18571472"
"'120","'LINE","'force. It could take any value between zero to its limiting value.","'99.97281647"
"'120","'LINE","'114","'99.13982391"
"'121","'LINE","'Grade 11","'99.90114594"
"'121","'LINE","'Group work","'99.97070313"
"'121","'LINE","'Consider a block of wood placed at rest on a horizontal laboratory table and that","'99.89142609"
"'121","'LINE","'a horizontal force is applied on the block to get it moving along the surface. The","'99.94676208"
"'121","'LINE","'applied force versus frictional force is plotted as in Figure 4.20. Discuss the graph","'99.97739410"
"'121","'LINE","'with your classmates.","'99.96014404"
"'121","'LINE","'FN","'87.22098541"
"'121","'LINE","'FN","'93.32927704"
"'121","'LINE","'motion","'99.37101746"
"'121","'LINE","'F","'89.99422455"
"'121","'LINE","'F","'92.05576324"
"'121","'LINE","'F,","'34.43668365"
"'121","'LINE","'F,","'61.93120575"
"'121","'LINE","'mg","'92.50179291"
"'121","'LINE","'mg","'92.97134399"
"'121","'LINE","'Frictional force","'99.49687195"
"'121","'LINE","'F. max = Hs. FN","'73.30259705"
"'121","'LINE","'THE","'13.54920673"
"'121","'LINE","'Fx = P& FN","'63.22061539"
"'121","'LINE","'o","'34.74011230"
"'121","'LINE","'Applied force","'99.66159058"
"'121","'LINE","'Static region","'99.57250214"
"'121","'LINE","'Kinetic region","'99.41794586"
"'121","'LINE","'Figure 4.20 Plotting frictional force versus applied force","'99.96562195"
"'121","'LINE","'?","'95.42968750"
"'121","'LINE","'Activity 4.7","'99.82341766"
"'121","'LINE","'Relating static friction and normal force","'99.98684692"
"'121","'LINE","'Materials: Four identical blocks of known mass","'99.99151611"
"'121","'LINE","'A horizontal board","'95.84156799"
"'121","'LINE","'A spring scale","'97.89095306"
"'121","'LINE","'A graph paper","'95.43972015"
"'121","'LINE","'Procedure","'99.96014404"
"'121","'LINE","'1. Place one of the blocks on the board.","'99.97929382"
"'121","'LINE","'2. Attach the spring scale to the block, Figure 4.21a. Pull the block with an ever-","'99.63527679"
"'121","'LINE","'increasing horizontal force until the block just begins to move. Take the reading","'99.98479462"
"'121","'LINE","'of the scale.","'99.99674225"
"'121","'LINE","'115","'99.95117188"
"'122","'LINE","'Physics I Student Text Book","'91.04390717"
"'122","'LINE","'3. Increase the mass of the system by placing an identical block over the first","'99.98301697"
"'122","'LINE","'block, Figure 4.21b. Repeat step 2 and take the reading of the scale.","'99.88390350"
"'122","'LINE","'(a)","'98.68124390"
"'122","'LINE","'(b)","'99.64524841"
"'122","'LINE","'Figure 4.21","'99.53125000"
"'122","'LINE","'4. Repeat step 3 two more times first with three blocks and then with four blocks.","'99.93130493"
"'122","'LINE","'5. Prepare a table and fill in the scale readings and the corresponding masses","'99.84606934"
"'122","'LINE","'used.","'100.00000000"
"'122","'LINE","'6. On a graph paper draw a graph of the reading of the scale versus the weight.","'99.71675873"
"'122","'LINE","'Draw a line of best fit and calculate the slope of the graph.","'99.79725647"
"'122","'LINE","'Question: What is the relationship between the maximum magnitude of the force","'99.98759460"
"'122","'LINE","'of static friction and the magnitude of the normal force? Write this as a","'99.85659027"
"'122","'LINE","'proportionality statement.","'99.95525360"
"'122","'LINE","'Example 4.3","'99.87304688"
"'122","'LINE","'An 8 kg block is placed on a horizontal surface. The coefficient of static friction","'99.88702393"
"'122","'LINE","'and that of kinetic friction between the block and surface are 0.4, and 0.35,","'99.98529816"
"'122","'LINE","'respectively.","'99.91051483"
"'122","'LINE","'A) What is the horizontal force just enough to start moving the block?","'99.91896057"
"'122","'LINE","'B) What horizontal force must be applied on the block to keep it","'99.88079071"
"'122","'LINE","'uniformly accelerating at 4 m/s2?","'99.61865997"
"'122","'LINE","'Solution","'99.96014404"
"'122","'LINE","'Given: m = 8 kg, µₛ = 0.4, µₖ = 0.3","'89.61402130"
"'122","'LINE","'A) The block is in a limiting equilibrium, so that the friction force will be","'99.35115814"
"'122","'LINE","'Fₛ = µₛFₙ, but FN = mg (since the block is on a level surface the","'92.77976227"
"'122","'LINE","'normal force is equal to the weight).","'99.96780396"
"'122","'LINE","'Therefore, Fs = µₘg = (0.4) (8 kg) (9.8 m/s²) = 31.4 N","'84.42382813"
"'122","'LINE","'B) As the block accelerates the net force that accelerates the block is the","'99.90557098"
"'122","'LINE","'vector sum of the applied force and the kinetic frictional force.","'99.98654175"
"'122","'LINE","'That is Fₙₑₜ = F app - Fₖ Fₙₑₜ = ma = (8kg)(4m/s²) = 32N, and Fₖ =","'87.90197754"
"'122","'LINE","'µₖᵐg = (0.3) (8 kg) (9.8 m/s²) = 23.5 N","'84.37394714"
"'122","'LINE","'thus, F app = F + = 32 N + 23.5 N = 55.5 N","'93.93524170"
"'122","'LINE","'116","'99.59960938"
"'123","'LINE","'Grade 11","'99.89138031"
"'123","'LINE","'Table 4.1 Coefficient of static and kinetic friction of some materials","'99.91065979"
"'123","'LINE","'Material","'99.96014404"
"'123","'LINE","'Against Material","'99.97070313"
"'123","'LINE","'Static friction","'99.98046875"
"'123","'LINE","'Kinetic friction","'99.98046875"
"'123","'LINE","'Glass","'100.00000000"
"'123","'LINE","'Glass","'100.00000000"
"'123","'LINE","'0.94","'99.99023438"
"'123","'LINE","'0.4","'99.96014404"
"'123","'LINE","'Rubber","'100.00000000"
"'123","'LINE","'Asphalt (dry)","'99.93164063"
"'123","'LINE","'0.85","'99.95037079"
"'123","'LINE","'0.67","'99.99023438"
"'123","'LINE","'Rubber","'100.00000000"
"'123","'LINE","'Asphalt (wet)","'99.92147827"
"'123","'LINE","'0.58","'100.00000000"
"'123","'LINE","'Rubber","'100.00000000"
"'123","'LINE","'Concrete(dry)","'98.31552887"
"'123","'LINE","'0.90","'100.00000000"
"'123","'LINE","'0.68","'100.00000000"
"'123","'LINE","'Wood","'100.00000000"
"'123","'LINE","'Wood","'99.99023438"
"'123","'LINE","'0.42","'99.96014404"
"'123","'LINE","'0.3","'97.64827728"
"'123","'LINE","'Steel","'100.00000000"
"'123","'LINE","'Aluminum","'100.00000000"
"'123","'LINE","'0.61","'99.69168091"
"'123","'LINE","'0.47","'99.95037079"
"'123","'LINE","'Steel","'99.99023438"
"'123","'LINE","'Copper","'99.84056091"
"'123","'LINE","'0.53","'99.95037079"
"'123","'LINE","'0.36","'99.99023438"
"'123","'LINE","'Steel","'99.99023438"
"'123","'LINE","'Steel","'100.00000000"
"'123","'LINE","'0.74","'99.96014404"
"'123","'LINE","'0.57","'99.99023438"
"'123","'LINE","'?","'97.50000000"
"'123","'LINE","'Activity 4.8","'99.95117188"
"'123","'LINE","'Group work","'100.00000000"
"'123","'LINE","'Set up an experiment to verify that of smoothness or roughness of a surface affects","'99.86007690"
"'123","'LINE","'the frictional fore between objects in contact?","'99.99011993"
"'123","'LINE","'?","'98.31054688"
"'123","'LINE","'Activity 4.9","'99.90194702"
"'123","'LINE","'In order to minimize accidents, it is advisable to drive slower during rainy season","'99.97529602"
"'123","'LINE","'than during dry season. What application of physics can you relate to this traffic","'99.99442291"
"'123","'LINE","'advice?","'100.00000000"
"'123","'LINE","'?","'97.50000000"
"'123","'LINE","'Activity 4.10","'99.54589844"
"'123","'LINE","'Interleave your books to each other","'99.98508453"
"'123","'LINE","'until they reach to approximately","'100.00000000"
"'123","'LINE","'3cm in thickness as shown in Figure","'99.96756744"
"'123","'LINE","'4.22. Try to separate the books after","'99.99151611"
"'123","'LINE","'interleaving by pulling them apart.","'99.99202728"
"'123","'LINE","'MANING","'60.77865982"
"'123","'LINE","'Why do you think it is very hard to","'99.97920227"
"'123","'LINE","'separate the books by pulling?","'99.98405457"
"'123","'LINE","'Figure 4.22 Interleaving the pages of two","'99.95233917"
"'123","'LINE","'books","'100.00000000"
"'123","'LINE","'117","'99.88201141"
"'124","'LINE","'Physics I Student Text Book","'91.57032776"
"'124","'LINE","'Did you know?","'99.94466400"
"'124","'LINE","'Natural lubricants include saliva produced in our mouth to aid in the swallowing process,","'99.98372650"
"'124","'LINE","'and the slippery mucus found between organs in the body, allowing them to move freely","'99.98887634"
"'124","'LINE","'past each other during heartbeats, during breathing, and when a person moves.","'99.71216583"
"'124","'LINE","'Example 4.4","'99.78515625"
"'124","'LINE","'A 6 kg block is placed on a ramp that makes an angle of 30° above the horizontal,","'98.98309326"
"'124","'LINE","'Figure 4.23a. If the block remains at rest,","'99.59457397"
"'124","'LINE","'A) what is the static friction that supports the block from sliding down the","'99.92324066"
"'124","'LINE","'ramp?","'99.83318329"
"'124","'LINE","'B) what is the coefficient of static friction between the block and the ramp?","'99.92759705"
"'124","'LINE","'Fs","'38.14831543"
"'124","'LINE","'mg sin Θ","'84.45831299"
"'124","'LINE","'30°","'88.87376404"
"'124","'LINE","'30°","'88.58837128"
"'124","'LINE","'(a)","'99.07505798"
"'124","'LINE","'(b)","'99.68192291"
"'124","'LINE","'Figure 4.23 A block on a ramp","'98.46605682"
"'124","'LINE","'As shown in Figure 4.23b, the force that tends to move the block down the ramp","'99.98834991"
"'124","'LINE","'is mg sinΘ and the one that prevented sliding is static friction Fₛ. The normal force","'95.98489380"
"'124","'LINE","'between the ramp and the block is FN = mg cosΘ.","'94.32122803"
"'124","'LINE","'A) Under the condition where the block is at rest we write,","'99.79364014"
"'124","'LINE","'Fₙₑₜ = 0 mg sinΘ-Fₛ = 0","'26.73160362"
"'124","'LINE","'Fₛ S = mg sinΘ = (6 kg) 30°) = 29.4 N","'86.23581696"
"'124","'LINE","'mg (6kg)(9.8m/s²)(cos30°) 29.4N = 0.58","'79.07503510"
"'124","'LINE","'See that mg sin Θ - Fs = 0, we have mg sin Θ - µₛmg Θ = 0","'83.52703094"
"'124","'LINE","'118","'99.03320313"
"'125","'LINE","'Grade 11","'99.89665985"
"'125","'LINE","'Example 4.5","'99.82421875"
"'125","'LINE","'A 6 kg block is placed on a ramp that makes an angle of 30° above the horizontal,","'99.05160522"
"'125","'LINE","'Figure 4.23a. If the block remains at rest,","'99.66056824"
"'125","'LINE","'A) what is the static friction that supports the block from sliding down","'99.93798828"
"'125","'LINE","'the ramp?","'99.93124390"
"'125","'LINE","'B) what is the coefficient of static friction between the block and the","'99.90732574"
"'125","'LINE","'ramp?","'99.89178467"
"'125","'LINE","'Some applications of Newton's Laws of motion","'99.95327759"
"'125","'LINE","'A free-body diagram","'91.51879120"
"'125","'LINE","'In order to easily understand and apply Newton's laws to solve practical problems","'99.91039276"
"'125","'LINE","'we need to know the use of a free-body diagram. A free-body diagram is a graphic,","'98.91709900"
"'125","'LINE","'dematerialized, symbolic representation of the body. In a free-body diagram, the","'99.83670044"
"'125","'LINE","'size of the arrow denotes the magnitude of the force. While the direction of the","'99.99012756"
"'125","'LINE","'arrow denotes the direction in which the force acts, Figure 4.24. For the block","'99.98587799"
"'125","'LINE","'of example 4.4, what acceleration would the block attain once it is set in motion","'99.97775269"
"'125","'LINE","'down the plane? (Take µₖ = 0.5)","'93.95466614"
"'125","'LINE","'FN","'94.60041046"
"'125","'LINE","'FN","'93.20133209"
"'125","'LINE","'y","'82.84597778"
"'125","'LINE","'Fy","'90.39062500"
"'125","'LINE","'F","'91.15732574"
"'125","'LINE","'F","'91.99797058"
"'125","'LINE","'X","'75.42171478"
"'125","'LINE","'Θ","'54.94180298"
"'125","'LINE","'Θ","'51.75641632"
"'125","'LINE","'Fx","'97.31644440"
"'125","'LINE","'Θ","'60.73342133"
"'125","'LINE","'W","'86.93737793"
"'125","'LINE","'W","'88.25903320"
"'125","'LINE","'(a)","'99.56393433"
"'125","'LINE","'(b)","'99.85271454"
"'125","'LINE","'Figure 4.24 (a) A moving sled (b) free-body diagram (c) free-body diagram with force","'97.27657318"
"'125","'LINE","'components","'99.99023438"
"'125","'LINE","'Solution:","'99.87145233"
"'125","'LINE","'When the block accelerates down the plane, we write","'99.98571777"
"'125","'LINE","'F net = ma","'92.95105743"
"'125","'LINE","'mg sin Θ - Fₖ = ma","'86.48955536"
"'125","'LINE","'mg (sin Θ - µₖ cos = ma","'84.44899750"
"'125","'LINE","'To draw a free-body diagram, we draw the object of interest, draw all forces acting","'99.84314728"
"'125","'LINE","'on the object, and resolve all force vectors into X and y components as required. We","'97.77973938"
"'125","'LINE","'119","'99.83398438"
"'126","'LINE","'Physics I Student Text Book","'91.38454437"
"'126","'LINE","'must draw a separate free-body diagram for each object in the problem. There are","'99.94926453"
"'126","'LINE","'many advantages of drawing free-body diagram. It is a medium to convert ideas into","'99.92467499"
"'126","'LINE","'a physical model. It also helps in understanding all facts of a problem. It assists in","'99.93756104"
"'126","'LINE","'building up suitable mathematical equations between various forces acting upon","'99.98706818"
"'126","'LINE","'link.","'99.96014404"
"'126","'LINE","'Key term","'99.82262421"
"'126","'LINE","'Free-Body Diagram: The most important step in solving a problem by means of","'99.81313324"
"'126","'LINE","'Newton's second law. It is a drawing that includes only those forces that act","'99.65629578"
"'126","'LINE","'directly on the object of interest","'99.95890808"
"'126","'LINE","'Example 4.6","'99.82421875"
"'126","'LINE","'Two blocks of identical materials are connected by a light string on a level surface","'99.82970428"
"'126","'LINE","'(Figure 4.25). Assuming no friction between the blocks and the level surface, find","'99.93859863"
"'126","'LINE","'the acceleration of the masses and the tension in the connecting string when the","'99.98802185"
"'126","'LINE","'string attached to m₁ is pulled to the right by a 36 N force. Use m1 = 4 kg and m2 =","'94.61547089"
"'126","'LINE","'8 kg.","'99.26269531"
"'126","'LINE","'m₂","'47.49820709"
"'126","'LINE","'m1","'77.09243011"
"'126","'LINE","'a","'90.44602966"
"'126","'LINE","'a","'95.58194733"
"'126","'LINE","'F","'99.57769012"
"'126","'LINE","'T","'96.66872406"
"'126","'LINE","'(a)","'98.81955719"
"'126","'LINE","'m₁","'68.22444916"
"'126","'LINE","'m₂","'90.51578522"
"'126","'LINE","'(b)","'99.63229370"
"'126","'LINE","'Figure 4.25","'99.40429688"
"'126","'LINE","'Solution:","'99.89098358"
"'126","'LINE","'Given: m₁ = 4 kg, m2 = 8 kg, F = 36 N","'91.08506775"
"'126","'LINE","'The blocks move together to the right under the action of force F. Writing Newton's","'99.87747192"
"'126","'LINE","'second law for each block we have","'99.98314667"
"'126","'LINE","'For m₁, F - T = m₁a","'86.27515411"
"'126","'LINE","'For m₂, T = m₂a","'81.56552887"
"'126","'LINE","'Adding the above equations we get","'99.82734680"
"'126","'LINE","'F=m,a+m,a=(m,+m,)a","'31.19200516"
"'126","'LINE","'F","'94.46289063"
"'126","'LINE","'a =","'94.36094666"
"'126","'LINE","'m₁ + m₂","'76.91077423"
"'126","'LINE","'Substituting the given values we obtain a = 3 m/s².","'98.54154968"
"'126","'LINE","'Using a 3 m/s² in T = m2a we get T = 24 N","'94.28942871"
"'126","'LINE","'120","'99.91210938"
"'127","'LINE","'Grade 11","'99.89665985"
"'127","'LINE","'Example 4.7","'99.65332031"
"'127","'LINE","'For the system of masses in Example 4.6, find the acceleration of the masses if the","'99.98042297"
"'127","'LINE","'coefficient of kinetic friction between each of the blocks and the level surface is","'99.99505615"
"'127","'LINE","'0.25.","'99.91051483"
"'127","'LINE","'Solution","'99.96014404"
"'127","'LINE","'given: m₁ = 4 kg, m2 = 8 kg, F = 36 N, µₖ = 0.25","'86.17642212"
"'127","'LINE","'This time the free-body diagram will include frictional forces on the blocks as in","'99.96646118"
"'127","'LINE","'Figure 4.26.","'99.70134735"
"'127","'LINE","'a","'98.85582733"
"'127","'LINE","'a","'98.23979950"
"'127","'LINE","'a","'93.20890045"
"'127","'LINE","'a","'95.80735779"
"'127","'LINE","'T","'98.38628387"
"'127","'LINE","'F","'99.26677704"
"'127","'LINE","'T","'98.62882233"
"'127","'LINE","'T","'93.07776642"
"'127","'LINE","'F","'99.09837341"
"'127","'LINE","'T","'95.95763397"
"'127","'LINE","'my","'45.80994797"
"'127","'LINE","'m₂","'51.62926483"
"'127","'LINE","'Ff1","'77.52690125"
"'127","'LINE","'Ff2","'63.14652634"
"'127","'LINE","'m₁","'69.80648041"
"'127","'LINE","'F12","'96.45229340"
"'127","'LINE","'m₂","'90.22700500"
"'127","'LINE","'F11","'87.74175262"
"'127","'LINE","'Figure 4.26 Free-body diagram","'99.57275391"
"'127","'LINE","'Writing Newton's second law of motion for each of the blocks as:","'99.94799805"
"'127","'LINE","'Adding these two equations, we get","'99.64341736"
"'127","'LINE","'Substituting values, we obtain","'99.27410126"
"'127","'LINE","'m₁ +m₂","'44.13524246"
"'127","'LINE","'Example 4.8","'99.39941406"
"'127","'LINE","'Two masses (m₁ = 4kg and m2 = 6kg), are connected by a light cord that passes over","'96.43312073"
"'127","'LINE","'a massless, frictionless pulley as shown in Figure 4.27a. This arrangement is called","'99.62955475"
"'127","'LINE","'Atwood's machine and sometimes is used to measure the acceleration due to gravity.","'99.78092194"
"'127","'LINE","'Find the magnitude of acceleration of the two masses and the tension in the cord.","'99.98410797"
"'127","'LINE","'Solution:","'99.89098358"
"'127","'LINE","'We construct a free-body diagram for the two masses as shown in Figure 4.27b,","'99.85211182"
"'127","'LINE","'and we identify the forces acting on each of the masses separately. m₁ is under the","'97.35097504"
"'127","'LINE","'action of the tension force on the string and its own weight while m₂ is under the","'97.62506104"
"'127","'LINE","'action of the tension force and its weight.","'99.97386932"
"'127","'LINE","'121","'99.81365967"
"'128","'LINE","'Physics I Student Text Book","'92.28678894"
"'128","'LINE","'When the system is released, m₁ moves upward while m2 moves downward.","'94.24147034"
"'128","'LINE","'Newton's second law is applied to m₁ in part (b) of the figure, we find:","'97.29347229"
"'128","'LINE","'Fₙₑₜ = m₁a","'41.39349365"
"'128","'LINE","'T - m₁g = m₁a","'38.55209732"
"'128","'LINE","'Also, we do the same for m2 of part (c) of the figure, to get:","'98.57092285"
"'128","'LINE","'Fₙₑₜ = m₂a","'36.73708344"
"'128","'LINE","'m₂g - T = m₁a","'35.44403458"
"'128","'LINE","'T","'97.08924103"
"'128","'LINE","'T","'87.38610077"
"'128","'LINE","'a","'98.39445496"
"'128","'LINE","'m₁","'76.63484955"
"'128","'LINE","'m₂","'94.53025818"
"'128","'LINE","'a","'98.39285278"
"'128","'LINE","'m₁","'69.62193298"
"'128","'LINE","'4 kg","'92.20145416"
"'128","'LINE","'6 kg","'93.27895355"
"'128","'LINE","'m₂","'91.60973358"
"'128","'LINE","'mig","'78.14540863"
"'128","'LINE","'m₂g","'84.83737183"
"'128","'LINE","'(a)","'98.86180878"
"'128","'LINE","'(b)","'97.88803101"
"'128","'LINE","'Figure 4.27: a) System of masses m₂ > m₁ attached by a rope over a friction-","'94.21380615"
"'128","'LINE","'less pulley, b)free-body diagram and direction of acceleration for m1","'95.53001404"
"'128","'LINE","'c) free body diagram and the direction of the acceleration for m₂","'96.39610291"
"'128","'LINE","'In the above two equations we have two unknowns the acceleration and the tension.","'99.98512268"
"'128","'LINE","'Adding the equations T = m₁a and T = m₂a, T will be cancelled out and","'94.74661255"
"'128","'LINE","'we get:","'99.75585938"
"'128","'LINE","'m₂g -m₁g = m₂a+ma","'22.12551880"
"'128","'LINE","'g(m₂-m₁)=(m₁+m₂)a","'22.02666473"
"'128","'LINE","'The acceleration is therefore,","'99.92047882"
"'128","'LINE","'m₁","'76.57973480"
"'128","'LINE","'m₂ and m₁ in the equation we get","'96.75804138"
"'128","'LINE","'Substituting this value of acceleration into one of the equations T m₁g = we","'95.67090607"
"'128","'LINE","'get","'99.89257813"
"'128","'LINE","'122","'99.87304688"
"'129","'LINE","'Grade 11","'99.92147827"
"'129","'LINE","'Tension Forces","'99.95525360"
"'129","'LINE","'When an object attached to a string (or a cable) is pulled by means of a pulling force","'99.91827393"
"'129","'LINE","'exerted on the string, the force on the string is called a tension force. The tension","'99.96038818"
"'129","'LINE","'force acts along the direction of the string and exerts a force both on the object and","'99.97271729"
"'129","'LINE","'on the person exerting force on the cable, as illustrated in Figure 4.28. If the mass of","'99.97458649"
"'129","'LINE","'the given cable is neglected, the same tension acts on both the object and the person","'99.98641968"
"'129","'LINE","'T","'83.97291565"
"'129","'LINE","'Figure 4.28 A man pulling a block","'98.90368652"
"'129","'LINE","'Vertical Tension force on a static object","'99.18048096"
"'129","'LINE","'The mass in Figure 4.29 is suspended from a vertical string. As the mass is not moving","'99.95472717"
"'129","'LINE","'it is in equilibrium and its acceleration is zero. Applying Newton's second law along","'99.88210297"
"'129","'LINE","'the y direction we write","'99.48880005"
"'129","'LINE","'Fₙₑₜ = ma","'90.36763763"
"'129","'LINE","'TE-","'33.18837738"
"'129","'LINE","'T - mg = ma","'96.19809723"
"'129","'LINE","'m","'93.20153046"
"'129","'LINE","'T-mg=0","'45.01355362"
"'129","'LINE","'Figure 4.29 The tension in the string supports the weight","'99.97558594"
"'129","'LINE","'Vertical tension force on an accelerating mass","'99.96756744"
"'129","'LINE","'The string attached to an object is pulled upward under such tension that it accelerates","'99.96446991"
"'129","'LINE","'the object upward (Figure 4.30). In this case the tension supports the weight and also","'99.96924591"
"'129","'LINE","'accelerates the object upward. Applying Newton's second law along the y axis we","'99.83010101"
"'129","'LINE","'write","'100.00000000"
"'129","'LINE","'123","'99.92187500"
"'130","'LINE","'Physics","'99.87224579"
"'130","'LINE","'I","'56.85397339"
"'130","'LINE","'Student Text Book","'99.82807159"
"'130","'LINE","'T","'43.23361969"
"'130","'LINE","'TE-","'28.32868385"
"'130","'LINE","'a","'81.09883118"
"'130","'LINE","'Fₙₑₜ = ma","'87.85043335"
"'130","'LINE","'a","'73.11981964"
"'130","'LINE","'m","'79.51022339"
"'130","'LINE","'T - mg = ma","'95.32409668"
"'130","'LINE","'T-mg=0","'49.91629410"
"'130","'LINE","'mg","'86.96378326"
"'130","'LINE","'T = m (g + a)","'94.00568390"
"'130","'LINE","'Figure 4.30 An object hangs by a string in an elevator accelerating upward","'99.88290405"
"'130","'LINE","'Exercise 4.2","'99.85839844"
"'130","'LINE","'What would the tension in the string be if the elevator of Figure 4.30","'99.97471619"
"'130","'LINE","'(a) is at rest?","'99.86881256"
"'130","'LINE","'(b) accelerates downward?","'99.95742035"
"'130","'LINE","'(c) accelerates upward?","'93.76342010"
"'130","'LINE","'(d) decelerates downward?","'99.93409729"
"'130","'LINE","'Review Questions 4.2","'99.89257813"
"'130","'LINE","'1. Walking on horizontal slippery ice can be much more tiring than walking on","'99.95378876"
"'130","'LINE","'ordinary pavement. Why?","'99.98345947"
"'130","'LINE","'2. You often hear people say that ""friction always opposes motion."" Give at least","'99.90876007"
"'130","'LINE","'one example where (a) static friction causes motion, and (b) kinetic friction","'99.96549225"
"'130","'LINE","'causes motion","'99.95605469"
"'130","'LINE","'3. If you push on a heavy box that is at rest, you must exert some force to start its","'99.88353729"
"'130","'LINE","'motion. Once the box is sliding, why does a smaller force maintain its motion?","'99.70063782"
"'130","'LINE","'4. A 25 kg block is initially at rest on a horizontal surface. A horizontal force of","'98.55875397"
"'130","'LINE","'75 N is required to set the block in motion. After it is in motion, a horizontal","'99.70162201"
"'130","'LINE","'force of 60 N is required to keep the block moving with constant speed. Find","'99.97048950"
"'130","'LINE","'the coefficients of static and kinetic friction from this information.","'99.96412659"
"'130","'LINE","'5. If a car is traveling westward with a constant speed of 20 m/s, what is the","'99.73258972"
"'130","'LINE","'resultant force acting on it?","'99.94726563"
"'130","'LINE","'6. What will happen to the tension in the string of Figure 4.30, if the cables of the","'99.96898651"
"'130","'LINE","'elevator suddenly break and the elevator falls freely?","'99.98637390"
"'130","'LINE","'7. A person weighs a fish of mass m on a spring scale attached to the ceiling of","'99.17247009"
"'130","'LINE","'an elevator. What can you say about the motion of the elevator if the reading","'99.98421478"
"'130","'LINE","'of the scale is (a) equal to mg? (b) greater that mg? (c) less than mg?","'98.48825073"
"'130","'LINE","'8. A block is placed on a smooth inclined plane shown in Figure 4.31. What","'99.14514160"
"'130","'LINE","'124","'99.85351563"
"'131","'LINE","'Grade 11","'99.86168671"
"'131","'LINE","'force parallel to the surface of the inclined plane is require to move the block","'99.99012756"
"'131","'LINE","'up the plane at (a) a constant speed? (b) a constant acceleration of 0.5 m/s2?","'99.67897034"
"'131","'LINE","'È","'50.59670258"
"'131","'LINE","'8","'68.24557495"
"'131","'LINE","'Figure 4.31 A mass on an inclined surface","'97.57787323"
"'131","'LINE","'9. Repeat question 8 if the coefficient of kinetic friction between the block and","'99.95257568"
"'131","'LINE","'the inclined surface is 0.25.","'99.96452332"
"'131","'LINE","'10. A ball of mass m1 and a block of mass m2 are attached by a lightweight cord","'95.13705444"
"'131","'LINE","'that passes over a frictionless pulley of negligible mass, as in Figure 4.32.","'99.88091278"
"'131","'LINE","'The block lies on a frictionless incline of angle Θ. Find the magnitude of the","'97.50781250"
"'131","'LINE","'acceleration of the two objects in terms of m₁, m2, g and Θ","'92.61392212"
"'131","'LINE","'ta","'69.96352386"
"'131","'LINE","'mg","'69.19344330"
"'131","'LINE","'F","'50.95822906"
"'131","'LINE","'8","'54.94977951"
"'131","'LINE","'Figure 4.32","'99.81445313"
"'131","'LINE","'11. The driver of a speeding empty truck slams on the brakes and skids to a stop","'99.60838318"
"'131","'LINE","'through a distance d. (a) If the truck carried a load that doubled its mass, what","'99.67510986"
"'131","'LINE","'would be the truck's skidding distance? (b) If the initial speed of the truck","'99.97734070"
"'131","'LINE","'were halved, what would be the truck's skidding distance?","'99.96131897"
"'131","'LINE","'125","'99.95117188"
"'132","'LINE","'Physics I Student Text Book","'90.98694611"
"'132","'LINE","'4.3 The First Condition of Equilibrium","'99.94562531"
"'132","'LINE","'At the end of completion of this section you should be able to:","'99.96269989"
"'132","'LINE","'define the term equilibrium","'99.99267578"
"'132","'LINE","'explain the first condition of equilibrium","'99.97193146"
"'132","'LINE","'apply the first condition of equilibrium to solve practical problems.","'99.96925354"
"'132","'LINE","'?","'99.69647217"
"'132","'LINE","'Brainstorming","'99.92028046"
"'132","'LINE","'What will happen to an object when it is under the action of balanced set of forces?","'99.98162079"
"'132","'LINE","'If an object is either at rest or moves uniformly including translational (linear) as","'99.97552490"
"'132","'LINE","'well as rotational motion it is said to be in equilibrium. In this section we shall focus","'99.95693207"
"'132","'LINE","'on one dimensional motion. If a body is at rest or moves at a constant speed in a fixed","'99.84084320"
"'132","'LINE","'direction (constant velocity) then it is in translational equilibrium. This statement","'99.88618469"
"'132","'LINE","'defines the first condition of equilibrium.","'99.91865540"
"'132","'LINE","'If an object is in equilibrium, its acceleration is zero and according to Newton's","'99.90418243"
"'132","'LINE","'second law of motion, the vector sum of all the forces acting on it must be zero.","'99.97281647"
"'132","'LINE","'ΣF=0 (The first condition of equilibrium)","'89.09767914"
"'132","'LINE","'For n number of forces acting on a object, we write","'99.85093689"
"'132","'LINE","'This equation can be written component wise as","'99.97670746"
"'132","'LINE","'and","'86.11328125"
"'132","'LINE","'Key term:","'99.79293060"
"'132","'LINE","'Equilibrium: a word that describes a state of rest or uniform motion along a fixed","'99.34506226"
"'132","'LINE","'direction of a body.","'99.41222382"
"'132","'LINE","'Example 4.9","'99.47753906"
"'132","'LINE","'A traffic light weighing 100 N hangs from a vertical cable tied to two other cables","'99.24189758"
"'132","'LINE","'that are fastened to a support, as in Figure 4.33a. The upper cables make angles of","'99.79621887"
"'132","'LINE","'37° and 53° with the horizontal. Find the tension in each of the three cables.","'99.70898438"
"'132","'LINE","'126","'99.95117188"
"'133","'LINE","'Grade 11","'99.88690186"
"'133","'LINE","'T,","'85.95424652"
"'133","'LINE","'37°","'89.00908661"
"'133","'LINE","'53°","'90.37388611"
"'133","'LINE","'T,","'53.32649231"
"'133","'LINE","'T2","'90.40816498"
"'133","'LINE","'T1","'85.88249207"
"'133","'LINE","'T2","'89.21416473"
"'133","'LINE","'37°","'92.12790680"
"'133","'LINE","'53°","'92.98309326"
"'133","'LINE","'T3","'63.43749619"
"'133","'LINE","'W","'89.01745605"
"'133","'LINE","'T,","'90.68717957"
"'133","'LINE","'(a)","'99.73473358"
"'133","'LINE","'(b)","'99.80388641"
"'133","'LINE","'(c)","'99.43459320"
"'133","'LINE","'Figure 4.33 A traffic light suspended from two strings Solution","'98.84195709"
"'133","'LINE","'Solution","'99.96014404"
"'133","'LINE","'Drawing a free-body diagram is highly helpful in solving problems involving","'99.90644073"
"'133","'LINE","'Newton's laws. As shown in the free-body diagram, the traffic light is under the","'99.87773132"
"'133","'LINE","'action of three tension forces, T1, T2 and T3. For it is in equilibrium, we write","'94.83058167"
"'133","'LINE","'Σ F = 0","'87.41938782"
"'133","'LINE","'But from Figure b, T₃ = W and we have T1 + T2 + W = 0","'89.84487915"
"'133","'LINE","'Breaking the forces into their components and applying the first condition of","'99.99009705"
"'133","'LINE","'equilibrium we have","'99.95715332"
"'133","'LINE","'T₂cos 53° - T₁ COS 37° = 0 0.6T2 - 0.8T₁ = 0","'69.54031372"
"'133","'LINE","'Σ Fy = 0, T₂y - T₁y - W = 0 T₂sin 53° - T₂sin 37° = W 0.8T2 - 0.6T₁ = 100N","'80.37698364"
"'133","'LINE","'Solving for T₁ and T₂ we get T₁ = 60N and T2 = 80N","'89.52390289"
"'133","'LINE","'?","'98.05664063"
"'133","'LINE","'Activity 4.11","'99.40837860"
"'133","'LINE","'If an object is at rest, it is necessarily in equilibrium. Is this statement correct?","'99.96842957"
"'133","'LINE","'Discuss your answer.","'99.98046875"
"'133","'LINE","'Review questions 4.3","'99.92486572"
"'133","'LINE","'1. If only one force acts on an object, can it be in equilibrium?","'99.95454407"
"'133","'LINE","'Explain.","'99.92028046"
"'133","'LINE","'2. If an object is in equilibrium, which of the following statements is not true?","'99.97184753"
"'133","'LINE","'(a) The speed of the object remains constant","'99.97152710"
"'133","'LINE","'(b) The acceleration of the object is zero.","'99.97660828"
"'133","'LINE","'(c) The net force acting on the object is zero.","'99.46815491"
"'133","'LINE","'(d) The object must be at rest.","'99.97477722"
"'133","'LINE","'(e) The velocity is constant.","'99.84299469"
"'133","'LINE","'127","'99.73632813"
"'134","'LINE","'Physics","'99.91131592"
"'134","'LINE","'Student Text Book","'99.85763550"
"'134","'LINE","'3. What is wrong with the","'99.96243286"
"'134","'LINE","'statement ""Because the car is at","'99.65995789"
"'134","'LINE","'rest, there are no forces acting on it""?","'99.39450836"
"'134","'LINE","'e","'43.22684097"
"'134","'LINE","'How would you correct this sentence?","'99.97708130"
"'134","'LINE","'4. Can an object be in equilibrium if it is","'99.95980072"
"'134","'LINE","'in motion? Explain.","'99.89476776"
"'134","'LINE","'5. Mass m= 10kg is supported by two","'99.73403931"
"'134","'LINE","'M","'92.56775665"
"'134","'LINE","'strings is in equilibrium as shown in","'99.97477722"
"'134","'LINE","'Figure 4.34. Find the tension in the","'99.97605896"
"'134","'LINE","'horizontal string. Take Θ = 53°","'94.64162445"
"'134","'LINE","'Figure 4.34 A mass in equilibrium","'97.74500275"
"'134","'LINE","'4.4 Work, Energy and Power","'99.93312073"
"'134","'LINE","'By the end of this section, you will be able to:","'99.91524506"
"'134","'LINE","'define work in terms of the applied force and the displacement.","'99.96050262"
"'134","'LINE","'calculate the work done by a constant force, by a varying force.","'99.74557495"
"'134","'LINE","'demonstrate by examples that maximum work is done when the applied force","'99.88638306"
"'134","'LINE","'is parallel to the displacement vector.","'99.97206116"
"'134","'LINE","'apply work-energy theorem to solve problems.","'99.90480042"
"'134","'LINE","'calculate kinetic energy and potential energy of a body.","'99.88954926"
"'134","'LINE","'differentiate between conservative and non-conservative forces.","'99.96392822"
"'134","'LINE","'explain the law of the conservation of energy.","'99.95658112"
"'134","'LINE","'solve problems by applying the law of conservation of energy.","'99.95623016"
"'134","'LINE","'define power and solve problems involving power.","'99.97734070"
"'134","'LINE","'?","'99.69647217"
"'134","'LINE","'Brainstorming","'99.92028046"
"'134","'LINE","'What do you mean by the term work in your everyday language? When do you","'99.99478912"
"'134","'LINE","'consider that you did some work?","'99.98020172"
"'134","'LINE","'Work, in general, is the means of transferring energy from one body to another or a","'99.95687866"
"'134","'LINE","'means of transforming energy from one form to another. For instance, if you raise a","'99.93328857"
"'134","'LINE","'load from the floor to the top of a shelf, energy is transferred from your muscles to","'99.97679138"
"'134","'LINE","'the load and in the process chemical energy is converted into potential energy of the","'99.98291016"
"'134","'LINE","'128","'99.95117188"
"'135","'LINE","'Grade 11","'99.85800171"
"'135","'LINE","'load. Energy, which is defined as the capacity to do work, has important features:","'99.97808838"
"'135","'LINE","'it exists in different forms and it is converted from one form to another with the","'99.97788239"
"'135","'LINE","'total amount being constant. It cannot be created or destroyed. In an automobile","'99.96282196"
"'135","'LINE","'engine, chemical energy stored in the fuel is converted partially to the energy of","'99.99581909"
"'135","'LINE","'the automobile's motion and partially to thermal energy. In a microwave oven,","'99.59014130"
"'135","'LINE","'electromagnetic energy obtained from the mains is converted to thermal energy of","'99.98271179"
"'135","'LINE","'the food being cooked. In these and all other processes, the total energy-the sum of","'99.53386688"
"'135","'LINE","'all energy present in all different forms-remains the same. No exception has ever","'98.14071655"
"'135","'LINE","'been found.","'99.98007202"
"'135","'LINE","'Work done by a constant force","'96.29384613"
"'135","'LINE","'?","'99.73552704"
"'135","'LINE","'Brainstorming","'99.96014404"
"'135","'LINE","'If your friend carried your 35 N bag and walked horizontally through 10 m, did","'99.91701508"
"'135","'LINE","'she do some work for you? How about carrying the same bag upstairs to the","'99.99208069"
"'135","'LINE","'second floor?","'99.98046875"
"'135","'LINE","'Work has a different meaning in physics than it does in everyday usage. In physics","'99.95850372"
"'135","'LINE","'doing work involves applying a force to an object while moving it a given distance.","'99.95269775"
"'135","'LINE","'In other words, work is done when a force acts on something that undergoes a","'99.93295288"
"'135","'LINE","'displacement from one position to another.","'99.97369385"
"'135","'LINE","'The definition for work W might be taken as W = F S, where F is the magnitude of","'99.37456512"
"'135","'LINE","'the force acting on the object and S is the magnitude of the object's displacement.","'99.50671387"
"'135","'LINE","'That definition, however, gives only the magnitude of work done on an object when","'99.95903015"
"'135","'LINE","'the force is constant and parallel to the displacement, which must be along a line,","'99.96121216"
"'135","'LINE","'Figure 4.35. For a more general case work is defined as the scalar product of the force","'99.96185303"
"'135","'LINE","'and the displacement produced.","'99.97518921"
"'135","'LINE","'W = F.S","'95.27091217"
"'135","'LINE","'W = F.S COS Θ, where Θ is the angle between F and $","'89.64646912"
"'135","'LINE","'$","'63.27367401"
"'135","'LINE","'Figure 4.35 A constant force moves the mass through displacement ,","'97.88385010"
"'135","'LINE","'W = F.S cos (0°) = S","'91.91319275"
"'135","'LINE","'129","'99.85351563"
"'136","'LINE","'Physics","'99.91131592"
"'136","'LINE","'Student Text Book","'99.83783722"
"'136","'LINE","'For a force F acting at an angle, Figure 4.36, the work done is W = FS cos Θ, which","'95.79100800"
"'136","'LINE","'can also be written as","'99.97070313"
"'136","'LINE","'W = (F cos Θ) S","'93.60118866"
"'136","'LINE","'where Fcos Θ is the component of the force along the direction of the displacement.","'98.98332214"
"'136","'LINE","'See that the component of the force along the direction perpendicular to the","'99.98085785"
"'136","'LINE","'displacement (F sinΘ) does no work (for Θ = 90°, cos 90° = 0).","'96.54313660"
"'136","'LINE","'The","'49.42861176"
"'136","'LINE","'FcosΘ","'47.57573318"
"'136","'LINE","'$","'61.13101959"
"'136","'LINE","'Figure 4.36 Force at angle, W = (F cos Θ) S","'95.25698090"
"'136","'LINE","'The SI unit of work is joule, abbreviated as J.","'99.83456421"
"'136","'LINE","'1 joule = lnewton.meter","'85.56043243"
"'136","'LINE","'Other unit of work in the (centimeter-gram-second) cgs unit is erg where 1 erg =","'98.06661987"
"'136","'LINE","'1dyne. cm.","'84.68002319"
"'136","'LINE","'1joule = 10⁷erg","'83.28862000"
"'136","'LINE","'Example 4.10","'99.76074219"
"'136","'LINE","'What is the work done on a block of mass 10kg, when a force of 20 N 30° above","'98.78473663"
"'136","'LINE","'the horizontal displaces the block by 5m?","'99.98303223"
"'136","'LINE","'Solution:","'99.89098358"
"'136","'LINE","'The givens are F = 20 N, Θ = 30° and S = 5m.","'95.76415253"
"'136","'LINE","'We are required to find the work done.","'99.98281097"
"'136","'LINE","'W = FS cos Θ = (20N) (5m) (cos 30°) = (100 Nm) (0.866) =86.6 J","'93.81454468"
"'136","'LINE","'Exercise 4.3","'99.77947235"
"'136","'LINE","'A man pushes a stalled vehicle with a steady force = (150i - 40j) N and the","'96.14994049"
"'136","'LINE","'displacement of the car is = (14i + 11ⱼ) m. How much work does the man do on","'95.52569580"
"'136","'LINE","'the car?","'99.98046875"
"'136","'LINE","'?","'97.34375000"
"'136","'LINE","'Activity 4.12","'99.00390625"
"'136","'LINE","'Can work done be positive, negative or zero? Specify the conditions in which work","'99.96745300"
"'136","'LINE","'130","'99.95117188"
"'137","'LINE","'Grade 11","'99.91131592"
"'137","'LINE","'can be positive, negative or zero.","'99.95240021"
"'137","'LINE","'Example 4.11","'99.83398438"
"'137","'LINE","'A man pulls a package along a horizontal floor with a force of 400 N at an angle","'99.02735901"
"'137","'LINE","'of 30° as shown in Figure 4.37a. A constant frictional force of 100 N acts between","'99.25074005"
"'137","'LINE","'the package and the floor. Find the work done by each force acting on the sled and","'99.99597931"
"'137","'LINE","'the total work done by all the forces.","'100.00000000"
"'137","'LINE","'F","'84.10395050"
"'137","'LINE","'12","'19.47664261"
"'137","'LINE","'N","'97.62535858"
"'137","'LINE","'F","'66.52602386"
"'137","'LINE","'le","'64.75217438"
"'137","'LINE","'*Fₖ","'17.48355865"
"'137","'LINE","'10","'48.47177887"
"'137","'LINE","'T b.","'7.05506659"
"'137","'LINE","'b","'98.93554688"
"'137","'LINE","'a","'91.67250824"
"'137","'LINE","'Figure 4.37","'99.75097656"
"'137","'LINE","'Solution","'99.96014404"
"'137","'LINE","'The forces that are acting on the package are shown in Figure 4.37b.","'99.98191071"
"'137","'LINE","'Work done by the applied force","'100.00000000"
"'137","'LINE","'WF = FS cos 30° = (400 N) (10 m) (0.866) = 3464 J","'90.46670532"
"'137","'LINE","'Work done by frictional force","'99.99804688"
"'137","'LINE","'Wf = Fₖ S cos (180°) = (100 N) (10 m) (-1) = - 1000 J","'92.73532867"
"'137","'LINE","'The gravitational force (Fg = mg) and the normal force FN are both perpendicular to","'99.62593079"
"'137","'LINE","'the displacement and therefore,","'99.99003601"
"'137","'LINE","'Wg = WFN = 0.","'92.66864777"
"'137","'LINE","'The total work Wtot done on the package by all forces is the algebraic sum of the","'99.99076080"
"'137","'LINE","'work done by the individual forces.","'99.99674225"
"'137","'LINE","'Wₜₒₜ = WF + Wf + W₈ + WF, N = 3464 J + (-1000 J) + 0 + 0 = 2464 J","'83.47546387"
"'137","'LINE","'?","'98.12500000"
"'137","'LINE","'Activity 4.13","'98.47167969"
"'137","'LINE","'1. Based on your knowledge of dynamics determine the net force acting on the","'99.97129059"
"'137","'LINE","'package of Example above to show that the total work done on the package is","'99.98817444"
"'137","'LINE","'also equal to the net force on the package times the displacement.","'99.97518921"
"'137","'LINE","'Wₜₒₜ=FₙₑₜS","'18.10736275"
"'137","'LINE","'131","'99.80468750"
"'138","'LINE","'Physics I Student Text Book","'91.83059692"
"'138","'LINE","'Work Done by the Gravitational Force","'99.97030640"
"'138","'LINE","'We next examine the work done on an object by the gravitational force acting on","'99.97699738"
"'138","'LINE","'it. Figure 4.38 shows an object of mass m that is thrown upward with initial speed","'99.96750641"
"'138","'LINE","'V₀ and thus with initial kinetic energy K₀ o = ½ mv². As the object rises, it is slowed","'91.25666809"
"'138","'LINE","'down by a gravitational force F,; that is, the object's initial kinetic energy decreases","'95.60052490"
"'138","'LINE","'because F, does work on the object as it rises. The work done by the gravitational","'95.52915192"
"'138","'LINE","'force is","'99.90234375"
"'138","'LINE","'The force magnitude is mg and we write","'99.97050476"
"'138","'LINE","'Wᵍ = mg d cosΘ (work done by gravitational force)","'88.58251953"
"'138","'LINE","'With Θ = 180°, work done by gravitational force is","'97.77951813"
"'138","'LINE","'W₈ = mgd","'43.59275436"
"'138","'LINE","'V₀","'54.36164856"
"'138","'LINE","'V","'97.47768402"
"'138","'LINE","'The","'39.79223251"
"'138","'LINE","'F &","'25.63636017"
"'138","'LINE","'a","'53.41418457"
"'138","'LINE","'a","'50.27233887"
"'138","'LINE","'The","'31.04273033"
"'138","'LINE","'F &","'39.15995789"
"'138","'LINE","'F &","'35.37169266"
"'138","'LINE","'V₀","'72.87248993"
"'138","'LINE","'V","'72.49063110"
"'138","'LINE","'F &","'26.01144028"
"'138","'LINE","'The","'40.39680481"
"'138","'LINE","'F &","'49.38317108"
"'138","'LINE","'Figure 4.38 Work done by gravitational force: (a) A mass raised through","'98.75904083"
"'138","'LINE","'vertical distance d (b) a mass lowered through vertical distance d","'99.84081268"
"'138","'LINE","'The minus sign tells us that during the object's rise, the gravitational force acting","'99.84636688"
"'138","'LINE","'on the object transfers energy equal to mgd from the initial kinetic energy that it had","'99.98712921"
"'138","'LINE","'at the beginning of its motion.","'99.97531891"
"'138","'LINE","'After the object has reached its maximum height and is falling back down, the angle","'99.99273682"
"'138","'LINE","'Θ between force and displacement is zero. Thus, the work done by the gravitational","'98.79211426"
"'138","'LINE","'force will be W₈ = mgd cos0° = + mgd","'91.14020538"
"'138","'LINE","'The plus sign tells us that the gravitational force now transfers energy in the amount","'99.97570038"
"'138","'LINE","'mgd to the kinetic energy of the object.","'99.99755859"
"'138","'LINE","'132","'99.92187500"
"'139","'LINE","'Grade 11","'99.93124390"
"'139","'LINE","'Example 4.12","'99.61914063"
"'139","'LINE","'A 5 kg bag is raised to a height of 2.5 m above the ground. What is the work done","'98.96257782"
"'139","'LINE","'by the applied force and by the gravitational force?","'100.00000000"
"'139","'LINE","'Solution","'99.92028046"
"'139","'LINE","'The work done by the applied force is","'99.99023438"
"'139","'LINE","'Wf = Ff S cos 0° = F S","'77.49536896"
"'139","'LINE","'The force required to raise the bag is the weight","'99.99316406"
"'139","'LINE","'W = mg.","'98.21933746"
"'139","'LINE","'Taking vertical distance as height h, we write WF = mgh","'94.25375366"
"'139","'LINE","'= (5 kg) (9.8 m/s²) (2.5 m) = 122.5 J","'92.83849335"
"'139","'LINE","'The work done by gravitational force is","'99.99163055"
"'139","'LINE","'W₈ = F ₂ S cos 180° = - mgh = - 122.5 J","'83.03504944"
"'139","'LINE","'How would the answer change if the bag were lowered from the same height to","'99.98421478"
"'139","'LINE","'the ground?","'99.95037079"
"'139","'LINE","'Example 4.13","'99.78027344"
"'139","'LINE","'Consider a block of mass m is pushed up a rough inclined plane of angle Θ by a","'97.44744110"
"'139","'LINE","'constant Force F parallel to the incline, as shown in Figure 4.39. The displacement of","'99.93431091"
"'139","'LINE","'the block up the incline is d.","'99.97489166"
"'139","'LINE","'a. by the applied force","'99.69949341"
"'139","'LINE","'b. by the force of gravity","'99.98209381"
"'139","'LINE","'c. by the normal force","'95.44654846"
"'139","'LINE","'d. by the kinetic friction","'99.98046875"
"'139","'LINE","'FN","'94.29946899"
"'139","'LINE","'a","'34.98146439"
"'139","'LINE","'h","'92.74414063"
"'139","'LINE","'14","'47.31494904"
"'139","'LINE","'yr","'73.31054688"
"'139","'LINE","'misso","'27.19527245"
"'139","'LINE","'yi","'37.61140823"
"'139","'LINE","'Θ","'53.90086746"
"'139","'LINE","'0","'51.78651047"
"'139","'LINE","'Figure 4.39 A block is pushed up a rough inclined plane with a constant force F parallel","'98.94880676"
"'139","'LINE","'to the incline. The normal is perpendicular to the surface. A mark is on mg to show that","'98.88265991"
"'139","'LINE","'the weight is decomposed to its parallel and perpendicular components.","'99.98323822"
"'139","'LINE","'Solution:","'99.91051483"
"'139","'LINE","'(a) The work done by the applied force W F","'93.87763977"
"'139","'LINE","'W₁ = F S cos 0° = F d (since F is in the same direction as d)","'92.00822449"
"'139","'LINE","'133","'99.99023438"
"'140","'LINE","'Physics I Student Text Book","'91.02696991"
"'140","'LINE","'(b) The work done by gravity W₈ is: W₈ = (mg sin Θ) (S) cos 180° = - mgd cosΘ, (mg","'90.35454559"
"'140","'LINE","'sin Θ is the component of the weight parallel to the displacement and 180° is the","'94.64427948"
"'140","'LINE","'angle between mg sinΘ and the displacement)","'95.16191101"
"'140","'LINE","'(c) The work done by the normal force is:","'98.73848724"
"'140","'LINE","'WN = FN S cos90° = 0 (The normal force is perpendicular to the displacement)","'95.08030701"
"'140","'LINE","'(d) The work done by the kinetic friction is:","'99.97396088"
"'140","'LINE","'Wf = Fₖ S cos180° = (mgcosΘ) (d) (-1) = - µₘₘgdcosΘ","'83.61660004"
"'140","'LINE","'?","'98.01757813"
"'140","'LINE","'Activity 4.14","'97.73397827"
"'140","'LINE","'Suppose you apply a constant force F on a mass to displace the mass through","'99.68674469"
"'140","'LINE","'distance S. If you plot the Force-Displacement graph and determine the area of the","'99.89984894"
"'140","'LINE","'region enclosed by the graph, what quantity would you obtain?","'99.99308777"
"'140","'LINE","'Work done by a variable force","'96.90515900"
"'140","'LINE","'In general, a force that acts on a body may vary in magnitude and direction as it","'99.91448212"
"'140","'LINE","'displaces the body between two points in space. Let us consider a varying force F","'99.89341736"
"'140","'LINE","'acting on a body to displace the body along the X axis. In this case using the expression","'98.20416260"
"'140","'LINE","'W = F.S will not be appropriate. Instead we calculate the infinitesimal work done by","'99.65177155"
"'140","'LINE","'the variable force and add those values to get the total work done. Figure 4.40a,","'99.97760010"
"'140","'LINE","'shows an example of the F vs S curve of the case of a variable force acting to produce","'99.27812195"
"'140","'LINE","'displacement S.","'99.68062592"
"'140","'LINE","'Fx","'73.38288879"
"'140","'LINE","'Fx","'77.11296082"
"'140","'LINE","'Ffx","'72.17175293"
"'140","'LINE","'F2x","'76.76976776"
"'140","'LINE","'Fdx","'77.04948425"
"'140","'LINE","'Fcx","'51.53320313"
"'140","'LINE","'F1x","'71.47620392"
"'140","'LINE","'F2x","'83.18618774"
"'140","'LINE","'Fbx","'72.79755402"
"'140","'LINE","'Fax","'78.91890717"
"'140","'LINE","'F1x","'70.42490387"
"'140","'LINE","'x","'80.11658478"
"'140","'LINE","'x","'80.63775635"
"'140","'LINE","'x","'73.85224152"
"'140","'LINE","'x1","'67.06612396"
"'140","'LINE","'x2","'51.48617172"
"'140","'LINE","'o","'56.89452744"
"'140","'LINE","'Ir","'22.69640923"
"'140","'LINE","'x2","'35.83326721"
"'140","'LINE","'o","'53.31522751"
"'140","'LINE","'x1","'52.05356979"
"'140","'LINE","'Дга","'40.50063705"
"'140","'LINE","'Дх","'21.20774841"
"'140","'LINE","'Are","'18.30257416"
"'140","'LINE","'X2","'45.19790268"
"'140","'LINE","'x2 x₁","'48.82065201"
"'140","'LINE","'Arb","'46.77475357"
"'140","'LINE","'Ar,","'29.36842346"
"'140","'LINE","'4x,","'15.94766426"
"'140","'LINE","'(a) Forec F varies with X","'96.58346558"
"'140","'LINE","'(b) F VS X graph","'89.90122986"
"'140","'LINE","'(c) Estimate the area of","'98.32505798"
"'140","'LINE","'the graph to get the work","'99.93476105"
"'140","'LINE","'Figure 4.40 Work done by a varying forces = Area under F vs S graph","'98.47566223"
"'140","'LINE","'Key terms","'99.88162231"
"'140","'LINE","'Constant force: A force that does not vary with time or position","'99.42656708"
"'140","'LINE","'Variable force: A force that varies with time or position","'99.01489258"
"'140","'LINE","'134","'99.65820313"
"'141","'LINE","'Grade 11","'99.90642548"
"'141","'LINE","'?","'96.02539063"
"'141","'LINE","'Activity 4.15","'99.33105469"
"'141","'LINE","'One of the common examples where varying force acts on a body is the case of a","'99.79280090"
"'141","'LINE","'force applied on a spring. Show that the work required to stretch a spring (spring","'99.78974152"
"'141","'LINE","'constant k) from initial elongation X1 to a final elongation X2 is W = ½ k (x2² - x₁²).","'89.13844299"
"'141","'LINE","'?","'97.31445313"
"'141","'LINE","'Activity 4.16","'99.02832031"
"'141","'LINE","'Group work","'99.99023438"
"'141","'LINE","'Work done by a varying force","'99.85573578"
"'141","'LINE","'Aim: To determine the work done by a varying force.","'99.82875824"
"'141","'LINE","'Apparatus:","'99.96014404"
"'141","'LINE","'Clamp Stand","'99.99511719"
"'141","'LINE","'Helical Spring of force constant 100 N/m","'99.96500397"
"'141","'LINE","'Mass Hanger","'100.00000000"
"'141","'LINE","'Pointer","'100.00000000"
"'141","'LINE","'Meter Ruler","'100.00000000"
"'141","'LINE","'Five equal masses each weighing 5 N","'99.69006348"
"'141","'LINE","'Figure 4.41 Setup of apparatus","'99.84933472"
"'141","'LINE","'Method:","'99.97070313"
"'141","'LINE","'(a) Hang a helical spring from a clamp stand, Figure 4.41.","'99.38996124"
"'141","'LINE","'(b) Attach a mass directly to the bottom of the helical spring and record the","'99.95568848"
"'141","'LINE","'135","'99.97070313"
"'142","'LINE","'Physics I Student Text Book","'91.63201141"
"'142","'LINE","'position of the bottom of the mass hanger relative to a meter ruler. Take","'99.83090973"
"'142","'LINE","'that reading as X1.","'89.18736267"
"'142","'LINE","'(c) Add the second mass to the first and record the new position of the mass","'98.96399689"
"'142","'LINE","'hanger relative to the meter rule as X2.","'94.44612122"
"'142","'LINE","'(d) Repeat step (c) for the third, fourth and fifth masses to the spring and","'98.71141052"
"'142","'LINE","'record the position of the bottom of the mass hanger, as X₃, X₄, and X₅,","'93.17592621"
"'142","'LINE","'Table 4.2","'99.78515625"
"'142","'LINE","'Table 4.2","'99.80468750"
"'142","'LINE","'F (N)","'97.69003296"
"'142","'LINE","'F1 =","'77.68325043"
"'142","'LINE","'F2 =","'89.36722565"
"'142","'LINE","'F3 =","'72.72391510"
"'142","'LINE","'F4=","'52.68893433"
"'142","'LINE","'F₅=","'55.98423386"
"'142","'LINE","'X (m)","'95.83586121"
"'142","'LINE","'X1","'64.34490967"
"'142","'LINE","'=","'88.81188202"
"'142","'LINE","'X2 =","'82.20125580"
"'142","'LINE","'X3 =","'80.93331146"
"'142","'LINE","'X₄=","'47.87208939"
"'142","'LINE","'X5=","'44.05801773"
"'142","'LINE","'Questions:","'99.97070313"
"'142","'LINE","'(1) Plot the Force (weight) versus extension (elongation) X.","'96.14802551"
"'142","'LINE","'(2) What quantity do you get from the slope of the graph?","'99.98358917"
"'142","'LINE","'Note that according to Hooke's law, the extension of the force is directly","'99.88135529"
"'142","'LINE","'proportional to the force applied, F = k X, where k is the spring constant).","'96.53209686"
"'142","'LINE","'(3) What is the area of the graph?","'99.96308136"
"'142","'LINE","'(4) Compare the result you obtained in step (3) with the result you get by the","'99.99023438"
"'142","'LINE","'doing product ½ kx2, which is equal to the work done on the spring.","'98.10501099"
"'142","'LINE","'Kinetic energy","'99.96582031"
"'142","'LINE","'One of the common types of energy that we encounter in our daily activities is kinetic","'99.96816254"
"'142","'LINE","'energy. Kinetic energy is the energy a body possesses due to its motion. A body of","'99.46483612"
"'142","'LINE","'mass m moving with velocity V is said to have kinetic energy of KE = ½ mv2.","'98.73770142"
"'142","'LINE","'Example 4.14","'99.28710938"
"'142","'LINE","'A 1200 kg car traveling at 30 m/s has a kinetic energy of","'98.85342407"
"'142","'LINE","'KE = ½ (1200 kg) (30 m/s)² = 540 kJ","'93.16707611"
"'142","'LINE","'Kinetic energy is a scalar quantity.","'99.89613342"
"'142","'LINE","'The work -energy Theorem","'97.86053467"
"'142","'LINE","'The total work done on a body by external forces is related to the body's displacement-","'98.70642853"
"'142","'LINE","'that is, to changes in its position. But the total work is also related to changes in the","'99.96288300"
"'142","'LINE","'speed of the body.","'99.97538757"
"'142","'LINE","'136","'99.95117188"
"'143","'LINE","'Grade 11","'99.87224579"
"'143","'LINE","'Consider a particle of mass m, moving with an acceleration a under the effect of a","'99.72016144"
"'143","'LINE","'net constant force F along the X axis, Figure 4.42.","'98.29293060"
"'143","'LINE","'F","'98.34642029"
"'143","'LINE","'Xo","'75.91069031"
"'143","'LINE","'X,","'32.78489685"
"'143","'LINE","'Figure 4.42: The work done by the applied force as it displaces the mass from x₀ to xf","'93.32672119"
"'143","'LINE","'The work done by the applied force is","'99.97914886"
"'143","'LINE","'W = F(x - x₀)","'24.00251198"
"'143","'LINE","'We know that the effect of the force in moving an object is the acceleration, thus:","'99.96221924"
"'143","'LINE","'W = ma(x-x x₀)","'20.45878410"
"'143","'LINE","'From kinematic equations, the relation of the acceleration can be expressed in","'99.97850800"
"'143","'LINE","'terms of the displacement and the velocity as:","'99.98159027"
"'143","'LINE","'Substituting this value of the acceleration into the above equation, the work done will be","'99.97543335"
"'143","'LINE","'Simplifying and rearranging we get","'99.91601563"
"'143","'LINE","'The quantity ¹ᵐv² is called the kinetic energy of the moving object having mass m","'94.46540070"
"'143","'LINE","'and velocity V denoted by K with SI unit joule (kg.m2/s2).","'98.77324677"
"'143","'LINE","'(Kinetic energy of a moving object)","'99.77027893"
"'143","'LINE","'Therefore, is the change in kinetic energy of the moving object as its","'99.71511078"
"'143","'LINE","'velocity is changed from vi to vf. Therefore, the work done by a net force is equal","'99.79949951"
"'143","'LINE","'to the change in kinetic energy. This principle is called the work-energy theorem.","'99.96964264"
"'143","'LINE","'Mathematically,","'99.61196899"
"'143","'LINE","'137","'99.95117188"
"'144","'LINE","'Physics","'99.83318329"
"'144","'LINE","'I Student Text Book","'88.87512970"
"'144","'LINE","'W (The work-energy theorem)","'97.15599060"
"'144","'LINE","'That is, the work done by the net force in displacing a particle equals the change in","'99.95061493"
"'144","'LINE","'its kinetic energy.","'99.96392822"
"'144","'LINE","'Potential energy","'99.95077515"
"'144","'LINE","'The energy of a body due to its relative position or shape is known as potential","'99.95565796"
"'144","'LINE","'energy","'99.99023438"
"'144","'LINE","'The energy due to the relative position of a body is called Gravitational potential","'99.96751404"
"'144","'LINE","'energy while the potential energy due to change in shape of the body is called Elastic","'99.98168945"
"'144","'LINE","'potential energy.","'99.94100952"
"'144","'LINE","'Gravitational potential energy of a body of mass m placed at a height above a","'99.68299866"
"'144","'LINE","'reference level is given by PE = mgh.","'99.42739105"
"'144","'LINE","'Elastic potential energy of a body such as a spring that is stretched through X is given","'97.72940063"
"'144","'LINE","'by","'99.99023438"
"'144","'LINE","'PE = ½ kx²","'81.26499939"
"'144","'LINE","'The sum of the kinetic energy and potential energy of a body is termed as the total","'99.93998718"
"'144","'LINE","'mechanical energy of the body.","'99.98632813"
"'144","'LINE","'ME = KE + PE","'95.94825745"
"'144","'LINE","'Suppose you throw a ball vertically upward. We already discussed that as the ball","'99.92491913"
"'144","'LINE","'rises, the work W₈ done on the ball by the gravitational force is negative because the","'96.31610870"
"'144","'LINE","'force transfers energy from the kinetic energy of the ball. We say that this energy","'99.98747253"
"'144","'LINE","'is transferred by the gravitational force to the gravitational potential energy of the","'99.97252655"
"'144","'LINE","'ball-Earth system.","'98.57102966"
"'144","'LINE","'On its way up, the ball slows (decelerates) and finally stops, and then begins to fall","'99.96343994"
"'144","'LINE","'back down because of the gravitational force. During the fall, the transfer is reversed:","'99.95983887"
"'144","'LINE","'The work Wg done on the body by the gravitational force is now positive-that force","'99.70710754"
"'144","'LINE","'transfers energy from the gravitational potential energy of the ball-Earth system to","'99.64044952"
"'144","'LINE","'the kinetic energy of the ball.","'99.99186707"
"'144","'LINE","'For either rise or fall, the change U in gravitational potential energy is defined as","'99.96262360"
"'144","'LINE","'being equal to the negative of the work done on the ball by the gravitational for","'99.98388672"
"'144","'LINE","'ce.","'99.48580933"
"'144","'LINE","'U=-W","'43.77790070"
"'144","'LINE","'138","'99.76562500"
"'145","'LINE","'Grade 11","'99.85231781"
"'145","'LINE","'Key terms","'99.84215546"
"'145","'LINE","'Kinetic energy: Energy due to motion","'99.98209381"
"'145","'LINE","'Potential energy: Energy due to position or shape","'99.90715027"
"'145","'LINE","'The above conclusion can also apply to a block-spring system shown in Figure","'99.93760681"
"'145","'LINE","'4.43. Initially the block moving to the right hits the spring. The spring force","'99.99011993"
"'145","'LINE","'acts toward left causing deceleration of the block doing negative work on the","'99.97941589"
"'145","'LINE","'block and transferring energy from the kinetic energy of the block to the elastic","'99.99360657"
"'145","'LINE","'potential energy of the spring-block system. The block then begins to move","'99.94445801"
"'145","'LINE","'leftward because the spring force is still leftward. The transfer of energy is then","'99.97164154"
"'145","'LINE","'reversed-it is from potential energy of the spring-block system to kinetic","'99.49797058"
"'145","'LINE","'energy of the block.","'99.97802734"
"'145","'LINE","'x","'79.85650635"
"'145","'LINE","'0","'93.24836731"
"'145","'LINE","'0","'77.28954315"
"'145","'LINE","'(a)","'95.97955322"
"'145","'LINE","'(b)","'92.70986176"
"'145","'LINE","'Figure 4.43 (a) As the block moves to the right the spring force does negative work on it","'99.92337799"
"'145","'LINE","'(b) As the block moves backward, the spring force does positive work on it.","'99.95641327"
"'145","'LINE","'Conservative and non-conservative Forces","'99.93836975"
"'145","'LINE","'There are generally two kinds of forces namely, Conservative forces and non-","'99.97444153"
"'145","'LINE","'conservative forces.","'99.90563202"
"'145","'LINE","'Conservative forces have these two equivalent properties:","'99.97583008"
"'145","'LINE","'1. The work done by a conservative force on a particle moving between any two points","'99.90165710"
"'145","'LINE","'is independent of the path taken by the particle.","'99.95354462"
"'145","'LINE","'2. The work done by a conservative force on a particle moving through any closed path","'99.94568634"
"'145","'LINE","'is zero. (A closed path is one in which the beginning and end points are identical).","'99.92224884"
"'145","'LINE","'Gravitational force is an example of a conservative force, and the force that a spring","'99.92162323"
"'145","'LINE","'exerts on any object attached to the spring is also conservative.","'99.81090546"
"'145","'LINE","'A force is non-conservative if it does not satisfy properties 1 and 2 for conservative","'99.65865326"
"'145","'LINE","'forces. Non-conservative forces acting within a system cause a change in the","'99.79465485"
"'145","'LINE","'mechanical energy ME of the system. The work done on a system by a non-","'99.93870544"
"'145","'LINE","'139","'99.93164063"
"'146","'LINE","'Physics I Student Text Book","'90.73272705"
"'146","'LINE","'conservative force is equal to the change in mechanical energy of the system. Typical","'99.97669220"
"'146","'LINE","'example of non-conservative force (also known as dissipative force) is frictional","'99.95236969"
"'146","'LINE","'force. Wᵈ is work done by dissipative forces.","'91.73863220"
"'146","'LINE","'Wᵈ = ME, Wᵈ","'58.09764862"
"'146","'LINE","'fₖ d = AKE + ДРЕ","'75.93054199"
"'146","'LINE","'Where fₖ is frictional force, d is the distance through which frictional force acted.","'98.81323242"
"'146","'LINE","'Where KE = ½ mv² , gravitational PE = mgh, and Elastic PE = ½ kx²","'95.68410492"
"'146","'LINE","'Key terms","'99.79821014"
"'146","'LINE","'Conservative force: A force in which work done is independent of the path","'98.96170044"
"'146","'LINE","'followed.","'99.95037079"
"'146","'LINE","'Non-conservative force: A force in which work done is path dependent.","'98.71220398"
"'146","'LINE","'Power","'99.99023438"
"'146","'LINE","'In the previous section we have seen that the quantity of work has to do with a force","'99.96926117"
"'146","'LINE","'causing a displacement. Work has nothing to do with the amount of time that this","'99.96572113"
"'146","'LINE","'force acts to cause the displacement. Sometimes, the work is done very quickly and","'99.94886780"
"'146","'LINE","'other times the work is done rather slowly. If you dig a well using a mattock, it may","'99.90192413"
"'146","'LINE","'take several hours. The same amount of work can be done in very few minutes if it is","'99.97821045"
"'146","'LINE","'dug by an excavator machine (Figure 4.44). The excavator can complete the work in","'99.93955231"
"'146","'LINE","'a shorter time than the same work done by the mattock digger.","'99.94216919"
"'146","'LINE","'Figure 4.44 A ditch dug by a mattock (less powerful machine) and by an excavator (a very","'99.31529999"
"'146","'LINE","'powerful machine)","'99.63837433"
"'146","'LINE","'We express the relation between work done and the time interval involved in doing","'99.98227692"
"'146","'LINE","'it, by introducing the concept of power. Since work can vary as a function of time, we","'99.96773529"
"'146","'LINE","'first define average power as the work done during a time interval, as:","'99.92990875"
"'146","'LINE","'Work done","'97.04101563"
"'146","'LINE","'Average power = Time taken","'97.28694916"
"'146","'LINE","'Sybmolically","'96.51048279"
"'146","'LINE","'The SI unit of power is watt. 1 W = 1 J/s","'97.99333191"
"'146","'LINE","'140","'99.92187500"
"'147","'LINE","'Grade 11","'99.88729858"
"'147","'LINE","'Metric prefix multipliers of units of power are usually used Such as kilo watt (kW)","'99.85937500"
"'147","'LINE","'in rating our home electric stove , mega watt (MW) and giga watt (GW) in rating","'99.31341553"
"'147","'LINE","'power generating plants such as the Great Ethiopian Rainnasence Dam (GERD).","'99.95310974"
"'147","'LINE","'Key term","'99.81734467"
"'147","'LINE","'Power : the rate of conversion of energy or the rate of doing work","'99.46790314"
"'147","'LINE","'All machines are typically described by their power rating. The power rating indicates","'99.93302155"
"'147","'LINE","'the rate at which that machine can do work upon other objects. Thus, the power of","'99.99267578"
"'147","'LINE","'a machine is the work to time ratio for that particular machine.","'99.96047211"
"'147","'LINE","'Another non SI unit of power is the horsepower.","'99.97377777"
"'147","'LINE","'1 horsepower = 746 watts","'99.43490601"
"'147","'LINE","'Exercise 4.4","'99.84375000"
"'147","'LINE","'Consider a boy and a girl of equal mass of 50 kg run upstairs to the fourth floor to","'99.93447876"
"'147","'LINE","'a height of 20 m above the ground floor.","'99.85157013"
"'147","'LINE","'(a) Compare the work done by each of them.","'99.97243500"
"'147","'LINE","'(b) Compare the power developed by each of them.","'99.99457550"
"'147","'LINE","'?","'97.31445313"
"'147","'LINE","'Activity 4.17","'99.12069702"
"'147","'LINE","'Discuss","'100.00000000"
"'147","'LINE","'Does the work done in lifting an object depend on how fast it is lifted? Does the","'99.96759796"
"'147","'LINE","'power expended depend on how fast it is lifted?","'99.96726990"
"'147","'LINE","'Another expression for power","'99.98291016"
"'147","'LINE","'Using the expression work = Force x displacement","'95.42039490"
"'147","'LINE","'Power = work time , we get","'94.64848328"
"'147","'LINE","'Force x displacement","'86.17433167"
"'147","'LINE","'Average power =","'97.97473145"
"'147","'LINE","'time","'99.89257813"
"'147","'LINE","'displacement","'99.93083954"
"'147","'LINE","'Average power = Force X","'91.37583923"
"'147","'LINE","'time","'99.91210938"
"'147","'LINE","'Average power = Force x average velocity","'95.03137207"
"'147","'LINE","'Pav = Fxv av","'57.98973846"
"'147","'LINE","'The instantanous power can be written in terms of instantaneous velocity as","'99.92556000"
"'147","'LINE","'P = F v, where V is instantaneous velocity","'97.59466553"
"'147","'LINE","'We can also express instantaneous power in terms of the scalar product as","'99.96576691"
"'147","'LINE","'P = F.v","'85.67077637"
"'147","'LINE","'141","'99.80468750"
"'148","'LINE","'Physics I Student Text Book","'91.42791748"
"'148","'LINE","'Example 4.15","'99.56542969"
"'148","'LINE","'Motor","'99.88281250"
"'148","'LINE","'A 1000 kg elevator car carries a maximum load","'98.28357697"
"'148","'LINE","'TE","'55.11738586"
"'148","'LINE","'of 800 kg, Figure 4.45a. As the elevator moves","'99.85889435"
"'148","'LINE","'upward a constant frictional fore of 4000 N","'99.93714905"
"'148","'LINE","'retards its motion. What minimum power must","'99.97035980"
"'148","'LINE","'the motor deliver to lift the loaded elevator car","'99.98254395"
"'148","'LINE","'Ft","'78.00561523"
"'148","'LINE","'at a constant speed of 2.5 m/s?","'99.60908508"
"'148","'LINE","'mg","'98.40341949"
"'148","'LINE","'(a)","'99.75347137"
"'148","'LINE","'(b)","'99.88201141"
"'148","'LINE","'Figure 4.45 Work done on an elevator and its load","'99.93238068"
"'148","'LINE","'As the elevator and its load are moving upward at a constant speed, Newton's","'99.75107574"
"'148","'LINE","'second law of motion applied on the system shown in the free-body diagram","'99.96456909"
"'148","'LINE","'(Figure 4 45 b), is written as","'98.19464111"
"'148","'LINE","'Fₙₑₜ = ma T+mg+F=ma","'13.72010517"
"'148","'LINE","'T - mg - Ff = ma, for motion at a constant velocity a = 0 and we have,","'93.92813110"
"'148","'LINE","'T - mg - Ff = 0","'66.31536865"
"'148","'LINE","'T = mg + Ff = (1000 kg + 800 kg) (9.8 m/s²) + 4000 N = 21640 N","'95.11507416"
"'148","'LINE","'The power P = F V = (21640 N) ( 2.5 m/s) = 54100 W = 54.1 KW","'94.14270020"
"'148","'LINE","'Example 4.16","'99.22851563"
"'148","'LINE","'Two forces F1 = 5N and F2 = 2N along the","'96.27025604"
"'148","'LINE","'directions indicated are acting on a box that slides","'99.88690948"
"'148","'LINE","'horizontally to the right across a frictionless","'99.86122894"
"'148","'LINE","'surface, as shown in Figure 4.46. Force F₁ makes","'95.42343903"
"'148","'LINE","'Moti","'91.18482971"
"'148","'LINE","'e","'80.11419678"
"'148","'LINE","'an angle Θ = 60° with the horizontal. Force F2 is","'95.08500671"
"'148","'LINE","'F2","'82.72779846"
"'148","'LINE","'against the motion. The speed V of the box at a","'99.73989868"
"'148","'LINE","'certain instant is 4 m/s. What is the power due to","'99.91736603"
"'148","'LINE","'each force that acts on the box at that instant, and","'99.98298645"
"'148","'LINE","'Figure 4.46","'99.56542969"
"'148","'LINE","'what is the net power? Is the net power changing","'99.98226166"
"'148","'LINE","'with time?","'99.96054077"
"'148","'LINE","'Solution:","'99.89098358"
"'148","'LINE","'The weight m t as and the normal force FN are perpendicular to the velocity V.","'93.28528595"
"'148","'LINE","'Thus, their work done is zero, and hence the power due to each of them on the","'99.99248505"
"'148","'LINE","'block is zero.","'99.96392822"
"'148","'LINE","'142","'99.95117188"
"'149","'LINE","'Grade 11","'99.92187500"
"'149","'LINE","'The power delivered by F1 is:","'93.45809174"
"'149","'LINE","'P₁ = F1.V = COS 60° = 10W","'83.43868256"
"'149","'LINE","'which indicates that the force F1 is transferring energy to the box at a","'98.11180115"
"'149","'LINE","'rate of 10 J/s.","'98.41249084"
"'149","'LINE","'The power delivered by F2 is:","'97.80476379"
"'149","'LINE","'P₂ = F2.V = cos 180° = 8W","'83.92903137"
"'149","'LINE","'which indicates that the force F₁ is transferring energy from the box at a rate of","'97.70525360"
"'149","'LINE","'8 J/s.","'98.06600952"
"'149","'LINE","'The net power is the sum of the individual powers. Thus,","'99.97328949"
"'149","'LINE","'=","'93.50505829"
"'149","'LINE","'This indicates that the net rate of energy transfer to the box is positive. So, the kinetic","'99.96353149"
"'149","'LINE","'energy of the box will increase, and hence its speed. Consequently, the net power","'99.97013092"
"'149","'LINE","'will increase with time.","'99.99267578"
"'149","'LINE","'Review questions 4.4","'99.90234375"
"'149","'LINE","'1. Write down two examples in which a force is exerted on an object without","'99.89184570"
"'149","'LINE","'doing any work on the object.","'99.98697662"
"'149","'LINE","'2. A bullet has twice the mass of a second bullet. If both are fired so that they","'99.39373016"
"'149","'LINE","'have the same speed, which has more kinetic energy? What is the ratio of the","'99.98242188"
"'149","'LINE","'kinetic energies of the two bullets?","'99.97694397"
"'149","'LINE","'3.","'99.83398438"
"'149","'LINE","'(a) If the speed of a particle is doubled, what happens to its kinetic energy?","'99.93795013"
"'149","'LINE","'(b) What can be said about the speed of a particle if the net work done on it","'99.93685150"
"'149","'LINE","'is zero?","'99.93124390"
"'149","'LINE","'4. Can kinetic energy be negative? Explain.","'99.92665863"
"'149","'LINE","'5. The force acting on a particle varies as in Figure 4.47. Find the work done by","'99.85528564"
"'149","'LINE","'the force on the particle as it moves","'99.97314453"
"'149","'LINE","'Fx(N)","'86.73091125"
"'149","'LINE","'(a) from X = 0 to X = 8 m,","'88.44174957"
"'149","'LINE","'6","'99.30664063"
"'149","'LINE","'(b) From X = 8 m to x = 10 m, and","'92.97187042"
"'149","'LINE","'4","'98.40501404"
"'149","'LINE","'(c) From X = 0 to X = 10 m.","'87.65413666"
"'149","'LINE","'2","'97.81170654"
"'149","'LINE","'x(m)","'96.54795074"
"'149","'LINE","'2","'99.30504608"
"'149","'LINE","'4","'98.83549500"
"'149","'LINE","'6","'99.71600342"
"'149","'LINE","'8","'98.00701904"
"'149","'LINE","'10","'99.81365967"
"'149","'LINE","'-2","'93.19296265"
"'149","'LINE","'Figure 4.47","'99.66228485"
"'149","'LINE","'6.","'99.92187500"
"'149","'LINE","'Elastic potential energy depends on the spring constant and the distance the","'99.98603821"
"'149","'LINE","'spring is stretched or compressed. By what factor does the elastic potential","'99.96691895"
"'149","'LINE","'energy change if the spring's stretch is (a) doubled or (b) tripled?","'99.95252991"
"'149","'LINE","'7. Calculate the elastic potential energy of a spring with spring constant = 225 N/m","'98.58538818"
"'149","'LINE","'that is (a) compressed and (b) stretched by 1cm.","'99.44570923"
"'149","'LINE","'8. A diver drops from a board 15 m above the surface of water. Neglecting air","'99.12261200"
"'149","'LINE","'143","'99.99023438"
"'150","'LINE","'Physics","'99.85271454"
"'150","'LINE","'Student Text Book","'99.81478119"
"'150","'LINE","'resistance, (a) use conservation of mechanical energy to find his speed as he","'99.89080048"
"'150","'LINE","'is 5 m above the water's surface, and (b) find his speed as he hits the water.","'99.84862518"
"'150","'LINE","'9. What average power must be supplied to push a 10 kg block from rest to","'99.86302185"
"'150","'LINE","'20 m/s in 5 S when the coefficient of kinetic friction between the block and","'99.77713013"
"'150","'LINE","'surface is 0.2? Assume the acceleration is uniform.","'99.93460846"
"'150","'LINE","'10. An advertisement claims that a certain 1200 kg car can accelerate from rest to","'99.84916687"
"'150","'LINE","'a speed of 25 m/s in a time of 8 S. What average power must the motor develop","'99.54470062"
"'150","'LINE","'to produce this acceleration?","'99.98515320"
"'150","'LINE","'4.5 Conservation of mechanical energy","'99.97265625"
"'150","'LINE","'By the end of this section, you will be able to:","'99.91265869"
"'150","'LINE","'define mechanical energy.","'99.97369385"
"'150","'LINE","'state the law of conservation of mechanical energy.","'99.94935608"
"'150","'LINE","'apply the law of conservation of mechanical energy to solve problems","'99.97573853"
"'150","'LINE","'?","'99.64764404"
"'150","'LINE","'Brainstorming","'99.91051483"
"'150","'LINE","'If you drop a ball from the top of the whiteboard, discuss the energy conversion","'99.89863586"
"'150","'LINE","'that takes place as the ball falls down.","'99.98901367"
"'150","'LINE","'Suppose a car traveling along the road suddenly brakes to a stop. What kind of","'99.94538116"
"'150","'LINE","'energy conversion takes place in the process?","'99.96455383"
"'150","'LINE","'The law of conservation of mechanical energy states that in the absence of dissipative","'99.97460175"
"'150","'LINE","'forces like air resistance and friction, the total mechanical energy of an object or","'99.94828033"
"'150","'LINE","'system of objects remains unchanged.","'99.95443726"
"'150","'LINE","'ME = 0","'88.02462006"
"'150","'LINE","'AKE + PE = 0","'84.31719971"
"'150","'LINE","'(KE₆ KEi) + (PE₆ PEᵢ) = 0","'73.38098145"
"'150","'LINE","'KEᵢ + PEᵢ = KE₆ + PE₆","'73.77998352"
"'150","'LINE","'Example 4.17","'99.34082031"
"'150","'LINE","'A 10 kg block is released from rest at the top of a","'99.42059326"
"'150","'LINE","'smooth inclined plane 10 m in length, as shown","'99.94430542"
"'150","'LINE","'1","'55.14050674"
"'150","'LINE","'h","'84.61077118"
"'150","'LINE","'in Figure 4.48. Find the speed of the block as it","'99.96959686"
"'150","'LINE","'30°","'59.50872803"
"'150","'LINE","'reaches the bottom of the inclined plane.","'99.99291229"
"'150","'LINE","'Figure 4.48","'99.73144531"
"'150","'LINE","'144","'99.63867188"
"'151","'LINE","'Grade 11","'99.92636108"
"'151","'LINE","'Solution","'99.92028046"
"'151","'LINE","'There is no friction between the block and the inclined surface. Applying the law","'99.97872925"
"'151","'LINE","'of conservation of mechanical energy we write","'99.98303223"
"'151","'LINE","'AKE + ДРЕ = 0","'86.86634827"
"'151","'LINE","'The block starts from rest so that KEᵢ = 0, and at the bottom of the incline PE₆ = 0","'91.03800964"
"'151","'LINE","'PEᵢ = KE₆","'62.65818024"
"'151","'LINE","'mgh = ½ mv²","'90.15824127"
"'151","'LINE","'v = √2gh, h = lsin 30° = (10m) (0.5) = 5m","'91.08584595"
"'151","'LINE","'Therefore V = 2 (9.8m/s² (5m) = 9.9m/s","'83.65945435"
"'151","'LINE","'Example 4.18","'99.61425781"
"'151","'LINE","'Repeat the question in Example 4.17 if the inclined plane is rough and the","'99.97198486"
"'151","'LINE","'coefficient of kinetic friction between the block and the surface is 0.2.","'99.93227386"
"'151","'LINE","'Solution","'99.96014404"
"'151","'LINE","'In the presence of dissipative forces the work done by these forces equals the","'99.99360657"
"'151","'LINE","'change of mechanical energy of the system.","'100.00000000"
"'151","'LINE","'Wd = ME","'93.95600891"
"'151","'LINE","'-fₖd = (KEf — KEᵢ) + (PEf — PEᵢ)","'76.59387207"
"'151","'LINE","'Taking KEi = 0, PEf = 0 we have","'95.96373749"
"'151","'LINE","'- fₖd = KEf - PEᵢ","'78.26394653"
"'151","'LINE","'- (µₖN) =","'82.96409607"
"'151","'LINE","'= 1 2 mv² = mgh - (µₖN) l","'72.79423523"
"'151","'LINE","'= 1/2mv2 = mgh (µₖmgcos (30°)) = mg [ h - (µₖcos (30°) l]","'74.59930420"
"'151","'LINE","'v² = 2g[h - (µkcos (30°) l = 2g[h (µk (30o)","'81.80966187"
"'151","'LINE","'= 2 (9.8m/s²) [5 m - (0.2) (0.866) (10m) (10 m)] = 64 m/s","'83.75624084"
"'151","'LINE","'v = 8 m/s","'91.28328705"
"'151","'LINE","'145","'99.97070313"
"'152","'LINE","'Physics","'99.88201141"
"'152","'LINE","'I","'57.82973862"
"'152","'LINE","'Student Text Book","'99.83810425"
"'152","'LINE","'Example 4.19","'99.27734375"
"'152","'LINE","'A 2 kg block sliding over a smooth horizontal","'99.29264832"
"'152","'LINE","'V","'98.38747406"
"'152","'LINE","'surface with a constant speed of 8 m/s hits a","'99.83581543"
"'152","'LINE","'horizontal spring whose one end is fixed as shown","'99.97721100"
"'152","'LINE","'in Figure 4.49. If the maximum compression of the","'99.95859528"
"'152","'LINE","'spring just before the block comes to rest is 20 cm,","'99.96434784"
"'152","'LINE","'what is the spring constant of the spring?","'99.98291016"
"'152","'LINE","'Figure 4.49","'99.51660156"
"'152","'LINE","'Solution","'99.93083954"
"'152","'LINE","'Given","'99.99023438"
"'152","'LINE","'Speed of the block V = 8 m/s, compression of the spring x = 20 cm = 0.2 m.","'97.47669983"
"'152","'LINE","'Required is spring constant k","'99.84279633"
"'152","'LINE","'Initially the spring has no compression, X1 = 0, PEᵢ = 0 and after being compressed","'94.33081818"
"'152","'LINE","'through X2 = 0.2 m, it possesses elastic potential energy PEf = ½ kx= 2 ½ kx2","'88.75120544"
"'152","'LINE","'The block has initial KEᵢ = ½ mvᵢ² = ½ mv² and it stops after compressing the","'92.11912537"
"'152","'LINE","'spring Vf = 0 and KE₆ = 0.","'87.71307373"
"'152","'LINE","'In the absence of dissipative forces we write","'99.94599152"
"'152","'LINE","'ДКЕ + PE = 0","'74.64500427"
"'152","'LINE","'KEi = PEf","'59.57755280"
"'152","'LINE","'KEᵢ of the block = PEf of the spring","'86.07995605"
"'152","'LINE","'½ mv² = 1/ kx,²","'14.11994839"
"'152","'LINE","'k= mv² X = 2 (0.2)² / 3200N/m.","'83.89305115"
"'152","'LINE","'Review Questions 4.5","'99.80468750"
"'152","'LINE","'1. A ball is thrown straight up into the air. Where will it attain its minimum","'99.14645386"
"'152","'LINE","'kinetic energy? At what position is the gravitational potential energy of the","'99.98609924"
"'152","'LINE","'ball-Earth system a maximum?","'98.99652863"
"'152","'LINE","'2. A 1 kg ball is released from the top of an 18 m high tower. Neglecting air","'99.06966400"
"'152","'LINE","'resistance, where above the ground will the ball have its kinetic energy twice","'99.98930359"
"'152","'LINE","'its potential energy at that location?","'99.98860931"
"'152","'LINE","'3. A particle of mass m = 8 kg is released from point A and slides on the","'98.83624268"
"'152","'LINE","'146","'99.95117188"
"'153","'LINE","'Grade 11","'99.89138031"
"'153","'LINE","'frictionless track shown in Figure 4.50. Determine","'99.83950806"
"'153","'LINE","'(a) the particle's speed at points B and C and","'93.61511230"
"'153","'LINE","'(b) the net work done by the gravitational force in moving the particle from","'99.99151611"
"'153","'LINE","'A to C.","'90.05008698"
"'153","'LINE","'m","'44.58446121"
"'153","'LINE","'A","'88.34004211"
"'153","'LINE","'B","'92.70806885"
"'153","'LINE","'C","'95.63556671"
"'153","'LINE","'8 m","'97.87776947"
"'153","'LINE","'6m","'91.23086548"
"'153","'LINE","'4.5 m","'97.75201416"
"'153","'LINE","'Figure 4.50","'99.82870483"
"'153","'LINE","'4. A 5 kg block is set into motion up an inclined plane shown (Figure 4.51) with","'99.09559631"
"'153","'LINE","'initial velocity of 10 m/s. How far up along the plane does the block go before","'99.96999359"
"'153","'LINE","'coming to rest assuming?","'99.99511719"
"'153","'LINE","'(a) no friction between the block and the surface of the inclined plane?","'99.97559357"
"'153","'LINE","'(b) the coefficient of friction between block and the surface is 0.25?","'99.98271179"
"'153","'LINE","'Vi = 2 m/s","'95.17817688"
"'153","'LINE","'30","'98.03990173"
"'153","'LINE","'Figure 4.51","'99.65212250"
"'153","'LINE","'5. A 0.50 kg block slides across a tabletop with an initial velocity of 20 cm/s","'99.51435089"
"'153","'LINE","'and comes to rest in a distance of 50 cm. Find the average friction force that","'99.73190308"
"'153","'LINE","'retarded its motion.","'99.97017670"
"'153","'LINE","'6. Suppose a car traveling at a speed V skids a distance d after its brakes lock.","'99.48754120"
"'153","'LINE","'Estimate how far it would skid if it were traveling at speed 2v when its brakes","'99.94960785"
"'153","'LINE","'locked.","'99.96014404"
"'153","'LINE","'147","'99.91210938"
"'154","'LINE","'Physics","'99.92107391"
"'154","'LINE","'Student Text Book","'99.84109497"
"'154","'LINE","'4.6 Impulse and Linear Momentum","'99.95655060"
"'154","'LINE","'By the end of this section, you will be able to:","'99.91250610"
"'154","'LINE","'discuss impulse and linear momentum","'99.99218750"
"'154","'LINE","'relate impulses to collisions","'99.99267578"
"'154","'LINE","'apply the impulse-momentum theorem to solve problems","'99.96232605"
"'154","'LINE","'differentiate elastic and inelastic collisions","'99.99218750"
"'154","'LINE","'state the law of conservation of linear momentum","'99.94172668"
"'154","'LINE","'explain the meaning and usefulness of the concept of center of mass","'99.95877838"
"'154","'LINE","'calculate the center of mass of a given system","'99.78478241"
"'154","'LINE","'calculate the velocity of the center of mass","'99.94304657"
"'154","'LINE","'apply the law of conservation of linear momentum to solve problems","'99.96575928"
"'154","'LINE","'involving collision in one dimension.","'99.98828125"
"'154","'LINE","'?","'97.99804688"
"'154","'LINE","'Brainstorming","'99.92028046"
"'154","'LINE","'Suppose you are riding a bicycle at a speed of 15 m/s. How different is the effort","'99.73690796"
"'154","'LINE","'you are required to exert when you want to stop in 5 second or when you want to","'99.98589325"
"'154","'LINE","'stop in 9 seconds? Give your answer in terms of the force you apply on the brakes","'99.98506165"
"'154","'LINE","'and the time taken to stop.","'99.99511719"
"'154","'LINE","'Linear momentum is the property of a moving object that describes how hard it is to","'99.97106171"
"'154","'LINE","'set a body in motion or to stop it. It is hard to stop a fast moving object than a slow","'99.88106537"
"'154","'LINE","'moving object. Similarly, it is hard to stop a larger mass than a smaller mass provided","'99.85305786"
"'154","'LINE","'that they move with the same speed. The Linear momentum of a body is defined as","'99.95484161"
"'154","'LINE","'the product of its mass and its velocity.","'99.96786499"
"'154","'LINE","'Mathematically, Momentum = mass x Velocity","'93.87648773"
"'154","'LINE","'Linear mumentum denoted by P and","'99.59951019"
"'154","'LINE","'P = mv","'89.83882904"
"'154","'LINE","'Momentum is a vector quantity directed along the direction of the velocity and its","'99.96181488"
"'154","'LINE","'SI unit is kgm/s.","'99.92167664"
"'154","'LINE","'Exercise 4.5","'99.57031250"
"'154","'LINE","'How would the momentum of an object change if","'99.95932007"
"'154","'LINE","'a. the mass is doubled but the velocity remains the same?","'99.86813354"
"'154","'LINE","'b. the velocity is reduced to one-third of its original magnitude?","'99.96427155"
"'154","'LINE","'c. the direction of the velocity changes from South to East?","'95.72631836"
"'154","'LINE","'148","'99.96093750"
"'155","'LINE","'Grade 11","'99.87184906"
"'155","'LINE","'Example 4.20","'99.76074219"
"'155","'LINE","'What is the linear momentum of a 0.5 kg match box that is moving at a constant","'99.86236572"
"'155","'LINE","'speed of 6m/s toward the positive X direction?","'97.72319031"
"'155","'LINE","'Solution:","'99.89098358"
"'155","'LINE","'Given; m = 0.5kg V = 6 m/s + x direction","'94.32780457"
"'155","'LINE","'Required = ?","'96.58475494"
"'155","'LINE","'Usin g the equation P = mv","'94.49830627"
"'155","'LINE","'The magnitude of the momentum is P = mv = (0.5kg) (6m/s) = 3kgm/s.","'98.72754669"
"'155","'LINE","'The momentum takes the direction of velocity and we have P = 3 kg m/s, toward","'96.04898071"
"'155","'LINE","'+X direction.","'83.65264893"
"'155","'LINE","'Example 4.21","'99.85839844"
"'155","'LINE","'If the box in the above example is acted by an external force and its velocity is","'99.98554230"
"'155","'LINE","'increased from 6m/s to 15m/s along the same direction, what is the change in","'99.96913910"
"'155","'LINE","'momentum?","'99.91131592"
"'155","'LINE","'Solution:","'99.89098358"
"'155","'LINE","'The given are m = 0.5kg, Vᵢ = 6m/s, Vf = 15m/s","'94.20639038"
"'155","'LINE","'Required ДР = ?","'89.56278992"
"'155","'LINE","'The change momentum P = (mv)","'91.22535706"
"'155","'LINE","'= m (vf vᵢ)","'74.65005493"
"'155","'LINE","'= (0.5kg) (15m/s south - 6m/s south)","'95.22458649"
"'155","'LINE","'= 1.5kg m/s, south","'98.87615204"
"'155","'LINE","'Example 4.22","'99.63378906"
"'155","'LINE","'A 1.5 kg ball that was moving along a smooth horizontal floor at 5 m/s toward East","'99.13428497"
"'155","'LINE","'hits a hard surface and rebounds with the same speed along the same line. What is","'99.96160889"
"'155","'LINE","'the change in momentum of the ball?","'99.98023987"
"'155","'LINE","'149","'99.95117188"
"'156","'LINE","'Physics I Student Text Book","'91.92857361"
"'156","'LINE","'Solution","'99.93083954"
"'156","'LINE","'Given","'99.99023438"
"'156","'LINE","'Mass m = 1.5 kg,","'91.49663544"
"'156","'LINE","'Vᵢ = 5 m/s, East, vf = 5 m/s, West","'89.63681030"
"'156","'LINE","'ДР = (mv)","'83.97238159"
"'156","'LINE","'= m vf - vᵢ) = (1.5kg) (5 m/s, West - 5 m/s, East)","'83.38088226"
"'156","'LINE","'= (1.5kg) (5 m/s, West + 5 m/s, West)","'90.80210876"
"'156","'LINE","'= (1.5kg) (10 m/s, West) = 15 kgm/s, West","'91.95972443"
"'156","'LINE","'Changing the momentum of a body require application of a force. According to","'99.92365265"
"'156","'LINE","'Newton's second law, velocity of a moving object changes when a non-zero net force","'99.83734131"
"'156","'LINE","'acts on it. Starting from the common version of Newton's second law we define an","'99.94857788"
"'156","'LINE","'equivalent expression as follows.","'99.96278381"
"'156","'LINE","'F At At","'57.76994705"
"'156","'LINE","'F = p (Newton's second law in terms of momentum)","'93.69156647"
"'156","'LINE","'The net force (vector sum of all forces) acting on a particle equals the time rate of","'99.96219635"
"'156","'LINE","'change of momentum of the particle.","'99.97531891"
"'156","'LINE","'Rearranging the above equation we have","'99.99186707"
"'156","'LINE","'ДР = F At","'70.91672516"
"'156","'LINE","'?","'97.65625000"
"'156","'LINE","'Activity 4.18","'99.18457031"
"'156","'LINE","'Group discussion","'99.95077515"
"'156","'LINE","'According to the equation P = + t, a rapid change in momentum requires a large","'87.86881256"
"'156","'LINE","'net force, while a gradual change in momentum requires less net force. How is this","'99.79364777"
"'156","'LINE","'used in the design of automobile safety devices such as air bags that help to reduce","'99.98581696"
"'156","'LINE","'the possibility of injury of the driver?","'99.98721313"
"'156","'LINE","'J = F At","'33.32756805"
"'156","'LINE","'The product of the net force and the time interval, È t, is known as Impulse of the","'95.17869568"
"'156","'LINE","'net force, denoted by j.","'89.15258026"
"'156","'LINE","'The change in momentum of a particle during a time interval equals the impulse of","'99.93247986"
"'156","'LINE","'150","'99.97070313"
"'157","'LINE","'Grade 11","'99.89665985"
"'157","'LINE","'the net force that acts on the particle during that interval. This statement defines the","'99.98020172"
"'157","'LINE","'Impulse-Momentum theory.","'99.64276123"
"'157","'LINE","'Key term","'99.84215546"
"'157","'LINE","'Momentum: describe the effort require to get a body moving or to stop it.","'99.73333740"
"'157","'LINE","'Impulse: is change of momentum","'99.94678497"
"'157","'LINE","'Example 4.23","'99.84375000"
"'157","'LINE","'A 2 kg ball that was moving along a smooth horizontal floor at 2.5 m/s toward East","'98.74731445"
"'157","'LINE","'hits a hard surface and rebounds with a speed of 2.3 m/s along the same line. If the","'99.77330017"
"'157","'LINE","'time of interaction between the ball and the wall is 0.20 s,","'98.74530029"
"'157","'LINE","'(a) What is the change in momentum of the ball?","'99.95745087"
"'157","'LINE","'(b) What is the impulse imparted to the ball?","'99.98146057"
"'157","'LINE","'(b) What is the net force exerted on the ball by the surface?","'99.98410034"
"'157","'LINE","'Solution","'99.95037079"
"'157","'LINE","'Given","'99.95117188"
"'157","'LINE","'Mass m = 2 kg,","'68.94301605"
"'157","'LINE","'vᵢ = 2.5 m/s, East, vf = 2.3 m/s, West, t = 0.2 s","'89.37797546"
"'157","'LINE","'(a) ДР = mAv = (vf","'74.83969879"
"'157","'LINE","'= (2 kg) (2.3 m/s, West 2.5 m/s, East)","'94.58507538"
"'157","'LINE","'= (2 kg) (2.3 m/s, West + 2.5 m/s, West)","'94.17507935"
"'157","'LINE","'= 9.6 kg m/s, West","'98.05209351"
"'157","'LINE","'(b) Impulse = Change of momentum","'99.07160187"
"'157","'LINE","'J = ДР = 9.6 kg m/s, West","'87.78363037"
"'157","'LINE","'(c) From J = FA we have","'92.34317780"
"'157","'LINE","'F = J = 9.6kgm/s 0.2s west 48 kg m/s2, West = 48 N, West","'91.46569061"
"'157","'LINE","'Exercise 4.6","'99.76562500"
"'157","'LINE","'To improve the safety of a motorist, modern cars are built so the front end cramps","'99.13325500"
"'157","'LINE","'upon impact. A 1500 kg car is traveling at a constant speed of 10 m/s due East. It","'99.19112396"
"'157","'LINE","'hits a rigid wall and comes to rest in 0.25s.","'99.75440216"
"'157","'LINE","'a. Determine the impulse provided to the car.","'99.78625488"
"'157","'LINE","'b. What is the average net force exerted on the car?","'99.98313141"
"'157","'LINE","'c. For the same impulse, what would be the average net force exerted on the car","'97.67536926"
"'157","'LINE","'if it had a rigid bumper and frame that stopped the car in 0.04 s?","'99.48366547"
"'157","'LINE","'151","'99.88201141"
"'158","'LINE","'Physics I Student Text Book","'92.09040070"
"'158","'LINE","'?","'96.88476563"
"'158","'LINE","'Activity 4.19","'98.80331421"
"'158","'LINE","'Suppose you are standing on a table top that is 1 m high above the floor and that","'99.88410950"
"'158","'LINE","'you jump off the table and land on the floor. It is common experience that your","'99.97660828"
"'158","'LINE","'feet experience an upward force of the floor. What action do you take at the instant","'99.98718262"
"'158","'LINE","'you land on the floor in order to minimize the effect (magnitude) of the force on","'99.97345734"
"'158","'LINE","'your feet?","'99.95077515"
"'158","'LINE","'Example 4.24","'99.86816406"
"'158","'LINE","'The force that an average football player can exert on a ball is 1200N. Such a","'99.79519653"
"'158","'LINE","'football striker shoots a penalty from a penalty spot 1 1m from the goal line. The","'99.29072571"
"'158","'LINE","'average mass of a soccer ball is 400g. If the time of contact between the ball and","'99.94175720"
"'158","'LINE","'the foot is 0.02s, what is the velocity of the ball as it leaves the spot?","'99.98042297"
"'158","'LINE","'Solution:","'99.91051483"
"'158","'LINE","'The given are: magnitude of the force F = 1200 N, At = 0.02s m = 400g = 0.4kg.","'96.40832520"
"'158","'LINE","'Required: V =?","'94.45372009"
"'158","'LINE","'Reasoning: The ball is accelerating from rest to a velocity TV as long as the force","'98.03836060"
"'158","'LINE","'is applied on it for 0.02 S. After it leaves the foot of the striker, the only forces","'98.69870758"
"'158","'LINE","'are gravity and air resistance. As the ball accelerates from 12 i=0 to vf = v , the","'89.58626556"
"'158","'LINE","'momentum of the ball is changed from Pi to Pf.","'99.90455627"
"'158","'LINE","'Therefore using the equation,","'99.96073914"
"'158","'LINE","'Since the ball is initially at rest on the penalty spot, pi=0 = and p f = mv.","'91.28029633"
"'158","'LINE","'Thus, V = 0.4kg = 30 m/s.","'92.35675049"
"'158","'LINE","'Exercise 4.7","'99.79003906"
"'158","'LINE","'What is the acceleration of the ball in the above example while it was in contact","'99.98224640"
"'158","'LINE","'with the striker's foot? How long does it take for the ball to pass the goal line?","'99.70834351"
"'158","'LINE","'(Assume the ball obtained a slight air clearance on its path to the goal line so that","'99.55493164"
"'158","'LINE","'friction can be neglected.)","'99.95789337"
"'158","'LINE","'152","'99.85351563"
"'159","'LINE","'Grade 11","'99.88201141"
"'159","'LINE","'One way to calculate the impulse","'99.98684692"
"'159","'LINE","'Fnet (N)","'86.70390320"
"'159","'LINE","'provided to an object is to graph","'99.99023438"
"'159","'LINE","'the net force on the object as a","'99.94579315"
"'159","'LINE","'function of the interaction time","'99.98405457"
"'159","'LINE","'as in Figure 4.52. The area of","'99.97745514"
"'159","'LINE","'10 20 30 40","'95.99978638"
"'159","'LINE","'the net force versus time graph","'99.99349213"
"'159","'LINE","'t (s)","'77.62117004"
"'159","'LINE","'0","'99.34091949"
"'159","'LINE","'0.1","'99.85192108"
"'159","'LINE","'0.2","'99.97070313"
"'159","'LINE","'0.3","'99.87065887"
"'159","'LINE","'0.4","'99.92107391"
"'159","'LINE","'0.5","'99.93083954"
"'159","'LINE","'0.6","'99.91131592"
"'159","'LINE","'is equal to the magnitude of the","'99.98721313"
"'159","'LINE","'impulse provided.","'99.93045044"
"'159","'LINE","'Figure 4.52 Magnitude of net force (Fₙₑₜ) versus","'95.96301270"
"'159","'LINE","'time graph of a model rocket. The area under the","'99.85999298"
"'159","'LINE","'graph equals the impulse provided to the rocket.","'99.99633789"
"'159","'LINE","'In reality, many interactions occur for a very short period of time that accurate","'99.95891571"
"'159","'LINE","'measurement of the net force is difficult. The net force increases from zero to a very","'99.90126038"
"'159","'LINE","'large value in a short period of time like in the case of the baseball bat hitting the","'99.91933441"
"'159","'LINE","'ball, Figure 4.53. The area bounded by the dotted line equals the impulse provided","'99.99227142"
"'159","'LINE","'by the bat.","'99.99349213"
"'159","'LINE","'Fnot","'32.36866379"
"'159","'LINE","'Average Fnot)","'73.79325104"
"'159","'LINE","'t","'83.59723663"
"'159","'LINE","'At","'87.44280243"
"'159","'LINE","'Figure 4.53 the bat exerts non-linear net force on the ball. The product (average net force)","'99.89494324"
"'159","'LINE","'x (time interval) gives the impulse.","'98.38146210"
"'159","'LINE","'Exercise 4.8","'99.83886719"
"'159","'LINE","'Calculating Force: Venus Williams' Tennis Serve","'99.85221863"
"'159","'LINE","'During the 2007 French Open, Venus Williams hit the fastest recorded serve in a","'99.95263672"
"'159","'LINE","'premier women's match, reaching a speed of 209 km/). What is the average force","'99.82851410"
"'159","'LINE","'exerted on the 0.057 kg tennis ball by Venus Williams' racquet? Assume that the","'99.77739716"
"'159","'LINE","'ball's speed just after impact is 58 m/s, as shown in Figure 4.54, that the initial","'99.91691589"
"'159","'LINE","'horizontal component of the velocity before impact is negligible, and that the ball","'99.98241425"
"'159","'LINE","'remained in contact with the racquet for 5 ms.","'99.98037720"
"'159","'LINE","'153","'99.97070313"
"'160","'LINE","'Physics","'99.93164063"
"'160","'LINE","'I","'57.98479462"
"'160","'LINE","'Student Text Book","'99.93083954"
"'160","'LINE","'Vₜ","'71.34944916"
"'160","'LINE","'Figure 4.54 The tennis ball acquires a final velocity of 209 km/h (58 m/s).","'99.41819000"
"'160","'LINE","'Law of Conservation of Linear Momentum","'99.99837494"
"'160","'LINE","'If two bodies collide or push each other apart and no forces act except for each one","'99.98023224"
"'160","'LINE","'pushing on the other, the total momentum of the two bodies does not change. That","'99.99148560"
"'160","'LINE","'is the initial total momentum is equal to the final total momentum.","'99.98101807"
"'160","'LINE","'Mathematically, 1=1,","'59.66173935"
"'160","'LINE","'For two bodies in motion having initial and final velocities each,","'99.96923828"
"'160","'LINE","'Consider what happens if the masses of two colliding objects are more similar such","'99.98941803"
"'160","'LINE","'as two identical cars for example, one car bumping into another, as shown in Figure","'99.97699738"
"'160","'LINE","'4.55. Both cars are moving in the same direction when the lead car (labeled m₂) is","'98.22580719"
"'160","'LINE","'bumped by the trailing car (labeled m₁). The only unbalanced force on each car is the","'98.02721405"
"'160","'LINE","'force of the collision. (Assume that the effects due to friction are negligible.) Car 1","'99.91873932"
"'160","'LINE","'slows down as a result of the collision, losing some momentum, while car 2 speeds","'99.88686371"
"'160","'LINE","'up and gains some momentum. We shall now show that the total momentum of the","'99.97548676"
"'160","'LINE","'two-car system remains constant.","'99.95829773"
"'160","'LINE","'Before","'99.93083954"
"'160","'LINE","'Fₙₑₜ = 0","'19.16194916"
"'160","'LINE","'System of","'99.86656952"
"'160","'LINE","'interest","'99.79093933"
"'160","'LINE","'P1 + P2ᵢ = P","'55.67412949"
"'160","'LINE","'u1","'44.41705322"
"'160","'LINE","'U2","'52.64449310"
"'160","'LINE","'m1","'90.71448517"
"'160","'LINE","'m2","'99.32218933"
"'160","'LINE","'154","'99.56054688"
"'161","'LINE","'After","'97.84837341"
"'161","'LINE","'Fnet = 0","'42.57095337"
"'161","'LINE","'Grade 11","'99.78435516"
"'161","'LINE","'System of","'99.82302094"
"'161","'LINE","'interest","'99.72257996"
"'161","'LINE","'st","'55.11400223"
"'161","'LINE","'Nit","'15.83685398"
"'161","'LINE","'m1","'89.31829834"
"'161","'LINE","'m2","'97.72142029"
"'161","'LINE","'Figure 4.55. Car of mass m1 moving with a velocity of u₁ bumps into another car of mass","'94.58802032"
"'161","'LINE","'m2 and velocity ū₂ that it is following. As a result, the first car slows down to a velocit of","'97.74196625"
"'161","'LINE","'v₁ and the second speeds up to a velocity of v₂. The momentum of each car is changed,","'97.07345581"
"'161","'LINE","'but the total momentum Pₜₒₜ of the cars is the same before and after the collision (if you","'97.59313965"
"'161","'LINE","'assum friction is negligigle)","'99.59188843"
"'161","'LINE","'Using the definition of impulse, the change in momentum of car 1 is given by","'99.95335388"
"'161","'LINE","'where F₁ is the force on car 1 due to car 2, and At is the time the force acts (the","'95.42964172"
"'161","'LINE","'duration of the collision).","'99.94080353"
"'161","'LINE","'Similarly, the change in momentum of car 2 is","'99.88562775"
"'161","'LINE","'where+, 2 is the force on car 2 due to car 1, and we assume the duration of the colli-","'96.14441681"
"'161","'LINE","'sion At is the same for both cars. We know from Newton's third law that","'97.27085876"
"'161","'LINE","'Pᵢ= Pᵢ = (The law of conservation of momentum)","'88.38799286"
"'161","'LINE","'Collisions in One Dimension","'99.97782898"
"'161","'LINE","'The term collision is used to represent an event during which two particles come","'99.98808289"
"'161","'LINE","'close to each other and interact by means of forces. The time interval during which","'99.99208069"
"'161","'LINE","'the velocities of the particles change from initial to final values (time of interaction)","'99.93103027"
"'161","'LINE","'is assumed to be short so that the interaction forces are assumed to be much greater","'99.66078186"
"'161","'LINE","'than any external forces present.","'99.98210144"
"'161","'LINE","'In the previous section we have discussed that the total momentum of an isolated","'99.98732758"
"'161","'LINE","'system just before a collision equals the total momentum of the system just after the","'99.95970154"
"'161","'LINE","'collision.","'99.64126587"
"'161","'LINE","'In contrast, depending on the type of collision, the total kinetic energy of the system","'99.97228241"
"'161","'LINE","'of particles may or may not be conserved. Collisions are classified as Elastic and","'99.97599792"
"'161","'LINE","'155","'99.97070313"
"'162","'LINE","'Physics","'99.89178467"
"'162","'LINE","'Student Text Book","'99.84786987"
"'162","'LINE","'Inelastic depending on whether or not kinetic energy of the system is conserved.","'99.96576691"
"'162","'LINE","'A collision in which both total momentum and total kinetic energy are conserved","'99.78555298"
"'162","'LINE","'is known as Elastic collision. Elastic collisions occur between atomic and subatomic","'99.93965912"
"'162","'LINE","'particles. Collisions between two billiard balls are some of the practical collisions","'99.97932434"
"'162","'LINE","'that are only approximately elastic.","'99.98030853"
"'162","'LINE","'A collision in which total momentum is conserved but total kinetic energy is not","'99.65427399"
"'162","'LINE","'conserved is known as inelastic collision. When the colliding objects stick together","'99.98433685"
"'162","'LINE","'after interaction, the collision is said to be completely inelastic.","'99.93833923"
"'162","'LINE","'?","'97.39257813"
"'162","'LINE","'Activity 4.20","'99.63378906"
"'162","'LINE","'Discuss","'99.96014404"
"'162","'LINE","'Momentum of an isolated system is conserved in all collisions. Kinetic energy of","'99.96495056"
"'162","'LINE","'an isolated system is conserved only in elastic collisions. Why?","'99.97331238"
"'162","'LINE","'Elastic collision","'99.90074921"
"'162","'LINE","'Consider two masses m₁ and","'92.79464722"
"'162","'LINE","'m₂ moving along the same","'94.26881409"
"'162","'LINE","'V1i","'78.95647430"
"'162","'LINE","'V2","'11.72124100"
"'162","'LINE","'line in opposite direction","'99.98007202"
"'162","'LINE","'i","'59.91659164"
"'162","'LINE","'12","'21.76986885"
"'162","'LINE","'Before collision","'99.33334351"
"'162","'LINE","'as shown in Figure 4.56. If","'99.95742035"
"'162","'LINE","'the masses make a head-","'99.91912079"
"'162","'LINE","'on elastic collision, how do","'99.93638611"
"'162","'LINE","'we determine the velocities","'99.94284821"
"'162","'LINE","'V1f","'36.08737183"
"'162","'LINE","'V2f","'47.75590134"
"'162","'LINE","'After collision","'98.46540070"
"'162","'LINE","'of each of the masses after","'99.99186707"
"'162","'LINE","'collision?","'99.95037079"
"'162","'LINE","'Figure 4.56 Two masses making an elastic head-on collision","'99.89204407"
"'162","'LINE","'In an elastic collision both kinetic energy and momentum are conserved and we","'99.98566437"
"'162","'LINE","'have","'100.00000000"
"'162","'LINE","'As the masses are moving along the same line in opposite directions, velocities","'99.95413208"
"'162","'LINE","'directed to the right can be taken positive and velocities directed to the left can be","'99.97457886"
"'162","'LINE","'taken negative. With this consideration we write","'99.96025848"
"'162","'LINE","'And for the conservation of kinetic energy, we write","'99.94837952"
"'162","'LINE","'156","'99.96093750"
"'163","'LINE","'Grade 11","'99.89665985"
"'163","'LINE","',","'86.08607483"
"'163","'LINE","'m₁ (v₁ᵢ V₁ƒ) (v₁ᵢ + V₁ƒ) = M₂ (v₂ƒ v₂ᵢ) (v₂ƒ +","'63.36608124"
"'163","'LINE","'m₁ (v₁ᵢ V₁ƒ) + V₁ƒ)","'62.00065613"
"'163","'LINE","'=","'87.14764404"
"'163","'LINE","'m₂(v₂f - v₂ᵢ)","'10.69604969"
"'163","'LINE","'This equation, in combination with the equation of the law of conservation of","'99.98698425"
"'163","'LINE","'momentum can be can be used to solve problems dealing with elastic collisions. See","'99.97093964"
"'163","'LINE","'that (v₁₁ - v₂ᵢ) is the relative velocity of the masses before collision and is","'92.26380920"
"'163","'LINE","'the relative velocity of the masses after collision.","'99.95404053"
"'163","'LINE","'?","'96.28906250"
"'163","'LINE","'Activity 4.21","'99.80429077"
"'163","'LINE","'Give real life examples of elastic collisions,","'99.98152161"
"'163","'LINE","'inelastic collisions and","'99.98671722"
"'163","'LINE","'perfectly inelastic collisions.","'99.97342682"
"'163","'LINE","'Example 4.25","'99.84375000"
"'163","'LINE","'Consider two masses m₁ of 4 kg and m2 of 6 kg moving along the same line in","'96.05943298"
"'163","'LINE","'opposite direction as shown in Figure 4.56, with velocities of 2 m/s and 1 m/s","'99.93110657"
"'163","'LINE","'respectively, along the directions indicated. If the masses make an elastic collision,","'99.94712067"
"'163","'LINE","'what are the velocities of each of the masses after collision?","'99.98565674"
"'163","'LINE","'Given","'100.00000000"
"'163","'LINE","'m₁ = 4kg,v₁ = + 2m/s","'17.56337738"
"'163","'LINE","'m₂ = 6kg,v₂ = - 1 m/s","'17.81294823"
"'163","'LINE","'For an elastic collision both momentum and kinetic energy are conserved and we","'99.96757507"
"'163","'LINE","'write","'100.00000000"
"'163","'LINE","'And also","'99.85839844"
"'163","'LINE","'157","'99.96093750"
"'164","'LINE","'Physics I Student Text Book","'91.90756989"
"'164","'LINE","'Solving the simul tan eous equation","'99.84986115"
"'164","'LINE","'2v1f + 3v2f = 1 and","'79.10588074"
"'164","'LINE","'V2f V1f = 3,","'83.51871490"
"'164","'LINE","'we get","'99.84295654"
"'164","'LINE","'v1f = - 00/15 m/s and V2f = 7/15 m/s","'80.32411957"
"'164","'LINE","'The final results show that after collision m1 moves to the left with a speed","'99.87818909"
"'164","'LINE","'of 00/15 m/s and M₂ moves to the right with a speed of 7/15 m/s.","'91.25525665"
"'164","'LINE","'Key terms","'99.89138031"
"'164","'LINE","'Elastic collision: a collision in which both kinetic energy E and momentum are","'99.25772095"
"'164","'LINE","'conserved","'99.97070313"
"'164","'LINE","'Inelastic collision: a collision in which momentum is conserved but kinetic energy is","'99.56083679"
"'164","'LINE","'not.","'99.96014404"
"'164","'LINE","'Example 4.26","'99.93164063"
"'164","'LINE","'Two gliders A and B with masses of 0.5 kg and 0.3 kg, respectively, move toward","'98.08493805"
"'164","'LINE","'each other on a frictionless air track (Figure 4.57 a). After they collide (Figure 4.57","'99.45772552"
"'164","'LINE","'b), glider B has a final velocity of 2 m/s toward the positive X direction (Figure","'96.07160950"
"'164","'LINE","'4.57 c).","'97.48186493"
"'164","'LINE","'1ª","'19.99083138"
"'164","'LINE","'VBi","'81.30420685"
"'164","'LINE","'VAf","'47.75729370"
"'164","'LINE","'V af","'18.73036957"
"'164","'LINE","'B","'55.39690399"
"'164","'LINE","'x","'54.79661942"
"'164","'LINE","'A","'97.13747406"
"'164","'LINE","'A","'94.81903839"
"'164","'LINE","'B","'65.13382721"
"'164","'LINE","'A","'94.96950531"
"'164","'LINE","'B","'41.95541763"
"'164","'LINE","'MA","'65.70092773"
"'164","'LINE","'mB","'52.52132416"
"'164","'LINE","'(a) Before collision","'99.17377472"
"'164","'LINE","'(b) Collision","'99.29348755"
"'164","'LINE","'(c) After collision","'99.43977356"
"'164","'LINE","'Figure 4.57 Gliders on an air track","'99.95954132"
"'164","'LINE","'(a) What is the final velocity of glider A?","'99.89514923"
"'164","'LINE","'(b) How do the changes in momentum and in velocity compare?","'99.96760559"
"'164","'LINE","'Solution","'99.96014404"
"'164","'LINE","'Given","'100.00000000"
"'164","'LINE","'mA = 0.5 kg, VAi = 2 m/s","'80.84208679"
"'164","'LINE","'(a) Applying The law of conservation of linear momentum,","'99.93518829"
"'164","'LINE","'158","'99.79492188"
"'165","'LINE","'Grade 11","'99.89746094"
"'165","'LINE","'(0.5 kg) (2 m/s) + (0.3 kg) (-2 m/s) = (0.5 kg) (VAƒ) + ( 0.3 kg)(2 m/s)","'85.43756104"
"'165","'LINE","'1 kg m/s - 0.6 kgm/s = (0.5 kg) (Vₐƒ) + 0.6 kg m/s","'91.79200745"
"'165","'LINE","'Solving for VAť we get Vₐƒ = - 0.4 m/s","'81.63701630"
"'165","'LINE","'(b) Change of velocity of glider A is","'98.00905609"
"'165","'LINE","'VA = Vₐf - VAi = (-0.4 m/s) - (2 m/s) = - 2.4 m/s","'78.30702972"
"'165","'LINE","'Change of velocity of glider B is","'97.01411438"
"'165","'LINE","'VB = - VBi = (2 m/s) - (-2 m/s) = + 4 m/s","'81.78499603"
"'165","'LINE","'See that VA 1 AvB","'64.03409576"
"'165","'LINE","'Change of momentum of glider A is","'98.52991486"
"'165","'LINE","'mA (AvA) = (0.5 kg)( 2.4 m/s) = -1.2 kgm/s","'82.42965698"
"'165","'LINE","'Change of momentum of glider B is","'96.82987213"
"'165","'LINE","'1B(AvB) = (0.3 kg)( + 4 m/s) = 1.2 kgm/s","'84.60754395"
"'165","'LINE","'The gliders experience equal and opposite forces and according to Newton's second","'99.92787170"
"'165","'LINE","'law the one with the smaller mass will have acceleration of larger magnitude. By the","'99.95633698"
"'165","'LINE","'impulse-momentum theorem, the gliders experienced equal and opposite impulses","'99.83655548"
"'165","'LINE","'and therefore equal and opposite changes in momentum.","'99.97396851"
"'165","'LINE","'Inelastic collision","'99.95077515"
"'165","'LINE","'Inelastic collisions are of two types. When the colliding objects stick together after","'99.99467468"
"'165","'LINE","'the collision, the collision is called perfectly inelastic. When the colliding objects do","'99.97171783"
"'165","'LINE","'not stick together, but some kinetic energy is lost the collision is called inelastic.","'99.97954559"
"'165","'LINE","'For a perfectly inelastic collision where the masses stick together after collision we","'99.96883392"
"'165","'LINE","'use","'99.95117188"
"'165","'LINE","'m₁v₁ᵢ + m₂V₂ᵢ = (m₁ + m₂) V, V is the common velocity of the masses after colli-","'86.07642365"
"'165","'LINE","'sion.","'99.93164063"
"'165","'LINE","'Example 4.27","'99.60937500"
"'165","'LINE","'A 700 g pistol loaded with a 180 g bullet rests on a smooth table, Figure 4.58. If the","'98.87944031"
"'165","'LINE","'bullet suddenly goes off with a speed of 300 m/s, with what speed will the pistol","'99.94889832"
"'165","'LINE","'recoil?","'99.99023438"
"'165","'LINE","'159","'99.91210938"
"'166","'LINE","'Physics I Student Text Book","'92.59617615"
"'166","'LINE","'Bullet","'99.83159637"
"'166","'LINE","'Pistol","'99.20360565"
"'166","'LINE","'V21","'53.43013000"
"'166","'LINE","'12","'27.79516029"
"'166","'LINE","'Figure 4.58 Recoil velocity of a Pistol","'99.77231598"
"'166","'LINE","'Solution","'99.91051483"
"'166","'LINE","'Given:","'99.99023438"
"'166","'LINE","'Mass of the Pistol-bullet system before interaction m = 700 g + 180 g = 880 g = 0.88 kg","'96.98463440"
"'166","'LINE","'Initial velocity of the system 7i=0 Ti =","'76.67296600"
"'166","'LINE","'Final velocity of the bullet V2f= 350 m/s, forward","'88.90586853"
"'166","'LINE","'To find the final velocity with which the pistol recoils just after interaction we","'99.98367310"
"'166","'LINE","'apply the law of conservation of momentum as","'99.98027039"
"'166","'LINE","'v","'46.97135925"
"'166","'LINE","'Substituting the given values we write","'99.95742035"
"'166","'LINE","'0 = (0.7 kg)( 1f) + 0.18 kg)(300 m/s)","'90.53927612"
"'166","'LINE","'Substituting the given values we write","'99.95240021"
"'166","'LINE","'0 = (0.7 kg) (v + 0.18 kg) (300 m/s)","'85.63634491"
"'166","'LINE","'Rearranging this equation and solving for V₁ƒ, we obtain","'92.70124817"
"'166","'LINE","'The minus sign indicates that as the bullet goes off forward, the pistol recoils","'99.99076080"
"'166","'LINE","'backward.","'99.92028046"
"'166","'LINE","'V1f = 77 m/s, backward","'81.30979156"
"'166","'LINE","'?","'94.92187500"
"'166","'LINE","'Activity 4.22","'99.32577515"
"'166","'LINE","'A physics student (mass 60 kg) carrying a 2 kg book is standing in the middle of a","'99.06321716"
"'166","'LINE","'frozen pond. What can he do in order to go toward the shore of the pond?","'99.99196625"
"'166","'LINE","'160","'99.95117188"
"'167","'LINE","'Grade 11","'99.88729858"
"'167","'LINE","'Example 4.28","'99.67285156"
"'167","'LINE","'Perfectly inelastic collision","'99.97017670"
"'167","'LINE","'A fully loaded dump truck with a mass of 25000 kg is moving at 72 km/h on","'99.09862518"
"'167","'LINE","'a level paved road. On its way, it suddenly collides head on with a 150 kg bajaj","'99.89849854"
"'167","'LINE","'which was moving at 54 km/h in the opposite direction. What will be the final","'99.97575378"
"'167","'LINE","'velocity of the truck-bajaj system after collision?","'99.92269897"
"'167","'LINE","'Given: m₁ = 25000kg,","'87.67089844"
"'167","'LINE","'v₁₁ = 72km/h = 20m/s","'29.36284256"
"'167","'LINE","'m2 = 150 kg","'83.58367920"
"'167","'LINE","'V₂ᵢ = 54 km/h = 15m/s (initially moving in opposite direction to the track's","'96.26413727"
"'167","'LINE","'motion)","'97.87089539"
"'167","'LINE","'Required: Vf = ?","'56.06320572"
"'167","'LINE","'Solution:","'99.93164063"
"'167","'LINE","'By conservation of linear momentum for a head-on collision,","'99.84388733"
"'167","'LINE","'Total momentum before collision = Total momentum after collision","'99.70541382"
"'167","'LINE","'Since the dump truck and the bajaj stick and go together to have a common final","'99.93364716"
"'167","'LINE","'velocity, we","'99.87712860"
"'167","'LINE","'Therefore:","'99.96093750"
"'167","'LINE","'(25000 kg)(20 m/s) + (150 kg)(-15 m/s) = (25000 kg + 150 kg)vf","'88.47600555"
"'167","'LINE","'Solving for the final velocity we get Vf = 19.7 m/s","'93.31600189"
"'167","'LINE","'The value is positive indicating that after collision the truck-bajaj system moves","'99.94989014"
"'167","'LINE","'along the initial direction of motion of the truck.","'99.98237610"
"'167","'LINE","'Example 4.29","'99.64843750"
"'167","'LINE","'Ballistic pendulum","'99.95525360"
"'167","'LINE","'Consider a ballistic pendulum, a type of pendulum used to determine the speed","'99.91827393"
"'167","'LINE","'of bullets before electronic timing devices were invented (Figure 4.59).","'99.90226746"
"'167","'LINE","'161","'99.44335938"
"'168","'LINE","'Physics","'99.91131592"
"'168","'LINE","'I","'56.42179108"
"'168","'LINE","'Student Text Book","'99.84786987"
"'168","'LINE","'ceiling","'98.84487152"
"'168","'LINE","'suspension","'99.31262207"
"'168","'LINE","'wire","'99.75186920"
"'168","'LINE","'pistol","'98.97421265"
"'168","'LINE","'bullet","'99.25562286"
"'168","'LINE","'block","'99.69168091"
"'168","'LINE","'height","'99.76243591"
"'168","'LINE","'of swing","'99.62780762"
"'168","'LINE","'Figure 4.59 A Ballistic pendulum","'98.53559875"
"'168","'LINE","'A stationary block of wood is suspended from the ceiling by light ropes. When a","'98.78592682"
"'168","'LINE","'bullet is fired at the block, the bullet becomes embedded in the wood upon impact.","'99.97976685"
"'168","'LINE","'Just after interaction the pendulum-bullet system starting from rest, rises up to a","'99.73461151"
"'168","'LINE","'certain height of swing before stopping. Derive an expression for the velocity of","'99.99392700"
"'168","'LINE","'the bullet in terms of mass of its own mass, mass of the block, g and swing height.","'99.96139526"
"'168","'LINE","'Solution","'99.92028046"
"'168","'LINE","'On impact some of the kinetic energy of the bullet is transferred to the pendulum-","'99.93909454"
"'168","'LINE","'bullet system so that the system will have speed Vf just after interaction. As","'97.15397644"
"'168","'LINE","'the pendulum-bullet system swings upward, its kinetic energy is converted to","'99.96870422"
"'168","'LINE","'gravitational potential energy.","'99.98020172"
"'168","'LINE","'Taking mass of bullet = m₁,","'93.60464478"
"'168","'LINE","'mass of the block = m₂","'93.03617859"
"'168","'LINE","'velocity of bullet before impact V₁ᵢ = v,","'94.86288452"
"'168","'LINE","'initial velocity of the block = 0,","'98.69371033"
"'168","'LINE","'swing height = h","'98.31278992"
"'168","'LINE","'The law of conservation of momentum can be written as","'99.96452332"
"'168","'LINE","'m₁v₁ᵢ+ m₂V₂i= = (m₁ + m₂) ( perfectly inelastic collision)","'78.94505310"
"'168","'LINE","'m₁v=(m₁ + m₂) f","'23.75338745"
"'168","'LINE","'my","'12.64777946"
"'168","'LINE","'162","'99.68750000"
"'169","'LINE","'Grade 11","'99.77907562"
"'169","'LINE","'f (perfectly inelastic collision)","'87.25647736"
"'169","'LINE","'m₁v=(m₁ + m₂) v₁","'17.59855270"
"'169","'LINE","'This is the velocity with which the pendulum-bullet system starts just after interaction.","'99.79349518"
"'169","'LINE","'Starting off with speed Vƒ the system rises up to swing height h so that the kinetic","'96.26979828"
"'169","'LINE","'energy of the pendulum-bullet system is changed to gravitational potential energy","'99.92743683"
"'169","'LINE","'of the system.","'99.98697662"
"'169","'LINE","'vf²= 2gh","'66.98181915"
"'169","'LINE","'Rearranging the equation we write the speed of the bullet as","'99.68461609"
"'169","'LINE","'?","'98.11523438"
"'169","'LINE","'Activity 4.23","'99.70214844"
"'169","'LINE","'In the solution for Example 4.29, we have assumed some of the initial kinetic","'99.98448181"
"'169","'LINE","'energy of the bullet being transferred to the pendulum-bullet system emphasizing","'99.95827484"
"'169","'LINE","'a loss of kinetic energy in the process. How do you explain this?","'99.84625244"
"'169","'LINE","'Example 4.30","'99.79980469"
"'169","'LINE","'A 14.9 g bullet from a pistol strikes a 2 kg ballistic pendulum. Upon impact, the","'98.59406281"
"'169","'LINE","'pendulum swings for ward and rises to a cm. What was the velocity ofthe","'90.88457489"
"'169","'LINE","'bullet immediately before impact?","'99.94364929"
"'169","'LINE","'Solution","'99.95037079"
"'169","'LINE","'Given","'99.99023438"
"'169","'LINE","'mass of the bullet = m₁ = 14.9 g = 0.0149 kg","'93.43672180"
"'169","'LINE","'mass of the block m₂ = 2 kg","'93.45085144"
"'169","'LINE","'initial velocity of the block = 0,","'98.25083923"
"'169","'LINE","'swing height = h = 21.9 cm = 0.219 m","'94.99813843"
"'169","'LINE","'Using the given values in the equation V = , we get the velocity","'97.33102417"
"'169","'LINE","'163","'99.89257813"
"'170","'LINE","'Physics | Student Text Book","'89.24918365"
"'170","'LINE","'of the bullet just before hitting the block as V = 280 m/s","'98.73979187"
"'170","'LINE","'Exercise 4.9","'99.76562500"
"'170","'LINE","'On a frictionless, horizontal air table, puck A (with mass 0.25 kg) is moving toward","'99.47348022"
"'170","'LINE","'puck B (with mass 0.35 kg), which is initially at rest. After the collision, puck A has","'97.75351715"
"'170","'LINE","'a velocity of 0.012 m/s to the left, and puck B has a velocity of 0.65 m/s to the right.","'97.96585083"
"'170","'LINE","'(a) What was the speed of puck A before the collision?","'99.17720795"
"'170","'LINE","'(b) Calculate the change in the total kinetic energy of the system that occurs during","'99.99088287"
"'170","'LINE","'the collision.","'99.87554169"
"'170","'LINE","'Center of Mass","'99.98371887"
"'170","'LINE","'The principle of conservation of momentum can be restated in a useful way by using","'99.90535736"
"'170","'LINE","'the concept of center of mass. A mechanical system can be either a particle or a","'99.70281982"
"'170","'LINE","'group of particles. Center of mass of an object or system of objects is a place where","'99.93941498"
"'170","'LINE","'the total mass of the system assumed to be concentrated. We shall see that the center","'99.97406769"
"'170","'LINE","'of mass of the system moves as if all the mass of the system were concentrated at that","'99.97666931"
"'170","'LINE","'point. When a resultant force acts on a system of objects or particles, the force is","'99.94945526"
"'170","'LINE","'assumed to have acted at the center of mass and the center of mass moves with an","'99.98333740"
"'170","'LINE","'acceleration governed by Newton's second law of motion.","'99.90045166"
"'170","'LINE","'Key terms","'99.84215546"
"'170","'LINE","'Center of mass: a point where the total mass of a body or system of objects is as","'99.64615631"
"'170","'LINE","'sumed to be concentrated","'99.97070313"
"'170","'LINE","'Suppose we have several particles with masses m₁, m₂ and so on. Let the coordi-","'96.07810974"
"'170","'LINE","'nates of m₁ be (x₁, y₁), be those of m₂ be (x₂, y₂) and so on. We define the center of","'92.23543549"
"'170","'LINE","'mass of the system as the point that has coordinates ( Xcm' Yᶜₘ) given by","'90.46115112"
"'170","'LINE","'Xcm = m₁+m₂ +m₃ +..+mₙ","'16.47017479"
"'170","'LINE","'Ycm = m₁+m₂+m₃+..+mₙ","'17.41913414"
"'170","'LINE","'Example 4.31","'99.69726563"
"'170","'LINE","'Three masses on m₁ = 300 g, m2 = 500 g and m₃ = 200 g are place on the xy plane","'93.28549957"
"'170","'LINE","'at coordinates (-2,2), (2,3) and (3,-1), respectively. If distances are in centimeters,","'97.39003754"
"'170","'LINE","'find the coordinates of the center of mass of the system.","'99.98654175"
"'170","'LINE","'164","'99.80468750"
"'171","'LINE","'Grade 11","'99.91699219"
"'171","'LINE","'Solution","'99.96014404"
"'171","'LINE","'Given ml = 0.3 kg at ( -2, 2) , m2 = 0.5 kg at (2, 3), m3 = 0.2 kg at (3, -1)","'94.30283356"
"'171","'LINE","'xcm = m₁X₁+m₂X₂+m₃X₃X₃ m₁ +m₂ + m₃ = = 1=1, 1","'68.54309845"
"'171","'LINE","'ycm = y₁ m₁ +m₂ + m₃ = 0.3+0.5+0,2 = 19 = 1.9","'57.45709610"
"'171","'LINE","'Motion of Center of the Mass","'99.97232819"
"'171","'LINE","'What will happen to the center of mass when the","'99.99609375"
"'171","'LINE","'system of particles moves? The center of mass of a","'99.96842957"
"'171","'LINE","'system of particles is the point that moves as though","'99.99023438"
"'171","'LINE","'all of the system's mass were concentrated there and","'99.95362854"
"'171","'LINE","'all external forces were applied there. Figure 4.60","'99.99013519"
"'171","'LINE","'shows the position of the center of mass (the dot) of","'99.97869110"
"'171","'LINE","'the baseball bat flipped in the air. The center of mass","'99.98838806"
"'171","'LINE","'follows parabolic path while the other parts of the","'100.00000000"
"'171","'LINE","'bat follow complicated path.","'99.99267578"
"'171","'LINE","'Figure 4.60 The motion of a baseball bat flipped in the air and the motion of its center of","'99.89534760"
"'171","'LINE","'mass.","'99.83398438"
"'171","'LINE","'Knowing the X and y coordinates of the center of mass (or the X and y components","'95.16743469"
"'171","'LINE","'of its position vector) we can determine the time rate at which the position vector","'99.97559357"
"'171","'LINE","'changes to determine the velocity of the center of mass.","'99.99015045"
"'171","'LINE","'The coordinates of x and y components of the center of mass are respectively,","'96.93885803"
"'171","'LINE","'(vcm)y=","'93.75418091"
"'171","'LINE","'m₁+m₂ +m₃ +..+mₙ","'16.26385117"
"'171","'LINE","'When writing this equation to the single vector equation of the velocity of the center","'99.98497009"
"'171","'LINE","'of mass, we have","'99.98779297"
"'171","'LINE","'165","'99.95117188"
"'172","'LINE","'Physics","'99.84295654"
"'172","'LINE","'I","'56.29035950"
"'172","'LINE","'Student Text Book","'99.81179810"
"'172","'LINE","'If the sum m₁ + m₂ + m₃ + mₙ represents the total mass of the system M, we","'91.70375824"
"'172","'LINE","'have","'99.99023438"
"'172","'LINE","'=","'90.63317108"
"'172","'LINE","'The linear momentum of a system of particles is equal to the product of the total","'99.90177155"
"'172","'LINE","'mass M of the system and the velocity of the center of mass.","'99.98641968"
"'172","'LINE","'Conservation of Momentum Applied to Rockets","'99.97843933"
"'172","'LINE","'The motion of a rocket, Figure 4.61, can be explained using Newton's third law.","'99.88988495"
"'172","'LINE","'When the rocket engines burn the fuel and eject the gas backwards, the rocket","'99.99145508"
"'172","'LINE","'propels upward (action-reaction pairs). The law of conservation of momentum","'99.79203033"
"'172","'LINE","'can also be used to explain why a rocket can accelerate even in a vacuum.","'99.84304047"
"'172","'LINE","'When the engines of a rocket burn fuel, the escaping exhaust gas has mass and","'99.95433807"
"'172","'LINE","'considerable speed. When a rocket is in outer space, external friction is negligible.","'99.89906311"
"'172","'LINE","'So the rocket-exhaust gas system is an isolated system. For a rocket-gas system,","'99.92783356"
"'172","'LINE","'the equation for the conservation of momentum is","'99.97772217"
"'172","'LINE","'AProcket","'17.69301987"
"'172","'LINE","'change in the momentum","'99.95809937"
"'172","'LINE","'rocket","'86.29394531"
"'172","'LINE","'of the rocket","'99.99023438"
"'172","'LINE","'change in the momentum","'99.95077515"
"'172","'LINE","'of exhast gas","'99.97721100"
"'172","'LINE","'Figure 4.61 Rocket propulsion","'99.84255219"
"'172","'LINE","'166","'99.85351563"
"'173","'LINE","'Grade 11","'99.79372406"
"'173","'LINE","'Review Questions 4.6","'99.90234375"
"'173","'LINE","'1. A car has the same kinetic energy when it is traveling south at 20 m/s as when","'99.37504578"
"'173","'LINE","'it is traveling northwest at 20 m/s. Is the momentum of the car the same in","'99.95036316"
"'173","'LINE","'both cases? Explain","'99.97070313"
"'173","'LINE","'2. A glass dropped on the floor is more likely to break if the floor is concrete than","'99.53279114"
"'173","'LINE","'if it is wood. Why?","'99.93538666"
"'173","'LINE","'3. An apple falls from a tree and feels no air resistance. As it is falling, which","'99.86303711"
"'173","'LINE","'of these statements about it are true? (a) Only its momentum is conserved;","'99.95211792"
"'173","'LINE","'(b) only its mechanical energy is conserved, (c) both its momentum and its","'99.25986481"
"'173","'LINE","'mechanical energy are conserved, (d) its kinetic energy is conserved.","'99.96347046"
"'173","'LINE","'4. What is the effect on impulse if (a) the time interval is doubled?","'99.95286560"
"'173","'LINE","'(b) the net force is reduced to one-third of its original magnitude?","'99.96656799"
"'173","'LINE","'5. A golfer hits a long sending 50 g golf ball toward East. The graph of the net","'99.46221924"
"'173","'LINE","'force as a function of time for the collision between the golf club and the ball","'99.89027405"
"'173","'LINE","'is as shown in Figure 4.62.","'99.94439697"
"'173","'LINE","'(a) What is the impulse provided to the ball?","'99.94395447"
"'173","'LINE","'(b) What is the velocity of the ball at the moment the golf club and ball","'99.98901367"
"'173","'LINE","'separate?","'99.97070313"
"'173","'LINE","'6000","'99.95117188"
"'173","'LINE","'5000","'100.00000000"
"'173","'LINE","'Magnitude of Net Force Fnet","'91.32021332"
"'173","'LINE","'4000","'100.00000000"
"'173","'LINE","'3000","'100.00000000"
"'173","'LINE","'2000","'99.96014404"
"'173","'LINE","'1000","'99.96014404"
"'173","'LINE","'0","'96.78671265"
"'173","'LINE","'0","'98.82115173"
"'173","'LINE","'0.2","'99.53304291"
"'173","'LINE","'0.4","'99.67375183"
"'173","'LINE","'0.6","'99.68271637"
"'173","'LINE","'0.8","'99.73313904"
"'173","'LINE","'1.0","'99.84215546"
"'173","'LINE","'1.2","'99.83238983"
"'173","'LINE","'Time t(ms)","'96.92542267"
"'173","'LINE","'Figure 4.62 Force vs time graph","'98.37764740"
"'173","'LINE","'6. Two billiard balls A and B that are traveling toward each with speeds of V and","'97.85234070"
"'173","'LINE","'2v respectively, If ball A is traveling tward East and B toward West, what are","'97.56352234"
"'173","'LINE","'the finalocities of the two balls. Assume an isolated system.","'99.97322845"
"'173","'LINE","'7. A 0.16 kg billiard ball traveling at 0.5 m/s, due North strikes a stationary 0.18","'98.81034088"
"'173","'LINE","'kg snooker ball and rebounds at 0.23 m/s due South. The snooker ball moves","'99.94821167"
"'173","'LINE","'off at 0.463 m/s due North. Ignoring the possible rotational effect, determine","'99.94744873"
"'173","'LINE","'if the collision is elastic?","'99.95850372"
"'173","'LINE","'8. A 75 kg hunter in a stationary canoe throws a 0.72 kg spear at 12 m/s in the","'98.96804047"
"'173","'LINE","'forward direction. The mass of the canoe is 10 kg. What will be the velocity of","'99.88978577"
"'173","'LINE","'the canoe and the hunter immediately after the spear is thrown?","'99.98387909"
"'173","'LINE","'9. A basketball player A and her wheelchair have a combined mass of 58 kg.","'98.28823853"
"'173","'LINE","'167","'99.88201141"
"'174","'LINE","'Physics","'99.93083954"
"'174","'LINE","'I","'64.27614594"
"'174","'LINE","'Student Text Book","'99.85086060"
"'174","'LINE","'She moves at 0.6 m/s toward East and pushes off a stationary player B while","'97.96751404"
"'174","'LINE","'jockeying for a position near the basket. Player A ends up moving at 20 m/s","'98.89453888"
"'174","'LINE","'toward West. The combined mass of player B and her wheelchair is 85 kg.","'97.67343140"
"'174","'LINE","'What will be player B's velocity immediately after interaction Figure 4.63)?","'99.87580109"
"'174","'LINE","'before","'99.71201324"
"'174","'LINE","'after","'99.20759583"
"'174","'LINE","'VAf = 0.6 m/s","'80.81642151"
"'174","'LINE","'VBf = ?","'89.64551544"
"'174","'LINE","'VAL = 0.6 m/s","'82.55306244"
"'174","'LINE","'Player A Player B","'99.05104065"
"'174","'LINE","'Player A","'99.08561707"
"'174","'LINE","'Player B","'98.56823730"
"'174","'LINE","'Figure 4.63","'99.78515625"
"'174","'LINE","'10. The center of gravity of an object may be located outside the object. Give a","'99.58868408"
"'174","'LINE","'few examples for which this is the case.","'99.99755859"
"'174","'LINE","'168","'99.73632813"
"'175","'LINE","'Grade 11","'99.72576141"
"'175","'LINE","'SUMMARY OF UNIT 4:","'99.88281250"
"'175","'LINE","'c","'38.95856476"
"'175","'LINE","'Newton's laws of motion can be applied in numerous situations to solve problems","'99.91458130"
"'175","'LINE","'related to motion.","'99.98046875"
"'175","'LINE","'c","'40.52913666"
"'175","'LINE","'Newton's first law also known as the law of inertia tells us that in the absence of","'99.92056274"
"'175","'LINE","'unbalanced force a body at rest remains at rest and a body in motion keeps on","'99.84619141"
"'175","'LINE","'moving with the same velocity.","'99.96029663"
"'175","'LINE","'c","'30.56949615"
"'175","'LINE","'Newam's second law describes what happens to a body if it is ncted upon by mn","'99.89295959"
"'175","'LINE","'unbalanced force. The acceleration of a body is directly proportional to the net","'99.94136047"
"'175","'LINE","'force and inversely proportional to the mass of the body. A body accelerates in the","'99.43582153"
"'175","'LINE","'direction of the net force on it.","'99.97628021"
"'175","'LINE","'C","'34.79163361"
"'175","'LINE","'Newton's third law tells us the fact that forces are in pairs and that action and","'99.91620636"
"'175","'LINE","'reaction are equal and opposite.","'99.95053101"
"'175","'LINE","'C","'38.56764221"
"'175","'LINE","'Friction is an example of contact type of force. It arises when a hody moves or","'99.91101074"
"'175","'LINE","'attempts to move on another body. Friction depends on the nature of the surfaces","'99.97483063"
"'175","'LINE","'in contact and the normal force.","'99.98371887"
"'175","'LINE","'c","'37.52112579"
"'175","'LINE","'Static friction is greater than sliding (kinetic friction).","'99.92859650"
"'175","'LINE","'C","'35.50223160"
"'175","'LINE","'The normal force on an object is not always equal in magnitude to the weight of the","'99.96185303"
"'175","'LINE","'object. It depends on the orientation of the surface on which an object is placed.","'99.96864319"
"'175","'LINE","'C","'32.85754013"
"'175","'LINE","'A body is in equilibrium is the net force acting on it is zera.","'99.62480927"
"'175","'LINE","'c","'34.31969452"
"'175","'LINE","'When a body is in equilibrium, it is either at rest or moves at a constant speed in a","'99.83073425"
"'175","'LINE","'fixed direction. Itx acceleration will be zero.","'99.94908905"
"'175","'LINE","'c","'34.24216843"
"'175","'LINE","'For problems involving two or more forces, draw free-body diagrams, resolve the","'99.95565796"
"'175","'LINE","'forces into their components and apply Newton's laws","'99.88306427"
"'175","'LINE","'c","'34.17520142"
"'175","'LINE","'The net work done Wₙₑₜ, is the work done by the net force acting on an object.","'97.75593567"
"'175","'LINE","'c","'31.46693802"
"'175","'LINE","'Work done on an object transfers energy to the object.","'99.96468353"
"'175","'LINE","'The translational kinetic energy of an object of mass m moving at speed V is k=","'99.45327759"
"'175","'LINE","'1/2 mv²","'20.85957336"
"'175","'LINE","'c","'35.04892731"
"'175","'LINE","'The work-energy theorem states that the network Wₙₑₜ on a system changes its","'98.27110291"
"'175","'LINE","'kinetic energy.","'99.92595673"
"'175","'LINE","'C","'33.39524841"
"'175","'LINE","'Gravitational potential energy of a mass m placed at height habove a reference is","'99.89364624"
"'175","'LINE","'PE=mgh","'99.47444916"
"'175","'LINE","'c","'34.95296478"
"'175","'LINE","'One of the common examples of work done by a varying force is work done on a","'99.92691803"
"'175","'LINE","'spring.","'99.96014404"
"'175","'LINE","'c","'46.93498993"
"'175","'LINE","'Elastic potential energy of a spring that is stretched or compressed through X is","'97.59696960"
"'175","'LINE","'PE=k²","'21.02638817"
"'175","'LINE","'Linear momentum is defined as the product of a system's mass and its velocity.","'99.83409882"
"'175","'LINE","'c","'36.58751297"
"'175","'LINE","'In symbols, linear momentum P is defined to be P = mv where m is the mass of","'97.51171112"
"'175","'LINE","'169","'99.93164063"
"'176","'LINE","'Physics","'99.92107391"
"'176","'LINE","'I","'66.58033752"
"'176","'LINE","'Student Text Book","'99.95063782"
"'176","'LINE","'the system and is its velocity.","'99.96691895"
"'176","'LINE","'c","'45.41404343"
"'176","'LINE","'The SI unit for momentum is kgm/s.","'99.95652771"
"'176","'LINE","'c","'32.35002899"
"'176","'LINE","'Newton's second law of motion when expressed in terms of momentum it take the","'99.95403290"
"'176","'LINE","'form Fₙₑₜ =","'71.30978394"
"'176","'LINE","'c","'34.29528046"
"'176","'LINE","'Center of mass of a body is a point where the total mass of the body is assumed to","'99.88370514"
"'176","'LINE","'be concentrated.","'99.96014404"
"'176","'LINE","'c","'34.70902252"
"'176","'LINE","'Power is the rate of doing work or the rate of transfer of energy.","'99.98587799"
"'176","'LINE","'c","'40.33113480"
"'176","'LINE","'When a certain work is done in a given interval of time, the power delivered is","'99.83592987"
"'176","'LINE","'given by Power = Work/time.","'99.53420258"
"'176","'LINE","'c","'37.44967651"
"'176","'LINE","'When a force is applied on an object, the velocity is changed, the power delivered","'99.94131470"
"'176","'LINE","'at that instant of time is given by the dot product of the applied force and the","'99.99363708"
"'176","'LINE","'velocity vector as P = F.v","'91.85277557"
"'176","'LINE","'c","'36.63833618"
"'176","'LINE","'When several forces are acting on a body, the net power delivered is the sum of the","'99.95347595"
"'176","'LINE","'power delivered by each of the forces.","'99.98872375"
"'176","'LINE","'C","'37.88345337"
"'176","'LINE","'Positive power means energy is transferred to the object by the force.","'99.98196411"
"'176","'LINE","'c","'33.05335236"
"'176","'LINE","'Negative power means energy is transferred from the object by the force.","'99.99016571"
"'176","'LINE","'170","'99.77539063"
"'177","'LINE","'Grade 11","'99.76522827"
"'177","'LINE","'END OF UNIT 4 QUESTIONS:","'99.86718750"
"'177","'LINE","'1. A ball of mass m is suspended by a string from the ceiling, the Earth pulls down","'99.75061035"
"'177","'LINE","'the ball with a force of magnitude equal to the weight of the ball. Consider this to","'99.93707275"
"'177","'LINE","'be the action force, what is the action force?","'99.98915100"
"'177","'LINE","'a. The string pulling upward on object with a force of magnitude equal to","'99.95565796"
"'177","'LINE","'the weight of the ball","'99.99609375"
"'177","'LINE","'b. The ceiling pulling upward on the string with a force of magnitude equal","'99.95774841"
"'177","'LINE","'to the weight of the ball.","'99.98697662"
"'177","'LINE","'c. The ball pulling upward on the earth with a force of magnitude equal to","'98.10310364"
"'177","'LINE","'the weight of the ball.","'99.98226166"
"'177","'LINE","'2. It is easier to pull a rolling bag on a road than to push. This is because when the","'99.92726135"
"'177","'LINE","'rolling bag is pulled,","'99.99023438"
"'177","'LINE","'a)","'99.75267029"
"'177","'LINE","'the vertical component of the force","'99.99172974"
"'177","'LINE","'acts in the direction of gravity and","'99.98872375"
"'177","'LINE","'weight thereby weight of the roller","'99.99335480"
"'177","'LINE","'is increased and friction increased.","'99.96631622"
"'177","'LINE","'b)","'99.93164063"
"'177","'LINE","'the vertical component of the force","'99.98671722"
"'177","'LINE","'acts in opposite direction to the","'99.98684692"
"'177","'LINE","'weight, thereby weight of the roller","'99.98671722"
"'177","'LINE","'is decreased and friction decreased.","'99.96240997"
"'177","'LINE","'c)","'99.65341949"
"'177","'LINE","'the premise is wrong, because pull-","'99.97870636"
"'177","'LINE","'ing a roller cannot be easier than","'99.89377594"
"'177","'LINE","'pushing.","'99.92028046"
"'177","'LINE","'3. The speed of a freely falling object is proportional to its mass or weight.","'99.94744110"
"'177","'LINE","'a. True","'99.84823608"
"'177","'LINE","'b. False","'99.86328125"
"'177","'LINE","'4. How is inertia of an object affected by its mass?","'99.95333099"
"'177","'LINE","'5. List down the various effects of force.","'99.96918488"
"'177","'LINE","'6. Which of the following statement is NOT true?","'99.98589325"
"'177","'LINE","'a. Rate of change of momentum is called force.","'99.95407104"
"'177","'LINE","'b. Action reaction pairs of force are equal in magnitude and opposite in direction.","'99.96187592"
"'177","'LINE","'c. Action reaction pairs of force act on two different bodies.","'97.00275421"
"'177","'LINE","'d. Action reaction pairs of force can be cancelled to each other.","'99.98114777"
"'177","'LINE","'171","'99.48082733"
"'178","'LINE","'Physics","'99.91131592"
"'178","'LINE","'I","'73.37880707"
"'178","'LINE","'Student Text Book","'99.95715332"
"'178","'LINE","'7. Any two equal and opposite forces constitute ac-","'99.92388916"
"'178","'LINE","'tion and reaction pairs. Is this statement correct?","'99.98881531"
"'178","'LINE","'Explain.","'99.88042450"
"'178","'LINE","'8. A soccer player starts from rest and accelerates","'98.10579681"
"'178","'LINE","'forward, reaching a velocity of 8 m/s in 2.5 S. (a)","'97.81695557"
"'178","'LINE","'What was his average acceleration? (b) What av-","'99.96806335"
"'178","'LINE","'erage force did he exert backward on the ground","'99.99349213"
"'178","'LINE","'to achieve this acceleration? The player's mass is","'99.89058685"
"'178","'LINE","'70 kg, and air resistance is negligible. (This prob-","'99.93336487"
"'178","'LINE","'lem is solved by integrating the concepts of kine-","'99.98028564"
"'178","'LINE","'matics to dynamics.)","'99.93708801"
"'178","'LINE","'9. What is the use of airbags in cars?","'99.98371887"
"'178","'LINE","'10. Give reason why dust is re moved from a carpet by shaking?","'99.91951752"
"'178","'LINE","'0.2 m/s","'98.30078125"
"'178","'LINE","'11. Why is it advised to tie a rope on the luggage to a luggage rack while you travel by","'99.93466187"
"'178","'LINE","'the bus?","'99.98046875"
"'178","'LINE","'12. The figure at the right shows a 75 kg man standing on a bathroom scale in an ele-","'99.94898987"
"'178","'LINE","'vator. Calculate the scale reading: (a) if the elevator accelerates upward at a rate of","'99.96441650"
"'178","'LINE","'1.20 m/s2, and (b) if the elevator moves upward at a constant speed of 1 m/s.","'99.89573669"
"'178","'LINE","'13. Define the term equilibrium and state the first condition of equilibrium.","'99.83917236"
"'178","'LINE","'172","'99.58007813"
"'179","'LINE","'Grade 11","'99.77011108"
"'179","'LINE","'14. If a block is at rest on an incline without slipping, then friction must equal the","'99.74819183"
"'179","'LINE","'component of the weight of the object parallel to the incline. This requires great-","'99.93898773"
"'179","'LINE","'er and greater friction for steeper slopes","'99.97198486"
"'179","'LINE","'inclined","'99.96014404"
"'179","'LINE","'plane","'99.91051483"
"'179","'LINE","'e","'42.01072311"
"'179","'LINE","'a.","'99.73394012"
"'179","'LINE","'Draw the free body diagram and show that the maximum angle of an in-","'99.97605896"
"'179","'LINE","'cline above the horizontal for which an object will not slide down is Θ=","'97.27313995"
"'179","'LINE","'tan-1(µs).","'46.81680679"
"'179","'LINE","'b.","'99.92187500"
"'179","'LINE","'This angle is called the critical angle, what will be the acceleration of the","'99.98163605"
"'179","'LINE","'block when the angle of the inclination is greater than the critical angle? Is","'99.97379303"
"'179","'LINE","'the acceleration dependent on the mass? Is the acceleration dependent on","'99.96693420"
"'179","'LINE","'the mass if the surface is frictionless? For what angle would the block begin","'99.96408081"
"'179","'LINE","'to slide if the surface were frictionless?","'99.96059418"
"'179","'LINE","'15. Three blocks are in contact with each other on","'99.84854889"
"'179","'LINE","'a frictionless horizontal surface as in the figure","'99.91345215"
"'179","'LINE","'THE","'55.48628616"
"'179","'LINE","'m₂","'56.66195297"
"'179","'LINE","'m3","'45.06058502"
"'179","'LINE","'below.","'99.96014404"
"'179","'LINE","'mg","'74.96432495"
"'179","'LINE","'16. A horizontal force =18N is applied to m₁. If m₁ is 1kg, m₂= = 2 kg, and m3 = 3kg,","'91.52348328"
"'179","'LINE","'Draw a separate free body diagram for each block and find:","'99.92818451"
"'179","'LINE","'a. The acceleration of the block.","'99.95728302"
"'179","'LINE","'b. The resultant force on each block.","'99.95919800"
"'179","'LINE","'c. The magnitude of the contact forces between the blocks.","'98.13879395"
"'179","'LINE","'17. State the law of conservation of momentum.","'99.62963104"
"'179","'LINE","'18. Compare the momentum of a 78 kg footballer running at a speed of 8.0m/s to","'99.90377808"
"'179","'LINE","'that of a hard kicked 0.4kg soccer ball at a speed of 25m/s. Which one has a larger","'99.84439087"
"'179","'LINE","'momentum?","'99.92107391"
"'179","'LINE","'19. Does a large force always produce a larger impulse on an object than a smaller","'99.77352142"
"'179","'LINE","'force does? Explain.","'99.90426636"
"'179","'LINE","'20. If the speed of a particle is doubled, by what factor is its momentum changed? By","'99.90422058"
"'179","'LINE","'what factor is its kinetic energy changed?","'99.97756195"
"'179","'LINE","'21. If two particles have equal kinetic energies, are their momenta necessarily equal?","'99.78779602"
"'179","'LINE","'Explain.","'99.88042450"
"'179","'LINE","'173","'99.84375000"
"'180","'LINE","'Physics I Student Text Book","'93.80219269"
"'180","'LINE","'22. What is the momentum of a 200 kg mass if it has kinetic energy of 1600 J?","'99.80325317"
"'180","'LINE","'23. By what factor must the speed of a moving body change in order to double its","'99.89230347"
"'180","'LINE","'kinetic energy?","'99.97070313"
"'180","'LINE","'24. Suppose that you push on the 30 kg box as shown in the figure with a constant","'99.96781158"
"'180","'LINE","'force of 120 N through a distance of 0.80 m, and that the average opposing friction","'99.87054443"
"'180","'LINE","'force is 5 N.","'99.60693359"
"'180","'LINE","'a.","'98.23720551"
"'180","'LINE","'Calculate the net work done on the box.","'99.99267578"
"'180","'LINE","'b.","'99.95117188"
"'180","'LINE","'Solve the same problem as in part a, this time by finding the work","'99.98878479"
"'180","'LINE","'done by each force that contributes to the net force.","'99.96818542"
"'180","'LINE","'c.","'75.53830719"
"'180","'LINE","'Using the work energy concept, find the velocity of the box at the end","'99.99651337"
"'180","'LINE","'of the push","'99.99023438"
"'180","'LINE","'120N","'94.64983368"
"'180","'LINE","'30kg","'99.30185699"
"'180","'LINE","'25. Explain why it is easier to climb a mountain on a zigzag path rather than one","'99.83666229"
"'180","'LINE","'straight up the side. Is your increase in gravitational potential energy the same in","'99.98227692"
"'180","'LINE","'both cases?","'100.00000000"
"'180","'LINE","'26. Three objects are located in a coordinate system as shown. Find the center of mass.","'99.94371033"
"'180","'LINE","'5.00 kg","'98.06520844"
"'180","'LINE","'2.00 kg","'98.70934296"
"'180","'LINE","'4.00 kg","'98.74800110"
"'180","'LINE","'x","'79.79053497"
"'180","'LINE","'1.00 m","'97.75928497"
"'180","'LINE","'0.500 ml","'87.35411072"
"'180","'LINE","'174","'99.65820313"
"'181","'LINE","'convection","'99.93164063"
"'181","'LINE","'UNIT 5","'99.98046875"
"'181","'LINE","'radiation","'99.97070313"
"'181","'LINE","'air","'86.46514130"
"'181","'LINE","'HEAT CONDUCTION AND","'99.55974579"
"'181","'LINE","'CALORIMETRY","'99.99023438"
"'181","'LINE","'conduction","'83.62224579"
"'181","'LINE","'Introduction","'99.92028046"
"'181","'LINE","'Everywhere you look including yourself, energy transfer taking place in different forms.","'99.99342346"
"'181","'LINE","'One of such energy transfer methods is heat transfer. Heat energy is very essential to","'99.99674225"
"'181","'LINE","'society. From everyday cooking to some of modern-day luxuries, such as refrigerators","'99.97043610"
"'181","'LINE","'and Jet engines are using the transfer of heat energy at the heart of their working","'99.99013519"
"'181","'LINE","'principle. Heat is one of the mechanisms to transfer internal energy so that it can be","'99.17437744"
"'181","'LINE","'usable.","'100.00000000"
"'181","'LINE","'Heat is often misunderstood to be the same as temperature. In this unit, you will be","'99.98834991"
"'181","'LINE","'discussing differences and relationships between the two. Apart from that, you will also","'99.99618530"
"'181","'LINE","'learn about thermal expansion caused by the change in temperature, the quantity of","'99.99618530"
"'181","'LINE","'heat transfer due temperature changes, and change of phase along with internal energy","'100.00000000"
"'181","'LINE","'and the work done by a system.","'99.65159607"
"'181","'LINE","'At the end of this unit, you should be able to:","'99.98025513"
"'181","'LINE","'gain comprehensive knowledge on basic properties of fluids, thermal","'99.22097015"
"'181","'LINE","'properties of matter, phase changes, calorimetry","'99.97518921"
"'181","'LINE","'quantitatively and qualitatively describe about heat capacity, specific heat","'99.99557495"
"'181","'LINE","'capacity, and thermal expansions.","'99.98007202"
"'181","'LINE","'solve calorimetry problems.","'99.98671722"
"'181","'LINE","'use specific heat and heat of transformations in the practical application","'99.98387909"
"'181","'LINE","'of calorimetry.","'99.91539764"
"'181","'LINE","'175","'99.89257813"
"'182","'LINE","'Physics","'99.91131592"
"'182","'LINE","'Student Text Book","'99.85437775"
"'182","'LINE","'5.1 The Concept of Heat","'99.96468353"
"'182","'LINE","'At the end of this section you will be able to:","'99.97499847"
"'182","'LINE","'explain the concept of heat","'99.96631622"
"'182","'LINE","'?","'96.61132813"
"'182","'LINE","'Brainstorming:","'99.89098358"
"'182","'LINE","'Get motivated by the following questions","'99.99837494"
"'182","'LINE","'What is temperature?","'99.95389557"
"'182","'LINE","'Although they are highly related, heat and temperature are completely different","'99.98210144"
"'182","'LINE","'quantities. Heat is a measure of change, never a property possessed by an object","'99.92299652"
"'182","'LINE","'or system. Therefore, it is classified as a process variable. However, temperature is","'99.92176819"
"'182","'LINE","'a fundamental physical quantity which is to the average kinetic energy of particles","'99.95211792"
"'182","'LINE","'of the substance.","'99.95037079"
"'182","'LINE","'It should also be noted that work and heat are closely related. Both can change the","'99.98652649"
"'182","'LINE","'temperature of a substance, and heat can be turned into work and work can be","'99.95840454"
"'182","'LINE","'turned into heat. This equivalence is the basis of how heat engines power modern","'99.97820282"
"'182","'LINE","'society.","'99.96014404"
"'182","'LINE","'What is heat?","'99.97396088"
"'182","'LINE","'When a hot cup of tea is left in a room","'99.92381287"
"'182","'LINE","'in contact with the enveloping air, you","'99.97872925"
"'182","'LINE","'know that the cup of tea will gradually","'99.97914886"
"'182","'LINE","'cool down over time. So what is","'99.98453522"
"'182","'LINE","'happening over the course of time to","'99.98884583"
"'182","'LINE","'cause the tea to cool down?","'99.98535156"
"'182","'LINE","'Figure 5.1: Spontaneous transfer of heat is from hot to cold","'99.91167450"
"'182","'LINE","'The fact that the tea lowers its temperature is a sign that the average kinetic","'99.97428894"
"'182","'LINE","'energy of its particles is decreasing - the tea is losing energy. The energy that is","'99.38421631"
"'182","'LINE","'lost by the tea is being transferred to the colder surroundings. In general, if two","'99.96826935"
"'182","'LINE","'objects at different temperatures are brought in thermal contact, energy flows","'99.98565674"
"'182","'LINE","'spontaneously from the hotter object to the cooler one. The spontaneous transfer","'99.98020172"
"'182","'LINE","'of energy from hotter region to cooler region is called heat. Since heat is energy,","'99.98301697"
"'182","'LINE","'176","'99.95117188"
"'183","'LINE","'Grade 11","'99.80348969"
"'183","'LINE","'its SI unit is joules (J). When temperatures of the tea and that of the surrounding","'99.95407104"
"'183","'LINE","'air balance out, we say thermal equilibrium is reached. At thermal equilibrium,","'99.94040680"
"'183","'LINE","'the two regions may exchange energy, but no net heat transfer occurs.","'99.97200012"
"'183","'LINE","'Heat, internal energy and thermodynamic work","'99.98521423"
"'183","'LINE","'Another aspect of the definition","'99.97835541"
"'183","'LINE","'Key terms:","'99.87224579"
"'183","'LINE","'of heat is that a body never","'99.96350098"
"'183","'LINE","'Internal energy is equal to the sum of internal","'99.94973755"
"'183","'LINE","'contains heat. That is, we","'99.97038269"
"'183","'LINE","'kinetic energy due to molecular motion","'99.97396088"
"'183","'LINE","'cannot say ""stored heat energy""","'99.31205750"
"'183","'LINE","'(translational, rotational, and energy of","'99.88854980"
"'183","'LINE","'as we cannot say ""stored electric","'99.31667328"
"'183","'LINE","'vibration) and internal potential energy due to","'99.95780945"
"'183","'LINE","'molecular attractive forces.","'99.96366119"
"'183","'LINE","'current"". Heat is not something","'97.77825928"
"'183","'LINE","'Heat is energy which is in transit from one","'99.94873047"
"'183","'LINE","'you get it sitting down. Rather,","'99.95240021"
"'183","'LINE","'body to another as the result of a difference","'99.54931641"
"'183","'LINE","'heat can be identified only as it","'99.97767639"
"'183","'LINE","'in temperature.","'99.96542358"
"'183","'LINE","'crosses a boundary.","'99.69925690"
"'183","'LINE","'Thermodynamic work is the quantity of energy","'99.92514801"
"'183","'LINE","'transferred from one system to another.","'99.92094421"
"'183","'LINE","'When an object is heated, its temperature rises, since the average kinetic energy","'99.97421265"
"'183","'LINE","'of its particles increases. In other words, the energy stored in the substance is","'99.97088623"
"'183","'LINE","'increased. This energy stored in the object is what we call internal energy. When","'99.97966003"
"'183","'LINE","'the tea is cooling down, it is releasing its internal energy in the form of heat.","'99.98464203"
"'183","'LINE","'Internal energy is equal to the sum of internal kinetic energy due to molecular","'99.97239685"
"'183","'LINE","'motion (translational, rotational, and energy of vibration) and internal potential","'99.81403351"
"'183","'LINE","'energy due to molecular attractive forces.","'99.97531891"
"'183","'LINE","'Heat and work are two different ways of transferring energy from one system to","'99.97895813"
"'183","'LINE","'another. Heat is the transfer of thermal energy between systems, while work","'99.99586487"
"'183","'LINE","'is the transfer of mechanical energy between two systems. If heat is supplied","'99.99017334"
"'183","'LINE","'to an enclosed gas, the temperature of the gas increases by then increasing its","'99.98384094"
"'183","'LINE","'internal energy. If the gas is closed by a movable piston as shown in Figure","'99.93470001"
"'183","'LINE","'5.2, work is done by the expanding gas in raising the piston up. Thus, the heat","'99.97782898"
"'183","'LINE","'supplied is converted partly into internal energy and partly into work done. We","'99.98479462"
"'183","'LINE","'can also increase the internal energy of the gas by pushing the piston down and","'99.99284363"
"'183","'LINE","'compressing the gas.","'99.98697662"
"'183","'LINE","'177","'99.72656250"
"'184","'LINE","'Physics","'99.91131592"
"'184","'LINE","'Student Text Book","'99.89424133"
"'184","'LINE","'Surrounding","'99.97070313"
"'184","'LINE","'Heat","'99.95117188"
"'184","'LINE","'supplied (Q)","'99.85759735"
"'184","'LINE","'Work","'99.93083954"
"'184","'LINE","'done (W)","'99.58994293"
"'184","'LINE","'System","'99.97070313"
"'184","'LINE","'(ideal gas)","'99.35955048"
"'184","'LINE","'Figure 5.2: Relationships between heat, work and internal energy","'99.97377777"
"'184","'LINE","'Review Questions 5.1:","'99.75585938"
"'184","'LINE","'1. Explain the concept of heat and describe effects of heating.","'99.95709991"
"'184","'LINE","'2. What are the factors that cause heat flow between two systems which are","'99.98674011"
"'184","'LINE","'in thermal contact?","'99.98697662"
"'184","'LINE","'3. Is there any heat exchange between two systems in thermal contact if they","'99.98599243"
"'184","'LINE","'are in thermal equilibrium?","'99.97538757"
"'184","'LINE","'4. Is it possible to reduce net heat flow to zero? What about internal energy?","'99.98503113"
"'184","'LINE","'Is there any relationship between internal energy and temperature?","'99.99340057"
"'184","'LINE","'5. Consider two cylinders, A and B, of equal volume, which are filled with","'98.98763275"
"'184","'LINE","'equal amount of gases of the same type but A is at higher temperature than","'99.53583527"
"'184","'LINE","'B.","'83.21987152"
"'184","'LINE","'a. Can you say A has greater heat than B?","'98.51883698"
"'184","'LINE","'b. Can you say that A has greater internal energy than B?","'98.86270142"
"'184","'LINE","'C. If A and B are brought in thermal contact, which one loses","'94.04913330"
"'184","'LINE","'and which one gains internal energy? What is the direction of","'99.99289703"
"'184","'LINE","'heat flow? Does the measure of the average kinetic energy of","'99.99733734"
"'184","'LINE","'molecules in B increase or decrease?","'96.23867035"
"'184","'LINE","'6. In the figure shown, heat is supplied to the gas confined in a cylinder.","'99.77720642"
"'184","'LINE","'a. What would happen to this energy after it enters","'99.72845459"
"'184","'LINE","'into the cylinder?","'99.98697662"
"'184","'LINE","'b. If work is done on the piston and displaces it up,","'99.96398926"
"'184","'LINE","'gas","'99.97070313"
"'184","'LINE","'what would happen to the internal energy; decrease or","'99.97803497"
"'184","'LINE","'heat","'99.92187500"
"'184","'LINE","'increase?","'99.99023438"
"'184","'LINE","'C. If the internal energy remains the same while heat","'96.85245514"
"'184","'LINE","'is flowing in to the system, what happened to the energy supplied?","'99.98196411"
"'184","'LINE","'7. What are similarities and differences between heat and work?","'99.94947815"
"'184","'LINE","'178","'99.81445313"
"'185","'LINE","'Grade 11","'99.82341766"
"'185","'LINE","'5.2","'99.96093750"
"'185","'LINE","'Heat transfer mechanisms","'99.97070313"
"'185","'LINE","'At the end of this section you will be able to:","'99.96257019"
"'185","'LINE","'explain the concept of heat conduction","'99.95200348"
"'185","'LINE","'?","'99.61834717"
"'185","'LINE","'Brainstorming","'99.92028046"
"'185","'LINE","'This unit is motivated by the following discovery questions:","'99.99457550"
"'185","'LINE","'1. When you touch one end of a metal rod whose other end is on a fire, you feel","'99.89316559"
"'185","'LINE","'warm. How is that happened?","'99.95069885"
"'185","'LINE","'2. When you are outside of your house and enjoying the morning sun you","'99.98453522"
"'185","'LINE","'feelwarm. How is that happened? When you insert your hand over the steam","'99.98629761"
"'185","'LINE","'of boiling water, you feel warm. How is that happened?","'99.98136902"
"'185","'LINE","'3. What types of objects feel cold and what type of objects feel warm in your","'99.98774719"
"'185","'LINE","'house? Justify your answer and write them down.","'99.98647308"
"'185","'LINE","'Have you ever touched a hot pan and burned your fingers, or have you ever warmed","'99.96129608"
"'185","'LINE","'yourself in front of a campfire on a cold night? These are all related to the movement","'99.90868378"
"'185","'LINE","'of heat and how it gets transferred between substances and locations. Heat transfer","'99.98323059"
"'185","'LINE","'mechanisms are the ways by which thermal energy can be transferred between","'99.98271179"
"'185","'LINE","'objects, and they all rely on the basic principle that kinetic energy or heat wants to be","'99.97922516"
"'185","'LINE","'at equilibrium. Heat transfer occurs in three different ways: conduction, convection,","'99.90888214"
"'185","'LINE","'and radiation.","'99.95525360"
"'185","'LINE","'I. Conduction","'96.41860962"
"'185","'LINE","'If one end of a metal rod is over a flame and a person is holding the opposite end with","'99.94641876"
"'185","'LINE","'a bare hand, as shown in Figure 5.3, the heat will quickly transfer through the metal","'99.95250702"
"'185","'LINE","'to the person's hand and burn him/her. Such direct transfer of heat from one object","'99.96507263"
"'185","'LINE","'to another by collisions of neighboring particles is called conduction. In conduction,","'99.96034241"
"'185","'LINE","'no actual drift of molecules in the direction of heat flow is happening.","'99.96276093"
"'185","'LINE","'Key terms:","'99.87633514"
"'185","'LINE","'Conduction is the process by which heat energy is transmitted through collisions","'99.96379852"
"'185","'LINE","'between neighboring atoms or molecules.","'99.85486603"
"'185","'LINE","'Convection (or convective heat transfer) is the transfer of heat from one place to","'99.93287659"
"'185","'LINE","'another due to the movement of fluid.","'99.96628571"
"'185","'LINE","'Radiation heat transfer occurs via electromagnetic waves. Unlike conduction and","'99.86870575"
"'185","'LINE","'convection, radiation does not need a medium for transmission","'99.91312408"
"'185","'LINE","'179","'99.89257813"
"'186","'LINE","'Physics","'99.91131592"
"'186","'LINE","'Student Text Book","'99.83106232"
"'186","'LINE","'Conduction","'99.89098358"
"'186","'LINE","'Hotend","'98.93554688"
"'186","'LINE","'Coldend","'96.65438080"
"'186","'LINE","'Figure 5.3: Heat transfer by conduction","'99.95565796"
"'186","'LINE","'Materials such as metals that conduct heat very well are called good conductors.","'99.98710632"
"'186","'LINE","'Some substances are very bad at transferring heat, and these are called insulators.","'99.97027588"
"'186","'LINE","'Good insulators are, therefore, very poor conductors. Do you know why your metal","'99.97784424"
"'186","'LINE","'pots have wooden handles?","'99.99267578"
"'186","'LINE","'Do you know...?","'99.73254395"
"'186","'LINE","'The photo shows Aerogel, an extremely good thermal insulator, be-","'99.98722839"
"'186","'LINE","'tween a blowtorch and matches. The Aerogel blocks all of the heat","'99.56858826"
"'186","'LINE","'from the blowtorch and prevents the matches from burning. Source:","'100.00000000"
"'186","'LINE","'https://www.ucalgary.ca/","'87.73377228"
"'186","'LINE","'The reason is that the metal pots are good conductors of heat, and wood is bad heat","'99.98616791"
"'186","'LINE","'conductor. So, metal pots have wooden handles so that persons do not feel hot while","'99.54109955"
"'186","'LINE","'holding them","'100.00000000"
"'186","'LINE","'Houses are usually insulated with poor conductors such as rock, wool or fiberglass.","'99.97114563"
"'186","'LINE","'Imagine how cold a house would be if there was no protection from the cold outside","'99.94554138"
"'186","'LINE","'during winter, or how hot it would be if it were not protected from the heat outside","'99.97970581"
"'186","'LINE","'in the summer! Interestingly, though, insulators do not actually totally stop the flow","'99.96483612"
"'186","'LINE","'of heat, just slow the transfer considerably.","'99.96025848"
"'186","'LINE","'?","'96.80664063"
"'186","'LINE","'Activity 5.1:","'99.43727875"
"'186","'LINE","'1. Suppose you have a piece of metal and a piece of wood in your room. Why","'99.80834961"
"'186","'LINE","'does the metal feel colder than the wood if they are both at room temperature?","'99.98166656"
"'186","'LINE","'2. You know that rate of heat transfer depends on the properties of the medium.","'99.98416138"
"'186","'LINE","'180","'99.91210938"
"'187","'LINE","'Grade 11","'99.89665985"
"'187","'LINE","'a.","'96.22548676"
"'187","'LINE","'What do you think on impact of size or shape on rate of heat transfer?","'99.98096466"
"'187","'LINE","'b.","'99.96093750"
"'187","'LINE","'Two regular metal rods of different cross-sectional area and equal length","'99.94467163"
"'187","'LINE","'are put in to a fire, as shown in Figure 5.4. If you are holding on the cold","'99.93636322"
"'187","'LINE","'side, after some time you feel the temperature increase in your hand.","'99.99009705"
"'187","'LINE","'Discuss in groups which one of the metals transfer energy to your hand","'99.99549103"
"'187","'LINE","'sooner. Why is that?","'99.92840576"
"'187","'LINE","'3. If you want to have best insulating wall, which factors should you consider?","'99.98523712"
"'187","'LINE","'Figure 5.4: Conducting slab","'99.91415405"
"'187","'LINE","'II. Convection","'99.34391022"
"'187","'LINE","'Convective heat transfer is the transfer of heat between two bodies by currents of","'99.99360657"
"'187","'LINE","'moving gas or fluid. Convection happens in all fluids like the air in your environment,","'99.86535645"
"'187","'LINE","'water in a sea and so on. When a fluid is heated, the molecules at the bottom gain","'99.71093750"
"'187","'LINE","'energy and begin to move faster (See Figure 5.5). As they move faster, they begin to","'99.96007538"
"'187","'LINE","'spread apart, which makes the fluid less dense. But instead of being confined to a","'99.98426819"
"'187","'LINE","'small space, the fluid's warmer molecules begin to move upward, while the cooler,","'99.94493103"
"'187","'LINE","'denser portion of the fluid begins to sink.","'99.99389648"
"'187","'LINE","'Once the cooler molecules reach the","'99.99335480"
"'187","'LINE","'bottom where the heat is, they get an","'99.98159027"
"'187","'LINE","'increase in energy again. They rise back up","'99.98036957"
"'187","'LINE","'to the top, while the cooler molecules sink","'99.98881531"
"'187","'LINE","'warm","'97.19327545"
"'187","'LINE","'molecules","'97.72719574"
"'187","'LINE","'back to the bottom. The cycle continues as","'99.97406769"
"'187","'LINE","'Convection","'99.09179688"
"'187","'LINE","'cool","'97.33000183"
"'187","'LINE","'long as there is a heat source at the bottom.","'99.94459534"
"'187","'LINE","'molecules","'97.41230774"
"'187","'LINE","'Unlike conduction, in convection, heat is","'99.88055420"
"'187","'LINE","'heat","'97.54803467"
"'187","'LINE","'carried from the bottom to the top being","'99.99877930"
"'187","'LINE","'Figure 5.5: Heat transfer by","'99.89194489"
"'187","'LINE","'carried by molecules. That is, molecules","'99.94522095"
"'187","'LINE","'convection","'100.00000000"
"'187","'LINE","'travel with the heat.","'100.00000000"
"'187","'LINE","'III. Radiation","'99.07914734"
"'187","'LINE","'When you sit in front of a campfire, you are warmed by its heat. Hover your hand","'99.97333527"
"'187","'LINE","'over a hot light bulb, and you will feel the heat coming off it, even without touching","'99.96573639"
"'187","'LINE","'it. If you stand out in the sunshine, you will quickly get warmed by its rays. Such heat","'99.97920227"
"'187","'LINE","'181","'99.81445313"
"'188","'LINE","'Physics","'99.91131592"
"'188","'LINE","'Student Text Book","'99.85763550"
"'188","'LINE","'transfer mechanism is called radiation.","'99.94224548"
"'188","'LINE","'Heat transferred by radiation is called radiant heat. Like light, radiant heat is radiant","'99.97669220"
"'188","'LINE","'energy, and does not necessarily require a medium to carry it. This form of energy","'99.94050598"
"'188","'LINE","'transfer is facilitated through a type of electromagnetic radiation.","'99.90734863"
"'188","'LINE","'?","'97.70507813"
"'188","'LINE","'Activity 5.2","'99.93652344"
"'188","'LINE","'1. Let there be hot coffee, hot water, hot milk, hot tea, hot porridge. Discuss and","'99.97650909"
"'188","'LINE","'rank from hottest to coldest. You may design and carry out investigative work","'99.98241425"
"'188","'LINE","'to scientifically support your claim.","'99.99007416"
"'188","'LINE","'2. In hot areas what do people do to cool themselves? (Think of in terms of","'99.98952484"
"'188","'LINE","'clothing housing etc.)","'99.93814850"
"'188","'LINE","'Review Questions 5.2:","'99.93788910"
"'188","'LINE","'1. What would happen to boiling water if you close the cover tightly? Try to","'99.97124481"
"'188","'LINE","'describe it in terms of convention and conduction.","'99.94793701"
"'188","'LINE","'2. What is the difference between conduction and convection?","'99.98020172"
"'188","'LINE","'3. Does heat transferred less or more if the area is big?","'99.97802734"
"'188","'LINE","'4. Name the general mode of heat transfer in: Solids, liquids and gases.","'99.98260498"
"'188","'LINE","'5. A person prefers to sit by a fire during the cold winter months. Which heat","'99.39874268"
"'188","'LINE","'transfer mechanism gives him the most heat?","'99.99860382"
"'188","'LINE","'6. What would be the effect if air were as good conductor as iron?","'99.98464966"
"'188","'LINE","'7. Three types of heat transfer mechanisms are indicated in the same phenomenon,","'99.94509888"
"'188","'LINE","'as shown in Figure 5.6. Do you think these are correct designations? Explain.","'99.94223022"
"'188","'LINE","'Conduction","'99.72098541"
"'188","'LINE","'Convection","'99.60140228"
"'188","'LINE","'Radiation","'99.67135620"
"'188","'LINE","'Radiation","'99.49238586"
"'188","'LINE","'Figure 5.6: Summarizes the three heat transmission mechanism","'99.89576721"
"'188","'LINE","'182","'99.93164063"
"'189","'LINE","'Grade 11","'99.85311890"
"'189","'LINE","'5.3 Heat Capacity and Specific Heat Capacity","'99.96338654"
"'189","'LINE","'After completing this section, you should be able to:","'99.97287750"
"'189","'LINE","'differentiate between heat capacity and specific heat capacity","'99.99877930"
"'189","'LINE","'list the specific heat capacity of various materials","'99.97284698"
"'189","'LINE","'?","'99.30584717"
"'189","'LINE","'Brainstorming!","'99.87065887"
"'189","'LINE","'Investigate in groups why water is added in the radiator of a car? Why different","'99.89266968"
"'189","'LINE","'additives are added in the radiator water? Your investigation can be done through","'99.96012115"
"'189","'LINE","'literature search asking knowledgeable person.","'99.94499207"
"'189","'LINE","'Heat capacity","'99.98535156"
"'189","'LINE","'Different substances respond to heat in different ways. For example, if a metal","'99.94505310"
"'189","'LINE","'plate is placed in the bright sun on a hot day, it may become quite hotter than the","'99.95895386"
"'189","'LINE","'surrounding. An equal mass of water under the same sun exposure will be cooler","'99.96461487"
"'189","'LINE","'than the metal. This means that water has a higher heat capacity. Some objects","'99.95188141"
"'189","'LINE","'gain and lose heat quickly, some slow and some intermediate. Therefore, we need to","'99.93468475"
"'189","'LINE","'define a quantity called heat capacity.","'99.92243958"
"'189","'LINE","'Heat capacity is defined as the amount of heat required to change the temperature of","'99.98307037"
"'189","'LINE","'a given amount of matter by 1°C or by 1K. The mathematical form of this definition","'99.75096893"
"'189","'LINE","'is given by;","'99.96745300"
"'189","'LINE","'C=2/AT C","'51.94201660"
"'189","'LINE","'where Q is heat transferred to the object, T is change in temperature of the object and","'98.78585815"
"'189","'LINE","'C is heat capacity of the object. The SI unit of C is joule per kelvin (J/K); where 1 J/","'98.59449005"
"'189","'LINE","'K=1J/°C.","'72.48146820"
"'189","'LINE","'Consider two tankers, 10 kL and the other 10L, are filled with pure water at the same","'99.71768951"
"'189","'LINE","'temperature. If the two tankers were subjected to the same input of heat energy, the","'99.97830200"
"'189","'LINE","'10L water would certainly rise in temperature more quickly than the water in the","'99.98587799"
"'189","'LINE","'10kL tanker.","'99.72745514"
"'189","'LINE","'Key terms:","'99.87673187"
"'189","'LINE","'Heat capacity is the amount of heat required to raise the temperature of an object","'99.96131897"
"'189","'LINE","'by 1 or 1 K.","'89.71549988"
"'189","'LINE","'The specific heat capacity of a substance is the amount of energy required to raise","'99.88040924"
"'189","'LINE","'the temperature of 1 kilogram of the substance by 1 / or 1 K.","'92.78293610"
"'189","'LINE","'183","'99.95117188"
"'190","'LINE","'Physics","'99.91131592"
"'190","'LINE","'|","'45.92524338"
"'190","'LINE","'Student Text Book","'99.82129669"
"'190","'LINE","'This suggests that the heat capacity of an object depends not only on the property of","'99.99145508"
"'190","'LINE","'the object but also on its mass. Because of its much larger mass, the 10 kL water has","'99.74695587"
"'190","'LINE","'a larger heat capacity than the 10L water. Therefore, we require defining a quantity,","'99.88941193"
"'190","'LINE","'specific heat capacity, which depends only on properties of the substance.","'99.97744751"
"'190","'LINE","'Specific heat capacity","'99.99674225"
"'190","'LINE","'Specific heat capacity is defined as the amount of heat absorbed or released by 1kg","'99.98296356"
"'190","'LINE","'of an object to change its temperature by 1o C. The specific heat capacity, c, of a","'96.81884766"
"'190","'LINE","'substance of mass, m, and heat capacity, C, can be defined as","'99.88671875"
"'190","'LINE","'c = m C , or, c = mAT Q","'85.48144531"
"'190","'LINE","'The SI unit of specific heat capacity is J/kg.°C, or J/kg.K.","'97.80749512"
"'190","'LINE","'Specific heat is a property that is specific to a given type of matter, and substances","'99.91635895"
"'190","'LINE","'vary in their specific heat. Table 5.1 holds specific heat capacity of some substances.","'99.96187592"
"'190","'LINE","'Table 5.1: Provides specific heats of some substances at 25 °C and atmospher-","'97.64622498"
"'190","'LINE","'ic pressure.","'97.69869995"
"'190","'LINE","'Substance","'99.92028046"
"'190","'LINE","'Specific heat capacity","'96.71223450"
"'190","'LINE","'Solids","'99.96014404"
"'190","'LINE","'Aluminum","'100.00000000"
"'190","'LINE","'900","'99.97070313"
"'190","'LINE","'Iron","'99.53224945"
"'190","'LINE","'448","'99.99023438"
"'190","'LINE","'Lead","'99.64126587"
"'190","'LINE","'128","'99.89257813"
"'190","'LINE","'Brass","'100.00000000"
"'190","'LINE","'380","'99.95037079"
"'190","'LINE","'Glass","'99.99023438"
"'190","'LINE","'837","'99.99023438"
"'190","'LINE","'Carbon, graphite","'99.92556000"
"'190","'LINE","'709","'99.97070313"
"'190","'LINE","'Copper","'99.88042450"
"'190","'LINE","'385","'99.91051483"
"'190","'LINE","'Gold","'100.00000000"
"'190","'LINE","'129","'99.87304688"
"'190","'LINE","'Silver","'99.96014404"
"'190","'LINE","'233","'99.99023438"
"'190","'LINE","'Ice (-5°C)","'98.01548767"
"'190","'LINE","'2090","'99.99023438"
"'190","'LINE","'Liquids","'99.69168091"
"'190","'LINE","'Alcohol (ethyl)","'99.80677795"
"'190","'LINE","'2400","'99.99023438"
"'190","'LINE","'Mercury","'99.96014404"
"'190","'LINE","'140","'99.84375000"
"'190","'LINE","'Water (15°C)","'97.74583435"
"'190","'LINE","'4186","'99.85351563"
"'190","'LINE","'Gas","'99.85192108"
"'190","'LINE","'Steam (100°C)","'95.67801666"
"'190","'LINE","'2010","'99.99023438"
"'190","'LINE","'Metals tend to have low specific heat. On the other hand, water has very high specific","'99.99328613"
"'190","'LINE","'heat compared to most other substances. That is why; water is commonly used as a","'99.94663239"
"'190","'LINE","'coolant for machinery because it is able to absorb large quantities of heat.","'99.98716736"
"'190","'LINE","'184","'99.81445313"
"'191","'LINE","'Grade 11","'99.85271454"
"'191","'LINE","'Example 5.1:","'99.60897827"
"'191","'LINE","'Calculate the heat energy transferred if the temperature of 600 g of lead is raised","'99.95568085"
"'191","'LINE","'from 20 °C to 100°C.","'93.21093750"
"'191","'LINE","'Solution: Cₚb = 128J / kg.K, m = 600g, T = 100°C - 20°C = 80°C = 80K","'88.06498718"
"'191","'LINE","'The amount of heat absorbed by the lead is","'99.95985413"
"'191","'LINE","'Q = cₚ₆mAT = 128J X X K","'83.10879517"
"'191","'LINE","'Q = 6144.0J","'98.12718964"
"'191","'LINE","'Review Questions 5.3","'99.90859222"
"'191","'LINE","'1. What does a higher specific heat capacity mean in terms of heat energy","'99.79563141"
"'191","'LINE","'transfer?","'99.93164063"
"'191","'LINE","'2. Concrete has a higher specific heat than soil. Use this fact to explain why a city","'99.66172791"
"'191","'LINE","'has a higher average temperature than the surrounding countryside at night.","'99.78028870"
"'191","'LINE","'3. How many joules of energy are required to raise the temperature of 100g of","'99.97895050"
"'191","'LINE","'gold from 20°C to 100°C? (Specific heat of gold is 129 J/kg. °C)","'96.42163849"
"'191","'LINE","'4. Why are coastal climates much more moderate than inland climates?","'99.98039246"
"'191","'LINE","'5. Which heats faster, land or water? You will answer this question by taking","'99.97203827"
"'191","'LINE","'measurements carried out to study differences in specific heat capacity.","'99.95541382"
"'191","'LINE","'6. A 0.80 kg aluminum pan on a stove is used to heat 0.20 L of water from 25.0","'99.13111115"
"'191","'LINE","'°C to 85.0 °C. (Hint: Mass of 1 L of water = 1 kg of water, around 4 °C)","'96.51702118"
"'191","'LINE","'a)","'99.80229950"
"'191","'LINE","'How much heat is required?","'99.96452332"
"'191","'LINE","'b)","'99.97070313"
"'191","'LINE","'What percentage of the heat is used to raise the temperature of the","'99.99173737"
"'191","'LINE","'pan?","'99.92187500"
"'191","'LINE","'7. Calculate the temperature increase of 50 kg of steel falling from a height of 50","'99.91030121"
"'191","'LINE","'m if 50% of its kinetic energy is converted into heat and assume no heat flow","'99.95890808"
"'191","'LINE","'to the surrounding ?","'98.07841492"
"'191","'LINE","'185","'99.92187500"
"'192","'LINE","'Physics","'99.91131592"
"'192","'LINE","'Student Text Book","'99.85763550"
"'192","'LINE","'5.4 Thermal expansion","'99.98046875"
"'192","'LINE","'After completing this section, you should be able to:","'99.98263550"
"'192","'LINE","'solve problems associated with thermal expansion","'100.00000000"
"'192","'LINE","'?","'99.71600342"
"'192","'LINE","'Brainstorming:","'99.92028046"
"'192","'LINE","'1. In the construction of ball bearings (shown in Figure 5.7b) the outer metal ring","'99.90614319"
"'192","'LINE","'and the inner metal ring rotate smoothly due to the solid iron balls between","'99.99581909"
"'192","'LINE","'them and oil lubrication. Once the iron balls are put in to place, they will be","'99.96405029"
"'192","'LINE","'there permanently. Have you ever wondered how the iron metal balls get in","'99.99167633"
"'192","'LINE","'to the ball bearings? Discuss with your group and come up with your opinion.","'99.98727417"
"'192","'LINE","'Your opinion must be supported by reason.","'99.99581909"
"'192","'LINE","'2. What is the reason for the bending of the railroad, shown in Figure 5.7a?","'99.60844421"
"'192","'LINE","'(a)","'98.86339569"
"'192","'LINE","'(b)","'99.51589966"
"'192","'LINE","'Ball Bearings","'99.60260010"
"'192","'LINE","'Figure 5.7: (a) Effect of thermal expansion, (b) application of thermal expansion","'99.90440369"
"'192","'LINE","'Thermal expansion is the change in size of matter in response to a change in its","'99.97345734"
"'192","'LINE","'temperature. When a substance is heated, the average kinetic energy of its constituting","'99.91825867"
"'192","'LINE","'particles is increased.","'99.95715332"
"'192","'LINE","'Key term:","'99.84215546"
"'192","'LINE","'Thermal expansion is the change in size of matter in response to a change in","'99.82215881"
"'192","'LINE","'temperature","'99.92028046"
"'192","'LINE","'Thereby, the particles start to vibrate and move more and usually maintain a greater","'99.93055725"
"'192","'LINE","'average separation. Except in some cases, most substances expand when heated","'99.95111847"
"'192","'LINE","'and contract when cooled. Thermal expansion is also affected by the properties","'99.99091339"
"'192","'LINE","'of the substance. For example, solids expand very less as compared to liquids and","'99.98378754"
"'192","'LINE","'186","'99.97070313"
"'193","'LINE","'Grade 11","'99.89257813"
"'193","'LINE","'gases. Gases expand much more than liquids and solids. This happens because","'99.99098206"
"'193","'LINE","'intermolecular force of attraction is very strong in solids, intermediate in liquids and","'99.96050262"
"'193","'LINE","'very weak in gases. All factors that affect thermal expansion will be treated below.","'99.99366760"
"'193","'LINE","'Thermal expansion can be classified in to three: linear expansion, surface (area)","'99.98847198"
"'193","'LINE","'expansion and volume expansion.","'99.93776703"
"'193","'LINE","'Linear expansion","'99.97558594"
"'193","'LINE","'If the change in length is along one dimension (length) over the volume due to a","'99.96369171"
"'193","'LINE","'change in temperature, it is called linear expansion. Suppose an object has an initial","'99.96913910"
"'193","'LINE","'length of L₀ at some initial temperature T₀. Let the length be changed to L when the","'97.36956024"
"'193","'LINE","'temperature is changed to T. Experiments show that if the change in temperature","'99.96676636"
"'193","'LINE","'(T) is not too large, the change in length (L) is directly proportional to T and","'98.78478241"
"'193","'LINE","'L₀. Then, the change in length is defined as","'99.23544312"
"'193","'LINE","'where,","'99.99023438"
"'193","'LINE","'AT = T - T₀ is the change in temperature,","'93.47595978"
"'193","'LINE","'L = L - L₀ is the change in length,","'91.14466095"
"'193","'LINE","'α is the linear coefficient of thermal expansion, which has the unit °C⁻¹","'97.39654541"
"'193","'LINE","', or K⁻¹, and","'97.01939392"
"'193","'LINE","'L₀ is the original length.","'98.06844330"
"'193","'LINE","'T₀","'32.68126297"
"'193","'LINE","'L.","'39.09468842"
"'193","'LINE","'AL","'68.31732178"
"'193","'LINE","'T=T,+AT","'31.25824928"
"'193","'LINE","'L","'85.00000000"
"'193","'LINE","'Figure 5.8: Linear expansion","'99.93632507"
"'193","'LINE","'Each substance has a unique linear expansion coefficient; i.e., different substances","'99.93247223"
"'193","'LINE","'expand in different amounts for the same temperature change. For example,","'99.98468781"
"'193","'LINE","'the coefficient of linear expansion of Aluminum is 2.3 x10⁻⁵ K⁻¹ means that if the","'97.93530273"
"'193","'LINE","'temperature of 1 m long Aluminum is increased by 1 K, its length increases by","'99.78788757"
"'193","'LINE","'2.3x10⁻⁵ m. By the same change in temperature, the same length of copper wire","'98.63123322"
"'193","'LINE","'187","'99.95117188"
"'194","'LINE","'Physics I Student Text Book","'91.24202728"
"'194","'LINE","'increases by 1.7x10⁻⁵ m. This implies that the same change in temperature on","'98.72178650"
"'194","'LINE","'different materials of the same length produces different changes in length.","'99.98107147"
"'194","'LINE","'Table 5.2: Linear expansion coefficients of some solids","'99.69769287"
"'194","'LINE","'Material","'100.00000000"
"'194","'LINE","'α X 10-6 (°C⁻¹)","'70.59291077"
"'194","'LINE","'Aluminum","'99.95037079"
"'194","'LINE","'24","'99.93083954"
"'194","'LINE","'Brass and Bronze","'99.98046875"
"'194","'LINE","'19","'99.93164063"
"'194","'LINE","'Copper","'99.88042450"
"'194","'LINE","'17","'99.77379608"
"'194","'LINE","'Glass","'99.99023438"
"'194","'LINE","'9","'99.00829315"
"'194","'LINE","'Lead","'99.43219757"
"'194","'LINE","'29","'99.97070313"
"'194","'LINE","'Steel","'99.97070313"
"'194","'LINE","'11","'98.31851959"
"'194","'LINE","'Concrete","'100.00000000"
"'194","'LINE","'12","'99.88281250"
"'194","'LINE","'Example 5.2:","'99.84823608"
"'194","'LINE","'A steel bridge is built in several segments, each 20 m long. The bridge was constructed","'99.50991058"
"'194","'LINE","'when the temperature was 20 °C. If a gap of 4 cm is left between neighboring","'98.74060822"
"'194","'LINE","'segments what would be the maximum temperature that the bridge can manage","'99.99674225"
"'194","'LINE","'before buckling?","'99.94589233"
"'194","'LINE","'Solution:","'99.89098358"
"'194","'LINE","'T₀ = 20 °C, L₀ =20.0 m, L = 4 cm = 4x10⁻² m, α = 1.1x10⁵K⁻¹","'82.56616211"
"'194","'LINE","'The gap is filled from the two sides.","'99.96205902"
"'194","'LINE","'The expected rise in temperature is","'99.97219849"
"'194","'LINE","'T = L = 1.1X10³k⁻¹x20.0m 4.0x10²m = 180 K = 180°C","'76.63572693"
"'194","'LINE","'The temperature at which the bridge may buckle is","'99.99349213"
"'194","'LINE","'T = To + T = 20°C + 180°C = 200°C","'86.14186096"
"'194","'LINE","'Such big change in temperature may occur if there are exceptional moments such","'99.97214508"
"'194","'LINE","'as flowing volcano over the bridge.","'99.96868134"
"'194","'LINE","'188","'99.71679688"
"'195","'LINE","'Grade 11","'99.90194702"
"'195","'LINE","'Area expansion","'99.95077515"
"'195","'LINE","'The same method as linear thermal expansion can also be applied for area expansion.","'99.97251129"
"'195","'LINE","'Thus, consider the plate of surface area A₀ at a temperature T₀, as shown in Figure","'97.94198608"
"'195","'LINE","'5.9. For a small change in temperature of T, the change in area A, is given by","'98.81721497"
"'195","'LINE","'A = A₀βAT","'56.88177490"
"'195","'LINE","'where â is called the coefficient of surface (area) expansion, and it can be measured","'98.99146271"
"'195","'LINE","'by the unit °C⁻¹, or K⁻¹.","'96.85912323"
"'195","'LINE","'A","'96.33350372"
"'195","'LINE","'A+AA","'50.17757416"
"'195","'LINE","'Temperature T","'99.28202820"
"'195","'LINE","'Temperature T+AT","'92.99077606"
"'195","'LINE","'Figure 5.9: Area expansion","'99.89462280"
"'195","'LINE","'Relationship between a and ß","'88.92924500"
"'195","'LINE","'Suppose a square plate of side length L₀ and surface area A₀, is experienced a","'96.23426819"
"'195","'LINE","'change in temperature of T, then the new area in terms of the new length L can","'99.78039551"
"'195","'LINE","'be written as:","'99.94791412"
"'195","'LINE","'Since α is to the order of 10⁻⁵, then ignoring the third term containing α² 10⁻¹⁰)","'97.66239929"
"'195","'LINE","'doesn't affect the result and we get:","'99.97466278"
"'195","'LINE","'Comparing this with the original definition, we find that ß = 2α. This is a very","'98.35066986"
"'195","'LINE","'good approximation, so we do not need table of values for ß as we can easily find it","'99.11900330"
"'195","'LINE","'by doubling the value of α.","'98.15031433"
"'195","'LINE","'189","'99.83398438"
"'196","'LINE","'Physics","'99.93083954"
"'196","'LINE","'I","'61.64082336"
"'196","'LINE","'Student Text Book","'99.86441040"
"'196","'LINE","'Example 5.3:","'99.82302094"
"'196","'LINE","'The surface area of one side of a circular brass plate at temperature 100 °C, is 3850","'98.59381104"
"'196","'LINE","'cm². To put this plate inside a cylinder, you need to cool it to 0 °C. What is the","'95.85513306"
"'196","'LINE","'base area of the cylinder?","'99.98812103"
"'196","'LINE","'Solution:","'99.89098358"
"'196","'LINE","'T₀ = 100 °C, T = 0°C, A₀ =3850 cm²","'84.09893036"
"'196","'LINE","'The area of the plate at T = 0 °C is obtain as","'96.50220490"
"'196","'LINE","'A = (3850cm²) + 2 X 1.9 X 10⁻⁵K⁻¹ (0°C - 100°C)]","'83.96598053"
"'196","'LINE","'A = 3835.37 cm²","'85.90406799"
"'196","'LINE","'In order for the plate to pass into the cylinder, either side of its surface area should","'99.98606873"
"'196","'LINE","'be reduced to below 3835.37 cm².","'97.71667480"
"'196","'LINE","'Volume Expansion","'100.00000000"
"'196","'LINE","'When the length, the width and the thickness of the object are equally significant,","'99.98651886"
"'196","'LINE","'as shown in Figure 5.10, we need to consider the expansion of the object in three","'99.97848511"
"'196","'LINE","'dimensions. In this case, all the three lengths experience significant changes in","'99.97180176"
"'196","'LINE","'length with a change in temperature.","'99.92556000"
"'196","'LINE","'Peculiarity of water expansion","'99.99511719"
"'196","'LINE","'The peculiarity of water in its response to temperature changes is that its volume de-","'99.98220825"
"'196","'LINE","'creases as its temperature increases between 0 °C to 4 °C. The density of water has","'92.22776794"
"'196","'LINE","'maximum value at 4°C.","'88.83375549"
"'196","'LINE","'Final Volume","'99.81575012"
"'196","'LINE","'V","'98.42634583"
"'196","'LINE","'Initial Volume V","'98.21089172"
"'196","'LINE","'0","'88.04268646"
"'196","'LINE","'Initial Length","'99.84175873"
"'196","'LINE","'Length After Heating","'99.83783722"
"'196","'LINE","'Figure 5.10: Volume expansion","'99.80348969"
"'196","'LINE","'190","'99.95117188"
"'197","'LINE","'Grade 11","'99.90194702"
"'197","'LINE","'Change in volume V of an object subjected to a small temperature change T, is","'96.78393555"
"'197","'LINE","'given by","'100.00000000"
"'197","'LINE","'V = V","'69.97097015"
"'197","'LINE","'where γ is the coefficient of volume expansion.","'99.47296143"
"'197","'LINE","'The final volume, V, is, then","'99.81953430"
"'197","'LINE","'Both ß and γ have the same units as α; that is, °C⁻¹, or K⁻¹.","'94.90273285"
"'197","'LINE","'Relationship of γ , with a and β","'88.63550568"
"'197","'LINE","'Using a method similar to what we have done in deriving relationship between ß and","'98.35944366"
"'197","'LINE","'α, we find the volume of a cube of length L to be:","'99.83084106"
"'197","'LINE","'V = L³ = L₀³ (1 + αT) = Vₑ 3αT)","'82.85594940"
"'197","'LINE","'Evaluating all the above discussions, we find that:","'99.96166229"
"'197","'LINE","'γ = 2ß = 3a","'78.90234375"
"'197","'LINE","'Table 4.3: Coefficient of volume expansion of solids and liquids","'99.93564606"
"'197","'LINE","'Material","'100.00000000"
"'197","'LINE","'Volume Expansion Coefficient (β) X 10-4°C-1","'79.71849060"
"'197","'LINE","'Alcohol","'100.00000000"
"'197","'LINE","'1.12","'99.46208954"
"'197","'LINE","'Benzene","'99.95037079"
"'197","'LINE","'1.24","'99.88201141"
"'197","'LINE","'Mercury","'99.96014404"
"'197","'LINE","'1.82","'99.84375000"
"'197","'LINE","'Air","'99.96093750"
"'197","'LINE","'3.67","'99.87304688"
"'197","'LINE","'Example 5.4:","'99.84335327"
"'197","'LINE","'1, A 200 liter aluminum cylindrical reservoir is filled with Ethyl alcohol (","'98.90602112"
"'197","'LINE","'γ = 112 X 10⁻⁵ K⁻¹ at the temperature of 20°C. What volume of alcohol will overflow","'92.17552948"
"'197","'LINE","'if the system is heated to 100°C.","'98.91584778"
"'197","'LINE","'Solution:","'99.88121796"
"'197","'LINE","'α₄ₗ = X T₀ = °C, T = 100 °C, V₀ =200 lit","'79.74526978"
"'197","'LINE","'The two have the same initial volume, but will have different volumes when","'99.97778320"
"'197","'LINE","'their temperature is changed even with the same amount. The difference in their","'99.98641968"
"'197","'LINE","'volumes for an increase in temperature T, is equal to the difference between","'99.20629883"
"'197","'LINE","'the volume of the alcohol,","'99.99007416"
"'197","'LINE","'191","'99.59960938"
"'198","'LINE","'Physics I Student Text Book","'91.78615570"
"'198","'LINE","'V = V₀ + αT), and that of the cylinder, VAl = V₀ + T) Thus","'85.34037781"
"'198","'LINE","'Substituting values ans simplifying the result, we obtain","'99.92971802"
"'198","'LINE","'Vₗcy = (200lit) (80°C) (112 10⁻⁵) K⁻¹ - 3 X 2.31 X 10⁻⁵K⁻¹)","'85.72559357"
"'198","'LINE","'Vₗcy = 16.81 lit","'84.71863556"
"'198","'LINE","'2. While working in the laboratory, you fill water in a glass flask that holds exactly","'99.88254547"
"'198","'LINE","'one litter at temperature 10 °C. You heat the flask, raising the temperature of the","'97.37175751"
"'198","'LINE","'water and flask to 30 °C. Which material expands more; the glass or the water? The","'97.42948151"
"'198","'LINE","'information you need for deciding is the coefficient of expansion.","'99.95525360"
"'198","'LINE","'(take γ = 207x10⁻³K⁻¹ for water and","'86.37252808"
"'198","'LINE","'= 3x9x10⁻K⁻¹ = 2.7x10⁻K`for glass)","'59.15637207"
"'198","'LINE","'Solution:","'99.91051483"
"'198","'LINE","'The glass flask and the water both expand when heated. The water expands more,","'99.99156952"
"'198","'LINE","'as the result some water spills out. Let Vw be the increase in the volume of water;","'96.45708466"
"'198","'LINE","'V₉ is the increase in the volume of glass; and^Vₛ is the volume of water spilled.","'90.82721710"
"'198","'LINE","'Then,","'99.97070313"
"'198","'LINE","'V$ = VAT - VAT = (Bᵥ - ßg) VAT","'64.59310913"
"'198","'LINE","'V = (207 X 10⁻⁶ K⁻¹ - 27 X 10⁻⁶K⁻¹) X 10L X (30°C - 10°C)","'82.51468658"
"'198","'LINE","'V$ = 36mL","'76.57810974"
"'198","'LINE","'Real and apparent coefficients of cubic expansion","'99.80651093"
"'198","'LINE","'The formula used to calculate change in volume for a change in temperature of a","'99.88930511"
"'198","'LINE","'solid can be applied for liquids. However, why we want to discuss volume expansion","'99.97245789"
"'198","'LINE","'for liquids is that liquids are treated with their containers and consequently the","'99.98860931"
"'198","'LINE","'expansion of the container affects the result for liquids.","'99.97351837"
"'198","'LINE","'While measuring the coefficient of cubic expansion of a liquid, the result is not a real","'99.93745422"
"'198","'LINE","'value, rather it is an apparent value since the container itself is affected by the change","'99.98097992"
"'198","'LINE","'in temperature. Therefore, the actual coefficient of volume expansion is given by","'99.93620300"
"'198","'LINE","'γᵣ = r + γc where γᵣ is the real value, γ is the apparent value and Vc is the","'86.51069641"
"'198","'LINE","'coefficient of cubic expansion of the container.","'99.94178009"
"'198","'LINE","'192","'99.89257813"
"'199","'LINE","'Grade 11","'99.85759735"
"'199","'LINE","'Example 5.5:","'99.78475952"
"'199","'LINE","'Mercury of volume 10000 cm³, which is filled in a brass container, is heated from 10","'99.30660248"
"'199","'LINE","'°C to 80 °C. What will be the real and apparent volume expansions of mercury in the","'97.09903717"
"'199","'LINE","'brass container?","'99.95565796"
"'199","'LINE","'T₀ = 10°C, T = 80°C, = 18 X , Vb = 5.7 X","'87.78791809"
"'199","'LINE","'The real expansion of mercury is","'99.91862488"
"'199","'LINE","'^Vₘ,r = V₀γ T = (10⁴cm³) X (18 x 10⁻⁵K⁻¹) (80°C - 10°C)","'67.41649628"
"'199","'LINE","'^Vₘ,r = 126cm³","'65.26337433"
"'199","'LINE","'The apparent coefficient of volume expansion of mercury in brass container,","'99.94660950"
"'199","'LINE","'γ app = 18 X - X = 12.3 X","'80.93821716"
"'199","'LINE","'The apparent volume expansion of the mercury becomes","'99.93032074"
"'199","'LINE","'Vₐₚₚ = γ app VₒT = 12.3 X 10⁻⁵K⁻¹ (10⁴cm³) (70k)","'71.08789825"
"'199","'LINE","'AVa₇ₚ = 86.1cm³","'10.81891727"
"'199","'LINE","'Thermal expansion of gases","'99.96073914"
"'199","'LINE","'Gases expand more at ordinary temperature than solid and liquid. In the case of","'99.98587799"
"'199","'LINE","'gases, both temperature and pressure determine the change in volume of the gas.","'99.98629761"
"'199","'LINE","'Increasing the temperature leads to increase in the volume of the gas while the","'99.98796844"
"'199","'LINE","'increase in the pressure leads to decrease in volume. In this case, you cannot use the","'99.98214722"
"'199","'LINE","'method used in liquids and solids to determine the volume expansion coefficient of","'99.97402954"
"'199","'LINE","'a gas.","'99.69039154"
"'199","'LINE","'Applications of thermal expansion in solids","'99.97355652"
"'199","'LINE","'?","'99.75505829"
"'199","'LINE","'Brainstorming","'99.91051483"
"'199","'LINE","'1. Discuss and present the applications of thermal expansion in your locality.","'99.97226715"
"'199","'LINE","'2. Explore how mercury thermometer is calibrated. What property is used for","'99.97857666"
"'199","'LINE","'calibration and why is the mercury made to rise up a capillary tube ? What","'99.50640106"
"'199","'LINE","'would be the shape of the metals look like after heating up? Describe the","'99.98604584"
"'199","'LINE","'shapes","'100.00000000"
"'199","'LINE","'Figure 5.11: Two different metals attached together","'98.86476898"
"'199","'LINE","'3. Follow the demonstration by your physics teacher and explain Gravesend's","'99.85897064"
"'199","'LINE","'ring -and -ball experiment to describe thermal expansion of solids. Experiment","'99.54412842"
"'199","'LINE","'on thermal expansion of gases by putting an inflated balloon on a hot water.","'99.84445190"
"'199","'LINE","'193","'99.95117188"
"'200","'LINE","'Physics","'99.89178467"
"'200","'LINE","'Student Text Book","'99.83783722"
"'200","'LINE","'Some applications of thermal expansion:","'99.97608948"
"'200","'LINE","'Riveting two metal sheets tightly: As the rivet cools it contracts and makes","'99.98253632"
"'200","'LINE","'the joint between the two metal sheets tighter, as shown in Figure 5.12.","'99.92313385"
"'200","'LINE","'hot rivet - expanded","'88.47123718"
"'200","'LINE","'cold rivet . contracted","'93.76350403"
"'200","'LINE","'metal sheets","'99.88690186"
"'200","'LINE","'cool","'99.50195313"
"'200","'LINE","'hot","'99.42223358"
"'200","'LINE","'Figure 5.12: Riveting metal sheets","'99.85742188"
"'200","'LINE","'brass","'99.17968750"
"'200","'LINE","'iron or invar","'98.91362000"
"'200","'LINE","'The bimetallic strip: A bimetallic strip is made","'99.30255127"
"'200","'LINE","'out of two metals of different coefficients of linear","'99.96791840"
"'200","'LINE","'this metal","'99.70703125"
"'200","'LINE","'expands less","'99.81893921"
"'200","'LINE","'expansion bonded together. For example iron and","'99.98291779"
"'200","'LINE","'brass bonded together. The coefficient of linear","'99.96583557"
"'200","'LINE","'expansion (α) of iron (1.1 X 10⁻⁵ K⁻¹) is less than that","'97.25835419"
"'200","'LINE","'of brass (1.9 X 10⁻⁵ K⁻¹). When the strip is heated, the","'97.22378540"
"'200","'LINE","'brass expands faster than the iron and as a result the","'99.93144226"
"'200","'LINE","'strip bends towards the iron side, as shown in Figure","'99.98030853"
"'200","'LINE","'5.13.","'99.93083954"
"'200","'LINE","'Figure 5.13: Bimetallic strip","'99.80673218"
"'200","'LINE","'A bimetallic strip can be used as a switch in an electric circuit that turns on and off","'99.71753693"
"'200","'LINE","'according to the temperature. This switch is what we call thermostat.","'99.98107147"
"'200","'LINE","'Removing a stopper: If you find it difficult to remove the stopper","'99.62111664"
"'200","'LINE","'from a glass bottle, just heat its neck slightly. Now the neck of the bot-","'99.96306610"
"'200","'LINE","'tle expands and the stopper comes out easily.","'99.94905853"
"'200","'LINE","'Liquid thermometers: The expansion of mercury or alcohol in a liq-","'99.84188843"
"'200","'LINE","'uid thermometer is an application of the thermal expansion of liquids.","'99.98203278"
"'200","'LINE","'Boiling of liquids: When liquid is heated, the molecules of the liquid","'99.99091339"
"'200","'LINE","'expand and the liquid changes its state.","'99.99860382"
"'200","'LINE","'Sealed bottles: Medicine bottles are left out with some space at the top","'99.98485565"
"'200","'LINE","'so that the medicine does not spill off after expansion.","'99.11023712"
"'200","'LINE","'194","'99.73632813"
"'201","'LINE","'Grade 11","'99.73024750"
"'201","'LINE","'Review Questions 5.4","'99.84700775"
"'201","'LINE","'1. A steel cork of a soft drink bottle at normal temperature is too tight to open it.","'99.30919647"
"'201","'LINE","'Which method helps to open it easily; heating or cooling?","'99.96093750"
"'201","'LINE","'2. Does heating a thin, circular ring make it wider or narrower?","'99.70950317"
"'201","'LINE","'3. A segment of steel railroad track has a length of 60 m when the temperature is","'99.17253876"
"'201","'LINE","'0.0°C. What is its length when the temperature is raised to 40.0°C?","'97.07826996"
"'201","'LINE","'4. What would happen if, upon heating, the glass of a thermometer expands more","'99.85227966"
"'201","'LINE","'than the liquid inside?","'99.96826172"
"'201","'LINE","'5. Why do we use mercury in a glass thermometer while the glass undergoes","'99.86919403"
"'201","'LINE","'thermal expansion with it?.","'99.73124695"
"'201","'LINE","'6. When a metal ring and a metal sphere with equal radius are both at room","'99.67332458"
"'201","'LINE","'temperature, the sphere does not pass through the ring. After the ring is heated,","'99.96785736"
"'201","'LINE","'the sphere can pass through the ring. Why?","'99.96318054"
"'201","'LINE","'7. The diameter of a piston is 10 cm. To what temperature should a steel ring of","'99.66296387"
"'201","'LINE","'diameter 9.9 cm be heated so that the piston can pass through the ring?","'98.61534882"
"'201","'LINE","'8. Suppose a 300 L steel barrel is filled with Ethyl alcohol at a temperature of","'99.75641632"
"'201","'LINE","'10°C. How much Ethyl alcohol over flows if the system is heated to 100 °C?","'96.83706665"
"'201","'LINE","'9. Consider three metal rods, each has a length of 40.0 cm at a temperature of","'99.72146606"
"'201","'LINE","'0°C. When the temperature on them is increased by 100 °C, the length of the","'97.41172028"
"'201","'LINE","'one is increased by 0.08 cm, the second one by 0.05 cm. The third rod which","'99.79529572"
"'201","'LINE","'is made of combinations of the first two metals, extends by 0.06 cm. Find the","'99.92737579"
"'201","'LINE","'length of each portion of the composite bar.","'99.98647308"
"'201","'LINE","'10. Suppose that a steel hoop could at 0.0 degree Celcius be constructed around","'99.80794525"
"'201","'LINE","'the earth's equator, just fitting it at a temperature 25°C. What would be the","'97.51802063"
"'201","'LINE","'thickness of space between hoop and the earth if the temperature of the hoop","'99.97966003"
"'201","'LINE","'were increased by 5 °C. = 1.2 X","'91.58340454"
"'201","'LINE","'11. Two brass rods and one steel rod of equal length L₀ and equal cross-sectional","'99.40753937"
"'201","'LINE","'are joined rigidly at their ends. All rods are in the state of zero tension at 0° C.","'98.46282196"
"'201","'LINE","'Find the length of the system when the temperature is increased to T. (Take","'99.16617584"
"'201","'LINE","'a","'19.18965340"
"'201","'LINE","'12. The length of a copper wire at 0°C is 100 cm and it is is shorter by 0.05 cm from","'99.49923706"
"'201","'LINE","'a steel wire at the same temperature. To what value should the temperature on","'99.77361298"
"'201","'LINE","'the two wires be increased so that the two wires attain the same length?","'98.97613525"
"'201","'LINE","'13. Calculate the change in area if the surface area of a container with a glass","'99.79011536"
"'201","'LINE","'cover is 0.05 m2 and a = 9 X 10⁻⁶ °C-1 when it is exposed to a temperature","'92.09506989"
"'201","'LINE","'difference of 96 °C.","'93.63131714"
"'201","'LINE","'195","'99.93164063"
"'202","'LINE","'Physics","'99.85271454"
"'202","'LINE","'Student Text Book","'99.82183075"
"'202","'LINE","'L","'93.49788666"
"'202","'LINE","'14. Calculate the volume difference of a 1.00 m³ of water when heated from 10 °C","'96.59332275"
"'202","'LINE","'to 90°C. = 2.1 X 10-4 °C-1.","'79.90151978"
"'202","'LINE","'5.5 Change of phase","'99.92900085"
"'202","'LINE","'After completing this section, you should be able to:","'99.98480988"
"'202","'LINE","'discuss the phenomena of change of phase","'99.91760254"
"'202","'LINE","'?","'99.61834717"
"'202","'LINE","'Brainstorming","'99.95037079"
"'202","'LINE","'You know that heat is a transfer or flow of energy due to temperature dif-","'99.64510345"
"'202","'LINE","'ference.","'99.89098358"
"'202","'LINE","'1. Is there a situation in which heat transfers without bringing change in the","'99.89458466"
"'202","'LINE","'temperature of the substance?","'99.99755859"
"'202","'LINE","'2. Have you ever noticed that melting or boiling undertakes without any change","'99.98722839"
"'202","'LINE","'in temperature while heat is being transferring? What happened to the heat","'99.99505615"
"'202","'LINE","'supplied?","'100.00000000"
"'202","'LINE","'Anything that has mass is made up of matter - an all-encompassing word for atoms","'99.41634369"
"'202","'LINE","'and molecules that make up our physical world. We describe this matter as existing","'99.98163605"
"'202","'LINE","'in states (sometimes referred to as phases). Most people are familiar with three states","'99.96611786"
"'202","'LINE","'of matter - solids, liquids and gases. The term phase is used to describe a specific","'99.28661346"
"'202","'LINE","'state of matter, such as a liquid, solid or gas.","'99.94760132"
"'202","'LINE","'Most substances can exist in different states. For example, water exists in liquid state,","'99.97180939"
"'202","'LINE","'water as solid state, such ice, and water as gaseous state such as steam or water vapor.","'99.97812653"
"'202","'LINE","'All these states or phases are the result of being at different temperatures. Phases","'99.96810150"
"'202","'LINE","'of matter are inter-changeable. That is, matter can be changed from one state to","'99.96815491"
"'202","'LINE","'another by adding or taking heat from the object.","'99.99349213"
"'202","'LINE","'196","'99.93164063"
"'203","'LINE","'Grade 11","'99.77499390"
"'203","'LINE","'What is phase change?","'99.96582031"
"'203","'LINE","'What is important about phases of matter is that matter undergoes changes in phase.","'99.97541046"
"'203","'LINE","'When a substance is supplied with heat, it either changes its temperature or changes","'99.92026520"
"'203","'LINE","'its internal energy. When internal energy is changed as heat is supplied the substance","'99.97412872"
"'203","'LINE","'undergoes phase change. At phase change the heat supplied is used to change the","'99.98593140"
"'203","'LINE","'molecular structure to break the bonds between molecules keeping the temperature","'99.97854614"
"'203","'LINE","'constant. The transition from one phase to another is called phase change or phase","'99.98320007"
"'203","'LINE","'transition, for instance, solid to liquid (melting), liquid to gas (evaporation).","'99.94505310"
"'203","'LINE","'Latent heat","'99.90722656"
"'203","'LINE","'The energy absorbed or released by a substance during a change in its physical state","'99.92287445"
"'203","'LINE","'(phase) that occurs without changing its temperature is called latent heat. The","'99.98278046"
"'203","'LINE","'amount of heat absorbed or released by an object of mass, m, is given mathematically","'99.91520691"
"'203","'LINE","'by","'99.99023438"
"'203","'LINE","'Q = mL","'96.04737854"
"'203","'LINE","'where L is called the latent heat of the substance; i.e., L = Lf for heat of fusion and","'97.90093994"
"'203","'LINE","'L=Lᵥ = for heat of vaporization. Its SI unit is joule per kilogram (J/kg).","'94.24914551"
"'203","'LINE","'Latent heat depends on the nature of the phase change as well as on the properties of","'99.97415161"
"'203","'LINE","'the substance.","'99.93532562"
"'203","'LINE","'Key terms","'99.80797577"
"'203","'LINE","'Latent heat of fusion is the amount of heat absorbed by 1kg of a substance from","'99.77586365"
"'203","'LINE","'solid to liquid - leaving the temperature of the system unaltered.","'98.80853271"
"'203","'LINE","'Latent heat of vaporization is the amount of heat absorbed by 1kg of the substance","'99.90610504"
"'203","'LINE","'to change its phase from liquid to gas.","'99.94741058"
"'203","'LINE","'The word ""latent"" means ""hidden"", so why is the term hidden? The reason why it","'98.94672394"
"'203","'LINE","'is called latent heat is that it cannot be measured by a thermometer. The energy","'99.95855713"
"'203","'LINE","'involved in a phase change is used to break bonds, and hence there is no increase in","'99.92682648"
"'203","'LINE","'the kinetic energies of the particles (therefore, no rise in temperature). An important","'99.91238403"
"'203","'LINE","'point that we should consider is that at a given pressure, any phase change undertakes","'99.94635010"
"'203","'LINE","'at a specific temperature.","'99.73233795"
"'203","'LINE","'Latent heat of fusion (Lf) is defined as the amount of heat absorbed by 1 kg","'96.54151154"
"'203","'LINE","'of a substance to change its state from solid to liquid without any change in","'99.96924591"
"'203","'LINE","'temperature. The temperature at which fusion takes place is called the melting point","'99.97270966"
"'203","'LINE","'of the substance. For example, the melting point of water is 0°C. Since fusion and","'99.21340942"
"'203","'LINE","'solidification of a given substance are the exact opposite processes, they have equal","'99.94142151"
"'203","'LINE","'in magnitude, but opposite in sign.","'99.92881775"
"'203","'LINE","'197","'99.91210938"
"'204","'LINE","'Physics I Student Text Book","'91.20729065"
"'204","'LINE","'Heat of vaporization (Lᵥ) is defined as the quantity of heat transferred to change 1","'96.79173279"
"'204","'LINE","'kg of a substance from liquid state to gaseous state keeping the temperature constant.","'99.97332001"
"'204","'LINE","'The temperature at which a liquid substance changes to steam is called boiling point.","'99.92422485"
"'204","'LINE","'For example, the boiling point of water is 100 °C.","'99.12481689"
"'204","'LINE","'The temperature versus heat graph, in Figure 5.14, shows temperatures at which","'99.97463989"
"'204","'LINE","'phase changes take place.","'99.99511719"
"'204","'LINE","'Phase Change","'98.44078827"
"'204","'LINE","'Phase Change","'97.52201843"
"'204","'LINE","'(Solid Liquid)","'94.82870483"
"'204","'LINE","'(Liquid Gas)","'95.87841034"
"'204","'LINE","'Gas","'98.67187500"
"'204","'LINE","'Temperature (°C)","'95.13393402"
"'204","'LINE","'Vaporization","'99.81205750"
"'204","'LINE","'Condensation","'99.91131592"
"'204","'LINE","'Liquid","'99.55895233"
"'204","'LINE","'Melting","'99.49876404"
"'204","'LINE","'Freezing","'99.75505829"
"'204","'LINE","'Solid :::","'73.72154999"
"'204","'LINE","'Heat Energy","'99.91210938"
"'204","'LINE","'Figure 5.14: Temperature versus heat diagram","'99.83385468"
"'204","'LINE","'Table 5.4: Latent heat of fusion (Lf) and latent heat of vaporization (Lv)","'93.75498199"
"'204","'LINE","'Melting Point","'99.95605469"
"'204","'LINE","'Boiling point","'99.95605469"
"'204","'LINE","'Substance","'99.88042450"
"'204","'LINE","'(°C)","'83.45005798"
"'204","'LINE","'Lf (J/kg)","'64.06673431"
"'204","'LINE","'LV( J/kg)","'75.44746399"
"'204","'LINE","'(°C)","'83.77949524"
"'204","'LINE","'Oxygen","'99.88042450"
"'204","'LINE","'-218.79","'99.67693329"
"'204","'LINE","'1.38 X 10⁴","'81.60531616"
"'204","'LINE","'-182.97","'98.91522217"
"'204","'LINE","'2.13 X 105","'83.37854004"
"'204","'LINE","'Ethyl alcohol","'99.66069794"
"'204","'LINE","'-114","'97.24788666"
"'204","'LINE","'1.04 X 10⁵","'80.89252472"
"'204","'LINE","'78","'99.93164063"
"'204","'LINE","'8.54 X 10⁵","'85.26552582"
"'204","'LINE","'Water","'99.97070313"
"'204","'LINE","'0.00","'99.93083954"
"'204","'LINE","'3.33 X 10⁵","'86.56781006"
"'204","'LINE","'100.00","'99.95117188"
"'204","'LINE","'2.26 X 10⁶","'80.99655914"
"'204","'LINE","'Lead","'99.45252228"
"'204","'LINE","'327.3","'99.80468750"
"'204","'LINE","'2.45 X 04","'80.74118805"
"'204","'LINE","'1750","'99.91210938"
"'204","'LINE","'8.70 X 10⁵","'88.22591400"
"'204","'LINE","'Copper","'99.91051483"
"'204","'LINE","'1083","'76.06604767"
"'204","'LINE","'1.34 X 10⁵","'86.66613770"
"'204","'LINE","'1187","'99.63707733"
"'204","'LINE","'5.06 X 10⁶","'82.85528564"
"'204","'LINE","'Example 5.6","'99.92147827"
"'204","'LINE","'Suppose the temperature of 4 kg of water is increased from -50 °C to steam at 100 °C,","'96.71629333"
"'204","'LINE","'at standard pressure. Assume the specific capacity of ice is constant, 21 J/g.K. How","'99.34914398"
"'204","'LINE","'much energy is absorbed by the water? Draw the temperature versus heat added","'99.98191071"
"'204","'LINE","'graph.","'99.93083954"
"'204","'LINE","'Solution:","'99.87145233"
"'204","'LINE","'Cᵢ = 2100 J kg.K, Lf = 3.36x X J / kg, cw = 4200 kg.K, Tᵢ = -50°C,","'82.03884888"
"'204","'LINE","'Tₘ = 0°C, Tb = 100°C, Lᵥ = X kg,","'82.76736450"
"'204","'LINE","'The heat energy absorbed by the ice to increase the temperature from Tᵢ = -50°Cto","'94.75745392"
"'204","'LINE","'melting point (Tₘ = 0°C) is,","'89.33654022"
"'204","'LINE","'Qi =","'75.77925873"
"'204","'LINE","'198","'99.87304688"
"'205","'LINE","'Grade 11","'99.83238983"
"'205","'LINE","'The energy absorbed by the ice at 0°C to water at 0°C,","'99.07254791"
"'205","'LINE","'Qf = mL = 4kg X 3.36 X / kg = 1344000J","'87.92041779"
"'205","'LINE","'The energy absorbed by the water to increase its temperature from 0°C to boiling","'99.68914032"
"'205","'LINE","'point","'99.97070313"
"'205","'LINE","'(Tb = 100°C)","'87.72693634"
"'205","'LINE","',","'87.38151550"
"'205","'LINE","'Qw = mcw (Tb - Tₘ) = 4kg X / kg.K (100°C - 0°C) = 1680000 J","'84.41780853"
"'205","'LINE","'The energy absorbed to change water at 100°C to steam at 100°C,","'99.50708771"
"'205","'LINE","'Q$ = mLv = 4kg X 32.25 X 10⁶ J / kg = 1.29x 10⁸ J","'86.48538208"
"'205","'LINE","'The total energy absorbed by the water is, then","'99.94791412"
"'205","'LINE","'Q = Qi + Qf + Qw + Q$","'85.36560822"
"'205","'LINE","'Q = 420000 J + 1344000J + 1680000 J + 129000000 J","'97.85521698"
"'205","'LINE","'Q = 132444000 J","'97.32810211"
"'205","'LINE","'Temperature (°C)","'97.43144226"
"'205","'LINE","'Gas phase","'99.94140625"
"'205","'LINE","'100","'99.96093750"
"'205","'LINE","'Liquid phase","'99.93612671"
"'205","'LINE","'0","'99.77220154"
"'205","'LINE","'420000 1764000","'99.96582031"
"'205","'LINE","'3444000","'99.97070313"
"'205","'LINE","'132444000","'99.93083954"
"'205","'LINE","'solid phase","'99.94100952"
"'205","'LINE","'Heat (J)","'89.42910767"
"'205","'LINE","'-50","'99.93083954"
"'205","'LINE","'Figure 5.15. illustrates how the temperature varies when we add heat continuously to a","'99.85109711"
"'205","'LINE","'specimen of ice with an initial temperature below 0°C (point A).","'98.93470001"
"'205","'LINE","'Phase diagram","'99.98007202"
"'205","'LINE","'Phase diagram is a graphical representation of the physical states of a substance","'99.94136047"
"'205","'LINE","'under different conditions of temperature and pressure. The commonly known","'99.99202728"
"'205","'LINE","'phase diagram has pressure on the y-axis and temperature on the x-axis. As you can","'99.93756104"
"'205","'LINE","'see in Figure 5.16, there are three major curves for boiling, freezing or melting or","'99.96333313"
"'205","'LINE","'199","'99.95117188"
"'206","'LINE","'Physics","'99.91131592"
"'206","'LINE","'Student Text Book","'99.85112762"
"'206","'LINE","'fusion, and sublimation on the phase diagram. As you cross the lines or curves on","'99.96446991"
"'206","'LINE","'the phase diagram, a phase change occurs.","'99.93363953"
"'206","'LINE","'At several points on the graph, the temperature and pressure combinations will","'99.97274780"
"'206","'LINE","'create a state of phase equilibrium between two phases. This is illustrated by a line","'99.92862701"
"'206","'LINE","'along those temperature-pressure combinations called, ""phase equilibrium lines."" At","'99.68291473"
"'206","'LINE","'every point along that line, there is equilibrium of both phases.","'99.95584106"
"'206","'LINE","'Key terms","'99.86168671"
"'206","'LINE","'The triple point represents the combination of pressure and temperature that","'99.98919678"
"'206","'LINE","'facilitates all phases of matter at equilibrium.","'99.96756744"
"'206","'LINE","'Critical Point is the point in temperature and pressure on a phase diagram where","'99.59918213"
"'206","'LINE","'the liquid and gaseous phases of a substance merge together into a single phase.","'99.66257477"
"'206","'LINE","'Fusion curve","'99.83398438"
"'206","'LINE","'solid phase","'99.97070313"
"'206","'LINE","'compressible","'100.00000000"
"'206","'LINE","'supercritical fluid","'99.90603638"
"'206","'LINE","'liqiud","'99.79093933"
"'206","'LINE","'critical pressure","'99.90194702"
"'206","'LINE","'Pressure","'96.82138824"
"'206","'LINE","'Pcr","'53.78686905"
"'206","'LINE","'liquid","'100.00000000"
"'206","'LINE","'critical point","'99.91091156"
"'206","'LINE","'phase","'99.97070313"
"'206","'LINE","'Vaporization curve","'99.96093750"
"'206","'LINE","'triple point","'99.85351563"
"'206","'LINE","'gaseous phase","'99.92187500"
"'206","'LINE","'Ptp","'58.20491791"
"'206","'LINE","'sublimation","'99.89257813"
"'206","'LINE","'vapour","'99.84375000"
"'206","'LINE","'curve","'99.65820313"
"'206","'LINE","'critical tempreture","'99.97030640"
"'206","'LINE","'Tₜₚ","'43.44686508"
"'206","'LINE","'Tcr","'53.50286865"
"'206","'LINE","'Temperature","'99.92187500"
"'206","'LINE","'Figure 5.16: Phase diagram","'99.79452515"
"'206","'LINE","'The triple point: The triple point is a point at which the three lines on the pressure-","'99.96578217"
"'206","'LINE","'temperature graph converge, offering an equilibrium state where all the three phases","'99.97355652"
"'206","'LINE","'of solid, liquid and gas exist simultaneously. For example, the single combination","'99.92781067"
"'206","'LINE","'of pressure and temperature at which liquid water, solid ice, and water vapor can","'99.98947906"
"'206","'LINE","'coexist in a stable equilibrium occurs at exactly 273.1600 K and a partial vapor","'99.79410553"
"'206","'LINE","'pressure of 611.657 Pa.","'99.59617615"
"'206","'LINE","'Sublimation:","'99.93083954"
"'206","'LINE","'Sublimation is the term for a phase change that proceeds directly from the solid phase to","'99.79169464"
"'206","'LINE","'the vapor phase without first making the transition to the liquid state.","'99.99592590"
"'206","'LINE","'200","'99.85351563"
"'207","'LINE","'Grade 11","'99.78964233"
"'207","'LINE","'Critical point (or, critical state): The critical point occurs where the critical","'99.96549225"
"'207","'LINE","'temperature and critical pressure of a substance meet. Above this point clear phase","'99.96513367"
"'207","'LINE","'boundaries cease to exist. For water the critical point is around 647 K and 22 MPa. The","'99.51699066"
"'207","'LINE","'properties of the gas and liquid phases merge together giving only one phase at the","'99.98763275"
"'207","'LINE","'critical point. Beyond the temperature of the critical point, the merged single phase","'99.99161530"
"'207","'LINE","'is known as a supercritical fluid. A substance cannot form a liquid above its critical","'99.83609772"
"'207","'LINE","'temperature, regardless of the applied pressure. Above the critical temperature, the","'99.98017883"
"'207","'LINE","'molecules have enough kinetic energy to overcome the intermolecular attractive","'99.97331238"
"'207","'LINE","'forces.","'100.00000000"
"'207","'LINE","'The critical point is different to the boiling point of a substance. The boiling point","'99.96837616"
"'207","'LINE","'of a substance is usually meant to mean the boiling point at standard atmospheric","'99.95576477"
"'207","'LINE","'pressure. However, the actual boiling point of a substance depends on the surrounding","'99.79486084"
"'207","'LINE","'pressure. From the phase diagram the substance has a number of boiling points","'99.98028564"
"'207","'LINE","'following the curving blue line. The lower the pressure, the lower is the boiling","'99.99581909"
"'207","'LINE","'point. The critical point occurs only at one specific temperature and pressure.","'99.97708130"
"'207","'LINE","'Table 5.5: Liquid-vapor critical temperature and pressure for selected substances","'99.85817719"
"'207","'LINE","'Substance","'99.89178467"
"'207","'LINE","'Critical temperature","'99.86696625"
"'207","'LINE","'Critical pressure (absolute)","'99.85517883"
"'207","'LINE","'Mercury","'99.93083954"
"'207","'LINE","'1,476.9 °C (1,750.1 K)","'83.90007019"
"'207","'LINE","'1,720 atm (174,000 kPa)","'96.29578400"
"'207","'LINE","'Sulfur","'99.87224579"
"'207","'LINE","'1,040.85 °C (1,314.00 K)","'85.77731323"
"'207","'LINE","'207 atm (21,000 kPa)","'93.71088409"
"'207","'LINE","'Iron","'98.73744202"
"'207","'LINE","'8,227 °C (8,500 K)","'87.29940796"
"'207","'LINE","'Gold","'99.95117188"
"'207","'LINE","'6,977 °C (7,250 K)","'84.82504272"
"'207","'LINE","'5,000 atm (510,000 kPa)","'97.60383606"
"'207","'LINE","'Review Questions 5.5","'99.85351563"
"'207","'LINE","'1. Why does the melting point of ice get lower at higher pressures?","'99.94735718"
"'207","'LINE","'2. Define critical temperature. Does it vary with pressure? Is it the same as","'99.96157837"
"'207","'LINE","'boiling point?","'99.94628906"
"'207","'LINE","'3. Does the boiling point increase indefinitely with increased pressure?","'99.97550964"
"'207","'LINE","'4. Collect the triple points of water, carbon dioxide, mercury, and zinc, in the","'99.96321869"
"'207","'LINE","'internet. Compare temperatures of these at triple point with the corresponding","'99.98387909"
"'207","'LINE","'melting points at standard pressure.","'99.97249603"
"'207","'LINE","'5. Is it possible to compress steam to form a liquid if the temperature is higher","'99.82890320"
"'207","'LINE","'than 374°C?","'93.92936707"
"'207","'LINE","'6. Calculate the heat energy required to melt 10 g of copper at its melting point.","'99.88276672"
"'207","'LINE","'(Lf for copper = 209 000 J/kg).","'97.06536102"
"'207","'LINE","'7. Calculate the heat energy released to cool 0.1kg of aluminium from 2,470°C","'99.42494965"
"'207","'LINE","'201","'99.64684296"
"'208","'LINE","'Physics","'99.91131592"
"'208","'LINE","'I","'55.04195023"
"'208","'LINE","'Student Text Book","'99.87091827"
"'208","'LINE","'(boiling point of Al) of aluminium gas to solid aluminium at 660.3°C (melting","'99.49223328"
"'208","'LINE","'point of Al) at standard pressure.","'99.72679901"
"'208","'LINE","'8. The diagram shows the phase diagram of CO2.","'97.97780609"
"'208","'LINE","'a. At what temperature and pressure can the solid, liquid and vapor phases of","'99.80883026"
"'208","'LINE","'CO2 coexist in equilibrium?","'99.83567810"
"'208","'LINE","'b. At what temperature does carbon dioxide undergoes change in state at","'99.98365784"
"'208","'LINE","'standard pressure? What type of state change does it undergo?","'99.98632813"
"'208","'LINE","'C. What are the critical temperature and pressure for CO2?","'95.93869781"
"'208","'LINE","'Critical","'99.97070313"
"'208","'LINE","'Supercritical","'99.95037079"
"'208","'LINE","'point","'99.84375000"
"'208","'LINE","'c","'52.71105957"
"'208","'LINE","'fluid","'99.91131592"
"'208","'LINE","'72.9 atm","'97.20583344"
"'208","'LINE","'Liquid","'99.95117188"
"'208","'LINE","'Pressure (not to scale)","'96.20141602"
"'208","'LINE","'5.1 atm","'89.96153259"
"'208","'LINE","'0","'59.47375488"
"'208","'LINE","'Triple","'99.87304688"
"'208","'LINE","'Solid","'99.96093750"
"'208","'LINE","'point","'99.93164063"
"'208","'LINE","'1 atm","'74.00689697"
"'208","'LINE","'Gas","'99.72656250"
"'208","'LINE","'B","'80.41553497"
"'208","'LINE","'-78.5","'97.42028046"
"'208","'LINE","'°C","'90.82369995"
"'208","'LINE","'-56.7 °C","'69.10315704"
"'208","'LINE","'31 °C","'71.43155670"
"'208","'LINE","'Temperature (not to scale)","'99.70419312"
"'208","'LINE","'9. The diagram below shows the phase diagram of water.","'99.98339844"
"'208","'LINE","'a. At what temperature and pressure can the solid, liquid and vapor phases of","'99.84578705"
"'208","'LINE","'water coexist in equilibrium?","'99.97763062"
"'208","'LINE","'b. Is water solid, liquid or gas at 0.01 °C under 1 atm?","'98.69795227"
"'208","'LINE","'217.75 atm","'96.83773041"
"'208","'LINE","'critical point","'99.50254822"
"'208","'LINE","'Pc","'97.80991364"
"'208","'LINE","'Critical","'99.53224945"
"'208","'LINE","'Pressure","'99.13365173"
"'208","'LINE","'LIQUID","'99.77140808"
"'208","'LINE","'melting","'97.46273041"
"'208","'LINE","'PHASE","'99.93083954"
"'208","'LINE","'SOLID","'99.55178070"
"'208","'LINE","'Pressure, P","'70.79918671"
"'208","'LINE","'PHASE","'99.93083954"
"'208","'LINE","'1 atm.","'78.65553284"
"'208","'LINE","'Normal Boiling Point","'98.82885742"
"'208","'LINE","'triple point","'99.44396210"
"'208","'LINE","'GAS","'99.77140808"
"'208","'LINE","'0.006 atm","'95.96798706"
"'208","'LINE","'PHASE","'99.88201141"
"'208","'LINE","'sublimation","'74.08482361"
"'208","'LINE","'0.01","'86.60236359"
"'208","'LINE","'°C","'68.08892822"
"'208","'LINE","'100°C","'73.97859955"
"'208","'LINE","'373.99 °C","'76.39254761"
"'208","'LINE","'Temperature, T","'97.19766235"
"'208","'LINE","'Critical Temperature","'98.42903137"
"'208","'LINE","'202","'99.91210938"
"'209","'LINE","'Grade 11","'99.84783173"
"'209","'LINE","'5.6 Calorimetry","'99.95565796"
"'209","'LINE","'After completing this section, you should be able to:","'99.98915100"
"'209","'LINE","'solve problems associated with Calorimetry","'99.99414063"
"'209","'LINE","'investigate a phenomena related with heat capacity from every day","'99.90262604"
"'209","'LINE","'experience.","'100.00000000"
"'209","'LINE","'?","'99.79412842"
"'209","'LINE","'Brainstorming","'99.92028046"
"'209","'LINE","'You have learned specific heat and heat capacity and later specific latent heat.","'99.99699402"
"'209","'LINE","'Discuss how you can measure the specific heat and latent heat of a substance.","'99.90842438"
"'209","'LINE","'Calorimetry is the measurement of the quantity of heat exchanged between","'99.98735046"
"'209","'LINE","'substances. The experimental approach of measuring heat capacities and the heat","'99.97825623"
"'209","'LINE","'changes during chemical and physical processes is called calorimetry. A calorimeter","'99.94216919"
"'209","'LINE","'is a device used to measure specific heat capacity and specific latent heat of solids or","'99.98224640"
"'209","'LINE","'liquids.","'99.96014404"
"'209","'LINE","'5.6.1. Measuring specific heat capacity","'99.94873810"
"'209","'LINE","'There are several methods we can use to determine the specific heat capacity of a","'99.97189331"
"'209","'LINE","'substance, but remember that to calculate this value we will always need to know:","'99.98442841"
"'209","'LINE","'the mass of the substance,","'99.91246796"
"'209","'LINE","'the amount of heat energy supplied,","'99.99837494"
"'209","'LINE","'its starting temperature, and","'99.96766663"
"'209","'LINE","'the final temperature.","'99.96691895"
"'209","'LINE","'All of these slightly different approaches of specific heat measurement methods","'99.98824310"
"'209","'LINE","'involve heat exchange. This is done by heating one material and bringing it in","'99.98303223"
"'209","'LINE","'thermal contact with a relatively colder body so that they exchange heat. The heat","'99.53899384"
"'209","'LINE","'from the hot body is used to warm a colder body. In approaching these heat exchange","'99.97853851"
"'209","'LINE","'calculations we use the principle that for an isolated system, the heat energy lost","'99.98378754"
"'209","'LINE","'(Q₁₀ₛₜ) from the hot body will equal the heat gained (Qₐᵢₙ) by the cold body.","'90.88176727"
"'209","'LINE","'Heat gained by cold object = Heat lost by hot object","'99.67500305"
"'209","'LINE","'203","'99.95117188"
"'210","'LINE","'Physics I Student Text Book","'91.72500610"
"'210","'LINE","'Example 5.7","'99.56503296"
"'210","'LINE","'A 0.05 kg bar of unknown metal is heated to 200.0°C and then immersed into a","'98.82223511"
"'210","'LINE","'container with 0.40 kg of water initially at 20.0°C. If the final equilibrium temperature","'98.72466278"
"'210","'LINE","'of the system is 22.4°C, find the specific heat of the metal.","'99.65518188"
"'210","'LINE","'Solution:","'99.89098358"
"'210","'LINE","'Using the heat exchange method,","'99.96468353"
"'210","'LINE","'Qw = -Qₛ,","'41.08358765"
"'210","'LINE","'0.4 kgx(4186 J/kg)x(2.4°C-20.0°C) = -0.05 kg x(22.4°C-200.0°C)","'68.91470337"
"'210","'LINE","'Solving this for Cₛ, we obtain,","'95.15269470"
"'210","'LINE","'cₛ = 453J/kg.°C.","'74.93393707"
"'210","'LINE","'Electrical heating to determine the specific heat capacity of a solid","'99.80372620"
"'210","'LINE","'The electrical method can be used to find the specific heat capacity of a solid or a","'99.90017700"
"'210","'LINE","'liquid. The diagram in Figure 5.17 The electrical method can be used to find the","'99.96007538"
"'210","'LINE","'specific heat capacity of a solid or a liquid. The diagram in Figure 5.17 shows the","'99.87877655"
"'210","'LINE","'apparatus used to find the specific heat capacity of a solid by electric method. In this","'99.97086334"
"'210","'LINE","'case, the hot body losing the heat energy is the electrical heater. We assume only","'99.99674225"
"'210","'LINE","'the solid object gains heat. We ignore any heat energy supplied to the thermometer","'99.99575806"
"'210","'LINE","'and any heat lost to the surroundings, and assumed that the electrical heater is 100%","'99.98546600"
"'210","'LINE","'efficient in this calculation.","'99.90787506"
"'210","'LINE","'thermometer","'99.93083954"
"'210","'LINE","'+","'96.39488983"
"'210","'LINE","'electrical heater of","'99.95389557"
"'210","'LINE","'known power","'99.98046875"
"'210","'LINE","'insulation","'100.00000000"
"'210","'LINE","'solid sample of","'99.94386292"
"'210","'LINE","'known mass","'99.89178467"
"'210","'LINE","'Figure 5.17: Finding the specific heat capacity of a known mass","'99.75763702"
"'210","'LINE","'Key term:","'99.73433685"
"'210","'LINE","'Calorimetry is the measurement of the quantity of heat exchanged between","'99.93418121"
"'210","'LINE","'substances.","'99.91051483"
"'210","'LINE","'204","'99.84375000"
"'211","'LINE","'Grade 11","'99.89665985"
"'211","'LINE","'If we know the power rating of the heater and we know how long the heater is","'99.99420929"
"'211","'LINE","'switched on for we can determine the quantity of heat energy supplied to the block","'99.98822784"
"'211","'LINE","'as:","'99.93164063"
"'211","'LINE","'E = Pt","'98.06269073"
"'211","'LINE","'where E is the energy supplied in the time t, and P is the power rating of the heater.","'99.91692352"
"'211","'LINE","'For a given mass, mₛ, and change in temperature, T, the specific heat capacity, cₛ","'95.78094482"
"'211","'LINE","', can be determined from the principle of calorimetry as","'99.45095062"
"'211","'LINE","'Pt = m&c AT","'72.57958984"
"'211","'LINE","'Example 5.8","'99.90722656"
"'211","'LINE","'A 100 W electrical heater, running for 5 minutes, warmed a 0.50 kg block of an","'99.24331665"
"'211","'LINE","'unknown metal. The initial temperature of the metal block was 20.0 °C and its final","'98.71247101"
"'211","'LINE","'temperature was 86.6 °C. Determine the type of the metal.","'98.16938782"
"'211","'LINE","'Solution","'99.96014404"
"'211","'LINE","'t = 60x5 S = 300 s, T = Tf - Tᵢ = 86.6°C - 20°C = 66.6°C","'87.77439117"
"'211","'LINE","'The total energy supplied to the metal block:","'99.99511719"
"'211","'LINE","'E = Pt = 100 Wx 300 S = 30000 J","'95.31483459"
"'211","'LINE","'The heat gained by the block: Q = mₛcₛAT = 0.5kg X X 66.6°C","'91.53899384"
"'211","'LINE","'Since heat supplied equals heat gained, we have","'99.98271179"
"'211","'LINE","'0.50 kg X Cₛ X 66.60 °C = 30000.00 J","'86.56341553"
"'211","'LINE","'30000.00J","'98.51980591"
"'211","'LINE","'cₛ","'57.16537857"
"'211","'LINE","'=","'95.88787842"
"'211","'LINE","'=","'93.09331512"
"'211","'LINE","'900.90J/kg.°C","'91.90927887"
"'211","'LINE","'0.50kgx66.60°C X","'74.84857941"
"'211","'LINE","'Comparing this value with the value given in Table 5.1, the metal block is an","'99.96479034"
"'211","'LINE","'aluminum block.","'99.85601044"
"'211","'LINE","'205","'99.95117188"
"'212","'LINE","'Physics I Student Text Book","'91.22419739"
"'212","'LINE","'I. Electrical heating to determine the specific heat capacity of a liquid","'99.44650269"
"'212","'LINE","'Electrical heating can also be used to determine","'99.99013519"
"'212","'LINE","'the specific heat capacity of a liquid. An insulated","'99.97142792"
"'212","'LINE","'Thermometer","'99.85112762"
"'212","'LINE","'container could be used for the liquid. Alternatively,","'99.93552399"
"'212","'LINE","'a calorimeter could be used to hold the liquid.","'99.93392181"
"'212","'LINE","'Stirrer","'99.44097137"
"'212","'LINE","'In this case, the liquid is continuously stirred and","'99.99565887"
"'212","'LINE","'we will take into account the heat energy supplied","'99.99349213"
"'212","'LINE","'Heater","'99.93083954"
"'212","'LINE","'to the calorimeter as well as that supplied to the","'99.97827148"
"'212","'LINE","'liquid. The diagram in Figure 5.18 shows the use of","'99.94319916"
"'212","'LINE","'Water","'99.93083954"
"'212","'LINE","'Insulated","'99.75107574"
"'212","'LINE","'a calorimeter to determine the specific heat capacity","'99.90695190"
"'212","'LINE","'base","'99.97070313"
"'212","'LINE","'Calorimeter","'99.69168091"
"'212","'LINE","'of water.","'99.95605469"
"'212","'LINE","'Figure 5.18: Determining the specific heat capacity of a liquid","'99.58770752"
"'212","'LINE","'Applying the heat exchange method for a given mass of liquid, m₁, specific heat","'99.00988007"
"'212","'LINE","'capacity, c₁, using a calorimeter of mass, mc specific heat capacity, C,, and change","'93.52256012"
"'212","'LINE","'in temperature, T,","'97.04951477"
"'212","'LINE","'mccc","'49.50474167"
"'212","'LINE","'Example 5.9","'99.70175171"
"'212","'LINE","'A copper calorimeter and stirrer of mass 350 g contains 227 g of a liquid. A 1000 W","'98.98361206"
"'212","'LINE","'heater running for 1 minute and 15 seconds heated this combination of liquid and","'99.94734192"
"'212","'LINE","'calorimeter from 20 °C to 88 °C. Calculate the specific heat capacity of this liquid","'97.57095337"
"'212","'LINE","'given that the specific heat capacity of copper is 420 J/kg.K.","'99.41029358"
"'212","'LINE","'Solution:","'99.80229950"
"'212","'LINE","'t = 75 s, P = 1000W, T = 88 °C - 20 °C = 68 °C, Cc = 420J/kg.K, m₁ = 0.225kg,","'84.70754242"
"'212","'LINE","'mc = 0.35 kg","'92.47493744"
"'212","'LINE","'Heat supplied: Pt = 1000W X 75 S = 75000J","'94.07067871"
"'212","'LINE","'Heat gained by the calorimeter and the liquid:","'99.96826172"
"'212","'LINE","'Q = 0.225kgxc X 68 °C + 0.350 kgx 420 J kg. 68 °C","'88.32017517"
"'212","'LINE","'Q = (17 kg.ºC)c,+9996 J","'67.70912933"
"'212","'LINE","'Using the heat exchange method,","'99.51140594"
"'212","'LINE","'II","'72.44319916"
"'212","'LINE","'75000 = (15.3 kg.°C)c₁+9996]","'21.70539665"
"'212","'LINE","'206","'99.95117188"
"'213","'LINE","'Grade 11","'99.88201141"
"'213","'LINE","'After some rearrangements, we obtain","'99.94663239"
"'213","'LINE","'75000 J - 9996 J","'91.86380005"
"'213","'LINE","'c₁ =","'74.94768524"
"'213","'LINE","'=","'92.70348358"
"'213","'LINE","'4,248.6J/kg.°C","'40.85040665"
"'213","'LINE","'15.3 kg. C","'89.79006958"
"'213","'LINE","'The type of the liquid is water.","'99.99023438"
"'213","'LINE","'Mixture method","'99.98046875"
"'213","'LINE","'This method can be adapted to measure the specific heat capacity of a solid or liquid.","'99.98464203"
"'213","'LINE","'The diagram in Figure 5.19 shows the method used to determine the specific heat","'99.98104858"
"'213","'LINE","'capacity of a solid. The solid, of known mass, mₛ, is heated in a water bath to a","'99.42794037"
"'213","'LINE","'temperature of Th. This temperature will be the initial temperature of the solid.","'96.80337524"
"'213","'LINE","'The solid is then quickly transferred to the cold water of known mass, mw , in the","'97.14359283"
"'213","'LINE","'calorimeter. Once in the calorimeter, the hot object (in this case a steel bolt) loses","'99.93058014"
"'213","'LINE","'some heat energy to the colder water, and the colder calorimeter and stirrer. We stir","'99.98747253"
"'213","'LINE","'the water and record the highest temperature on the thermometer, which will be the","'99.98512268"
"'213","'LINE","'final temperature, Tf, of the mixture.","'97.36261749"
"'213","'LINE","'cotton","'100.00000000"
"'213","'LINE","'thermometer","'95.68538666"
"'213","'LINE","'thread","'100.00000000"
"'213","'LINE","'stirrer","'99.89098358"
"'213","'LINE","'cover","'99.87224579"
"'213","'LINE","'cotton","'99.96014404"
"'213","'LINE","'thread","'100.00000000"
"'213","'LINE","'beaker","'99.79093933"
"'213","'LINE","'water","'99.99023438"
"'213","'LINE","'outer","'99.93164063"
"'213","'LINE","'jacket","'99.97070313"
"'213","'LINE","'steel","'99.99023438"
"'213","'LINE","'bolt","'99.99023438"
"'213","'LINE","'calorimeter","'98.75458527"
"'213","'LINE","'lagging","'99.97070313"
"'213","'LINE","'material","'99.92028046"
"'213","'LINE","'tripod","'99.99023438"
"'213","'LINE","'stand","'100.00000000"
"'213","'LINE","'HEAT","'99.96093750"
"'213","'LINE","'steel","'99.99023438"
"'213","'LINE","'bolt","'99.93083954"
"'213","'LINE","'Figure 5.19: Determining the specific heat capacity of a solid (bolt in this case) using the","'99.87170410"
"'213","'LINE","'method of mixtures","'99.94712067"
"'213","'LINE","'207","'99.83398438"
"'214","'LINE","'Physics I Student Text Book","'92.28766632"
"'214","'LINE","'In this case, the heat lost by the hot solid object (in this case, the bolt) will be equal","'99.98295593"
"'214","'LINE","'to the heat gained by the water and the calorimeter/stirrer.","'99.91978455"
"'214","'LINE","'-Qₛ","'47.97771835"
"'214","'LINE","'where,","'100.00000000"
"'214","'LINE","'The heat lost by the","'99.99218750"
"'214","'LINE","'The heat gained by the cold water: Qw = mwcw (Tf -T.)","'80.20617676"
"'214","'LINE","'The heat gained by the calorimeter: Qc = mccc (Tf -T.)","'80.95687866"
"'214","'LINE","'Substituting these expressions in the former equation, we obtain an expression, from","'99.95451355"
"'214","'LINE","'which the specific heat capacity of the liquid can be derived:","'99.99733734"
"'214","'LINE","'Example 5.10:","'99.20858765"
"'214","'LINE","'In the above activity, suppose the temperature and mass of the bolt is 100 °C and 125","'98.89550018"
"'214","'LINE","'g, respectively. Mass of water is 200 g, and mass of copper calorimeter, copper stirrer","'99.76667786"
"'214","'LINE","'is 100 g, and initial temperature of water and calorimeter is 20°C. If the equilibrium","'97.98752594"
"'214","'LINE","'temperature is 25°C, what is the specific heat capacity of the bolt?","'99.09983063"
"'214","'LINE","'Solution:","'99.91051483"
"'214","'LINE","'Heat lost by the bolt:","'99.96484375"
"'214","'LINE","'-Q = = = (9.375kg.°C)","'83.99340820"
"'214","'LINE","'Heat gained by the water and calorimeter + stirrer:","'99.73406982"
"'214","'LINE","'Q","'95.14568329"
"'214","'LINE","'Q =(0.2kgx4200J/ kg.°C +0.1kgx385I/kg.C)(75°C) = 65,887.5J","'23.72209930"
"'214","'LINE","'Now we know that,","'99.58884430"
"'214","'LINE","'Heat lost by the bolt = Heat gained by the water and calorimeter + stirrer","'99.75993347"
"'214","'LINE","'(9.375kg.ºC)c, = 65,887.5","'48.73545074"
"'214","'LINE","'?","'97.93945313"
"'214","'LINE","'Activity 5.3","'99.67245483"
"'214","'LINE","'Discuss uses of specific heat in your daily life in groups and share to your class","'99.99389648"
"'214","'LINE","'mates.","'100.00000000"
"'214","'LINE","'208","'99.91210938"
"'215","'LINE","'Grade 11","'99.84823608"
"'215","'LINE","'Uses of specific heat in our daily life are given below:","'99.98490906"
"'215","'LINE","'Utensils for making tea or coffee, or cooking vegetables or rice, are","'99.96568298"
"'215","'LINE","'made of low-specific heat materials. They have a polished bottom. As a","'99.83892059"
"'215","'LINE","'result, they heat up faster. For example, copper, aluminum, and so on.","'99.56018066"
"'215","'LINE","'High specific heat materials can be used as insulators. Wood, for ex-","'99.96128845"
"'215","'LINE","'ample, has high specific heat. During the summer, wooden houses will","'99.99822235"
"'215","'LINE","'keep the inside cooler. Builders can select appropriate building mate-","'99.97924805"
"'215","'LINE","'rials based on location and altitude. This enables the construction of","'99.96672058"
"'215","'LINE","'warmer or cooler houses.","'99.95829773"
"'215","'LINE","'Utensil handles at home are made of materials with high specific heat.","'99.98107910"
"'215","'LINE","'They provide thermal insulation. Specific heat also influences insulat-","'99.93690491"
"'215","'LINE","'ing capability and conductivity.","'99.97763062"
"'215","'LINE","'Probably the most relevant, real-life example of how a substance's spe-","'99.83692169"
"'215","'LINE","'cific heat capacity affects your everyday life is the specific heat of wa-","'99.98485565"
"'215","'LINE","'ter with regard to the ocean as a heat reservoir. Essentially, the oceans","'99.92239380"
"'215","'LINE","'of the Earth are enormous heat storage systems and the high specific","'99.99023438"
"'215","'LINE","'heat capacity of the ocean's water is why we have stable (or relatively","'99.92221069"
"'215","'LINE","'stable) temperature ranges within our climate systems.","'99.97454834"
"'215","'LINE","'5.6.2. Measuring specific latent heat","'99.90270233"
"'215","'LINE","'Measuring specific latent heat of ice or that of steam can be done by the two methods.","'99.95726013"
"'215","'LINE","'Electrical method: Energy is supplied for a known time by an electrical","'99.92156219"
"'215","'LINE","'heater of known power.","'99.99023438"
"'215","'LINE","'Method of mixture: Mixing water and ice in a calorimeter.","'99.90383911"
"'215","'LINE","'Measurement of specific latent heat of ice using mixture method","'99.98714447"
"'215","'LINE","'The apparatus in Figure 5.20 can be used to determine the specific latent heat of","'99.98952484"
"'215","'LINE","'fusion, Lf, of ice by mixture method. The copper calorimeter and stirrer is weighed","'96.41160583"
"'215","'LINE","'before being half filled with water. The mass of the water present in the calorimeter is","'99.92900085"
"'215","'LINE","'then determined before the water is heated to at least 10 °C above room temperature.","'99.52394104"
"'215","'LINE","'Small quantities of ice are then added to the water, while stirring, until the temperature","'99.82585144"
"'215","'LINE","'is below room temperature and all the ice has melted. The mass of the calorimeter,","'99.97233582"
"'215","'LINE","'stirrer and water is then determined to find out the mass of ice added.","'99.97122955"
"'215","'LINE","'209","'99.73632813"
"'216","'LINE","'Physics I Student Text Book","'91.28353882"
"'216","'LINE","'thermometer","'99.34171295"
"'216","'LINE","'stirrer","'97.08765411"
"'216","'LINE","'copper","'99.71520233"
"'216","'LINE","'calorimeter","'97.32122803"
"'216","'LINE","'ice","'95.88568115"
"'216","'LINE","'water","'98.60271454"
"'216","'LINE","'(a)","'98.93973541"
"'216","'LINE","'(b)","'99.67693329"
"'216","'LINE","'Figure 5.20: A simple experiment to determine the specific latent heat of fusion of ice.","'99.31535339"
"'216","'LINE","'We will use the principle here that the heat energy lost from the water and the","'99.99069214"
"'216","'LINE","'calorimeter will go to warming and melting the ice and then warming the cold water","'99.98677063"
"'216","'LINE","'produced when the ice melts.","'99.98616791"
"'216","'LINE","'Heat absorbed by ice and cold water = Heat liberated from calorimeter/stirrer and","'99.87017822"
"'216","'LINE","'water","'100.00000000"
"'216","'LINE","'Example 5.11:","'99.70703125"
"'216","'LINE","'The following experimental data are obtained using this method to determine","'99.96930695"
"'216","'LINE","'the specific latent heat of fusion of ice.","'99.98261261"
"'216","'LINE","'Mass of calorimeter, mc = 0.15 kg,","'97.95411682"
"'216","'LINE","'Mass of water, mw = 2.00 kg.","'94.86761475"
"'216","'LINE","'Mass of ice, mi , added = 0.60 kg","'94.43098450"
"'216","'LINE","'Initial temperature of ice, T₀ᵢ = - -10 °C","'91.18968964"
"'216","'LINE","'Initial temperature of water, Tow = 49 °C","'88.39462280"
"'216","'LINE","'Final temperature of water, Tf = 20 °C","'94.66976166"
"'216","'LINE","'Specific heat capacity of water, cw = 4200 J/kg.K","'95.58215332"
"'216","'LINE","'Specific heat capacity of ice, Cᵢ = 2100 J/kg.K","'93.64962006"
"'216","'LINE","'Specific heat capacity of calorimeter, Cc = 420 J/kg.K","'92.79051208"
"'216","'LINE","'210","'99.95117188"
"'217","'LINE","'Grade 11","'99.86288452"
"'217","'LINE","'Solution","'99.93083954"
"'217","'LINE","'The latent heat of fusion of ice Lf may be calculated from the following equation:","'98.79216003"
"'217","'LINE","'Substituting values in to this equation, we obtain","'99.96664429"
"'217","'LINE","'-f = 346,045","'29.51112175"
"'217","'LINE","'Measurement of specific latent heat of steam","'99.97477722"
"'217","'LINE","'When steam, at 100 °C, is bubbled into water, it first condenses to water and then its","'99.27776337"
"'217","'LINE","'temperature decreases as it loses heat to the surrounding water. If this occurs in an","'99.98041534"
"'217","'LINE","'insulated container then the heat lost by the steam is equal to the heat gained by the","'99.99186707"
"'217","'LINE","'water and the container.","'99.97763062"
"'217","'LINE","'The specific latent heat of vaporisation of water (Lᵥ) can then be calculated using","'97.40027618"
"'217","'LINE","'the formula:","'99.98007202"
"'217","'LINE","'where mₛ is mass of steam, mw and mc are masses of water and calorimeter,","'93.36787415"
"'217","'LINE","'respectively; cc and are specific heat capacities of calorimeter and water,","'96.04750061"
"'217","'LINE","'respectively; Tₛ =T-Tₛ = is fall in temp of condensed steam, and Tc =T-Tc = is","'87.65918732"
"'217","'LINE","'rise in temp of calorimeter or rise in temp of water; provided that T is the final","'99.96932220"
"'217","'LINE","'temperature and Tₛ (=100°C in this case) and Tc are initial temperatures of steam","'97.14473724"
"'217","'LINE","'and cold water, respectively.","'99.96034241"
"'217","'LINE","'Group Discussion","'99.97070313"
"'217","'LINE","'Discuss uses of specific latent heat in your daily life in groups and share to your","'99.99323273"
"'217","'LINE","'class mates.","'99.96054077"
"'217","'LINE","'Daily life is filled with examples of latent heat:","'99.99023438"
"'217","'LINE","'Steaming Food","'99.98046875"
"'217","'LINE","'Cooling drinks with cold water and ice","'99.99302673"
"'217","'LINE","'Extinguishing fire by using boiling water","'99.95851135"
"'217","'LINE","'Melting Ice on the road by using Salt","'99.99145508"
"'217","'LINE","'Steam electric energy","'99.98020172"
"'217","'LINE","'Transformation of water to cloud then to water/rain is the result Latent","'99.96141815"
"'217","'LINE","'211","'99.73552704"
"'218","'LINE","'Physics","'99.91131592"
"'218","'LINE","'Student Text Book","'99.84786987"
"'218","'LINE","'heat.","'99.97070313"
"'218","'LINE","'?","'95.65429688"
"'218","'LINE","'Activity 5.4","'99.82421875"
"'218","'LINE","'1. In a small group, devise and carry out an investigation into the amount of","'99.86570740"
"'218","'LINE","'heat necessary to convert a known quantity of ice to water at 0°. Show your","'99.15641785"
"'218","'LINE","'plans to your teacher. How will you measure how much heat is supplied? What","'99.97251129"
"'218","'LINE","'measurements will you need to take?","'99.97030640"
"'218","'LINE","'Review Questions 5.6","'99.95117188"
"'218","'LINE","'1. A 1.0 kg bar of unknown metal is heated to 400.0°C and then immersed into","'99.22216797"
"'218","'LINE","'a container with 2.0 kg of water initially at 15.0°C. If the final equilibrium","'98.94229126"
"'218","'LINE","'temperature of the system is 20.8°C, find the specific heat of the metal. What","'99.71183777"
"'218","'LINE","'is the type of the metal? Neglect the container specific heat and mass.","'99.98335266"
"'218","'LINE","'2. A calorimeter of mass 250 g contains 200 g of water. A 1000 W heater running","'99.05056000"
"'218","'LINE","'for 5 minutes, heated this combination of liquid and calorimeter from 20 °C to","'98.52863312"
"'218","'LINE","'80 °C. Calculate the specific heat capacity of this calorimeter","'98.96520233"
"'218","'LINE","'3. In an experiment to determine the specific heat of a metal, a 0.25 kg block","'99.80704498"
"'218","'LINE","'of the metal at 200 °C is dropped in a copper calorimeter of mass 0.02 kg","'99.01391602"
"'218","'LINE","'containing 150 cm³ of water at 25 °C. The final temperature is 40 °C. What","'96.77869415"
"'218","'LINE","'is the specific heat of the metal? If heat losses to the surroundings are not","'99.98757935"
"'218","'LINE","'negligible, is your answer greater or smaller than the actual value for specific","'99.97640991"
"'218","'LINE","'heat of the metal?","'99.99023438"
"'218","'LINE","'4. A copper block of mass 20 kg is heated in a furnace to a temperature of 500","'98.97497559"
"'218","'LINE","'°C and then immediately placed on a large ice block. What is the maximum","'98.77526855"
"'218","'LINE","'amount of ice that can melt?","'99.96582031"
"'218","'LINE","'212","'99.79492188"
"'219","'LINE","'Grade 11","'99.56503296"
"'219","'LINE","'UNIT SUMMARY","'73.45642853"
"'219","'LINE","'c","'35.05142212"
"'219","'LINE","'Heat is energy in transit due to temperature differences.","'99.95198822"
"'219","'LINE","'c","'45.31738281"
"'219","'LINE","'Two objects are said to be in thermal equilibrium if they are equal in temperature.","'99.96734619"
"'219","'LINE","'Two or more objects, which are in thermal equilibrium, do not exchange heat","'99.96131897"
"'219","'LINE","'energy.","'99.84215546"
"'219","'LINE","'c","'31.95830536"
"'219","'LINE","'Internal energy of a system or a body with well defined boundaries is the total of the","'99.82178497"
"'219","'LINE","'kinetic energy due to the motion of molecules and the potential energy associated","'99.98191071"
"'219","'LINE","'with the vibrational motion and electric energy of atoms within molecules. It","'99.97531891"
"'219","'LINE","'includes the energy in all the chemical bonds. Internal energy increases with rising","'99.96901703"
"'219","'LINE","'temperature and with changes of state or phase from solid to liquid and liquid to","'99.98307037"
"'219","'LINE","'gas.","'99.67773438"
"'219","'LINE","'c","'40.25908661"
"'219","'LINE","'Heat and work are two different ways of transferring energy from one system to","'99.96780396"
"'219","'LINE","'another. Heat is the transfer of thermal energy between systems, while work is the","'99.96628571"
"'219","'LINE","'transfer of mechanical energy between two systems. Heat can be transformed into","'99.97966003"
"'219","'LINE","'work and vice verse, but they aren't the same thing. Heat and work both contribute","'99.82053375"
"'219","'LINE","'to the total internal energy of a system.","'99.95687866"
"'219","'LINE","'c","'36.70170975"
"'219","'LINE","'Conduction is the process by which heat energy is transmitted through collisions","'99.96223450"
"'219","'LINE","'between neighboring atoms or molecules.","'99.94889832"
"'219","'LINE","'c","'35.10771942"
"'219","'LINE","'Convection (or convective heat transfer) is the transfer of heat from one place to","'99.92090607"
"'219","'LINE","'another due to the movement of fluid.","'99.97198486"
"'219","'LINE","'c","'37.49970245"
"'219","'LINE","'Radiation heat transfer occurs via electromagnetic waves. Unlike conduction and","'99.93482971"
"'219","'LINE","'convection, radiation does not need a medium for transmission.","'99.84877777"
"'219","'LINE","'c","'33.36864090"
"'219","'LINE","'Heat capacity is the amount of heat required to raise the temperature of an object","'99.97520447"
"'219","'LINE","'by 1 °C It is mathematically defined as","'97.61671448"
"'219","'LINE","'C=2T C","'49.13798523"
"'219","'LINE","'where Q is heat transferred to the object, T is change in temperature of","'99.42351532"
"'219","'LINE","'the object and C is heat capacity of the object. The SI unit of C is joule per","'96.53865051"
"'219","'LINE","'kelvin (J/K); you know that 1 J/K=1J/°C).","'97.46162415"
"'219","'LINE","'C","'30.66525841"
"'219","'LINE","'Specific heat capacity is the change in temperature of a unit mass of a substance by","'99.94599152"
"'219","'LINE","'1o C. The mathematical form of c is","'88.68181610"
"'219","'LINE","'The SI unit of specific heat capacity is J/kg.°C, or J/kg.K.","'97.60240173"
"'219","'LINE","'c","'41.07491684"
"'219","'LINE","'Thermal expansion is the tendency of matter to change in shape, volume, and area","'99.97617340"
"'219","'LINE","'in response to a change in temperature.","'99.92944336"
"'219","'LINE","'c","'44.02791977"
"'219","'LINE","'Thermal expansion of solids can be classified in to three: linear expansion, surface","'99.96276093"
"'219","'LINE","'(area) expansion and volume expansion. We can determine only cubic thermal","'99.96678925"
"'219","'LINE","'213","'99.89257813"
"'220","'LINE","'Physics I Student Text Book","'93.84893036"
"'220","'LINE","'expansion for liquids and gases as they do not have their own definite shapes.","'99.98110962"
"'220","'LINE","'c","'44.71370697"
"'220","'LINE","'When a changed in temperature T caused a change in length of L on a rod of","'96.06137848"
"'220","'LINE","'original length L₀ at an initial temperature T₀ and negligible width and thickness,","'96.08013916"
"'220","'LINE","'the fractional change in length is given by,","'99.97558594"
"'220","'LINE","'AL = aAT","'23.03073120"
"'220","'LINE","'where a is the linear coefficient of thermal expansion, has unit of °C-1.","'95.23937988"
"'220","'LINE","'c","'44.97937393"
"'220","'LINE","'When the area of a plate changes from A₀ to A when the temperature changes","'98.75936890"
"'220","'LINE","'from T₀ to T, we have the relation given by:","'97.88404846"
"'220","'LINE","'where ß = 2α is the area coefficient of thermal expansion, having a unit of °C-1.","'91.53321075"
"'220","'LINE","'c","'38.83938599"
"'220","'LINE","'Similarly, when the volume of an object changes from V₀ to V when the temperature","'99.06250000"
"'220","'LINE","'changes from T₀ to T, we have:","'97.72583008"
"'220","'LINE","'where γ = 2ß = 3α is the volume coefficient of thermal expansion, with a unit","'93.60019684"
"'220","'LINE","'of °C-¹.","'71.75422668"
"'220","'LINE","'In measuring he coefficient of cubic expansion of a liquid in a container, we get","'99.84711456"
"'220","'LINE","'an apparent value since the container itself experiences the change in volume. The","'99.95656586"
"'220","'LINE","'real value of coefficient of volume expansion of the liquid is given by","'99.96351624"
"'220","'LINE","'where γᵣ is the real value, γₐ is the apparent value and Vc is the coefficient","'95.66558075"
"'220","'LINE","'of cubic expansion of the container.","'99.94887543"
"'220","'LINE","'c","'34.95565796"
"'220","'LINE","'The energy absorbed or released by a substance during a change in its physical","'99.94566345"
"'220","'LINE","'state (phase) that occurs without changing its temperature is called latent heat.","'99.98278046"
"'220","'LINE","'Latent heat on by an object of mass, m, is given mathematically by","'99.94623566"
"'220","'LINE","'Q = mL","'58.91880417"
"'220","'LINE","'where L is called the latent heat of the substance; i.e., L = Lf for heat of fusion and","'96.64607239"
"'220","'LINE","'L = Lv for heat of vaporization. Its SI unit is joule per kilogram (J/kg).","'95.11939240"
"'220","'LINE","'c","'42.98947906"
"'220","'LINE","'Latent heat depends on the nature of the phase change as well as on the properties","'99.97309113"
"'220","'LINE","'of the substance.","'99.89072418"
"'220","'LINE","'c","'40.87651443"
"'220","'LINE","'Latent heat of fusion is the amount of heat absorbed to convert a unit mass of a","'99.94433594"
"'220","'LINE","'substance from solid to liquid - leaving the temperature of the system unaltered.","'98.95490265"
"'220","'LINE","'c","'44.62880707"
"'220","'LINE","'Latent heat of vaporization is the amount of heat absorbed to change a unit mass","'99.95812225"
"'220","'LINE","'of liquid to gas.","'99.95117188"
"'220","'LINE","'c","'42.96944809"
"'220","'LINE","'Phase diagram is a graphical representation of the physical states of a substance","'99.89555359"
"'220","'LINE","'214","'99.87304688"
"'221","'LINE","'Grade 11","'99.84295654"
"'221","'LINE","'under different conditions of temperature and pressure.","'99.99151611"
"'221","'LINE","'c","'48.12500000"
"'221","'LINE","'The triple point represents the combination of pressure and temperature that","'99.99911499"
"'221","'LINE","'facilitates all phases of matter at equilibrium.","'99.96164703"
"'221","'LINE","'c","'37.99396133"
"'221","'LINE","'Critical Point is the point in temperature and pressure on a phase diagram where","'99.83090973"
"'221","'LINE","'the liquid and gaseous phases of a substance merge together into a single phase.","'99.83735657"
"'221","'LINE","'c","'40.03198624"
"'221","'LINE","'Calorimetry is the measurement of the quantity of heat exchanged between","'99.99911499"
"'221","'LINE","'substances. The experimental approach of measuring heat capacities and the","'99.98804474"
"'221","'LINE","'heat changes during chemical and physical processes is called calorimetry. A","'98.75636292"
"'221","'LINE","'calorimeter is a device used to measure specific heat capacity and specific latent","'99.90826416"
"'221","'LINE","'heat of solids or liquids.","'99.97233582"
"'221","'LINE","'c","'33.67994690"
"'221","'LINE","'There are several methods we can use to determine the specific heat capacity of a","'99.91333008"
"'221","'LINE","'substance, but all methods always involve heat exchange and the following should","'99.98007202"
"'221","'LINE","'be known:","'99.98535156"
"'221","'LINE","'the mass of the substance,","'99.94240570"
"'221","'LINE","'the amount of heat energy supplied,","'99.98684692"
"'221","'LINE","'its starting temperature, and","'99.98759460"
"'221","'LINE","'the final temperature.","'99.95362854"
"'221","'LINE","'c","'41.21243286"
"'221","'LINE","'The law of calorimetry states that for an isolated system, the heat energy lost from","'99.99343872"
"'221","'LINE","'the hot body will equal the heat gained by the cold body.","'99.99505615"
"'221","'LINE","'Heat gained by cold object = Heat lost by hot object","'99.90138245"
"'221","'LINE","'215","'99.92187500"
"'222","'LINE","'Physics","'99.88201141"
"'222","'LINE","'Student Text Book","'99.94087219"
"'222","'LINE","'END OF UNIT QUESTIONS","'93.29154205"
"'222","'LINE","'1. What is/are the condition/s for net heat flow from one place to another place? Is it","'99.88722229"
"'222","'LINE","'necessary to have a heat-conducting material for heat transfer?","'99.73941040"
"'222","'LINE","'2. When does net heat flow stop? Do two objects in thermal equilibrium exchange","'99.98732758"
"'222","'LINE","'heat?","'99.96014404"
"'222","'LINE","'3. What is the direction of the spontaneous flow of heat?","'99.97766113"
"'222","'LINE","'4. What is the relationship between temperature and heat? What about between tem-","'99.97890472"
"'222","'LINE","'perature and internal energy? Is internal energy of a confined gas solely dependent","'99.95513153"
"'222","'LINE","'on temperature?","'99.90642548"
"'222","'LINE","'5. If the temperature of a confined gas is increased, which form of energy is said to","'99.94711304"
"'222","'LINE","'be increased in the gas?","'99.97640228"
"'222","'LINE","'6. Suppose heat is supplied to an inflated balloon, which is firmly tied at its neck.","'99.97299194"
"'222","'LINE","'What are connections between the heat supplied, the thermodynamic work and","'99.97655487"
"'222","'LINE","'the internal energy in the balloon?","'99.98684692"
"'222","'LINE","'7. Describe conduction, convection and radiation heat transfer mechanisms. Name","'99.92735291"
"'222","'LINE","'the general mode of heat transfer in solids, in liquids and gases.","'99.98033905"
"'222","'LINE","'8. Which way is heat transfer believed to occur in a long, hollow cylinder kept at","'99.95993042"
"'222","'LINE","'consistent but varied temperatures on its inner and outer surfaces?","'99.97924805"
"'222","'LINE","'9. How can you change the boiling point of water?","'99.97835541"
"'222","'LINE","'10. At 20.0 degree Celcius, the length of a sheet of steel is 100.0 cm and the width is","'99.88119507"
"'222","'LINE","'50.0 cm. If the coefficient of linear expansion of steel is 0.000011/C, determine the","'99.91107941"
"'222","'LINE","'change in area and the final area at 100.0C.","'99.78161621"
"'222","'LINE","'11. The temperature of a metal bar rises by 10.0°C when it absorbs 9000.0 J of heat","'99.50340271"
"'222","'LINE","'energy. If the mass of the bar is 1000.0 g, what is its specific heat capacity?","'99.75871277"
"'222","'LINE","'12. Is thermal energy the same as heat, internal energy or has another definition?","'99.90990448"
"'222","'LINE","'13. What important properties can be obtained in the phase diagram?","'99.97144318"
"'222","'LINE","'14. What does the critical point of water at (217.7atm, 374.0°C) mean?","'99.65933228"
"'222","'LINE","'216","'99.88281250"
"'223","'LINE","'electrons","'99.35327911"
"'223","'LINE","'+","'94.92028046"
"'223","'LINE","'+","'96.95312500"
"'223","'LINE","'+","'97.50737762"
"'223","'LINE","'UNIT 6","'99.91091156"
"'223","'LINE","'+","'96.08319092"
"'223","'LINE","'+","'96.17028046"
"'223","'LINE","'ELECTROSTATICS","'100.00000000"
"'223","'LINE","'+","'95.23357391"
"'223","'LINE","'AND ELECTRIC CIRCUIT","'99.98697662"
"'223","'LINE","'Introduction","'99.92028046"
"'223","'LINE","'In this unit we will study the two branches of electricity, namely electrostatics","'99.99085999"
"'223","'LINE","'(static electricity) and current (dynamic) electricity. Under electrostatics we study","'99.94329834"
"'223","'LINE","'the properties of electric charges at rest and under current electricity we study the","'99.99227142"
"'223","'LINE","'properties of charges in motion. The main difference between static and current","'100.00000000"
"'223","'LINE","'electricity is that with static electricity, the charges are stationary and build on","'99.98948669"
"'223","'LINE","'the surface of an insulator, while in current electricity electron flowing through a","'99.78047943"
"'223","'LINE","'conductor form what we call an electric current.","'99.97782898"
"'223","'LINE","'Learning outcomes: Students will be able to:","'99.97756195"
"'223","'LINE","'calculate the electric field resulting from a point charge.","'99.82979584"
"'223","'LINE","'determine the magnitude and direction of the electric force among any","'99.98461914"
"'223","'LINE","'point charges.","'99.99511719"
"'223","'LINE","'acquire knowledge and understanding in electrostatic phenomenon","'99.99011993"
"'223","'LINE","'demonstrate an understanding of the components and functions","'99.98027039"
"'223","'LINE","'of electrical circuits that are commonly found at home and in the","'99.97857666"
"'223","'LINE","'workplace","'100.00000000"
"'223","'LINE","'construct, analyze, simple electrical circuits, using schematic","'99.98721313"
"'223","'LINE","'diagrams, working with electrical tools and components, and","'100.00000000"
"'223","'LINE","'examining small everyday electrical devices and appliances","'99.98860931"
"'223","'LINE","'define a capacitor and explain some of its applications in life.","'99.76393890"
"'223","'LINE","'apply Kirchhoff's rules to solve circuit problems.","'99.84776306"
"'223","'LINE","'217","'99.89257813"
"'224","'LINE","'Physics","'99.91131592"
"'224","'LINE","'Student Text Book","'99.89749146"
"'224","'LINE","'6.1 Coulomb's Law","'99.88148499"
"'224","'LINE","'By the end of this section, you will be able to:","'99.91524506"
"'224","'LINE","'state Coulomb's law.","'99.85790253"
"'224","'LINE","'calculate the magnitude and direction of electric force between any two","'99.98194885"
"'224","'LINE","'charges.","'99.96014404"
"'224","'LINE","'solve problems involving Coulomb's law.","'99.91848755"
"'224","'LINE","'explain Coulomb's law using the idea of vectors.","'99.91681671"
"'224","'LINE","'explain the meaning of a coulomb.","'99.77290344"
"'224","'LINE","'?","'99.69647217"
"'224","'LINE","'Brainstorming Questions","'99.96014404"
"'224","'LINE","'1. What are the compositions of an atom?","'99.94609070"
"'224","'LINE","'2. What are the two types of charges and what are their origin?","'99.99173737"
"'224","'LINE","'3. How can a body be charged positively and negatively?","'99.74123383"
"'224","'LINE","'4. What does the law of electrostatics say?","'99.98027039"
"'224","'LINE","'Properties of Electric Charges","'99.96542358"
"'224","'LINE","'Charge","'100.00000000"
"'224","'LINE","'Before we go into discussing Coulomb's law, we need to revise what you have","'99.82074738"
"'224","'LINE","'learnt in the previous grades about charge and its properties. Charge is the","'99.98397827"
"'224","'LINE","'fundamental property of matter associated with electrons and protons which are","'99.97560120"
"'224","'LINE","'found in any atom. There are only two types of charges: negative and positive","'99.98796844"
"'224","'LINE","'charges. By convention, negative charges are carried by electrons and positive","'99.95932770"
"'224","'LINE","'charges are carried by protons.","'99.99218750"
"'224","'LINE","'When the number of electrons and protons in an object are equal that object is","'99.98421478"
"'224","'LINE","'said to be electrically neutral. However, if this electrical balance is disturbed, then","'99.97941589"
"'224","'LINE","'the object is said to be electrically charged. A negatively charged object contains","'99.73950195"
"'224","'LINE","'more electros than protons, but a positively charged body contains more protons","'99.96291351"
"'224","'LINE","'than electrons.","'99.98007202"
"'224","'LINE","'Properties of charges","'99.97342682"
"'224","'LINE","'Property I: There are two kinds of electric charges: Positive and Negative.","'99.87145233"
"'224","'LINE","'Property II: Two similarly charged bodies repel each other and two oppositely","'99.95437622"
"'224","'LINE","'charged bodies attract each other.","'99.99202728"
"'224","'LINE","'218","'99.91210938"
"'225","'LINE","'Grade 11","'99.91659546"
"'225","'LINE","'—","'68.58169556"
"'225","'LINE","'+","'93.66051483"
"'225","'LINE","'+","'88.63121796"
"'225","'LINE","'+","'91.24840546"
"'225","'LINE","'Figure 6.1: Like Charges repel and unlike charges attract each other.","'99.92041016"
"'225","'LINE","'Property III: Electric charge is always conserved, i.e., it cannot be created","'99.92976379"
"'225","'LINE","'or destroyed. In any charging process, the number of electrons gained by one","'99.99092102"
"'225","'LINE","'object is equal to the number of electrons lost by the other.","'99.99505615"
"'225","'LINE","'Property IV: Electric charge is quantized. Charge comes in discrete packets, it","'99.95369720"
"'225","'LINE","'means that charge (q) always occurs as some integral multiple of the charge of","'99.98378754"
"'225","'LINE","'an electron, e. It can be written as: q = ±ne (where n = 1,2,3,...)","'97.53263092"
"'225","'LINE","'The smallest unit of charge that is carried by one electron or proton is called the","'99.98962402"
"'225","'LINE","'elementary charge, e. The magnitude of the charge of an electron is:","'99.96467590"
"'225","'LINE","'1e=-1.6x10⁻¹⁹C","'31.01602554"
"'225","'LINE","'The charge carried by a proton is also the same as that of the charge carried by an","'99.97148132"
"'225","'LINE","'electron except it is positive.","'99.97640228"
"'225","'LINE","'1p=+1.6x10⁻¹⁹C","'47.81269836"
"'225","'LINE","'Example 6.1","'99.04296875"
"'225","'LINE","'What number of protons needed to make a charge of +1.0 C?","'98.86789703"
"'225","'LINE","'Solution:","'99.97070313"
"'225","'LINE","'n = q e = 1.6x10⁻¹⁹ 1.0C = 6.25x10¹⁸ X protons","'83.80632782"
"'225","'LINE","'Similarly, the number of electrons needed to make a charge of -1.0 C is","'97.22422791"
"'225","'LINE","'6.25x10¹⁸ electrons.","'69.14611053"
"'225","'LINE","'219","'99.75585938"
"'226","'LINE","'Physics","'99.88201141"
"'226","'LINE","'Student Text Book","'99.86441040"
"'226","'LINE","'?","'97.34375000"
"'226","'LINE","'Activity 6.1:","'98.64995575"
"'226","'LINE","'Discuss in pair about the following questions. Present what you have","'99.98194885"
"'226","'LINE","'agreed in your group to the class.","'99.98163605"
"'226","'LINE","'1. What would happen if electrons were positively charged and protons","'99.97137451"
"'226","'LINE","'negatively charged?","'99.95525360"
"'226","'LINE","'2. Is the Earth charged or neutral? Discuss why is so.","'99.36090851"
"'226","'LINE","'3. Is there a force of attraction or repulsion between a charged and a neutral","'99.34829712"
"'226","'LINE","'body?","'99.96093750"
"'226","'LINE","'4. Can positive charges move and create electric current electrostatically?","'99.97933197"
"'226","'LINE","'Exercise 6.1","'99.92187500"
"'226","'LINE","'(a) How many electrons are needed to form a charge of -2.0 nC?","'99.16307068"
"'226","'LINE","'(b) How many electrons must be removed from a neutral object to leave a net","'99.60524750"
"'226","'LINE","'charge of +0.50 µC?","'93.56480408"
"'226","'LINE","'Electrostatic Force","'99.94548798"
"'226","'LINE","'A force of attraction or repulsion between two charged bodies, is known as the","'99.67855835"
"'226","'LINE","'electrostatic force. Electrostatic force is either attractive or repulsive, unlike the","'99.96760559"
"'226","'LINE","'gravitational force which is only attractive. If the objects have opposite charges","'99.97437286"
"'226","'LINE","'they attract each other, while if their charges are similar, they repel each other.","'99.97669220"
"'226","'LINE","'F","'97.62934113"
"'226","'LINE","'q₁","'92.39636993"
"'226","'LINE","'q₂","'84.14002991"
"'226","'LINE","'F","'99.37998199"
"'226","'LINE","'q₁","'92.41609192"
"'226","'LINE","'F","'98.82653046"
"'226","'LINE","'F","'98.46121979"
"'226","'LINE","'q₂","'89.73951721"
"'226","'LINE","'+","'98.39684296"
"'226","'LINE","'+","'98.26909637"
"'226","'LINE","'+","'95.66326904"
"'226","'LINE","'r","'87.67358398"
"'226","'LINE","'r","'92.10240173"
"'226","'LINE","'a)","'96.19738770"
"'226","'LINE","'b)","'98.86898041"
"'226","'LINE","'Figure 6.2: Like charges repel and Unlike charges attract each other.","'99.95591736"
"'226","'LINE","'In 1785, the French physicist Charles Coulomb, proposed a law that describes the","'99.93141174"
"'226","'LINE","'force that one charged particle exerts on another. This law is remarkably similar","'99.98178101"
"'226","'LINE","'in form to Newton's law of gravitation. Coulomb's law states that any two-point","'99.68374634"
"'226","'LINE","'charges exert an electrical force on each other that is directly proportional to the","'99.98390198"
"'226","'LINE","'product of their charges and inversely proportional to the square of the distance","'99.98548126"
"'226","'LINE","'between them. where q₁ is the charge on the one particle, q₂ is the charge on the","'99.75823975"
"'226","'LINE","'second, and r is the distance between the two.","'99.89339447"
"'226","'LINE","'220","'99.89257813"
"'227","'LINE","'Grade 11","'99.87712860"
"'227","'LINE","'q₁","'94.17789459"
"'227","'LINE","'q₂","'71.06923676"
"'227","'LINE","'Figure 6.3: Coulomb's Law","'99.24729919"
"'227","'LINE","'Then, the magnitude of the electrostatic force between two point-charges is given","'99.95396423"
"'227","'LINE","'by:","'99.97070313"
"'227","'LINE","'The proportionality constant k is called the electrostatic, or Coulomb constant.","'99.92249298"
"'227","'LINE","'It can also be written in terms of the permittivity of free space E₀ whose value is,","'97.48089600"
"'227","'LINE","'ε₀ = 8.85 X 10⁻¹² C² / N.m². With this, the value of k becomes:","'90.76466370"
"'227","'LINE","'1 = 4x3.14x8.85x10⁻¹²C² / N.m² 1 /","'62.39363098"
"'227","'LINE","'Example 6.2:","'99.45233154"
"'227","'LINE","'Two tiny spherical water drops with identical charges of -, have a center-to-center","'98.12441254"
"'227","'LINE","'separation of 1.0cm. a) What is the electrostatic force acting between them? b)","'99.93270874"
"'227","'LINE","'How many excess electrons are on each drop giving it its charge imbalance?","'99.97571564"
"'227","'LINE","'Solution:","'99.89098358"
"'227","'LINE","'Step I: Conceptualize the problem: There are two identical negative charges of","'99.46689606"
"'227","'LINE","'water drops. We are required to find the electrostatic force from Coulombs law (a)","'99.94683075"
"'227","'LINE","'and the number of excess electrons that gives this charge imbalance by the charge","'99.99651337"
"'227","'LINE","'is quantized property of electric charges.","'99.99172974"
"'227","'LINE","'Step II: Identify the given and required quantities:","'99.91793823"
"'227","'LINE","'What you have is: q₁ = q₂ = X r = =","'91.07060242"
"'227","'LINE","'what you need to determine is: a) F =?","'96.56626129"
"'227","'LINE","'b) n = ?","'56.23823929"
"'227","'LINE","'=","'92.61399841"
"'227","'LINE","'Step III: Apply the appropriate equation that best fits for the solution.","'99.96698761"
"'227","'LINE","'F = k 0","'56.44435120"
"'227","'LINE","'q","'92.07369995"
"'227","'LINE","'221","'99.13982391"
"'228","'LINE","'Physics","'99.93083954"
"'228","'LINE","'I","'59.51331329"
"'228","'LINE","'Student Text Book","'99.86414337"
"'228","'LINE","'That means 6.25 X 10⁸ electrons give this charge imbalance so that the two charged","'97.66008759"
"'228","'LINE","'water drops exert 9.0x10⁻¹⁷ N of repulsive force to each other.","'97.89501190"
"'228","'LINE","'Exercise 6.2:","'99.84095764"
"'228","'LINE","'1.","'99.91210938"
"'228","'LINE","'What are the similarities and differences between Newton's law of universal","'99.91673279"
"'228","'LINE","'gravitation and Coulomb's law?","'99.50927734"
"'228","'LINE","'2.","'99.97070313"
"'228","'LINE","'Which force is greater between an electron and a proton, the gravitational or","'99.79487610"
"'228","'LINE","'the electrostatic? By how much is one larger than the other?","'99.96021271"
"'228","'LINE","'?","'96.22070313"
"'228","'LINE","'Activity 6.2:","'99.90642548"
"'228","'LINE","'1. Take a balloon or plastic comb and rub against your hair. Then take it near a","'99.72274017"
"'228","'LINE","'stream of water falling from a tap. Discuss and try to explain what you observe.","'99.93307495"
"'228","'LINE","'Figure 6.4: A charged body (balloon) attracts a neutral body (stream of water)","'98.29698181"
"'228","'LINE","'?","'96.74804688"
"'228","'LINE","'Activity 6.3","'99.94628906"
"'228","'LINE","'A positively charged light metal ball is suspended between two oppositely charged","'99.16802979"
"'228","'LINE","'metal plates on an insulating thread as shown below. Describe the motion that the","'99.99087524"
"'228","'LINE","'ball undergoes.","'99.91539764"
"'228","'LINE","'Figure 6.5: Coulomb's Law in Vector Form","'99.87110901"
"'228","'LINE","'222","'99.97070313"
"'229","'LINE","'Grade 11","'99.86737061"
"'229","'LINE","'Force on a Charge due to Multiple Electric Charges","'96.95013428"
"'229","'LINE","'Electrostatic force is a vector quantity. Therefore, if there are more than one force","'99.89993286"
"'229","'LINE","'acting on a charged particle, then the resultant force acting on the particle will be the","'99.96669006"
"'229","'LINE","'vector sum of all these forces. This is known as the superposition principle.","'99.96570587"
"'229","'LINE","'Consider a system of n stationary charges q₁,q₂, q₃....qₙ in vacuum. The force on","'92.72781372"
"'229","'LINE","'q₁ due to q₂, q₃ qₙ is obtained by taking the vector sum of the individual forces.","'97.29035950"
"'229","'LINE","'Where, F₁₂ is the force that charge q₂ exert on q₁, F₁₃ is the force that q₃ exert on q₁","'98.13203430"
"'229","'LINE","',","'91.12005615"
"'229","'LINE","'F₁ₙ is the force that qₙ exert onq₁.","'95.23870850"
"'229","'LINE","'Example 6.3:","'99.71520233"
"'229","'LINE","'Three point charges are placed on the x-axis: q₁ = +6µC at x₁ = 5.0cm","'91.15069580"
"'229","'LINE","', q₂ = -5µC at x₂ = -3.0cm, and q₃ = = +2µC at the origin (x=0). = What is","'85.83612061"
"'229","'LINE","'the magnitude and direction of the total electrostatic force acting on q₃?","'98.30844116"
"'229","'LINE","'Solution:","'99.97070313"
"'229","'LINE","'The first step should be determining the magnitude of the force each charge exerts","'99.98314667"
"'229","'LINE","'on q₃, using Coulomb's law:","'91.69124603"
"'229","'LINE","'The force charge q₁ exerts on charge q₃ is given by:","'99.49242401"
"'229","'LINE","'Similarly, the magnitude of the force charge q₂ exerts on charge q₃, F₂₃ is given","'97.54405975"
"'229","'LINE","'by","'99.97070313"
"'229","'LINE","'After the magnitude of each force is determined the next step will be determining","'99.98512268"
"'229","'LINE","'the directions of the forces exerted on q₃ due to q1 and q2 by considering the sign of","'99.11421204"
"'229","'LINE","'the pair of these charges.","'99.97819519"
"'229","'LINE","'q2","'52.16697311"
"'229","'LINE","'q₃","'39.23369598"
"'229","'LINE","'q₁","'93.44766235"
"'229","'LINE","'+","'91.25896454"
"'229","'LINE","'+","'91.87340546"
"'229","'LINE","'x = - 3 cm =","'57.67298508"
"'229","'LINE","'x = 0 =","'70.98502350"
"'229","'LINE","'x = 5cm","'56.21551895"
"'229","'LINE","'223","'99.97070313"
"'230","'LINE","'Physics I Student Text Book","'91.77688599"
"'230","'LINE","'Charge q₁ (positive) repels charge q₃ (positive) towards left: F₁₃ = 43.2N - i","'91.28234100"
"'230","'LINE","'Charge q₂ (negative) attracts charge q₃ (positive) towards left: F₂₃ = 100.0N i","'95.73571014"
"'230","'LINE","'Therefore, since these forces act in the same direction (both to the left), the resultant","'99.94640350"
"'230","'LINE","'force, Fᵣ acting on charge q₃, will be their sum.","'96.49711609"
"'230","'LINE","'Fᵣ = F₁₃ = 143.2Nᵢ + 100.0Ni) = - 143.2Nᵢ","'71.84653473"
"'230","'LINE","'Thus, the magnitude of the resultant force acting on charge q₃ is 143.2N, and the","'97.71957397"
"'230","'LINE","'force is directed along the negative x-axis.","'99.77493286"
"'230","'LINE","'Exercise 6.3:","'99.75347137"
"'230","'LINE","'Referring to the question on the above example 6.3, determine the magnitude and","'99.96276093"
"'230","'LINE","'direction of the total electrostatic force acting (a) on q₁, and (b) on q₂.","'94.77178955"
"'230","'LINE","'Review questions 6.1","'99.91210938"
"'230","'LINE","'1. State Coulomb's law in your own words.","'99.87663269"
"'230","'LINE","'2. Write Coulomb's law mathematically both in a scalar and vector form.","'99.79778290"
"'230","'LINE","'3. What is the meaning of a Coulomb?","'99.66066742"
"'230","'LINE","'4. Two charges +3µC and +12µC are fixed 1 m apart, with the second one to the","'96.69681549"
"'230","'LINE","'right. Find the magnitude and direction of the net force on a -2 µC charge","'98.24760437"
"'230","'LINE","'when placed halfway between the two.","'99.97721100"
"'230","'LINE","'5. Two small, identical conducting spheres repel each other with a force of 0.050","'99.75535583"
"'230","'LINE","'N when they are 0.25 m apart. After a conducting wire is connected between","'99.73124695"
"'230","'LINE","'the spheres and then removed, they repel each other with a force of 0.060 N.","'99.73775482"
"'230","'LINE","'What is the original charge on each sphere?","'99.98413086"
"'230","'LINE","'6. In the picture below, X is a small negatively charged sphere with a mass of","'99.36731720"
"'230","'LINE","'1.0kg. It is suspended from the roof by an insulating rope which makes an","'99.95314789"
"'230","'LINE","'angle of 60 degrees with the roof. Y is a small positively charged sphere","'99.86513519"
"'230","'LINE","'which has the same magnitude of charge as X. Y is fixed to the wall by means","'99.35212708"
"'230","'LINE","'of an insulating bracket. Assuming the system is in equilibrium, what is the","'99.96495056"
"'230","'LINE","'magnitude of the charge on X?","'99.57399750"
"'230","'LINE","'224","'99.75585938"
"'231","'LINE","'Grade 11","'99.89098358"
"'231","'LINE","'60°","'93.50585938"
"'231","'LINE","'10kg","'99.79412842"
"'231","'LINE","'Y","'99.48899841"
"'231","'LINE","'X","'91.79448700"
"'231","'LINE","'+","'98.35618591"
"'231","'LINE","'50cm","'99.87065887"
"'231","'LINE","'Figure 6.6: Question 6","'99.78500366"
"'231","'LINE","'6.2 Electric Fields","'99.99349213"
"'231","'LINE","'By the end of this section, you will be able to:","'99.93669128"
"'231","'LINE","'define the terms, electric field, and electric flux.","'99.98007202"
"'231","'LINE","'sketch electric field lines.","'99.98759460"
"'231","'LINE","'solve problems involving electric field.","'99.98405457"
"'231","'LINE","'Tap an electric field lines pattern using electric lines of force.","'97.21018982"
"'231","'LINE","'calculate the magnitude and direction of electric field due to a point charge","'99.87059021"
"'231","'LINE","'and two point charges.","'99.98759460"
"'231","'LINE","'?","'99.80388641"
"'231","'LINE","'Brainstorming","'99.92028046"
"'231","'LINE","'1. What is a gravitational field?","'99.68231964"
"'231","'LINE","'2. What causes gravitational field?","'99.99218750"
"'231","'LINE","'3. Discuss the concepts and recall the equations of (a) gravitational field lines,","'99.96870422"
"'231","'LINE","'and (b) gravitational field strength.","'99.98421478"
"'231","'LINE","'225","'99.99023438"
"'232","'LINE","'Physics","'99.93083954"
"'232","'LINE","'I","'60.35076523"
"'232","'LINE","'Student Text Book","'99.86414337"
"'232","'LINE","'An electric field is a region in space","'99.93054199"
"'232","'LINE","'where one charge experiences a force","'99.90752411"
"'232","'LINE","'from another charge. Let us consider a","'99.93363953"
"'232","'LINE","'q","'95.45260620"
"'232","'LINE","'point charge Q placed in vacuum, at point","'99.91751099"
"'232","'LINE","'P","'97.89680481"
"'232","'LINE","'O. If we place another point charge q at a","'99.13999176"
"'232","'LINE","'point P, where OP = r, then the charge Q","'99.71240997"
"'232","'LINE","'+","'87.39665985"
"'232","'LINE","'Q","'87.25017548"
"'232","'LINE","'will exert a force on q as per Coulomb's","'99.48027039"
"'232","'LINE","'law. We say that the charge Q produces an","'99.95325470"
"'232","'LINE","'electric field in its surrounding.","'99.91442108"
"'232","'LINE","'Figure 6.7: Electric field of a charge Q","'99.58255005"
"'232","'LINE","'Electric field lines","'99.99349213"
"'232","'LINE","'The electric field produced by a charged particle can be represented by lines of force","'99.97163391"
"'232","'LINE","'called electric field lines. It is drawn in the direction that a positive charge would","'99.93112183"
"'232","'LINE","'move if placed at a point in the field. Electric field lines are helpful to visualize the","'99.96860504"
"'232","'LINE","'vector nature of an electric field. The Figures 6.8 (a) to (f) shows the electric field","'99.97035217"
"'232","'LINE","'lines for different arrangement of charges.","'99.98007202"
"'232","'LINE","'9","'56.36449432"
"'232","'LINE","'4","'62.72959137"
"'232","'LINE","'(a)","'91.47740173"
"'232","'LINE","'(b)","'98.36754608"
"'232","'LINE","'q","'64.89815521"
"'232","'LINE","'q","'83.16406250"
"'232","'LINE","'4","'74.71939087"
"'232","'LINE","'4","'45.81612778"
"'232","'LINE","'N.","'84.07106781"
"'232","'LINE","'Z","'86.55811310"
"'232","'LINE","'Neutral point","'99.56393433"
"'232","'LINE","'(e)","'86.97863770"
"'232","'LINE","'(d)","'96.52921295"
"'232","'LINE","'q","'52.90158463"
"'232","'LINE","'9","'63.11045456"
"'232","'LINE","'+","'86.04402161"
"'232","'LINE","'(e)","'94.02523041"
"'232","'LINE","'(f)","'89.46877289"
"'232","'LINE","'Figure 6.8: Electric field lines of (a) a positive point charge, (b) a negative point charge,","'99.76301575"
"'232","'LINE","'(c) two equal positive charges, (d) two equal negative charges, (e) an electric dipole, and","'99.61505890"
"'232","'LINE","'(f) a uniform field of oppositely charged parallel plates.","'99.81197357"
"'232","'LINE","'226","'99.96093750"
"'233","'LINE","'Grade 11","'99.78924561"
"'233","'LINE","'Properties of electric Field lines","'99.95655060"
"'233","'LINE","'Electric field lines have the following properties","'99.96640778"
"'233","'LINE","'1. Electric field lines do not cross each other.","'99.96410370"
"'233","'LINE","'2. Electric field lines begin on positive charges and radiate away from them toward","'99.98663330"
"'233","'LINE","'negative charges, where they terminate.","'99.94435120"
"'233","'LINE","'3. Electric field lines are always perpendicular to the surface of the charged body.","'99.97117615"
"'233","'LINE","'4. The closer the lines, the stronger the electric field, and the farther apart they are the","'99.98611450"
"'233","'LINE","'weaker is the field.","'99.96318054"
"'233","'LINE","'5. Equally spaced electric field lines indicate the field is uniform. The electric field","'99.97460175"
"'233","'LINE","'between two parallel plates, shown in Figure 6.8, is a common example of a uniform","'99.90454102"
"'233","'LINE","'electric field.","'99.92107391"
"'233","'LINE","'?","'97.23632813"
"'233","'LINE","'Activity 6.4:","'99.57927704"
"'233","'LINE","'1. Form a group containing 3 or 4 members. Discuss in your group on the","'99.75930023"
"'233","'LINE","'mechanism to investigate the nature of electric field lines between two similar","'99.96861267"
"'233","'LINE","'and opposite charges.","'99.95688629"
"'233","'LINE","'2. What would happen when (a) a conductor and (b) an insulator is placed in an","'99.88610077"
"'233","'LINE","'electric field?","'99.86696625"
"'233","'LINE","'The Electric field strength","'99.96562195"
"'233","'LINE","'The magnitude and direction of the electric field is expressed by a quantity","'99.90655518"
"'233","'LINE","'called electric field strength or electric field intensity (E). Electric field strength, is","'99.87477875"
"'233","'LINE","'the force acting per unit positive charge for a stationary point charge. In equation","'99.94613647"
"'233","'LINE","'form:","'99.97070313"
"'233","'LINE","'E=Fg","'19.36204529"
"'233","'LINE","'q","'87.16966248"
"'233","'LINE","'Electric Field of Point Charge: The electric field of a point charge can be obtained","'99.97645569"
"'233","'LINE","'from Coulomb's law. From Coulomb's law, the equation for the force between two","'99.71334839"
"'233","'LINE","'electric charges is:","'99.93137360"
"'233","'LINE","'F=k9Q F","'73.11299133"
"'233","'LINE","'The electric field strength is then the force per unit of charge.","'99.99267578"
"'233","'LINE","'where E is the electric field strength due to a point charge Q, and r is the distance","'99.87825012"
"'233","'LINE","'from charge Q to the point of interest. From the above equation of electric field","'99.95757294"
"'233","'LINE","'227","'99.89257813"
"'234","'LINE","'Physics I Student Text Book","'91.63152313"
"'234","'LINE","'strength, we see that the electric field is depend only on the source charge Q and the","'99.92345428"
"'234","'LINE","'distance r; it is independent of the test charge q.","'99.89698792"
"'234","'LINE","'The SI unit for the electric field strength is newton per coulomb (N/C). The direction","'99.94900513"
"'234","'LINE","'of the electric field will be in the direction of the force the source charge exerted on","'99.98788452"
"'234","'LINE","'a positive test charge. Thus, electric field lines will direct away from a positive source","'99.86435699"
"'234","'LINE","'charge and towards a negative source charge.","'99.92224884"
"'234","'LINE","'Example 6.4:","'99.83847046"
"'234","'LINE","'Calculate the strength and direction of the electric field E due to a point charge of","'99.69783783"
"'234","'LINE","'2.0 nC (nano-Coulombs) at a distance of 5.0 mm from the charge.","'99.65800476"
"'234","'LINE","'Solution:","'99.89098358"
"'234","'LINE","'Step I: Conceptualize the problem: the strength of the field is its magnitude at a","'99.37756348"
"'234","'LINE","'distance of 5mm = 5x10⁻³m. We are therefore required to find the magnitude of","'98.07331085"
"'234","'LINE","'the electric field.","'99.94712067"
"'234","'LINE","'Step II: Use appropriate equation that best fits for the required quantity.","'99.90169525"
"'234","'LINE","'E","'89.65700531"
"'234","'LINE","'Since the source charge is positive in sign, the field is directed away from Q.","'99.94775391"
"'234","'LINE","'Exercise 6.4:","'99.75955200"
"'234","'LINE","'What electric force does the electric field found in the above example 6.4. would","'99.97030640"
"'234","'LINE","'exert on a point charge of -0.25 µC?","'96.50126648"
"'234","'LINE","'Electric field for multiple point charges","'99.97708130"
"'234","'LINE","'The electric field from multiple point charges can be obtained by taking the vector","'99.99151611"
"'234","'LINE","'sum of the electric fields of the individual charges. Consider n number of charges","'99.94303894"
"'234","'LINE","'whose electric fields have magnitudes of E₁ E₂ at a given point. The net","'95.52542877"
"'234","'LINE","'electric field is found by taking the vector sum of each electric field:","'99.94573212"
"'234","'LINE","'Note that the direction of E₁ is the direction of the force q₁ exerted on the positive","'97.70392609"
"'234","'LINE","'test charge placed at that point, and the direction of E₂ is the direction of the force","'99.24913788"
"'234","'LINE","'q₂ exerted on the positive test charge placed at that point, and so on.","'99.37712097"
"'234","'LINE","'228","'99.92187500"
"'235","'LINE","'Grade 11","'99.91659546"
"'235","'LINE","'Example 6.5","'99.66796875"
"'235","'LINE","'Two-point charges q₁ = 5nC and q₂ = -4nC are separated by a distance of 10 cm.","'96.80573273"
"'235","'LINE","'What is the magnitude of the electric field in between the charges?","'99.95796967"
"'235","'LINE","'Solution:","'99.73233795"
"'235","'LINE","'q₂ = - 4nC","'23.18518829"
"'235","'LINE","'The magnitude of the electric field at point P due to q₁ is:","'98.80736542"
"'235","'LINE","'Since q₁ is positive it exerts a repulsive force to the right on the positive test charge","'99.76866150"
"'235","'LINE","'placed at point P.","'97.91379547"
"'235","'LINE","'Thus,","'99.67773438"
"'235","'LINE","'Similarly, the magnitude of the electric field at point P due to q₂is:","'97.77325439"
"'235","'LINE","'Since q₂ is negatively charged it exerts an attractive force to the right on the positive","'99.09194946"
"'235","'LINE","'test charge placed at point P.","'97.28230286"
"'235","'LINE","'Thus, E₂ =1.44x10⁺N/mᵢ","'58.83151245"
"'235","'LINE","'Finally,","'99.06090546"
"'235","'LINE","'Exercise 6.5:","'99.73593140"
"'235","'LINE","'Repeat example 6.5, if (a) both q₁ and q₂ are positively charged, and (b) they are","'98.65094757"
"'235","'LINE","'both negatively charged.","'99.97017670"
"'235","'LINE","'Electric flux","'99.95037079"
"'235","'LINE","'One of the properties of electric field lines is that, the number of field lines crossing","'99.98641968"
"'235","'LINE","'a unit area, placed normal to the field at a point, is a measure of the strength of","'99.95895386"
"'235","'LINE","'electric field at that point. This means that the number of field lines per unit area, is","'99.99080658"
"'235","'LINE","'proportional to the magnitude of the electric field, or E ~ N/A. We can rewrite this","'98.99813080"
"'235","'LINE","'proportion as the number of field lines is proportional to the product of E and A, N","'99.94050598"
"'235","'LINE","'~ EA.","'92.41101074"
"'235","'LINE","'229","'99.96093750"
"'236","'LINE","'Physics","'99.91131592"
"'236","'LINE","'I","'58.62713623"
"'236","'LINE","'Student Text Book","'99.83783722"
"'236","'LINE","'We can now define electric flux. Electric flux is a measure of the number of electric","'99.96099854"
"'236","'LINE","'field lines that crosses a given area. The product of the electric field and the surface","'99.95545959"
"'236","'LINE","'area, A, perpendicular to the field is called the electric flux and represented by the","'99.96024323"
"'236","'LINE","'symbol Φ.","'91.04373169"
"'236","'LINE","'Φ = EA","'95.27536774"
"'236","'LINE","'If the surface under consideration is not perpendicular to the field, as in Figure 6.9","'99.95324707"
"'236","'LINE","'(b), the expression for the electric flux became,","'99.97030640"
"'236","'LINE","'Φ = EAcosΘ","'77.60449982"
"'236","'LINE","'E cosΘ is the projection of area normal to E. In a vector form, the above equation can","'99.14597321"
"'236","'LINE","'be written as the dot product of the electric field vector and area vector.","'99.98169708"
"'236","'LINE","'Φ=E.A","'21.48885918"
"'236","'LINE","'The area vector of a flat surface of area A has the following magnitude and direction:","'99.59681702"
"'236","'LINE","'Magnitude is equal to area of the surface (A)","'99.92641449"
"'236","'LINE","'Direction along normal or perpendicular to the surface.","'99.94040680"
"'236","'LINE","'This means, if the electric field vectors are tangent to the surface at all points, that","'99.97960663"
"'236","'LINE","'is if they don't penetrate the surface, the electric flux through the surface is zero.","'99.95101929"
"'236","'LINE","'Electric flux Φ is a scalar quantity, whose SI unit is N.m2/C.","'98.68954468"
"'236","'LINE","'Area = A","'94.17198181"
"'236","'LINE","'A","'94.57509613"
"'236","'LINE","'ar-","'44.53563309"
"'236","'LINE","'Θ","'68.65612793"
"'236","'LINE","'E","'86.42797852"
"'236","'LINE","'Electric","'99.57210541"
"'236","'LINE","'field","'99.80069733"
"'236","'LINE","'Figure 6.9: Field lines of a uniform electric field penetrating a plane of area A perpendic-","'98.86834717"
"'236","'LINE","'ular to the field. The electric flux Φ through this area is equal to EA.","'98.43975830"
"'236","'LINE","'Example 6.6:","'99.81325531"
"'236","'LINE","'A 2cm X 2cm square lies in the xy-plane. Find the electric flux through the square","'98.87145996"
"'236","'LINE","'for the electric field vectors, E = (50k + N /","'93.80581665"
"'236","'LINE","'Solution:","'99.95037079"
"'236","'LINE","'In this case direction of the area vector, which is perpendicular to the surface, is","'99.97830200"
"'236","'LINE","'in the z-axis. Because the square lies in the xy-plane.","'99.91513824"
"'236","'LINE","'230","'99.97070313"
"'237","'LINE","'Grade 11","'99.91171265"
"'237","'LINE","'A=(2cmx2cm)k=4cm²k,","'40.26008606"
"'237","'LINE","'Φ = A = À = 4x /","'82.55293274"
"'237","'LINE","'= 4 X 10⁻⁴ X 50 + / = 0.02N. / C","'89.74842072"
"'237","'LINE","'Exercise 6.6:","'99.82262421"
"'237","'LINE","'Find the electric flux through the surface with sides of 15cmx 15cm positioned in","'98.67752075"
"'237","'LINE","'a uniform electric field of E = 150N/C as shown in the figure below.","'99.46002960"
"'237","'LINE","'n","'94.07027435"
"'237","'LINE","'E","'98.72767639"
"'237","'LINE","'30°","'93.14951324"
"'237","'LINE","'Review Questions 6.2","'99.89125061"
"'237","'LINE","'1. Define the following terms, (a)electric field, (b) electric field strength, (c)","'98.59898376"
"'237","'LINE","'electric field lines, and (f) electric flux.","'99.96606445"
"'237","'LINE","'2. Map electric field lines for different arrangement of charges.","'99.87748718"
"'237","'LINE","'3. Compare and contrast the following gravitational quantities with their","'99.98917389"
"'237","'LINE","'counterpart electrical quantities:","'99.97342682"
"'237","'LINE","'A. gravitational field and electric field.","'95.80483246"
"'237","'LINE","'B. Gravitational field strength and electric field strength.","'97.62844849"
"'237","'LINE","'4. For the following figures find the possible region where the electric field could","'99.99372101"
"'237","'LINE","'be zero.","'99.96093750"
"'237","'LINE","'I","'98.24159241"
"'237","'LINE","'II","'97.93427277"
"'237","'LINE","'III","'93.93913269"
"'237","'LINE","'I","'96.15812683"
"'237","'LINE","'II","'94.00510406"
"'237","'LINE","'A.","'69.69766235"
"'237","'LINE","'P","'98.32051086"
"'237","'LINE","'P","'99.06508636"
"'237","'LINE","'B.","'78.92558289"
"'237","'LINE","'P","'99.01207733"
"'237","'LINE","'5. How field lines indicate the magnitude of the field they represent?","'99.97694397"
"'237","'LINE","'6. What is the net electric field strength at point P in the system shown below.","'99.25388336"
"'237","'LINE","'2.0 m","'98.60690308"
"'237","'LINE","'1.0 m","'98.39773560"
"'237","'LINE","'1.0 µC","'90.86754608"
"'237","'LINE","'-3.0 µC","'91.07212067"
"'237","'LINE","'P","'98.99095154"
"'237","'LINE","'231","'99.87304688"
"'238","'LINE","'Physics","'99.88201141"
"'238","'LINE","'Student Text Book","'99.84786987"
"'238","'LINE","'7. A particle of charge 2 X 10-8C experiences an upward force of magnitude 4 X","'96.66880035"
"'238","'LINE","'10-6 N when it is placed in a particular point in an electric field. (a) What is","'99.81221771"
"'238","'LINE","'the electric field at that point? (b) If a charge q = -1.0 X 10-8 C is placed there,","'96.23228455"
"'238","'LINE","'what is the force on it?","'99.93964386"
"'238","'LINE","'6.3 Electric Potential","'99.91755676"
"'238","'LINE","'By the end of this section, you will be able to:","'99.96308899"
"'238","'LINE","'Define the terms electric potential, equipotential surface.","'99.96745300"
"'238","'LINE","'Solve problems involving electric potential.","'99.99007416"
"'238","'LINE","'Explain the meaning of a volt, potential difference, and emf.","'99.78450012"
"'238","'LINE","'?","'99.38396454"
"'238","'LINE","'Brainstorming Questions","'99.94548798"
"'238","'LINE","'U","'93.99553680"
"'238","'LINE","'Discuss the concepts and recall the equations of (a) gravitational potential,","'99.97744751"
"'238","'LINE","'and (b) gravitational potential energy.","'99.97444916"
"'238","'LINE","'U","'92.25227356"
"'238","'LINE","'What is the relationship between the following pair of quantities?","'99.99211121"
"'238","'LINE","'a. electric potential and electrical potential energy?","'99.81696320"
"'238","'LINE","'b. electrical potential energy, and electric work?","'99.97617340"
"'238","'LINE","'C. Electric potential and potential difference?","'94.40851593"
"'238","'LINE","'d. Potential difference and electric field?","'99.97057343"
"'238","'LINE","'e. Electrical potential and gravitational potential?","'99.92433167"
"'238","'LINE","'Electric Potential Energy","'99.96392822"
"'238","'LINE","'The concept of electric potential energy is similar to that of gravitational potential","'99.98472595"
"'238","'LINE","'energy. In raising a ball with mass m to any height, you are giving it gravitational","'99.91360474"
"'238","'LINE","'potential energy. Electric potential energy is similar but with charges instead of","'99.99342346"
"'238","'LINE","'masses. Instead of raising a ball in the gravitational field of the Earth, you move a","'99.91330719"
"'238","'LINE","'charge in the electric field of another charge.","'99.97650909"
"'238","'LINE","'In order to move one positive charge closer to another positive charge, (charge q","'99.94577789"
"'238","'LINE","'closer to charge Q in Figure 6.10) work has to be done by an external agent. This is","'99.90374756"
"'238","'LINE","'simply because there is a force of repulsion between the charges. In the process of","'99.96631622"
"'238","'LINE","'doing work, energy is transferred from you to the charge that you are pushing. As a","'99.97177887"
"'238","'LINE","'result, the charges gain electrical potential energy.","'99.98581696"
"'238","'LINE","'We define electrical potential energy of a test charge q in terms of the work done on","'99.93816376"
"'238","'LINE","'the charge q. Work done by external force in bringing a unit positive charge from","'99.94868469"
"'238","'LINE","'232","'99.97070313"
"'239","'LINE","'Grade 11","'99.88690186"
"'239","'LINE","'point A to B, in Figure 6.10 is the electrical potential energy of q.","'99.80212402"
"'239","'LINE","'W","'87.49919891"
"'239","'LINE","'If we take point A to be at infinity, i.e., rA ≈ inf inity","'94.31625366"
"'239","'LINE","'W = k r","'88.44267273"
"'239","'LINE","'A","'97.32601166"
"'239","'LINE","'B","'49.82959747"
"'239","'LINE","'q","'97.84119415"
"'239","'LINE","'Q","'96.33769226"
"'239","'LINE","'Figure 6.10: Work must be done to push one positive charge towards another.","'99.93214417"
"'239","'LINE","'Thus, the potential energy of a test","'99.95769501"
"'239","'LINE","'U = ?","'96.32712555"
"'239","'LINE","'charge 'q' in the vicinity of a source","'99.85568237"
"'239","'LINE","'r","'76.85188293"
"'239","'LINE","'q","'95.81970978"
"'239","'LINE","'charge 'Q' will be:","'99.67958069"
"'239","'LINE","'U=k9Q U","'70.78837585"
"'239","'LINE","'Q","'94.91848755"
"'239","'LINE","'Figure 6.11: Electric potential energy","'99.77263641"
"'239","'LINE","'Electric Potential","'99.94589233"
"'239","'LINE","'Electric potential is another concept which helps us to visualize the behavior of","'99.97339630"
"'239","'LINE","'electric fields. In unit 4, gravitational potential is defined from the idea of potential","'99.97245789"
"'239","'LINE","'energy. The potential at a point is the potential energy of unit mass at that point.","'99.96791840"
"'239","'LINE","'We will approach the idea of electrical potential in the same way. Electric potential","'99.98721313"
"'239","'LINE","'(denoted by V) is equal to the work done per positive charge in carrying it from","'99.94239044"
"'239","'LINE","'infinity to that point in an electric field. The work to be done is equal to the change","'99.98409271"
"'239","'LINE","'in the potential energy of the test charge in the field of the source charge.","'99.98947906"
"'239","'LINE","'The potential due to a single point charge","'99.56936646"
"'239","'LINE","'In electrostatics the zero of potential is at infinity, at a larger distance from the source","'99.94981384"
"'239","'LINE","'charge, because the electric field and force approach zero there. In the same way as","'99.98882294"
"'239","'LINE","'we consider gravitational potential energy at the ground to be zero, electric potential","'99.97333527"
"'239","'LINE","'233","'99.99023438"
"'240","'LINE","'Physics I Student Text Book","'91.20741272"
"'240","'LINE","'is defined as the work done per unit positive charge to move a positive test charge","'99.96410370"
"'240","'LINE","'from infinity to its current position within an electric field.","'99.98218536"
"'240","'LINE","'Mathematically:","'99.80309296"
"'240","'LINE","'Q","'89.37261200"
"'240","'LINE","'k","'94.48022461"
"'240","'LINE","'W","'96.37535858"
"'240","'LINE","'r","'94.05113983"
"'240","'LINE","'Q","'88.74681091"
"'240","'LINE","'V =","'94.97927094"
"'240","'LINE","'=","'91.45427704"
"'240","'LINE","'k","'91.65557098"
"'240","'LINE","'q","'94.28392029"
"'240","'LINE","'r","'91.11168671"
"'240","'LINE","'V=?","'68.73405457"
"'240","'LINE","'r","'89.50125885"
"'240","'LINE","'Thus, the equation for electric potential at a distance r","'99.34271240"
"'240","'LINE","'+","'86.00505829"
"'240","'LINE","'from a source charge Q is given by:","'99.92005920"
"'240","'LINE","'Q","'97.61320496"
"'240","'LINE","'Figure 6.12: Electric Po-","'99.13559723"
"'240","'LINE","'tential","'99.96093750"
"'240","'LINE","'V = k Q r","'92.93070221"
"'240","'LINE","'Electrical potential is a scalar quantity. Its SI unit is Volt (V) in the honor of","'99.83612823"
"'240","'LINE","'Alessandro Volta. 1V=1C 1V 1C","'79.09606171"
"'240","'LINE","'Electrical Potential Difference","'99.92107391"
"'240","'LINE","'Consider a positive test charge +q placed at","'99.84928131"
"'240","'LINE","'A in the electric field of a source charge Q.","'99.63221741"
"'240","'LINE","'The test charge moves towards B under the","'98.72468567"
"'240","'LINE","'influence of the electric field of the source","'99.98891449"
"'240","'LINE","'B","'67.22396851"
"'240","'LINE","'+Q","'76.54366302"
"'240","'LINE","'charge. In the process the test charge loses","'99.99379730"
"'240","'LINE","'+q","'80.05819702"
"'240","'LINE","'electrical potential energy and gains kinetic","'99.99837494"
"'240","'LINE","'energy. Thus, at A, the test charge has more","'99.97603607"
"'240","'LINE","'potential energy than at B, A is said to have a","'99.42567444"
"'240","'LINE","'higher electrical potential than B.","'99.72943115"
"'240","'LINE","'Figure 6.13: Potential Difference","'99.67205811"
"'240","'LINE","'The potential difference between two points (A and B in this case) in an electric field","'98.17096710"
"'240","'LINE","'is defined as the work required to move a unit positive test charge from the point of","'99.98324585"
"'240","'LINE","'lower potential to that of higher potential.","'99.94317627"
"'240","'LINE","'If an amount of work W is required to move a charge Q from one point to another,","'99.87155151"
"'240","'LINE","'then the potential difference between the two points is given by,","'99.98919678"
"'240","'LINE","'AV=W W","'52.65828323"
"'240","'LINE","'234","'99.85351563"
"'241","'LINE","'Grade 11","'99.94140625"
"'241","'LINE","'?","'96.68945313"
"'241","'LINE","'Activity 6.5:","'99.88690186"
"'241","'LINE","'A difference in height is needed for water","'98.27748871"
"'241","'LINE","'to flow, see the figure below. What is then","'99.98129272"
"'241","'LINE","'needed for current to flow? Discuss in pairs.","'99.98891449"
"'241","'LINE","'Figure 6.14: Gravitational potential","'99.86980438"
"'241","'LINE","'difference","'99.97070313"
"'241","'LINE","'Example 6.7","'99.82830048"
"'241","'LINE","'Determine the electric potential produced by a charge of 1µC at a distance of","'98.08074188"
"'241","'LINE","'1mm from it.","'99.36709595"
"'241","'LINE","'Solution = kq Nm² / X X 10⁻⁶ C","'85.84303284"
"'241","'LINE","'r","'92.05815887"
"'241","'LINE","'1x10⁻³m","'74.30504608"
"'241","'LINE","'=9x10°J/C =9x10°V X","'57.33591843"
"'241","'LINE","'= 9MV","'97.06672668"
"'241","'LINE","'Potential difference in a uniform electric field","'99.33271790"
"'241","'LINE","'+","'93.05584717"
"'241","'LINE","'Figure 6.15, below shows a uniform","'99.82481384"
"'241","'LINE","'+","'92.31365204"
"'241","'LINE","'+","'86.14666748"
"'241","'LINE","'electric field produced between two","'99.99202728"
"'241","'LINE","'+","'87.20134735"
"'241","'LINE","'Ed","'86.18572235"
"'241","'LINE","'+","'90.58514404"
"'241","'LINE","'equally and oppositely charged parallel","'99.99202728"
"'241","'LINE","'+","'94.24725342"
"'241","'LINE","'plates.","'99.96014404"
"'241","'LINE","'+","'91.75701904"
"'241","'LINE","'+","'90.03826141"
"'241","'LINE","'V","'61.44501495"
"'241","'LINE","'Figure 6.15: Potential difference in a","'99.55725861"
"'241","'LINE","'uniform electric field","'99.97070313"
"'241","'LINE","'To measure the potential difference between two points in the field, we equate the","'99.97594452"
"'241","'LINE","'work done in moving a charge from one point to the other with the gain in electrical","'99.96913147"
"'241","'LINE","'potential energy.","'99.96014404"
"'241","'LINE","'W = ДРЕ","'81.69330597"
"'241","'LINE","'Fd = qV","'92.15979767"
"'241","'LINE","'qEd = qV","'91.90117645"
"'241","'LINE","'V = Ed","'89.53125000"
"'241","'LINE","'235","'99.99023438"
"'242","'LINE","'Physics I Student Text Book","'91.97835541"
"'242","'LINE","'Thus, the electrical potential difference between the two plates is expressed as, the","'99.99167633"
"'242","'LINE","'electric field strength times the distance between the plates.","'99.98454285"
"'242","'LINE","'From the previous section, we already know the units for electric field is newtons","'99.98303223"
"'242","'LINE","'per coulomb. We now got the unit of electric field to be volt per meter. Thus, the","'99.97895050"
"'242","'LINE","'following relation among units is valid:","'99.97708130"
"'242","'LINE","'1N/C = 1V / m","'30.35714340"
"'242","'LINE","'Potential due to a system of point charges","'99.56936646"
"'242","'LINE","'Consider a system of charges q₁,,,, ..., qₙ with position vectors r₁, r₂, rₙ relative","'91.90892792"
"'242","'LINE","'to some origin (Figure 6.16). The potential at P due to the charge q₁ is V₁=kₙ.","'94.57880402"
"'242","'LINE","'Similarly, the potential at P due to q₂ is and the potential at P due to q₃","'99.09162903"
"'242","'LINE","'are given by","'99.67773438"
"'242","'LINE","'where r₁ is the distance between q₁ and point P, r₂ is the distance between q₂ and","'99.13751221"
"'242","'LINE","'point P, and so on. By the superposition principle, the potential V at P due to the","'99.47064972"
"'242","'LINE","'total charge configuration is the algebraic sum of the potentials due to the individual","'99.97948456"
"'242","'LINE","'charges.","'99.96014404"
"'242","'LINE","'The total potential at P is:","'99.77011108"
"'242","'LINE","'q3","'96.98979950"
"'242","'LINE","'q4","'96.94615173"
"'242","'LINE","'q1","'70.66725159"
"'242","'LINE","'q2","'95.53591919"
"'242","'LINE","'q5","'85.28798676"
"'242","'LINE","'p","'56.89592361"
"'242","'LINE","'Figure 6.16: Potential of multiple charges","'99.72048187"
"'242","'LINE","'(for n po ch arg es)","'92.32241058"
"'242","'LINE","'Note that the sum in this equation is an algebraic sum. It is not a vector sum. It means","'99.91735077"
"'242","'LINE","'the signs of the charges are used in calculating the potential. As a result, the potential","'99.95042419"
"'242","'LINE","'of a positive charge is positive and the potential of a negative charge is negative.","'99.96311951"
"'242","'LINE","'236","'99.97070313"
"'243","'LINE","'Grade 11","'99.89665985"
"'243","'LINE","'Example 6.8","'99.87792969"
"'243","'LINE","'Two charged particles are placed on the x-axis of a coordinate system. The first (","'99.65821838"
"'243","'LINE","'q₁ = 2µC) is at the origin. The second (q₂ = -5µC) is at x = 1.0m. Determine the","'92.47790527"
"'243","'LINE","'potential at x = 0.2 m.","'83.96101379"
"'243","'LINE","'Solution:","'99.73154449"
"'243","'LINE","'V","'87.86222076"
"'243","'LINE","'V = k","'81.05516052"
"'243","'LINE","'1","'17.41235924"
"'243","'LINE","'V = 3.375x10⁴V","'46.52969360"
"'243","'LINE","'Exercise 6.7:","'99.68062592"
"'243","'LINE","'Referring to example 6.8, (a) determine the potential at x = 1.5m. (b) At what","'97.89395905"
"'243","'LINE","'point in between these two charges the electric potential is zero?","'99.99015808"
"'243","'LINE","'Example 6.9","'99.78475952"
"'243","'LINE","'Calculate the change in electrical potential energy in moving a from 5 cm to 0.1","'99.84109497"
"'243","'LINE","'cm from a charged sphere with a charge of.","'99.22140503"
"'243","'LINE","'Solution:","'99.89098358"
"'243","'LINE","'X","'83.52947998"
"'243","'LINE","'W = 7.2x10⁻¹ = 72mJ","'20.30432892"
"'243","'LINE","'Equipotential line or surface","'99.86576843"
"'243","'LINE","'We can represent electric potentials (voltages) pictorially, just as we drew pictures to","'99.94580841"
"'243","'LINE","'illustrate electric fields. Equipotential lines are lines connecting points of the same","'99.93695831"
"'243","'LINE","'electric potential. When these points lie on a two- or three-dimensional surface,","'99.84692383"
"'243","'LINE","'such as the surface of a metallic sphere, they are called equipotential surfaces. If a","'99.88470459"
"'243","'LINE","'charge moves along the equipotential line then, there is no change in its potential","'99.91330719"
"'243","'LINE","'and hence, no electrical work is done.","'99.95176697"
"'243","'LINE","'237","'99.97070313"
"'244","'LINE","'Physics I Student Text Book","'91.98831940"
"'244","'LINE","'Characteristics of equipotential lines/surfaces:","'99.54953766"
"'244","'LINE","'1. Two equipotential surfaces never intersect each other.","'99.91213989"
"'244","'LINE","'2. The equipotential lines of a uniform field are parallel to each other and the equipotential","'99.90385437"
"'244","'LINE","'lines of a point charge are concentric sphere (see Figure 6.17)","'99.80403900"
"'244","'LINE","'+","'90.44841766"
"'244","'LINE","'Figure 6.17: Equipotential lines of (a) a uniform field, (b) a point charge.","'99.60984802"
"'244","'LINE","'3. Since the electric field (E) is stronger near the charge, so equipotential surfaces of","'99.53116608"
"'244","'LINE","'point charge are crowded near the charge as shown in the Figure 6.17.","'99.92908478"
"'244","'LINE","'4. No work is required to move a charge along an equipotential line because there is no","'99.94424438"
"'244","'LINE","'change in potential.","'99.92379761"
"'244","'LINE","'5. Equipotential lines are always perpendicular to the electric field lines.","'99.92604065"
"'244","'LINE","'W=F.S=Fscos0=qEscos0","'50.19372177"
"'244","'LINE","'Since the work done is zero,","'99.62701416"
"'244","'LINE","'qEscos)=0","'34.94878006"
"'244","'LINE","'Key term","'99.66637421"
"'244","'LINE","'Equipotential lines are lines connecting points of the same potential","'99.94338226"
"'244","'LINE","'238","'99.95117188"
"'245","'LINE","'Grade 11","'99.84335327"
"'245","'LINE","'Review Questions 6.3","'99.73420715"
"'245","'LINE","'1. Write the definition of the following terms in your own words. (a) electric","'99.94647217"
"'245","'LINE","'potential, (b) potential difference, (c) volt, and (d) equipotential line/surface.","'98.94889832"
"'245","'LINE","'2. Write two units of electric field strength.","'99.97650909"
"'245","'LINE","'3. If the potential is constant in a certain region, what is the nature of the electric","'99.88969421"
"'245","'LINE","'field at that region?","'99.96826172"
"'245","'LINE","'4. What would happen to its electrical potential energy (a) when an electron","'99.96658325"
"'245","'LINE","'is released in a uniform electric field, and (b) when a proton is released in a","'99.41286469"
"'245","'LINE","'uniform electric field?","'99.95742035"
"'245","'LINE","'5. How are electric field lines and equipotential lines drawn relative to each","'99.96363831"
"'245","'LINE","'other?","'99.96093750"
"'245","'LINE","'6. What is the strength of the electric field between two parallel conducting plates","'99.97552490"
"'245","'LINE","'separated by 1.0 cm and having a potential difference between them of 1.5V?","'99.65299225"
"'245","'LINE","'7. Two-point charges are located on the corners of a rectangle with a height oh","'99.67215729"
"'245","'LINE","'0.05 m and a width of 0.15 m. The first charge (q₁ =- 5µC) is located at the","'94.12454987"
"'245","'LINE","'upper left-hand corner, while the second charge ( q2 =+ 2µC) is at the lower","'92.57522583"
"'245","'LINE","'right-hand corner. (a) Determine the electric potential at the upper right-hand","'99.91789246"
"'245","'LINE","'corner of the rectangle. (b) What is the potential difference for a point at the","'99.76403046"
"'245","'LINE","'right-hand corner of the rectangle relative to the lower left-hand corner?","'99.95110321"
"'245","'LINE","'8. Two charges 3 X 10⁻⁸ C and -2 X 10⁻⁸ C are located 15 cm apart. At what point","'94.05083466"
"'245","'LINE","'on the line joining the two charges is the electric potential zero? Take the","'99.98593140"
"'245","'LINE","'potential at infinity to be zero.","'99.98046875"
"'245","'LINE","'9. What are the signs and magnitudes of a point charge that produces a potential","'99.70893097"
"'245","'LINE","'of -2.0 V at a distance of 1.0 mm?","'99.25411224"
"'245","'LINE","'10. Two point charges 10pC and -2pC are separated by a distance of 1.0 Find","'99.47424316"
"'245","'LINE","'the potential mid-way between them.","'99.92171478"
"'245","'LINE","'239","'99.88281250"
"'246","'LINE","'Physics","'99.91131592"
"'246","'LINE","'Student Text Book","'99.85437775"
"'246","'LINE","'6.4 Electric Current, Resistance and ohm's law","'99.94630432"
"'246","'LINE","'By the end of this section, you will be able to:","'99.91524506"
"'246","'LINE","'define the terms electric current, current density, resistance, conductivity,","'99.98571777"
"'246","'LINE","'resistivity and drift velocity.","'99.98779297"
"'246","'LINE","'explain the effect on the current (brightness) and potential difference of","'99.97204590"
"'246","'LINE","'connecting light bulbs in series.","'99.98226166"
"'246","'LINE","'explain the effect on the current (brightness) and potential difference of","'99.97293091"
"'246","'LINE","'connecting light bulbs in parallel.","'99.97835541"
"'246","'LINE","'draw electric circuits consisting of three resistors connected in series and","'99.98291779"
"'246","'LINE","'parallel.","'99.96014404"
"'246","'LINE","'determine equivalent resistance of resistors connected in series and parallel.","'99.97023010"
"'246","'LINE","'describe the principles of potentiometer and wheatstone bridge.","'99.97142792"
"'246","'LINE","'describe how to convert galvanometer to a voltmeter and ammeter.","'99.69738770"
"'246","'LINE","'explain the meaning of an ohm, resistance.","'99.93200684"
"'246","'LINE","'explain the si units of electric current, current density, resistance, resistivity,","'99.95517731"
"'246","'LINE","'conductivity.","'99.95037079"
"'246","'LINE","'state and apply Kirchhoff's laws.","'99.91262817"
"'246","'LINE","'solve problems involving network of resistors.","'99.97355652"
"'246","'LINE","'?","'99.14958954"
"'246","'LINE","'Brainstorming","'99.96014404"
"'246","'LINE","'U","'87.51275635"
"'246","'LINE","'Write down what you understand, from previous grades, by the terms current,","'99.97593689"
"'246","'LINE","'potential difference, emf and resistance.","'99.88089752"
"'246","'LINE","'U","'86.01133728"
"'246","'LINE","'Set up a simple circuit to measure the current in a lamp and the potential","'99.72020721"
"'246","'LINE","'difference across it? Sketch the circuit and swap it with a classmate to check.","'99.76432037"
"'246","'LINE","'U","'87.89540863"
"'246","'LINE","'What drives the current in a conductor?","'99.58895874"
"'246","'LINE","'U","'91.75940704"
"'246","'LINE","'How the flow of electrons are produced through a conductor?","'99.90669250"
"'246","'LINE","'U","'87.88873291"
"'246","'LINE","'Why does current flows through a conductor but not through an insulator?","'99.82766724"
"'246","'LINE","'Electric Current, Resistance and Ohm's law","'99.92379761"
"'246","'LINE","'Electric current","'99.95077515"
"'246","'LINE","'Electric current is a flow of charge. In metals, current is due to a flow of electrons.","'99.93524933"
"'246","'LINE","'When a voltage source is connected to a conductor, it applies a potential difference","'99.88406372"
"'246","'LINE","'V that creates an electric field. The electric field in turn exerts force on the free or","'99.90442657"
"'246","'LINE","'conduction charges of the conductor, causing current. Even though it is electrons'","'99.85980988"
"'246","'LINE","'motion that produces current, for historic reason, what we call electric current is the","'99.98239136"
"'246","'LINE","'conventional flow of protons. Hence, it flows from the '+' terminal of a battery or","'99.36548615"
"'246","'LINE","'power supply through the circuit to the '_' terminal.","'98.52374268"
"'246","'LINE","'240","'99.97070313"
"'247","'LINE","'Grade 11","'99.80348969"
"'247","'LINE","'Electric current is defined as the rate of flow of charges through some cross-sectional","'99.96366882"
"'247","'LINE","'area. if is the net charge that flows through a cross-sectional area A in time (t),then","'99.28625488"
"'247","'LINE","'the current I is given by the equation:","'99.95209503"
"'247","'LINE","'I=At =","'54.46343994"
"'247","'LINE","'The SI unit of electric current is ampere, denoted by A. One ampere is a flow of","'99.74059296"
"'247","'LINE","'one coulomb (1 C) of charge in 1 S. Small currents are measured in milliampere","'99.05699158"
"'247","'LINE","'(mA), and microampere (µA). 1mA = 10⁻³A and A=10⁻⁶.","'86.72516632"
"'247","'LINE","'?","'96.91406250"
"'247","'LINE","'Activity 6.6:","'99.73552704"
"'247","'LINE","'Discuss in group what is needed to store water in a tanker and distributed to the","'99.88997650"
"'247","'LINE","'needy. Compare it with how current is distributed to resistors using the source of","'99.97814941"
"'247","'LINE","'voltage, see the Figure below.","'99.98616791"
"'247","'LINE","'Electric Circuit","'99.95605469"
"'247","'LINE","'Battery","'99.96093750"
"'247","'LINE","'+","'94.24804688"
"'247","'LINE","'electron flow!","'99.39214325"
"'247","'LINE","'Figure 6.18: Analogy of water current (a) and electric current (b)","'99.85324097"
"'247","'LINE","'Electric current and current density","'99.98812103"
"'247","'LINE","'Current density is a quantity which is used to describe the density of an electric","'99.93784332"
"'247","'LINE","'current. It is denoted by the symbol J, and defined as the magnitude of the electric","'99.94857788"
"'247","'LINE","'current per cross-sectional area.","'99.93612671"
"'247","'LINE","'J = A I","'88.08251953"
"'247","'LINE","'The SI unit of current density is amperes per square meter. Current density is a","'99.95790863"
"'247","'LINE","'vector quantity, which means it has both magnitude and direction.","'99.96339417"
"'247","'LINE","'Current density is also assumed to be proportional to the electric field, (E), that","'99.97734070"
"'247","'LINE","'produces it, and the conductivity (σ) of the conductor through which it flows. The","'99.92620087"
"'247","'LINE","'conductivity of a conductor is a measure of its ability to conduct electricity, whereas","'99.94652557"
"'247","'LINE","'resistivity is the reverse of conductivity. With this, the relationship between electric","'99.96189880"
"'247","'LINE","'field E and the current density J became:","'99.66432953"
"'247","'LINE","'241","'99.84375000"
"'248","'LINE","'Physics | Student Text Book","'89.84271240"
"'248","'LINE","'J=0E=E","'49.29446411"
"'248","'LINE","'Where σ = conductivity of the conductor, and p resistivity. The SI unit of Pis Ohm-","'95.99397278"
"'248","'LINE","'meter (Ω.m), where 1 Ω.m = 1 V/A, and the SI unit of p is Siemens per meter (S/m),","'95.91895294"
"'248","'LINE","'or Ω-¹.","'70.26626587"
"'248","'LINE","'Example 6.10","'98.86230469"
"'248","'LINE","'A current of 6 mA, flows through a copper wire of correctional are 12 mm². What","'99.55774689"
"'248","'LINE","'is the current density?","'99.96806335"
"'248","'LINE","'Solution:","'99.89098358"
"'248","'LINE","'X","'62.85953522"
"'248","'LINE","'Exercise 6.9","'99.03280640"
"'248","'LINE","'Since current density is a vector quantity it has both magnitude and direction.","'99.93973541"
"'248","'LINE","'What is then its direction?","'99.97835541"
"'248","'LINE","'Drift velocity","'99.89257813"
"'248","'LINE","'A conductor contains a large number of loosely bound electrons which we call free","'99.73974609"
"'248","'LINE","'electrons or conduction electrons. The remaining material of which the conductor","'99.98646545"
"'248","'LINE","'is made keep on vibrating about their mean positions. The average amplitude of","'99.97872162"
"'248","'LINE","'vibration depends on the temperature. While the free electrons are moving through","'99.97776031"
"'248","'LINE","'the conductor, they collide with these materials/ions. As a result, the speed and","'99.78880310"
"'248","'LINE","'direction of the electron changes randomly at each such collision, causing the","'99.97098541"
"'248","'LINE","'electron to move in a zig-zag path as shown in the Figure 6.19, below.","'99.91868591"
"'248","'LINE","'Figure 6.19: Motion of electrons through a conductor","'99.85862732"
"'248","'LINE","'The potential difference provided by the source creates an electric field inside the","'99.98860931"
"'248","'LINE","'conductor. This field exerts a force on each electron in the direction opposite to the","'99.95639038"
"'248","'LINE","'field. In every collision the electrons lose their kinetic energy and start to drift. The","'99.98942566"
"'248","'LINE","'242","'99.97070313"
"'249","'LINE","'Grade 11","'99.88121796"
"'249","'LINE","'average velocity by which the free electrons move through a conductor is called their","'99.97529602"
"'249","'LINE","'drift velocity.","'99.92067719"
"'249","'LINE","'Conductor","'97.85813904"
"'249","'LINE","'Free electron","'99.46269226"
"'249","'LINE","'Current flow","'99.36503601"
"'249","'LINE","'Electron flow","'99.14500427"
"'249","'LINE","'-","'38.57431793"
"'249","'LINE","'I","'50.09167862"
"'249","'LINE","'-","'41.13560486"
"'249","'LINE","'+","'90.72763824"
"'249","'LINE","'Figure 6.20: When a conductor is not connected to source, the free electrons will make a","'99.18835449"
"'249","'LINE","'random motion (a), but when a pd is applied they will make a directional motion (b).","'99.72956085"
"'249","'LINE","'In a time interval t, an electron moves a distance d=vAt along the wire. If the","'98.73011780"
"'249","'LINE","'number of electrons per unit volume of wire is n then the number of electrons in the","'99.97400665"
"'249","'LINE","'shaded cylinder of Figure 6.15 is nAvAt. Therefore, the total charge on this volume","'99.13702393"
"'249","'LINE","'of electrons is nAvAte, where e is the charge of one electron.","'99.80902100"
"'249","'LINE","'A","'97.20005035"
"'249","'LINE","'d","'89.21456146"
"'249","'LINE","'V","'95.71328735"
"'249","'LINE","'Figure 6.21:","'99.78396606"
"'249","'LINE","'The current in the circuit will then be:","'99.99501801"
"'249","'LINE","'I = At Q = nAve.","'87.29445648"
"'249","'LINE","'J = A I = nvde","'81.59477234"
"'249","'LINE","'243","'99.99023438"
"'250","'LINE","'Physics","'99.91131592"
"'250","'LINE","'|","'47.80492783"
"'250","'LINE","'Student Text Book","'99.82129669"
"'250","'LINE","'Exercise 6.9","'99.87265015"
"'250","'LINE","'1.","'99.84375000"
"'250","'LINE","'Calculate the mean drift velocity of the electrons in a copper wire of cross-","'99.90510559"
"'250","'LINE","'sectional area 5.0x10⁻⁶m² carrying a current of 1.0 A. There are 8.5 x10-6m²","'91.18830872"
"'250","'LINE","'free electrons in one m³ of copper.","'95.25199890"
"'250","'LINE","'2.","'99.97070313"
"'250","'LINE","'What are the directions of the following quantities in an electric circuit? (a)","'99.94205475"
"'250","'LINE","'electrons, (b) electric current, (c) current density, (d) electric field, and (d)","'98.69154358"
"'250","'LINE","'drift velocity.","'99.90074921"
"'250","'LINE","'?","'97.89062500"
"'250","'LINE","'Activity 6.7:","'99.68312073"
"'250","'LINE","'The drift speed of electros in a copper wire is very slow, a fraction of a millimeter","'99.77241516"
"'250","'LINE","'per second, but as a generator is switched on in a power plant, far away from our","'99.89031219"
"'250","'LINE","'house, a bulb gives off light almost instantly. How could this happen? Discuss in","'99.88779449"
"'250","'LINE","'group and present your group's opinion to the class.","'99.78307343"
"'250","'LINE","'Resistance and Ohm's Law","'99.95789337"
"'250","'LINE","'Resistance","'100.00000000"
"'250","'LINE","'An electric wire is made of metal. Inside a metal, there are negatively charged","'99.96542358"
"'250","'LINE","'electrons that are free to move about. We call these conduction or free electrons,","'99.97529602"
"'250","'LINE","'because they are the particles that allow a metal to conduct an electric current. The","'99.95249176"
"'250","'LINE","'atoms of a metal bind tightly together; they usually form a regular array, as shown","'99.93789673"
"'250","'LINE","'in Figure 6.21. In a typical metal, such as copper or silver, one or more electrons","'99.95936584"
"'250","'LINE","'from each atom breaks free to become conduction electrons. Since there are equal","'99.98479462"
"'250","'LINE","'numbers of free electrons (negative) and ions (positive), the metal has no overall","'99.95719910"
"'250","'LINE","'charge - it is neutral.","'98.29998779"
"'250","'LINE","'When electrons are moving through a conductor, they collide with each other and","'99.93360138"
"'250","'LINE","'with the fixed positive ions of the material. This electric property that impedes","'99.98698425"
"'250","'LINE","'current is called resistance. Resistance is therefore defined as a measure of the","'99.96663666"
"'250","'LINE","'opposition to current flow in an electrical circuit.","'99.97904968"
"'250","'LINE","'ions","'99.89098358"
"'250","'LINE","'electrons","'99.95037079"
"'250","'LINE","'+","'93.13317108"
"'250","'LINE","'+","'93.50585938"
"'250","'LINE","'+","'92.18750000"
"'250","'LINE","'+","'95.80975342"
"'250","'LINE","'+","'93.29101563"
"'250","'LINE","'+","'93.28125000"
"'250","'LINE","'+","'92.58709717"
"'250","'LINE","'+","'93.68164063"
"'250","'LINE","'+","'96.25000000"
"'250","'LINE","'+","'95.90820313"
"'250","'LINE","'+","'92.68554688"
"'250","'LINE","'+","'94.95117188"
"'250","'LINE","'+","'93.01757813"
"'250","'LINE","'+","'94.71679688"
"'250","'LINE","'+","'94.49139404"
"'250","'LINE","'+","'95.15625000"
"'250","'LINE","'+","'93.82812500"
"'250","'LINE","'+","'92.83123779"
"'250","'LINE","'Figure 6.22: In a metal, conduction electrons are free to move among the fixed positive ions.","'99.90795898"
"'250","'LINE","'244","'99.89257813"
"'251","'LINE","'Grade 11","'99.86737061"
"'251","'LINE","'Ohm's Law","'99.80269623"
"'251","'LINE","'The German physicist Georg Simon Ohm (1787-1854) demonstrate experimentally","'99.70554352"
"'251","'LINE","'that the current in a metal wire is directly proportional to the potential difference","'99.97669220"
"'251","'LINE","'between its ends, provided that physical conditions, such as temperature, remain","'99.93846893"
"'251","'LINE","'constant. This means that, for a metal at constant temperature, the graph of I against","'99.94635010"
"'251","'LINE","'V will be a straight line through the origin.","'99.80699158"
"'251","'LINE","'V","'95.45459747"
"'251","'LINE","'<","'76.72931671"
"'251","'LINE","'Figure 6.23: Current vs. voltage for an ohmic and non-ohmic conductors","'99.68050385"
"'251","'LINE","'Whenever one quantity is proportional to another quantity, there must always be","'99.98352814"
"'251","'LINE","'some constant that relates the two quantities. In this case the constant that relates","'99.97158813"
"'251","'LINE","'voltage and current according to Ohm's law, is the resistance, R. Thus, for a conductor","'99.88489532"
"'251","'LINE","'(resistor) which passes current I when the pd across it is V, its resistance R is given","'99.93461609"
"'251","'LINE","'by the equation","'99.98671722"
"'251","'LINE","'R = V","'92.83341980"
"'251","'LINE","'The SI unit of resistance is Ohm denoted by'Ω, a Greek letter read as Omega.","'97.24524689"
"'251","'LINE","'1Q = 1V / A.","'45.50960541"
"'251","'LINE","'Large resistances are measured in Kilo Ohm (KΩ) and Mega ohm (MΩ).","'99.31877899"
"'251","'LINE","'1KΩ=103Ω Ω and 1MΩ=106Ω.","'63.95407867"
"'251","'LINE","'Note that this equation is valid for wires and resistors at constant temperature, which","'99.97524261"
"'251","'LINE","'are called ohmic. For non ohmic conductors, such as a filament lamp, the current is","'99.94261169"
"'251","'LINE","'not directly proportional to the potential difference. Filaments are materials used in","'99.96359253"
"'251","'LINE","'lamps that are composed of metals that glow when a certain amount of current flows","'99.95780182"
"'251","'LINE","'through them. The resistance of a filament depends on its temperature. A filament","'99.64456940"
"'251","'LINE","'bulb gives a curve with a decreasing gradient because its resistance increases with","'99.92377472"
"'251","'LINE","'temperature, Figure 6.23 (b).","'99.70419312"
"'251","'LINE","'245","'99.97070313"
"'252","'LINE","'Physics","'99.91131592"
"'252","'LINE","'I","'50.88249588"
"'252","'LINE","'Student Text Book","'99.87770081"
"'252","'LINE","'Example 6.11","'99.75585938"
"'252","'LINE","'What is the resistance of an automobile headlight through which 2.50 A flows","'99.29666138"
"'252","'LINE","'when 12.0 V is applied to it?","'99.81938171"
"'252","'LINE","'Solution","'99.96014404"
"'252","'LINE","'Rearranging Ohm's law for R and substituting known values gives","'99.92701721"
"'252","'LINE","'2.5A 12V 4.8Ω.","'83.69090271"
"'252","'LINE","'Exercise 6.10","'99.74121094"
"'252","'LINE","'The current through a component is 2.0 mA when connected to a source which","'99.89871216"
"'252","'LINE","'provides 12 V. Assuming its resistance is unchanged, what pd is required across the","'99.71299744"
"'252","'LINE","'component when the current is 2.0µA?","'97.70534515"
"'252","'LINE","'?","'99.02343750"
"'252","'LINE","'Activity 6.8:","'99.77947235"
"'252","'LINE","'1. The potential difference (PD) across a resistor means that there is a change in","'99.76078033"
"'252","'LINE","'potential across the resistor. Is there any change in current as it passes through","'99.98104858"
"'252","'LINE","'a resistor? Explain","'99.63554382"
"'252","'LINE","'2. How is the potential difference (PD) drop in a resistor similar to the pressure","'99.86740112"
"'252","'LINE","'differencein a fluid flowing through a pipe.","'99.74862671"
"'252","'LINE","'Resistors","'99.95037079"
"'252","'LINE","'An object of conducting material, having a resistance of desired value, is called a","'99.83827972"
"'252","'LINE","'resistor. In an electric circuit, a resistor is represented by symbol shown in Figure","'99.90923309"
"'252","'LINE","'6.24.","'99.89098358"
"'252","'LINE","'or","'99.73632813"
"'252","'LINE","'or","'96.82457733"
"'252","'LINE","'Figure 6.24: Symbol of (a) resistor and (b) variable resistor","'99.91513824"
"'252","'LINE","'Combination of Resistors","'99.95362854"
"'252","'LINE","'Usually, we find circuits where more than two components are connected together.","'99.96359253"
"'252","'LINE","'There are two basic ways in which to connect more than two resistors. They are","'99.97689819"
"'252","'LINE","'series and parallel.","'99.96691895"
"'252","'LINE","'246","'99.97070313"
"'253","'LINE","'Grade 11","'99.87712860"
"'253","'LINE","'Resistors in Series.","'99.95715332"
"'253","'LINE","'In series connection components are connected end-to-end in a line to form a single","'99.88353729"
"'253","'LINE","'path for electrons to flow. The defining characteristic of a series circuit is that there","'99.96626282"
"'253","'LINE","'is only one path for electrons to flow.","'99.98403168"
"'253","'LINE","'R₁","'79.42502594"
"'253","'LINE","'R2","'59.42921066"
"'253","'LINE","'R3","'65.57855988"
"'253","'LINE","'V₁","'58.16466141"
"'253","'LINE","'V₂","'60.32625580"
"'253","'LINE","'V₃","'59.88101959"
"'253","'LINE","'V","'96.47261810"
"'253","'LINE","'Figure 6.25: Three resistors (R₁, R₂, and R₃), connected in series.","'93.94652557"
"'253","'LINE","'In series circuit the amount of current is the same through any component in the","'99.98682404"
"'253","'LINE","'circuit.","'99.93083954"
"'253","'LINE","'I=I₁=I₂=I₃...","'21.62974358"
"'253","'LINE","'Using Ohm's law (V = IR), the potential difference across each resistor is given","'98.06964874"
"'253","'LINE","'by:","'99.97070313"
"'253","'LINE","'The potential difference V across all three resistors is given by","'99.93431854"
"'253","'LINE","'The total resistance R of the three resistors is then given by","'99.97138214"
"'253","'LINE","'R=R₁+R₂+R₃","'35.98672867"
"'253","'LINE","'Resistors in parallel","'99.88254547"
"'253","'LINE","'Figure 6.26 below shows a circuit","'99.85965729"
"'253","'LINE","'R1","'73.73405457"
"'253","'LINE","'containing three resistors of resistances","'99.90433502"
"'253","'LINE","'R₁, R₂, and R₃ connected in parallel. In","'92.56735992"
"'253","'LINE","'i1","'73.35559082"
"'253","'LINE","'P","'98.88134003"
"'253","'LINE","'N","'98.69758606"
"'253","'LINE","'parallel connection, there are more than","'99.93871307"
"'253","'LINE","'12","'43.25414658"
"'253","'LINE","'R₂","'81.77435303"
"'253","'LINE","'one path for electrons to flow. The defining","'99.98403168"
"'253","'LINE","'characteristic of a parallel circuit is that all","'99.96044159"
"'253","'LINE","'i₃","'50.11300278"
"'253","'LINE","'i","'87.24390411"
"'253","'LINE","'R3","'59.67255402"
"'253","'LINE","'components are connected between the","'99.99414063"
"'253","'LINE","'same set of electrically common points","'99.98358917"
"'253","'LINE","'(P and N). In a purely parallel circuit, the","'99.82333374"
"'253","'LINE","'IV","'42.42905045"
"'253","'LINE","'potential difference across any resistor is","'99.97193146"
"'253","'LINE","'the same,","'99.98046875"
"'253","'LINE","'Figure 6:26 Resister connected in parallel","'99.94276428"
"'253","'LINE","'V=V₁=V₂=V₃.","'25.95045471"
"'253","'LINE","'247","'99.85351563"
"'254","'LINE","'Physics | Student Text Book","'90.60785675"
"'254","'LINE","'To find the equivalent resistance of the combination, let us apply a potential difference","'99.86965942"
"'254","'LINE","'V between the points P and N. The current 'I' is divided at the junction P. Suppose a","'99.40542603"
"'254","'LINE","'current I₁ goes through R₁, I₂ through R₂ and I₃ through R₃. These combine at N to","'94.16832733"
"'254","'LINE","'give a total current. Therefore, I=I₁+I₂+I₃.","'89.20783234"
"'254","'LINE","'So,","'99.95037079"
"'254","'LINE","'V = V₁ + V₂ + V","'88.06292725"
"'254","'LINE","'R R₁ R₂ R₃","'84.26862335"
"'254","'LINE","'Since the pd across each resistor is the same, V = V₁ = V₂ = V₃. This gives","'96.47097778"
"'254","'LINE","'-=-+-+- V V V V","'80.53947449"
"'254","'LINE","'R R₁ R₂ R₃","'79.28733063"
"'254","'LINE","'V cancels throughout to give","'99.82784271"
"'254","'LINE","'-=-+-+- R 1111 R₁ R₂ R₃","'76.69522858"
"'254","'LINE","'For only two resistors connected in parallel, the equivalent resistance can be","'99.96434784"
"'254","'LINE","'determined by the equation.","'99.99003601"
"'254","'LINE","'?","'95.26367188"
"'254","'LINE","'Activity 6.9:","'99.79332733"
"'254","'LINE","'Discuss in group and give a mathematical reason for the following fact.","'99.84577942"
"'254","'LINE","'1. For resistors connected in series, the total resistance is larger than the resistance","'99.96891022"
"'254","'LINE","'of the resistor with the largest resistance, but for resistors connected in parallel,","'99.96408081"
"'254","'LINE","'the total resistance is smaller than the resistance of the resistor with the smallest","'99.98297882"
"'254","'LINE","'resistance.","'99.92028046"
"'254","'LINE","'Example 6.12","'99.79492188"
"'254","'LINE","'For the circuit shown in the figure below, determine (a) the equivalent resistance","'99.94487000"
"'254","'LINE","'of the circuit, (b), the current through each resistor, and the potential difference","'99.96245575"
"'254","'LINE","'across each resistor.","'99.96366119"
"'254","'LINE","'248","'99.97070313"
"'255","'LINE","'Grade 11","'99.90154266"
"'255","'LINE","'R1=5n","'42.92091751"
"'255","'LINE","'R₂=","'57.25047684"
"'255","'LINE","'=","'93.60271454"
"'255","'LINE","'R3=","'84.37500000"
"'255","'LINE","'=","'94.69646454"
"'255","'LINE","'24V","'93.40262604"
"'255","'LINE","'4A","'54.01467133"
"'255","'LINE","'12 A","'32.60901642"
"'255","'LINE","'R4=8n","'70.15684509"
"'255","'LINE","'We start by combining resistors R₂ and R₃ in parallel.","'94.18728638"
"'255","'LINE","'Then, all the three are connected in series, Therefore,","'99.97126007"
"'255","'LINE","'Ω","'93.12021637"
"'255","'LINE","'The current from the battery can then be determined by using Ohm's law.","'99.98698425"
"'255","'LINE","'24V 16Ω =1.5A","'83.15917969"
"'255","'LINE","'Since R₁, R₂₃ and R₄ are in series with the source, they will have the current of","'97.63425446"
"'255","'LINE","'the source. Thus,","'99.99023438"
"'255","'LINE","'Using Ohm's law:","'99.90454102"
"'255","'LINE","'V₂₃ = I₂³R₂₃ = 1.5 Ax3Q= 4.5V","'18.07931137"
"'255","'LINE","'I₂ = V₂₃ R2 = 4.0Ω 4.5V = 1.125 A and I₃ = V₂₃ R₃ = 4.5V 12Ω = 0.375 A","'86.10913849"
"'255","'LINE","'249","'99.97070313"
"'256","'LINE","'Physics","'99.93083954"
"'256","'LINE","'I","'66.99019623"
"'256","'LINE","'Student Text Book","'99.85736847"
"'256","'LINE","'Exercise 6.11","'99.97070313"
"'256","'LINE","'1. For the circuit shown below, list resistors that are connected (a) in series, and (b)","'99.94924927"
"'256","'LINE","'in parallel.","'99.94020844"
"'256","'LINE","'R₂","'64.63548279"
"'256","'LINE","'R3","'70.64094543"
"'256","'LINE","'R₁","'84.77677917"
"'256","'LINE","'R₄","'68.18618011"
"'256","'LINE","'2. What is the equivalent resistance of the circuit shown in the figure? (b) What","'99.96366119"
"'256","'LINE","'current flows through the 5Ω resistor?","'99.63854218"
"'256","'LINE","'5.5 Ω","'32.71583939"
"'256","'LINE","'10:52","'81.47580719"
"'256","'LINE","'159","'46.12065506"
"'256","'LINE","'24 V","'73.82005310"
"'256","'LINE","'52","'50.86435699"
"'256","'LINE","'200","'42.48405838"
"'256","'LINE","'10Ω","'57.71942902"
"'256","'LINE","'?","'97.65625000"
"'256","'LINE","'Activity 6.10:","'98.73336029"
"'256","'LINE","'Use the links below to perform virtual experiment on DC Circuits. You may","'99.88273621"
"'256","'LINE","'need your teacher's guidance on how to use it.","'99.92497253"
"'256","'LINE","'https://phet.colorado.edu/en/simulations/circuit-construction-kit-dc","'62.06652451"
"'256","'LINE","'http://phet.colorado.edu/sims/html/circuit-construction-kit-dc-virtual-lab/","'72.40811920"
"'256","'LINE","'latest/circuit-construction-kit-dc-virtual-lab_en.html","'82.37384796"
"'256","'LINE","'Title: Verification of the laws of combination of resistance","'99.96900177"
"'256","'LINE","'250","'100.00000000"
"'257","'LINE","'Grade 11","'99.83318329"
"'257","'LINE","'Objectives:","'99.93083954"
"'257","'LINE","'1. To study the characteristics of resistances connected in series.","'99.95272827"
"'257","'LINE","'A. Compare the measured value with the calculated value or resistors connected","'98.59006500"
"'257","'LINE","'in series.","'99.96054077"
"'257","'LINE","'B. Verify that the same current flows through all resistors that are connected in","'99.81726074"
"'257","'LINE","'series.","'99.96014404"
"'257","'LINE","'C. Verify that voltage is added for resistors connected in series.","'99.50051880"
"'257","'LINE","'2. To study the characteristics resistances connected in parallel.","'99.94594574"
"'257","'LINE","'A. Compare the measured value with the calculated value for resistors connected","'99.00770569"
"'257","'LINE","'in parallel.","'99.94061279"
"'257","'LINE","'B. Verify that the same potential difference is found is across resistors that are","'99.76757813"
"'257","'LINE","'connected in parallel.","'99.96040344"
"'257","'LINE","'C. Verify that current is added for resistors connected in parallel.","'99.81414795"
"'257","'LINE","'Theory:","'99.85351563"
"'257","'LINE","'Materials Required:","'99.94061279"
"'257","'LINE","'Digital multimeters (2)","'99.84215546"
"'257","'LINE","'DC power supplies, 0-15 V (2)","'97.98588562"
"'257","'LINE","'Resistors and connecting wires (3)","'99.91685486"
"'257","'LINE","'Circuit board (1)","'99.86979675"
"'257","'LINE","'Procedure:","'99.99023438"
"'257","'LINE","'Series Circuit","'99.93083954"
"'257","'LINE","'I. Record the resistances of three resistors (R₁, R₂ and R₃) determined by mea-","'96.18247986"
"'257","'LINE","'surement","'99.99023438"
"'257","'LINE","'II. Construct a series circuit with these resistors.","'99.85346985"
"'257","'LINE","'III. Measure the equivalent resistance Rₑq' of the circuit by connecting the termi-","'94.70358276"
"'257","'LINE","'nals of the multimeter across the beginning of R₁ and end of R3. Then compare","'97.00951385"
"'257","'LINE","'your measured value with that determined by the equation: R eq = R₁ + R₂ + R₃","'93.35536957"
"'257","'LINE","'Connect power supply. Using the multimeter measure the potential differences","'99.94857788"
"'257","'LINE","'across all the resistances and the current flowing in the circuit. Then apply ohms","'99.96595001"
"'257","'LINE","'law (R= V/I). Finally, compare your result with what you have found in number","'99.66612244"
"'257","'LINE","'iv.","'99.95117188"
"'257","'LINE","'251","'99.92187500"
"'258","'LINE","'Physics I Student Text Book","'91.69648743"
"'258","'LINE","'V. Measure the potential differences across each of the resistors. Add the poten-","'99.91282654"
"'258","'LINE","'tial differences. Do they add up to the voltage across the power supply?","'99.95731354"
"'258","'LINE","'Calculation: In Series circuit","'99.93797302"
"'258","'LINE","'I. Experimental value of Req =","'99.46524811"
"'258","'LINE","'ohm","'99.96014404"
"'258","'LINE","'II. Theoretical value of Req =","'99.62824249"
"'258","'LINE","'ohm","'99.95037079"
"'258","'LINE","'III. Difference (if any) =","'98.33545685"
"'258","'LINE","'ohm","'99.96014404"
"'258","'LINE","'Note the following.","'99.98020172"
"'258","'LINE","'Have your lab instructor approve the circuit before plugging in the","'99.98742676"
"'258","'LINE","'power","'99.97070313"
"'258","'LINE","'supply.","'99.96014404"
"'258","'LINE","'Whenever you use the multimeter, do not forget to adjust the scale of","'99.97409058"
"'258","'LINE","'the multimeter to the quantity being measured.","'99.95455933"
"'258","'LINE","'Parallel Circuit","'99.98046875"
"'258","'LINE","'I. Connect the above three resistors in parallel with each other on the circuit","'99.93775940"
"'258","'LINE","'board. Have your instructor check the circuit before plugging in the power","'99.99423981"
"'258","'LINE","'supply. After approval, plug in the power supply.","'99.95780182"
"'258","'LINE","'II. Record this voltage. Now measure the potential difference across the resistor","'99.93376923"
"'258","'LINE","'R1 and record this voltage. Do the same for the R2 and the R3 resistors. Are","'99.93425751"
"'258","'LINE","'the values the same?","'99.98271179"
"'258","'LINE","'III. Measure current vs. potential as before. Graph current vs. voltage on the","'96.27520752"
"'258","'LINE","'same plot as the series graph and determine the total equivalent resistance of","'99.97328186"
"'258","'LINE","'the circuit.","'99.96014404"
"'258","'LINE","'IV.Disconnect the power supply from the circuit and measure the total resistance","'99.90230560"
"'258","'LINE","'of the circuit with the multimeter as before.","'99.97904968"
"'258","'LINE","'Calculations in parallel circuit","'99.95301056"
"'258","'LINE","'(a) Experimental value of R eq =","'97.37667084"
"'258","'LINE","'ohm","'99.95037079"
"'258","'LINE","'(b) Theoretical value of R eq =","'96.57461548"
"'258","'LINE","'ohm","'99.95037079"
"'258","'LINE","'(c) Difference (if any) =","'97.22636414"
"'258","'LINE","'ohm.","'99.92187500"
"'258","'LINE","'252","'99.91210938"
"'259","'LINE","'Grade 11","'99.94100952"
"'259","'LINE","'Measuring Instruments","'99.98007202"
"'259","'LINE","'Measurement of Current","'99.97342682"
"'259","'LINE","'An ammeter is a device used to measure current flowing in a circuit. To measure the","'99.94361115"
"'259","'LINE","'current flow in a circuit the ammeter must be connected in series with the resistor, so","'99.50317383"
"'259","'LINE","'that the same current passes through both the resistor and the ammeter. The internal","'99.99006653"
"'259","'LINE","'resistance of an ammeter should be as small as possible, so that little energy is dissipated","'99.56198883"
"'259","'LINE","'in it.","'99.91171265"
"'259","'LINE","'A","'88.67247009"
"'259","'LINE","'+","'98.60112762"
"'259","'LINE","'Ammeter","'99.77539063"
"'259","'LINE","'Ipc","'31.96348763"
"'259","'LINE","'+","'92.46093750"
"'259","'LINE","'CIGITAL","'60.78343964"
"'259","'LINE","'VOLT&","'76.32353973"
"'259","'LINE","'AMVETER","'24.47405243"
"'259","'LINE","'Source","'99.84375000"
"'259","'LINE","'Load","'99.95117188"
"'259","'LINE","'****","'16.24561501"
"'259","'LINE","'Figure 6.27: Ammeters and How to connect them.","'99.96054077"
"'259","'LINE","'Exercise 6.12:","'99.64764404"
"'259","'LINE","'In the circuit, shown below, an ammeter has a resistance of 0.5Ω. Determine","'97.28961945"
"'259","'LINE","'the current in the circuit, (a) before an ammeter is introduced, and (b) after it is","'99.95479584"
"'259","'LINE","'introduced. (c) Based on your result of question (b), discuss the effect of inserting","'99.24143982"
"'259","'LINE","'the ammeter.","'99.97518921"
"'259","'LINE","'6.0V","'86.82585144"
"'259","'LINE","'4.052","'40.23577118"
"'259","'LINE","'Figure 6.38: Investigating the effect of ammeters","'99.95501709"
"'259","'LINE","'Measurement of Voltage","'99.95688629"
"'259","'LINE","'Voltmeter is a device used to measure the potential difference between two points in","'99.94252777"
"'259","'LINE","'the circuit. For this reason, they are connected in parallel. It could be voltage across","'99.98351288"
"'259","'LINE","'the terminal of a battery or across a resistor or any other circuit element. Voltmeters","'99.91864777"
"'259","'LINE","'253","'100.00000000"
"'260","'LINE","'Physics","'99.91131592"
"'260","'LINE","'Student Text Book","'99.83783722"
"'260","'LINE","'should have a very high resistance to take as little current as possible. The ideal","'99.95042419"
"'260","'LINE","'resistance of a voltmeter would be infinite.","'99.89772797"
"'260","'LINE","'Digital Voltmeter","'99.21317291"
"'260","'LINE","'Voltmeter","'97.84538269"
"'260","'LINE","'+","'92.47070313"
"'260","'LINE","'Line.10","'74.95216370"
"'260","'LINE","'220","'91.84231567"
"'260","'LINE","'ε","'64.69327545"
"'260","'LINE","'R","'98.60271454"
"'260","'LINE","'V","'98.83470154"
"'260","'LINE","'Line.20","'44.27724457"
"'260","'LINE","'V,","'30.52156258"
"'260","'LINE","'AC 50-400V","'84.96472168"
"'260","'LINE","'AH-076","'98.76495361"
"'260","'LINE","'Figure 6.29: Voltage measuring devices","'99.95882416"
"'260","'LINE","'Exercise 6.13","'99.90234375"
"'260","'LINE","'A voltmeter shown in the figure below which can measure up to 6V has a","'99.00305939"
"'260","'LINE","'resistance of 50 k Ω. Determine the pd across the 20 k Ω in the circuit, (a) when","'98.89907837"
"'260","'LINE","'the voltmeter is not in place, and (b) when the voltmeter is in place. (c) Based on","'99.18145752"
"'260","'LINE","'your result of question (b), discuss the effect of inserting a voltmeter.","'99.71623230"
"'260","'LINE","'6.0V","'89.87801361"
"'260","'LINE","'E","'23.42952728"
"'260","'LINE","'kΩ","'45.58962631"
"'260","'LINE","'20 kS2","'58.45858002"
"'260","'LINE","'Figure 6.30: Investigating the effect of a voltmeter","'99.75177765"
"'260","'LINE","'Conversion of galvanometer to ammeter and voltmeter","'99.97013092"
"'260","'LINE","'A galvanometer is an instrument used for measuring small electric current in electric","'99.64157104"
"'260","'LINE","'circuit. It works by deflecting a pointer in response to an electric current flowing","'99.93415833"
"'260","'LINE","'through a coil in a constant magnetic field. A galvanometer has a coil pivoted (or","'99.80654907"
"'260","'LINE","'suspended) in a magnetic field. When an electric current passes through the coil, it","'99.94345856"
"'260","'LINE","'deflects. The deflection is proportional to the current passed.","'99.97351837"
"'260","'LINE","'There are different types of galvanometers. The most common type, shown in","'99.89716339"
"'260","'LINE","'Figure 6.31, is the moving coil galvanometer in which it consists of a light coil of","'99.88133240"
"'260","'LINE","'wire suspended from a metallic ribbon between the poles of a permanent magnet.","'99.91670990"
"'260","'LINE","'254","'99.95117188"
"'261","'LINE","'Grade 11","'99.91619873"
"'261","'LINE","'Scale","'100.00000000"
"'261","'LINE","'Pointer","'99.93083954"
"'261","'LINE","'N","'99.97070313"
"'261","'LINE","'S","'99.41505432"
"'261","'LINE","'Permanent","'99.99023438"
"'261","'LINE","'Soft","'99.97070313"
"'261","'LINE","'Current","'100.00000000"
"'261","'LINE","'Magnet","'100.00000000"
"'261","'LINE","'Iron Core","'99.83766937"
"'261","'LINE","'Carrying Coil","'99.80797577"
"'261","'LINE","'Figure 6.31: The moving-coil galvanometer","'99.91764832"
"'261","'LINE","'converting a galvanometer into an ammeter?","'99.19696045"
"'261","'LINE","'Since a galvanometer is a very sensitive instrument it can't measure heavy currents.","'99.77735138"
"'261","'LINE","'In order to convert a galvanometer into an ammeter, a very low resistance known as","'99.89402771"
"'261","'LINE","'""shunt"" resistance is connected in parallel to it, as shown in Figure 6.32. The shunt","'99.86257935"
"'261","'LINE","'allows most of the current passes through it and the remaining small current through","'99.99651337"
"'261","'LINE","'the galvanometer.","'99.83567810"
"'261","'LINE","'RG","'89.17649841"
"'261","'LINE","'I","'96.56349182"
"'261","'LINE","'RG","'97.09163666"
"'261","'LINE","'G","'98.74840546"
"'261","'LINE","'G","'98.08514404"
"'261","'LINE","'I g","'16.14297676"
"'261","'LINE","'Galvanometer","'98.53575134"
"'261","'LINE","'Ish","'67.88365173"
"'261","'LINE","'Rsh","'88.49170685"
"'261","'LINE","'Ammeter","'98.94869995"
"'261","'LINE","'Figure 6.32: Converting galvanometer to an ammeter","'99.95780945"
"'261","'LINE","'Let R₈ be the resistance of the galvanometer and I₈ be the current for full scale","'93.72178650"
"'261","'LINE","'deflection in the galvanometer. The value of the shunt resistance required to convert","'99.97396851"
"'261","'LINE","'the galvanometer into an ammeter is,","'99.95539093"
"'261","'LINE","'V₈ = Vₛₕ","'76.84809875"
"'261","'LINE","'Rₛₕ = 1","'63.70339966"
"'261","'LINE","'255","'99.99023438"
"'262","'LINE","'Physics I Student Text Book","'91.72771454"
"'262","'LINE","'Example 6.14","'99.67285156"
"'262","'LINE","'A galvanometer of full-scale deflection 5 mA is to be converted into a 10 A","'97.62931824"
"'262","'LINE","'ammeter. If its coil has a resistance of 50 Ω, what value shunt must be fitted?","'99.66820526"
"'262","'LINE","'Solution:","'99.87145233"
"'262","'LINE","'Rₛₕ (1","'43.36194229"
"'262","'LINE","'Converting a galvanometer into voltmeter","'98.90879822"
"'262","'LINE","'A galvanometer can be converted","'99.03408051"
"'262","'LINE","'I₈","'70.40109253"
"'262","'LINE","'RM","'92.32880402"
"'262","'LINE","'Rg","'35.70073318"
"'262","'LINE","'into voltmeter by connecting","'99.96766663"
"'262","'LINE","'G","'98.59375000"
"'262","'LINE","'with it with a very high resistance","'99.91096497"
"'262","'LINE","'called multiplier in series with it","'99.94047546"
"'262","'LINE","'as shown in Figure 6.33.","'99.96273041"
"'262","'LINE","'V","'96.40146637"
"'262","'LINE","'Figure 6.33: Converting a galvanometer into voltmeter","'99.77046204"
"'262","'LINE","'Let R₈ be the resistance of a galvanometer and Rₘ the resistance of the multiplier","'96.33236694"
"'262","'LINE","'connected in series with it. Let V volt be the potential difference to be measured by","'99.93369293"
"'262","'LINE","'the voltmeter and I₈, be the current. Potential difference across the two resistors","'94.77258301"
"'262","'LINE","'in the circuit is the sum of potential difference across galvanometer and potential","'99.97784424"
"'262","'LINE","'difference across the multiplier.","'99.85316467"
"'262","'LINE","'This is the required value of multiplier resistance which must be connected in series","'99.97233582"
"'262","'LINE","'to the galvanometer to convert it into a voltmeter.","'99.91855621"
"'262","'LINE","'256","'99.99023438"
"'263","'LINE","'Grade 11","'99.89665985"
"'263","'LINE","'Example 6.14","'99.53613281"
"'263","'LINE","'A galvanometer has a resistance of 40 Ω and is of 3 mA full scale","'99.01877594"
"'263","'LINE","'deflection.","'99.88042450"
"'263","'LINE","'How would you modify it to a 0 - 10 V voltmeter.","'96.13578033"
"'263","'LINE","'Solution:","'99.89098358"
"'263","'LINE","'Rₛₕ = V R₈ = 5 X 10 10⁻³ 40","'85.74539185"
"'263","'LINE","'g","'88.45703125"
"'263","'LINE","'Rₛₕ = 1960 Ω","'90.85244751"
"'263","'LINE","'Exercise 6.14","'99.86328125"
"'263","'LINE","'Explain how you will convert a galvanometer into (a) an ammeter, and (b) a","'99.44625092"
"'263","'LINE","'voltmeter.","'99.96014404"
"'263","'LINE","'The Potential divider","'99.96366119"
"'263","'LINE","'A potential divider consists of two or more","'99.50855255"
"'263","'LINE","'resistors in series with each other and","'99.97722626"
"'263","'LINE","'R1","'97.44319916"
"'263","'LINE","'with a source of fixed potential difference.","'99.88935852"
"'263","'LINE","'The potential difference of the source is VIN","'99.64936066"
"'263","'LINE","'+","'93.72070313"
"'263","'LINE","'divided between the components in the","'99.99335480"
"'263","'LINE","'R2","'90.88428497"
"'263","'LINE","'circuit, as they are in series with each","'99.96776581"
"'263","'LINE","'Vour","'41.41262817"
"'263","'LINE","'other, Figure 6.34.","'99.96067047"
"'263","'LINE","'Figure 6.34: Potential divider circuit","'99.93115997"
"'263","'LINE","'For the potential divider circuit in Figure 6.34","'99.97904968"
"'263","'LINE","'The total resistance of the combination is: Rπ = R₁ +R₂","'90.14651489"
"'263","'LINE","'The current through the resistors is: I = Rπ V = R₁ V + R₂","'90.43130493"
"'263","'LINE","'The potential drop across resistor R₁: V₁ = IR₁ = R₁ R₁ + R₂ V","'89.98117828"
"'263","'LINE","'The potential drop across resistor R2 : V₂ = IR₂ = R₁ R₂ + R₂ V","'89.50466156"
"'263","'LINE","'257","'99.95117188"
"'264","'LINE","'Physics","'99.91131592"
"'264","'LINE","'Student Text Book","'99.87091827"
"'264","'LINE","'Potentiometer","'99.59163666"
"'264","'LINE","'A potentiometer is a three-terminal resistor with a sliding or rotating contact that","'99.71421051"
"'264","'LINE","'forms an adjustable voltage divider. It works by varying the position of a sliding","'99.92707062"
"'264","'LINE","'contact across a uniform resistance wire. In a potentiometer, the entire input voltage","'99.84411621"
"'264","'LINE","'is applied across the whole length of the resistor, and the output voltage is the","'99.96691895"
"'264","'LINE","'voltage drop between the fixed and sliding contact as shown in Figure 6.35. Thus, a","'99.95384216"
"'264","'LINE","'potentiometer is essentially a type of potential divider circuit.","'99.88195038"
"'264","'LINE","'Object, whose linear","'99.95742035"
"'264","'LINE","'displacement is to be measured","'99.92905426"
"'264","'LINE","'Slider/Wiper","'99.92187500"
"'264","'LINE","'Mandrel","'99.85112762"
"'264","'LINE","'Resistance wire","'99.98046875"
"'264","'LINE","'+","'92.41130829"
"'264","'LINE","'eᵢ","'46.29235077"
"'264","'LINE","'Figure 6.35: Potentiometer","'99.90533447"
"'264","'LINE","'The Potentiometer can also be used for the following purposes.","'99.93134308"
"'264","'LINE","'to measure the emf of a given cell,","'99.88468170"
"'264","'LINE","'to measure the internal resistance of a cell,","'99.87329865"
"'264","'LINE","'to compare the emf of different cells, and","'99.97895050"
"'264","'LINE","'as a variable resistor.","'99.69208527"
"'264","'LINE","'Figure 6.36 shows the two symbols of a potentiometer in an electric circuit.","'99.91213989"
"'264","'LINE","'or","'93.74681091"
"'264","'LINE","'Figure 6.36: Symbols of a potentimeter","'99.65248871"
"'264","'LINE","'Potentiometer to measure the emf of a cell","'99.20574188"
"'264","'LINE","'A potentiometer consists of a piece of resistance wire, usually 1 m in length, stretched","'99.64026642"
"'264","'LINE","'horizontally between two points. In Figure 6.37, the ends of the wire are labelled A","'99.51527405"
"'264","'LINE","'and B. A driver cell is connected across the length of wire. Suppose this cell has an","'99.54277039"
"'264","'LINE","'emf of 2.0V. We can then say that point A is at a voltage of 2.0V, B is at OV and the","'96.23154449"
"'264","'LINE","'258","'99.99023438"
"'265","'LINE","'Grade 11","'99.87224579"
"'265","'LINE","'midpoint of the wire is at 1.0 V. In other words, the voltage decreases steadily along","'99.59465027"
"'265","'LINE","'the length of the wire.","'99.99218750"
"'265","'LINE","'cell","'77.39726257"
"'265","'LINE","'Y","'84.78824615"
"'265","'LINE","'jockey","'55.52953339"
"'265","'LINE","'5,","'76.51436615"
"'265","'LINE","'Figure 6:37 A potentiometer connected measure the e.m.f. of cell X,","'98.48545837"
"'265","'LINE","'Now, suppose we wish to measure the emf. Eₓ of cell X (this must have a value less","'98.84604645"
"'265","'LINE","'than that of the driver cell). The positive terminal of cell X is connected to point A.","'99.28495026"
"'265","'LINE","'(Note that both cells have their positive terminals connected to A.) A lead from the","'99.53170776"
"'265","'LINE","'negative terminal is connected to a sensitive galvanometer, and a lead from the other","'99.89302063"
"'265","'LINE","'terminal of the galvanometer ends with a metal jockey. This is a simple connecting","'99.89284515"
"'265","'LINE","'device with a very sharp edge that allows very precise positioning on the wire.","'99.96687317"
"'265","'LINE","'If the jockey is touched onto the wire close to point A, the galvanometer needle will","'99.96430206"
"'265","'LINE","'deflect in one direction. If the jockey is touched close to B, the galvanometer needle","'99.93979645"
"'265","'LINE","'will deflect in the opposite direction.","'99.97857666"
"'265","'LINE","'Clearly, there must be some point Y along the wire that, when touched by the jockey,","'99.96745300"
"'265","'LINE","'gives zero deflection. In finding this position, the jockey must be touched gently","'99.97478485"
"'265","'LINE","'and briefly onto the wire; the deflection of the galvanometer shows whether the","'99.97703552"
"'265","'LINE","'jockey is too far to the left or right. It is important not to slide the jockey along the","'99.98081207"
"'265","'LINE","'potentiometer wire as this may scrape its surface, making it non-uniform so that the","'99.67390442"
"'265","'LINE","'voltage does not vary uniformly along its length.","'99.97772217"
"'265","'LINE","'When the jockey is positioned at Y, the galvanometer gives zero deflection, showing","'99.92916107"
"'265","'LINE","'that there is no current through it. This can only happen if the potential difference","'99.97770691"
"'265","'LINE","'across the length of wire AY is equal to the emf. of cell X. We can say that the","'99.84980011"
"'265","'LINE","'potentiometer is balanced. If the balance point was exactly halfway along the wire, we","'99.93444824"
"'265","'LINE","'would be able to say that the emf. of X was half that of the driver cell. This technique","'99.69925690"
"'265","'LINE","'- finding a point where there is a reading of zero - is known as a null method.","'98.23876953"
"'265","'LINE","'259","'99.89257813"
"'266","'LINE","'Physics","'99.88201141"
"'266","'LINE","'I","'60.12396240"
"'266","'LINE","'Student Text Book","'99.84786987"
"'266","'LINE","'To calculate the unknown emf. Eₓ we measure the length AY. Then we have:","'99.22378540"
"'266","'LINE","'where E₀ is the emf. of the driver cell.","'98.30839539"
"'266","'LINE","'Potentiometer to compare the emf of two cells","'99.94152832"
"'266","'LINE","'Suppose we have two cells whose emfs","'99.97164154"
"'266","'LINE","'Eₓ and Eₓ we want to compare. Each is","'92.60729218"
"'266","'LINE","'connected in turn to the potentiometer,","'99.92366791"
"'266","'LINE","'C","'62.44599152"
"'266","'LINE","'giving balance points at C and D, see","'97.89942169"
"'266","'LINE","'A","'82.41499329"
"'266","'LINE","'e","'50.84064102"
"'266","'LINE","'Figure 6.38. (In the diagram, you can","'99.94502258"
"'266","'LINE","'t","'58.07587433"
"'266","'LINE","'see immediately that Eₓ must be greater","'92.39303589"
"'266","'LINE","'than Eₓ because D is further to the","'98.49794006"
"'266","'LINE","'1","'51.88357162"
"'266","'LINE","'right than C.)","'99.64630890"
"'266","'LINE","'Figure 6.38: Comparing two emfs using a potentiometer.","'99.83789063"
"'266","'LINE","'The ratio of the emfs of the two cells will be equal to the ratio of the two lengths AC","'99.77385712"
"'266","'LINE","'and AD:","'99.82910156"
"'266","'LINE","'Eₓ Eₓ = AD AC","'78.45642853"
"'266","'LINE","'If one of the cells used has an accurately known emf, the other can be calculated with","'99.98276520"
"'266","'LINE","'the same degree of accuracy.","'99.99414063"
"'266","'LINE","'Measurement of Resistance","'99.99674225"
"'266","'LINE","'Resistance can be measured directly by using ohmmeter. Experimentally resistance","'99.97119904"
"'266","'LINE","'is measured using the following two methods.","'99.99011993"
"'266","'LINE","'1. The ammeter-voltmeter method.","'99.76019287"
"'266","'LINE","'In this method the current is measured using an ammeter and the voltage using","'99.98448181"
"'266","'LINE","'the voltmeter, see Figure 6.39. Then, using Ohm's law (R=V), resistance will","'93.96916199"
"'266","'LINE","'be determined. The variable resistor is used to adjust the current and voltage as","'99.95740509"
"'266","'LINE","'necessary.","'99.95037079"
"'266","'LINE","'260","'99.83398438"
"'267","'LINE","'Grade 11","'99.88201141"
"'267","'LINE","'Source","'99.47285461"
"'267","'LINE","'Variable","'98.81636810"
"'267","'LINE","'resistor","'98.56007385"
"'267","'LINE","'Resistor","'97.66123199"
"'267","'LINE","'A","'93.50107574"
"'267","'LINE","'V","'81.79896545"
"'267","'LINE","'Figure 6.39: Circuit to measure resistance","'99.93951416"
"'267","'LINE","'2. Using Wheatstone bridge","'99.98046875"
"'267","'LINE","'Another more precise method of measuring resistance is using a Wheatstone bridge.","'99.93383026"
"'267","'LINE","'A Wheatstone bridge is an arrangement of four resistances which can be used to","'99.63724518"
"'267","'LINE","'measure one of them in terms of the rest. The arrangement is shown in Figure 6.40.","'99.96856689"
"'267","'LINE","'C","'52.89540863"
"'267","'LINE","'i₁","'71.90509796"
"'267","'LINE","'R1","'63.30217743"
"'267","'LINE","'i₁","'57.98728561"
"'267","'LINE","'i","'86.11826324"
"'267","'LINE","'R₂","'85.54467773"
"'267","'LINE","'A","'96.29404449"
"'267","'LINE","'G","'99.41007233"
"'267","'LINE","'B","'66.33908844"
"'267","'LINE","'i₂","'65.83326721"
"'267","'LINE","'R3","'64.69567108"
"'267","'LINE","'D","'98.20651245"
"'267","'LINE","'i₂","'53.55010605"
"'267","'LINE","'R4","'64.72975159"
"'267","'LINE","'Figure 6.40: A Wheatstone bridge","'97.28427887"
"'267","'LINE","'Four resistors with resistances R₁, R₂, R₃ and R₄ are connected to form a loop.","'97.24774170"
"'267","'LINE","'There are four joints A, B, C and D. A battery is connected between two opposite","'98.46070099"
"'267","'LINE","'joints A and B and a galvanometer is connected between the other two opposite","'99.32132721"
"'267","'LINE","'joints C and D.","'99.06100464"
"'267","'LINE","'The current i from the battery is divided at A in two parts. A part i₁ goes through","'99.49031830"
"'267","'LINE","'R₁ and the rest i₂ goes through R₃. When no current is flowing through, the bridge,","'97.85528564"
"'267","'LINE","'it is said to be balanced. In this case, the current in R₂ is the same as the current in","'98.79306030"
"'267","'LINE","'R₁ and the current in R₄ is the same as that in R₃. As there is no current through the","'97.94450378"
"'267","'LINE","'galvanometer, the potential difference across its terminals is zero.","'99.93608856"
"'267","'LINE","'This is the condition for which a Wheatstone bridge is balanced. To measure the","'99.95263672"
"'267","'LINE","'resistance of a resistor, it is connected as one of the four resistors in the bridge. Given","'99.92118835"
"'267","'LINE","'the other three resistors, the value of the fourth unknown resistor will be easily","'99.94235992"
"'267","'LINE","'determined.","'99.80069733"
"'267","'LINE","'261","'99.34490204"
"'268","'LINE","'Physics","'99.93083954"
"'268","'LINE","'I","'57.80851364"
"'268","'LINE","'Student Text Book","'99.85736847"
"'268","'LINE","'?","'96.09375000"
"'268","'LINE","'Activity 6.11:","'99.81614685"
"'268","'LINE","'In a small group, research some applications of a Wheatstone bridge. Present your","'99.82466125"
"'268","'LINE","'findings to the rest of the class in a form of your choice.","'99.72110748"
"'268","'LINE","'Example 6.15:","'99.68750000"
"'268","'LINE","'Find the value of R in the figure below so that there is no current in the 50 Ω","'99.63749695"
"'268","'LINE","'resistor.","'99.92028046"
"'268","'LINE","'10Ω 0","'46.64381409"
"'268","'LINE","'20 Ω Ω","'51.54994202"
"'268","'LINE","'50 Ω","'56.10869598"
"'268","'LINE","'R","'99.53623199"
"'268","'LINE","'40 Ω","'72.42925262"
"'268","'LINE","'Solution:","'99.91051483"
"'268","'LINE","'R₁ = 4Ω, R₂ = R, R₃ = 20Ω, R₄ = 40Ω","'88.74294281"
"'268","'LINE","'R2 = R₁R₄ R₃ = 10x40 20 = 20Ω","'84.38686371"
"'268","'LINE","'?","'96.91406250"
"'268","'LINE","'Activity 6.12:","'98.79644012"
"'268","'LINE","'Experiment, WHEATSTONE BRIDGE","'99.94738770"
"'268","'LINE","'OBJECTIVE","'99.87224579"
"'268","'LINE","'The objective of this experiment is to determine the unknown resistance","'99.98824310"
"'268","'LINE","'using Wheatstone bridge.","'100.00000000"
"'268","'LINE","'APPARATUS","'99.92028046"
"'268","'LINE","'Galvanometer, various medium resistors, multimeter, power supply (DC)","'99.85052490"
"'268","'LINE","'THEORY:","'100.00000000"
"'268","'LINE","'262","'99.95117188"
"'269","'LINE","'Grade 11","'99.88162231"
"'269","'LINE","'A","'98.27965546"
"'269","'LINE","'I₂","'49.96273041"
"'269","'LINE","'I₁","'87.81269836"
"'269","'LINE","'R₁","'87.89042664"
"'269","'LINE","'R₂","'62.28973770"
"'269","'LINE","'SW₁","'66.40963745"
"'269","'LINE","'C","'99.33773041"
"'269","'LINE","'G","'99.80388641"
"'269","'LINE","'D","'98.98358154"
"'269","'LINE","'1₃","'54.09896851"
"'269","'LINE","'I₄","'56.51097870"
"'269","'LINE","'E","'93.57122803"
"'269","'LINE","'R₃","'71.50569916"
"'269","'LINE","'R₄","'80.48469543"
"'269","'LINE","'B","'87.15750885"
"'269","'LINE","'Figure 6.41: Wheatstone bridge","'99.89482117"
"'269","'LINE","'Setup the circuit that is shown in the figure.","'99.98237610"
"'269","'LINE","'Do the required measures to complete the table with the results of your","'99.99085999"
"'269","'LINE","'experiments.","'99.72098541"
"'269","'LINE","'Determine the resistances of any unknown resistors using a multimeter.","'99.76799774"
"'269","'LINE","'Compare those values to the value obtained using the balancing equation.","'99.99193573"
"'269","'LINE","'Parameter","'99.95037079"
"'269","'LINE","'Rx","'99.73473358"
"'269","'LINE","'Experimental","'99.96093750"
"'269","'LINE","'Theoretical","'99.99023438"
"'269","'LINE","'% of error","'99.69647217"
"'269","'LINE","'% of error = Theoretical Experimental - Experimental x100%","'95.47711945"
"'269","'LINE","'DATA ANALYSIS","'99.92067719"
"'269","'LINE","'Compared to the direct measurement of resistance using a multimeter, what","'99.80365753"
"'269","'LINE","'level of accuracy may be expected when applying a Wheatstone bridge?","'99.90326691"
"'269","'LINE","'Comparing the Brightness of Bulbs","'99.99609375"
"'269","'LINE","'?","'96.64062500"
"'269","'LINE","'Activity 6.13:","'99.25093842"
"'269","'LINE","'What are you referring when you buy a light bulb from electric shops? Discuss in","'99.91121674"
"'269","'LINE","'pairs.","'100.00000000"
"'269","'LINE","'We usually see the wattage to buy a bulb that give us a brighter light. Watts are not","'99.91503143"
"'269","'LINE","'a measure a brightness, they're a measure of energy consumption per unit time. It","'99.84077454"
"'269","'LINE","'measures, how much electricity a bulb uses. The amount of light emitted by a bulb","'99.94386292"
"'269","'LINE","'(brightness) is measured in Lumens. So, when buying light bulbs see their Lumens","'99.97634125"
"'269","'LINE","'263","'100.00000000"
"'270","'LINE","'Physics","'99.91131592"
"'270","'LINE","'Student Text Book","'99.83783722"
"'270","'LINE","'instead of their wattage. The higher the lumens, the more light the bulb emits.","'99.98297882"
"'270","'LINE","'Of course, we can use power (watts) to compare the brightness of bulbs. The higher","'99.97380066"
"'270","'LINE","'the wattage rating, the more energy consumed, and brighter the bulb will be. From","'99.98017883"
"'270","'LINE","'the equation for electric power, P = R, we see that brightness depends on current","'99.37631226"
"'270","'LINE","'and resistance.","'99.91539764"
"'270","'LINE","'Key term","'99.87633514"
"'270","'LINE","'The amount of light emitted by a bulb (brightness) is measured in Lumens.","'99.71138000"
"'270","'LINE","'Example 6.16","'99.45312500"
"'270","'LINE","'Compare the brightness of two lamps arranged in parallel with the brightness of","'99.99699402"
"'270","'LINE","'similar lamps arranged in series (Both arrangements having one cell)?","'99.97444916"
"'270","'LINE","'Solution:","'99.91051483"
"'270","'LINE","'In parallel, both the bulbs will have the same voltage across them as that of the","'99.99079895"
"'270","'LINE","'battery. However, in series connection, the voltage gets divided between the two","'99.97098541"
"'270","'LINE","'bulbs. So, the bulbs which are connected in parallel will glow brighter.","'99.97945404"
"'270","'LINE","'Example 6.17","'99.41406250"
"'270","'LINE","'Compare the brightness of the following the three lamps A, B, and C in the figure","'97.84853363"
"'270","'LINE","'below.","'99.96014404"
"'270","'LINE","'A","'81.47360992"
"'270","'LINE","'B","'52.54225159"
"'270","'LINE","'C","'85.60208130"
"'270","'LINE","'Figure 6.42:","'99.56791687"
"'270","'LINE","'Solution:","'99.89098358"
"'270","'LINE","'Of all the three bulbs, Bulb A is brightest, because it gets the full current from the","'99.11628723"
"'270","'LINE","'battery. At the junction, the current then splits, resulting to the current in bulbs","'99.97164154"
"'270","'LINE","'B and C to be half of that in A (assuming the bulbs to be identical). Thus, Bulbs B","'96.15248108"
"'270","'LINE","'and C will have the same brightness but less than that of A.","'94.92354584"
"'270","'LINE","'264","'99.87304688"
"'271","'LINE","'Grade 11","'99.90194702"
"'271","'LINE","'Exercise 6.15:","'99.77539063"
"'271","'LINE","'What would happen to the brightness of the bulbs in example 6.17, if another","'99.97122955"
"'271","'LINE","'bulb D is connected in parallel to that of bulbs B and C, See Figure 6.43 below?","'97.71401215"
"'271","'LINE","'A","'91.05747986"
"'271","'LINE","'B","'61.50111389"
"'271","'LINE","'C","'66.64521027"
"'271","'LINE","'D","'95.93370819"
"'271","'LINE","'Figure 6.43:","'99.80429077"
"'271","'LINE","'?","'97.19646454"
"'271","'LINE","'Activity 6.14:","'96.91246796"
"'271","'LINE","'Look at the data in the table below. The Lumens, and wattage of Incandescent,","'99.95810699"
"'271","'LINE","'compact fluorescent light (CFL) and Light Emitting Diodes (LED) bulbs are given.","'99.97776031"
"'271","'LINE","'Discuss in group the advantages and disadvantages of using CFL od LED lamps","'99.99392700"
"'271","'LINE","'over the incandescent lamps.","'99.93816376"
"'271","'LINE","'Table 6.2: Comparing Incandescent, CFL and LED lamps.","'99.94417572"
"'271","'LINE","'Lumens","'99.99023438"
"'271","'LINE","'Incandescent","'99.65182495"
"'271","'LINE","'CFL Watts","'99.96093750"
"'271","'LINE","'LEDs Watts","'99.62173462"
"'271","'LINE","'Watts","'100.00000000"
"'271","'LINE","'450","'99.97070313"
"'271","'LINE","'40W","'99.61435699"
"'271","'LINE","'8 - 12W","'95.03189087"
"'271","'LINE","'6 7W","'96.91297150"
"'271","'LINE","'800","'99.93083954"
"'271","'LINE","'60W","'99.25642395"
"'271","'LINE","'13 - 18W","'95.41142273"
"'271","'LINE","'7 - 10W","'93.24009705"
"'271","'LINE","'1100","'99.55655670"
"'271","'LINE","'75W","'99.64764404"
"'271","'LINE","'18 - 22W","'95.15492249"
"'271","'LINE","'12 - 13W","'96.14211273"
"'271","'LINE","'1600","'99.72257996"
"'271","'LINE","'100W","'99.02761841"
"'271","'LINE","'23 - 30W","'96.56017303"
"'271","'LINE","'14 - 20W","'96.41189575"
"'271","'LINE","'2600","'99.97070313"
"'271","'LINE","'150W","'96.99796295"
"'271","'LINE","'30 - 55W","'95.26593018"
"'271","'LINE","'25 - 28W","'96.88669586"
"'271","'LINE","'Kirchhoff's Rules","'99.86088562"
"'271","'LINE","'The following two circuit rules, which are called Kirchhoff's rules, can be used to","'99.68053436"
"'271","'LINE","'analyze any dc circuit, regardless of how many loops and cells are in the circuit.","'99.96832275"
"'271","'LINE","'265","'99.97070313"
"'272","'LINE","'Physics I Student Text Book","'91.05187988"
"'272","'LINE","'Kirchhoff's First Rule (Junction rule)","'99.31122589"
"'272","'LINE","'Kirchhoff's first rule states that, at any junction","'99.18185425"
"'272","'LINE","'in a circuit, the total current entering the","'99.95169830"
"'272","'LINE","'i4","'50.32625198"
"'272","'LINE","'junction is equal to the total current leaving","'99.99013519"
"'272","'LINE","'the junction. This means, the sum of all the","'99.99457550"
"'272","'LINE","'i1","'82.60064697"
"'272","'LINE","'i₃","'57.82684708"
"'272","'LINE","'currents directed towards a junction in a circuit","'99.88375854"
"'272","'LINE","'is equal to the sum of all the currents directed","'99.98917389"
"'272","'LINE","'i₂","'63.57840347"
"'272","'LINE","'away from that junction.","'99.99023438"
"'272","'LINE","'Figure 6.44: Kirchhoff's junction rule","'99.61837769"
"'272","'LINE","'Thus, in Figure 6.44, the currents I₁ and I₂ enters into the junction, while the","'99.24399567"
"'272","'LINE","'currents I₃ and I₄ leave the junction.","'97.09471130"
"'272","'LINE","'Thus,","'100.00000000"
"'272","'LINE","'I₁+I₂=I₃+I₄","'20.58773232"
"'272","'LINE","'Kirchhoff's junction rule is based on the law of conservation of charge. The fact that","'99.59054565"
"'272","'LINE","'no point in a circuit keeps on accumulating charge or keeps on supplying charge,","'99.96408081"
"'272","'LINE","'the net charge coming towards the point should be equal to that going away from it","'99.99079895"
"'272","'LINE","'in the same time.","'99.99755859"
"'272","'LINE","'Exercise 6.16:","'99.60329437"
"'272","'LINE","'The figure below is part of a circuit.","'99.76490021"
"'272","'LINE","'wire X","'98.00631714"
"'272","'LINE","'Calculate the current in the wire X. State","'98.19674683"
"'272","'LINE","'the direction of this current (towards P","'98.93944550"
"'272","'LINE","'3.0 A","'94.67085266"
"'272","'LINE","'P","'99.21475983"
"'272","'LINE","'2.5 A","'95.81941223"
"'272","'LINE","'or away from P).","'99.51874542"
"'272","'LINE","'7.0 A","'92.58913422"
"'272","'LINE","'Kirchhoff's Second Rule (Loop Rule)","'99.49039459"
"'272","'LINE","'Kirchhoff's loop rule is stated as:","'99.74197388"
"'272","'LINE","'For any complete loop of a circuit, the sum of the emfs round the loop is equal to the","'99.95992279"
"'272","'LINE","'sum of the potential drops around the loop.' It follows from the law of conservation","'95.81155396"
"'272","'LINE","'of energy.","'99.96054077"
"'272","'LINE","'When using this rule, one starts from a point on the loop and goes along the loop,","'99.93458557"
"'272","'LINE","'either clockwise or anticlockwise, to reach the same point again. In using Kirchhoff's","'99.19992828"
"'272","'LINE","'loop rule consider the following points.","'99.97518921"
"'272","'LINE","'266","'99.97070313"
"'273","'LINE","'Grade 11","'99.91619873"
"'273","'LINE","'1. Assume all voltage sources and resistances are given. (If not label them","'99.94699097"
"'273","'LINE","'V₁, V₂, R₁, R₂ etc","'86.86048889"
"'273","'LINE","'2. Label each branch with a branch current. (I₁, I₂, I₃ etc)","'95.84768677"
"'273","'LINE","'3. Apply junction rule at each junction.","'99.92910767"
"'273","'LINE","'4. Applying the loop rule for each of the independent loops of the circuit.","'99.98657990"
"'273","'LINE","'5. Solve the equations by substitutions.","'99.89749146"
"'273","'LINE","'For Kirchhoff's loop rule, the following convention is used:","'99.60709381"
"'273","'LINE","'1. The e.m.f of the cells is taken as positive when the direction of motion is from","'99.72358704"
"'273","'LINE","'negative terminal to the positive terminal, but negative when traversing from positive","'99.96603394"
"'273","'LINE","'to negative terminal.","'99.96691895"
"'273","'LINE","'2. The potential difference across a resistor (IR) is taken as positive if we move in the","'99.93424225"
"'273","'LINE","'opposite direction to the current, and negative when moving in the direction of the","'99.98227692"
"'273","'LINE","'current.","'99.96014404"
"'273","'LINE","'Example 6.17:","'99.59472656"
"'273","'LINE","'Find the currents I₁, I2 and I₃ in the circuit shown below.","'93.58547974"
"'273","'LINE","'7V","'88.24198914"
"'273","'LINE","'10","'88.92877197"
"'273","'LINE","'B","'79.79252625"
"'273","'LINE","'C","'63.36076736"
"'273","'LINE","'4","'88.91521454"
"'273","'LINE","'20","'84.59692383"
"'273","'LINE","'l₃","'25.62400436"
"'273","'LINE","'80","'44.49258804"
"'273","'LINE","'A","'92.34574127"
"'273","'LINE","'D","'97.69073486"
"'273","'LINE","'b","'40.80217743"
"'273","'LINE","'F","'98.18060303"
"'273","'LINE","'E","'95.99908447"
"'273","'LINE","'10","'92.24031830"
"'273","'LINE","'30","'88.78169250"
"'273","'LINE","'36V","'90.45260620"
"'273","'LINE","'Solution:","'99.85192108"
"'273","'LINE","'Applying Kirchhoff's first rule to junction A: I₁+I₂=I₃ (1)","'90.02163696"
"'273","'LINE","'Applying Kirchhoff's second rule for loop ABCDA (clockwise)","'99.83353424"
"'273","'LINE","'-7 +I₁(1) +1₁(2) +I,(8) =0","'20.53471756"
"'273","'LINE","'3I₁+8I₃=7","'16.98670769"
"'273","'LINE","'(2)","'99.89257813"
"'273","'LINE","'Applying Kirchhoff's second rule for loop ADEFA (clockwise)","'99.80546570"
"'273","'LINE","'-I₃ 3 (8) - I2 (3) + 36 - I₂ (1) = 0","'83.09207153"
"'273","'LINE","'21₃+ I₂ = 9","'16.83145332"
"'273","'LINE","'(3)","'99.93164063"
"'273","'LINE","'Substituting I₁ = I₃ - I2 into equation 2","'86.94370270"
"'273","'LINE","'111, - 31, 7","'21.28627396"
"'273","'LINE","'(4)","'99.95117188"
"'273","'LINE","'267","'99.84375000"
"'274","'LINE","'Physics","'99.88201141"
"'274","'LINE","'I","'54.43010330"
"'274","'LINE","'Student Text Book","'99.84786987"
"'274","'LINE","'Solving equation (3) and (4) simultaneously yields I₃ = 2A","'96.06481171"
"'274","'LINE","'Substituting for I3 into equation (3) yields I2 = 5A","'92.14221954"
"'274","'LINE","'Substituting for I2 and I₃ into equation (1) yields I₁ = -3A","'89.93937683"
"'274","'LINE","'The negative sign tell us that I₁ is opposite in direction to that shown in Figure 6.3:","'98.61640930"
"'274","'LINE","'Exercise 6.17:","'99.54998779"
"'274","'LINE","'By using Kirchhoff's second law determine the resistance R of the resistor shown","'99.89611816"
"'274","'LINE","'in the circuit below.","'99.98515320"
"'274","'LINE","'R","'99.28551483"
"'274","'LINE","'0.5 A","'93.96265411"
"'274","'LINE","'30 V","'95.82769012"
"'274","'LINE","'10 Ω","'96.28796387"
"'274","'LINE","'20 Ω","'93.62364197"
"'274","'LINE","'10 Ω","'95.90660858"
"'274","'LINE","'0.2 A","'95.07912445"
"'274","'LINE","'10 V","'82.95150757"
"'274","'LINE","'Review Questions 6.4","'99.93137360"
"'274","'LINE","'1. Write the definition of the following terms using your own words: electric","'99.96832275"
"'274","'LINE","'current, current density, resistance, conductivity, resistivity and drift velocity.","'99.92479706"
"'274","'LINE","'2. Write the SI units of the following quantities. Electric current, current density,","'99.97634125"
"'274","'LINE","'resistance, resistivity, and conductivity.","'99.97518921"
"'274","'LINE","'3. What is the meaning of one ohm?","'99.97182465"
"'274","'LINE","'4. Explain how a potentiometer works.","'99.47083282"
"'274","'LINE","'5. What is the use of a Wheatstone bridge? Discuss how it works.","'99.85506439"
"'274","'LINE","'6. Describe how to convert galvanometer to a voltmeter and ammeter.","'99.61004639"
"'274","'LINE","'7. State Kirchhoff's first and second laws.","'99.73132324"
"'274","'LINE","'8. A cell of emf 1.5 V and internal resistance 0.5 Ω is connected to a 2.5 Ω","'98.90081024"
"'274","'LINE","'resistor. Calculate: (a) the current, (b) the terminal pd, (c) the power delivered","'99.23546600"
"'274","'LINE","'to the 2.5 Ω resistor, and (d) the power wasted in the cell.","'99.88677216"
"'274","'LINE","'9. The pd across the terminals of a cell was 1.1 V when the current from the cell","'99.67360687"
"'274","'LINE","'was 0.20 A, and 1.3 V when the current was 0.10 A. Calculate: (a) the internal","'97.75135803"
"'274","'LINE","'resistance of the cell, (b) the cell's emf.","'99.51953888"
"'274","'LINE","'268","'99.97070313"
"'275","'LINE","'Grade 11","'99.91091156"
"'275","'LINE","'10. The figure shown below is part of an electric circuit. Determine the value of","'99.96089935"
"'275","'LINE","'the unknow current Iₓ.","'88.52857971"
"'275","'LINE","'0.3 A","'98.28374481"
"'275","'LINE","'0.5 A","'98.43181610"
"'275","'LINE","'B","'79.08740997"
"'275","'LINE","'0.1 A","'98.50117493"
"'275","'LINE","'A","'97.42127991"
"'275","'LINE","'X","'86.17247009"
"'275","'LINE","'11. Determine the electric current that flows in the circuit below.","'99.98298645"
"'275","'LINE","'20Ω","'85.58135986"
"'275","'LINE","'6V","'97.88005829"
"'275","'LINE","'10Ω","'98.95547485"
"'275","'LINE","'40Ω","'95.54627228"
"'275","'LINE","'12 V","'96.48407745"
"'275","'LINE","'20Ω","'87.03663635"
"'275","'LINE","'12. A galvanometer with a resistance of 36Ω is converted into an ammeter using","'99.34770966"
"'275","'LINE","'a shunt resistance of 4Ω. What fraction of the total current passes through","'99.71672058"
"'275","'LINE","'the galvanometer?","'100.00000000"
"'275","'LINE","'13. Determine equivalent resistance between points A and B in circuit shown","'96.22091675"
"'275","'LINE","'below.","'99.96014404"
"'275","'LINE","'2Ω","'66.96688080"
"'275","'LINE","'4Ω","'61.86483383"
"'275","'LINE","'A","'96.44072723"
"'275","'LINE","'1Ω","'78.94590759"
"'275","'LINE","'60","'51.51387024"
"'275","'LINE","'20","'61.46703339"
"'275","'LINE","'B","'67.39556885"
"'275","'LINE","'269","'99.89257813"
"'276","'LINE","'Physics","'99.91131592"
"'276","'LINE","'Student Text Book","'99.87091827"
"'276","'LINE","'6.6 Capacitors and Capacitance","'99.96034241"
"'276","'LINE","'By the end of this section, you will be able to:","'99.91783142"
"'276","'LINE","'Define the terms capacitors, capacitances, dielectric.","'99.97180176"
"'276","'LINE","'Explain the effect of inserting dielectric in the gap between the plates of a","'99.75130463"
"'276","'LINE","'capacitor.","'99.72098541"
"'276","'LINE","'Solve problems related to capacitance of parallel plate capacitor.","'99.96023560"
"'276","'LINE","'Calculate the equivalent capacitance of capacitors connected in series and","'99.98812103"
"'276","'LINE","'parallel.","'99.95037079"
"'276","'LINE","'?","'99.81365967"
"'276","'LINE","'Brainstorming","'99.92028046"
"'276","'LINE","'1. What is the function of a capacitor?","'99.67967987"
"'276","'LINE","'2. How is a capacitor is charged?","'99.81974792"
"'276","'LINE","'3. Mention devices that we use in daily life which uses a capacitor for storing","'99.84630585"
"'276","'LINE","'energy.","'99.93164063"
"'276","'LINE","'Capacitor and Capacitance","'99.97694397"
"'276","'LINE","'A combination of two conductors","'99.69918060"
"'276","'LINE","'+","'93.08115387"
"'276","'LINE","'-","'81.76818085"
"'276","'LINE","'placed close to each other but","'100.00000000"
"'276","'LINE","'+","'97.34056091"
"'276","'LINE","'-","'80.16312408"
"'276","'LINE","'not touching form a capacitor. In","'99.93572998"
"'276","'LINE","'+","'96.31597137"
"'276","'LINE","'-","'81.58850861"
"'276","'LINE","'charging a capacitor one of the plates","'99.90388489"
"'276","'LINE","'+","'95.43785858"
"'276","'LINE","'-","'82.86302185"
"'276","'LINE","'is connected to the positive terminal","'99.98684692"
"'276","'LINE","'Electrons","'99.99023438"
"'276","'LINE","'and the other to the negative terminal","'99.99151611"
"'276","'LINE","'of a DC source. The electric field","'99.96199036"
"'276","'LINE","'created forces electrons to flow from","'99.99335480"
"'276","'LINE","'the positive plate to the negative plate","'99.99291229"
"'276","'LINE","'until the potential difference between","'100.00000000"
"'276","'LINE","'Figure 6.46: A capacitor, with the positive","'97.62746429"
"'276","'LINE","'the plates of the capacitor becomes","'99.98508453"
"'276","'LINE","'plate carrying a positive charge and the","'99.88506317"
"'276","'LINE","'equal to the emf of the battery.","'99.97152710"
"'276","'LINE","'negative plate an equal amount of negative","'99.97035980"
"'276","'LINE","'charges.","'99.96014404"
"'276","'LINE","'Finally, positive charges will be accumulated on the positive plate and negative","'99.97932434"
"'276","'LINE","'charges on the negative plate, see Figure 6.47.","'99.96420288"
"'276","'LINE","'270","'99.92187500"
"'277","'LINE","'Grade 11","'99.86248779"
"'277","'LINE","'The following are circuit symbols for capacitors.","'99.95746613"
"'277","'LINE","'Figure 6.47: Circuit symbol of a capacitor","'99.78928375"
"'277","'LINE","'For a given capacitor, the charge Q stored on the capacitor is proportional to the","'99.88458252"
"'277","'LINE","'potential difference V between the plates, QαV. Thus,","'95.40531921"
"'277","'LINE","'Q = CV C C=V V","'83.07134247"
"'277","'LINE","'The proportionality constant C is called the capacitance of the capacitor. It is","'99.52042389"
"'277","'LINE","'independent of Q and V but depends on geometrical factors. The SI unit of","'99.94194794"
"'277","'LINE","'capacitance is farad (F). Small values of capacitances are measured in micro, nano","'99.96113586"
"'277","'LINE","'and pico farads. 1 µF = 10⁻⁶, 1 nF =10⁻⁹F, = and 1 pF =10⁻¹²F.","'88.43213654"
"'277","'LINE","'Key terms","'99.79293060"
"'277","'LINE","'A capacitor is a device used to store electric charge, and hence electric energy.","'98.91785431"
"'277","'LINE","'A capacitor is a device used to store electric charge, and hence electric energy.","'98.93638611"
"'277","'LINE","'Parallel-plate Capacitor","'99.84375000"
"'277","'LINE","'A parallel-plate capacitor consists of two large","'98.93306732"
"'277","'LINE","'Separation of","'93.84017944"
"'277","'LINE","'plane plates placed parallel to each other with","'99.99755859"
"'277","'LINE","'a small separation between them (Figure","'99.92582703"
"'277","'LINE","'6.48). Suppose, the area of each of the facing","'99.97920227"
"'277","'LINE","'surfaces is A and the separation between the","'99.29756927"
"'277","'LINE","'place area","'77.20339203"
"'277","'LINE","'two plates is d. Also, assume that the space","'99.98371887"
"'277","'LINE","'between the plates is filled with vacuum.","'99.97175598"
"'277","'LINE","'Figure 6.48: Capacitor","'99.79930878"
"'277","'LINE","'If a charge Q is stored on the positive plate, a charge -Q will be stored on the","'99.85054779"
"'277","'LINE","'negative plate. The charges will appear on the facing surfaces. The charge density","'99.96633911"
"'277","'LINE","'on each of these surfaces has a magnitude","'99.93064117"
"'277","'LINE","'σ = Q A","'89.23703766"
"'277","'LINE","'271","'99.50035858"
"'278","'LINE","'Physics I Student Text Book","'92.72142029"
"'278","'LINE","'The electric field between the plates is given by the equation","'99.99733734"
"'278","'LINE","'E","'92.78240967"
"'278","'LINE","'The potential difference between each plate is given by:","'99.99565887"
"'278","'LINE","'V = Ed","'93.84307098"
"'278","'LINE","'Therefore","'99.99023438"
"'278","'LINE","'V=Ed=2d Ed","'56.58183289"
"'278","'LINE","'Substituting this into our defining equation for capacitance we get:","'99.95631409"
"'278","'LINE","'This equation gives the capacitance of two parallel plates in a vacuum. If a dielectric","'99.91929626"
"'278","'LINE","'material of dielectric constant k is inserted between the plates, the equation for","'99.96726990"
"'278","'LINE","'capacitance became:","'99.99511719"
"'278","'LINE","'C","'82.99954224"
"'278","'LINE","'Hence, the capacitance of a parallel plate capacitor depends on the size, distance of","'99.95531464"
"'278","'LINE","'separation of the plates, and the medium between them.","'99.98671722"
"'278","'LINE","'Example 6.19","'99.44335938"
"'278","'LINE","'Consider a parallel plate capacitor with plates of area 200 cm² and separated by a","'98.61920166"
"'278","'LINE","'sheet of mica thickness 2mm and dielectric constant 6. If the capacitor is connected","'99.92315674"
"'278","'LINE","'to 12V source, determine the charge stored on the plates of the capacitor.","'99.96645355"
"'278","'LINE","'Solution:","'99.91051483"
"'278","'LINE","'=5.31x10⁻¹⁰F","'62.23214340"
"'278","'LINE","'Q=CV=5.31x10⁻ F x12V = 6.37x10°F = 6.37nF","'21.47122192"
"'278","'LINE","'Key term","'99.82790375"
"'278","'LINE","'A dielectric is an insulator such as a glass, paraffin, wood or pastic that is inserted","'99.22277069"
"'278","'LINE","'in the gap between the plates of a capacitor.","'99.77682495"
"'278","'LINE","'272","'99.91210938"
"'279","'LINE","'Grade 11","'99.84703827"
"'279","'LINE","'Exercise 6.18","'98.50097656"
"'279","'LINE","'The dimensions of a parallel plate capacitor are 5cm by 10m, they are separated","'99.85310364"
"'279","'LINE","'by a distance of 2mm, and connected to a 24V dc source. If an insulator of","'99.81512451"
"'279","'LINE","'dielectric constant 5 is inserted between the plates, determine the amount of","'99.97043610"
"'279","'LINE","'charge stored on the plates.","'99.97444916"
"'279","'LINE","'?","'97.54882813"
"'279","'LINE","'Activity 6.15:","'98.82692719"
"'279","'LINE","'Discuss in group about the following questions.","'99.97164154"
"'279","'LINE","'If you were asked to design a capacitor with large capacitance, how are you going","'99.85091400"
"'279","'LINE","'to design?","'99.97518921"
"'279","'LINE","'Dielectrics","'100.00000000"
"'279","'LINE","'A dielectric is an insulating or","'99.01609802"
"'279","'LINE","'nonconducting materials such as glass,","'99.97428894"
"'279","'LINE","'paraffine, wood or plastic, that is inserted","'99.95758057"
"'279","'LINE","'in the gap between the plates of a capacitor.","'99.97260284"
"'279","'LINE","'When a dielectric is inserted in the electric","'99.94314575"
"'279","'LINE","'field between the plates, there will be some","'99.99511719"
"'279","'LINE","'charge distribution in it. The positive","'99.96528625"
"'279","'LINE","'charges within the dielectric are displaced","'99.99186707"
"'279","'LINE","'lightly towards the negative plate, and the","'100.00000000"
"'279","'LINE","'negative charges are displaced slightly","'99.99023438"
"'279","'LINE","'Figure 6.49: Polarization in a dielec-","'99.73925018"
"'279","'LINE","'towards the positive plate.","'99.97763062"
"'279","'LINE","'tric inside an electric field of a capac-","'95.55796051"
"'279","'LINE","'itor","'99.97070313"
"'279","'LINE","'This slight separation of charge is known as polarization. Due to polarization the","'99.92884827"
"'279","'LINE","'potential difference and hence the electric field between the plates will decrease.","'99.98339081"
"'279","'LINE","'Since, the dielectric is not disconnected from the source, the potential difference","'99.97769928"
"'279","'LINE","'between the plates finally will be that of the source. As a result, the capacitor can","'99.96725464"
"'279","'LINE","'hold more charge, and thus, its capacitance increased, C = kC₀.","'98.01279449"
"'279","'LINE","'A dielectric constant, k, also called relative permittivity or specific inductive","'99.23882294"
"'279","'LINE","'capacity, measures the ability of a capacitor to store charge. It is the property of","'99.93789673"
"'279","'LINE","'the dielectric. It is equal to the ratio of the capacitance of a capacitor filled with the","'99.96917725"
"'279","'LINE","'given material to the capacitance of an identical capacitor in a vacuum without the","'99.92491913"
"'279","'LINE","'dielectric material.","'99.60748291"
"'279","'LINE","'Capaci tan ce with dielectric","'98.92271423"
"'279","'LINE","'C","'81.05767822"
"'279","'LINE","'k =","'96.44013214"
"'279","'LINE","'=","'89.39861298"
"'279","'LINE","'Capaci tan ce without dielectric","'99.52232361"
"'279","'LINE","'C₀","'82.82595062"
"'279","'LINE","'273","'99.95117188"
"'280","'LINE","'Physics","'99.91131592"
"'280","'LINE","'Student Text Book","'99.85790253"
"'280","'LINE","'The dielectric constant is a number without dimensions. The value of the dielectric","'99.92816162"
"'280","'LINE","'constant for vacuum is one and for any other material is it is greater than one.","'99.97670746"
"'280","'LINE","'Inserting a dielectric always increases the capacitance of the capacitor.","'99.94061279"
"'280","'LINE","'Example 6.20","'99.64804077"
"'280","'LINE","'If a dielectric is inserted in the gap between the plates of an isolated capacitor, what","'99.92657471"
"'280","'LINE","'are the effects on (a) the capacitance of a capacitor, (b) the potential difference","'99.84031677"
"'280","'LINE","'between the plates of a capacitor, (c) amount of the charge stored on the plates,","'99.36803436"
"'280","'LINE","'and (d) the electric field in the region between the plates of a capacitor.","'99.87791443"
"'280","'LINE","'Solution:","'99.89098358"
"'280","'LINE","'When inserting a dielectric in a capacitor its capacitance always increases.","'99.83396912"
"'280","'LINE","'Due to polarization the potential difference between the plates decreases.","'99.97315216"
"'280","'LINE","'Since the capacitor is isolated (disconnected from the source) the amount","'99.97314453"
"'280","'LINE","'of charge stored on the plates remains the same.","'99.98697662"
"'280","'LINE","'From the equation E = V/d, the electric field in the region between the","'96.86692047"
"'280","'LINE","'plates decreases.","'99.92067719"
"'280","'LINE","'?","'98.20312500"
"'280","'LINE","'Activity 6.16:","'97.65994263"
"'280","'LINE","'1. Discuss in group the effect of inserting a dielectric on a capacitor which is not","'99.70505524"
"'280","'LINE","'disconnected from the source on (a) the capacitance of a capacitor, (b) the","'99.80269623"
"'280","'LINE","'potential difference between the plates of a capacitor, (c) the charge stored on","'98.57311249"
"'280","'LINE","'the plates, and (d) the electric field in the region between the plates.","'99.99092102"
"'280","'LINE","'2. What about if a dielectric is withdrawn from a capacitor?","'99.53047180"
"'280","'LINE","'Dielectric strength","'99.95605469"
"'280","'LINE","'For any insulator, there is a maximum electric field that can be maintained without","'99.96193695"
"'280","'LINE","'ionizing the molecules. This means that there is a maximum allowable voltage","'99.88488770"
"'280","'LINE","'that that can be placed across the conductors. This maximum voltage depends","'99.96189880"
"'280","'LINE","'on the dielectric in the capacitor. The corresponding maximum field Eb is called","'98.53636932"
"'280","'LINE","'the dielectric strength of the material. It is the maximum electric field that the","'99.98157501"
"'280","'LINE","'material can withstand without undergoing electrical breakdown and becoming","'99.98463440"
"'280","'LINE","'electrically conductive (i.e. without failure of its insulating properties). The table","'99.95658875"
"'280","'LINE","'below shows the dielectric strength of some materials.","'99.97274780"
"'280","'LINE","'274","'99.84375000"
"'281","'LINE","'Grade 11","'99.90154266"
"'281","'LINE","'Table 6.3: Dielectric constant and dielectric strength of some materials","'99.95541382"
"'281","'LINE","'Material","'99.96014404"
"'281","'LINE","'Dielectric Constant","'99.95565796"
"'281","'LINE","'Dielectric strength (V/m)","'99.59887695"
"'281","'LINE","'Air","'99.97070313"
"'281","'LINE","'1.0","'99.45153046"
"'281","'LINE","'3x10⁶","'84.72564697"
"'281","'LINE","'Glass","'99.99023438"
"'281","'LINE","'4.8 10","'99.15487671"
"'281","'LINE","'30 X 10⁶","'90.86681366"
"'281","'LINE","'Mica","'99.49238586"
"'281","'LINE","'4.8 10","'99.20819092"
"'281","'LINE","'200x10⁶","'76.00585938"
"'281","'LINE","'Paraffin paper","'99.89098358"
"'281","'LINE","'2.0","'99.93083954"
"'281","'LINE","'40 X 10⁶","'91.11035919"
"'281","'LINE","'Rubber","'99.97070313"
"'281","'LINE","'3.2","'99.97070313"
"'281","'LINE","'21 X 10⁶","'90.82250977"
"'281","'LINE","'Water (distilled)","'99.94589233"
"'281","'LINE","'78.5","'99.96093750"
"'281","'LINE","'3 X 10⁶","'92.44665527"
"'281","'LINE","'?","'97.10937500"
"'281","'LINE","'Activity 6.22: Project","'99.78004456"
"'281","'LINE","'Search an internet or read books on how to make a capacitor, and construct it using","'99.95993042"
"'281","'LINE","'locally available materials. Demonstrate your capacitor to your class by showing a","'99.95206451"
"'281","'LINE","'practical work, like charging your cell phone.","'99.98442841"
"'281","'LINE","'Combination of Capacitors","'99.95688629"
"'281","'LINE","'Capacitors are manufactured in a certain standard capacitance and working voltages.","'99.83826447"
"'281","'LINE","'But these values may not be compatible with the ones that we effectively need for","'99.98747253"
"'281","'LINE","'a particular application. In such cases we obtain the desired values by combining","'99.92747498"
"'281","'LINE","'capacitors in different ways. Two or more capacitors may be connected either in","'99.98860931"
"'281","'LINE","'series or in parallel.","'99.95301056"
"'281","'LINE","'Capacitors connected in parallel","'99.99023438"
"'281","'LINE","'Consider three capacitors connected in parallel as shown in Figure 6.50.","'99.96486664"
"'281","'LINE","'+","'88.16246796"
"'281","'LINE","'+","'90.10582733"
"'281","'LINE","'+","'90.29217529"
"'281","'LINE","'C₁","'71.36559296"
"'281","'LINE","'C₂","'66.13361359"
"'281","'LINE","'C₃","'72.17793274"
"'281","'LINE","'Figure 6.50: Three capacitors C1, C2 and C₃ connected in parallel.","'95.17228699"
"'281","'LINE","'The same potential difference is provided for each capacitor.","'99.97568512"
"'281","'LINE","'a","'98.38668060"
"'281","'LINE","'V = V₁ = V₂ = V₃","'34.43817902"
"'281","'LINE","'275","'99.96093750"
"'282","'LINE","'Physics I Student Text Book","'92.84741974"
"'282","'LINE","'Charges Q₁ is stored on capacitor C₁, and charge Q₂ ₀n on capacitor C2 and so on. The","'91.48992920"
"'282","'LINE","'total charge will therefore be:","'99.99218750"
"'282","'LINE","'Q=Q₁+Q₂+Q₃","'47.19594955"
"'282","'LINE","'Since potential difference across the capacitors is the same, V. Then,","'99.87685394"
"'282","'LINE","'Q₁=C,V,Q₂=C₂V and Q₃ =C₃V .","'18.69499397"
"'282","'LINE","'From which,","'99.09628296"
"'282","'LINE","'But we know that V Which yields","'97.92423248"
"'282","'LINE","'For any number of capacitors connected in parallel then","'99.98897552"
"'282","'LINE","'Capacitors Connected in Series","'99.96806335"
"'282","'LINE","'Consider three capacitors of capacitances C₁, C₂, and C₃ connected in series to a","'96.26934814"
"'282","'LINE","'potential difference of V as shown in Figure 6.51.","'99.83312225"
"'282","'LINE","'+","'93.48552704"
"'282","'LINE","'C₁","'80.66266632"
"'282","'LINE","'V₁","'87.53666687"
"'282","'LINE","'+","'98.44726563"
"'282","'LINE","'+","'93.55388641"
"'282","'LINE","'C₂","'77.11037445"
"'282","'LINE","'V₂","'90.38962555"
"'282","'LINE","'+","'92.87029266"
"'282","'LINE","'C₃","'74.76422882"
"'282","'LINE","'V₃","'87.34314728"
"'282","'LINE","'Figure 6.51: Three capacitors C1, C2 and C₃ connected in series","'98.69149780"
"'282","'LINE","'Since the capacitors are connected in series and are charged by induction, they will","'99.97379303"
"'282","'LINE","'all carry the same amount of charge. Thus, the magnitude of charge on all plates is","'99.98825073"
"'282","'LINE","'the same. That is,","'99.97558594"
"'282","'LINE","'276","'99.96093750"
"'283","'LINE","'Grade 11","'99.91619873"
"'283","'LINE","'Therefore, if V₁ is the voltage across C₁, V₂ is the voltage across C2, and V₃ is the","'96.66539764"
"'283","'LINE","'voltage across C₃, then","'96.23754883"
"'283","'LINE","'V₁ = C₁ Q , V₂ = C₂ Q and V₃ = C₃ Q","'87.68222046"
"'283","'LINE","'V =V₁+V₂ + V₃","'20.29087448"
"'283","'LINE","'V = C₁ Q + C₂ Q + C₃ Q = Q C₁ 1 + C₂ 1 + C₃ 1","'88.08012390"
"'283","'LINE","'From which,","'99.90682983"
"'283","'LINE","'V 1 + 1 + 1","'94.34845734"
"'283","'LINE","'Q C₁ C₂ C₃","'82.36848450"
"'283","'LINE","'The equivalent capacitance of the capacitors is given by","'99.97676849"
"'283","'LINE","'Cₑ₄ C = V Q Q","'78.76908112"
"'283","'LINE","'Combining these equations, we get","'99.96631622"
"'283","'LINE","'For any number of capacitors in series therefore,","'99.98637390"
"'283","'LINE","'The above equation indicates that the equivalent capacitance of a series combination","'99.93288422"
"'283","'LINE","'of capacitors is always less than any individual capacitance in the combination.","'99.95688629"
"'283","'LINE","'Exercise 6.19:","'99.68181610"
"'283","'LINE","'For each circuit in the following figure, are the capacitors connected in series,","'99.98397827"
"'283","'LINE","'in parallel, or in neither mode? What is your reason to say about their mode of","'99.99140167"
"'283","'LINE","'connection?","'99.91051483"
"'283","'LINE","'a)","'87.78828430"
"'283","'LINE","'b)","'99.43857574"
"'283","'LINE","'c)","'97.57154846"
"'283","'LINE","'277","'99.88281250"
"'284","'LINE","'Physics","'99.91131592"
"'284","'LINE","'I","'59.32049179"
"'284","'LINE","'Student Text Book","'99.84786987"
"'284","'LINE","'Equivalent capacitance for multiple capacitor circuits","'99.95851135"
"'284","'LINE","'In most electronic circuits, capacitors are connected in series, in parallel or in","'99.95037079"
"'284","'LINE","'combinations of series and parallel as well. Consider a capacitor network shown in","'99.90676117"
"'284","'LINE","'Figure 6.54.","'99.90194702"
"'284","'LINE","'C2","'59.91728973"
"'284","'LINE","'C₁","'65.56441498"
"'284","'LINE","'a","'92.97532654"
"'284","'LINE","'C₃","'75.75793457"
"'284","'LINE","'b","'96.39648438"
"'284","'LINE","'Ca","'49.43857574"
"'284","'LINE","'C₆","'92.51275635"
"'284","'LINE","'5","'85.64951324"
"'284","'LINE","'Figure 6.54: A capacitor network.","'98.05903625"
"'284","'LINE","'We can see in the upper portion of the circuit, C₁ is connected in series to the","'99.28279877"
"'284","'LINE","'combinations of C2 and C3. But, C2 and C3 are connected in parallel. Again, in the","'91.72554016"
"'284","'LINE","'lower portion of the circuit, C₆ is connected in series to the combinations of C₄ and","'97.14013672"
"'284","'LINE","'C₅. Again, C₄ and C₅ are connected in parallel to each other. Therefore, the circuit","'96.95639801"
"'284","'LINE","'can be reduced as follows.","'99.97249603"
"'284","'LINE","'Figure 6.55: Reduced equivalent circuit of the network shown in","'99.94573212"
"'284","'LINE","'Figure 6.54.","'99.61345673"
"'284","'LINE","'C₂₃ = C₂ +C₃ and C₄₅ = C₄ + C₅ (Since they were connected in parallel)","'90.04431915"
"'284","'LINE","'Now, refer to the capacitors in upper portion of the circuit in Figure 6.55. C₁ and C₂₃","'97.99477386"
"'284","'LINE","'are connected in series to each other. Similarly, the capacitors in the lower portion of","'99.97889709"
"'284","'LINE","'the circuit C₄₅ and C₆ are connected in series. So, the circuit can further be reduced","'98.45405579"
"'284","'LINE","'as in Figure 6.56.","'99.90906525"
"'284","'LINE","'Figure 6.56: The equivalent capacitance of the network in Figure 615","'99.94075012"
"'284","'LINE","'278","'99.89257813"
"'285","'LINE","'Grade 11","'99.88690186"
"'285","'LINE","'and","'100.00000000"
"'285","'LINE","'(Since they are connected in series)","'99.89516449"
"'285","'LINE","'The equivalent capacitance of the six capacitors between a and b is therefore the","'99.87535095"
"'285","'LINE","'parallel combination of these two capacitors is","'99.98732758"
"'285","'LINE","'Cₑ₉ = C₁₂₃+C₄₅₆...","'15.96859074"
"'285","'LINE","'When numerical values for each capacitors are given, it is advisable to substitute the","'99.96879578"
"'285","'LINE","'numerical values in each step.","'99.98405457"
"'285","'LINE","'Exercise 6.20:","'99.78356171"
"'285","'LINE","'For the network of capacitors shown in the figure below, determine (a) the","'99.95713806"
"'285","'LINE","'equivalent capacitance, (b) the charge stored on each capacitor, and (c) the","'97.78636169"
"'285","'LINE","'voltage across each capacitor.","'99.98271179"
"'285","'LINE","'3uF","'89.79691315"
"'285","'LINE","'I","'96.04352570"
"'285","'LINE","'4uF","'94.16274261"
"'285","'LINE","'200 V","'96.89742279"
"'285","'LINE","'6uF","'96.67411041"
"'285","'LINE","'?","'95.88867188"
"'285","'LINE","'Activity 6.18","'99.51171875"
"'285","'LINE","'Mention the different applications of a capacitor.","'99.73968506"
"'285","'LINE","'Review Questions 6.5","'99.93137360"
"'285","'LINE","'1. Write the definition of the following terms using your own words. capacitors,","'99.96576691"
"'285","'LINE","'capacitances, dielectric.","'99.70104980"
"'285","'LINE","'2. Mention the factors that affect the capacitance of a capacitor.","'99.81356049"
"'285","'LINE","'3. Explain the effect of inserting dielectric in the gap between the plates of a","'99.47937775"
"'285","'LINE","'capacitor on the following quantities. Its capacitance, (b) the amount of charge","'99.96108246"
"'285","'LINE","'stored on the plates, (c) the potential difference between the plates, and (d) the","'99.38455200"
"'285","'LINE","'electric field in the region between the plates.","'99.97885132"
"'285","'LINE","'4. A pair of parallel flat metal plates are placed a distance of 10 mm apart. The","'99.27605438"
"'285","'LINE","'279","'99.96093750"
"'286","'LINE","'Physics","'99.91131592"
"'286","'LINE","'I Student Text Book","'90.25452423"
"'286","'LINE","'plates are circular, with a radius of 10 cm. How much charge must be placed","'99.61842346"
"'286","'LINE","'on each plate to produce an electric field of 500 V/m between them?","'99.97577667"
"'286","'LINE","'5. For the network of capacitors shown in the figure below, determine (a) the","'99.95821381"
"'286","'LINE","'equivalent capacitance, (b) the charge stored on each capacitor, and (v) the","'99.93640900"
"'286","'LINE","'voltage across each capacitor.","'99.97763062"
"'286","'LINE","'6","'97.33079529"
"'286","'LINE","'µF","'83.50366974"
"'286","'LINE","'2 µF","'69.59536743"
"'286","'LINE","'4","'94.77458954"
"'286","'LINE","'µF","'56.50557709"
"'286","'LINE","'9V","'96.59805298"
"'286","'LINE","'6. Calculate the equivalent capacitance between points A and B for the circuit","'98.03022766"
"'286","'LINE","'shown in the figure below.","'99.98421478"
"'286","'LINE","'5.0 uF","'77.55101776"
"'286","'LINE","'24 uF","'78.31164551"
"'286","'LINE","'A","'96.28447723"
"'286","'LINE","'4.0 UF","'78.07308197"
"'286","'LINE","'12 UF","'68.78368378"
"'286","'LINE","'B","'69.63906860"
"'286","'LINE","'6.0 UF","'71.54566193"
"'286","'LINE","'8.0 UF","'88.60172272"
"'286","'LINE","'6.7 Electric Circuits in Our Surroundings","'99.99023438"
"'286","'LINE","'By the end of this section, you will be able to:","'99.90341187"
"'286","'LINE","'apply the knowledge about electric circuits to explain household electric","'99.99308777"
"'286","'LINE","'installation.","'99.96014404"
"'286","'LINE","'?","'99.80388641"
"'286","'LINE","'Brainstorming","'99.92028046"
"'286","'LINE","'Make a list of electrical appliances in your home.","'99.82772064"
"'286","'LINE","'Group them into three, (a) electric power powered, (b) battery powered, and (c)","'99.30185699"
"'286","'LINE","'280","'99.97070313"
"'287","'LINE","'Grade 11","'99.82790375"
"'287","'LINE","'heat powered.","'99.76612091"
"'287","'LINE","'Household Electric Installations","'99.96067047"
"'287","'LINE","'In our country Ethiopia, the voltages of the mains are 220 V - 240 V. Heating","'99.07180786"
"'287","'LINE","'appliances include electric kettle, immersion heater, electric irons, hair driers","'99.97209930"
"'287","'LINE","'and electric stoves. All heating appliances contain a heating element that converts","'99.85079193"
"'287","'LINE","'electrical energy into heat energy.","'99.98616791"
"'287","'LINE","'?","'95.35156250"
"'287","'LINE","'Activity 6.19:","'98.49002075"
"'287","'LINE","'Have you visited the new national Science Museum located Addis Ababa? If so,","'99.83617401"
"'287","'LINE","'present a report about the smart house you visited. If not arrange a means to visit","'99.81187439"
"'287","'LINE","'this fantastic museum.","'99.97043610"
"'287","'LINE","'Color Code of Resistors","'99.96054077"
"'287","'LINE","'Resistors and capacitors that we discussed so far are frequently used in many","'99.59013367"
"'287","'LINE","'electronic devices and they are said to be the major circuit components for many","'99.98941803"
"'287","'LINE","'electronic systems. The value of the resistance of resistors in electronic devices is","'99.96101379"
"'287","'LINE","'labeled by a color code. There are colored rings in any resistor. According to the","'99.95514679"
"'287","'LINE","'international standard organization ISO, the orders of the rings are arranged and","'99.98596191"
"'287","'LINE","'each color is represented by a number.","'99.90086365"
"'287","'LINE","'Band A","'98.47785950"
"'287","'LINE","'Band B","'88.02006531"
"'287","'LINE","'Band C","'82.56466675"
"'287","'LINE","'Band D","'98.74442291"
"'287","'LINE","'1st Digit","'57.38879395"
"'287","'LINE","'2nd Digit","'89.50175476"
"'287","'LINE","'Multiplier","'94.74589539"
"'287","'LINE","'Tolerance","'98.66410828"
"'287","'LINE","'Figure 6.56: Color code of resistors","'99.92636108"
"'287","'LINE","'The first band represents the first digit number, the second band the second digit","'99.99715424"
"'287","'LINE","'number and the third band represents multiplier to the base 10. The fourth band is","'99.98155975"
"'287","'LINE","'the tolerance (the permissible percentage error ± of the value.","'99.73844147"
"'287","'LINE","'The trick in reading color code is noticing that the first three digits (numerical","'99.98012543"
"'287","'LINE","'values) in a four band resistor are closer in equal gap, whereas the fourth band (the","'99.94309998"
"'287","'LINE","'tolerance) on the other end is in a bit wider gap! In a five band resistor, the first four","'99.91813660"
"'287","'LINE","'digits are closer in equal gap and the fifth band (the tolerance) is a bit further","'99.90451050"
"'287","'LINE","'For example in the illustrated resistor, the numerical value of the resistor can be","'99.94811249"
"'287","'LINE","'calculated by referring the color code chart and replace the corresponding number","'99.99586487"
"'287","'LINE","'281","'99.85271454"
"'288","'LINE","'Physics","'99.92107391"
"'288","'LINE","'Student Text Book","'99.85763550"
"'288","'LINE","'for each color. The first three closer bands are: brown, black and red, which represent","'99.96154022"
"'288","'LINE","'first digit number, second digit number and the multiplier respectively. Referring","'99.95652008"
"'288","'LINE","'the color chart, the first band is brown =1 the second band is black =0, the third","'98.78658295"
"'288","'LINE","'band is red=2. Therefore, the numerical value of this resistor is","'99.89710999"
"'288","'LINE","'10 X 10²= 1000 Ohms =1KO","'87.77775574"
"'288","'LINE","'The color of the fourth band is gold, the tolerance value of gold in the chart is ±","'99.79318237"
"'288","'LINE","'5%. This resistor has a value of 1K Ω ± 5%.","'97.30671692"
"'288","'LINE","'The following chart depicts the ISO standard for each color in the resistor.","'99.98166656"
"'288","'LINE","'Colour","'99.80069733"
"'288","'LINE","'1st Band","'99.27455139"
"'288","'LINE","'2nd Band","'99.89665985"
"'288","'LINE","'3rd Band","'99.75347137"
"'288","'LINE","'Multiplier","'99.77140808"
"'288","'LINE","'Tolerance","'99.76084137"
"'288","'LINE","'Black","'99.96093750"
"'288","'LINE","'0","'99.77220154"
"'288","'LINE","'0","'99.75267029"
"'288","'LINE","'0","'99.68271637"
"'288","'LINE","'10","'87.37663269"
"'288","'LINE","'Brown","'99.97070313"
"'288","'LINE","'1","'99.45233154"
"'288","'LINE","'1","'99.46208954"
"'288","'LINE","'1","'99.44176483"
"'288","'LINE","'100","'85.81074524"
"'288","'LINE","'± 1% (F)","'87.48246765"
"'288","'LINE","'Red","'99.92028046"
"'288","'LINE","'2","'99.61754608"
"'288","'LINE","'2","'99.61674500"
"'288","'LINE","'2","'99.59642029"
"'288","'LINE","'1000","'63.37950134"
"'288","'LINE","'± 2% (G)","'88.38488770"
"'288","'LINE","'Orange","'99.99023438"
"'288","'LINE","'3","'98.93176270"
"'288","'LINE","'3","'98.98138428"
"'288","'LINE","'3","'98.14273834"
"'288","'LINE","'1KQ","'83.30038452"
"'288","'LINE","'Yellow","'99.95037079"
"'288","'LINE","'4","'99.49716949"
"'288","'LINE","'4","'99.56632996"
"'288","'LINE","'4","'99.64524841"
"'288","'LINE","'10KQ","'58.63700104"
"'288","'LINE","'Green","'99.95037079"
"'288","'LINE","'5","'99.52567291"
"'288","'LINE","'5","'99.44754028"
"'288","'LINE","'5","'99.53543854"
"'288","'LINE","'100KQ","'79.19483185"
"'288","'LINE","'± 0.5% (D)","'94.76309967"
"'288","'LINE","'Blue","'99.95037079"
"'288","'LINE","'6","'99.88201141"
"'288","'LINE","'6","'99.85271454"
"'288","'LINE","'6","'99.81285858"
"'288","'LINE","'1MΩ","'67.04739380"
"'288","'LINE","'± 0.25% (C)","'90.99104309"
"'288","'LINE","'Violet","'99.79093933"
"'288","'LINE","'7","'99.75426483"
"'288","'LINE","'7","'99.80388641"
"'288","'LINE","'7","'99.80388641"
"'288","'LINE","'10MQ","'64.11730957"
"'288","'LINE","'± 0.10% (B)","'91.49201202"
"'288","'LINE","'Gray","'99.97070313"
"'288","'LINE","'8","'99.79492188"
"'288","'LINE","'8","'99.77539063"
"'288","'LINE","'8","'99.73632813"
"'288","'LINE","'± 0.05%","'87.39855957"
"'288","'LINE","'White","'99.95037079"
"'288","'LINE","'9","'99.89178467"
"'288","'LINE","'9","'99.87224579"
"'288","'LINE","'9","'99.85271454"
"'288","'LINE","'Gold","'99.95037079"
"'288","'LINE","'0.10","'84.94319916"
"'288","'LINE","'± 5% (J)","'96.42511749"
"'288","'LINE","'Silver","'99.91051483"
"'288","'LINE","'0.010","'83.11483765"
"'288","'LINE","'± 10% (K)","'89.93403625"
"'288","'LINE","'?","'97.76367188"
"'288","'LINE","'Activity 6.20:","'99.66637421"
"'288","'LINE","'Given the following resistor as the color of the first three bands in order are: green,","'99.98031616"
"'288","'LINE","'blue and yellow, the last band (the tolerance) is silver. What is the numerical value","'99.96165466"
"'288","'LINE","'of this resistor?","'99.99349213"
"'288","'LINE","'?","'96.99218750"
"'288","'LINE","'Activity 6.21: Project","'99.46455383"
"'288","'LINE","'Go to a nearby radio, television or computer repair house them. Ask them for a","'99.74412537"
"'288","'LINE","'used electronic components like resistors or capacitors. Read their values by using","'99.96521759"
"'288","'LINE","'the color code and present as a demonstration to your class","'99.85822296"
"'288","'LINE","'282","'99.99023438"
"'289","'LINE","'Grade 11","'99.81405640"
"'289","'LINE","'UNIT SUMMARY","'99.97070313"
"'289","'LINE","'C","'34.94300079"
"'289","'LINE","'Electric charges are quantized and are integral multiples of a fundamental charge","'99.84001160"
"'289","'LINE","'e.","'99.72417450"
"'289","'LINE","'C","'34.16244507"
"'289","'LINE","'There are two types of charges: positive and negative. Unlike charges attract each","'99.98935699"
"'289","'LINE","'other and like charges repel each other.","'99.98023987"
"'289","'LINE","'C","'34.86896133"
"'289","'LINE","'The electrostatic force between two charges is directly proportional to the product","'99.98684692"
"'289","'LINE","'of the two charges and inversely proportional to the square of the separation","'99.99392700"
"'289","'LINE","'between them. This law is called Coulomb's law.","'99.58421326"
"'289","'LINE","'c","'37.94034958"
"'289","'LINE","'The electrostatic force is positive if the force is repulsive and negative if the force","'99.98291016"
"'289","'LINE","'is attractive.","'99.88082123"
"'289","'LINE","'c","'40.47911453"
"'289","'LINE","'Electric field lines originate from the positive charge and terminate into the","'99.99003601"
"'289","'LINE","'negative charge.","'99.98007202"
"'289","'LINE","'c","'32.94014740"
"'289","'LINE","'Electric field lines do not cross to each other and are perpendicular to the surface","'99.97428894"
"'289","'LINE","'of the charge source.","'99.98779297"
"'289","'LINE","'c","'34.28282547"
"'289","'LINE","'The total resistance of an electrical circuit with resistors wired in a series is the sum","'99.88777924"
"'289","'LINE","'of the individual resistances:","'99.92880249"
"'289","'LINE","'c","'32.78539658"
"'289","'LINE","'Each resistor in a series circuit has the same amount of current flowing through it.","'99.91012573"
"'289","'LINE","'c","'37.65445709"
"'289","'LINE","'The total resistance of an electrical circuit with resistors connected in parallel is","'99.95881653"
"'289","'LINE","'less than the lowest resistance of any of the components and can be determined","'99.99505615"
"'289","'LINE","'using the formula:","'99.97694397"
"'289","'LINE","'R","'87.08984375"
"'289","'LINE","'C","'34.80279541"
"'289","'LINE","'Each resistor in a parallel circuit has the same full voltage of the source applied to","'99.93928528"
"'289","'LINE","'it.","'99.88281250"
"'289","'LINE","'C","'36.06534958"
"'289","'LINE","'The current flowing through each resistor in a parallel circuit is different, depending","'99.92840576"
"'289","'LINE","'on the resistance.","'99.94061279"
"'289","'LINE","'c","'33.28204727"
"'289","'LINE","'If a more complex connection of resistors is a combination of series and parallel,","'99.89366150"
"'289","'LINE","'it can be reduced to a single equivalent resistance by identifying its various parts","'99.93840790"
"'289","'LINE","'as series or parallel, reducing each to its equivalent, and continuing until a single","'99.95054626"
"'289","'LINE","'resistance is reached.","'99.95389557"
"'289","'LINE","'c","'37.38839340"
"'289","'LINE","'Total capacitance in series 1 = C₁ 1 + C2 1 Cₙ 1","'89.72833252"
"'289","'LINE","'c","'42.88753510"
"'289","'LINE","'Total capacitance in parallel Ceq=C₁+C₂+C₃+.","'84.02490234"
"'289","'LINE","'283","'99.89178467"
"'290","'LINE","'Physics Student Text Book","'99.92127228"
"'290","'LINE","'c","'46.15991592"
"'290","'LINE","'If a circuit contains a combination of capacitors in series and parallel, identify","'99.61816406"
"'290","'LINE","'series and parallel parts, compute their capacitances, and then find the total.","'99.98020172"
"'290","'LINE","'c","'32.11844254"
"'290","'LINE","'Capacitors are devices that store charge and electrostatic energy.","'99.97161102"
"'290","'LINE","'c","'42.82874298"
"'290","'LINE","'A capacitor consists of two isolated conductors (the plates) with equal and opposite","'99.12926483"
"'290","'LINE","'charges +q and -q. Its capacitance C is defined from , where V is the potential","'96.67581177"
"'290","'LINE","'difference between the plates.","'99.98046875"
"'290","'LINE","'c","'42.40882111"
"'290","'LINE","'The SI unit of capacitance is the farad. (1 farad = 1 coulomb per volt)","'98.22120667"
"'290","'LINE","'c","'37.95868301"
"'290","'LINE","'Other practically applicable units of capacitance are: micro Farad, nano Farad and","'99.97789001"
"'290","'LINE","'pico Farad.","'99.96093750"
"'290","'LINE","'c","'37.60203934"
"'290","'LINE","'When two or more capacitors are connected in series, the reciprocal of the","'99.97577667"
"'290","'LINE","'equivalent capacitance is the sum of the reciprocals of the individual capacitance","'99.98690796"
"'290","'LINE","'of the capacitors.","'99.98345947"
"'290","'LINE","'c","'35.83267212"
"'290","'LINE","'When two or more capacitors are connected in parallel, the equivalent capacitance","'99.97125244"
"'290","'LINE","'is the sum of the capacitance of each capacitor.","'99.97920227"
"'290","'LINE","'END OF UNIT QUESTIONS","'99.95605469"
"'290","'LINE","'1. If two charges separated by a distance d, have an electrostatic force F, What will be","'99.93926239"
"'290","'LINE","'the magnitude of the new electrostatic force if their separation is doubled to 2d.","'99.96977997"
"'290","'LINE","'2. What is the source of an electric field in a certain region?","'99.93922424"
"'290","'LINE","'3. Which one of the following cannot be the unit of electric field","'99.98110199"
"'290","'LINE","'a) Volt/meter","'99.69367981"
"'290","'LINE","'b) newton/ coulomb","'97.24801636"
"'290","'LINE","'c) newton.coulomb","'97.90736389"
"'290","'LINE","'4. When resistors are connected in series which property of the resistor is practically","'99.96402740"
"'290","'LINE","'changed?","'99.95037079"
"'290","'LINE","'a) The length","'99.91809082"
"'290","'LINE","'b) the thickness","'99.98046875"
"'290","'LINE","'c) the resistivity","'99.90400696"
"'290","'LINE","'5. When resistors are connected in parallel, which property of the material is changed?","'99.93531036"
"'290","'LINE","'a) The length","'99.93761444"
"'290","'LINE","'b) the thickness","'99.97721100"
"'290","'LINE","'c) the resistivity","'99.90752411"
"'290","'LINE","'6. Two charges Q₁ = -5µC and Q₂ = +2µC are separated by a distance of 4cm.","'93.59318542"
"'290","'LINE","'Calculate the electrostatic force between these charges. Is the electrostatic force an","'99.94793701"
"'290","'LINE","'attractive or repulsive force? Why?","'99.96061707"
"'290","'LINE","'284","'99.83398438"
"'291","'LINE","'Grade 11","'99.80917358"
"'291","'LINE","'7. In the above question, what is the electric field produced due to Q2 at a point where","'99.50495148"
"'291","'LINE","'Q₁ is placed? What is the direction of the electric field? Similarly, determine the","'99.34874725"
"'291","'LINE","'electric field produced by Q₁ at a point where Q2 is placed. What is the direction of","'98.96287537"
"'291","'LINE","'the electric field?","'99.96366119"
"'291","'LINE","'8. What are the largest and smallest resistances you can obtain by connecting a 36.0","'99.93750763"
"'291","'LINE","'Ω, a 50.0 Ω, and a 700 Ω resistor together?","'98.16522217"
"'291","'LINE","'9. What is the resistance of ten 75 Ω resistors (a) when connected in series? (b) when","'99.37693787"
"'291","'LINE","'connected in parallel?","'99.96717834"
"'291","'LINE","'10. When do you get a brighter light, connecting bulbs in series or in parallel?","'99.94412994"
"'291","'LINE","'11. Why heating coils like an electric kettle is made of materials with large resistivity?","'99.95817566"
"'291","'LINE","'12. Why and how the resistivity of conductors depends on its temperature?","'99.95321655"
"'291","'LINE","'13. Why temperature dependence of the resistivity differs for conductors, semicon-","'99.90969849"
"'291","'LINE","'ductors and superconductors?","'99.93383026"
"'291","'LINE","'14. What is the difference between emf and terminal voltage?","'99.96745300"
"'291","'LINE","'15. What is internal resistance?","'99.95491791"
"'291","'LINE","'16. How do you connect resistors so as to get larger/smaller equivalent resistance?","'99.66549683"
"'291","'LINE","'17. How do you connect resistors so as to get larger current from the circuit?","'99.72674561"
"'291","'LINE","'18. A battery of unknown emf ε and internal resistance r is connected in series with","'98.60593414"
"'291","'LINE","'an ammeter and a resistance box. The current was 2.0 A when R = 4.0 Ω and 1.5","'99.46302032"
"'291","'LINE","'A when R = 6.0 Ω. Calculate ε and r.","'95.34832001"
"'291","'LINE","'19. A 12 V battery causes a current of 3.0 A to flow into the circuit shown in the figure","'99.01316071"
"'291","'LINE","'below. Find (a) the value of the unknow resistor R2, and (b) the potentiial differ-","'99.70486450"
"'291","'LINE","'ence across the 3Ω resistor.","'98.82561493"
"'291","'LINE","'2.0 Ω","'92.50827026"
"'291","'LINE","'3.0 A","'93.84387207"
"'291","'LINE","'R2","'65.31947327"
"'291","'LINE","'3.0 Ω","'92.80861664"
"'291","'LINE","'12 V","'95.85269928"
"'291","'LINE","'20. Determine the current that flows through the ammeters, A₁, A2. and A₃ in the cir-","'94.16777039"
"'291","'LINE","'cuit below.","'99.94548798"
"'291","'LINE","'100 mA","'97.73078918"
"'291","'LINE","'A","'99.29607391"
"'291","'LINE","'A1","'75.84363556"
"'291","'LINE","'A3","'81.01383209"
"'291","'LINE","'30 mA","'97.62915039"
"'291","'LINE","'A","'99.54021454"
"'291","'LINE","'A","'99.18865204"
"'291","'LINE","'80 mA","'98.91402435"
"'291","'LINE","'A2","'79.63408661"
"'291","'LINE","'285","'99.95117188"
"'292","'LINE","'Physics","'99.97070313"
"'292","'LINE","'I Student Text Book","'95.58633423"
"'292","'LINE","'21. In the circuit shown below, If V1 = 1V, V2 = 2V, V3 = 3V, and let each resistor has","'99.50809479"
"'292","'LINE","'a 1 Ω resistance. Determine the value of the currents I₁, I₂, and I₃.","'95.44571686"
"'292","'LINE","'A","'95.96041870"
"'292","'LINE","'R1","'76.64381409"
"'292","'LINE","'R3","'93.55648041"
"'292","'LINE","'I₃","'84.35048676"
"'292","'LINE","'I₁","'60.10861969"
"'292","'LINE","'R₂","'62.05835342"
"'292","'LINE","'V1","'65.92056274"
"'292","'LINE","'V3","'59.16075897"
"'292","'LINE","'I₂","'88.56345367"
"'292","'LINE","'R₄","'66.81062317"
"'292","'LINE","'V₂","'76.64301300"
"'292","'LINE","'B","'97.61857605"
"'292","'LINE","'22. If you want to store a large amount of energy in a capacitor bank, would you con-","'99.92221069"
"'292","'LINE","'nect capacitors in series or parallel? Explain.","'99.95467377"
"'292","'LINE","'23. Find the total capacitance of capacitance between points A and B, for the network","'99.63707733"
"'292","'LINE","'shown in the figure below?.","'99.79679871"
"'292","'LINE","'2C","'99.33932495"
"'292","'LINE","'2C","'99.11730957"
"'292","'LINE","'3C","'99.09538269"
"'292","'LINE","'A","'98.05584717"
"'292","'LINE","'B","'86.56987762"
"'292","'LINE","'4C","'99.81205750"
"'292","'LINE","'3C","'98.08174896"
"'292","'LINE","'286","'99.97070313"
"'293","'LINE","'Pressuriser","'96.80146027"
"'293","'LINE","'Control rods","'99.10106659"
"'293","'LINE","'Steam","'98.35678101"
"'293","'LINE","'Steam","'99.75107574"
"'293","'LINE","'generator","'99.35247803"
"'293","'LINE","'UNIT 7","'99.40837860"
"'293","'LINE","'Steel","'99.72098541"
"'293","'LINE","'pressure","'99.56153870"
"'293","'LINE","'Y","'61.40584946"
"'293","'LINE","'vessel","'99.36224365"
"'293","'LINE","'Water","'96.26375580"
"'293","'LINE","'elements","'99.27355957"
"'293","'LINE","'NUCLEAR PHYSICS","'99.91699219"
"'293","'LINE","'einforced concrete","'99.22841644"
"'293","'LINE","'tainment and shield","'95.72225952"
"'293","'LINE","'Introduction","'99.92028046"
"'293","'LINE","'Nuclear physics is the field of physics that studies atomic nuclei and their constituents","'99.99366760"
"'293","'LINE","'and interactions that hold them together. Nuclear interactions include radioactive decay,","'99.98919678"
"'293","'LINE","'the break-up of a nucleus (fission), and the merging of nuclei (fusion).","'99.72050476"
"'293","'LINE","'The main driving strong nuclear force produced by the nucleus of an atom acts within","'99.99153900"
"'293","'LINE","'a very short distance - just a few femtometres ( metres) across. The strong nuclear","'98.49950409"
"'293","'LINE","'force is the force that is responsible for the binding of protons and neutrons into atomic","'99.99023438"
"'293","'LINE","'nuclei. The strong binding energy will help to produce strong radiation upon different","'99.99624634"
"'293","'LINE","'reaction processes and radiation decay.","'99.98828125"
"'293","'LINE","'Nuclear physics is the field of physics that studies atomic nuclei and their constituents","'99.98941803"
"'293","'LINE","'and interactions that hold them together. Nuclear interactions include radioactive decay,","'99.98203278"
"'293","'LINE","'the break-up of a nucleus (fission), and the merging of nuclei (fusion).","'99.77201843"
"'293","'LINE","'The main driving strong nuclear force produced by the nucleus of an atom acts within","'99.99414063"
"'293","'LINE","'a very short distance - just a few femtometres (10⁻¹⁵ metres) across. The strong nuclear","'97.53556824"
"'293","'LINE","'force is the force that is responsible for the binding of protons and neutrons into atomic","'99.99018097"
"'293","'LINE","'nuclei. The strong binding energy will help to produce strong radiation upon different","'99.99774933"
"'293","'LINE","'reaction processes and radiation decay.","'99.98421478"
"'293","'LINE","'A nuclide may be stable or unstable. Unstable nuclides emit radiations spontaneously.","'98.80434418"
"'293","'LINE","'These radiations have different forms which are known as α, ß and Y radiation with","'97.01754761"
"'293","'LINE","'charges similar to proton, electron, and neutron in the atomic system.","'99.98565674"
"'293","'LINE","'Through research, nuclear physicists are leading us on a journey of discovery into the","'99.71446228"
"'293","'LINE","'nucleus of the atom - the very heart of matter. The goal is a roadmap of matter that will","'99.35868835"
"'293","'LINE","'help unlock the secrets of how the universe is put together. Significant efforts have been","'99.98491669"
"'293","'LINE","'made from the early 19th century on the observation of different subatomic systems by","'99.28176117"
"'293","'LINE","'different scientists. Nowadays, the research reactor (RR) and the power reactor (PR) are","'99.97796631"
"'293","'LINE","'widely in use globally. Research reactors are small nuclear reactors that are primarily","'99.98491669"
"'293","'LINE","'287","'99.96093750"
"'294","'LINE","'Physics","'99.91131592"
"'294","'LINE","'Student Text Book","'99.86766815"
"'294","'LINE","'used to produce neutrons, unlike nuclear power reactors, which are larger and used to","'99.98599243"
"'294","'LINE","'generate electricity. The two reactors are based on the fission processes. However, the","'99.98110199"
"'294","'LINE","'fusion is still in progress in laboratories and computer work. In all these processes, it is","'99.98285675"
"'294","'LINE","'important to aware that the fuel elements for nuclear reactions are heavy unstable nuclei","'99.98395538"
"'294","'LINE","'such as U, Th, K, Pt and so on.","'97.73596954"
"'294","'LINE","'Nuclear radiations have very powerful ionization effects; some of which is fatal to","'99.99242401"
"'294","'LINE","'human beings if proper precautions are not in use. It is mandatory to use the nuclear","'99.97792816"
"'294","'LINE","'safety rules of the International Atomic Energy Agency (IAEA) for the proper use of","'99.96873474"
"'294","'LINE","'nuclear instruments and materials. There should be a separate inspection bodies for","'99.80340576"
"'294","'LINE","'both the RR and PR once any country has these reactors in use.","'99.97746277"
"'294","'LINE","'The purpose of this unit is studying the different properties of nuclei so far you have","'99.18241882"
"'294","'LINE","'seen above, uses and quantitative measurements of nuclear energy; and precautions to","'99.97369385"
"'294","'LINE","'be taken to take care of ionization radiations.","'99.98403168"
"'294","'LINE","'At the end of the unit, students will be able to:","'99.96870422"
"'294","'LINE","'appreciate the basic concept of the atomic nucleus.","'99.97396851"
"'294","'LINE","'describe qualitatively the basic nuclear processes (concepts of","'99.91661835"
"'294","'LINE","'radioactivity, and nuclear reaction).","'99.98271179"
"'294","'LINE","'discuss the types of nuclear forces.","'99.95539093"
"'294","'LINE","'explain application of radioactivity and nuclear reaction to society.","'99.98129272"
"'294","'LINE","'describe the application of radioactivity and nuclear reaction to explain","'99.97616577"
"'294","'LINE","'the energy source of stars.","'99.92857361"
"'294","'LINE","'define terms like nuclear fission, nuclear fusion, and isotope.","'99.99448395"
"'294","'LINE","'gain the basic knowledge of nuclear medicine.","'99.96734619"
"'294","'LINE","'demonstrate high level of awareness to protect themselves and their","'99.97730255"
"'294","'LINE","'community from radiation hazard.","'99.97763062"
"'294","'LINE","'7.1 The nucleus","'99.93110657"
"'294","'LINE","'At the end of this topic, you should be able to:","'99.98210144"
"'294","'LINE","'identify particles inside the nucleus","'99.99804688"
"'294","'LINE","'discus the historical origins of the particles of the nucleus","'99.95623016"
"'294","'LINE","'define and discuss isotope of an atom","'99.95931244"
"'294","'LINE","'describe the relationships between nuclear mass and binding energy of","'99.97819519"
"'294","'LINE","'isotopes;","'99.99023438"
"'294","'LINE","'calculate binding energy of the nucleus of different isotopes;","'99.96700287"
"'294","'LINE","'identify the nuclear forces, (strong nuclear force, weak nuclear force)","'99.90449524"
"'294","'LINE","'288","'99.95117188"
"'295","'LINE","'Grade 11","'99.88690186"
"'295","'LINE","'?","'99.75505829"
"'295","'LINE","'Brainstorming:","'99.84056091"
"'295","'LINE","'Discuss in small groups and tell to the whole class about the following.","'99.98854828"
"'295","'LINE","'1. Discus about the volume and the mass of the nucleus compared to that of","'99.97775269"
"'295","'LINE","'the atom; about constituting particles of the nucleus and their charges.","'99.98912811"
"'295","'LINE","'2. Who discovered the nucleus? How?","'99.96555328"
"'295","'LINE","'3. What force keeps protons and neutrons at the center of the atom? What","'99.99372101"
"'295","'LINE","'force keeps the electrons and the nucleus together?","'99.98881531"
"'295","'LINE","'About the Atom","'99.98697662"
"'295","'LINE","'Atoms are the basic building blocks of matter. An atom consists of a positively","'99.98523712"
"'295","'LINE","'charged central nucleus that is surrounded by one or more negatively charged","'99.98358917"
"'295","'LINE","'electrons. The nucleus contains one or more relatively heavy particles known","'99.97936249"
"'295","'LINE","'as protons (positively charged) and neutrons (electrically neutral), which are","'99.93442535"
"'295","'LINE","'collectively called nucleons. Table 7.1 summarizes charges and masses of the","'99.96486664"
"'295","'LINE","'three subatomic particles.","'99.94359589"
"'295","'LINE","'Proton","'99.57450104"
"'295","'LINE","'Nucleus","'93.45563507"
"'295","'LINE","'Neutron","'99.80229950"
"'295","'LINE","'Electron","'99.89178467"
"'295","'LINE","'Figure 7-1: Structure of an atom- Every atom has these particles except the smallest","'99.88224792"
"'295","'LINE","'isotope of hydrogen which has no any neutron.","'98.44689178"
"'295","'LINE","'Table 7-1: Mass and charge of subatomic particles","'99.90042114"
"'295","'LINE","'Subatomic particles","'99.94100952"
"'295","'LINE","'Charge (in C)","'97.85016632"
"'295","'LINE","'Mass","'100.00000000"
"'295","'LINE","'(in kg)","'99.46249390"
"'295","'LINE","'(in u)","'83.97879791"
"'295","'LINE","'Electron","'99.97070313"
"'295","'LINE","'0.00054858 U","'98.53765106"
"'295","'LINE","'- 1.602 X 10⁻¹⁹","'90.80872345"
"'295","'LINE","'9.1094 X 10⁻³¹","'93.36834717"
"'295","'LINE","'Proton","'99.95037079"
"'295","'LINE","'1.0072766 U","'98.69309998"
"'295","'LINE","'+1.602x10⁻¹⁹","'80.54029846"
"'295","'LINE","'1.6726 X 10⁻²⁷","'94.41259766"
"'295","'LINE","'Neutron","'99.97070313"
"'295","'LINE","'O","'57.29093552"
"'295","'LINE","'1.0086654 U","'97.85485077"
"'295","'LINE","'1.6749 X 10⁻²⁷","'94.50813293"
"'295","'LINE","'Note: Where 1 amu (atomic mass unit) = 1.660 X 10⁻²⁷ kg.","'97.33250427"
"'295","'LINE","'289","'99.89257813"
"'296","'LINE","'Physics I Student Text Book","'91.79023743"
"'296","'LINE","'Since the mass of an electron is comparatively very small, only the nucleus contributes","'99.93101501"
"'296","'LINE","'to the mass of an atom, which typically contains more than 99.9% of the mass of","'99.98220062"
"'296","'LINE","'the atom. Thus, the sum of the number of protons and neutrons in the nucleus is","'99.98830414"
"'296","'LINE","'expressed as mass number (A) and the number of protons is its atomic number (Z)","'99.88061523"
"'296","'LINE","'for a neutral element. A neutral element in the periodic table of chemical symbol X","'99.22615051"
"'296","'LINE","'is uniquely designated by:","'99.97294617"
"'296","'LINE","'AX","'14.66826820"
"'296","'LINE","'Some examples of designation of elements are oxygen 16, helium 4 2 He and carbon","'91.87091827"
"'296","'LINE","'1². Although the nucleus contains much of the mass of the atom, it is very dense","'94.77079010"
"'296","'LINE","'and occupies only less than 0.01% of the volume of the atom. The atom and the","'99.98641968"
"'296","'LINE","'nucleus are assumed spherical and the atomic radius is estimated by:","'99.98298645"
"'296","'LINE","'where A is the mass number of the atom; R₀ is the radius of the nucleus which is","'99.04550171"
"'296","'LINE","'roughly equal to R₀ = 1.2fm and 1 femtometer (1 fm) = 10⁻¹⁵ m.","'95.09464264"
"'296","'LINE","'Isotopes","'99.96014404"
"'296","'LINE","'An element may have atoms with different number of neutrons. Atoms with the same","'99.98099518"
"'296","'LINE","'number of protons but different numbers of neutrons are called isotopes.","'99.97929382"
"'296","'LINE","'They share almost the same chemical properties, but differ in mass and therefore","'99.98097229"
"'296","'LINE","'in physical properties.","'99.93708801"
"'296","'LINE","'Key terms:","'99.84703827"
"'296","'LINE","'Atomic nucleus consists of electrically positively charged particles called protons","'99.99503326"
"'296","'LINE","'and electrically neutral particles called neutrons. These are held together by the","'99.98854065"
"'296","'LINE","'strongest known fundamental force called the strong nuclear force.","'99.98011780"
"'296","'LINE","'Isotopes are members of a family of an element that all have the same number of","'99.76134491"
"'296","'LINE","'protons but different numbers of neutrons.","'99.93708801"
"'296","'LINE","'Some examples of isotopes of elements:","'99.99186707"
"'296","'LINE","'Carbon isotopes: ¹², ¹³C and 14.","'64.14144135"
"'296","'LINE","'Hydrogen isotopes: (protium), (deuterium) and ³H(tritium).","'89.78943634"
"'296","'LINE","'Uranium isotopes: 232 90 U, 233 90 U, 234 90 U, 235 90 U, 236 90 and 238 90 U.","'92.40780640"
"'296","'LINE","'290","'99.87304688"
"'297","'LINE","'Grade 11","'99.85271454"
"'297","'LINE","'Example 7.1","'99.81445313"
"'297","'LINE","'Calculate the radii of the smallest isotope of hydrogen (|H) and uranium-238.","'97.08885193"
"'297","'LINE","'Compare the volume of U-238 atom with the volume of its nucleus.","'99.95423126"
"'297","'LINE","'Solution:","'99.89098358"
"'297","'LINE","'The radius of1H is","'81.97798920"
"'297","'LINE","'The radius of U-238 becomes","'99.79882813"
"'297","'LINE","'The volume of U-238 atom is,","'98.81333923"
"'297","'LINE","'The volume of the nucleus of U-238 atom,","'98.98061371"
"'297","'LINE","'Taking the ratio of the first to the second one, we obtain","'99.98114777"
"'297","'LINE","'V -","'51.84121704"
"'297","'LINE","'The volume of the nucleus is 0.0565% of the volume of the atom.","'99.98485565"
"'297","'LINE","'7.1.1 Historical origins of the nucleus and its constituting particles","'99.94198608"
"'297","'LINE","'?","'97.00195313"
"'297","'LINE","'Activity 7.1:","'99.07515717"
"'297","'LINE","'Collect pictures and diagrams showing particles of the nucleus, important","'99.97608948"
"'297","'LINE","'physicists who contributed to the discovery of the nucleus and its constituent","'99.96929169"
"'297","'LINE","'particles; illustrations of experiments related to the nucleus.","'99.98382568"
"'297","'LINE","'Discus in groups why electrons could not be part of the nucleus.","'99.99091339"
"'297","'LINE","'291","'99.40270233"
"'298","'LINE","'Physics","'99.91131592"
"'298","'LINE","'Student Text Book","'99.85086060"
"'298","'LINE","'Discovery of the nucleus","'99.98271179"
"'298","'LINE","'In 1909, two of Lord Rutherford's students, Geiger and Marsden, aimed positively","'99.92530060"
"'298","'LINE","'charged particles (stream of helium at an extremely thin piece of gold","'99.97369385"
"'298","'LINE","'foil (100 nm thickness). In order to study the deflection caused by the a-particles,","'97.14962006"
"'298","'LINE","'they placed a fluorescent zinc sulfide screen around the thin gold foil. They used the","'99.94782257"
"'298","'LINE","'apparatus similar to that shown in Figure 7.2.","'99.97416687"
"'298","'LINE","'zinc sulphide","'99.42243195"
"'298","'LINE","'Most CL particles travel","'79.66682434"
"'298","'LINE","'screen","'99.85112762"
"'298","'LINE","'through the foil","'97.97771454"
"'298","'LINE","'undeflected","'99.05393219"
"'298","'LINE","'vacuum","'98.83509827"
"'298","'LINE","'Gold","'99.87145233"
"'298","'LINE","'Foil","'89.84713745"
"'298","'LINE","'Some CE particles are","'79.39707184"
"'298","'LINE","'Detector","'99.73154449"
"'298","'LINE","'deflected by small","'99.42920685"
"'298","'LINE","'angles","'98.67486572"
"'298","'LINE","'Beam of a particles","'85.74378204"
"'298","'LINE","'Occasionally, on X","'75.14608765"
"'298","'LINE","'particle travels back","'97.98423004"
"'298","'LINE","'from the foil","'96.87599182"
"'298","'LINE","'Radioactive","'95.60646057"
"'298","'LINE","'Source","'99.13365173"
"'298","'LINE","'Figure 7-2: Rutherford's scattering experiment apparatus","'99.89273834"
"'298","'LINE","'Rutherford repeated the experiment many times, and come up with the same result.","'99.98704529"
"'298","'LINE","'His evidences and conclusions are summarized as follows.","'99.96278381"
"'298","'LINE","'Evidences","'99.97070313"
"'298","'LINE","'Conclusions","'99.92028046"
"'298","'LINE","'Most of the -particles passed through the gold","'99.89200592"
"'298","'LINE","'Most of the space in an atom is empty.","'99.93744659"
"'298","'LINE","'sheet with no or small deflection (0°-10°).","'92.47647858"
"'298","'LINE","'Some of the particles were deflected by very","'99.98535156"
"'298","'LINE","'The positive charge in an atom is not uniformly","'99.95063782"
"'298","'LINE","'small angles (10° 90°)","'92.69822693"
"'298","'LINE","'distributed, but concentrated in a very small volume.","'99.75025940"
"'298","'LINE","'Very few of the -particles were deflected back","'99.91081238"
"'298","'LINE","'Most of the mass of the atom, and all the positive","'99.97499847"
"'298","'LINE","'towards the source (90°-180°), only very few","'91.49775696"
"'298","'LINE","'charge, is concentrated in a tiny central space, what","'99.85798645"
"'298","'LINE","'being at 180°.","'93.76342010"
"'298","'LINE","'Rutherford called the nucleus.","'99.96766663"
"'298","'LINE","'292","'99.95117188"
"'299","'LINE","'Grade 11","'99.88241577"
"'299","'LINE","'Based on his observations, Rutherford proposed a new atomic model in 1911, called","'99.92702484"
"'299","'LINE","'the solar system model as all the positive charge and most of the mass is concentrated","'99.98407745"
"'299","'LINE","'in a tiny central nucleus. Most of the atom is empty space, and electrons orbit at the","'99.96979523"
"'299","'LINE","'edge. He also claimed that the electrons surrounding the nucleus revolve around it","'99.34240723"
"'299","'LINE","'with very high speed in circular paths. He named these circular paths as orbits (See","'99.25546265"
"'299","'LINE","'Figure 7.3).","'99.67205811"
"'299","'LINE","'Nucleus","'99.28252411"
"'299","'LINE","'Electron","'99.72098541"
"'299","'LINE","'+","'87.74822235"
"'299","'LINE","'Figure 7-3: Rutherford's atomic model","'99.83792877"
"'299","'LINE","'What are the drawbacks of the Rutherford atomic model? Rutherford's atomic","'99.94571686"
"'299","'LINE","'model failed to explain the stability of electrons in a circular path. He stated that","'99.90118408"
"'299","'LINE","'electrons revolve around the nucleus in a circular path, but electrons in motion","'99.95888519"
"'299","'LINE","'would undergo acceleration and cause energy radiation. Eventually, electrons should","'99.96721649"
"'299","'LINE","'lose energy and fall into the nucleus.","'99.98152161"
"'299","'LINE","'Discovery of the proton","'99.99023438"
"'299","'LINE","'Rutherford thought that a hydrogen nucleus must be the fundamental building block","'99.93220520"
"'299","'LINE","'of all nuclei, and also possibly a new fundamental particle. Rutherford postulated the","'99.95750427"
"'299","'LINE","'hydrogen nucleus to be a new particle in 1920, which he called proton. Rutherford","'99.95322418"
"'299","'LINE","'named it the proton, from the Greek word ""protos,"" meaning ""first.""","'99.62521362"
"'299","'LINE","'Discovery of the neutron","'99.99023438"
"'299","'LINE","'The British physicist James Chadwick discovered the neutron in 1932. He conducted","'99.04769897"
"'299","'LINE","'experiments very similar to those of Rutherford. In Chadwick's case, he fired his","'99.76928711"
"'299","'LINE","'atomic bullets at the element beryllium, not gold. The resulting collisions produced a","'99.96075439"
"'299","'LINE","'new kind of particle that was just as massive as the proton, but it penetrated through","'99.98042297"
"'299","'LINE","'several inches of lead.","'99.97070313"
"'299","'LINE","'293","'99.97070313"
"'300","'LINE","'Physics","'99.91131592"
"'300","'LINE","'Student Text Book","'99.82807159"
"'300","'LINE","'If you can take a particle and penetrate several inches of lead, it implies, first of","'99.95805359"
"'300","'LINE","'all, that the particle is moving very fast; and second, that the particle is electrically","'99.98757935"
"'300","'LINE","'neutral, it has neither a positive nor a negative charge. So Chadwick found that the","'99.89830017"
"'300","'LINE","'neutron is indeed electrically neutral, and he also found that its mass is slightly","'99.98378754"
"'300","'LINE","'greater than that of the proton. Finally, he determined the mass of the neutron using","'99.98296356"
"'300","'LINE","'the law of conservation of energy and momentum as well.","'99.97534943"
"'300","'LINE","'7.1.2 What keeps the nucleus together?","'99.90207672"
"'300","'LINE","'You know that the positively charged protons and electrically neutral neutrons","'99.98550415"
"'300","'LINE","'are packed together in the nucleus. Then, what is holding the cluster of nucleons","'99.96810150"
"'300","'LINE","'together instead of repelling each other due to the electrostatic force and fly apart?","'99.97385406"
"'300","'LINE","'This question takes you to consider the two fundamental forces of nature: the strong","'99.97233582"
"'300","'LINE","'and weak nuclear forces.","'99.97518921"
"'300","'LINE","'The strong and the weak nuclear forces","'99.99011993"
"'300","'LINE","'The strong nuclear force is a very short-range attractive force that acts between","'99.96063232"
"'300","'LINE","'nucleons: protons and neutrons. The strong nuclear force is strong enough to","'99.97932434"
"'300","'LINE","'withstand the electrical repulsion up within a distance of slightly more than the","'99.94361115"
"'300","'LINE","'radius of a nucleon, 10⁻¹⁵ m. Both nucleons are affected by the nuclear force almost","'99.20803070"
"'300","'LINE","'identically.","'99.92028046"
"'300","'LINE","'Look at the difference!","'99.96562195"
"'300","'LINE","'At the range of 10⁻¹⁵ m (slightly more than the radius of a nucleon), the strong force is","'96.81390381"
"'300","'LINE","'approximately 100 times as strong as electromagnetism, 10⁶ times as strong as the weak","'98.55457306"
"'300","'LINE","'interaction, and 10³⁸ times as strong as gravitation.","'98.27664185"
"'300","'LINE","'The weak nuclear force acts inside of individual nucleons, which means that it is","'99.94908905"
"'300","'LINE","'even shorter ranged than the strong nuclear force. The weak nuclear force can split","'99.98657990"
"'300","'LINE","'the electrically neutral neutron into a proton and an electron. In this process, sub-","'99.93625641"
"'300","'LINE","'atomic particles are released near the speed of light. These fast particles allow nuclear","'99.87990570"
"'300","'LINE","'fusion reaction- combination of two or more nuclides to form a single nuclide- by","'99.83378601"
"'300","'LINE","'then releasing enormous energy.","'99.96073914"
"'300","'LINE","'Key terms:","'99.85680389"
"'300","'LINE","'The Strong Nuclear Force is an attractive force between protons and neutrons that","'99.95056152"
"'300","'LINE","'keeps the nucleus together.","'99.98515320"
"'300","'LINE","'The Weak Nuclear Force is responsible for the radioactive decay of certain nuclei.","'99.94737244"
"'300","'LINE","'Nuclear binding energy is the energy required to separate an atomic nucleus","'99.96724701"
"'300","'LINE","'completely into its constituent protons and neutrons, or, equivalently, the energy","'99.86000061"
"'300","'LINE","'that would be liberated by combining individual protons and neutrons into a single","'99.84761810"
"'300","'LINE","'nucleus.","'99.87065887"
"'300","'LINE","'294","'99.92187500"
"'301","'LINE","'Grade 11","'99.83847046"
"'301","'LINE","'Nuclear binding energy","'99.92187500"
"'301","'LINE","'Nuclear binding energy is the energy that holds nucleons together. Another equivalent","'99.88078308"
"'301","'LINE","'definition of binding energy is the minimum energy that is required to disassemble","'99.95957184"
"'301","'LINE","'the nucleus of an atom into its constituent nucleons. Now the question is how can we","'99.95362854"
"'301","'LINE","'determine the binding energy of a nuclide?","'99.92771149"
"'301","'LINE","'The mass of an atomic nucleus is less than the sum of the individual masses of the","'99.98210144"
"'301","'LINE","'free constituent protons and neutrons. This difference in mass (L) is known as the","'95.19747162"
"'301","'LINE","'mass defect. Once the mass defect is known, the nuclear binding energy (BE) can","'99.96606445"
"'301","'LINE","'be calculated using Einstein's special theory of relativity, which states that mass and","'99.91195679"
"'301","'LINE","'energy are equivalent. The remarkable equivalence between matter and energy is","'99.96575928"
"'301","'LINE","'given in one of the most famous equations given by E = mc²; where m is the mass","'98.52484894"
"'301","'LINE","'converted in to an amount of energy E and c =3x10⁸ m/s is the speed of light. From","'96.57039642"
"'301","'LINE","'this theory, we can deduce that the mass defect is an amount of mass released in","'99.98042297"
"'301","'LINE","'the form of energy during the formation of the nucleus. This energy is equal to the","'99.98265839"
"'301","'LINE","'binding energy, which is then given by","'99.99023438"
"'301","'LINE","'BE = Amc2","'81.06591797"
"'301","'LINE","'Masses of subatomic particles are measured in ""atomic mass unit (amu or u)"";","'99.28516388"
"'301","'LINE","'1 amu (or 1 u) = 1.660 10⁻²⁷ kg","'91.57569885"
"'301","'LINE","'Nuclear energy is measured in ""atomic energy unit (aeu)""; or ""megaelectron volt","'99.22183990"
"'301","'LINE","'(MeV)"";","'94.46907043"
"'301","'LINE","'1aeu = c² x1 amu = 1.44x10¹J","'23.14811707"
"'301","'LINE","'1MeV = =1.602 J, and laeu = 931.1MeV","'89.06739044"
"'301","'LINE","'The mass defect of an atom can be calculated by:","'99.97656250"
"'301","'LINE","'where Zmₚ is the total mass of the protons; (A Z)mₙ n is the total mass of the neutrons,","'95.04548645"
"'301","'LINE","'and M is the mass of the nucleus.","'99.90897369"
"'301","'LINE","'Using this into the former equation, we obtain:","'99.95922089"
"'301","'LINE","'Therefore, when mass is given in amu, the nuclear binding energy of a nucleus in","'99.92466736"
"'301","'LINE","'MeV becomes,","'99.60738373"
"'301","'LINE","'BE=[Zm,+(A-Z)m₁-M]x931.1MeV","'20.84203720"
"'301","'LINE","'295","'99.96093750"
"'302","'LINE","'Physics I Student Text Book","'91.75598145"
"'302","'LINE","'Masses of subatomic particles","'99.96278381"
"'302","'LINE","'mₚ = 1.0072766u, mₙ = 1.0086654 u, and mₑ = 1836 mₚ = 0.00054858 u","'92.87968445"
"'302","'LINE","'Binding energy per nucleon: Binding energy per nucleon (BEN) is the average","'99.99091339"
"'302","'LINE","'energy required to remove an individual nucleon from a nucleus. It is one of the","'99.94847107"
"'302","'LINE","'most important experimental quantities, which is defined by","'99.97274780"
"'302","'LINE","'BEN = BE BE BE A","'61.62360764"
"'302","'LINE","'where BE is the binding energy and A is the atomic number of the atom.","'99.33523560"
"'302","'LINE","'Example 7.2","'99.95605469"
"'302","'LINE","'You know that an atom of oxygen has the form 16.","'93.37689209"
"'302","'LINE","'a) What is the mass defect in oxygen nucleus?","'99.93274689"
"'302","'LINE","'b) What is the binding energy per nucleon in Oxygen?","'99.97827148"
"'302","'LINE","'Solution","'99.96014404"
"'302","'LINE","'Z = 8, A = 16, mₚ = 1.00728 u, mₙ = 1.00867 u, mₙₙc = 16u","'84.44026947"
"'302","'LINE","'a) The mass defect is","'99.72412872"
"'302","'LINE","'Am = 8x1.00728 u + 16u","'92.36981964"
"'302","'LINE","'Am = 0.1276 u","'94.72970581"
"'302","'LINE","'b) The mass defect in amu is 0.1276. The binding energy in Oxygen is, then:","'99.94043732"
"'302","'LINE","'BE = =[Zm,+(A-Z)m₁-M]x931.1MeV=Amx931.1Me\","'66.30251312"
"'302","'LINE","'BE=0.1276x931.1MeV = = 118.808MeV","'71.73994446"
"'302","'LINE","'The binding energy per nucleon in Oxygen:","'99.96488953"
"'302","'LINE","'BEN = BE A = 118.808 16 ≈7.4MeV ≈","'86.27187347"
"'302","'LINE","'296","'99.97070313"
"'303","'LINE","'Grade 11","'99.92107391"
"'303","'LINE","'?","'96.41601563"
"'303","'LINE","'Activity 7.2","'99.88729858"
"'303","'LINE","'Select few isotopes of some elements in the periodic table.","'99.98812103"
"'303","'LINE","'Let individual students of your group do the calculations for the binding","'99.99003601"
"'303","'LINE","'energy of different isotopes and the rest members of the group come up with","'99.99151611"
"'303","'LINE","'a set of biding energy.","'99.33489990"
"'303","'LINE","'Contribute your result in a whole class discussion about the least and highest","'99.93955231"
"'303","'LINE","'binding energies.","'99.92028046"
"'303","'LINE","'Give explanation about how the binding energy varies from isotope to isotope","'99.99586487"
"'303","'LINE","'and from element to element","'99.98210144"
"'303","'LINE","'Nuclear stability","'99.99023438"
"'303","'LINE","'Nuclear stability is determined by the binding energy per nucleon. The net binding","'99.99618530"
"'303","'LINE","'energy of a nucleus is that of nuclear attraction, minus the disruptive energy of the","'99.97749329"
"'303","'LINE","'electrostatic force.","'99.98007202"
"'303","'LINE","'9","'99.73394012"
"'303","'LINE","'34S","'44.63508606"
"'303","'LINE","'⁵⁶Fe","'56.77315521"
"'303","'LINE","'84Kr","'79.70822144"
"'303","'LINE","'119Sn","'50.99778748"
"'303","'LINE","'¹⁶O","'74.84314728"
"'303","'LINE","'8","'99.87304688"
"'303","'LINE","'¹²C","'80.38584137"
"'303","'LINE","'205Ti","'87.27060699"
"'303","'LINE","'235U","'92.34116364"
"'303","'LINE","'14N","'84.15098572"
"'303","'LINE","'Most stable nucleus","'99.97694397"
"'303","'LINE","'7","'99.95117188"
"'303","'LINE","'4He","'82.65445709"
"'303","'LINE","'238U","'95.29017639"
"'303","'LINE","'Binding energy per nucleon (MeV)","'99.35890198"
"'303","'LINE","'6","'99.92107391"
"'303","'LINE","'7Li","'94.83358765"
"'303","'LINE","'5","'99.87145233"
"'303","'LINE","'6Li","'63.71094131"
"'303","'LINE","'4","'99.83318329"
"'303","'LINE","'Region of very","'99.98697662"
"'303","'LINE","'stable nuclides","'99.96014404"
"'303","'LINE","'3","'99.88121796"
"'303","'LINE","'3H","'95.11698914"
"'303","'LINE","'³He","'66.05089569"
"'303","'LINE","'2","'99.89257813"
"'303","'LINE","'1","'99.02263641"
"'303","'LINE","'2H","'88.85523224"
"'303","'LINE","'0","'99.48342133"
"'303","'LINE","'0","'99.36303711"
"'303","'LINE","'20","'100.00000000"
"'303","'LINE","'40","'99.96014404"
"'303","'LINE","'60","'100.00000000"
"'303","'LINE","'80","'100.00000000"
"'303","'LINE","'100","'100.00000000"
"'303","'LINE","'120","'100.00000000"
"'303","'LINE","'140","'100.00000000"
"'303","'LINE","'160","'100.00000000"
"'303","'LINE","'180","'100.00000000"
"'303","'LINE","'200","'100.00000000"
"'303","'LINE","'220","'100.00000000"
"'303","'LINE","'240","'100.00000000"
"'303","'LINE","'Mass number (A)","'99.96067047"
"'303","'LINE","'Figure 7.4: A plot of the binding energy per nucleon as a function of mass number A.","'98.36859131"
"'303","'LINE","'297","'99.96093750"
"'304","'LINE","'Physics","'99.92107391"
"'304","'LINE","'I","'62.97233582"
"'304","'LINE","'Student Text Book","'99.85763550"
"'304","'LINE","'Any system will always try and move to a state of lower energy (or more stable state).","'99.96194458"
"'304","'LINE","'As nuclei get heavier than helium, their net binding energy per nucleon grows more","'99.98233032"
"'304","'LINE","'and more slowly and reaches its peak at iron (Fe- 56), which is 8.8 MeV/nucleon,","'99.77453613"
"'304","'LINE","',","'89.77957153"
"'304","'LINE","'as shown in Figure 7.4. As nucleons are added, the total binding energy increases","'99.97814941"
"'304","'LINE","'but so does the total disruptive energy of the electrostatic forces and, once nuclei are","'99.62216949"
"'304","'LINE","'heavier than that of iron, the increase in disruptive energy has more effect than the","'99.99408722"
"'304","'LINE","'increase in binding energy. For example, the binding energy per nucleon of uranium,","'99.97177887"
"'304","'LINE","'which is at the end of the periodic Table, decreases to about 7.6 MeV.","'99.94553375"
"'304","'LINE","'N","'99.92187500"
"'304","'LINE","'160","'100.00000000"
"'304","'LINE","'Stable nuclei","'96.60943604"
"'304","'LINE","'150","'100.00000000"
"'304","'LINE","'Unstable nuclei","'65.64861298"
"'304","'LINE","'25","'14.31570816"
"'304","'LINE","'140","'100.00000000"
"'304","'LINE","'OO","'13.62244892"
"'304","'LINE","'210","'70.96301270"
"'304","'LINE","'130","'100.00000000"
"'304","'LINE","'190","'77.84658051"
"'304","'LINE","'120","'100.00000000"
"'304","'LINE","'180","'91.62408447"
"'304","'LINE","'110","'99.97070313"
"'304","'LINE","'160","'96.43972778"
"'304","'LINE","'170","'68.57780457"
"'304","'LINE","'100","'100.00000000"
"'304","'LINE","'150","'78.82044983"
"'304","'LINE","'Number of neutrons","'99.15936279"
"'304","'LINE","'AD","'25.36312103"
"'304","'LINE","'90","'99.96014404"
"'304","'LINE","'130","'69.41505432"
"'304","'LINE","'80","'100.00000000"
"'304","'LINE","'170","'42.31963348"
"'304","'LINE","'120","'53.93853760"
"'304","'LINE","'70","'99.99023438"
"'304","'LINE","'0.0","'16.68108177"
"'304","'LINE","'100","'88.72867584"
"'304","'LINE","'N Z","'53.35010910"
"'304","'LINE","'60","'100.00000000"
"'304","'LINE","'50","'100.00000000"
"'304","'LINE","'?O","'21.94535255"
"'304","'LINE","'80","'84.63010406"
"'304","'LINE","'40","'100.00000000"
"'304","'LINE","'50'","'31.08637619"
"'304","'LINE","'60","'88.83609772"
"'304","'LINE","'30","'100.00000000"
"'304","'LINE","'to","'53.87057495"
"'304","'LINE","'20","'100.00000000"
"'304","'LINE","'OF","'23.44048882"
"'304","'LINE","'10","'100.00000000"
"'304","'LINE","'10","'53.08404541"
"'304","'LINE","'0","'99.69168091"
"'304","'LINE","'10","'99.99023438"
"'304","'LINE","'20","'100.00000000"
"'304","'LINE","'30","'100.00000000"
"'304","'LINE","'40","'100.00000000"
"'304","'LINE","'50","'100.00000000"
"'304","'LINE","'60","'100.00000000"
"'304","'LINE","'70","'99.99023438"
"'304","'LINE","'80","'100.00000000"
"'304","'LINE","'90","'100.00000000"
"'304","'LINE","'100","'99.99023438"
"'304","'LINE","'110","'99.92187500"
"'304","'LINE","'Z","'98.80958557"
"'304","'LINE","'Number of protons","'99.99023438"
"'304","'LINE","'(atomic number)","'99.92636108"
"'304","'LINE","'Figure 7.5: Graph of neutron number vs atomic number","'97.13307190"
"'304","'LINE","'298","'99.92187500"
"'305","'LINE","'Grade 11","'99.87224579"
"'305","'LINE","'Review Questions 7.1","'99.92513275"
"'305","'LINE","'1. Two nuclei have mass numbers in the ratio 27:125. What is the ratio of their","'99.89415741"
"'305","'LINE","'nuclear radii?","'99.90682983"
"'305","'LINE","'2. Consider the atoms ¹⁶, 18 O, 18 F, 18 Ne and 20 Ne.","'93.82583618"
"'305","'LINE","'a. Which atoms are isotopes of the same element?","'99.81578064"
"'305","'LINE","'b. Which ones have the same number of neutrons?","'99.97495270"
"'305","'LINE","'3. X and Y are two elements with the same mass number but different atomic","'99.72676086"
"'305","'LINE","'numbers 28 and 30, respectively. If X has a mass number of 58, what is the","'99.51952362"
"'305","'LINE","'number of neutrons in Y? Are X and Y isotopes of the same element?","'99.69116211"
"'305","'LINE","'4. In his experiment of gold foil, when Rutherford bombarded the alpha particles","'99.98341370"
"'305","'LINE","'on a very thin sheet of gold foil, only very few of the projectiles were observed","'99.86531067"
"'305","'LINE","'deflecting back.","'99.96014404"
"'305","'LINE","'a. Which force was responsible for the deflection?","'99.79641724"
"'305","'LINE","'b. What does it imply that most of the alpha particles were passed undeflected?","'99.93065643"
"'305","'LINE","'5. What were failures in Rutherford's planetary model of the atom?","'99.78035736"
"'305","'LINE","'6. Describe how neutrons were discovered.","'99.96040344"
"'305","'LINE","'7. What are differences between strong nuclear force and weak nuclear force?","'99.97694397"
"'305","'LINE","'8. What are the major differences between the electrostatic and nuclear forces?","'99.97945404"
"'305","'LINE","'9. Calculate the binding energies per nucleon of the nuclei 26 56 Fe and 209 83 Bi in","'97.92430878"
"'305","'LINE","'units of MeV. Use the following data: m(Fe-56) = 55.934939u, m(Bi-209) =","'99.10247040"
"'305","'LINE","'208.980388u, mp= m(H-1)=1.007900 u, m (neutron)=1.008665 u.","'96.60099030"
"'305","'LINE","'10. Explain factors affecting nuclear stability of isotopes.","'99.98769379"
"'305","'LINE","'7.2 Radioactivity","'99.98046875"
"'305","'LINE","'By the end of this section you should be to:","'99.89968872"
"'305","'LINE","'define the terms radio-activity, and distinguish between the three types of","'99.96160889"
"'305","'LINE","'emissions, alpha radiation, beta- radiation and gamma- radiation","'99.50157928"
"'305","'LINE","'recognize and discuss dangers of ionizing radiation;","'99.96595001"
"'305","'LINE","'discuss radioactive dating and radiation detectors;","'99.99172974"
"'305","'LINE","'identify radioactive sources in the school, home, and workplace and","'99.98632813"
"'305","'LINE","'recommend protective measures to the school community.","'99.98163605"
"'305","'LINE","'299","'99.89257813"
"'306","'LINE","'Physics","'99.91131592"
"'306","'LINE","'Student Text Book","'99.84461212"
"'306","'LINE","'In 1896, the French physicist Antoine Henri","'99.99430847"
"'306","'LINE","'Do you know","'88.93886566"
"'306","'LINE","'?","'93.17382813"
"'306","'LINE","'Becquerel (1852-1908) accidentally found that","'99.58753204"
"'306","'LINE","'uranium-rich mineral called pitchblende emits","'99.90106964"
"'306","'LINE","'Pierre and Marie were award-","'99.96858978"
"'306","'LINE","'invisible, penetrating radiations that can darken a","'99.88529205"
"'306","'LINE","'ed the Noble Prize in Physics in","'99.96360779"
"'306","'LINE","'photographic plate enclosed in an opaque envelope.","'99.94804382"
"'306","'LINE","'1903 for their work on radio-","'99.92732239"
"'306","'LINE","'Later it was found that there are some unstable","'99.97061157"
"'306","'LINE","'activity. Marie Curie became","'99.97782898"
"'306","'LINE","'isotopes that are emitting particles to be stable.","'99.96918488"
"'306","'LINE","'the first woman to be awarded","'99.97070313"
"'306","'LINE","'the Nobel Prize and the first","'99.98046875"
"'306","'LINE","'Larger nuclides tend to have more neutrons than","'99.99013519"
"'306","'LINE","'person to obtain two Nobel","'99.98437500"
"'306","'LINE","'protons to reduce the disruptive energy and","'99.98872375"
"'306","'LINE","'prizes when she won the prize","'99.96582031"
"'306","'LINE","'stay stable. To reduce the disruptive energy by","'99.98881531"
"'306","'LINE","'for the discovery of Polonium","'99.97460938"
"'306","'LINE","'increasing number of neutrons and reducing","'99.99837494"
"'306","'LINE","'and Radium in 1911. She later","'99.96256256"
"'306","'LINE","'number of protons, the weak nuclear force converts","'99.97284698"
"'306","'LINE","'discovered two new radioac-","'99.94284821"
"'306","'LINE","'proton to neutron; or at some stage the only way","'99.97542572"
"'306","'LINE","'tive elements: Radium and","'99.99511719"
"'306","'LINE","'for the nucleus to reach a lower energy state will","'99.97054291"
"'306","'LINE","'Polonium which took her sev-","'99.97038269"
"'306","'LINE","'be to emit particles. All these processes that lead","'99.98237610"
"'306","'LINE","'eral years since these elements","'99.98632813"
"'306","'LINE","'unstable atoms to decay by particle emission are","'99.97782898"
"'306","'LINE","'are difficult to extract and","'99.97851563"
"'306","'LINE","'what we call radioactivity. unstable isotope is said","'99.94417572"
"'306","'LINE","'extremely rare. Unfortunately,","'99.96717834"
"'306","'LINE","'to be a radioisotope, and the energy that is released","'99.79930878"
"'306","'LINE","'the Merry Curie died young.","'99.97851563"
"'306","'LINE","'is called radiation. After an atom expels energy","'99.96786499"
"'306","'LINE","'She died of aplastic anemia,","'99.98242188"
"'306","'LINE","'from the nucleus, the composition of the nucleus","'99.97885132"
"'306","'LINE","'almost certainly a result of","'99.32936096"
"'306","'LINE","'changes, and we are left with a different element","'99.90879059"
"'306","'LINE","'radiation exposure.","'100.00000000"
"'306","'LINE","'that is more stable.","'99.98046875"
"'306","'LINE","'Key term:","'99.83279419"
"'306","'LINE","'Radioactivity is the phenomenon of the spontaneous disintegration of unstable","'99.96347046"
"'306","'LINE","'atomic nuclei to atomic nuclei to form more energetically stable atomic nuclei.","'99.98128510"
"'306","'LINE","'Radioactive decay is a highly exoergic, statistically random, process that occurs","'99.56301117"
"'306","'LINE","'with a small amount of mass being converted to energy.","'99.65758514"
"'306","'LINE","'Types of nuclear radiation","'99.98291016"
"'306","'LINE","'There are three types of nuclear radiations: alpha (a), beta (ß) and gamma (y)","'94.90849304"
"'306","'LINE","'radiation. Each of these comes about through a different process in the decaying","'99.93522644"
"'306","'LINE","'nucleus, each one is composed of different particles and each one has different","'99.96414185"
"'306","'LINE","'properties.","'99.88042450"
"'306","'LINE","'Alpha Particles Radiation","'99.95090485"
"'306","'LINE","'Alpha particles are subatomic fragments consisting of two neutrons and two protons,","'99.94725037"
"'306","'LINE","'or helium nuclei (He-4). Alpha radiation occurs when the nucleus of an atom","'99.95744324"
"'306","'LINE","'300","'99.87145233"
"'307","'LINE","'Grade 11","'99.70134735"
"'307","'LINE","'becomes unstable (the ratio of neutrons to protons is too low) and alpha particles","'99.96832275"
"'307","'LINE","'are emitted to restore balance. Alpha decay occurs in elements with high atomic","'99.98566437"
"'307","'LINE","'numbers, such as uranium, radium, and thorium. The nuclei of these elements are","'99.93423462"
"'307","'LINE","'rich in neutrons, which makes alpha particle emission possible.","'99.95362854"
"'307","'LINE","'When a radioactive atom decays by a-emission, it leaves a daughter nucleus of atomic","'98.97367096"
"'307","'LINE","'number two less than the parent atom of atomic mass number four less than that of","'99.99450684"
"'307","'LINE","'the parent atom. Thus,","'99.98291016"
"'307","'LINE","'where X and Y are chemical symbols of the parent and the daughter nuclei,","'99.57105255"
"'307","'LINE","'respectively.","'99.91051483"
"'307","'LINE","'For example, the abundant isotope of uranium, U-238, decays by alpha emission to","'99.95368958"
"'307","'LINE","'give a thorium atom which can be written in a form:","'99.94193268"
"'307","'LINE","'238U","'38.19674683"
"'307","'LINE","'Some sources of α radiation are americium-241, plutonium-236, uranium-238,","'99.46162415"
"'307","'LINE","'thorium-232, radium-226, radon-222 and polonium-210.","'99.08211517"
"'307","'LINE","'Beta-particle Radiation","'99.79980469"
"'307","'LINE","'Unlike alpha radioactivity, beta radioactivity requires the weak nuclear force. There","'99.97655487"
"'307","'LINE","'are two beta decay types; beta minus (-) and beta plus (+). Beta minus particles are","'99.84960938"
"'307","'LINE","'energetic electrons emitted from a radioactive nucleus. Beta minus particle emission","'99.95339966"
"'307","'LINE","'occurs when the ratio of neutrons to protons in the nucleus is too high. An excess","'99.97290039"
"'307","'LINE","'neutron transforms into a proton and an electron. The proton stays in the nucleus","'99.95275116"
"'307","'LINE","'and the electron is ejected energetically. This process decreases the number of","'99.96108246"
"'307","'LINE","'neutrons by one and increases the number of protons by one. Thus,","'99.98447418"
"'307","'LINE","'As we see in this reaction equation, any decay by beta-emission accompanies","'99.94393158"
"'307","'LINE","'emission of an antineutrino, V. Take a look at the decay of the uranium daughter","'96.26679230"
"'307","'LINE","'product thorium-234 into protactinium-234:","'99.18875885"
"'307","'LINE","'Some beta negative emitters are tritium, cobalt-60, strontium-90, technetium-99,","'99.65900421"
"'307","'LINE","'iodine-129, iodine-131, and cesium-137. There is also positron or beta plus","'99.50365448"
"'307","'LINE","'emission. Like the beta particle, a positron is immediately rejected from the nucleus","'99.94310760"
"'307","'LINE","'upon its formation. For example, potassium-38 decays by positron emission,","'99.91344452"
"'307","'LINE","'301","'99.68511200"
"'308","'LINE","'Physics","'99.87224579"
"'308","'LINE","'Student Text Book","'99.82481384"
"'308","'LINE","'becoming argon-38. Positron emission decreases the atomic number by one, but the","'99.66356659"
"'308","'LINE","'mass number remains the same. Thus,","'99.97057343"
"'308","'LINE","'AX","'14.58575916"
"'308","'LINE","'Gamma-particle Radiation","'99.83238983"
"'308","'LINE","'Gamma rays are high energy, high frequency, electromagnetic radiations. Gamma","'99.93450928"
"'308","'LINE","'radiation usually accompanies alpha or beta decay. They have no charge and no","'99.95205688"
"'308","'LINE","'mass so they rarely interact with particles in their path, so they have the least ionizing","'99.61756134"
"'308","'LINE","'power of the three radiations. They are never completely absorbed, although their","'99.97111511"
"'308","'LINE","'energy can be significantly reduced by several centimeters of lead, or several meters","'99.97202301"
"'308","'LINE","'of concrete. If the energy is reduced to a safe level, gamma rays are often said to have","'99.95841217"
"'308","'LINE","'been absorbed.","'99.98007202"
"'308","'LINE","'Gamma emitting radioisotopes are the most widely used radiation sources. The","'99.85431671"
"'308","'LINE","'three radionuclide's by far useful are: cobalt-60, cesium-137, and technetium-99 m.","'96.93274689"
"'308","'LINE","'?","'98.13476563"
"'308","'LINE","'Activity 7.3","'99.64355469"
"'308","'LINE","'Discharge flame and radioactivity:","'99.96298218"
"'308","'LINE","'Hold a candle flame near a charged electroscope and it discharges leaves of the","'99.62341309"
"'308","'LINE","'electroscope. The reason is that the Flame produces ionization of nearby air.","'99.97776031"
"'308","'LINE","'Repeat demonstration with opposite charge on electroscope. Holding weak","'99.98571777"
"'308","'LINE","'radioactive source near electroscope may also cause discharge.","'99.98036957"
"'308","'LINE","'Ionization and penetration powers of nuclear radiations","'95.74662781"
"'308","'LINE","'When alpha, beta and gamma radiations, they produce ions and molecular fragments","'99.90779114"
"'308","'LINE","'by knocking electrons from them. The greater mass presents the greater the ionizing","'99.98479462"
"'308","'LINE","'power. Thus, alpha-radiation has the highest and gamma radiation has the least","'99.98284912"
"'308","'LINE","'ionization powers.","'99.75675201"
"'308","'LINE","'On the other hand, gamma-radiation has the highest and alpha- radiation has the","'99.88652802"
"'308","'LINE","'least penetration powers. Alpha radiation can be stopped by paper and skin, beta","'99.97709656"
"'308","'LINE","'radiation by aluminum sheet and gamma radiation can be blocked by 2 inches thick","'99.95942688"
"'308","'LINE","'lead. Figure 7.6, compares penetrating powers of these radiations.","'99.91465759"
"'308","'LINE","'302","'99.88281250"
"'309","'LINE","'Grade 11","'99.92147827"
"'309","'LINE","'Alpha","'99.97070313"
"'309","'LINE","'+","'88.74919891"
"'309","'LINE","'Beta","'99.89098358"
"'309","'LINE","'Neutron","'99.87065887"
"'309","'LINE","'Gamma","'99.97070313"
"'309","'LINE","'Paper","'99.97070313"
"'309","'LINE","'Metal","'99.96014404"
"'309","'LINE","'Water","'99.95037079"
"'309","'LINE","'Concrete","'99.83079529"
"'309","'LINE","'Lead","'99.99023438"
"'309","'LINE","'Figure 7.6: Penetration of the alpha, beta, and gamma radiations. Neutron is added to","'99.96396637"
"'309","'LINE","'show impact of charge on penetration power.","'99.94886780"
"'309","'LINE","'Dangers of ionizing radiation","'99.99755859"
"'309","'LINE","'When radiation passes through cellular tissue, it ionizes water molecules which","'99.97566986"
"'309","'LINE","'change into free radicals. These radicals are highly reactive and can interact with the","'99.99011993"
"'309","'LINE","'important genetic material in the cell, the DNA. In addition, the DNA may also be","'99.98405457"
"'309","'LINE","'ionized directly. Damage caused by these interactions may be fully repaired, in which","'99.98698425"
"'309","'LINE","'case, the cell remains viable. However, if the damage is not successfully repaired and","'99.99227142"
"'309","'LINE","'the DNA is not restored completely, the cell may either die or mutate.","'99.99242401"
"'309","'LINE","'Because the radiations ionize to different extents, the hazard level is also different for","'99.98796844"
"'309","'LINE","'each one. The extent of the potential damage depends on several factors, including:","'99.99011230"
"'309","'LINE","'the type of radiation","'99.99003601"
"'309","'LINE","'the sensitivity of the affected tissues and organs","'99.98505402"
"'309","'LINE","'the manner and length of time exposed","'99.99860382"
"'309","'LINE","'the radioactive isotopes involved","'99.95018005"
"'309","'LINE","'Characteristics of the exposed person (such as age, gender and under-","'99.96657562"
"'309","'LINE","'lying condition).","'99.90563202"
"'309","'LINE","'303","'99.91131592"
"'310","'LINE","'Physics","'99.91131592"
"'310","'LINE","'Student Text Book","'99.85437775"
"'310","'LINE","'The depth of radiation damage is summarized below.","'99.98271179"
"'310","'LINE","'Radiation","'99.97070313"
"'310","'LINE","'Effect inside body","'99.94466400"
"'310","'LINE","'Effect outside body","'99.95090485"
"'310","'LINE","'type","'99.83398438"
"'310","'LINE","'Alpha","'99.99023438"
"'310","'LINE","'Highly ionizing - very dangerous","'98.14704132"
"'310","'LINE","'Absorbed by surface layer of dead skin cells -","'98.46648407"
"'310","'LINE","'radiation poisoning and cancer","'99.96542358"
"'310","'LINE","'no danger","'99.76164246"
"'310","'LINE","'possible.","'99.96014404"
"'310","'LINE","'Beta","'99.85112762"
"'310","'LINE","'Moderate ionization and danger","'99.83831787"
"'310","'LINE","'Moderate SO exposure ionization and danger,","'94.33706665"
"'310","'LINE","'should be minimized","'99.95063782"
"'310","'LINE","'close exposure should be minimized","'99.99023438"
"'310","'LINE","'Gamma","'100.00000000"
"'310","'LINE","'Minimal ionization, cancer danger","'99.71873474"
"'310","'LINE","'minimal ionization -cancer danger from long-","'99.22988129"
"'310","'LINE","'from long-term exposure","'99.95063782"
"'310","'LINE","'term exposure","'99.98046875"
"'310","'LINE","'Effective Dose","'99.98046875"
"'310","'LINE","'The risk of developing adverse health","'100.00000000"
"'310","'LINE","'1 Gy is the deposit of a","'99.76322937"
"'310","'LINE","'effects depends on the radiation dose. The","'99.16980743"
"'310","'LINE","'joule of radiation energy","'99.97763062"
"'310","'LINE","'higher the dose the higher is the risk of","'99.99674225"
"'310","'LINE","'per kilogram of matter or","'99.98437500"
"'310","'LINE","'adverse effects. Absorbed dose describes","'99.98812103"
"'310","'LINE","'tissue.","'99.92028046"
"'310","'LINE","'the amount of energy deposited per unit","'99.98464966"
"'310","'LINE","'1 Sv = 1 joule/kilogram -","'96.68314362"
"'310","'LINE","'mass in an object or person. The units","'99.97304535"
"'310","'LINE","'a biological effect. The","'99.81878662"
"'310","'LINE","'for absorbed dose are gray (Gy, sievert","'99.94490814"
"'310","'LINE","'sievert represents the equiv-","'99.91315460"
"'310","'LINE","'(Sv) and rad; where 1Gy = 1J/kg and","'99.62223053"
"'310","'LINE","'alent biological effect of the","'99.97819519"
"'310","'LINE","'1rad = 0.01 Gy = 0.01 J/kg.","'92.33312988"
"'310","'LINE","'deposit of a joule of radia-","'99.83432007"
"'310","'LINE","'tion energy in a kilogram of","'99.86088562"
"'310","'LINE","'human tissue.","'99.96014404"
"'310","'LINE","'Radiation doses above 3 Gy (300 rad) can be fatal and doses above 6 Gy (600 rad)","'99.83332825"
"'310","'LINE","'are almost certain to be fatal, with death occurring within several months (in shorter","'99.96082306"
"'310","'LINE","'times at higher doses). For gamma rays and electrons, above 1 Gy, radiation causes","'99.87860107"
"'310","'LINE","'a complex of symptoms, including nausea and blood changes, known as radiation","'99.91999817"
"'310","'LINE","'sickness. For doses below 1 Sv (100 rem), there is little likelihood of radiation","'99.87976837"
"'310","'LINE","'sickness, and the main danger is an increased cancer risk.","'99.96851349"
"'310","'LINE","'Safety precautions when using radioactive sources","'99.95037079"
"'310","'LINE","'Radioactive sources which may be used in schools are usually very weak. They can","'99.97326660"
"'310","'LINE","'only be used in the presence of an authorized teacher. They are kept in a sealed","'99.94172668"
"'310","'LINE","'container except when they are being used in an experiment or demonstration. They","'99.94066620"
"'310","'LINE","'are immediately returned to the container when the experiment or demonstration","'99.95488739"
"'310","'LINE","'is finished.","'99.95565796"
"'310","'LINE","'304","'99.64764404"
"'311","'LINE","'Grade 11","'99.80309296"
"'311","'LINE","'When using the radioactive source it should be:","'99.97172546"
"'311","'LINE","'1. handled with tongs or forceps, never with bare hands.","'99.95394135"
"'311","'LINE","'2. kept at arm's length, pointing away from the body.","'99.92962646"
"'311","'LINE","'3. always kept as far as possible from the eyes.","'99.95971680"
"'311","'LINE","'Hands must be washed after the experiment and definitely before eating.","'99.99186707"
"'311","'LINE","'Radiation Detectors","'99.98535156"
"'311","'LINE","'A radiation detector is a device that measures the ionization of radiations (i.e.,","'99.80632782"
"'311","'LINE","'creating electrons and positively charged ions), such as beta radiation, gamma","'99.95495605"
"'311","'LINE","'radiation, and alpha radiation with the matter. There are different types of radiation","'99.97559357"
"'311","'LINE","'detectors, most widely ones of which are discussed below.","'99.97694397"
"'311","'LINE","'Scintillators: A scintillator is a general term for substances that emit fluorescence","'99.71298218"
"'311","'LINE","'when exposed to radiations of high energy- it is a type of phosphor. When a","'99.94271851"
"'311","'LINE","'radiation collides with this substance, it absorbs its energy and internal electrons","'99.97600555"
"'311","'LINE","'move from the ground state (stable state) to the excited state. When this electron","'99.97599792"
"'311","'LINE","'returns to the original stable state, it releases its energy in the form of light emission","'99.98652649"
"'311","'LINE","'(visible light or ultraviolet light), and this phenomenon called scintillation.","'99.88684082"
"'311","'LINE","'The incident radiation can be measured quantitatively by photo-electrically","'99.96257782"
"'311","'LINE","'converting/ amplifying the emitted fluorescence with a photomultiplier tube (PMT)","'99.06068420"
"'311","'LINE","'or the like Figure 7.7 shows a type of a scintillation detector. Scintillation detectors","'99.93299103"
"'311","'LINE","'represent the best means for detecting gamma or x-radiation and are the second-","'99.96276093"
"'311","'LINE","'most common detector type after G-M tubes. They have the ability to distinguish","'99.96301270"
"'311","'LINE","'between alpha, beta, and gamma radiation, and can be configured to produce","'99.96366119"
"'311","'LINE","'correspondingly different sounds through a meter.","'99.92270660"
"'311","'LINE","'Radiation","'99.36224365"
"'311","'LINE","'Light","'99.93083954"
"'311","'LINE","'Photomultiplier Tube","'99.10494995"
"'311","'LINE","'Measuring","'99.95037079"
"'311","'LINE","'Device","'99.76084137"
"'311","'LINE","'Sodium-lodide","'96.16689301"
"'311","'LINE","'Crystal","'99.95037079"
"'311","'LINE","'Anode","'99.81126404"
"'311","'LINE","'Photocathode","'99.04336548"
"'311","'LINE","'Optical Window","'99.74658966"
"'311","'LINE","'Figure 7.7: Scintilator","'99.66696930"
"'311","'LINE","'305","'99.89178467"
"'312","'LINE","'Physics","'99.91131592"
"'312","'LINE","'Student Text Book","'99.84434509"
"'312","'LINE","'Geiger counter: A Geiger counter, also known as the Geiger-Muller tube, is used","'99.52423096"
"'312","'LINE","'to quickly detect and measure radiation. It exploits the natural process of ionization","'99.94650269"
"'312","'LINE","'to detect and measure radiation. When exposed to radioactive radiations, the stable","'99.93532562"
"'312","'LINE","'gas within the chamber ionizes. This generates an electrical current that the counter","'99.94499207"
"'312","'LINE","'records over a period of 60 seconds.","'99.94223022"
"'312","'LINE","'When ionization occurs and the current is produced, a speaker clicks and a reading","'99.89795685"
"'312","'LINE","'is given - often in millisieverts (mSv). The central wire in between a gas-filled","'98.00811768"
"'312","'LINE","'tube at high voltage is used to collect the ionization produced by incident radiation.","'99.96095276"
"'312","'LINE","'Geiger counters can detect alpha, beta, and gamma radiation. However, they cannot","'99.96861267"
"'312","'LINE","'differentiate which one is beta, or gamma or alpha radiation.","'99.94565582"
"'312","'LINE","'B","'53.64318085"
"'312","'LINE","'inert gas","'98.35618591"
"'312","'LINE","'Y","'86.33241272"
"'312","'LINE","'A","'99.11571503"
"'312","'LINE","'HV","'99.85271454"
"'312","'LINE","'Figure 7.9: Geiger counter","'99.93368530"
"'312","'LINE","'?","'96.20117188"
"'312","'LINE","'Activity 7.4: Demonstrations","'99.86819458"
"'312","'LINE","'Work in a small group. Before you begin, make sure that you know the safety","'99.88128662"
"'312","'LINE","'precautions that you must follow when using radioactive materials. Set up the","'99.98840332"
"'312","'LINE","'equipment as shown in the figure below in cooperation with your teacher.","'99.98358917"
"'312","'LINE","'data-logging computer","'99.83647156"
"'312","'LINE","'absorbing material","'99.96542358"
"'312","'LINE","'recording counts","'99.96093750"
"'312","'LINE","'568","'99.84375000"
"'312","'LINE","'radioactive source","'99.91659546"
"'312","'LINE","'G-M tube","'99.48242188"
"'312","'LINE","'paper","'99.80468750"
"'312","'LINE","'aluminium","'99.89098358"
"'312","'LINE","'holder for","'99.94628906"
"'312","'LINE","'lead","'99.89178467"
"'312","'LINE","'absorbing material","'99.96542358"
"'312","'LINE","'The Geiger-Muller tube can detect all the three types of radiations. Place absorber","'99.94034576"
"'312","'LINE","'sheets which progressively increase in density between the source and the detector,","'99.96603394"
"'312","'LINE","'and record the average count rate in each case. You can also carry out the experiment","'99.97956085"
"'312","'LINE","'306","'99.95037079"
"'313","'LINE","'Grade 11","'99.83318329"
"'313","'LINE","'using computer software to remove all risk of exposure to radiation hazards.","'99.98860931"
"'313","'LINE","'Note that:","'99.98046875"
"'313","'LINE","'Some counters can separate betas from gammas by absorbing the betas","'99.98934937"
"'313","'LINE","'in a metallic cover.","'99.69188690"
"'313","'LINE","'Few have windows thin enough to detect alphas.","'99.98901367"
"'313","'LINE","'If you can detect betas and gammas, use aluminum sheets and lead","'99.98535156"
"'313","'LINE","'sheets to show that betas are stopped by aluminum but lead is required","'99.99023438"
"'313","'LINE","'to stop gammas.","'99.96093750"
"'313","'LINE","'If there is no any detector in your school, it might be possible to contact a local","'99.88203430"
"'313","'LINE","'hospital regarding the use of nuclear medicine for analysis or treatment. If a tour","'99.94270325"
"'313","'LINE","'cannot be arranged, perhaps your teacher may invite a specialist and He/she can","'99.86357117"
"'313","'LINE","'speak to the class.","'99.99267578"
"'313","'LINE","'Use either a prism or diffraction grating spectrometer to show the difference","'99.82929993"
"'313","'LINE","'between continuous or line spectra. A simple absorption spectrum can be shown","'99.33756256"
"'313","'LINE","'by crushing leaves in alcohol. The chlorophyll solution will absorb at both ends of","'99.99372101"
"'313","'LINE","'the spectrum. ß rays spectrum is continuous among a and Y rays spectrum.","'97.06105042"
"'313","'LINE","'?","'97.29492188"
"'313","'LINE","'Activity 7.5","'99.82910156"
"'313","'LINE","'Research the common detectors for α-particle, ß-particle and y-rays","'93.56332397"
"'313","'LINE","'In a small group: Research the various forms of detectors for nuclear radiation.","'99.92816162"
"'313","'LINE","'Prepare a summary of your research to present to the rest of your class. Choose an","'99.87715149"
"'313","'LINE","'appropriate format for your presentation.","'99.99202728"
"'313","'LINE","'The half life","'99.96093750"
"'313","'LINE","'Here, we consider a system containing many nuclei of the same species at some","'99.95769501"
"'313","'LINE","'initial time. The number of any radioactive parent nuclei decreases with time since","'99.98316956"
"'313","'LINE","'it emits radiation in the form of α, or ß emissions. The decay of a particular nucleus","'98.43505859"
"'313","'LINE","'cannot be predicted and is not affected by physical influences like temperature. The","'99.98629761"
"'313","'LINE","'rate of isotope decay depends on two factors.","'99.98525238"
"'313","'LINE","'The total number of undecayed nuclei present in the system. That is, on","'99.98491669"
"'313","'LINE","'doubling the average number of undecayed nuclei must double the rate","'99.99733734"
"'313","'LINE","'of decay.","'99.99511719"
"'313","'LINE","'The stability of the isotope. Some isotopes decay more rapidly than","'99.96835327"
"'313","'LINE","'307","'99.88201141"
"'314","'LINE","'Physics | Student Text Book","'89.34098053"
"'314","'LINE","'others. The rate of decay gives the number of nuclei that decay per","'99.99167633"
"'314","'LINE","'second.","'99.91051483"
"'314","'LINE","'In general, the decay rate, called the activity, A, is given by","'99.71249390"
"'314","'LINE","'At -AN","'28.24517822"
"'314","'LINE","'where","'99.95117188"
"'314","'LINE","'The negative sign shows the decrease in the number of the radioactive","'99.97518921"
"'314","'LINE","'nuclei with time,","'99.95362854"
"'314","'LINE","'N is the number of undecayed nuclei at the subsequent time t,","'99.93869781"
"'314","'LINE","'The decay constant a of a radioactive nuclide is defined as its prob-","'97.77527618"
"'314","'LINE","'ability of decay per unit time; having SI unit s⁻¹. It is a positive rate","'99.43156433"
"'314","'LINE","'also called the exponential decay constant, disintegration constant, rate","'99.95579529"
"'314","'LINE","'constant, or transformation constant.","'99.95321655"
"'314","'LINE","'The SI unit of activity, A, is Becquerel (Bq); where 1Bq = 1 decay per second. We can","'99.56739807"
"'314","'LINE","'also use the unit Curie, Ci, where 1 Ci = X 10¹⁰ Bq.","'97.04225922"
"'314","'LINE","'The quantity of the parent radioactive nuclei is subject to exponential decay since","'99.97559357"
"'314","'LINE","'it decreases at a rate proportional to its current value. This exponential decay law is","'99.95394897"
"'314","'LINE","'given by","'99.99023438"
"'314","'LINE","'=","'92.02068329"
"'314","'LINE","'where N₀ is the number of undecayed nuclei at an initial time t0 = 0.","'95.38650513"
"'314","'LINE","'In practice, the stability of radioactive nuclei against decay and the decay rate are","'99.98442841"
"'314","'LINE","'most often estimated in terms of the half-life, t1/2, rather than the decay constant","'97.13914490"
"'314","'LINE","'a. The half-life is defined as the time at which half of the original nuclei have","'97.42719269"
"'314","'LINE","'decayed. Or, it can also be stated somewhat differently as the time after which one","'99.98301697"
"'314","'LINE","'half of the original number of nuclei remains untransformed. Since nuclear decay is","'99.91976929"
"'314","'LINE","'an example of a purely statistical process, a more precise definition of half-life is","'99.90782928"
"'314","'LINE","'that each nucleus has a 50% chance of living for a time equal to one half-life, t1/2.","'96.66909790"
"'314","'LINE","'The half-life of a certain decay can be determined by using N = N (t₁/₂) = N₀/2, in","'96.09487915"
"'314","'LINE","'to exponential decay law as:","'99.97265625"
"'314","'LINE","'Scientists predicted that the half-lives of naturally occurring nuclear reactions fall in","'99.94562531"
"'314","'LINE","'a very wide range - vary from fractions of milliseconds like Radium C (), to billions","'97.32542419"
"'314","'LINE","'of years like U-235 (4.5 billion years). For some induced radioactive elements","'99.93707275"
"'314","'LINE","'(initially stable made radioactive by exposure to specific radiation), the half life is a","'99.91538239"
"'314","'LINE","'few millionths or even hundred millionths of a second.","'99.94964600"
"'314","'LINE","'308","'99.91131592"
"'315","'LINE","'Grade 11","'99.91659546"
"'315","'LINE","'?","'96.45507813"
"'315","'LINE","'Activity 7.6:","'99.77947235"
"'315","'LINE","'Perform experiments on Half life simulation using free applets available from the","'99.96067047"
"'315","'LINE","'internet.","'99.92028046"
"'315","'LINE","'Key term:","'99.83238983"
"'315","'LINE","'The half life of a radioactive isotope is the amount of time it takes for one half of","'99.90431976"
"'315","'LINE","'the radioactive isotope to decay.","'99.96858978"
"'315","'LINE","'Why do we use a term like half-life rather than lifetime?","'99.75904846"
"'315","'LINE","'The answer can be found by examining Figure 7.10, which shows how the number","'99.97762299"
"'315","'LINE","'of radioactive nuclei in a sample of initial value N₀, decreases with time. The number","'99.03554535"
"'315","'LINE","'of radionuclide's left at t₁/₂ is N₀/2. Half of the remaining nuclei decay in the","'97.15531921"
"'315","'LINE","'next half-life (2t₁/₂), is N₀ / 4. Then, it becomes N₀ /8 in the third half-life and so","'93.29043579"
"'315","'LINE","'on. For n integral numbers of half-lives, the number of original nuclides left, N, can","'99.91076660"
"'315","'LINE","'be calculated by","'99.99349213"
"'315","'LINE","'N = 2⁻ⁿ N₀","'84.09140015"
"'315","'LINE","'No","'99.81126404"
"'315","'LINE","'Number of","'99.92147827"
"'315","'LINE","'N=No","'94.24446106"
"'315","'LINE","'undecayed","'99.99023438"
"'315","'LINE","'Nuclei","'99.77140808"
"'315","'LINE","'No/2","'99.35408020"
"'315","'LINE","'No/4","'98.77650452"
"'315","'LINE","'No/8","'99.13684082"
"'315","'LINE","'No/16","'98.79922485"
"'315","'LINE","'t₁/₂ 2t1/2 3t₁/₂ 1/2","'43.93691635"
"'315","'LINE","'Time(t)","'99.29049683"
"'315","'LINE","'Figure 7.10: Number of undecayed nuclei vs time graph of a radioactive isotope","'98.29645538"
"'315","'LINE","'Examples 7.3","'99.79980469"
"'315","'LINE","'1) The half-life of radium is equal to 1590 years. What is the activity of 1 g of","'99.87807465"
"'315","'LINE","'radium-226? Solution: t1/2 = 1590 yrs = 50176584000 S","'92.23125458"
"'315","'LINE","'The gram molecular weight of Ra-226 is M = 226.0254098 g/mol. There are Nₐ =","'96.17914581"
"'315","'LINE","'6.023 X 10²³ atoms/mol of radium. Therefore, the number of atoms of 1g of Ra-","'98.73765564"
"'315","'LINE","'226 would be:","'99.95442963"
"'315","'LINE","'309","'99.84215546"
"'316","'LINE","'Physics I Student Text Book","'92.47883606"
"'316","'LINE","'N = Nₐ X = 1gx6.023x10²³ atoms / mol =2.664x10²¹ atoms","'82.54016876"
"'316","'LINE","'M","'91.82537079"
"'316","'LINE","'226.0254098 g / mol","'92.07442474"
"'316","'LINE","'The decay constant is,","'99.95605469"
"'316","'LINE","'0.693","'91.75781250"
"'316","'LINE","'0.693","'99.42382813"
"'316","'LINE","'a =","'83.99678040"
"'316","'LINE","'=","'88.35289764"
"'316","'LINE","'=1.381x10⁻¹¹ₛ⁻¹ a = 0.693/t1/2=13.81 pBq","'72.37541962"
"'316","'LINE","'t₁/₂","'64.93154144"
"'316","'LINE","'50176584000s","'92.77363586"
"'316","'LINE","'The desired activity is","'99.94628906"
"'316","'LINE","'A = AN = X 10⁻¹¹ X 10²¹ = 3.6793 X 10¹⁰ Bq","'85.70591736"
"'316","'LINE","'A = 150176584000s","'85.79141235"
"'316","'LINE","'A = 1.23 x10¹⁰ Bq","'93.37527466"
"'316","'LINE","'That is, the number of decays per second in one gram of radium is 12300 million.","'99.97355652"
"'316","'LINE","'2) The radioisotope strontium-90 has a half-life of 38.1 years. If a sample contains","'99.72613525"
"'316","'LINE","'400 mg of Sr-90, how many milligrams will remain when the age of the sample is","'99.96694183"
"'316","'LINE","'190.5 years?","'99.55078125"
"'316","'LINE","'Solution","'99.95037079"
"'316","'LINE","'t1/2 = 38.1 years, t = 190.5 years","'90.86418152"
"'316","'LINE","'From the equation t₁/₂ = =0.693/X, we obtain","'86.36841583"
"'316","'LINE","'a = 0.693 = 0.693 = 0.018189 yr⁻¹","'89.85869598"
"'316","'LINE","'Then the mass remained after 190.5 years becomes","'99.97924805"
"'316","'LINE","'Review Questions 7.2","'99.96745300"
"'316","'LINE","'1. In the radioactive decay of radon-222, both alpha and gamma radiation are","'99.90603638"
"'316","'LINE","'emitted, with the latter having energy of 8.2 X 10⁻¹⁴ J per nucleus decayed:","'98.56657410"
"'316","'LINE","'2226Rn","'25.39042473"
"'316","'LINE","'2.","'99.95117188"
"'316","'LINE","'How much energy does 1mol of Rn release in the form of gamma radiation?","'99.89772034"
"'316","'LINE","'310","'99.81285858"
"'317","'LINE","'Grade 11","'99.78396606"
"'317","'LINE","'3. What can be the reason that tritium (H-3) isotope is a radioisotope where there","'99.74298096"
"'317","'LINE","'is no electrostatic repulsive force in its nucleus? How does this isotope decay?","'99.95969391"
"'317","'LINE","'4. Why does Uranium 235 decay via alpha decay (by the way of Thorium-231)","'99.88550568"
"'317","'LINE","'into 231 Pa?","'97.88431549"
"'317","'LINE","'5. You know that excessive exposure to radiation may damage living tissues and","'99.96971130"
"'317","'LINE","'organs, depending on the amount of radiation received (i.e. the dose). Write","'99.98284912"
"'317","'LINE","'some factors on which the extent of the potential damage depends on?","'99.97070313"
"'317","'LINE","'6. It is known that radioactive decay is a statistical process. Is it possible to","'99.88377380"
"'317","'LINE","'determine the constancy of t1/2, or a for a given radioactive element with one","'96.67062378"
"'317","'LINE","'of few atomic nuclei?","'99.98535156"
"'317","'LINE","'7. Determine the reaction equations of the decays of U-238 by alpha emission","'99.96832275"
"'317","'LINE","'and Th-234 by beta minus emission?","'99.84023285"
"'317","'LINE","'8. Does the probability per unit time that a radioactive nucleus will decay,","'99.82716370"
"'317","'LINE","'increase, decrease or remain the same independent of time?","'99.96817780"
"'317","'LINE","'9. Compare Geiger counter with Scintillator.","'99.81275940"
"'317","'LINE","'10. Given alcohol, argon gas, oxygen and hydrogen gas, which one of these acts","'99.97198486"
"'317","'LINE","'as ionizing gas in Geiger Muller counter?","'99.97070313"
"'317","'LINE","'11. What is the activity of a sample of 100 million atoms of carbon-14? The decay","'99.78952026"
"'317","'LINE","'constant, 2, is 3.84 X 10⁻¹² s-¹.","'79.21618652"
"'317","'LINE","'12. Here is a table showing the activity of a sample of technetium-99, a gamma","'99.61145782"
"'317","'LINE","'emitter which is often used in medical investigations. Plot the activity VS time","'97.25380707"
"'317","'LINE","'graph to show this data and work out the half life","'99.98313141"
"'317","'LINE","'Activity (Bq)","'89.05970764"
"'317","'LINE","'Time (hours)","'99.88121796"
"'317","'LINE","'4000","'99.97070313"
"'317","'LINE","'O","'55.37946320"
"'317","'LINE","'2000","'99.99023438"
"'317","'LINE","'6","'98.90246582"
"'317","'LINE","'1000","'99.51191711"
"'317","'LINE","'12","'99.75505829"
"'317","'LINE","'500","'99.95037079"
"'317","'LINE","'18","'99.89257813"
"'317","'LINE","'250","'99.97070313"
"'317","'LINE","'24","'99.93083954"
"'317","'LINE","'125","'99.91131592"
"'317","'LINE","'30","'99.35247803"
"'317","'LINE","'75","'99.88281250"
"'317","'LINE","'36","'99.93083954"
"'317","'LINE","'13. How do the electric charges of alpha, beta and gamma rays differ?","'99.97433472"
"'317","'LINE","'14. How does the source differ for a beam of gamma rays and a beam of X rays?","'99.49211121"
"'317","'LINE","'15. When beta emission occurs, what change takes place in an atomic nucleus?","'99.96658325"
"'317","'LINE","'16. Among the three radiations, alpha, beta and gamma radiations, which radiation","'99.95552063"
"'317","'LINE","'is the most fatal to the human beings?","'99.98657227"
"'317","'LINE","'17. Why does neutron radiation attain the highest penetration depth compared to","'99.97200012"
"'317","'LINE","'alpha and beta radiations?","'99.98515320"
"'317","'LINE","'311","'99.67534637"
"'318","'LINE","'Physics","'99.91131592"
"'318","'LINE","'Student Text Book","'99.84461212"
"'318","'LINE","'7.3 Use of nuclear radiation","'99.96484375"
"'318","'LINE","'By the end of this section you should be able to:","'99.91428375"
"'318","'LINE","'investigate the benefits and hazards (nuclear waste) of nuclear energy","'99.95768738"
"'318","'LINE","'production;","'99.95037079"
"'318","'LINE","'discuss and appreciate the application of nuclear medicine","'99.97895050"
"'318","'LINE","'?","'99.17889404"
"'318","'LINE","'Brainstorming questions","'99.96542358"
"'318","'LINE","'1. Have you ever heard that goiter can be treated using radiations?","'99.95924377"
"'318","'LINE","'2. Have you ever heard about how ages of fossils such as Lucy/Dinknesh are","'99.97279358"
"'318","'LINE","'determined? Outside of some harmful applications such as nuclear weaponry,","'99.98331451"
"'318","'LINE","'there remains a wide array/range of ways in which radioactive material and","'99.87499237"
"'318","'LINE","'the radiation it gives off remain useful in the daily lives of people all over the","'99.98596191"
"'318","'LINE","'world. The nuclear technologies are in use to improve agriculture, industries,","'99.95761871"
"'318","'LINE","'medicine, water and sanitation and power generation. Among these, only two","'99.97744751"
"'318","'LINE","'uses, namely, medical application and radioactive dating are discussed below.","'99.87464142"
"'318","'LINE","'Medical applications of nuclear radiation","'99.98421478"
"'318","'LINE","'Nuclear medicine uses radioactive material inside the body to see how organs or","'99.97571564"
"'318","'LINE","'tissue are functioning (for diagnosis) or to destroy damaged or diseased organs or","'99.95218658"
"'318","'LINE","'tissue (for treatment).","'99.88800049"
"'318","'LINE","'For diagnosis, nuclear medicine can show how the organs or tissues are functioning.","'99.94436646"
"'318","'LINE","'For most diagnostic procedures, a tracer, which contains the radioactive material,","'99.89704895"
"'318","'LINE","'is injected, swallowed, or inhaled. Then, a radiation detector is used to see how","'99.91638184"
"'318","'LINE","'much of the tracer is absorbed or how it reacts in the organ or tissue. The nuclear","'99.98324585"
"'318","'LINE","'diagnostics are more often used in imaging.","'98.93121338"
"'318","'LINE","'Some radioactive nuclides in use for diagnosis include fluorine-18, gallium-67,","'99.86965942"
"'318","'LINE","'krypton-81m, rubidium-82, nitrogen-13, technetium-99m, indium-111, iodine-123,","'98.33941650"
"'318","'LINE","'xenon-133, and thallium-201.","'98.67227173"
"'318","'LINE","'To diagnose cancer, positron emitting nucleotides (PET) are used to scan for a","'99.91238403"
"'318","'LINE","'short period. In this type of nuclear medicine, the tracer is used to show the natural","'99.98139191"
"'318","'LINE","'activity of cells, providing more detailed information on how organs are working","'99.98860931"
"'318","'LINE","'and if there is damage to the cells. Some common uses of PET scans include","'99.98036194"
"'318","'LINE","'diagnosing heart disease, Alzheimer's disease, and brain disorders. PET scans are","'99.83071899"
"'318","'LINE","'often combined with computed tomography (CT) scans or magnetic resonance","'99.95631409"
"'318","'LINE","'312","'99.97070313"
"'319","'LINE","'Grade 11","'99.82870483"
"'319","'LINE","'imaging (MRI) which provides three-dimensional images of the organ.","'99.96401978"
"'319","'LINE","'Nuclear treatment in Ethiopia","'99.95809937"
"'319","'LINE","'Based on the basics of medical application, in Ethiopia, there are Nuclear Technology","'99.98184967"
"'319","'LINE","'activities. Previously, the Black Lion Specialized Hospital (a teaching hospital under Addis","'99.83757019"
"'319","'LINE","'Ababa University) uses radioisotope for the treatment of cancer.","'99.96383667"
"'319","'LINE","'For treatment (Nuclear radiation therapy):- Radiation therapy is a type of cancer","'99.93830109"
"'319","'LINE","'treatment that uses high energy beams to destroy cancer cells and shrink tumors.","'99.99474335"
"'319","'LINE","'Cancer cells grow and divide faster than most normal cells. The radiation works by","'99.99017334"
"'319","'LINE","'making small breaks in the DNA inside cells. These breaks keep cancer cells from","'99.99227142"
"'319","'LINE","'growing and dividing and cause them to die. The radiation may injure noncancerous","'99.97202301"
"'319","'LINE","'cells, but most are able to recover. There are two broad types of radiation therapy","'99.99023438"
"'319","'LINE","'that doctors use to treat cancers: internal and external.","'99.97803497"
"'319","'LINE","'External beam radiation, or teletherapy: In this type of treatment, the","'99.97019958"
"'319","'LINE","'energy beams come from a machine outside of the body. The beam is","'99.94205475"
"'319","'LINE","'precisely aimed and it penetrates the body to reach the cancer site. For","'99.98873138"
"'319","'LINE","'example, such treatment can be carried out using a gamma beam from","'99.92990112"
"'319","'LINE","'a radioactive cobalt-60 source.","'99.72232819"
"'319","'LINE","'Internal radiation therapy: Brachytherapy and Systemic radiation thera-","'99.96897888"
"'319","'LINE","'py: In Brachytherapy, a doctor places usually a gamma or beta emitter,","'98.70630646"
"'319","'LINE","'in or near the cancer site. The implants come in different shapes, which","'99.97665405"
"'319","'LINE","'include: tube, wire, capsule, seeds, and pellets. For example, io-","'99.96526337"
"'319","'LINE","'dine-131 is commonly used to treat thyroid cancer and non-malignant","'99.79452515"
"'319","'LINE","'thyroid disorders. It is produced in wire form. In Systemic radiation","'99.97396851"
"'319","'LINE","'therapy, the patient requires swallowing a radioactive substance, which","'99.82979584"
"'319","'LINE","'travels throughout the body to find and kill the cancerous cells. Alter-","'99.96691895"
"'319","'LINE","'natively, a healthcare professional may inject the radioactive substance","'99.92415619"
"'319","'LINE","'into a person's vein.","'99.69551849"
"'319","'LINE","'?","'96.53320313"
"'319","'LINE","'Activity 7.8:","'99.46697235"
"'319","'LINE","'Contact a knowledgeable person such as a radiologist in a local hospital for","'99.63292694"
"'319","'LINE","'demonstration regarding the use of nuclear medicine for analysis or treatment.","'99.97751617"
"'319","'LINE","'If a tour cannot be arranged your teacher may perhaps invite a specialist to speak","'99.90687561"
"'319","'LINE","'to the class.","'99.99349213"
"'319","'LINE","'313","'99.87224579"
"'320","'LINE","'Physics","'99.88201141"
"'320","'LINE","'Student Text Book","'99.82156372"
"'320","'LINE","'Radioactive dating","'99.90722656"
"'320","'LINE","'Radioactive dating or radioisotope dating is a technique which is used to date materials","'99.81113434"
"'320","'LINE","'by use of naturally occurring radioactivity.","'99.91552734"
"'320","'LINE","'That is, in radioactive dating, scientists count the number of parent isotopes and","'99.96952057"
"'320","'LINE","'daughter isotopes formed from the nuclear decay to determine how many half-","'99.97437286"
"'320","'LINE","'lives have passed and provide a suggestion of the age of an object. Thus, once the","'99.93196869"
"'320","'LINE","'isotopic abundances of each parent/daughter elements is determined using the","'99.94541168"
"'320","'LINE","'mass spectrometer, the age (t), of the object can be calculated using the formula","'99.97611237"
"'320","'LINE","'N=N0e^lambda*t.","'89.06947327"
"'320","'LINE","'Its most famous application is carbon-14 dating. Carbon-14 has a half-life of","'99.88865662"
"'320","'LINE","'5730 years. Radioactive carbon has the same chemistry as stable carbon, and so it","'99.74706268"
"'320","'LINE","'mixes into the ecosphere, where it is consumed and becomes part of every living","'99.98169708"
"'320","'LINE","'organism. Carbon-14 has an abundance of 1.3 parts per trillion of normal carbon.","'99.95537567"
"'320","'LINE","'Thus, if you know the number of carbon nuclei in an object (perhaps determined","'99.98390198"
"'320","'LINE","'by mass and Avogadro's number), you multiply that number by 1.3x10⁻¹² to find","'98.35289001"
"'320","'LINE","'the number of ¹⁴C nuclei in the object. When an organism dies, carbon exchange","'98.61012268"
"'320","'LINE","'with the environment ceases, and ¹⁴C is not replenished as it decays. By comparing","'98.77542114"
"'320","'LINE","'the abundance of 14 C in an artifact with the normal abundance in living tissue, it is","'99.10028839"
"'320","'LINE","'possible to determine the artifact's age (or time since death).","'99.59626007"
"'320","'LINE","'Carbon-14 dating can be used for biological tissues as old as 50 or 60 thousand years,","'99.90890503"
"'320","'LINE","'but is most accurate for younger samples, since the abundance of ¹⁴C nuclei in them","'98.23251343"
"'320","'LINE","'is greater. Very old biological materials contain no ¹⁴C at all. There are instances in","'98.74872589"
"'320","'LINE","'which the date of an artifact can be determined by other means, such as historical","'99.98437500"
"'320","'LINE","'knowledge or tree-ring counting. These cross-references have confirmed the validity","'99.93222046"
"'320","'LINE","'of carbon-14 dating and permitted us to calibrate the technique as well. Carbon-14","'99.88583374"
"'320","'LINE","'dating revolutionized parts of archaeology.","'99.95233154"
"'320","'LINE","'Localized Applications of radioactive dating","'99.98030853"
"'320","'LINE","'Dinikenesh or Lucy was discovered in 1974 in Ethiopia, at Hadar, in Afar by","'99.93770599"
"'320","'LINE","'paleoanthropologist Donald Johanson. After all her bone fragments were collected","'99.91344452"
"'320","'LINE","'and reconstructed, Lucy was taken to USA so that her age is measured precisely.","'99.78750610"
"'320","'LINE","'Which method was used to measure the age of Lucy? Can carbon dating be applicable?","'99.78050232"
"'320","'LINE","'Carbon-14 has the same chemistry as stable carbon, and so it mixes into the","'99.71812439"
"'320","'LINE","'ecosphere, where it is consumed and becomes part of every living organism. When","'99.97339630"
"'320","'LINE","'the organism dies, carbon exchange with the environment ceases, and as a result","'99.94524384"
"'320","'LINE","'C-14 is not replenished as it decays. Since the ratio of C-14 to total carbon nuclei is","'99.64753723"
"'320","'LINE","'very small (about 1.3x10⁻¹²), C-14 concentration falls nearly to zero after about nine","'97.85953522"
"'320","'LINE","'314","'99.80388641"
"'321","'LINE","'Grade 11","'99.83238983"
"'321","'LINE","'half-lives (about more than 50 thousand years). This implies that Lucy is too old for","'99.96343231"
"'321","'LINE","'radiocarbon dating and hence other methods were employed to find her age.","'99.98590088"
"'321","'LINE","'The appropriate method used was","'99.98616791"
"'321","'LINE","'argon-argon (⁴⁰Ar-³⁹Ar) dating on","'85.03587341"
"'321","'LINE","'tiny crystals in layers of volcanic","'99.98847198"
"'321","'LINE","'ash sandwiching the sediments","'99.95281982"
"'321","'LINE","'where Dinikenesh was found. In","'99.94224548"
"'321","'LINE","'this measurement, her age was","'99.97217560"
"'321","'LINE","'found to be 3.18 million years.","'99.98697662"
"'321","'LINE","'Figure 7.11 shows several hundred","'99.95312500"
"'321","'LINE","'fossils of Lucy 40% pieces of the","'99.99430847"
"'321","'LINE","'skeleton of female found in Afar","'99.99837494"
"'321","'LINE","'Figure 7.11: Several hundred fossils of Lucy","'99.90177155"
"'321","'LINE","'region in Ethiopia.","'99.85736847"
"'321","'LINE","'with 40 percent pieces.","'99.95829773"
"'321","'LINE","'Review Questions 7.3","'99.92187500"
"'321","'LINE","'1. State some uses of radioactive isotopes.","'99.94408417"
"'321","'LINE","'2. Why might a radioactive source be injected into a patient?","'99.57942200"
"'321","'LINE","'3. What are radioactive tracers used for?","'99.97628021"
"'321","'LINE","'4. What is radioactive dating? Explain how it works.","'99.97278595"
"'321","'LINE","'5. Injected radioactive sources can be used as tracers to make soft tissues, such","'99.97338104"
"'321","'LINE","'as blood vessels or the kidneys, show up through medical imaging processes.","'99.97952271"
"'321","'LINE","'Which radiation type should the radioactive source used emit?","'99.99240875"
"'321","'LINE","'6. Depending on the object that scientists are trying to study, different radioactive","'99.97058105"
"'321","'LINE","'dating techniques can be used. Why do scientists prefer to use:","'99.97485352"
"'321","'LINE","'A.K-40 for dating of rocks that are older than 100,000?","'99.78176880"
"'321","'LINE","'B. C-14 for dating of fossils and some rocks?","'95.95749664"
"'321","'LINE","'7. How can carbon dating be used to measure age of dead organisms?","'99.97796631"
"'321","'LINE","'8. List some commonly used element pairs to establish absolute ages.","'99.98661041"
"'321","'LINE","'9. Right after scanning using radiation for diagnosis, does the body remain","'99.98935699"
"'321","'LINE","'radioactive? Is it harmful to approach the irradiated person?","'99.98146057"
"'321","'LINE","'315","'99.89178467"
"'322","'LINE","'Physics","'99.87224579"
"'322","'LINE","'I","'54.18098450"
"'322","'LINE","'Student Text Book","'99.82833862"
"'322","'LINE","'7.4 Nuclear Reaction and Energy Production","'99.98684692"
"'322","'LINE","'By the end of this section you should be able to:","'99.93062592"
"'322","'LINE","'distinguish between the two types of nuclear reaction;","'99.97152710"
"'322","'LINE","'appreciate the sun as a big nuclear reactor.","'99.79021454"
"'322","'LINE","'discuss the use (energy production, production of important isotopes, etc.)","'99.92295074"
"'322","'LINE","'and misuse (nuclear bomb) of artificial nuclear reaction.","'99.95066833"
"'322","'LINE","'Nuclear reactions are processes in which one or more nuclides are produced from the","'99.97198486"
"'322","'LINE","'collisions between two atomic nuclei or from the collisions between a nucleus and","'99.92509460"
"'322","'LINE","'a subatomic particle. In general, there are two types of nuclear reactions, namely;","'99.94742584"
"'322","'LINE","'fission reaction, and","'99.94386292"
"'322","'LINE","'fusion reaction.","'99.94100952"
"'322","'LINE","'Nuclear fission reaction","'99.96745300"
"'322","'LINE","'Nuclear fission is the splitting of a heavy atomic nucleus such as uranium-235, into two","'99.82862854"
"'322","'LINE","'fragments of roughly equal mass. Nuclear fission is a form of nuclear transmutation,","'99.85157013"
"'322","'LINE","'meaning that the starting atoms are not the same elements as the resultant - or","'98.66532898"
"'322","'LINE","'daughter - product atoms. In nuclear reactors, nuclear fission usually takes place by","'97.11788177"
"'322","'LINE","'inducing neutrons into the parent nuclei. In neutron induced fission reactions, two","'99.95444489"
"'322","'LINE","'additional neutrons are released per one incident neutron.","'99.97660828"
"'322","'LINE","'Nuclear fission is accompanied by the release of a large amount of energy. Part of","'99.94842529"
"'322","'LINE","'this energy is converted into the kinetic energy of the fission fragments and the","'99.98367310"
"'322","'LINE","'remaining energy is converted into different forms such as heat and sound. For","'99.98397827"
"'322","'LINE","'example, consider the fission reaction equation on U-235, given by:","'99.95354462"
"'322","'LINE","'""Ba+""Kr+3'n+200MeV","'20.60497093"
"'322","'LINE","'The reaction is described pictorially as shown in Figure 7.12.","'99.88632202"
"'322","'LINE","'316","'99.87304688"
"'323","'LINE","'Grade 11","'99.90642548"
"'323","'LINE","'144","'99.99023438"
"'323","'LINE","'56","'99.96093750"
"'323","'LINE","'Ba","'94.67693329"
"'323","'LINE","'235","'99.95117188"
"'323","'LINE","'92","'99.96093750"
"'323","'LINE","'U","'96.66832733"
"'323","'LINE","'Neutron","'99.80069733"
"'323","'LINE","'200","'99.96093750"
"'323","'LINE","'Neutron","'100.00000000"
"'323","'LINE","'MeV","'99.56233978"
"'323","'LINE","'Neutron","'99.96014404"
"'323","'LINE","'Neutron","'99.87065887"
"'323","'LINE","'89","'99.93164063"
"'323","'LINE","'36","'99.89098358"
"'323","'LINE","'Kr","'93.32769012"
"'323","'LINE","'Figure 7.12: The atomic fission of 235U.","'91.19533539"
"'323","'LINE","'In this reaction, the sum of the nuclear binding energy U-235 and the kinetic","'99.95832825"
"'323","'LINE","'energy of the incident neutron (n-1) is equal to the sum of kinetic energy of the two","'99.97511292"
"'323","'LINE","'daughter nuclides (Ba-144 and Kr-89); the kinetic energy of the three neutrons and","'99.80107117"
"'323","'LINE","'the 200MeV energy, which is directly released","'99.98046875"
"'323","'LINE","'Key terms:","'99.90114594"
"'323","'LINE","'Nuclear fission is the splitting of a nucleus of an atom into two or more smaller","'99.81050110"
"'323","'LINE","'nuclei.","'99.99023438"
"'323","'LINE","'Nuclear fusion is a reaction in which two or more atomic nuclei are combined to","'99.79586792"
"'323","'LINE","'form one or more different atomic nuclei and subatomic particles.","'99.95541382"
"'323","'LINE","'Example 7.4","'99.89746094"
"'323","'LINE","'A nuclear fission reaction is given below. Complete the equation, find the value of X","'98.71498871"
"'323","'LINE","'and determine the type of the element, Y.","'99.97538757"
"'323","'LINE","'²³⁵U+¹n X Y + 139 Cs + 2 + energy","'76.15322113"
"'323","'LINE","'Solution:","'99.84215546"
"'323","'LINE","'The equation is balanced on both sides so the total mass number on the left side","'99.68757629"
"'323","'LINE","'must be the same as the total mass number on the right side. Thus,","'99.98599243"
"'323","'LINE","'235 + 1 = X + 139 + 2, or X = 95, which corresponds to Rb-95.","'98.75437164"
"'323","'LINE","'317","'99.77458954"
"'324","'LINE","'Physics","'99.91131592"
"'324","'LINE","'Student Text Book","'99.85763550"
"'324","'LINE","'?","'96.51367188"
"'324","'LINE","'Activity 7.9: Simulating nuclear reactions","'99.88349152"
"'324","'LINE","'Simulate nuclear reactions produced by high speed particles using marbles","'99.98405457"
"'324","'LINE","'accelerated down sloping aluminum channel into saucer. Those in saucer are","'99.98387909"
"'324","'LINE","'analogous to target nuclei. Include several marbles of differing sizes. Show effect","'99.98257446"
"'324","'LINE","'of speed by launching from different height and angles and effect of mass and","'99.99436188"
"'324","'LINE","'increased momentum of projectiles by using different marbles. Marble sufficient","'99.97714233"
"'324","'LINE","'momentum can cause ejection of one or more marbles from saucer.","'99.97322083"
"'324","'LINE","'Discuss analogy to bombarding nuclei with particles of ever increasing mass","'99.98750305"
"'324","'LINE","'proton, deuteron, and alpha.","'99.95281982"
"'324","'LINE","'Applications of fission reaction","'99.97518921"
"'324","'LINE","'Chain nuclear reaction:","'99.99674225"
"'324","'LINE","'Fission reaction has several applications. Its","'99.96014404"
"'324","'LINE","'In a chain reaction, neutrons","'99.26004028"
"'324","'LINE","'application in nuclear reactors is the concern","'99.98314667"
"'324","'LINE","'released in fission produce an","'99.98046875"
"'324","'LINE","'of this section. There are two types of nuclear","'99.98680115"
"'324","'LINE","'additional fission in at least one","'99.98535156"
"'324","'LINE","'reactors: power reactor and research reactor.","'99.99023438"
"'324","'LINE","'further nucleus. This nucleus in","'99.98226166"
"'324","'LINE","'turn produces neutrons, and the","'99.99218750"
"'324","'LINE","'Power reactors (PR) are used to generate","'99.98884583"
"'324","'LINE","'process repeats. The process may","'99.96631622"
"'324","'LINE","'electricity by the process of nuclear fission. In","'99.98881531"
"'324","'LINE","'be controlled (nuclear power) or","'99.94092560"
"'324","'LINE","'a chain nuclear reaction, undertaking in nuclear","'99.85519409"
"'324","'LINE","'uncontrolled (nuclear weapons).","'99.96067047"
"'324","'LINE","'reactor, the kinetic energy of fission fragments","'99.95444489"
"'324","'LINE","'Chain reaction occurs only above","'99.99007416"
"'324","'LINE","'and the energy released will be converted to heat.","'99.99349213"
"'324","'LINE","'a certain mass called critical","'99.02622986"
"'324","'LINE","'The heat produces steam which is used to drive","'99.99565887"
"'324","'LINE","'mass.","'99.88281250"
"'324","'LINE","'the turbine of a generator to produce electricity.","'99.96786499"
"'324","'LINE","'Pressuriser","'99.77140808"
"'324","'LINE","'Control rods","'99.66477966"
"'324","'LINE","'Steam","'99.95037079"
"'324","'LINE","'Steam","'100.00000000"
"'324","'LINE","'generator","'99.93083954"
"'324","'LINE","'Steel","'99.97070313"
"'324","'LINE","'pressure","'99.99023438"
"'324","'LINE","'vessel","'99.91051483"
"'324","'LINE","'Water","'99.87145233"
"'324","'LINE","'Fuel elements","'99.78964233"
"'324","'LINE","'Reinforced concrete","'99.92067719"
"'324","'LINE","'containment and shield","'99.84434509"
"'324","'LINE","'Figure 7.14: Scheme of a power reactor","'99.82043457"
"'324","'LINE","'318","'99.79412842"
"'325","'LINE","'Grade 11","'99.80388641"
"'325","'LINE","'There are several components common to most types of reactor:","'99.97656250"
"'325","'LINE","'Fuel: Uranium is the basic fuel. Usually pellets of uranium oxide","'99.98831177"
"'325","'LINE","'(UO₂) are arranged in tubes to form fuel rods. The rods are arranged","'98.33464813"
"'325","'LINE","'into fuel assemblies in the reactor core.","'99.96466827"
"'325","'LINE","'Moderator: Material in the core which slows down the neutrons re-","'99.97070313"
"'325","'LINE","'leased from fission so that they cause more fission. It is usually water,","'99.78492737"
"'325","'LINE","'but may be heavy water or graphite.","'99.95909119"
"'325","'LINE","'Control rods or blades: These are made with neutron-absorbing mate-","'99.91725159"
"'325","'LINE","'rial such as cadmium, hafnium or boron, and are inserted or withdrawn","'99.96230316"
"'325","'LINE","'from the core to control the rate of reaction, or to halt it.","'99.97058105"
"'325","'LINE","'Coolant: A fluid circulating through the core so as to transfer the heat","'98.82215881"
"'325","'LINE","'from it. In light water reactors the water moderator functions also as","'99.98128510"
"'325","'LINE","'primary coolant.","'99.95525360"
"'325","'LINE","'Pressure vessel or pressure tubes: Usually a robust steel vessel contain-","'99.95436096"
"'325","'LINE","'ing the reactor core and moderator/coolant, but it may be a series of","'99.85343933"
"'325","'LINE","'tubes holding the fuel and conveying the coolant through the surround-","'99.98919678"
"'325","'LINE","'ing moderator.","'99.95077515"
"'325","'LINE","'Steam generator: Part of the cooling system of pressurized water re-","'99.97676849"
"'325","'LINE","'actors where the high-pressure primary coolant bringing heat from the","'99.97843170"
"'325","'LINE","'reactor is used to make steam for the turbine, in a secondary circuit.","'99.94142151"
"'325","'LINE","'Containment: The structure around the reactor and associated steam","'99.96916962"
"'325","'LINE","'generators which is designed to protect it from outside intrusion and to","'99.97043610"
"'325","'LINE","'protect those outside from the effects of radiation in case of any seri-","'99.97102356"
"'325","'LINE","'ous malfunction inside. It is typically a meter-thick concrete and steel","'99.93031311"
"'325","'LINE","'structure.","'99.93083954"
"'325","'LINE","'Research reactors (RR) are nuclear fission-based nuclear reactors that serve","'99.95206451"
"'325","'LINE","'primarily as a neutron source. Research reactors are simpler than power reactors and","'99.94798279"
"'325","'LINE","'operate at lower temperatures. They need far less fuel, and far less fission products","'99.97303772"
"'325","'LINE","'build up as the fuel is used. They are also called non-power reactors, in contrast to","'99.96938324"
"'325","'LINE","'power reactors. The neutrons produced by a research reactor are used for different","'99.97202301"
"'325","'LINE","'purposes such as neutron scattering, analysis and testing of materials, production of","'99.95789337"
"'325","'LINE","'radioisotopes, research and public outreach, and education.","'99.89611053"
"'325","'LINE","'Radioisotopes can be produced in research reactors by exposing suitable target","'99.88418579"
"'325","'LINE","'materials to the intense neutron radiation for an appropriate time. The quality and","'99.97872162"
"'325","'LINE","'specific activity of the radioisotopes produced depends on both the target and the","'99.84300232"
"'325","'LINE","'irradiation conditions. A wide range of isotopes are made at reactors, from elements","'99.54039001"
"'325","'LINE","'as light as carbon-14 to as heavy as mercury-203, with irradiations ranging from","'99.92150879"
"'325","'LINE","'minutes to weeks.","'99.96691895"
"'325","'LINE","'319","'99.73473358"
"'326","'LINE","'Physics","'99.89178467"
"'326","'LINE","'Student Text Book","'99.81803894"
"'326","'LINE","'For example, Mo-99-the parent to the widely used medical diagnostic radioisotope","'98.77020264"
"'326","'LINE","'Tc-99m-is usually produced via neutron-induced fission of targets with U-235","'99.77162170"
"'326","'LINE","'using a 4- to 8-day irradiation time.","'99.58206940"
"'326","'LINE","'The problems posed by nuclear waste of reactors","'99.99379730"
"'326","'LINE","'Nuclear waste refers to the byproducts of nuclear reactors. One of the main","'99.98009491"
"'326","'LINE","'difficulties is that the isotopes used in nuclear power stations typically have very long","'99.98099518"
"'326","'LINE","'half lives. Plutonium-239 has a half-life of 24100 years; in contrast plutonium-238","'99.76250458"
"'326","'LINE","'has a half-life of 88 years. Spent nuclear fuel is the most important source of waste","'99.89850616"
"'326","'LINE","'from nuclear power stations and is mainly unconverted uranium. About 3% of it is","'99.97605896"
"'326","'LINE","'fission products from nuclear reactions. The actinides (uranium, plutonium, and","'99.86447906"
"'326","'LINE","'curium) are responsible for the bulk of the long-term radioactivity, whereas the","'99.94644165"
"'326","'LINE","'fission products are responsible for the bulk of the short-term radioactivity.","'99.92899323"
"'326","'LINE","'After about 5 percent of a nuclear fuel rod has reacted inside a nuclear reactor, it will","'99.89275360"
"'326","'LINE","'no longer able to be used as fuel due to the build-up of fission products.","'99.96522522"
"'326","'LINE","'Scientists are experimenting on methods for reusing these rods in order to reduce","'99.98641968"
"'326","'LINE","'waste and use the remaining actinides as fuel.","'99.96166229"
"'326","'LINE","'?","'98.04687500"
"'326","'LINE","'Activity 7.10 : Research nuclear power","'98.60826874"
"'326","'LINE","'1. Work in a small group to research one of the following topics. Students can be","'99.85361481"
"'326","'LINE","'assigned to investigate and report","'99.97835541"
"'326","'LINE","'The fraction of energy generated from nuclear power in Africa and the rest","'99.98786163"
"'326","'LINE","'of the world","'99.98371887"
"'326","'LINE","'Peaceful uses of Nuclear Radiation in Ethiopia and Africa","'99.96257782"
"'326","'LINE","'Nuclear Facilities in Africa","'99.91295624"
"'326","'LINE","'Present your findings to the rest of your class in a form of your choice.","'99.92845917"
"'326","'LINE","'7.4.1. Nuclear fusion reaction and its uses","'99.93921661"
"'326","'LINE","'Nuclear fusion reaction is a process of making a single heavy nucleus from the","'99.92938995"
"'326","'LINE","'combination of two or more lighter nuclei. In most cases, fusion reaction releases","'99.97559357"
"'326","'LINE","'more energy than fission reaction. The process releases energy because the total","'99.97681427"
"'326","'LINE","'mass of the resulting single nucleus is less than the mass of the two original nuclei.","'99.98271179"
"'326","'LINE","'The leftover mass becomes energy.","'99.85276031"
"'326","'LINE","'320","'99.91210938"
"'327","'LINE","'Grade 11","'99.84335327"
"'327","'LINE","'Use of nuclear fusion as source of energy in the sun","'99.97144318"
"'327","'LINE","'The principal source of energy in the sun is a net fusion reaction in which four","'99.96176147"
"'327","'LINE","'hydrogen nuclei fuses and produce a helium nucleus and two positrons. This is a net","'99.91614532"
"'327","'LINE","'reaction of a more complicated series of events:","'99.93807220"
"'327","'LINE","'41H ₄He + 2 +1ß","'48.72761536"
"'327","'LINE","'The mass of the resulting helium nucleus has a mass that is 0.7% less than that of","'99.94816589"
"'327","'LINE","'the four hydrogen nuclei. This lost mass (the mass defect) is converted into energy","'99.97541046"
"'327","'LINE","'during the fusion. The energy produced in this reaction is about 3.6 X 10¹¹ kJ of","'99.24176788"
"'327","'LINE","'energy per mole of He-4 produced. This energy is greater by 20 fold than the energy","'99.92691803"
"'327","'LINE","'produced by the nuclear fission of one mole of U-235, and over 3 million times","'99.97309113"
"'327","'LINE","'larger than the energy produced by (chemical) combustion of one mole of octane.","'99.98710632"
"'327","'LINE","'The heavy isotopes of hydrogen, a deuteron, and a triton, , also undergo fusion at","'99.07553101"
"'327","'LINE","'extremely high temperatures. They form a helium nucleus and a neutron:","'99.81652069"
"'327","'LINE","'2H + 3H ₄He +","'53.65876007"
"'327","'LINE","'This change proceeds with a mass loss of 0.0188 amu, corresponding to the release","'99.95519257"
"'327","'LINE","'of of He-4 formed. The very high temperature is necessary to give the nuclei","'99.92577362"
"'327","'LINE","'enough kinetic energy to overcome the very strong repulsive forces resulting from","'99.98433685"
"'327","'LINE","'the positive charges on their nuclei so they can collide.","'99.76010132"
"'327","'LINE","'Figure 7.13 shows the cyclic sun fusion reaction to form a very strong release in","'99.87138367"
"'327","'LINE","'the electromagnetic radiation.","'99.86388397"
"'327","'LINE","'Nuclear Fusion","'99.54191589"
"'327","'LINE","'Deuterium","'99.19303894"
"'327","'LINE","'Fusion","'99.89098358"
"'327","'LINE","'Helium","'99.71201324"
"'327","'LINE","'Energy","'99.84295654"
"'327","'LINE","'Tritium","'94.54081726"
"'327","'LINE","'Neutron","'99.23369598"
"'327","'LINE","'Figure 7.13: Nuclear fusion reaction process of the H isotopes.","'99.58454132"
"'327","'LINE","'Hydrogen bomb: One of the misuses of nuclear fusion reaction is its application for","'99.98030090"
"'327","'LINE","'hydrogen bomb, which has higher destructive power and greater efficiencies than","'99.97737122"
"'327","'LINE","'atomic bombs. Fusion weapons are also referred to as thermonuclear bombs.","'99.98306274"
"'327","'LINE","'321","'99.84295654"
"'328","'LINE","'Physics I Student Text Book","'91.11749268"
"'328","'LINE","'?","'96.14257813"
"'328","'LINE","'Activity 7.10:","'98.78826904"
"'328","'LINE","'Observe simulation of Nuclear Collisions using free applets available from the","'99.98461914"
"'328","'LINE","'internet. Demonstrate nuclear reactions using virtual laboratory simulation","'99.94519043"
"'328","'LINE","'software's like PhET.","'99.04389954"
"'328","'LINE","'Review Questions 7.4","'99.87304688"
"'328","'LINE","'1. List uses of applications of nuclear reaction","'99.94487000"
"'328","'LINE","'2. What are the basic differences between nuclear fission and fusion reaction","'99.97769928"
"'328","'LINE","'processes?","'99.99023438"
"'328","'LINE","'3. Complete the following nuclear reactions:","'99.94778442"
"'328","'LINE","'(a) 'Be+|H ⁶Li+","'42.82854462"
"'328","'LINE","'(b) He 13N+_","'59.47814178"
"'328","'LINE","'4. Describe the nature of research reactors by comparing it with the power","'99.98271942"
"'328","'LINE","'reactors.","'99.99023438"
"'328","'LINE","'5. Why is Technetium-99 considered as the most important radioactive isotope","'99.93824005"
"'328","'LINE","'for medical applications?","'100.00000000"
"'328","'LINE","'6. Is nuclear energy from radioisotopes in use for space travel?","'99.97144318"
"'328","'LINE","'7. Is there any radiation hazard from nuclear wastes of nuclear reactors? If so,","'99.74119568"
"'328","'LINE","'how?","'99.99023438"
"'328","'LINE","'8. Caesium-137 is a by-product of nuclear fission within a nuclear reactor.","'99.52278137"
"'328","'LINE","'a) Copy and complete this equation which describes the production of","'99.84713745"
"'328","'LINE","'137 55 Cs by finding X and y.","'89.16462708"
"'328","'LINE","'b) The half-life of Cesium is 30 years. When the fuel rods are removed","'99.96297455"
"'328","'LINE","'from a nuclear reactor core, the total activity of caesium-137 is 5.8 X","'98.58398438"
"'328","'LINE","'10¹⁵ Bq. After how many years will this have fallen to 1.6 X 10⁶ Bq?","'96.40858459"
"'328","'LINE","'c) Comment on the problems of storage of the fuel rods over this time","'99.38588715"
"'328","'LINE","'period.","'99.96014404"
"'328","'LINE","'9. Does Fusion produce radioactive nuclear waste the same way fission does?","'99.98040009"
"'328","'LINE","'10. Is there chain reaction in nuclear fusion? Can fusion cause a nuclear accident?","'99.81609344"
"'328","'LINE","'11. Can fusion reactors be used to produce weapons?","'99.97721100"
"'328","'LINE","'12. In the fusion reaction below, determine the mass defect.","'99.97233582"
"'328","'LINE","'H :He+,B+energy","'50.52176285"
"'328","'LINE","'322","'99.92187500"
"'329","'LINE","'Grade 11","'99.84823608"
"'329","'LINE","'7.5 Safety Rules Against Hazards of Nuclear","'99.99023438"
"'329","'LINE","'Radiation","'100.00000000"
"'329","'LINE","'By the end of this section you should be able to:","'99.92870331"
"'329","'LINE","'implement safety rules against hazards of nuclear radiation.","'99.97396851"
"'329","'LINE","'Nuclear Safety rules","'99.98371887"
"'329","'LINE","'Nuclear safety is defined by the International Atomic Energy Agency (IAEA) as ""The","'99.60784149"
"'329","'LINE","'achievement of proper operating conditions, prevention of accidents or mitigation","'99.94036865"
"'329","'LINE","'of accident consequences, resulting in protection of workers, the public and the","'99.98590088"
"'329","'LINE","'environment from undue radiation hazards"". The IAEA defines nuclear security as","'98.87505341"
"'329","'LINE","'""The prevention and detection of and response to, theft, sabotage, unauthorized","'99.59600830"
"'329","'LINE","'access, illegal transfer or other malicious acts involving nuclear materials, other","'99.94401550"
"'329","'LINE","'radioactive substances or their associated facilities' This covers nuclear power plants","'96.85171509"
"'329","'LINE","'and all other nuclear facilities, the transportation of nuclear materials, and the use","'99.96101379"
"'329","'LINE","'and storage of nuclear materials for medical, power, industry, and military uses.","'99.97600555"
"'329","'LINE","'The nuclear power industry has improved the safety and performance of reactors","'99.99254608"
"'329","'LINE","'and has proposed new and safer reactor designs. However, a perfect safety cannot be","'99.97047424"
"'329","'LINE","'guaranteed. Potential sources of problems include human errors and external events","'99.97211456"
"'329","'LINE","'that have a greater impact than anticipated: The designers of reactors at Fukushima","'99.96807861"
"'329","'LINE","'in Japan did not anticipate that a tsunami generated by an earthquake would disable","'99.93630981"
"'329","'LINE","'the backup systems that were supposed to stabilize the reactor after the earthquake.","'99.97553253"
"'329","'LINE","'Catastrophic scenarios involving terrorist attacks, insider sabotage, and cyber-","'99.97342682"
"'329","'LINE","'attacks are also conceivable.","'99.91803741"
"'329","'LINE","'Nuclear safety therefore covers at minimum:","'99.94047546"
"'329","'LINE","'Extraction, transportation, storage, processing, and disposal of fission-","'99.83435822"
"'329","'LINE","'able materials","'99.98007202"
"'329","'LINE","'Safety of nuclear power generators","'99.97624207"
"'329","'LINE","'Control and safe management of nuclear weapons, nuclear material","'99.98671722"
"'329","'LINE","'capable of use as a weapon, and other radioactive materials","'99.91775513"
"'329","'LINE","'Safe handling, accountability and use in industrial, medical and re-","'99.94068909"
"'329","'LINE","'search contexts","'99.99023438"
"'329","'LINE","'Disposal of nuclear waste","'99.99023438"
"'329","'LINE","'Limitations on exposure to radiation","'99.97233582"
"'329","'LINE","'323","'99.95117188"
"'330","'LINE","'Physics","'99.88201141"
"'330","'LINE","'Student Text Book","'99.86116028"
"'330","'LINE","'Protecting yourself from radiation","'99.97538757"
"'330","'LINE","'Radiation is part of our life. Background radiation, coming primarily from natural","'99.87414551"
"'330","'LINE","'minerals, is around us all the time. Fortunately, there are very few situations","'99.95506287"
"'330","'LINE","'where an average person is exposed to uncontrolled sources of radiation above","'99.98616791"
"'330","'LINE","'background. Nevertheless, it is wise to be prepared and know what to do if such","'99.97098541"
"'330","'LINE","'a situation arises.","'99.85896301"
"'330","'LINE","'One of the best ways to be prepared is to understand the radiation protection","'99.99227142"
"'330","'LINE","'principles of time, distance and shielding.","'99.96854401"
"'330","'LINE","'Time: For people who are exposed to radiation in addition to natu-","'99.97945404"
"'330","'LINE","'ral background radiation, limiting or minimizing the exposure time","'99.91168976"
"'330","'LINE","'reduces the dose from the radiation source.","'99.98872375"
"'330","'LINE","'Distance: Just as the heat from a fire reduces as you move further","'99.92696381"
"'330","'LINE","'away, the dose of radiation decreases dramatically as you increase","'99.98023224"
"'330","'LINE","'your distance from the source.","'99.99414063"
"'330","'LINE","'Shielding: Barriers of lead, concrete, or water provide protection","'99.97360229"
"'330","'LINE","'from penetrating gamma rays and X-rays. This is why certain radio-","'99.92913818"
"'330","'LINE","'active materials are stored under water or in concrete or lead-lined","'99.97336578"
"'330","'LINE","'rooms, and why dentists place a lead blanket on patients receiving","'99.81208038"
"'330","'LINE","'X-rays of their teeth. Therefore, inserting the proper shield between","'99.95874786"
"'330","'LINE","'you and a radiation source will greatly reduce or eliminate the dose","'99.93070984"
"'330","'LINE","'you receive.","'99.93572998"
"'330","'LINE","'Safety precautions when using radioactive sources in schools","'99.96786499"
"'330","'LINE","'Radioactive sources which are used in school are usually very weak. They can","'99.96971130"
"'330","'LINE","'only be used in the presence of an authorized teacher. They are kept in a sealed","'99.94873810"
"'330","'LINE","'container except when they are being used in an experiment or demonstration.","'99.93051147"
"'330","'LINE","'The containers can be designed based on the appropriate shields. They are","'99.97613525"
"'330","'LINE","'immediately returned to the container when the experiment or demonstration is","'99.96575928"
"'330","'LINE","'finished. When using the radioactive source it should be:","'99.96492004"
"'330","'LINE","'handled with tongs or forceps, never with bare hands. Moreover,","'99.97924805"
"'330","'LINE","'hands must be washed after the experiment and definitely before","'99.99105072"
"'330","'LINE","'eating.","'99.96014404"
"'330","'LINE","'kept at arm's length, pointing away from the body.","'99.91295624"
"'330","'LINE","'always kept as far as possible from the eyes.","'99.97151947"
"'330","'LINE","'What to do in the event of a nuclear accident?","'99.94857788"
"'330","'LINE","'What are the three main safety guidelines for nuclear reactors?","'99.98023224"
"'330","'LINE","'324","'99.84375000"
"'331","'LINE","'Grade 11","'99.92147827"
"'331","'LINE","'?","'95.97656250"
"'331","'LINE","'Small group work:","'99.94087219"
"'331","'LINE","'Gather information about the possible sources of nuclear radiation from","'99.96925354"
"'331","'LINE","'the internet.","'100.00000000"
"'331","'LINE","'Enquire about radiation hazards in your locality by having a meeting with","'99.93295288"
"'331","'LINE","'the nearby Radiation Protection Authority and what could be done to","'99.99549103"
"'331","'LINE","'protect yourself and others from radiation hazards.","'99.99151611"
"'331","'LINE","'If there is no nearby authority, let you send your questions to an accessible","'99.96536255"
"'331","'LINE","'body of authority by electronic media.","'99.98007202"
"'331","'LINE","'Let you organize a report about what measures you need to take as school","'99.86153412"
"'331","'LINE","'community and present it to the whole class.","'99.99013519"
"'331","'LINE","'?","'97.15820313"
"'331","'LINE","'Expert Guest:","'99.99023438"
"'331","'LINE","'Your teacher will invite you a medical personnel from the nearby medical","'99.97030640"
"'331","'LINE","'establishment who is knowledgeable about nuclear medicine. Ask the guest to","'99.97833252"
"'331","'LINE","'explain","'100.00000000"
"'331","'LINE","'how and why nuclear medicine is practiced, where the medicine","'99.96119690"
"'331","'LINE","'comes from and how it is transported; handled, stored.","'99.95262909"
"'331","'LINE","'what measures should be implemented during use and disposal of","'99.98616791"
"'331","'LINE","'these medicines. To actively engage with the guest, you need prior","'99.97825623"
"'331","'LINE","'reading.","'99.96014404"
"'331","'LINE","'Discuss about hazards of nuclear radiations and safety with your","'99.99202728"
"'331","'LINE","'teacher.","'99.96014404"
"'331","'LINE","'325","'99.91131592"
"'332","'LINE","'Physics","'99.93083954"
"'332","'LINE","'I","'61.12493896"
"'332","'LINE","'Student Text Book","'99.86414337"
"'332","'LINE","'Review questions 7.5","'99.95117188"
"'332","'LINE","'1. How does radiation affect the public? How can you help the public to","'99.96488953"
"'332","'LINE","'protect from radiation hazards?","'99.99267578"
"'332","'LINE","'2. How do you need to be careful around radiation?","'99.98909760"
"'332","'LINE","'3. How can exposure to radiation be minimized?","'99.98525238"
"'332","'LINE","'4. How is a person contaminated by radiation such as from bomb get","'99.89305115"
"'332","'LINE","'decontaminated?","'99.93083954"
"'332","'LINE","'5. Is nuclear waste from nuclear reactors harmful to humans and the","'99.99267578"
"'332","'LINE","'environment? If so how can we protect the hazard?","'99.05140686"
"'332","'LINE","'6. What barriers provide protection from radiation produced by a nuclear","'99.81282043"
"'332","'LINE","'power plant?","'99.97070313"
"'332","'LINE","'326","'99.91131592"
"'333","'LINE","'Grade 11","'99.74569702"
"'333","'LINE","'UNIT SUMMARY","'99.96093750"
"'333","'LINE","'c","'32.80662155"
"'333","'LINE","'The chemical shorthand to describe atom X, where Z is the atomic number, and A","'98.93835449"
"'333","'LINE","'= Z +N, is AX.","'81.83388519"
"'333","'LINE","'c","'42.04809189"
"'333","'LINE","'The atom and the nucleus are assumed spherical and the atomic radius is estimated","'99.97412872"
"'333","'LINE","'by:","'99.95117188"
"'333","'LINE","'where A is the mass number of the atom; R₀ is the radius of the nucleus which is","'99.06988525"
"'333","'LINE","'roughly equal to R₀ = 1.2fm and 1 femtometer (1 fm) = 10⁻¹⁵ m.","'95.35793304"
"'333","'LINE","'c","'35.46107864"
"'333","'LINE","'A member of a family of an element with the same number of protons but different","'99.50713348"
"'333","'LINE","'number of neutrons is called an isotope. Some examples of isotopes of elements:","'99.97953033"
"'333","'LINE","'c","'36.99358368"
"'333","'LINE","'The strong nuclear force is a very short-range attractive force that acts between","'99.95311737"
"'333","'LINE","'nucleons: protons and neutrons. The strong nuclear force is strong enough to","'99.98609924"
"'333","'LINE","'withstand the electrical repulsion up within a distance of slightly more than the","'99.84850311"
"'333","'LINE","'radius of a nucleon, 10-15 m Both nucleons are affected by the nuclear force","'99.60836029"
"'333","'LINE","'almost identically.","'99.92107391"
"'333","'LINE","'c","'37.38978958"
"'333","'LINE","'The weak nuclear force acts inside of individual nucleons, which means that it is","'99.96611786"
"'333","'LINE","'even shorter ranged than the strong nuclear force. The weak nuclear force is a force","'99.92993164"
"'333","'LINE","'that causes decay of an atom by beta emission.","'99.94494629"
"'333","'LINE","'c","'33.51243591"
"'333","'LINE","'Nuclear binding energy is the energy that holds nucleons together. Another","'99.98919678"
"'333","'LINE","'equivalent definition of binding energy is the minimum energy that is required to","'99.97508240"
"'333","'LINE","'disassemble the nucleus of an atom into its constituent nucleons.","'99.92157745"
"'333","'LINE","'c","'34.53653336"
"'333","'LINE","'The mass of an atomic nucleus is less than the sum of the individual masses of the","'99.97979736"
"'333","'LINE","'free constituent protons and neutrons. The energy equivalent to this difference in","'99.96359253"
"'333","'LINE","'mass can be calculated by the Einstein equation,","'99.97782898"
"'333","'LINE","'BE = Amc2","'82.93300629"
"'333","'LINE","'where BE is the nuclear binding energy, and c is the speed of light. This 'missing","'97.36969757"
"'333","'LINE","'mass' is known as the mass defect, and represents the energy that was released when","'99.95058441"
"'333","'LINE","'the nucleus was formed.","'99.94325256"
"'333","'LINE","'c","'37.70487976"
"'333","'LINE","'The mass defect of an atom can be calculated by:","'99.97460938"
"'333","'LINE","'where Zm p is the total mass of the protons; (A - Z)mₙ is the total mass of the neutrons,","'94.35193634"
"'333","'LINE","'and M is the mass of the nucleus. Using this into the former equation, we obtain:","'99.93282318"
"'333","'LINE","'c","'43.16725159"
"'333","'LINE","'Nuclear energy is usually expressed in atomic energy unit (aeu), where:","'99.88710785"
"'333","'LINE","'1 aeu = c² X amu","'87.08705139"
"'333","'LINE","'Or, in megaelectron volt (MeV), where","'98.94288635"
"'333","'LINE","'1MeV=1.602x10⁻¹³ J, and 1 aeu = 931.1MeV","'85.90530396"
"'333","'LINE","'327","'99.88201141"
"'334","'LINE","'Physics I Student Text Book","'93.34703827"
"'334","'LINE","'c","'44.68550873"
"'334","'LINE","'When mass is in amu/u, the nuclear binding energy in MeV becomes,","'99.89273071"
"'334","'LINE","'BE=[Zm₂+(A-Z)m,-M]x931.1MeV","'28.20332336"
"'334","'LINE","'c","'42.25296783"
"'334","'LINE","'Binding energy per nucleon (BEN) is the average energy required to remove an","'99.96995544"
"'334","'LINE","'individual nucleon from a nucleus. It is given by","'99.73515320"
"'334","'LINE","'BE","'90.15644836"
"'334","'LINE","'BEN","'97.00195313"
"'334","'LINE","'=","'86.70250702"
"'334","'LINE","'c","'38.03780746"
"'334","'LINE","'Radioactivity is the phenomenon of the A spontaneous disintegration of unstable","'97.06871033"
"'334","'LINE","'atomic nuclei to atomic nuclei to form more energetically stable atomic nuclei.","'99.97369385"
"'334","'LINE","'Radioactive decay is a highly exoergic, statistically random, process that occurs","'99.94348907"
"'334","'LINE","'with a small amount of mass being converted to energy.","'99.76058197"
"'334","'LINE","'c","'36.65766525"
"'334","'LINE","'Representations of nuclear decay reaction of element with chemical symbol X by","'99.77517700"
"'334","'LINE","'alpha ( α a), or beta (B⁻, , or ß+) emission to give a daughter element Y are:","'87.93865204"
"'334","'LINE","'α-emission : AX","'58.89007568"
"'334","'LINE","'ß⁻ - emission : X","'78.68814087"
"'334","'LINE","'ß⁺ emission : X","'79.15261078"
"'334","'LINE","'C","'34.67474747"
"'334","'LINE","'Gamma rays are high energy, high frequency, electromagnetic radiations. Gamma","'99.93108368"
"'334","'LINE","'radiation usually accompanies alpha or beta decay.","'99.96908569"
"'334","'LINE","'C","'32.17873001"
"'334","'LINE","'Radiations damage cells by ionizing atoms or molecules by removing electrons","'99.96760559"
"'334","'LINE","'from them.","'99.95077515"
"'334","'LINE","'c","'33.01976776"
"'334","'LINE","'Absorbed dose describes the amount of energy deposited per unit mass in an","'99.97358704"
"'334","'LINE","'object or person. The units for absorbed dose are gray (Gy, international unit) and","'99.91385651"
"'334","'LINE","'rad; where 1Gy = 1J/kg and 1rad = 0.01 Gy = 0.01 J/kg.","'95.14474487"
"'334","'LINE","'c","'33.63639832"
"'334","'LINE","'Radiation doses above 3 Gy (300 rad) can be fatal and doses above 6 Gy (600","'99.83145905"
"'334","'LINE","'rad) are almost certain to be fatal, with death occurring within several months (in","'99.96408081"
"'334","'LINE","'shorter times at higher doses).","'99.94108582"
"'334","'LINE","'c","'33.86788177"
"'334","'LINE","'A radiation detector is a device that measures the ionization of radiations (i.e.,","'99.61028290"
"'334","'LINE","'creating electrons and positively charged ions). Scintilator, Gaseous ionization","'99.84191132"
"'334","'LINE","'detectors and Geiger counter.","'99.96562195"
"'334","'LINE","'c","'31.19150734"
"'334","'LINE","'The rate of isotope decay is called the activity, A, and is given by","'99.90362549"
"'334","'LINE","'c","'41.29673386"
"'334","'LINE","'where the negative sign shows the decrease in the number of the radioactive","'99.95906830"
"'334","'LINE","'nuclei with time, N(t) is the number of undecayed nuclei at the subsequent time t,","'99.73590088"
"'334","'LINE","'the decay constant A of a radioactive nuclide is defined as its probability of decay","'96.68823242"
"'334","'LINE","'per unit time; having SI unit s-1. It is a positive rate also called the exponential","'99.41754150"
"'334","'LINE","'decay constant, disintegration constant, rate constant, or transformation constant.","'99.94847107"
"'334","'LINE","'c","'37.41699219"
"'334","'LINE","'The SI unit of activity, A, is Becquerel (Bq); where 1Bq = 1 decay per second. We","'99.29023743"
"'334","'LINE","'can also use the unit Curie, Ci, where 1 Ci = X 10¹⁰ Bq.","'95.31381989"
"'334","'LINE","'328","'99.89178467"
"'335","'LINE","'Grade 11","'99.68222046"
"'335","'LINE","'c","'45.17209625"
"'335","'LINE","'If N₀ is quantity at time t =0, the quantity of the parent radioactive nuclei is subject","'95.77923584"
"'335","'LINE","'to exponential decay given by","'99.69921875"
"'335","'LINE","'c","'38.89429092"
"'335","'LINE","'The half-life is defined as the time at which half of the original nuclei have decayed.","'99.93449402"
"'335","'LINE","'Or, it can also be stated somewhat differently as the time after which one half of the","'99.97180939"
"'335","'LINE","'original number of nuclei remains untransformed.","'99.97518921"
"'335","'LINE","'C","'35.86246490"
"'335","'LINE","'The half-life is related to the decay constant by","'99.94023132"
"'335","'LINE","'0.693","'91.35742188"
"'335","'LINE","'c","'40.03477859"
"'335","'LINE","'Fission occurs when a neutron slams into a larger atom, forcing it to excite and","'99.88436890"
"'335","'LINE","'split into two smaller atoms-also known as fission products.","'98.84225464"
"'335","'LINE","'c","'44.27864075"
"'335","'LINE","'Nuclear fusion reaction is a process of making a single heavy nucleus from the","'99.87018585"
"'335","'LINE","'combination of two or more lighter nuclei.","'99.95350647"
"'335","'LINE","'c","'40.40387726"
"'335","'LINE","'A nuclear reactor is a device used to initiate and control a fission nuclear chain","'99.34938812"
"'335","'LINE","'reaction or nuclear fusion reactions.","'99.95053101"
"'335","'LINE","'END OF UNIT QUESTIONS 7","'99.65608978"
"'335","'LINE","'1. Discuss (a) Rutherford and (b) Bohr model of an atom.","'99.92358398"
"'335","'LINE","'2. What are the radii of U-238 and U-235?","'99.86202240"
"'335","'LINE","'3. What do you mean by reduced mass? How is this mass related with the nuclear","'99.98102570"
"'335","'LINE","'binding energy?","'99.86328125"
"'335","'LINE","'4. State some uses of radioactive isotopes.","'99.96350098"
"'335","'LINE","'5. State one risk or danger associated with radioactivity.","'99.90761566"
"'335","'LINE","'6. What are the basic differences between nuclear fission and fusion reaction pro-","'99.98028564"
"'335","'LINE","'cesses?","'99.93083954"
"'335","'LINE","'7. Write the nuclear reaction equation for K-242 that decays by beta minus emission.","'99.91828918"
"'335","'LINE","'Do the same for Pu-239 decays by alpha emission.","'99.89304352"
"'335","'LINE","'8. Compare alpha and beta emission interms of their nature, relative ionizing effect,","'99.93660736"
"'335","'LINE","'relative penetrating power, the effect of magnetic and electric field on the radia-","'99.94342804"
"'335","'LINE","'tion, and the common detectors.","'99.95639038"
"'335","'LINE","'9. What are research reactors (RR)? How are RR important for the in agriculture and","'99.95220947"
"'335","'LINE","'medical applications? How are the research reactors (RR) different from the power","'99.94474792"
"'335","'LINE","'reactors (PR)","'99.83398438"
"'335","'LINE","'10. When a patient undergoes radiotherapy, how does medical staff protect themslves","'99.94576263"
"'335","'LINE","'from radiation?","'99.97518921"
"'335","'LINE","'11. What effects can high doses of radiation have on the human eyes?","'99.93833923"
"'335","'LINE","'12. Iodine-131, in the form of iodine chloride is used to treat thyroid cancer. Why","'99.67619324"
"'335","'LINE","'does the patient radioactive substance orally to treat the cancer?","'99.98625183"
"'335","'LINE","'329","'99.77458954"
