'Page Number,'Type,'Text,'Confidence Score % (Line),
"'1","'LINE","'CHEMISTRY","'99.93083954"
"'1","'LINE","'CHEMISTRY","'99.92107391"
"'1","'LINE","'STUDENT TEXTBOOK","'93.92140198"
"'1","'LINE","'STUDENT TEXTBOOK","'95.29655457"
"'1","'LINE","'GRADE 11","'99.32048798"
"'1","'LINE","'GRADE 11","'98.23730469"
"'1","'LINE","'-","'77.73975372"
"'1","'LINE","'L01","'51.64082718"
"'1","'LINE","'2 4.003","'74.18785858"
"'1","'LINE","'H","'91.55691528"
"'1","'LINE","'He","'65.68538666"
"'1","'LINE","'Hulregen","'9.63408756"
"'1","'LINE","'3","'93.74462128"
"'1","'LINE","'6.94","'78.67526245"
"'1","'LINE","'4 9.01","'87.19527435"
"'1","'LINE","'5 1081","'78.80435944"
"'1","'LINE","'6 12.01","'77.52201843"
"'1","'LINE","'7 14.01","'83.69026184"
"'1","'LINE","'8 15.999","'76.92562103"
"'1","'LINE","'9 18,998","'78.04019928"
"'1","'LINE","'10 20.18","'95.07971954"
"'1","'LINE","'Li","'99.30105591"
"'1","'LINE","'Be","'99.60778046"
"'1","'LINE","'B","'62.70826340"
"'1","'LINE","'C","'59.97986603"
"'1","'LINE","'N","'99.44993591"
"'1","'LINE","'o","'39.32557297"
"'1","'LINE","'F","'99.16673279"
"'1","'LINE","'Ne","'99.72337341"
"'1","'LINE","'Now","'22.02477264"
"'1","'LINE","'11 22.99","'80.83117676"
"'1","'LINE","'12 24.31","'96.92790985"
"'1","'LINE","'13 26.98","'90.08589935"
"'1","'LINE","'14 28.09","'70.97825623"
"'1","'LINE","'15 30.97","'87.53248596"
"'1","'LINE","'16 32.06","'89.85511017"
"'1","'LINE","'17 35.45","'78.18498230"
"'1","'LINE","'18 39.95","'90.32665253"
"'1","'LINE","'Na","'98.81796265"
"'1","'LINE","'Mg","'99.46208954"
"'1","'LINE","'Al","'60.53312302"
"'1","'LINE","'Si","'99.49238586"
"'1","'LINE","'P","'96.73628998"
"'1","'LINE","'S","'94.63189697"
"'1","'LINE","'CI","'87.11953735"
"'1","'LINE","'Ar","'99.19782257"
"'1","'LINE","'19 39.10","'94.12139130"
"'1","'LINE","'20 40.08","'95.77776337"
"'1","'LINE","'21 44.96","'94.72337341"
"'1","'LINE","'22 47.90","'58.43750381"
"'1","'LINE","'23 50.94","'96.42050171"
"'1","'LINE","'24 51 996 1996","'36.87549973"
"'1","'LINE","'25 54.94","'84.39612579"
"'1","'LINE","'26 55.85","'94.80717468"
"'1","'LINE","'27 58.93","'90.33123016"
"'1","'LINE","'28","'98.27965546"
"'1","'LINE","'29 63.55","'94.86517334"
"'1","'LINE","'30 65.37","'51.77215958"
"'1","'LINE","'31 69.72","'91.07885742"
"'1","'LINE","'32 72.59","'89.98913574"
"'1","'LINE","'33 74.92","'83.19814301"
"'1","'LINE","'34 78.96","'92.80661774"
"'1","'LINE","'35 79.90","'89.70085144"
"'1","'LINE","'36 83.80","'91.17655945"
"'1","'LINE","'K","'87.91912079"
"'1","'LINE","'Ca","'98.77809906"
"'1","'LINE","'Sc","'68.71333313"
"'1","'LINE","'Ti","'99.68431091"
"'1","'LINE","'V","'96.28746796"
"'1","'LINE","'Cr","'99.77220154"
"'1","'LINE","'Mn","'99.25801086"
"'1","'LINE","'Fe","'99.75585938"
"'1","'LINE","'Co","'97.89062500"
"'1","'LINE","'Ni","'99.52248383"
"'1","'LINE","'Cu","'99.04655457"
"'1","'LINE","'Zn","'99.71360779"
"'1","'LINE","'Ga","'99.81285858"
"'1","'LINE","'Ge","'99.84375000"
"'1","'LINE","'As","'99.80468750"
"'1","'LINE","'Se","'99.93164063"
"'1","'LINE","'Br","'99.81285858"
"'1","'LINE","'Kr","'99.60379791"
"'1","'LINE","'Items","'15.94896030"
"'1","'LINE","'Nacket","'53.05484390"
"'1","'LINE","'100","'11.82507610"
"'1","'LINE","'37 85.47","'58.60192108"
"'1","'LINE","'38 87.62","'96.03076935"
"'1","'LINE","'39 88.91","'94.42562103"
"'1","'LINE","'40","'95.85937500"
"'1","'LINE","'91.22","'82.86561584"
"'1","'LINE","'41 92.91","'95.89514923"
"'1","'LINE","'42 95.94","'94.01068115"
"'1","'LINE","'43 (98)","'97.70478058"
"'1","'LINE","'44","'97.38042450"
"'1","'LINE","'45 10291","'82.06054688"
"'1","'LINE","'46","'96.18164063"
"'1","'LINE","'106.40","'87.14115906"
"'1","'LINE","'47 107.87","'91.91844177"
"'1","'LINE","'48","'97.73437500"
"'1","'LINE","'49114.82","'67.71145630"
"'1","'LINE","'50 11869","'64.73831940"
"'1","'LINE","'51 121.75","'81.53639221"
"'1","'LINE","'52,127.00","'24.80947113"
"'1","'LINE","'53 126.90","'80.09088135"
"'1","'LINE","'54 131.30","'92.01152039"
"'1","'LINE","'Rb","'99.79412842"
"'1","'LINE","'Sr","'99.76322937"
"'1","'LINE","'Y","'97.65485382"
"'1","'LINE","'Zr","'99.41167450"
"'1","'LINE","'Nb","'99.57369995"
"'1","'LINE","'Mo","'97.88903046"
"'1","'LINE","'Te","'61.76558685"
"'1","'LINE","'Ru","'99.83238983"
"'1","'LINE","'Rh","'99.79332733"
"'1","'LINE","'Pd","'98.88552094"
"'1","'LINE","'Ag","'99.87304688"
"'1","'LINE","'Cd","'99.33454132"
"'1","'LINE","'In","'99.51589966"
"'1","'LINE","'Sn","'99.93164063"
"'1","'LINE","'Sb","'99.89098358"
"'1","'LINE","'Te","'99.59323120"
"'1","'LINE","'I","'94.31063080"
"'1","'LINE","'Xe","'62.16657257"
"'1","'LINE","'Indian","'45.96171570"
"'1","'LINE","'55 132.91","'91.80883026"
"'1","'LINE","'56 137.33","'94.51341248"
"'1","'LINE","'57 138.91","'92.01451111"
"'1","'LINE","'72","'98.15429688"
"'1","'LINE","'73 180.95","'56.29703522"
"'1","'LINE","'74 183.85","'92.62465668"
"'1","'LINE","'75 18621","'76.63354492"
"'1","'LINE","'76 100.20","'81.46693420"
"'1","'LINE","'77 192.22","'88.75278473"
"'1","'LINE","'78 195.09","'95.86724854"
"'1","'LINE","'79 196.97","'83.15649414"
"'1","'LINE","'80 20059","'78.81756592"
"'1","'LINE","'81 204.37","'42.78679276"
"'1","'LINE","'82 207.19","'94.34968567"
"'1","'LINE","'83 208.98","'85.39700317"
"'1","'LINE","'84 (209)","'95.49615479"
"'1","'LINE","'85 (210)","'94.84564209"
"'1","'LINE","'86 (222)","'97.02885437"
"'1","'LINE","'Cs","'99.53862762"
"'1","'LINE","'Ba","'98.65692902"
"'1","'LINE","'La","'99.76562500"
"'1","'LINE","'Hf","'99.53702545"
"'1","'LINE","'Ta","'99.17510223"
"'1","'LINE","'W","'97.96615601"
"'1","'LINE","'Re","'99.91210938"
"'1","'LINE","'Os","'99.68511200"
"'1","'LINE","'Ir","'99.12208557"
"'1","'LINE","'Pt","'99.51431274"
"'1","'LINE","'Au","'99.83318329"
"'1","'LINE","'Hg","'99.72496796"
"'1","'LINE","'TI","'98.65692902"
"'1","'LINE","'Pb","'99.53304291"
"'1","'LINE","'Bi","'99.77220154"
"'1","'LINE","'Po","'97.13488770"
"'1","'LINE","'At","'99.92187500"
"'1","'LINE","'Rn","'99.69487000"
"'1","'LINE","'Thathern","'17.04799080"
"'1","'LINE","'87 (223)","'95.01155853"
"'1","'LINE","'88 226.03","'82.83482361"
"'1","'LINE","'89 227.03","'93.26421356"
"'1","'LINE","'104(201)","'52.11076736"
"'1","'LINE","'105(262)","'81.17825317"
"'1","'LINE","'106 (266)","'92.36467743"
"'1","'LINE","'107(262)","'78.13217926"
"'1","'LINE","'108(255)","'52.48624802"
"'1","'LINE","'109 (266)","'21.63703728"
"'1","'LINE","'110(271)","'80.91438293"
"'1","'LINE","'111(272)","'70.22819519"
"'1","'LINE","'112(277)","'80.71907043"
"'1","'LINE","'(113)","'96.80624390"
"'1","'LINE","'(114)","'99.40270233"
"'1","'LINE","'(115)","'99.71520233"
"'1","'LINE","'116(289)","'93.54431915"
"'1","'LINE","'(117)","'97.89381409"
"'1","'LINE","'(118)(293)","'72.28735352"
"'1","'LINE","'Fr","'99.47923279"
"'1","'LINE","'Ra","'99.73473358"
"'1","'LINE","'Ac","'98.85942078"
"'1","'LINE","'Rf","'99.65660858"
"'1","'LINE","'Db","'99.89257813"
"'1","'LINE","'Sg","'99.84215546"
"'1","'LINE","'Bh","'99.77458954"
"'1","'LINE","'Hs","'99.41984558"
"'1","'LINE","'Mt","'99.03678894"
"'1","'LINE","'Francism","'16.42070007"
"'1","'LINE","'Radison","'21.71396637"
"'1","'LINE","'58 140.12","'90.70900726"
"'1","'LINE","'59 140.91","'89.60917664"
"'1","'LINE","'60","'92.61399841"
"'1","'LINE","'61","'93.31712341"
"'1","'LINE","'62150,4","'35.66884613"
"'1","'LINE","'63 151.96","'33.50307083"
"'1","'LINE","'64 157.25","'87.15755463"
"'1","'LINE","'65 158.93","'86.47525787"
"'1","'LINE","'66","'95.80975342"
"'1","'LINE","'67 164 93","'22.52849960"
"'1","'LINE","'68 167 26","'18.82892227"
"'1","'LINE","'69 168.93","'86.33674622"
"'1","'LINE","'70 173.04","'82.35820007"
"'1","'LINE","'71 174.97","'41.59947205"
"'1","'LINE","'Ce","'99.12288666"
"'1","'LINE","'Pr","'99.80388641"
"'1","'LINE","'Nd","'99.81285858"
"'1","'LINE","'Pm","'99.73552704"
"'1","'LINE","'Sm","'99.76322937"
"'1","'LINE","'Eu","'99.29946899"
"'1","'LINE","'Gd","'99.64524841"
"'1","'LINE","'Tb","'94.98007202"
"'1","'LINE","'Dy","'99.53942108"
"'1","'LINE","'Ho","'94.74409485"
"'1","'LINE","'Er","'99.48899841"
"'1","'LINE","'Tm","'99.65740204"
"'1","'LINE","'Yb","'99.25562286"
"'1","'LINE","'Lu","'99.63707733"
"'1","'LINE","'90 232.04","'88.38414001"
"'1","'LINE","'91 231.04","'92.78759003"
"'1","'LINE","'92 238.03","'89.44007111"
"'1","'LINE","'93 237.05","'92.74732971"
"'1","'LINE","'94(244)","'91.36399841"
"'1","'LINE","'95 (243)","'94.19902039"
"'1","'LINE","'96 (247)","'93.12549591"
"'1","'LINE","'97 (247)","'92.68679047"
"'1","'LINE","'98 (251)","'92.35276794"
"'1","'LINE","'99 (252)","'94.95446014"
"'1","'LINE","'100","'95.49485779"
"'1","'LINE","'101 (258)","'82.58031464"
"'1","'LINE","'102 (259)","'95.71389008"
"'1","'LINE","'103(2)","'36.37914658"
"'1","'LINE","'Th","'99.49797058"
"'1","'LINE","'Pa","'98.92697906"
"'1","'LINE","'U","'98.16167450"
"'1","'LINE","'Np","'97.82306671"
"'1","'LINE","'Pu","'99.53702545"
"'1","'LINE","'Am","'99.48242188"
"'1","'LINE","'Cm","'98.10765839"
"'1","'LINE","'Bk","'96.88356781"
"'1","'LINE","'Cf","'99.61515808"
"'1","'LINE","'Es","'99.37340546"
"'1","'LINE","'Fm","'99.37181091"
"'1","'LINE","'Md","'99.72417450"
"'1","'LINE","'No","'99.76403046"
"'1","'LINE","'Lr","'97.84538269"
"'1","'LINE","'CHEMISTRY STUDENT TEXTBOOK GRADE 11 11","'90.84251404"
"'1","'LINE","'ISBN 978-99990-0-018-5","'98.58418274"
"'1","'LINE","'9","'95.45818329"
"'1","'LINE","'789999000185"">","'51.41741180"
"'1","'LINE","'FEDERAL DEMOCRATIC REPUBLIC OF ETHIOPIA","'99.94271851"
"'1","'LINE","'I","'65.02660370"
"'1","'LINE","'MINSTRY OF EDUCATION","'99.98697662"
"'1","'LINE","'O","'32.68026352"
"'1","'LINE","'FEDERAL DEMOCRATIC REPUBLIC OF ETHIOPIA","'99.92677307"
"'1","'LINE","'I","'86.58901215"
"'1","'LINE","'MINSTRY OF EDUCATION","'99.97070313"
"'2","'LINE","'Take Good Care of this","'99.98421478"
"'2","'LINE","'STUDENT","'87.31017303"
"'2","'LINE","'Textbook","'99.97070313"
"'2","'LINE","'This textbook is the property of your school.","'99.99877930"
"'2","'LINE","'Take good care not to damage or lose it. Here","'99.98437500"
"'2","'LINE","'are 10 ideas to help take care of the book:","'99.99121094"
"'2","'LINE","'1. Cover the book with protective material, such as plastic, old","'99.97499847"
"'2","'LINE","'newspapers or magazines.","'99.85086060"
"'2","'LINE","'2. Always keep the book in a clean dry place.","'99.90856171"
"'2","'LINE","'3. Be sure your hands are clean when you use the book.","'99.98772430"
"'2","'LINE","'4. Do not write on the cover or inside pages.","'99.98535156"
"'2","'LINE","'5. Use a piece of paper or cardboard as a bookmark.","'99.75505829"
"'2","'LINE","'6. Never tear or cut out any pictures or pages.","'99.98828125"
"'2","'LINE","'7. Repair any torn pages with paste or tape.","'99.98480988"
"'2","'LINE","'8. Pack the book carefully when you place it in your school bag.","'99.99173737"
"'2","'LINE","'9. Handle the book with care when passing it to another person.","'99.98941803"
"'2","'LINE","'10. When using a new book for the first time, lay it on its back.","'99.81690979"
"'2","'LINE","'Open only a few pages at a time. Press lightly along the bound","'99.68449402"
"'2","'LINE","'edge as you turn the pages. This will keep the cover in good","'99.99324036"
"'2","'LINE","'condition.","'99.84056091"
"'3","'LINE","'CHEMISTRY","'100.00000000"
"'3","'LINE","'TEXTBOOK","'89.63806915"
"'3","'LINE","'GRADE 11","'99.86816406"
"'3","'LINE","'Writers:","'100.00000000"
"'3","'LINE","'Tsegaye Girma (PhD)","'99.98671722"
"'3","'LINE","'Abera Gure (PhD)","'100.00000000"
"'3","'LINE","'Editors:","'100.00000000"
"'3","'LINE","'Chala Regasa (MSc)","'99.97017670"
"'3","'LINE","'(Content Editor)","'99.83647156"
"'3","'LINE","'Taye Hirpassa (BSc., MA)","'99.91560364"
"'3","'LINE","'(Curriculum Editor)","'99.73642731"
"'3","'LINE","'Meseret Getnet (PhD)","'99.97017670"
"'3","'LINE","'(Language Editor)","'99.81614685"
"'3","'LINE","'Illustrator:","'99.92028046"
"'3","'LINE","'Asresahegn Kassaye (MSc)","'99.86388397"
"'3","'LINE","'Designer:","'100.00000000"
"'3","'LINE","'Daniel Tesfay (MSc)","'99.94359589"
"'3","'LINE","'Evaluators:","'99.96014404"
"'3","'LINE","'Tolessa Mergo Roro (BSc., MEd)","'99.94045258"
"'3","'LINE","'Nega Gichile (BSc., MA)","'99.84564209"
"'3","'LINE","'Sefiw Melesse (MSc.)","'99.95688629"
"'3","'LINE","'+908C+","'25.78942108"
"'3","'LINE","'ФЕНДЫС","'13.30152893"
"'3","'LINE","'outh","'20.96091843"
"'3","'LINE","'xC","'30.43088341"
"'3","'LINE","'MINISTRY OF EDUCATION EDUCA HOUTS","'68.90146637"
"'3","'LINE","'HAWASSA UPA ASSA 10/20/1976 REACA UNIVERSITY","'62.07964325"
"'3","'LINE","'FEDERAL DEMOCRATIC REPUBLIC OF ETHIOPIA","'99.98226166"
"'3","'LINE","'HAWASSA UNIVERSITY","'99.98046875"
"'3","'LINE","'MINISTRY OF EDUCATION","'99.99674225"
"'4","'LINE","'First Published August 2023 by the Federal Democratic Republic of Ethiopia,","'99.96021271"
"'4","'LINE","'Ministry of Education, under the General Education Quality Improvement","'99.95128632"
"'4","'LINE","'Program for Equity (GEQIP-E) supported by the World Bank, UK's Department for","'99.93254089"
"'4","'LINE","'International Development/DFID-now merged with the Foreign, Common wealth","'97.53408051"
"'4","'LINE","'and Development Office/FCDO, Finland Ministry for Foreign Affairs, the Royal","'99.83200836"
"'4","'LINE","'Norwegian Embassy, United Nations Children's Fund/UNICEF), the Global","'99.87930298"
"'4","'LINE","'Partnership for Education (GPE), and Danish Ministry of Foreign Affairs,","'99.97209930"
"'4","'LINE","'through a Multi Donor Trust Fund.","'99.88148499"
"'4","'LINE","'© 2023 by the Federal Democratic Republic of Ethiopia, Ministry of Education. All","'99.04583740"
"'4","'LINE","'rights reserved. The moral rights of the author have been asserted. No part of","'99.98581696"
"'4","'LINE","'this textbook reproduced, copied in a retrieval system or transmitted in any form","'99.90318298"
"'4","'LINE","'or by any means including electronic, mechanical, magnetic, photocopying,","'99.88185883"
"'4","'LINE","'recording or otherwise, without the prior written permission of the Ministry of","'99.97023773"
"'4","'LINE","'Education or licensing in accordance with the Federal Democratic Republic of","'99.97485352"
"'4","'LINE","'Ethiopia as expressed in the Federal Negarit Gazeta, Proclamation No. 410/2004 -","'99.16387939"
"'4","'LINE","'Copyright and Neighboring Rights Protection.","'99.93654633"
"'4","'LINE","'The Ministry of Education wishes to thank the many individuals, groups and other","'99.96558380"
"'4","'LINE","'bodies involved - directly or indirectly - in publishing this Textbook. Special","'97.86841583"
"'4","'LINE","'thanks are due to Hawassa University for their huge contribution in the","'99.98603821"
"'4","'LINE","'development of this textbook in collaboration with Addis Ababa University, Bahir","'99.97560120"
"'4","'LINE","'Dar University and Jimma University.","'99.94630432"
"'4","'LINE","'Copyrighted materials used by permission of their owners. If you are the owner of","'99.98244476"
"'4","'LINE","'copyrighted material not cited or improperly cited, please contact the Ministry of","'99.98358917"
"'4","'LINE","'Education, Head Office, Arat Kilo, (P.O.Box 1367), Addis Ababa Ethiopia.","'99.47588348"
"'4","'LINE","'Printed by:","'99.90722656"
"'4","'LINE","'GRAVITY GROUP IND LLC","'99.89257813"
"'4","'LINE","'13th Industrial Area,","'99.92486572"
"'4","'LINE","'Sharjah, UNITED ARAB EMIRATES","'99.94813538"
"'4","'LINE","'Under Ministry of Education Contract no. MOE/GEQIP-E/LICB/G-01/23","'98.86240387"
"'4","'LINE","'ISBN:978-99990-0-018-5","'99.88121796"
"'5","'LINE","'Foreword","'99.99023438"
"'5","'LINE","'Education and development are closely related endeavors. This is the main reason why","'99.95812988"
"'5","'LINE","'it is said that education is the key instrument in Ethiopia's development and social","'99.95821381"
"'5","'LINE","'transformation. The fast and globalized world we now live in requires new knowledge,","'99.86689758"
"'5","'LINE","'skill and attitude on the part of each individual. It is with this objective in view that the","'99.96157837"
"'5","'LINE","'curriculum, which is not only the Blueprint but also a reflection of a country's education","'99.81798553"
"'5","'LINE","'system, must be responsive to changing conditions.","'99.93759155"
"'5","'LINE","'It has been almost three decades since Ethiopia launched and implemented new Education","'99.97270966"
"'5","'LINE","'and Training Policy. Since the 1994 Education and Training Policy our country has recorded","'99.96151733"
"'5","'LINE","'remarkable progress in terms of access, equity and relevance. Vigorous efforts also have","'99.96945953"
"'5","'LINE","'been made, and continue to be made, to improve the quality of education.","'99.96420288"
"'5","'LINE","'To continue this progress, the Ministry of Education has developed a new General Education","'99.88034058"
"'5","'LINE","'Curriculum Framework in 2021. The Framework covers all pre-primary, primary, Middle","'99.95236969"
"'5","'LINE","'level and secondary level grades and subjects. It aims to reinforce the basic tenets and","'99.97835541"
"'5","'LINE","'principles outlined in the Education and Training Policy, and provides guidance on the","'99.97264862"
"'5","'LINE","'preparation of all subsequent curriculum materials - including this Teacher Guide and","'98.90603638"
"'5","'LINE","'the Student Textbook that come with it - to be based on active-learning methods and a","'99.02582550"
"'5","'LINE","'competency-based approach.","'99.82341766"
"'5","'LINE","'In the development of this new curriculum, recommendations of the education Road Map","'99.91971588"
"'5","'LINE","'studies conducted in 2018 are used as milestones. The new curriculum materials balance","'99.94292450"
"'5","'LINE","'the content with students' age, incorporate indigenous knowledge where necessary, use","'99.89868164"
"'5","'LINE","'technology for learning and teaching, integrate vocational contents, incorporate the moral","'99.96472931"
"'5","'LINE","'education as a subject and incorporate career and technical education as a subject in order","'99.87600708"
"'5","'LINE","'to accommodate the diverse needs of learners.","'99.93189240"
"'5","'LINE","'Publication of a new framework, textbooks and teacher guides are by no means the sole","'99.93675232"
"'5","'LINE","'solution to improving the quality of education in any country. Continued improvement","'99.97850800"
"'5","'LINE","'calls for the efforts of all stakeholders. The teacher's role must become more flexible","'99.71179962"
"'5","'LINE","'ranging from lecturer to motivator, guider and facilitator. To assist this, teachers have been","'99.92399597"
"'5","'LINE","'given, and will continue to receive, training on the strategies suggested in the Framework","'99.95897675"
"'5","'LINE","'and in this teacher guide.","'99.95233154"
"'5","'LINE","'Teachers are urged to read this Guide carefully and to support their students by putting into","'99.98464203"
"'5","'LINE","'action the strategies and activities suggested in it.","'99.96166229"
"'5","'LINE","'For systemic reform and continuous improvement in the quality of curriculum materials,","'99.91295624"
"'5","'LINE","'the Ministry of Education welcomes comments and suggestions which will enable us to","'99.96125793"
"'5","'LINE","'undertake further review and refinement.","'99.92044067"
"'6","'LINE","'CONTENT","'99.99023438"
"'6","'LINE","'Unit1","'80.83206940"
"'6","'LINE","'ATOMIC STRUCTURE AND PERIODIC PROPERTIES OF THE ELEMENTS","'99.95535278"
"'6","'LINE","'1.1","'99.93164063"
"'6","'LINE","'Introduction","'100.00000000"
"'6","'LINE","'2","'99.95117188"
"'6","'LINE","'1.2","'99.99023438"
"'6","'LINE","'Dalton's Atomic Theory and the Modern Atomic Theory","'99.96390533"
"'6","'LINE","'3","'98.44706726"
"'6","'LINE","'1.2.1","'99.85351563"
"'6","'LINE","'Postulates of Dalton's Atomic Theory","'99.93622589"
"'6","'LINE","'3","'98.60650635"
"'6","'LINE","'1.2.2","'99.93083954"
"'6","'LINE","'Postulates of Modern Atomic Theory","'99.99202728"
"'6","'LINE","'5","'99.72576141"
"'6","'LINE","'1.3","'99.97070313"
"'6","'LINE","'Early Experiments to Characterize the Atom","'99.97342682"
"'6","'LINE","'6","'98.09729767"
"'6","'LINE","'1.3.1","'99.87304688"
"'6","'LINE","'The Discovery of the Electron","'100.00000000"
"'6","'LINE","'6","'97.52949524"
"'6","'LINE","'1.3.2","'99.92187500"
"'6","'LINE","'Radioactivity and the Discovery of the Nucleus","'99.99720764"
"'6","'LINE","'9","'99.92107391"
"'6","'LINE","'1.3.3","'99.96093750"
"'6","'LINE","'Discovery of the Neutron","'100.00000000"
"'6","'LINE","'11","'99.99023438"
"'6","'LINE","'1.4","'99.99023438"
"'6","'LINE","'Make-up of the Nucleus","'99.97050476"
"'6","'LINE","'12","'99.96093750"
"'6","'LINE","'1.4.1","'99.91131592"
"'6","'LINE","'Subatomic Particles","'100.00000000"
"'6","'LINE","'12","'99.97070313"
"'6","'LINE","'1.4.2","'99.97070313"
"'6","'LINE","'Atomic Mass and Isotopes","'99.99755859"
"'6","'LINE","'13","'99.99023438"
"'6","'LINE","'1.5","'99.99023438"
"'6","'LINE","'Electromagnetic Radiation and Atomic Spectra","'99.99804688"
"'6","'LINE","'15","'100.00000000"
"'6","'LINE","'1.5.1","'99.93164063"
"'6","'LINE","'Electromagnetic Radiation","'99.97518921"
"'6","'LINE","'15","'100.00000000"
"'6","'LINE","'1.5.2","'99.95117188"
"'6","'LINE","'The Quantum Theory and Photon","'100.00000000"
"'6","'LINE","'18","'100.00000000"
"'6","'LINE","'1.5.3","'99.96093750"
"'6","'LINE","'Atomic Spectra","'100.00000000"
"'6","'LINE","'23","'100.00000000"
"'6","'LINE","'1.5.4","'99.97070313"
"'6","'LINE","'The Bohr Model of the Hydrogen Atom","'99.99720764"
"'6","'LINE","'25","'99.99023438"
"'6","'LINE","'1.5.5","'99.97070313"
"'6","'LINE","'Limitations of the Bohr Model","'99.96810913"
"'6","'LINE","'32","'99.91051483"
"'6","'LINE","'1.5.6","'99.96093750"
"'6","'LINE","'The Wave-Particle Duality of Matter and Energy","'99.88955688"
"'6","'LINE","'33","'99.68112183"
"'6","'LINE","'1.6","'99.99023438"
"'6","'LINE","'The Quantum Mechanical Model of the Atom","'100.00000000"
"'6","'LINE","'34","'99.92028046"
"'6","'LINE","'1.6.1","'99.87304688"
"'6","'LINE","'The Heisenberg's Principle","'99.94685364"
"'6","'LINE","'35","'99.96014404"
"'6","'LINE","'1.6.2","'99.95117188"
"'6","'LINE","'Quantum Numbers","'100.00000000"
"'6","'LINE","'36","'99.68112183"
"'6","'LINE","'1.6.3","'99.91131592"
"'6","'LINE","'Shapes of Atomic Orbitals","'100.00000000"
"'6","'LINE","'39","'99.95037079"
"'6","'LINE","'1.7","'99.91131592"
"'6","'LINE","'Electronic Configurations and Orbital Diagrams","'99.96615601"
"'6","'LINE","'41","'99.91131592"
"'6","'LINE","'1.7.1","'99.83398438"
"'6","'LINE","'Ground State Electronic Configuration of the Elements","'99.97722626"
"'6","'LINE","'42","'99.93083954"
"'6","'LINE","'UNIT 1","'99.47963715"
"'6","'LINE","'I","'98.78666687"
"'7","'LINE","'1.8","'99.91210938"
"'7","'LINE","'Electronic Configurations and the Periodic Table of the Elements","'99.96682739"
"'7","'LINE","'47","'99.91131592"
"'7","'LINE","'1.8.1","'99.34570313"
"'7","'LINE","'The Modern Periodic Table","'100.00000000"
"'7","'LINE","'47","'99.92107391"
"'7","'LINE","'1.8.2","'99.81445313"
"'7","'LINE","'Classification of the Elements","'99.98007202"
"'7","'LINE","'48","'99.97070313"
"'7","'LINE","'1.8.3","'99.87304688"
"'7","'LINE","'Periodic Properties","'99.99511719"
"'7","'LINE","'49","'99.97070313"
"'7","'LINE","'1.8.4","'99.83398438"
"'7","'LINE","'Advantages of Periodic Classification of the Elements","'99.98860931"
"'7","'LINE","'58","'99.99023438"
"'7","'LINE","'Unit","'88.94750214"
"'7","'LINE","'CHEMICAL BONDING","'99.99511719"
"'7","'LINE","'2.1","'99.93164063"
"'7","'LINE","'Introduction","'100.00000000"
"'7","'LINE","'67","'99.97070313"
"'7","'LINE","'2.1.1","'99.48979950"
"'7","'LINE","'The Octet Rule","'99.98671722"
"'7","'LINE","'68","'100.00000000"
"'7","'LINE","'2.1.2","'99.73632813"
"'7","'LINE","'Types of Chemical Bonding","'100.00000000"
"'7","'LINE","'68","'100.00000000"
"'7","'LINE","'2.2","'99.93083954"
"'7","'LINE","'Ionic Bonds","'99.98007202"
"'7","'LINE","'69","'99.97070313"
"'7","'LINE","'2.2.1","'99.36204529"
"'7","'LINE","'Lewis Electron-Dot Symbols","'99.78462219"
"'7","'LINE","'71","'99.97070313"
"'7","'LINE","'2.2.2","'99.73473358"
"'7","'LINE","'Formation of Ionic Bonds","'99.98007202"
"'7","'LINE","'72","'99.97070313"
"'7","'LINE","'2.2.3","'99.80388641"
"'7","'LINE","'Exceptions to the Octet Rule in Ionic Compounds","'99.98881531"
"'7","'LINE","'76","'99.99023438"
"'7","'LINE","'2.2.4","'99.69647217"
"'7","'LINE","'Properties of Ionic Compounds","'99.99003601"
"'7","'LINE","'79","'99.99023438"
"'7","'LINE","'2.3","'99.99023438"
"'7","'LINE","'Covalent Bonds and Molecular Geometry","'99.99804688"
"'7","'LINE","'83","'100.00000000"
"'7","'LINE","'2.3.1","'99.56054688"
"'7","'LINE","'Molecular Geometry","'100.00000000"
"'7","'LINE","'100","'99.99023438"
"'7","'LINE","'2.3.2","'99.88281250"
"'7","'LINE","'Intermolecular Forces in Covalent Compounds","'99.98030853"
"'7","'LINE","'107","'99.97070313"
"'7","'LINE","'2.4","'99.92187500"
"'7","'LINE","'Metallic Bonding","'100.00000000"
"'7","'LINE","'111","'99.93164063"
"'7","'LINE","'2.4.1","'99.76483154"
"'7","'LINE","'Formation of Metallic Bonding","'99.99755859"
"'7","'LINE","'111","'99.96093750"
"'7","'LINE","'2.4.2","'99.85271454"
"'7","'LINE","'Electron-Sea Model","'99.84335327"
"'7","'LINE","'112","'99.95117188"
"'7","'LINE","'2.4.3","'99.84215546"
"'7","'LINE","'Properties of Metals and Bonding","'99.98405457"
"'7","'LINE","'112","'99.95117188"
"'7","'LINE","'2.5","'99.99023438"
"'7","'LINE","'Chemical Bonding Theories","'99.99674225"
"'7","'LINE","'114","'99.97070313"
"'7","'LINE","'2.5.1","'99.85351563"
"'7","'LINE","'Valence Bond (VB) Theory","'99.96766663"
"'7","'LINE","'115","'99.97070313"
"'7","'LINE","'2.5.2","'99.93164063"
"'7","'LINE","'Molecular Orbital Theory (MOT)","'90.11479950"
"'7","'LINE","'131","'99.96093750"
"'7","'LINE","'2.6","'99.97070313"
"'7","'LINE","'Types of Crystal","'100.00000000"
"'7","'LINE","'135","'99.99023438"
"'7","'LINE","'II","'99.57369995"
"'7","'LINE","'CHEMISTRY GRADE 11","'99.78137207"
"'8","'LINE","'Unit","'91.19400024"
"'8","'LINE","'PHYSICAL STATES OF MATTER","'100.00000000"
"'8","'LINE","'3.1","'99.97070313"
"'8","'LINE","'Introduction","'100.00000000"
"'8","'LINE","'145","'100.00000000"
"'8","'LINE","'3.2","'99.95037079"
"'8","'LINE","'Kinetic Theory and Properties of Matter","'100.00000000"
"'8","'LINE","'147","'100.00000000"
"'8","'LINE","'3.2.1","'99.91210938"
"'8","'LINE","'The Kinetic Theory of Matter","'100.00000000"
"'8","'LINE","'148","'100.00000000"
"'8","'LINE","'3.2.2","'99.96093750"
"'8","'LINE","'Properties of Matter","'100.00000000"
"'8","'LINE","'148","'100.00000000"
"'8","'LINE","'3.3","'99.99023438"
"'8","'LINE","'The Gaseous State","'100.00000000"
"'8","'LINE","'150","'99.99023438"
"'8","'LINE","'3.3.1","'99.91210938"
"'8","'LINE","'The Kinetic Molecular Theory of Gases","'100.00000000"
"'8","'LINE","'152","'99.99023438"
"'8","'LINE","'3.3.2","'99.95117188"
"'8","'LINE","'The Gas Laws","'100.00000000"
"'8","'LINE","'153","'100.00000000"
"'8","'LINE","'3.4","'99.99023438"
"'8","'LINE","'The Liquid State","'100.00000000"
"'8","'LINE","'173","'99.97070313"
"'8","'LINE","'3.4.1","'99.93164063"
"'8","'LINE","'Energy Changes in Liquids","'99.99755859"
"'8","'LINE","'174","'100.00000000"
"'8","'LINE","'3.5","'99.99023438"
"'8","'LINE","'The Solid State","'99.98671722"
"'8","'LINE","'180","'99.99023438"
"'8","'LINE","'Unit","'90.28519440"
"'8","'LINE","'4","'89.78774261"
"'8","'LINE","'CHEMICAL KINETICS","'99.98046875"
"'8","'LINE","'4.1","'99.97070313"
"'8","'LINE","'Introduction","'100.00000000"
"'8","'LINE","'193","'99.99023438"
"'8","'LINE","'4.2","'99.99023438"
"'8","'LINE","'The Rate of a Reaction","'99.45252228"
"'8","'LINE","'193","'99.97070313"
"'8","'LINE","'4.3","'99.97070313"
"'8","'LINE","'Factors Affecting the Rate of a Chemical Reaction","'99.52198029"
"'8","'LINE","'207","'99.97070313"
"'8","'LINE","'UNIT 1","'99.57769012"
"'8","'LINE","'III","'99.49716949"
"'9","'LINE","'Unit","'91.60096741"
"'9","'LINE","'5","'92.78240967"
"'9","'LINE","'CHEMICAL EQUILIBRIUM","'99.99023438"
"'9","'LINE","'5.1","'99.95117188"
"'9","'LINE","'Introduction","'100.00000000"
"'9","'LINE","'222","'99.97070313"
"'9","'LINE","'5.2","'99.96093750"
"'9","'LINE","'Chemical Equilibrium","'99.96014404"
"'9","'LINE","'222","'99.99023438"
"'9","'LINE","'5.2.1","'99.79492188"
"'9","'LINE","'Reversible and Irreversible Reactions","'99.98759460"
"'9","'LINE","'224","'99.99023438"
"'9","'LINE","'5.2.2","'99.89257813"
"'9","'LINE","'Attainment and Characteristics of Chemical Equilibria","'99.96678162"
"'9","'LINE","'225","'99.99023438"
"'9","'LINE","'5.2.3","'99.93164063"
"'9","'LINE","'Conditions for Attainment of Chemical Equilibria","'99.97342682"
"'9","'LINE","'226","'99.99023438"
"'9","'LINE","'5.2.4","'99.89257813"
"'9","'LINE","'Equilibrium Expression and Equilibrium Constant","'99.98210144"
"'9","'LINE","'228","'99.99023438"
"'9","'LINE","'5.2.5","'99.95117188"
"'9","'LINE","'Applications of Equilibrium Constant","'99.98007202"
"'9","'LINE","'239","'99.99023438"
"'9","'LINE","'5.2.6","'99.92187500"
"'9","'LINE","'Changing Equilibrium Conditions: Le-Chatelier's Principle","'99.81680298"
"'9","'LINE","'245","'99.99023438"
"'9","'LINE","'5.2.7","'99.87304688"
"'9","'LINE","'Equilibrium and Industry","'99.96691895"
"'9","'LINE","'253","'99.99023438"
"'9","'LINE","'Unit","'91.07760620"
"'9","'LINE","'SOME IMPORTANT OXYGEN-CONTAINING ORGANIC COMPOUNDS","'99.88022614"
"'9","'LINE","'6.1","'99.97070313"
"'9","'LINE","'Introduction","'100.00000000"
"'9","'LINE","'264","'99.99023438"
"'9","'LINE","'6.2","'99.93083954"
"'9","'LINE","'Alcohols and Ethers","'99.99674225"
"'9","'LINE","'265","'99.99023438"
"'9","'LINE","'6.2.1","'99.60937500"
"'9","'LINE","'Classification of Alcohols","'99.98671722"
"'9","'LINE","'267","'99.97070313"
"'9","'LINE","'6.2.2","'99.87304688"
"'9","'LINE","'Nomenclature of Alcohols","'99.97342682"
"'9","'LINE","'269","'99.99023438"
"'9","'LINE","'6.2.3","'99.88201141"
"'9","'LINE","'Physical Properties of Alcohols","'100.00000000"
"'9","'LINE","'270","'99.99023438"
"'9","'LINE","'6.2.4","'99.95117188"
"'9","'LINE","'Preparation of Alcohols","'100.00000000"
"'9","'LINE","'272","'99.99023438"
"'9","'LINE","'6.2.5","'99.96093750"
"'9","'LINE","'Chemical Properties of Alcohols","'99.98007202"
"'9","'LINE","'277","'99.97070313"
"'9","'LINE","'6.2.6","'99.95117188"
"'9","'LINE","'Structure and Nomenclature of Ethers","'99.98405457"
"'9","'LINE","'283","'99.99023438"
"'9","'LINE","'6.2.7","'99.93164063"
"'9","'LINE","'Physical Properties of Ethers","'100.00000000"
"'9","'LINE","'284","'100.00000000"
"'9","'LINE","'6.2.8","'99.92187500"
"'9","'LINE","'Preparation of Ethers","'100.00000000"
"'9","'LINE","'285","'99.99023438"
"'9","'LINE","'6.2.9","'99.93164063"
"'9","'LINE","'Reactions of Ethers","'100.00000000"
"'9","'LINE","'286","'100.00000000"
"'9","'LINE","'IV","'99.88121796"
"'9","'LINE","'CHEMISTRY GRADE 11","'99.77160645"
"'10","'LINE","'6.3","'99.88121796"
"'10","'LINE","'Aldehydes and Ketones","'99.98345947"
"'10","'LINE","'287","'99.99023438"
"'10","'LINE","'6.3.1","'99.88281250"
"'10","'LINE","'Nomenclature","'99.91051483"
"'10","'LINE","'288","'99.99023438"
"'10","'LINE","'6.3.2","'99.93164063"
"'10","'LINE","'Physical Properties of Aldehydes and Ketones","'99.99172974"
"'10","'LINE","'289","'99.99023438"
"'10","'LINE","'6.4","'99.95117188"
"'10","'LINE","'Carboxylic Acids","'99.99023438"
"'10","'LINE","'292","'99.99023438"
"'10","'LINE","'6.4.1","'99.89257813"
"'10","'LINE","'Structure and Nomenclature of Carboxylic Acids","'99.98671722"
"'10","'LINE","'292","'99.99023438"
"'10","'LINE","'6.4.2","'99.91210938"
"'10","'LINE","'Physical Properties of Carboxylic Acids","'99.99609375"
"'10","'LINE","'300","'99.95037079"
"'10","'LINE","'6.4.3","'99.91210938"
"'10","'LINE","'Chemical Properties of Carboxylic Acids","'100.00000000"
"'10","'LINE","'303","'99.91051483"
"'10","'LINE","'6.4.4","'99.91210938"
"'10","'LINE","'Preparation of Carboxylic Acids","'100.00000000"
"'10","'LINE","'306","'99.88042450"
"'10","'LINE","'6.4.5","'99.89257813"
"'10","'LINE","'Fatty Acids","'99.98535156"
"'10","'LINE","'310","'99.96093750"
"'10","'LINE","'6.4.6","'99.93164063"
"'10","'LINE","'Uses of Carboxylic Acids","'100.00000000"
"'10","'LINE","'312","'99.97070313"
"'10","'LINE","'6.5","'99.96093750"
"'10","'LINE","'Esters","'100.00000000"
"'10","'LINE","'313","'99.93083954"
"'10","'LINE","'6.5.1","'99.89257813"
"'10","'LINE","'Sources of Esters","'100.00000000"
"'10","'LINE","'313","'99.99023438"
"'10","'LINE","'6.5.2","'99.92187500"
"'10","'LINE","'Nomenclature","'99.87065887"
"'10","'LINE","'313","'99.97070313"
"'10","'LINE","'6.5.3","'99.95117188"
"'10","'LINE","'Physical Properties","'100.00000000"
"'10","'LINE","'315","'99.99023438"
"'10","'LINE","'6.5.4","'99.96093750"
"'10","'LINE","'Chemical Properties","'100.00000000"
"'10","'LINE","'316","'99.99023438"
"'10","'LINE","'6.5.5","'99.95117188"
"'10","'LINE","'Preparation of Esters","'100.00000000"
"'10","'LINE","'318","'99.99023438"
"'10","'LINE","'6.5.6","'99.95117188"
"'10","'LINE","'Uses of Esters","'100.00000000"
"'10","'LINE","'318","'99.99023438"
"'10","'LINE","'6.6","'99.89098358"
"'10","'LINE","'Fats and Oils","'99.86740112"
"'10","'LINE","'319","'99.95037079"
"'10","'LINE","'6.6.1","'99.92187500"
"'10","'LINE","'Source of Fats and Oils","'99.89636230"
"'10","'LINE","'319","'99.99023438"
"'10","'LINE","'6.6.2","'99.91131592"
"'10","'LINE","'Structure of Fats and Oils","'99.91035461"
"'10","'LINE","'320","'99.95037079"
"'10","'LINE","'6.6.3","'99.88121796"
"'10","'LINE","'Physical Properties of Fats and Oils","'99.94522095"
"'10","'LINE","'321","'99.97070313"
"'10","'LINE","'6.6.4","'99.91131592"
"'10","'LINE","'Hardening of Oils","'99.81398773"
"'10","'LINE","'322","'99.97070313"
"'10","'LINE","'6.6.5","'99.92187500"
"'10","'LINE","'Rancidity","'100.00000000"
"'10","'LINE","'323","'99.95037079"
"'10","'LINE","'UNIT 1","'99.25053406"
"'10","'LINE","'V","'98.97799683"
"'11","'LINE","'UNIT","'100.00000000"
"'11","'LINE","'1","'99.21715546"
"'11","'LINE","'ATOMIC STRUCTURE AND PERIODIC","'99.72098541"
"'11","'LINE","'PROPERTIES OF THE ELEMENTS","'99.95525360"
"'11","'LINE","'Unit Outcomes","'100.00000000"
"'11","'LINE","'At the end of this unit, you will be able to:","'99.97751617"
"'11","'LINE","'discuss the historical development of atomic structure","'99.97722626"
"'11","'LINE","'explain the experimental observations and inferences made by some","'99.97460175"
"'11","'LINE","'famous scientists to characterize the atom","'99.96515656"
"'11","'LINE","'list the subatomic particles","'99.96766663"
"'11","'LINE","'identify atomic mass and isotope terms","'99.99349213"
"'11","'LINE","'explain electromagnetic radiation, atomic spectra and Bohr models of the","'99.95118713"
"'11","'LINE","'atom","'100.00000000"
"'11","'LINE","'compute the calculations involving atomic structure","'99.98671722"
"'11","'LINE","'describe the quantum mechanical model of the atom and the related","'99.98824310"
"'11","'LINE","'postulates and principles","'99.94685364"
"'11","'LINE","'demonstrate periodic law and how electronic configurations of atoms are","'99.96713257"
"'11","'LINE","'related to the orbital diagrams and can explain periodic trends","'99.99503326"
"'11","'LINE","'describe scientific enquiry skills along this unit: inferring, predicting,","'99.92470551"
"'11","'LINE","'classifying, comparing and contrasting, communicating, asking questions","'99.86903381"
"'11","'LINE","'and making generalizations.","'99.88042450"
"'11","'LINE","'UNIT 1","'99.48451233"
"'11","'LINE","'1","'99.33354950"
"'12","'LINE","'CHEMISTRY GRADE 11","'99.84999084"
"'12","'LINE","'Start-up Activity","'99.91210938"
"'12","'LINE","'Discuss the following questions in groups, and present your ideas to","'99.99378204"
"'12","'LINE","'the whole class.","'100.00000000"
"'12","'LINE","'1. What are the basic building blocks of the following substances?","'99.96885681"
"'12","'LINE","'a. water","'98.80580139"
"'12","'LINE","'b. chalk","'99.96582031"
"'12","'LINE","'c. sugar","'82.24449921"
"'12","'LINE","'d. table salt","'99.95117188"
"'12","'LINE","'Are the basic building blocks of these substances the same or different?","'99.98278046"
"'12","'LINE","'2. Why do different materials show different properties? For example,","'99.98113251"
"'12","'LINE","'materials such as woods can burn; an iron nail can rust; table salt","'99.96982574"
"'12","'LINE","'dissolves in water, etc.","'99.98027039"
"'12","'LINE","'1.1","'100.00000000"
"'12","'LINE","'Introduction","'99.84056091"
"'12","'LINE","'At the end of this section, you will be able to:","'99.96064758"
"'12","'LINE","'compare the views of different philosophers on the nature of matter.","'99.95680237"
"'12","'LINE","'In Grade 9, you learned about the historical development of the atomic theories of","'99.98250580"
"'12","'LINE","'matter. In this unit, we will briefly revise it and discuss in detail about early experiments","'99.92330933"
"'12","'LINE","'to characterize an atom, the atomic spectra, different models of an atom, etc.","'99.97033691"
"'12","'LINE","'Activity 1.1","'99.90234375"
"'12","'LINE","'Form a group and discuss the following questions, then present your views to the","'99.92927551"
"'12","'LINE","'whole class.","'100.00000000"
"'12","'LINE","'1. How do the beliefs about the structure of matter evolve?","'99.97676849"
"'12","'LINE","'2. Describe the early developments leading to the modern concept of the atom.","'99.99317169"
"'12","'LINE","'3. Can we see atoms with our naked eyes?","'99.97386932"
"'12","'LINE","'The philosophers of ancient Greece wondered about the composition of matters: is","'99.98759460"
"'12","'LINE","'matter continuously divisible into ever smaller and smaller pieces, or is there an","'99.96645355"
"'12","'LINE","'ultimate limit? Although most philosophers, including Plato and Aristotle, believed","'99.93727875"
"'12","'LINE","'that matter is continuous, Democritus disagreed.","'99.85398102"
"'12","'LINE","'The Greek philosopher Democritus (460-370 BC) suggested that if you divided","'99.86618042"
"'12","'LINE","'matter into smaller and smaller pieces, you would eventually end up with","'99.97932434"
"'12","'LINE","'tiny, indestructible particles called atomos, or ""atoms"", meaning ""indivisible"".","'98.10245514"
"'12","'LINE","'2","'99.20898438"
"'12","'LINE","'UNIT 1","'99.19722748"
"'13","'LINE","'Dalton's Atomic Theory and the Modern Atomic Theory","'99.92790222"
"'13","'LINE","'His ideas were based on philosophical speculation rather than experimental evidence.","'99.95673370"
"'13","'LINE","'The ideas of Democritus were not widely accepted until 1808. After nearly 2000","'99.99317169"
"'13","'LINE","'years, John Dalton, developed an atomic theory that had gained broad acceptance.","'99.98264313"
"'13","'LINE","'1.2","'100.00000000"
"'13","'LINE","'Dalton's Atomic Theory and the Modern Atomic Theory","'99.96888733"
"'13","'LINE","'At the end of this section, you will be able to:","'99.96242523"
"'13","'LINE","'state postulates of Dalton's atomic theory","'99.93858337"
"'13","'LINE","'state postulates of the modern atomic theory","'99.97013092"
"'13","'LINE","'state the laws of conservation of mass, definite proportions, multiple","'99.95517731"
"'13","'LINE","'proportions and the basis of each of these laws","'99.96466064"
"'13","'LINE","'use postulates of Dalton's atomic theory to explain the laws of definite","'99.94692230"
"'13","'LINE","'and multiple proportions","'99.98671722"
"'13","'LINE","'evaluate postulates of Dalton's and the modern atomic theories.","'99.94576263"
"'13","'LINE","'1.2.1","'99.88281250"
"'13","'LINE","'Postulates of Dalton's Atomic Theory","'99.90840149"
"'13","'LINE","'Activity 1.2","'99.91699219"
"'13","'LINE","'Recall your Grade 9 knowledge in order to answer the following questions","'99.98365784"
"'13","'LINE","'in groups, and share your responses with the whole class.","'99.99511719"
"'13","'LINE","'1. Describe the five postulates of Dalton's atomic theory.","'99.93401337"
"'13","'LINE","'2. How do the scientific ideas develop based on previous scientific findings?","'99.98690796"
"'13","'LINE","'Scientific laws usually develop based on previous scientific findings. The laws that are","'99.98328400"
"'13","'LINE","'the basis for Dalton's atomic theory are the law of conservation of mass and the law","'99.94524384"
"'13","'LINE","'of definite proportions.","'99.90699005"
"'13","'LINE","'What is the law that Dalton formulated based on the law of conservation of mass and","'99.97960663"
"'13","'LINE","'the law of definite proportions? Write its statement in your notebook.","'99.94756317"
"'13","'LINE","'UNIT 1","'99.40270233"
"'13","'LINE","'3","'99.39951324"
"'14","'LINE","'CHEMISTRY GRADE 11","'99.88580322"
"'14","'LINE","'Activity 1.3","'99.85311890"
"'14","'LINE","'In your Grade 9 chemistry lesson, you learned about the law of conservation","'99.95630646"
"'14","'LINE","'of mass and the law of definite proportion. Form a group and discuss the","'99.89348602"
"'14","'LINE","'following questions, then present your responses to the whole class.","'99.99113464"
"'14","'LINE","'1. The mass of a piece of wood before and after it is burnt to ashes is not the","'99.94429016"
"'14","'LINE","'same. Does this show that mass is created or destroyed?","'99.98339844"
"'14","'LINE","'2. What would be the mass of products if the burning of wood was carried","'99.99023438"
"'14","'LINE","'out in a closed container?","'99.79743195"
"'14","'LINE","'3. Sugar consists of C, H, and O atoms. When a certain amount of sugar is","'95.81491852"
"'14","'LINE","'burned in a crucible, it changes from white sugar to black carbon. Where has","'99.87291718"
"'14","'LINE","'the hydrogen and oxygen gone?","'99.97444916"
"'14","'LINE","'Example 1.1","'99.77339172"
"'14","'LINE","'1. What mass of hydrogen and oxygen can be obtained from","'99.95642853"
"'14","'LINE","'a. 18.0 g of water","'99.58940887"
"'14","'LINE","'b. 1.00 g of water","'99.71875000"
"'14","'LINE","'Solutions:","'99.97070313"
"'14","'LINE","'Water is always 11.2% hydrogen and 88. 8% oxygen by mass, so:","'99.71755981"
"'14","'LINE","'a. mass of hydrogen in 18.0 g water = 0.112 X 18.0 g = 2.02 g","'98.58403015"
"'14","'LINE","'mass of oxygen in 18.0 g water = 0.888 X 18.0 g = 15.98 g; or","'98.63639069"
"'14","'LINE","'= 18.0 g - 2.02 g = 15.98 g","'93.73300934"
"'14","'LINE","'b. mass of hydrogen in 1.00 g water = 0.112 X 1.00 g = 0.112 g","'98.79953003"
"'14","'LINE","'mass of oxygen in 1.0 g water = 0.888 X 1.0 g = 0.888 g; or","'98.80050659"
"'14","'LINE","'= 1.0 g - 0.112 g = 0.888 g","'95.08110046"
"'14","'LINE","'2. The following data were collected for several compounds of nitrogen and","'99.99016571"
"'14","'LINE","'oxygen:","'99.87224579"
"'14","'LINE","'Compound A Compound B Compound C","'91.05186462"
"'14","'LINE","'Mass of nitrogen that","'99.97030640"
"'14","'LINE","'combines with 1 g of oxygen","'99.75154114"
"'14","'LINE","'1.750 g","'97.84179688"
"'14","'LINE","'0.8750 g","'97.78808594"
"'14","'LINE","'0.4375 g","'98.08593750"
"'14","'LINE","'Show how these data illustrate the law of multiple proportions.","'99.97511292"
"'14","'LINE","'4","'99.67693329"
"'14","'LINE","'UNIT 1","'99.33882904"
"'15","'LINE","'Dalton's Atomic Theory and the Modern Atomic Theory","'99.89840698"
"'15","'LINE","'Solution:","'99.87145233"
"'15","'LINE","'For the law of multiple proportions to hold, the ratios of the masses of","'99.99023438"
"'15","'LINE","'nitrogen combining with 1 gram of oxygen in each pair of compounds","'99.90689087"
"'15","'LINE","'should be small whole numbers.","'99.96452332"
"'15","'LINE","'We therefore compute the ratios as follows:","'99.96640778"
"'15","'LINE","'A","'75.40287781"
"'15","'LINE","'1.750","'94.50195313"
"'15","'LINE","'4","'88.73535156"
"'15","'LINE","'B 0.875 2","'81.30847168"
"'15","'LINE","'C 0.4375 1","'76.13408661"
"'15","'LINE","'=","'86.43883514"
"'15","'LINE","'=","'88.33744812"
"'15","'LINE","'=","'87.59526825"
"'15","'LINE","'C 0.4375 1","'81.56100464"
"'15","'LINE","'C 0.4375 1","'86.62467957"
"'15","'LINE","'C 0.4375 1","'79.99043274"
"'15","'LINE","'These results support the law of multiple proportions.","'99.98027039"
"'15","'LINE","'Exercise 1.1","'99.89257813"
"'15","'LINE","'1. List the postulates of Dalton's that continue to have significance (are","'99.89328766"
"'15","'LINE","'retained in the modern atomic theory).","'99.95715332"
"'15","'LINE","'2. How does the atomic theory account for the fact that when 1.00 g of","'99.92122650"
"'15","'LINE","'water is decomposed into its elements, 0.112 g of hydrogen and 0.888 g","'99.43503571"
"'15","'LINE","'of oxygen are obtained regardless of the source of the water?","'99.97950745"
"'15","'LINE","'1.2.2","'99.93164063"
"'15","'LINE","'Postulates of Modern Atomic Theory","'99.95053101"
"'15","'LINE","'Activity 1.4","'99.77539063"
"'15","'LINE","'Remember what you have learned in Grade 9 and discuss the following questions","'98.66655731"
"'15","'LINE","'in a group of three or four, then present your responses to the whole class.","'99.88019562"
"'15","'LINE","'1. Which of Dalton's postulates about atoms are inconsistent with later","'99.93336487"
"'15","'LINE","'observations? Do these inconsistencies mean that Dalton was wrong?","'99.94829559"
"'15","'LINE","'2. Is Dalton's model still useful?","'99.91254425"
"'15","'LINE","'Most of the experiments conducted during the development of the modern atomic","'99.97843933"
"'15","'LINE","'theory will be discussed in Sections 1.3-1.6. In this section, generalizations derived","'99.87712860"
"'15","'LINE","'from the experiments are presented as postulates of the modern atomic theory. The","'99.97020721"
"'15","'LINE","'modern atomic theory is generally said to begin with John Dalton. Dalton's work","'99.92878723"
"'15","'LINE","'was mainly about the chemistry of atoms how they combine to form new compounds","'99.98947906"
"'15","'LINE","'rather than about the internal structure of atoms. The modern theories about the","'99.99386597"
"'15","'LINE","'physical structure of atoms did not begin until J.J. Thomson discovered the electron","'99.96995544"
"'15","'LINE","'in 1897.","'99.90682983"
"'15","'LINE","'UNIT 1","'99.35427094"
"'15","'LINE","'5","'99.73632813"
"'16","'LINE","'CHEMISTRY GRADE 11","'99.90885162"
"'16","'LINE","'Exercise 1.2","'99.93652344"
"'16","'LINE","'1. Describe the limitations of Dalton's atomic theory.","'99.85581207"
"'16","'LINE","'2. Explain the postulates of the modern atomic theory.","'99.99231720"
"'16","'LINE","'3. List the three fundamental laws of chemistry.","'99.97274780"
"'16","'LINE","'4. How does the modern atomic theory explain the three fundamental laws","'99.98264313"
"'16","'LINE","'of chemistry?","'100.00000000"
"'16","'LINE","'1.3","'99.97070313"
"'16","'LINE","'Early Experiments to Characterize the Atom","'99.89709473"
"'16","'LINE","'At the end of this section, you will be able to:","'99.96508026"
"'16","'LINE","'discuss the discovery of the electron","'99.97681427"
"'16","'LINE","'describe the properties of cathode rays","'99.96189880"
"'16","'LINE","'define the terms: radioactivity, radioactive decay and radio-isotope","'99.94284821"
"'16","'LINE","'describe the common types of radioactive emissions","'99.95455933"
"'16","'LINE","'illustrate the alpha scattering experiment, and summarize and interpret","'99.97234344"
"'16","'LINE","'the major contribution of experiments of Thomson, Millikan and","'99.95128632"
"'16","'LINE","'Rutherford concerning atomic structure.","'99.99755859"
"'16","'LINE","'1.3.1","'99.96093750"
"'16","'LINE","'The Discovery of the Electron","'99.98226166"
"'16","'LINE","'Activity 1.5","'99.96093750"
"'16","'LINE","'Think back to Grade 9 and reflect on the following questions in a group of","'99.95047760"
"'16","'LINE","'four. Then, present your responses to the whole class.","'99.99448395"
"'16","'LINE","'a. How were electrons discovered?","'99.33669281"
"'16","'LINE","'b. Are cathode rays visible to the naked eye?","'99.98797607"
"'16","'LINE","'6","'99.72496796"
"'16","'LINE","'UNIT 1","'99.28960419"
"'17","'LINE","'Early Experiments to Characterize the Atom","'99.98033905"
"'17","'LINE","'Historical note: J.J. Thomson (1856-1940) was a British","'99.85304260"
"'17","'LINE","'physicist and Nobel laureate. Sir Joseph John Thomson was born","'99.95475769"
"'17","'LINE","'near Manchester, England, and educated at Owens College (now","'99.97161102"
"'17","'LINE","'part of Victoria University of Manchester) and Trinity College,","'99.91584778"
"'17","'LINE","'University of Cambridge. At Cambridge he taught mathematics","'99.98891449"
"'17","'LINE","'and physics, served as Cavendish Professor of Experimental","'99.96897888"
"'17","'LINE","'Sir Joseph Thomson","'99.97721100"
"'17","'LINE","'Physics, and was (1918-40) master of Trinity College.","'99.93998718"
"'17","'LINE","'Thomson's work on cathode rays led to the discovery of the electron in 1897. His","'99.97380066"
"'17","'LINE","'later work with positive ion beams led to a method of separating atoms and molecules","'99.85258484"
"'17","'LINE","'by mass and the discovery of neon. Thomson was awarded the Nobel Prize in Physics","'99.98166656"
"'17","'LINE","'in 1906 and was knighted in 1908.","'99.98325348"
"'17","'LINE","'Cathode Rays","'99.90114594"
"'17","'LINE","'One of the first experiments on subatomic particles was carried out by the English","'99.96315765"
"'17","'LINE","'physicist J.J. Thomson in 1897. Figure 1.1 shows an experimental apparatus similar","'99.94188690"
"'17","'LINE","'to the one used by Thomson. In this apparatus, two electrodes from a high-voltage","'99.82875824"
"'17","'LINE","'source are sealed into a glass tube from which the air has been evacuated. The negative","'99.91076660"
"'17","'LINE","'electrode is called the cathode; the positive one, the anode. When the high-voltage","'99.95031738"
"'17","'LINE","'current is turned on, the glass tube emits a greenish light. Experiments showed that","'99.93555450"
"'17","'LINE","'this greenish light is caused by the interaction of the glass with cathode rays, which","'99.98677063"
"'17","'LINE","'are rays that originate from the cathode.","'99.91760254"
"'17","'LINE","'To vacuum","'99.90154266"
"'17","'LINE","'pump","'99.99023438"
"'17","'LINE","'Electrically","'100.00000000"
"'17","'LINE","'charged plates","'99.99511719"
"'17","'LINE","'Cathode","'100.00000000"
"'17","'LINE","'(-)","'92.79137421"
"'17","'LINE","'(-)","'98.63859558"
"'17","'LINE","'Anode","'99.95037079"
"'17","'LINE","'(+)","'99.41246796"
"'17","'LINE","'(+)","'99.51988983"
"'17","'LINE","'High voltage","'99.86776733"
"'17","'LINE","'Figure 1.1: Formation of cathode rays","'99.93137360"
"'17","'LINE","'UNIT 1","'99.50035858"
"'17","'LINE","'7","'99.64843750"
"'18","'LINE","'CHEMISTRY GRADE 11","'99.79465485"
"'18","'LINE","'After the cathode rays leave the negative electrode, they move toward the anode,","'99.98323059"
"'18","'LINE","'where some rays pass through a hole to form a beam (Figure 1.1). This beam bends","'99.79974365"
"'18","'LINE","'away from the negatively charged plate and toward the positively charged plate.","'99.99668121"
"'18","'LINE","'What did Thomson conclude from this observation? Figure 1.2 shows a similar","'99.94236755"
"'18","'LINE","'experiment, in which cathode rays are seen to bend when a magnet is brought toward","'99.92998505"
"'18","'LINE","'them. Thomson showed that the characteristics of cathode rays are independent of the","'99.98335266"
"'18","'LINE","'material making up the cathode. From such evidence, he concluded that a cathode ray","'99.93910217"
"'18","'LINE","'consists of a beam of negatively charged particles (or electrons) and that electrons are","'99.89232635"
"'18","'LINE","'constituents of all matter.","'99.95018005"
"'18","'LINE","'1","'94.39074707"
"'18","'LINE","'2","'99.02104950"
"'18","'LINE","'3","'99.85351563"
"'18","'LINE","'The cathode-ray beam travels","'99.95565796"
"'18","'LINE","'The beam of negative particles","'99.97217560"
"'18","'LINE","'When the magnet is turned","'99.98226166"
"'18","'LINE","'from right to left. It is visible","'99.94362640"
"'18","'LINE","'bends downward as the south","'99.98828125"
"'18","'LINE","'around, the beam bends in the","'99.94535828"
"'18","'LINE","'where it falls on a zinc-sulfide","'99.78887177"
"'18","'LINE","'pole of the magnet is brought","'99.96528625"
"'18","'LINE","'opposite direction.","'99.92028046"
"'18","'LINE","'screen.","'99.95037079"
"'18","'LINE","'toward it.","'99.92107391"
"'18","'LINE","'Figure 1.2: Bending cathode rays using a magnet","'99.58236694"
"'18","'LINE","'By measuring the amount of deflection of a cathode ray beam in electric and magnetic","'99.93795013"
"'18","'LINE","'fields of known strengths, Thomson was able to calculate the ratio of the mass of an","'99.98153687"
"'18","'LINE","'electron, mₑ, to its charge, e. The number he came up with is - 5.686 X 10⁻¹² kg C⁻¹","'96.31799316"
"'18","'LINE","'(kilograms per coulomb). However, he could not obtain either the mass or the charge","'99.97960663"
"'18","'LINE","'separately. In 1909, Robert A. Millikan, an American physicist, measured the charge","'96.72940063"
"'18","'LINE","'of the electron by measuring the effect of an electrical field on the rate at which","'99.98896027"
"'18","'LINE","'charged oil drops fell under the influence of gravity. Based on careful experiments,","'99.96576691"
"'18","'LINE","'Millikan established the charge on an electron as e = -1.602 X 10⁻¹⁹ C. He used this","'98.33769989"
"'18","'LINE","'value and Thomson's mass/charge ratio to calculate an electron's mass to be 9.109 X","'98.96076202"
"'18","'LINE","'10⁻³¹ kg.","'89.47554779"
"'18","'LINE","'mₑ = X e = -5.686 X 10⁻¹² kg C⁻¹ X 1.602 X 10⁻¹⁹ C","'89.16838837"
"'18","'LINE","'e","'89.78027344"
"'18","'LINE","'= 9.109 X 10⁻³¹ kg","'91.10005188"
"'18","'LINE","'8","'99.37500000"
"'18","'LINE","'UNIT 1","'99.02184296"
"'19","'LINE","'Early Experiments to Characterize the Atom","'99.98697662"
"'19","'LINE","'1.3.2","'99.95117188"
"'19","'LINE","'Radioactivity and the Discovery of the Nucleus","'99.98721313"
"'19","'LINE","'Activity 1.6","'99.92187500"
"'19","'LINE","'Answer the following questions individually, then share your answers","'99.99349213"
"'19","'LINE","'with the whole class.","'100.00000000"
"'19","'LINE","'1. Describe the properties of cathode rays.","'99.97338104"
"'19","'LINE","'2. Which rays are used to see whether bones are broken or not?","'99.98046875"
"'19","'LINE","'Radioactivity","'98.88771820"
"'19","'LINE","'Radioactivity or radioactive decay is the spontaneous emission of particles and/or","'99.95591736"
"'19","'LINE","'radiation from the unstable nuclei of certain atoms such as uranium, radium, etc.","'99.96257782"
"'19","'LINE","'Does radioactivity support Dalton's idea of atoms? Shortly after the discovery of","'99.93024445"
"'19","'LINE","'radioactivity, three types of rays were identified in the emissions from radioactive","'99.97437286"
"'19","'LINE","'substances. Two are deflected by oppositely charged metal plates (Figure 1.3). Alpha","'99.89279175"
"'19","'LINE","'(a) rays consist of positively charged particles, called α particles. They have a mass","'94.79602814"
"'19","'LINE","'of about four times that of a hydrogen atom and a charge twice the magnitude of an","'99.95582581"
"'19","'LINE","'electron; they are identical to helium nuclei. Beta (B) rays, or ß particles, are electrons","'96.51804352"
"'19","'LINE","'coming from inside the nucleus and are deflected by the negatively charged plate.","'99.98780060"
"'19","'LINE","'The third type of radioactive radiation consists of high-energy rays called gamma (γ)","'99.54682922"
"'19","'LINE","'rays. They have no charge and are not affected by an external electric or magnetic","'99.97705078"
"'19","'LINE","'field.","'99.96014404"
"'19","'LINE","'α","'62.86571121"
"'19","'LINE","'Lead block","'99.94100952"
"'19","'LINE","'γ","'78.04368591"
"'19","'LINE","'ß","'70.83406067"
"'19","'LINE","'+","'96.98242188"
"'19","'LINE","'Radioactive substance","'99.94061279"
"'19","'LINE","'Figure 1.3: Three types of ray emitted by radioactive elements","'99.97527313"
"'19","'LINE","'UNIT 1","'99.47514343"
"'19","'LINE","'9","'99.75505829"
"'20","'LINE","'CHEMISTRY GRADE 11","'99.87955475"
"'20","'LINE","'The Discovery of the Nucleus","'99.93522644"
"'20","'LINE","'Thomson proposed a ""plum-pudding"" model (Figure 1.4) for the atom in which the","'99.84355164"
"'20","'LINE","'electrons and protons were randomly distributed in a positively charged cloud like","'99.93539429"
"'20","'LINE","'plums in a pudding.","'99.91091156"
"'20","'LINE","'Negative electron ""plums""","'99.94033813"
"'20","'LINE","'Positive ""pudding""","'99.88082123"
"'20","'LINE","'Figure 1.4: Thomson's ""plum-pudding"" model of an atom","'99.86891174"
"'20","'LINE","'In1911, Ernest Rutherford worked with Thomson to test this model. In Rutherford's","'99.58282471"
"'20","'LINE","'experiment, positively charged particles were aimed at a thin sheet of gold foil","'99.93585968"
"'20","'LINE","'(Figure 1.5). If the Thomson model were correct, the particles would travel in","'99.96733093"
"'20","'LINE","'straight paths through the gold foil. Rutherford was greatly surprised to find that","'99.99624634"
"'20","'LINE","'some of the particles were deflected as they passed through the gold foil, and a few","'99.94233704"
"'20","'LINE","'particles were deflected so much that they went back in the opposite direction.","'99.82072449"
"'20","'LINE","'Thin gold foil","'99.98371887"
"'20","'LINE","'Source of","'99.99023438"
"'20","'LINE","'Beam of","'99.97030640"
"'20","'LINE","'particles","'100.00000000"
"'20","'LINE","'particles","'100.00000000"
"'20","'LINE","'Deflected particles","'99.96014404"
"'20","'LINE","'Positively charged nucleus","'99.98671722"
"'20","'LINE","'undeflected particles","'99.98007202"
"'20","'LINE","'Lead container","'99.96014404"
"'20","'LINE","'Atoms of gold","'100.00000000"
"'20","'LINE","'(a)","'99.97070313"
"'20","'LINE","'Fluorescent screen","'99.94589233"
"'20","'LINE","'(b)","'99.97070313"
"'20","'LINE","'Figure 1.5: (a) α-particles aimed at a piece of gold foil, (b) Magnified view of","'99.47031403"
"'20","'LINE","'α-particles passing through and being deflected by nuclei","'99.74853516"
"'20","'LINE","'10","'99.81445313"
"'20","'LINE","'UNIT 1","'99.38237762"
"'21","'LINE","'Early Experiments to Characterize the Atom","'99.98033905"
"'21","'LINE","'Activity 1.7","'99.85839844"
"'21","'LINE","'Form a group and discuss Rutherford's experiment as shown in Figure 1.5 (a)","'99.75119019"
"'21","'LINE","'and (b) and answer the following questions:","'99.98046875"
"'21","'LINE","'1. Why did most of the α-particles pass through the foil undeflected?","'99.88908386"
"'21","'LINE","'2. Why did only a small fraction of the α-particles show a slight deflection?","'99.68587494"
"'21","'LINE","'3. Why didn't all α-particles bounce at an angle of 180°?","'99.57121277"
"'21","'LINE","'4. Based on the findings of Rutherford's experiment, what is your conclusion","'99.92556000"
"'21","'LINE","'about an atom?","'99.96419525"
"'21","'LINE","'5. When Rutherford's co-workers bombarded gold foil with α-particles, they","'99.84795380"
"'21","'LINE","'obtained results that overturned the existing (Thomson) model of the atom.","'99.99549103"
"'21","'LINE","'Explain. Report your responses to the whole class.","'99.95658112"
"'21","'LINE","'1.3.3","'99.97070313"
"'21","'LINE","'Discovery of the Neutron","'99.95789337"
"'21","'LINE","'The neutron was also discovered by alpha-particle scattering experiments. When","'99.96240997"
"'21","'LINE","'beryllium metal is irradiated with alpha rays, a strongly penetrating radiation is","'99.91009521"
"'21","'LINE","'obtained from the metal. In 1932 the British physicist James Chadwick (1891-","'99.97613525"
"'21","'LINE","'1974) showed that this penetrating radiation consists of neutral particles, called","'99.95222473"
"'21","'LINE","'neutrons. The neutron is a nuclear particle having a mass almost identical to that of","'99.93268585"
"'21","'LINE","'the proton but with no electric charge. The mass of a neutron, mₙ = 1.67493 X 10⁻²⁷","'97.69879913"
"'21","'LINE","'kg, which is about 1840 times the mass of an electron.","'99.98032379"
"'21","'LINE","'Activity 1.8","'99.88281250"
"'21","'LINE","'Discuss the following questions in groups, and present your responses to","'99.99467468"
"'21","'LINE","'the whole class.","'100.00000000"
"'21","'LINE","'1. A sample of a radioactive element is found to be losing mass gradually.","'98.92173767"
"'21","'LINE","'Explain what is happening to the sample.","'99.98872375"
"'21","'LINE","'2. Describe the experimental basis for believing that the nucleus occupies","'99.98646545"
"'21","'LINE","'a very small fraction of the volume of the atom.","'99.79719543"
"'21","'LINE","'UNIT 1","'99.35875702"
"'21","'LINE","'11","'99.64604187"
"'22","'LINE","'CHEMISTRY GRADE 11","'99.74283600"
"'22","'LINE","'1.4","'99.97070313"
"'22","'LINE","'Make-up of the Nucleus","'99.88933563"
"'22","'LINE","'At the end of this section, you will be able to:","'99.94903564"
"'22","'LINE","'describe the make-up of the nucleus","'99.50241852"
"'22","'LINE","'define atomic mass","'99.96419525"
"'22","'LINE","'define isotope, and calculate the relative atomic mass (atomic mass) of","'99.92241669"
"'22","'LINE","'naturally occurring isotopic elements.","'99.98759460"
"'22","'LINE","'1.4.1","'99.93164063"
"'22","'LINE","'Subatomic Particles","'99.89098358"
"'22","'LINE","'In 1919, Rutherford discovered that hydrogen nuclei, or what we now call protons,","'99.97508240"
"'22","'LINE","'form when alpha particles strike some of the lighter elements, such as nitrogen. A","'99.63364410"
"'22","'LINE","'proton is a nuclear particle having a positive charge equal in magnitude to that of the","'99.91208649"
"'22","'LINE","'electron. A proton has a mass of mₚ = 1.67262 X 10⁻²⁷ kg, which is about 1840 times","'96.98752594"
"'22","'LINE","'the mass of electrons. The protons in a nucleus give the nucleus its positive charge.","'99.93784332"
"'22","'LINE","'Table 1.1 compares the relative masses and charges of the three subatomic particles","'99.91393280"
"'22","'LINE","'(note that ""amu"" stands for ""atomic mass unit"", which is equal to 1 the mass of an","'99.62552643"
"'22","'LINE","'12","'99.46289063"
"'22","'LINE","'atom of carbon-12).","'99.29228973"
"'22","'LINE","'Table 1.1: Properties of subatomic particles","'99.59881592"
"'22","'LINE","'Particle","'99.95037079"
"'22","'LINE","'Actual mass (kg)","'99.85677338"
"'22","'LINE","'Relative mass","'99.88281250"
"'22","'LINE","'Actual charge","'99.96093750"
"'22","'LINE","'Relative","'99.99023438"
"'22","'LINE","'(amu)","'99.95037079"
"'22","'LINE","'(C)","'93.75897217"
"'22","'LINE","'charge","'99.99023438"
"'22","'LINE","'Proton (p)","'98.21308899"
"'22","'LINE","'1.672622 X 10⁻²⁷","'87.46555328"
"'22","'LINE","'1.007276","'99.96093750"
"'22","'LINE","'1.602 X 10⁻¹⁹","'89.38715363"
"'22","'LINE","'+1","'97.84996796"
"'22","'LINE","'Neutron (n)","'99.84335327"
"'22","'LINE","'1.674927 X 10⁻²⁷","'80.51286316"
"'22","'LINE","'1.008665","'99.97070313"
"'22","'LINE","'0","'45.12416458"
"'22","'LINE","'O","'45.04444122"
"'22","'LINE","'Electron (e⁻)","'77.39466858"
"'22","'LINE","'9.109383 X 10-³¹","'76.83428192"
"'22","'LINE","'5.485799 X 10⁻⁴","'85.17119598"
"'22","'LINE","'-1.602 X 0-¹⁹","'74.17268372"
"'22","'LINE","'-1","'94.32337952"
"'22","'LINE","'The atomic number (Z) of an element equals the number of protons in the nucleus of","'99.93872833"
"'22","'LINE","'each of its atoms. All atoms of a particular element have the same atomic number,","'99.89402771"
"'22","'LINE","'and each element has a different atomic number from that of any other element. The","'99.94251251"
"'22","'LINE","'total number of protons and neutrons in the nucleus of an atom is its mass number","'99.98093414"
"'22","'LINE","'(A). The mass number and atomic number of an element X are often written with the","'99.56722260"
"'22","'LINE","'symbol,","'99.95037079"
"'22","'LINE","'12","'99.83398438"
"'22","'LINE","'UNIT 1","'99.08492279"
"'23","'LINE","'Make-up of the Nucleus","'99.92167664"
"'23","'LINE","'Activity 1.9","'99.70703125"
"'23","'LINE","'Based on your previous knowledge, write the similarities and differences","'99.98128510"
"'23","'LINE","'between the pairs of atomic notations and present your responses to the","'99.99674225"
"'23","'LINE","'whole class.","'99.85839844"
"'23","'LINE","'a. 29 4Si and 30 4Si","'58.00609589"
"'23","'LINE","'b. 14C and N","'82.87044525"
"'23","'LINE","'c. 35 79 Br and Br","'89.61650085"
"'23","'LINE","'d. ⁷⁹ₛBr⁻ and Kr","'77.93228149"
"'23","'LINE","'1.4.2","'99.93164063"
"'23","'LINE","'Atomic Mass and Isotopes","'99.98046875"
"'23","'LINE","'All atoms of an element are identical in atomic number but not in mass number.","'99.98361969"
"'23","'LINE","'Isotopes of an element are atoms that have different numbers of neutrons and","'99.98791504"
"'23","'LINE","'different mass numbers. For example, all carbon atoms have six protons in the","'99.96714783"
"'23","'LINE","'nucleus (Z = 6) but only 98.89 % of naturally occurring carbon atoms have","'99.30899048"
"'23","'LINE","'six neutrons in the nucleus (A = 12). A small percentage (1.11 %) have seven","'99.17235565"
"'23","'LINE","'neutrons in the nucleus (A = 13), and even fewer (less than 0.01 %) have eight","'99.48186493"
"'23","'LINE","'(A = 14). Hence, carbon has three naturally occurring isotopes: ¹²C, ¹³C, and ¹⁴C.","'96.51821136"
"'23","'LINE","'Most elements found in nature are mixtures of isotopes. The average mass for the","'99.96595001"
"'23","'LINE","'atoms in an element is called the atomic mass of the element and can be obtained","'99.98336792"
"'23","'LINE","'as averages over the relative masses of the isotopes of each element, weighted by","'99.96396637"
"'23","'LINE","'their observed fractional abundances. If an element consists of n isotopes, of relative","'99.87069702"
"'23","'LINE","'masses A₁, . An and fractional abundances of f₁,f₂....fₙ, then the average relative","'83.94473267"
"'23","'LINE","'atomic mass (A) of the element is:","'99.78344727"
"'23","'LINE","'UNIT 1","'99.24156952"
"'23","'LINE","'13","'99.73632813"
"'24","'LINE","'CHEMISTRY GRADE 11","'99.84348297"
"'24","'LINE","'Example 1.2","'99.78475952"
"'24","'LINE","'There are two naturally occurring isotopes of silver. Isotope ¹⁰⁷Ag (106.90509","'99.11337280"
"'24","'LINE","'amu) accounts for 51.84% of the total abundance, and isotope 109 Ag","'98.85383606"
"'24","'LINE","'(108.90476) accounts for the remaining 48.16%. Calculate the atomic mass","'99.72905731"
"'24","'LINE","'of silver?","'99.97558594"
"'24","'LINE","'Solution:","'99.79332733"
"'24","'LINE","'Find the portion of the atomic mass from each isotope:","'99.99511719"
"'24","'LINE","'Portion of atomic mass from ¹⁰⁷Ag: = isotopic mass X fractional abundance","'99.16233063"
"'24","'LINE","'= 106.90509 amu X 0.5184 = 55.42 amu","'98.97214508"
"'24","'LINE","'Portion of atomic mass from ¹⁰⁹Ag: = 108.90476 amu X 0.4816 = 52.45 amu","'98.26919556"
"'24","'LINE","'Find the atomic mass of silver:","'99.99186707"
"'24","'LINE","'Atomic mass of Ag = 55.42 amu + 52.45 amu = 107.87 amu","'99.52262115"
"'24","'LINE","'Exercise 1.3","'99.93652344"
"'24","'LINE","'1. How many protons and neutrons are in the nucleus of each of the","'99.97826385"
"'24","'LINE","'following atoms?","'99.95077515"
"'24","'LINE","'a. 273 Al","'81.51702881"
"'24","'LINE","'b. 326S","'71.01343536"
"'24","'LINE","'C. 64Zn 64","'42.84046936"
"'24","'LINE","'d. 207 82 Pb","'94.82646179"
"'24","'LINE","'2. Element X is toxic to humans in high concentration but essential to","'99.76232910"
"'24","'LINE","'life at low concentrations. It has four naturally occurring isotopes that","'99.90866852"
"'24","'LINE","'contain 24 protons. Identify element X and give the atomic symbol for","'99.79533386"
"'24","'LINE","'the isotopes with 26, 28, 29, and 30 neutrons.","'99.87712097"
"'24","'LINE","'3. Naturally occurring boron consists of two isotopes, ¹⁰B and ¹¹B, with","'99.03157043"
"'24","'LINE","'the isotopic masses 10.013 amu and 11.009 amu, respectively. The","'99.95687103"
"'24","'LINE","'observed atomic mass of boron is 10.811 amu. Calculate the abundance","'99.95457458"
"'24","'LINE","'of each isotope","'100.00000000"
"'24","'LINE","'4. The two naturally occurring isotopes of lithium, lithium-6 and lithium-7,","'99.74015045"
"'24","'LINE","'have masses of 6.01512 amu and 7.01600 amu, respectively. Which of","'99.93674469"
"'24","'LINE","'these two occurs in greater abundance?","'99.97206116"
"'24","'LINE","'14","'99.92187500"
"'24","'LINE","'UNIT 1","'99.05074310"
"'25","'LINE","'Electromagnetic Radiation and Atomic Spectra","'99.97428894"
"'25","'LINE","'1.5","'99.97070313"
"'25","'LINE","'Electromagnetic Radiation and Atomic Spectra","'99.92434692"
"'25","'LINE","'At the end of this section, you will be able to:","'99.97129822"
"'25","'LINE","'characterize electromagnetic radiation (EMR) in terms of wavelength,","'99.94152832"
"'25","'LINE","'frequency and speed","'100.00000000"
"'25","'LINE","'calculate the wavelength and frequency of EMR","'99.97024536"
"'25","'LINE","'explain the dual nature of light","'99.97518921"
"'25","'LINE","'describe emission spectra of atoms as consisting a series of lines","'99.86184692"
"'25","'LINE","'define a photon as a unit of light energy","'99.72052002"
"'25","'LINE","'distinguish how the photon theory explains the photoelectric effect","'99.98011780"
"'25","'LINE","'identify the relationship between a photon absorbed and an electron","'99.90164948"
"'25","'LINE","'released","'100.00000000"
"'25","'LINE","'state Bohr's assumption of energy of the electron in an hydrogen atom","'99.96034241"
"'25","'LINE","'calculate the radius of electron orbit, the electron velocity and the energy","'99.98257446"
"'25","'LINE","'of an electron using Bohr's model","'99.96054077"
"'25","'LINE","'explain that the line spectrum of hydrogen atom demonstrates the","'99.95615387"
"'25","'LINE","'quantized nature of the energy of its electron","'99.95780182"
"'25","'LINE","'explain that atoms emit or absorb energy when they undergo transitions","'99.97840881"
"'25","'LINE","'from one state to another","'99.99609375"
"'25","'LINE","'compose the limitations of Bohr's theory.","'99.93546295"
"'25","'LINE","'1.5.1","'99.92187500"
"'25","'LINE","'Electromagnetic Radiation","'99.82591248"
"'25","'LINE","'Activity 1.10","'99.74121094"
"'25","'LINE","'Form a group and discuss the following questions, then present your","'99.87265015"
"'25","'LINE","'responses to the whole class.","'99.99609375"
"'25","'LINE","'1. Explain how energy travels in space.","'99.97209930"
"'25","'LINE","'2. What is the importance of electromagnetic radiation (EMR) in","'99.96826935"
"'25","'LINE","'chemistry?","'99.93164063"
"'25","'LINE","'3. What are the common features of different energy sources?","'99.98437500"
"'25","'LINE","'UNIT 1","'99.44176483"
"'25","'LINE","'15","'99.95117188"
"'26","'LINE","'CHEMISTRY GRADE 11","'99.86002350"
"'26","'LINE","'In 1873, James Clerk Maxwell proposed that light consists of electromagnetic waves.","'99.92379761"
"'26","'LINE","'According to his theory, an electromagnetic wave has an electric field and magnetic","'99.95726013"
"'26","'LINE","'field components. These two components vibrate in two mutually perpendicular","'99.96412659"
"'26","'LINE","'planes (Figure 1.6). EMR is the emission and transmission of energy in the form of","'99.96452332"
"'26","'LINE","'electromagnetic waves.","'99.78684998"
"'26","'LINE","'Z","'99.59402466"
"'26","'LINE","'Y Magnetic field componet","'99.94100952"
"'26","'LINE","'a (wavelength)","'92.25476074"
"'26","'LINE","'X","'90.43427277"
"'26","'LINE","'Electric field componet","'99.93356323"
"'26","'LINE","'Figure 1.6: The electric field and magnetic field components of an","'99.96775055"
"'26","'LINE","'electromagnetic waves","'99.79661560"
"'26","'LINE","'Electromagnetic waves have three primary characteristics: wavelength, frequency","'99.87309265"
"'26","'LINE","'and speed. Wavelength (,, Greek lambda), is the distance the wave travels during one","'95.96398163"
"'26","'LINE","'cycle (Figure 1.7). It is expressed in meters (m) and often, for very short wavelengths,","'99.89058685"
"'26","'LINE","'in nanometers (nm), picometers (pm), or angstrom (Å). Frequency (v, Greek letter","'99.72673035"
"'26","'LINE","'nu) is the number of cycles the wave undergoes per second and is expressed in units","'99.93726349"
"'26","'LINE","'of l/second (1/s; also called hertz, Hz).","'97.70018005"
"'26","'LINE","'1 second","'99.71520233"
"'26","'LINE","'2,","'63.67446899"
"'26","'LINE","'v₁ = 4 cycles/second = 4 hertz","'94.33488464"
"'26","'LINE","'2,","'44.14839935"
"'26","'LINE","'V2 = 8 cycles/second = 8 hertz","'90.85071564"
"'26","'LINE","'23","'24.04057693"
"'26","'LINE","'v₃ = 16 cycles/second = 16 hertz","'92.55150604"
"'26","'LINE","'Figure 1.7: Frequency of waves","'99.90919495"
"'26","'LINE","'16","'99.92107391"
"'26","'LINE","'UNIT 1","'99.42223358"
"'27","'LINE","'Electromagnetic Radiation and Atomic Spectra","'99.97624207"
"'27","'LINE","'Wave has a speed which depends on the type of wave and the nature of the medium","'99.95687866"
"'27","'LINE","'through which it is traveling (for example, air, water, or a vacuum). The speed (c) of","'98.74643707"
"'27","'LINE","'a wave is the product of its wavelength and its frequency:","'99.89816284"
"'27","'LINE","'c = vd","'65.06291199"
"'27","'LINE","'(1.1)","'99.45312500"
"'27","'LINE","'In a vacuum, electromagnetic waves travel at 3 X 10⁸ m/s, which is a physical constant","'99.17790985"
"'27","'LINE","'called the speed of light.","'99.97624207"
"'27","'LINE","'EMR comes in a broad range of frequencies called the electromagnetic spectrum","'99.90055084"
"'27","'LINE","'(Figure 1.8). A rainbow is an example of a continuous spectrum. Different","'99.18761444"
"'27","'LINE","'wavelengths in visible light have different colors from red (A = 750 nm) to violet (A =","'93.62442017"
"'27","'LINE","'380 nm). Radiation provides an important means of energy transfer. For instance, the","'99.91212463"
"'27","'LINE","'energy from the Sun reaches the Earth mainly in the form of visible and ultraviolet","'99.97879028"
"'27","'LINE","'radiation. The glowing coals of a fireplace transmit heat energy by infrared radiation.","'99.93804932"
"'27","'LINE","'In microwave ovens, microwave radiation is used to heat water in foods, causig the","'99.96884918"
"'27","'LINE","'food to cook quickly.","'99.94284821"
"'27","'LINE","'Increasing frequency (v)","'99.90454102"
"'27","'LINE","'1024","'65.87790680"
"'27","'LINE","'10²²","'68.27148438"
"'27","'LINE","'10²⁰","'57.83142853"
"'27","'LINE","'10¹⁸","'42.08685303"
"'27","'LINE","'10¹⁶","'58.42693329"
"'27","'LINE","'1014","'70.16840363"
"'27","'LINE","'10¹²","'59.95077515"
"'27","'LINE","'1010","'57.00175095"
"'27","'LINE","'10⁸","'62.33418655"
"'27","'LINE","'10⁶","'89.04017639"
"'27","'LINE","'10⁴","'80.12216949"
"'27","'LINE","'10²","'77.57274628"
"'27","'LINE","'10°","'84.73612976"
"'27","'LINE","'V (Hz)","'97.88594055"
"'27","'LINE","'Y rays","'78.50685883"
"'27","'LINE","'X rays","'88.04747772"
"'27","'LINE","'UV","'99.97070313"
"'27","'LINE","'IR","'99.93164063"
"'27","'LINE","'Microwave","'99.99023438"
"'27","'LINE","'FM","'99.95117188"
"'27","'LINE","'AM","'99.43459320"
"'27","'LINE","'Long radio waves","'99.92459869"
"'27","'LINE","'Radio waves","'99.50374603"
"'27","'LINE","'10⁻¹⁶","'78.41737366"
"'27","'LINE","'10⁻¹⁴","'72.14664459"
"'27","'LINE","'10⁻¹²","'81.45009613"
"'27","'LINE","'10⁻¹⁰","'78.31613159"
"'27","'LINE","'10⁻⁸","'63.02395630"
"'27","'LINE","'10⁻⁶","'80.67443085"
"'27","'LINE","'10⁴","'90.37328339"
"'27","'LINE","'10⁻²","'77.93148041"
"'27","'LINE","'10°","'83.01080322"
"'27","'LINE","'10²","'81.65557098"
"'27","'LINE","'10⁴","'93.45404053"
"'27","'LINE","'10⁶","'97.25048065"
"'27","'LINE","'10⁸","'74.93961334"
"'27","'LINE","'a (m)","'88.61128998"
"'27","'LINE","'Increasing wavelength (2)","'98.50944519"
"'27","'LINE","'Visible spectrum","'99.96582031"
"'27","'LINE","'Violet","'98.85662079"
"'27","'LINE","'Indigo","'97.33238983"
"'27","'LINE","'Blue","'98.31951141"
"'27","'LINE","'Green","'98.78906250"
"'27","'LINE","'Yellow","'98.44487000"
"'27","'LINE","'Orange","'98.15429688"
"'27","'LINE","'Red","'98.42533875"
"'27","'LINE","'Figure 1.8: The electromagnetic spectrum","'99.96842957"
"'27","'LINE","'UNIT 1","'99.37340546"
"'27","'LINE","'17","'99.91210938"
"'28","'LINE","'CHEMISTRY GRADE 11","'99.84999084"
"'28","'LINE","'Example 1.3","'99.77011108"
"'28","'LINE","'Ethiopian National Radio, Addis Ababa station broadcasts its AM signal at a","'99.82190704"
"'28","'LINE","'frequency of 2400 kHz. What is the wavelength of the radio wave expressed","'99.95600128"
"'28","'LINE","'in meters?","'99.97518921"
"'28","'LINE","'Solution:","'99.89098358"
"'28","'LINE","'We obtain the wavelength of the radio wave by rearranging Equation 1.1","'99.98521423"
"'28","'LINE","'so, A = c V = 3.00 2.4 X X 10⁸ 10⁶ m/s s = 125.0 m","'87.69434357"
"'28","'LINE","'Exercise 1.4","'95.51129913"
"'28","'LINE","'1. The most intense radiation emitted by the Earth has a wavelength of","'99.91839600"
"'28","'LINE","'about 10.0 µm. What is the frequency of this radiation in hertz?","'99.26136780"
"'28","'LINE","'2. Addis Ababa Fana FM radio station, broadcasts electromagnetic","'99.93031311"
"'28","'LINE","'radiation at a frequency of 98.1 MHz. What is the wavelength of the","'99.88885498"
"'28","'LINE","'radio waves, expressed in meters?","'99.96452332"
"'28","'LINE","'1.5.2","'99.93164063"
"'28","'LINE","'The Quantum Theory and Photon","'99.98226166"
"'28","'LINE","'Why are waves treated as particles?","'99.98209381"
"'28","'LINE","'In 1900, Max Planck, the German physicist, came to an entirely new view of matter","'99.95628357"
"'28","'LINE","'and energy. He made a revolutionary proposal, energy like matter is discontinuous.","'98.18841553"
"'28","'LINE","'According to Planck, atoms and molecules could emit or absorb energy only in","'99.96789551"
"'28","'LINE","'discrete quantities, like small packages or bundles. Each of these small ""packets"" of","'99.92034149"
"'28","'LINE","'energy is called a quantum. The energy of a quantum is proportional to the frequency","'99.77330780"
"'28","'LINE","'of the radiation. The energy E of a single quantum is given by:","'99.57041931"
"'28","'LINE","'E = hv","'98.01386261"
"'28","'LINE","'(1.2)","'99.85351563"
"'28","'LINE","'Where h is called Planck's constant and V is the frequency of radiation. The value of","'97.94303894"
"'28","'LINE","'Planck's constant is 6.63 X 10-34 J.s.","'92.89598083"
"'28","'LINE","'18","'99.81445313"
"'28","'LINE","'UNIT 1","'99.20211029"
"'29","'LINE","'Electromagnetic Radiation and Atomic Spectra","'99.97233582"
"'29","'LINE","'Since V = с/л, Equation 1.2 can also be expressed as:","'92.68148804"
"'29","'LINE","'E=hc","'42.16039658"
"'29","'LINE","'E","'93.81597137"
"'29","'LINE","'(1.3)","'99.81445313"
"'29","'LINE","'A","'46.42747498"
"'29","'LINE","'According to quantum theory, energy is always emitted or absorbed in integral","'99.98684692"
"'29","'LINE","'multiples of hv; for example, hv, 2hv, 3hv, etc. A system can transfer energy only in","'99.68374634"
"'29","'LINE","'whole quanta. Thus, energy seems to have particulate properties.","'99.98011780"
"'29","'LINE","'Example 1.4","'99.73552704"
"'29","'LINE","'The blue color in fireworks is often achieved by heating copper (I) chloride","'99.95719910"
"'29","'LINE","'(CuCl) to about 1200 °C. Then the compound emits blue light having a","'98.03151703"
"'29","'LINE","'wavelength of 600 nm. What is the increment of energy (the quantum) that","'99.96733093"
"'29","'LINE","'is emitted at 600 nm by CuCl?","'99.76454163"
"'29","'LINE","'Solution:","'99.89098358"
"'29","'LINE","'The quantum of energy can be calculated from the Equation 1.2:","'99.98476410"
"'29","'LINE","'E = hv","'97.13594818"
"'29","'LINE","'The frequency (v) for this case can be calculated as follows:","'99.97691345"
"'29","'LINE","'v=c c","'41.48580933"
"'29","'LINE","'3.0 X 10⁸ ms⁻¹","'80.80770874"
"'29","'LINE","'=","'94.24645233"
"'29","'LINE","'6.0 X 10⁻⁷ m","'88.49703979"
"'29","'LINE","'= 0.5 X 10¹⁵ s-¹","'86.47132111"
"'29","'LINE","'So, E = hv","'96.40674591"
"'29","'LINE","'= 6.63 X 10-34 J. s X 0.50 X 10¹⁵ₛ⁻¹","'77.70594025"
"'29","'LINE","'= 3.315 X 10-19 J = 3.32 X 10⁻¹⁹ J","'90.14981079"
"'29","'LINE","'The Photoelectric Effect","'99.12641144"
"'29","'LINE","'In 1905, Albert Einstein used the quantum theory to explain the photoelectric effect.","'99.98253632"
"'29","'LINE","'The photoelectric effect is a phenomenon in which electrons are ejected from the","'99.95425415"
"'29","'LINE","'surface of certain metals exposed to light of at least a certain minimum frequency,","'99.96246338"
"'29","'LINE","'called the threshold frequency, vₒ.","'87.48146057"
"'29","'LINE","'UNIT 1","'99.43648529"
"'29","'LINE","'19","'99.73632813"
"'30","'LINE","'CHEMISTRY GRADE 11","'99.68723297"
"'30","'LINE","'These observations can be explained by assuming that EMR is quantized (consists","'99.96284485"
"'30","'LINE","'of photons), and the threshold frequency represents the minimum energy required to","'99.97030640"
"'30","'LINE","'remove the electron from the metal's surface. Photons are particles of light or energy","'99.77611542"
"'30","'LINE","'packet. The minimum energy required to remove an electron is:","'99.95768738"
"'30","'LINE","'E = hv₀","'80.84376526"
"'30","'LINE","'(1.4)","'99.69726563"
"'30","'LINE","'Where E₀ o is the minimum energy (of the photon), and vo' the threshold frequency.","'88.77031708"
"'30","'LINE","'A photon with energy less than E₀ (v<v) < cannot remove an electron, or a light with","'93.23511505"
"'30","'LINE","'a frequency less than the v₀ produces no electrons. On the other hand, if a light has","'95.96275330"
"'30","'LINE","'V > vₒ, the energy in excess of that required to remove the electron is given to the","'95.20137024"
"'30","'LINE","'electron as kinetic energy (KE):","'99.96045685"
"'30","'LINE","'(1.5)","'99.52148438"
"'30","'LINE","'Where KE is the kinetic energy of an electron, m is mass of an electron, V is the","'97.69512177"
"'30","'LINE","'velocity of an electron, hv, is the energy of an incident photon, and hv₀ is the energy","'98.03650665"
"'30","'LINE","'required to remove an electron from the metal's surface.","'99.49691010"
"'30","'LINE","'Intensity of light is a measure of the number of photons present in a given part of the","'99.95999908"
"'30","'LINE","'beam: a greater intensity means that more photons are available to release electrons","'99.95368958"
"'30","'LINE","'(as long as V> vₒ for the radiation). In his theory of relativity in 1905, Einstein","'93.49457550"
"'30","'LINE","'derived the famous equation:","'99.98515320"
"'30","'LINE","'E = mc²","'88.77069092"
"'30","'LINE","'(1.6)","'99.79492188"
"'30","'LINE","'Rearranging this equation, we have","'99.94678497"
"'30","'LINE","'m = E c2 E","'51.45480728"
"'30","'LINE","'(1.7)","'99.71679688"
"'30","'LINE","'Where E is energy, m is mass, and c is speed of light.","'99.05546570"
"'30","'LINE","'The main significance of Equation 1.7 is that energy has mass. Using this equation,","'99.95431519"
"'30","'LINE","'we can calculate the mass associated with a given quantity of energy or the apparent","'99.87293243"
"'30","'LINE","'mass of a photon. For electromagnetic radiation of wavelength, 2, the energy of each","'96.63175201"
"'30","'LINE","'photon is given by the expression:","'99.98521423"
"'30","'LINE","'Ephoton = hc","'22.43821716"
"'30","'LINE","'(1.8)","'99.56054688"
"'30","'LINE","'20","'99.69647217"
"'30","'LINE","'UNIT 1","'98.58199310"
"'31","'LINE","'Electromagnetic Radiation and Atomic Spectra","'99.97428894"
"'31","'LINE","'Then, the apparent mass of a photon of light with wavelength is given by:","'99.96815491"
"'31","'LINE","'(1.9)","'99.87304688"
"'31","'LINE","'We can summarize the important conclusions from the work of Planck and Einstein","'99.95788574"
"'31","'LINE","'as follows:","'99.98046875"
"'31","'LINE","'Energy is quantized. It can occur only in discrete units called photon or quanta.","'99.94973755"
"'31","'LINE","'EMR, which was previously thought to exhibit only wave properties, seems to show","'99.96870422"
"'31","'LINE","'certain characteristics of particulate matter as well. This phenomenon is sometimes","'99.96842194"
"'31","'LINE","'referred to as the dual nature of light and is illustrated Figure 1.9.","'99.98184967"
"'31","'LINE","'M","'35.46506119"
"'31","'LINE","'Light as a wave phenomenon","'99.94694519"
"'31","'LINE","'Light as astream of photons","'99.99218750"
"'31","'LINE","'Figure 1.9: The dual nature of light","'99.96338654"
"'31","'LINE","'Example 1.5","'99.60937500"
"'31","'LINE","'1. Compare the wavelength for an electron (mass = 9.11 X 10-31 kg) traveling","'97.77593231"
"'31","'LINE","'at a speed of 1.00 X 10⁷ m/s with that for a ball (mass = 0.10 kg) traveling","'99.18857574"
"'31","'LINE","'at 35 m/s.","'99.71002197"
"'31","'LINE","'Solution:","'99.89098358"
"'31","'LINE","'We use the equation m = h/cl,","'89.50073242"
"'31","'LINE","'Where h = 6.63 X 10-34 J.s = 6.63x10-34 kg. m².s Since 1J = 1 kg. m²/s²","'90.69742584"
"'31","'LINE","'For the electron:","'99.98697662"
"'31","'LINE","'6.63x10³³⁴ kg.m².s","'11.84779549"
"'31","'LINE","'a =","'89.73253632"
"'31","'LINE","'= 7.28x10⁻¹m = 7.28 nm","'84.43547058"
"'31","'LINE","'For the ball:","'99.97721100"
"'31","'LINE","'a","'86.14417267"
"'31","'LINE","'= 6.63 X 10⁻³⁴ kg.m².s = 1.89 X 10⁻³⁴ m = 189 X 10⁻²⁵ nm","'93.05600739"
"'31","'LINE","'0.10 kg X 35 m/s","'93.46006012"
"'31","'LINE","'UNIT 1","'99.25621796"
"'31","'LINE","'21","'99.36523438"
"'32","'LINE","'CHEMISTRY GRADE 11","'99.92486572"
"'32","'LINE","'2. The maximum kinetic energy of the photoelectrons emitted from a give","'99.96027374"
"'32","'LINE","'metal is 1.5 X 10⁻²⁰ J when a light that has a 750 nm wavelength shines on","'99.45857239"
"'32","'LINE","'the surface. Determine the threshold frequency, v₀, for this metal. Calculate","'95.25794220"
"'32","'LINE","'the corresponding wavelength, do.","'94.98306274"
"'32","'LINE","'Solution:","'99.91051483"
"'32","'LINE","'a) Determination of the threshold frequency, v₀","'91.10081482"
"'32","'LINE","'Solve for V from c=vx2","'85.86573029"
"'32","'LINE","'Thus, v = c/d = (3.0 X 10⁸ m/s)/7.5 X 10-7 m)","'88.04118347"
"'32","'LINE","'= 0.4 X 10¹⁵ s-¹ = 4.0 X 10¹⁴ s-¹","'89.78673553"
"'32","'LINE","'Similarly, rearrange Equation 1.5 and solve v₀","'89.75295258"
"'32","'LINE","'V₀ hv - KE","'58.40720367"
"'32","'LINE","'6.63 X 10⁻³⁴ J.S X 4.0 X 10¹⁴ - 1.5 X 10⁻²⁰J","'87.99337006"
"'32","'LINE","'=","'97.62615204"
"'32","'LINE","'6.63 X 10⁻³⁴ S","'91.76403809"
"'32","'LINE","'26.52 X 10⁻²⁰J 1.5 X 10⁻²⁰J 24.02 X 10⁻²⁰ +","'84.74207306"
"'32","'LINE","'=","'96.87419891"
"'32","'LINE","'=","'96.71396637"
"'32","'LINE","'6.63x10⁻³⁴J.s","'77.29492188"
"'32","'LINE","'6.63 X 10⁻³⁴ ±.s","'76.90177155"
"'32","'LINE","'= 3.77 X 10¹⁴ s⁻¹","'95.67359161"
"'32","'LINE","'Therefore, a frequency of 3.77 X 10¹⁴ Hz is the minimum (threshold)","'98.05326843"
"'32","'LINE","'required to cause the photoelectric effect for this metal.","'99.99565887"
"'32","'LINE","'b) Calculate the corresponding wavelength do:","'95.36345673"
"'32","'LINE","'V₀","'50.20866394"
"'32","'LINE","'3.0 X 10⁸ m/s","'85.63462067"
"'32","'LINE","'=","'94.59642029"
"'32","'LINE","'3.77x10¹⁴ s⁻¹ s-¹","'39.74135971"
"'32","'LINE","'= 0.796 X 10⁻⁶ m","'95.67805481"
"'32","'LINE","'= 796 nm","'97.71025848"
"'32","'LINE","'22","'99.85271454"
"'32","'LINE","'UNIT 1","'99.31890106"
"'33","'LINE","'Electromagnetic Radiation and Atomic Spectra","'99.97233582"
"'33","'LINE","'Exercise 1.5","'99.93652344"
"'33","'LINE","'1. The following are representative wavelengths in the infrared,","'99.93961334"
"'33","'LINE","'ultraviolet, and X-ray regions of the electromagnetic spectrum,","'99.93664551"
"'33","'LINE","'respectively: 1.0 X 10⁻⁶ m, 1.0 X 10⁻⁸ m, and 1.0 X 10⁻¹⁰ m.","'94.40355682"
"'33","'LINE","'a. What is the energy of a photon of each radiation?","'99.91619873"
"'33","'LINE","'b. Which has the greatest amount of energy per photon?","'99.98730469"
"'33","'LINE","'c. Which has the least?","'96.35762024"
"'33","'LINE","'2. A clean metal surface is irradiated with light of three different","'99.30346680"
"'33","'LINE","'wavelengths a₁, A₂, and A3. The kinetic energies of the ejected electrons","'84.34883118"
"'33","'LINE","'are as follows: a₁: 7.2 X 10⁻²⁰ J; A₂: approximately zero; A3: 5.8 X 10⁻¹⁹","'88.40996552"
"'33","'LINE","'J. Which light has the shortest wavelength and which has the longest","'99.97307587"
"'33","'LINE","'wavelength? Determine the threshold frequency, vₒ, for this metal.","'95.34133148"
"'33","'LINE","'3. The minimum energy required to cause the photoelectric effect in","'99.97751617"
"'33","'LINE","'potassium metal is 3.69 X 10⁻¹⁹ J. Will photoelectrons be produced when","'97.80143738"
"'33","'LINE","'visible light, 520 nm and 620 nm, shines on the surface of potassium?","'99.97132874"
"'33","'LINE","'What is or are the velocities of the ejected electron/s?","'99.96354675"
"'33","'LINE","'1.5.3","'99.91131592"
"'33","'LINE","'Atomic Spectra","'99.97070313"
"'33","'LINE","'Activity 1.11","'99.74081421"
"'33","'LINE","'Discuss the following ideas in pairs and share with the rest of the class.","'99.99651337"
"'33","'LINE","'1. Why do you observe different colors when you are watching fireworks?","'99.97232819"
"'33","'LINE","'2. As it is shown in the Figure 1.10, when compounds of the alkali metals:","'99.93332672"
"'33","'LINE","'lithium, sodium, and potassium are excited in the gas flames they give","'99.96115875"
"'33","'LINE","'different colored flames. Why do they emit different colors?","'99.98897552"
"'33","'LINE","'Li","'99.63548279"
"'33","'LINE","'Na","'99.97070313"
"'33","'LINE","'K","'95.07653046"
"'33","'LINE","'Figure 1.10: Flame colors of lithium, sodium, and potassium compounds","'99.93010712"
"'33","'LINE","'UNIT 1","'99.41246796"
"'33","'LINE","'23","'99.87304688"
"'34","'LINE","'CHEMISTRY GRADE 11","'99.76210785"
"'34","'LINE","'Atomic or line spectra are produced from the emission of photons of electromagnetic","'99.95957184"
"'34","'LINE","'radiation (light). Different kinds of spectrum are observed when an electric discharge,","'99.97287750"
"'34","'LINE","'or spark, passes through a gas such as hydrogen. The electric discharge is an electric","'99.94006348"
"'34","'LINE","'current that excites, or energizes, the atoms of the gas. More specifically, the electric","'99.94822693"
"'34","'LINE","'current transfers energy to the electrons in the atoms raising them to excited states.","'99.99651337"
"'34","'LINE","'The atoms then emit the absorbed energy in the form of light as the electrons return","'99.98891449"
"'34","'LINE","'to lower energy states. When a narrow beam of this light is passed through a prism,","'99.96246338"
"'34","'LINE","'we do not see a continuous spectrum, or rainbow, as sunlight does. Rather, only a","'99.92373657"
"'34","'LINE","'few colors are observed, displayed as a series of individual lines. This series of lines","'99.93789673"
"'34","'LINE","'is called the element's atomic spectrum or emission spectrum. The wavelengths of","'99.84401703"
"'34","'LINE","'these spectral lines are characteristic of the element producing them, and used for","'99.98472595"
"'34","'LINE","'their identification. For example, the emission (line) spectrum of hydrogen atom is","'99.93526459"
"'34","'LINE","'show in Figure 1.11.","'99.90927124"
"'34","'LINE","'Detector (photographic plate)","'99.84514618"
"'34","'LINE","'+","'96.95073700"
"'34","'LINE","'Arc","'98.73505402"
"'34","'LINE","'Slit","'99.97070313"
"'34","'LINE","'Prism","'100.00000000"
"'34","'LINE","'High","'99.99023438"
"'34","'LINE","'Voltage","'99.91051483"
"'34","'LINE","'Hydrogen gas","'99.98535156"
"'34","'LINE","'discharge tube","'99.98535156"
"'34","'LINE","'410 nm 434 nm","'99.61609650"
"'34","'LINE","'486 nm","'99.72128296"
"'34","'LINE","'656 nm","'99.54998779"
"'34","'LINE","'Figure 1.11: The hydrogen line spectrum, containing only a few discrete","'99.37507629"
"'34","'LINE","'wavelengths","'100.00000000"
"'34","'LINE","'Changes in energy between discrete energy levels in hydrogen will produce only","'99.98264313"
"'34","'LINE","'certain wavelengths of emitted light, as shown in Figure 1.12. For example, a given","'99.92445374"
"'34","'LINE","'change in energy from a high to a lower level would give a wavelength of light which","'99.90921783"
"'34","'LINE","'can be expressed using Planck's equation: E = hv = hc/d","'94.03425598"
"'34","'LINE","'24","'99.93164063"
"'34","'LINE","'UNIT 1","'99.35915375"
"'35","'LINE","'Electromagnetic Radiation and Atomic Spectra","'99.97624207"
"'35","'LINE","'E₃ = hc/2,","'62.31100082"
"'35","'LINE","'E","'94.96014404"
"'35","'LINE","'E2 = hc/2,","'64.02613068"
"'35","'LINE","'A E1 = hc/2,","'67.98501587"
"'35","'LINE","'Various energy levels","'99.98671722"
"'35","'LINE","'in the hydrogen atom","'99.98027039"
"'35","'LINE","'Figure 1.12: A change between two discrete energy levels emits a photon of light","'98.61558533"
"'35","'LINE","'1.5.4","'99.97070313"
"'35","'LINE","'The Bohr Model of the Hydrogen Atom","'99.99581909"
"'35","'LINE","'Activity 1.12","'99.92187500"
"'35","'LINE","'Form a group and discuss the following questions. Share your ideas with","'99.90570068"
"'35","'LINE","'the rest of the class.","'100.00000000"
"'35","'LINE","'The nature of the nucleus of the atom was explained by Rutherford. However,","'99.97039795"
"'35","'LINE","'he was not able to explain the position and velocity of electrons in the atom.","'99.98882294"
"'35","'LINE","'1. Is it possible to know the exact location of an electron in the atom?","'99.97591400"
"'35","'LINE","'Defend your suggestion.","'99.98671722"
"'35","'LINE","'2. Explain why an electron does not enter the nucleus, even though they","'99.98485565"
"'35","'LINE","'are oppositely charged.","'99.98345947"
"'35","'LINE","'In 1913, Niels Bohr (a Danish physicist) explained why the orbiting electron does","'99.95037079"
"'35","'LINE","'not radiate energy as it moves around the nucleus. He introduced the fundamental","'99.01670837"
"'35","'LINE","'idea that the absorption and emission of light by hydrogen atoms was due to energy","'99.98345947"
"'35","'LINE","'changes of the electrons within the atoms. The fact that only certain frequencies are","'99.97943115"
"'35","'LINE","'absorbed or emitted by an atom tells us that only certain energy changes are possible.","'99.97559357"
"'35","'LINE","'Thus, energy changes in an atom are quantized.","'99.90055084"
"'35","'LINE","'UNIT 1","'99.38198090"
"'35","'LINE","'25","'99.87304688"
"'36","'LINE","'CHEMISTRY GRADE 11","'99.49843597"
"'36","'LINE","'Bohr used Planck's and Einstein's ideas about quantized energy and proposed the","'99.85391235"
"'36","'LINE","'following assumptions:","'99.87065887"
"'36","'LINE","'1. The electron in an hydrogen atom travels around the nucleus in a circular orbit.","'99.82530975"
"'36","'LINE","'2. The energy of the electron in an atom is proportional to its distance from the","'99.98652649"
"'36","'LINE","'nucleus. The further an electron is from the nucleus, the more energy it has.","'99.95618439"
"'36","'LINE","'3. Only limited number of orbits with certain energies are allowed. This means, the","'99.96542358"
"'36","'LINE","'orbits are quantized.","'99.88420868"
"'36","'LINE","'4. The only orbits that are allowed are those for which the angular momentum of the","'99.97670746"
"'36","'LINE","'electron is an integral multiple of h/2π.","'99.85169220"
"'36","'LINE","'5. As long as an electron stays in a given orbital, it neither gains or losses energy.","'99.90103149"
"'36","'LINE","'That means, the atom does not change its energy while the electron moves within","'99.98459625"
"'36","'LINE","'an orbit.","'99.93612671"
"'36","'LINE","'6. The electron moves to a higher energy orbit only by absorbing energy in the","'99.88871002"
"'36","'LINE","'form of light, and emitting light when it falls to a lower energy orbit. The energy","'99.93074799"
"'36","'LINE","'(photon) of the light absorbed or emitted is exactly equal to the difference between","'99.95850372"
"'36","'LINE","'the energies of the two orbits.","'99.96353149"
"'36","'LINE","'Furthermore, Bohr showed that the radii, r, of the permitted orbits or energy levels for","'99.84251404"
"'36","'LINE","'an atom of hydrogen atom are related to Planck's constant, h, the electron's charge,","'99.87035370"
"'36","'LINE","'e, and its mass, m.","'97.30803680"
"'36","'LINE","'Consider hydrogen atom with an electron with constant speed, v, circulating the","'99.45565033"
"'36","'LINE","'nucleus in an orbit of radius, r. The total energy of the electron is the sum of the","'99.90081787"
"'36","'LINE","'kinetic energy (energy of movement) and the potential energy (energy of position):","'99.92543030"
"'36","'LINE","'(1.10)","'99.21875000"
"'36","'LINE","'For an electron to exist in a stable orbit of a constant radius, the centripetal force","'99.88336182"
"'36","'LINE","'(attracting the electron to the nucleus), e²/r², and the centrifugal force (pulling away","'98.90519714"
"'36","'LINE","'the electron from the nucleus), mv²/r must be equal:","'98.83224487"
"'36","'LINE","'e² = mv²","'15.80028248"
"'36","'LINE","'(1.11)","'99.18945313"
"'36","'LINE","'Bohr then introduced an additional requirement that the angular momentum, mvr,","'99.88603210"
"'36","'LINE","'of the electron can take only certain permitted values, that is, an integral multiple of","'99.97694397"
"'36","'LINE","'h/2π. This requirement is called a quantum condition:","'99.88375854"
"'36","'LINE","'26","'99.88281250"
"'36","'LINE","'UNIT 1","'98.66988373"
"'37","'LINE","'Electromagnetic Radiation and Atomic Spectra","'99.98014832"
"'37","'LINE","'mvr = nh","'30.16123199"
"'37","'LINE","'(1.12)","'99.71679688"
"'37","'LINE","'Solving Equation 1.12 for v gives:","'97.27349854"
"'37","'LINE","'2πᵐ","'13.70356369"
"'37","'LINE","'(1.13)","'99.76562500"
"'37","'LINE","'Substituting for v in Equation 1.11 and solving for r gives:","'98.03865051"
"'37","'LINE","'(1.14)","'99.52148438"
"'37","'LINE","'Here, n is positive integer (n=1,2,3...) and is called quantum number. It is known","'97.26070404"
"'37","'LINE","'that h, π, T, and e are constants, thus Equation 1.14 can be simplified to:","'96.94602966"
"'37","'LINE","'r = n² a,","'52.33876801"
"'37","'LINE","'(1.15)","'99.63867188"
"'37","'LINE","'According to Equation 1.15 the only permitted values of the radii of the electron","'99.97315216"
"'37","'LINE","'path in the hydrogen atom are those proportional to the square of a whole number, n.","'99.71848297"
"'37","'LINE","'The numerical values of a₀ is 0.53 Å. Thus,","'96.15563965"
"'37","'LINE","'r = (0.53 Å)n²","'90.48873138"
"'37","'LINE","'For instance, for n = 1, r = 0.53 Å. This is the first Bohr radius. The larger the values","'98.73499298"
"'37","'LINE","'of n, the further the electron from the nucleus.","'98.30110931"
"'37","'LINE","'n=5","'85.14369202"
"'37","'LINE","'n=4","'84.55325317"
"'37","'LINE","'n=3","'82.03630829"
"'37","'LINE","'n=2","'85.99836731"
"'37","'LINE","'Energy levels","'99.98535156"
"'37","'LINE","'n=1","'66.07939911"
"'37","'LINE","'Nucleus","'100.00000000"
"'37","'LINE","'Figure 1.13: Bohr's energy levels of a hydrogen atom","'99.24897766"
"'37","'LINE","'UNIT 1","'99.61754608"
"'37","'LINE","'27","'99.71679688"
"'38","'LINE","'CHEMISTRY GRADE 11","'99.66770172"
"'38","'LINE","'Bohr showed that the energies that an electron in hydrogen atom can occupy are","'99.97524261"
"'38","'LINE","'given by:","'99.98046875"
"'38","'LINE","'(1.16)","'99.48242188"
"'38","'LINE","'Where RH, the Rydberg constant for the hydrogen atom and has the value 2.18 X","'96.08833313"
"'38","'LINE","'10⁻¹⁸ J. Thus, Equation 1.15 can be written as:","'97.41136169"
"'38","'LINE","'2.18","'91.70898438"
"'38","'LINE","'The negative sign in Equation 1.16 is an arbitrary convention, signifying that the","'99.94667816"
"'38","'LINE","'energy of the electron in the atom is lower than the energy of a free electron, which","'99.98085785"
"'38","'LINE","'is an electron that is infinitely far from the nucleus. The energy of a free electron is","'99.97856140"
"'38","'LINE","'given a value of zero.","'99.93295288"
"'38","'LINE","'As the electron gets closer to the nucleus (as n decreases), Eₙ becomes larger in","'97.09761810"
"'38","'LINE","'absolute value, but also more negative. The most negative value, then, is reached","'99.95638275"
"'38","'LINE","'when n = 1, which corresponds to the most stable energy state. We call this the","'99.67388153"
"'38","'LINE","'ground state or ground level, which refers to the lowest energy state of an atom. The","'99.98525238"
"'38","'LINE","'stability of the hydrogen electron diminishes for n = 2, 3 Each of these levels is","'99.13636780"
"'38","'LINE","'called an excited state, or excited level, which is higher in energy than the ground","'99.96968079"
"'38","'LINE","'state. A hydrogen electron for which n is greater than 1 is said to be in an excited","'99.71657562"
"'38","'LINE","'state.","'100.00000000"
"'38","'LINE","'Using Bohr's Equation 1.16, relating the energy (En) and energy level (n) for an","'97.15854645"
"'38","'LINE","'electron it is possible to calculate the energy of a single electron in a ground state","'99.90192413"
"'38","'LINE","'or excited state, or the energy change when an electron moves between two energy","'99.98535156"
"'38","'LINE","'levels.","'99.95037079"
"'38","'LINE","'28","'99.75585938"
"'38","'LINE","'UNIT 1","'99.24196625"
"'39","'LINE","'Electromagnetic Radiation and Atomic Spectra","'99.97624207"
"'39","'LINE","'Example 1.6","'99.85311890"
"'39","'LINE","'Consider the n = 5 state of hydrogen atom. Using the Bohr model, calculate","'99.41726685"
"'39","'LINE","'the radius of the electron orbit, the velocity and the energy of the electron.","'99.99645233"
"'39","'LINE","'Solution:","'99.89098358"
"'39","'LINE","'To determine the radius, Equation 1.15 is used:","'99.77394104"
"'39","'LINE","'r = (0.53 Å) X 5² = 15.24 Å = 1.524 nm","'94.77152252"
"'39","'LINE","'Velocity of the electron is determined using Equation 1.13:","'99.97929382"
"'39","'LINE","'V =","'82.69042969"
"'39","'LINE","'5 (6.63 X 10⁻³⁴ kg m² s⁻¹)","'93.08513641"
"'39","'LINE","'=","'93.55388641"
"'39","'LINE","'2 X 3.14 X 9.11 X 10⁻³¹ kg X 1.524 X 10⁻⁹ m","'95.35335541"
"'39","'LINE","'= 3.8 X 10⁵ m/s","'95.11192322"
"'39","'LINE","'Equation 1.16 is used to solve E₅","'96.79988861"
"'39","'LINE","'E₅ = 2.18 X 5² 10⁻¹⁸ J = 8.72 X 10⁻²⁰ J","'88.00779724"
"'39","'LINE","'Calculate the energies of the hydrogen electron in n = 1, n = 2 and n = 3","'97.60165405"
"'39","'LINE","'Solution: Using Equation 1.16:","'99.86796570"
"'39","'LINE","'For n = 1, E₁ = 2.18 X 1² 10⁻¹⁸ J = - 2.18 X 10⁻¹⁸ J","'90.34360504"
"'39","'LINE","'n = 2, E₂ = 2.18 X 2² 10⁻¹⁸ J = 5.54 X 10⁻¹⁹ J","'91.23109436"
"'39","'LINE","'n = 3 , E₃ = 2.18 X 3² 10⁻¹⁸ J = 2.42 X 10⁻¹⁹J","'88.57294464"
"'39","'LINE","'Bohr's model also quantitatively explained the line spectra of hydrogen atom. He","'98.78183746"
"'39","'LINE","'proposed that the absorptions and emissions in line spectra correspond to the transfer","'99.96564484"
"'39","'LINE","'of the electron from one orbit to another. Energy must be absorbed for the electron","'99.99007416"
"'39","'LINE","'to move from one orbit to another one having a bigger radius. Whereas, energy is","'99.91919708"
"'39","'LINE","'emitted when an electron moves from the higher orbital energy level, nᵢ, to the lower","'98.28261566"
"'39","'LINE","'orbital, nf, energy level. Thus, the change in energy, E, is the difference in the energy","'98.76345062"
"'39","'LINE","'between the final and the initial state electron:","'99.99501801"
"'39","'LINE","'UNIT 1","'99.38317108"
"'39","'LINE","'29","'99.68750000"
"'40","'LINE","'CHEMISTRY GRADE 11","'99.90859222"
"'40","'LINE","'AE = Ef - Eᵢ","'18.04029846"
"'40","'LINE","'(1.17)","'99.83398438"
"'40","'LINE","'This equation is similar to:","'99.98014832"
"'40","'LINE","'E","'60.06766129"
"'40","'LINE","'(1.18)","'99.81445313"
"'40","'LINE","'= -2.18 X 10⁻¹⁸ J 1 nᵢ² 1","'87.78393555"
"'40","'LINE","'Where nᵢ and nƒ represent quantum numbers for initial and final states respectively.","'91.25955963"
"'40","'LINE","'But, E = hv, thus we have:","'93.95539093"
"'40","'LINE","'E = hv = - 2.18 X 10⁻¹⁸","'88.09225464"
"'40","'LINE","'(1.19)","'99.85351563"
"'40","'LINE","'Notice that when nƒ > nᵢ, E is positive, indicating that the system has absorbed","'93.70028687"
"'40","'LINE","'energy. But, nᵢ > nf, E is negative and this corresponds to emission of energy.","'93.49720001"
"'40","'LINE","'Example 1.7","'99.64843750"
"'40","'LINE","'Calculate the energy emitted when an electron moves from the n = 3 to the","'98.94898987"
"'40","'LINE","'n = 2 = energy level. Determine the wavelength of the emitted energy.","'98.32691193"
"'40","'LINE","'Solution:","'99.91051483"
"'40","'LINE","'Equation 1.19 is used, to determine the emitted energy:","'99.96519470"
"'40","'LINE","'E = -2.18 X 10⁻¹⁸ J 1 3² 1 = 3.03 X 10⁻¹⁹ J","'91.16793060"
"'40","'LINE","'To obtain a, Equation 1.19:","'88.89277649"
"'40","'LINE","'hv=hv=hc E","'32.97756958"
"'40","'LINE","'Thus,","'99.99023438"
"'40","'LINE","'hc 6.63 X 10⁻³⁴ Js X 3.0 X 108ms m","'80.38309479"
"'40","'LINE","'=","'89.38805389"
"'40","'LINE","'3.03 X 10⁻¹⁹ J","'95.68543243"
"'40","'LINE","'= 6.56 X 10⁻⁷ m = 656 nm","'95.63628387"
"'40","'LINE","'30 UNIT 1","'99.47053528"
"'41","'LINE","'Electromagnetic Radiation and Atomic Spectra","'99.97233582"
"'41","'LINE","'Exercise 1.6","'99.90234375"
"'41","'LINE","'1. What is the wavelength of a photon (in nanometers) emitted during a","'99.70062256"
"'41","'LINE","'transition from the n = 5 state to the n = 2 state in the hydrogen atom?","'99.21609497"
"'41","'LINE","'2. Calculate the frequency of the green line arising from the electron","'99.98928833"
"'41","'LINE","'moving from n = 4 to n = 20 in the visible spectrum of the hydrogen","'99.26374817"
"'41","'LINE","'atom using Bohr's theory.","'99.94061279"
"'41","'LINE","'Each spectral line in the emission spectrum corresponds to a particular","'99.82635498"
"'41","'LINE","'transition in a hydrogen atom. When we study a large number of hydrogen","'99.78980255"
"'41","'LINE","'atoms, we observe all possible transitions and hence the corresponding spectral","'99.96835327"
"'41","'LINE","'lines. For instance, Figure 1.14 illustrates line spectra of a hydrogen atom","'99.90460205"
"'41","'LINE","'when its electron moves from n = 4 to n = 1; n = 3 to n = 1 and n = 2 to n = 1.","'98.60285187"
"'41","'LINE","'410 434 486","'99.21875000"
"'41","'LINE","'656","'100.00000000"
"'41","'LINE","'Wavelength, 2 (nm)","'85.40238190"
"'41","'LINE","'n = 4","'95.88767242"
"'41","'LINE","'n=3","'77.67857361"
"'41","'LINE","'n=2","'78.46508026"
"'41","'LINE","'n=1","'75.84502411"
"'41","'LINE","'Figure 1.14: The emission spectrum of a hydrogen atom","'99.65126801"
"'41","'LINE","'Each horizontal line represents an allowed energy level for the electron in a hydrogen","'99.90633392"
"'41","'LINE","'atom. The energy levels are labeled with their principal quantum numbers.","'99.97293091"
"'41","'LINE","'The emission spectrum of hydrogen includes a wide range of wavelengths from the","'99.88829803"
"'41","'LINE","'infrared to the ultraviolet. Table 1.2 shows the series of transitions in the hydrogen","'99.93782043"
"'41","'LINE","'spectrum; they are named after their discoverers. The Balmer series was particularly","'99.97023773"
"'41","'LINE","'easy to study because some its lines fall in the visible range.","'99.98020172"
"'41","'LINE","'UNIT 1","'99.43199921"
"'41","'LINE","'31","'99.89257813"
"'42","'LINE","'CHEMISTRY GRADE 11","'99.82069397"
"'42","'LINE","'Table 1.2: The various series in atomic hydrogen emission spectrum","'99.91685486"
"'42","'LINE","'Series","'99.96014404"
"'42","'LINE","'nf","'75.14568329"
"'42","'LINE","'nᵢ","'55.97198105"
"'42","'LINE","'Spectrum region","'99.96093750"
"'42","'LINE","'Lyman","'99.96093750"
"'42","'LINE","'1","'99.57769012"
"'42","'LINE","'2, 3, 4,","'99.15039063"
"'42","'LINE","'Ultraviolet","'99.95037079"
"'42","'LINE","'Balmer","'99.99023438"
"'42","'LINE","'2","'99.91210938"
"'42","'LINE","'3, 4, 5,","'98.83789063"
"'42","'LINE","'Visible and ultraviolet","'99.97070313"
"'42","'LINE","'Paschen","'99.96014404"
"'42","'LINE","'3","'99.95117188"
"'42","'LINE","'4, 5, 6,","'98.76953125"
"'42","'LINE","'Infrared","'100.00000000"
"'42","'LINE","'Brackett","'99.99023438"
"'42","'LINE","'4","'99.84295654"
"'42","'LINE","'5, 6, 7","'88.99002075"
"'42","'LINE","'Infrared","'100.00000000"
"'42","'LINE","'For a larger orbit radius (i.e. a higher atomic energy level), the further the electron","'99.89678955"
"'42","'LINE","'drops, the greater is the energy (higher v, shorter 2) of the emitted photon.","'99.05222321"
"'42","'LINE","'Exercise 1.7","'99.80917358"
"'42","'LINE","'1. Calculate the energies of the states of the hydrogen atom with n = 2","'99.75620270"
"'42","'LINE","'and n = 3, and calculate the wavelength of the photon emitted by the","'99.69210052"
"'42","'LINE","'atom when an electron makes a transition between these two states.","'99.93240356"
"'42","'LINE","'2. What is the wavelength of a photon emitted during a transition from","'99.83949280"
"'42","'LINE","'the nᵢ = 10 state to the nf = 2 state in the hydrogen atom?","'94.77536774"
"'42","'LINE","'1.5.5","'99.95117188"
"'42","'LINE","'Limitations of the Bohr Model","'99.95866394"
"'42","'LINE","'The Bohr Model was an important step in the development of atomic theory. He","'99.71475983"
"'42","'LINE","'introduced the idea of quantized energy states for the electron in a hydrogen atom.","'99.95182800"
"'42","'LINE","'The model explains atoms and ions containing only one electron such as H, He+ and","'97.60353088"
"'42","'LINE","'Li²⁺. However, the model has several limitations:","'98.02264404"
"'42","'LINE","'It doesn't explain the atomic spectra of more complicated atoms and ions, even","'99.97872162"
"'42","'LINE","'that of helium, the next simplest element.","'99.98303223"
"'42","'LINE","'It doesn't explain about further splitting of spectral lines in the hydrogen spectra","'99.97252655"
"'42","'LINE","'on application of a magnetic field.","'99.94087219"
"'42","'LINE","'It considers electrons to have both known radius and orbit, which is impossible","'99.97183990"
"'42","'LINE","'according to Heisenberg's uncertainly principle.","'99.92841339"
"'42","'LINE","'32","'99.93164063"
"'42","'LINE","'UNIT 1","'99.23668671"
"'43","'LINE","'Electromagnetic Radiation and Atomic Spectra","'99.97233582"
"'43","'LINE","'1.5.6","'99.96093750"
"'43","'LINE","'The Wave-Particle Duality of Matter and Energy","'99.91165161"
"'43","'LINE","'Bohr's model assumed that an atom has only certain allowable energy levels in order","'99.97320557"
"'43","'LINE","'to explain the observed line spectrum. However, his assumption had no basis in","'99.97946930"
"'43","'LINE","'physical theory. In 1924, Louis de Broglie, the French physicist, proposed a surprising","'99.93241119"
"'43","'LINE","'reason for fixed energy levels: if energy is particle-like, perhaps matter is wavelike.","'99.93691254"
"'43","'LINE","'De Broglie reasoned that if electrons have wavelike motion and are restricted to orbits","'99.97129059"
"'43","'LINE","'of fixed radii that would explain why they have only certain possible frequencies and","'99.95520020"
"'43","'LINE","'energies.","'99.56153870"
"'43","'LINE","'By combining Einstein's equation for the quantity of energy equivalent to a","'99.81011963"
"'43","'LINE","'given amount of mass (E = mc²) with Planck's equation for the energy of a","'98.08642578"
"'43","'LINE","'photon (E = hv = hc/2), de Broglie derived an equation for the wavelength of","'95.09185028"
"'43","'LINE","'any particle of mass, T, whether a planet, ball, or electron-moving at speed, V.","'95.99331665"
"'43","'LINE","'2 = mv","'15.72086239"
"'43","'LINE","'A","'36.92960739"
"'43","'LINE","'(1.20)","'99.81445313"
"'43","'LINE","'According to this Equation 1.20, matter and energy show both wave and particulate","'99.96802521"
"'43","'LINE","'properties. The distinction between a particle and a wave is only meaningful in the","'99.85095215"
"'43","'LINE","'macroscopic world, it disappears at the atomic level. This dual character of matter","'99.96333313"
"'43","'LINE","'and energy is known as the wave-particle duality.","'99.87274933"
"'43","'LINE","'Example 1.8","'99.65820313"
"'43","'LINE","'Calculate the de Broglie wavelength of an electron that has a velocity of 1.00","'99.77919006"
"'43","'LINE","'X 10⁶ m/s. (electron mass, mₑ = 9.11 X 10⁻³¹ kg; h = 6.63 X 10⁻³⁴ J.s).","'92.70380402"
"'43","'LINE","'6.63 X 10⁻³⁴ kg m²","'85.33029175"
"'43","'LINE","'Solution:","'99.72496796"
"'43","'LINE","'mₑv 1.00 X S 9.11 X 10⁻³¹ kg","'84.14885712"
"'43","'LINE","'= 0.73 X 10⁻⁹ m = 0.728 nm","'90.13586426"
"'43","'LINE","'What is the speed of an electron that has a de Broglie wavelength of 1.00 nm","'99.83941650"
"'43","'LINE","'Solution:","'99.87145233"
"'43","'LINE","'V","'62.25665665"
"'43","'LINE","'= med h = 1.00 X 6.63 10⁻⁹ X m 10⁻³⁴ X 9.11 X m² S 10⁻³¹ kg","'89.81458282"
"'43","'LINE","'= 0.728 X S = 7.28 X 10⁵ m S","'89.19458008"
"'43","'LINE","'UNIT 1","'98.78746796"
"'43","'LINE","'33","'99.77458954"
"'44","'LINE","'CHEMISTRY GRADE 11","'99.85650635"
"'44","'LINE","'Exercise 1.8","'99.75097656"
"'44","'LINE","'1. What is the characteristic wavelength of an electron (in nm) that has a","'99.85499573"
"'44","'LINE","'velocity of 5.97 X 10⁶ m/s (mₑ = 9.11 X 10⁻³¹ kg)?","'96.30908966"
"'44","'LINE","'2. Calculate the wavelength (in nanometers) of an H atom (mass = 1.67 X","'99.26688385"
"'44","'LINE","'10⁻²⁷ kg) moving at 7.00 X 10² cm/s.","'96.48136139"
"'44","'LINE","'3. Calculate the wavelength (innm) of a photon emitted when a hydrogenate","'92.84034729"
"'44","'LINE","'undergoes a transition from n = 5 to n = 2.","'98.75077820"
"'44","'LINE","'1.6","'99.99023438"
"'44","'LINE","'The Quantum Mechanical Model of the Atom","'99.97338104"
"'44","'LINE","'At the end of this section, you will be able to:","'99.94371033"
"'44","'LINE","'state Heisenberg's uncertainty principle","'99.97030640"
"'44","'LINE","'describe the significance of electron probability distribution.","'99.92458344"
"'44","'LINE","'explain the quantum numbers n, l, m, mₛ","'85.07997131"
"'44","'LINE","'write all possible sets of quantum numbers of electrons in an atom.","'99.97030640"
"'44","'LINE","'describe the shapes of orbitals designated by s, p and d.","'97.38076019"
"'44","'LINE","'Activity 1.13","'99.57031250"
"'44","'LINE","'Form a group and discuss the following questions, then present your","'99.88625336"
"'44","'LINE","'responses to the rest of the class.","'99.99302673"
"'44","'LINE","'1.","'99.79492188"
"'44","'LINE","'If particles have wavelike motion, why can't we observe its motion in the","'99.96582794"
"'44","'LINE","'macroscopic world?","'99.95077515"
"'44","'LINE","'2. If electrons possess particle nature it should be possible to locate","'99.98860931"
"'44","'LINE","'electrons. How can an electron be located?","'99.98163605"
"'44","'LINE","'3. Is there any wave associated with a moving elephant?","'99.64963531"
"'44","'LINE","'The Bohr model of an electron orbiting around the nucleus, looking like a planet","'99.86576843"
"'44","'LINE","'around the Sun, doesn't explain properties of atoms. The planetary view of one","'99.97478485"
"'44","'LINE","'charged particle orbiting another particle of opposite charge does not match some of","'99.97628021"
"'44","'LINE","'the best-known laws of classical physics.","'99.92974854"
"'44","'LINE","'34","'99.96093750"
"'44","'LINE","'UNIT 1","'99.23628235"
"'45","'LINE","'The Quantum Mechanical Model of the Atom","'99.96093750"
"'45","'LINE","'Scientists have developed quantum mechanics, which presents a different view of","'99.88803101"
"'45","'LINE","'how electrons are arranged about the nucleus in the atom. This view depends on","'99.98169708"
"'45","'LINE","'two central concepts: the wave behavior of matter and the uncertainty principle. The","'99.97709656"
"'45","'LINE","'combination of these two ideas leads to a mathematical description of electronic","'99.89322662"
"'45","'LINE","'structure.","'99.97070313"
"'45","'LINE","'1.6.1","'99.92187500"
"'45","'LINE","'The Heisenberg's Principle","'99.88500214"
"'45","'LINE","'Discovery of the wave properties of matter raised a new and very interesting question.","'99.87680054"
"'45","'LINE","'If a subatomic particle can exhibit the properties of a wave, is it possible to say","'99.87796783"
"'45","'LINE","'precisely where that particle is located. A wave, extends in space, so its location is","'99.36121368"
"'45","'LINE","'not defined precisely.","'99.94386292"
"'45","'LINE","'In 1827, Werner Heisenberg, the German physicist, proposed the Heisenberg","'99.93825531"
"'45","'LINE","'uncertainty principle, stating that it is not possible to know with great certainty","'99.96877289"
"'45","'LINE","'both an electron's position and its momentum p (where p = mv) at the same time.","'98.55964661"
"'45","'LINE","'Heisenberg was able to show that if p is the uncertainty in the momentum and Дх is","'96.61327362"
"'45","'LINE","'the uncertainty of the position of the electron, then:","'99.97017670"
"'45","'LINE","'This equation shows that if we measure the momentum of a particle precisely (i.e., if","'99.94142151"
"'45","'LINE","'Др is very small), then the position will be correspondingly less precise (i.e, Дх will","'93.20162201"
"'45","'LINE","'become larger). In simpler terms, if we know precisely where a particle is, we cannot","'99.93685913"
"'45","'LINE","'know precisely where it has come from or where it is going. If we know precisely","'99.97177887"
"'45","'LINE","'how a particle is moving, we cannot know precisely where it is.","'99.93931580"
"'45","'LINE","'The Heisenberg uncertainty principle has no practical consequence in everyday","'99.95932770"
"'45","'LINE","'objects in the macroscopic world. However, it has very significant consequences","'99.96938324"
"'45","'LINE","'when applied to atomic and subatomic particles.","'99.94049835"
"'45","'LINE","'UNIT 1","'99.06987762"
"'45","'LINE","'35","'99.89257813"
"'46","'LINE","'CHEMISTRY GRADE 11","'99.81744385"
"'46","'LINE","'1.6.2","'99.95117188"
"'46","'LINE","'Quantum Numbers","'99.96582031"
"'46","'LINE","'The quantum mechanical description of the atom is based on the assumption that there","'99.97832489"
"'46","'LINE","'are waves associated with both matter and radiations. The mathematical description","'99.97573853"
"'46","'LINE","'of such wave provides information about the energy of electrons and their position.","'99.97171783"
"'46","'LINE","'Erwin Schrödinger (1927), suggested that an electron or any other particle exhibiting","'99.91152954"
"'46","'LINE","'wavelike properties can be described by a mathematical equation called a wave","'99.86711884"
"'46","'LINE","'function (denoted Greek latter psi, φ). The equation is very complex. However,","'98.99312592"
"'46","'LINE","'it leads to series of solutions that describe the allowed energy states of electrons.","'99.97524261"
"'46","'LINE","'The square of a wave function, φ², gives the probability of finding an electron in a","'96.39425659"
"'46","'LINE","'certain region of a space.","'99.90497589"
"'46","'LINE","'The results of a quantum mechanics indicate that the electron may be visualized as","'99.94479370"
"'46","'LINE","'being in a rapid motion within a given region of space around the nucleus. Although","'99.89163208"
"'46","'LINE","'we cannot determine the precise position of an electron, the probability of the electron","'99.97035980"
"'46","'LINE","'being at a definite location can be calculated. The region in which an electron is most","'99.92829895"
"'46","'LINE","'likely found is called an orbital. The electron may occupy anywhere within an orbital","'99.92422485"
"'46","'LINE","'at any instant in time. So, an electron can be considered as a particle that can rapidly","'99.94304657"
"'46","'LINE","'move from place to place, behaving like an ""electron cloud"" whose density varies","'99.81320953"
"'46","'LINE","'within the orbital.","'99.98671722"
"'46","'LINE","'In quantum mechanics, each electron in an atom is descried by four quantum numbers.","'99.93072510"
"'46","'LINE","'Three of the quantum numbers specify the wave function that gives the probability of","'99.99017334"
"'46","'LINE","'finding an electron at various place in spaces. The fourth one is used to describe the","'99.97660828"
"'46","'LINE","'spin (magnetic property) of the electrons that occupy the orbitals. The four quantum","'99.94336700"
"'46","'LINE","'numbers are:","'99.96542358"
"'46","'LINE","'1. The principal quantum number (n) describes the main energy level, or shell, an","'99.95094299"
"'46","'LINE","'electron occupies. It may be any positive integer, n = 1, 2, 3, 4, etc. It describes","'99.00550079"
"'46","'LINE","'the size and energy of the shell in which the orbital resides and it is analogous to","'99.97391510"
"'46","'LINE","'the energy levels in Bohr's model.","'99.95552063"
"'46","'LINE","'2. The angular momentum quantum number (l) designates the shape of the atomic","'99.86852264"
"'46","'LINE","'orbitals. Within a shell different sublevels or subshells are possible, each with","'99.90407562"
"'46","'LINE","'a characteristic shape. It takes values from 0 to n-1. Orbitals of the same n, but","'97.53514862"
"'46","'LINE","'36","'99.93083954"
"'46","'LINE","'UNIT 1","'99.19762421"
"'47","'LINE","'The Quantum Mechanical Model of the Atom","'99.98604584"
"'47","'LINE","'different l are said to belong to different subshells. It is also called azimuthal","'99.80056000"
"'47","'LINE","'quantum number or subsidiary quantum number. A given energy level, n, has n²","'97.80339813"
"'47","'LINE","'total number of orbitals. For example, in n = 4, l has values of 0, 1, 2, and 3. Each","'99.02546692"
"'47","'LINE","'value of l corresponds to an orbital label and an orbital shape.","'99.86595154"
"'47","'LINE","'The following letters are usually used to denote the values of l:","'99.65514374"
"'47","'LINE","'Value of l","'96.35197449"
"'47","'LINE","'Corresponding subshell","'99.96542358"
"'47","'LINE","'0","'99.24346161"
"'47","'LINE","'S","'86.32075500"
"'47","'LINE","'1","'99.55895233"
"'47","'LINE","'p","'78.68642426"
"'47","'LINE","'2","'99.85351563"
"'47","'LINE","'d","'99.84215546"
"'47","'LINE","'3","'99.49317932"
"'47","'LINE","'f","'99.47843933"
"'47","'LINE","'Example 1.9","'99.69238281"
"'47","'LINE","'What do ""4"" and ""d"" represent in 4d?","'99.36934662"
"'47","'LINE","'Solution:","'99.93083954"
"'47","'LINE","'The number 4 gives the principal quantum number (n = 4) and the letter d","'99.55870819"
"'47","'LINE","'gives the type of orbital (l = 2).","'98.40516663"
"'47","'LINE","'3. The magnetic quantum number (mΩ) is also called the orbital-orientation quantum","'95.02816772"
"'47","'LINE","'number. It has integral values between -l and l, including 0. The value of ml is","'96.63667297"
"'47","'LINE","'related to the orientation of the orbital in space relative to the other orbitals in the","'99.98271179"
"'47","'LINE","'atom. The number of possible ml values or orbitals for a given l value is 2l + 1.","'96.73433685"
"'47","'LINE","'4. The electron spin quantum number (mₛ) refers to the spin of an electron and the","'97.34040070"
"'47","'LINE","'orientation of the magnetic field produced by this spin. For every set of n, l, and ml","'97.67473602"
"'47","'LINE","'values, mₛ can take the value +1/2 or -½. Each atomic orbital cannot accommodate","'93.62623596"
"'47","'LINE","'more than two electrons, one with mₛ = +1/2 and another with mₛ = -½.","'92.06457520"
"'47","'LINE","'UNIT 1","'99.42711639"
"'47","'LINE","'37","'99.93164063"
"'48","'LINE","'CHEMISTRY GRADE 11","'99.91184235"
"'48","'LINE","'Exercise 1.9","'99.94589233"
"'48","'LINE","'1. What are the values of n and l for the following subshells?","'99.66914368"
"'48","'LINE","'a. 1s","'99.40001678"
"'48","'LINE","'c. 4s","'92.73646545"
"'48","'LINE","'e. 4f","'99.42343140"
"'48","'LINE","'b. 3p","'99.71031952"
"'48","'LINE","'d. 3d","'99.70175171"
"'48","'LINE","'2. Write the subshell notations that correspond to","'99.98515320"
"'48","'LINE","'a. n = 3 and l = 0","'98.03693390"
"'48","'LINE","'c. n = 7 and l = 0","'95.34518433"
"'48","'LINE","'b. n = 3 and l = 1","'98.62282562"
"'48","'LINE","'d. n = 3 and l = 2","'98.63973999"
"'48","'LINE","'Example 1.10","'99.51660156"
"'48","'LINE","'1. What are the allowed values of the quantum numbers through n = 2?","'99.21217346"
"'48","'LINE","'Solution: The allowed quantum number values in n = 2 are:","'98.81652832"
"'48","'LINE","'Electron capacity Electron capacity of","'99.99804688"
"'48","'LINE","'n","'90.53192902"
"'48","'LINE","'l","'96.85427856"
"'48","'LINE","'ml","'51.48298264"
"'48","'LINE","'mₛ","'72.26024628"
"'48","'LINE","'of subshell 4l + 2","'98.78539276"
"'48","'LINE","'shell 2n²","'93.58089447"
"'48","'LINE","'1","'99.69647217"
"'48","'LINE","'0 (1s)","'88.73017120"
"'48","'LINE","'0","'84.06668091"
"'48","'LINE","'+1/2, -1/2","'62.89740372"
"'48","'LINE","'2","'99.97070313"
"'48","'LINE","'2","'99.97070313"
"'48","'LINE","'2","'99.93164063"
"'48","'LINE","'0 (2s)","'74.27843475"
"'48","'LINE","'0","'69.25840759"
"'48","'LINE","'+1/2, -1/2","'70.19750214"
"'48","'LINE","'2","'99.97070313"
"'48","'LINE","'8","'99.97070313"
"'48","'LINE","'2","'99.95117188"
"'48","'LINE","'1(2p)","'95.81632996"
"'48","'LINE","'±½ for each","'92.67113495"
"'48","'LINE","'-1,0,1","'98.36575317"
"'48","'LINE","'6","'99.93083954"
"'48","'LINE","'8","'99.97070313"
"'48","'LINE","'value of ml","'92.35610199"
"'48","'LINE","'2. What values of the angular momentum quantum number (l) and magnetic","'99.94500732"
"'48","'LINE","'quantum number (mΩ) are allowed for a principal quantum number, n = 3?","'94.43627930"
"'48","'LINE","'How many orbitals are allowed for n = 3?","'98.52204895"
"'48","'LINE","'Solution:","'99.92028046"
"'48","'LINE","'Determining l values:","'98.98663330"
"'48","'LINE","'For n = 3, l = 0, 1, 2","'97.12155151"
"'48","'LINE","'Determining ml for each l value:","'99.40422821"
"'48","'LINE","'For l = 0, ml = 0","'91.25389862"
"'48","'LINE","'For l = 1, ml = -1, 0, +1","'92.41647339"
"'48","'LINE","'For l = 2, ml = -2,-1, 0, +1, +2","'93.19193268"
"'48","'LINE","'Number of orbitals in n = 3 is n² = 3² = 9 orbitals","'96.80073547"
"'48","'LINE","'These orbitals are:","'99.99674225"
"'48","'LINE","'3s: 1 orbital","'99.75858307"
"'48","'LINE","'3p: 3 orbitals","'99.72204590"
"'48","'LINE","'3d: 5 orbitals","'99.96093750"
"'48","'LINE","'Total = 9 orbitals","'98.55204773"
"'48","'LINE","'38","'99.96093750"
"'48","'LINE","'UNIT 1","'99.41167450"
"'49","'LINE","'The Quantum Mechanical Model of the Atom","'99.98186493"
"'49","'LINE","'Exercise 1.10","'99.80468750"
"'49","'LINE","'1. What are the allowed values of the quantum numbers through n = 4?","'99.48832703"
"'49","'LINE","'2. Write an orbital designation corresponding to the quantum numbers:","'99.95850372"
"'49","'LINE","'a.n=4,l=2,m,=0","'44.01705933"
"'49","'LINE","'c.n=5,l=1,m,=1","'21.60345650"
"'49","'LINE","'b.n=3,{=1,m,=1","'27.50518417"
"'49","'LINE","'d.n=4,l=3,m,=3","'24.40608978"
"'49","'LINE","'3. What values l and ml are allowed for a principal quantum number (n)","'99.13255310"
"'49","'LINE","'of 3? How many orbitals are allowed for n = 3?","'99.38828278"
"'49","'LINE","'4. Can an orbital have the quantum number n = 2, l = 2, ml = 2","'97.70890808"
"'49","'LINE","'5. For an orbital with n = 3 and ml = 1, what is (are) the possible value(s)","'98.70954132"
"'49","'LINE","'l?","'99.12946320"
"'49","'LINE","'6. Which of the following orbitals do not exist: 1p, 2s, 2d, 3p, 3d, and 3f?","'99.88047791"
"'49","'LINE","'1.6.3","'99.92187500"
"'49","'LINE","'Shapes of Atomic Orbitals","'99.99023438"
"'49","'LINE","'The three-dimensional aspects of the orientation of the atomic orbitals are usually","'99.97606659"
"'49","'LINE","'represented by drawing a boundary surface diagram that encloses the highest","'99.92877960"
"'49","'LINE","'probability (about 90%) of the total electron density in an orbital.","'99.91987610"
"'49","'LINE","'Figure 1.15, shows that the region of the greatest probability of finding an S electron","'99.70153809"
"'49","'LINE","'is in a spherically symmetrical space whose origin is the atomic nucleus. The 1s","'99.72417450"
"'49","'LINE","'orbital is the smallest, the 2s orbital is larger than 1s and so on. Regardless of their","'99.70781708"
"'49","'LINE","'principal quantum numbers, all S orbitals are spherical.","'99.30557251"
"'49","'LINE","'1s","'98.53395844"
"'49","'LINE","'2s","'98.93475342"
"'49","'LINE","'3s","'99.64684296"
"'49","'LINE","'Figure 1. 15: The three s-orbitals","'99.73416901"
"'49","'LINE","'UNIT 1","'99.44176483"
"'49","'LINE","'39","'99.91131592"
"'50","'LINE","'CHEMISTRY GRADE 11","'99.89583588"
"'50","'LINE","'The p orbitals of any principal quantum number are arranged along three mutually","'99.93654633"
"'50","'LINE","'perpendicular axes, x, y, and z, so that the region of the highest electron density","'98.72966766"
"'50","'LINE","'are in dumb bell-shaped boundary surface (Figure 1.16). The three p orbitals are","'99.91413116"
"'50","'LINE","'designated as Px py and P.","'76.48841095"
"'50","'LINE","'Z","'96.95073700"
"'50","'LINE","'Z","'95.66147614"
"'50","'LINE","'Z","'97.46651459"
"'50","'LINE","'1","'50.23377609"
"'50","'LINE","'y","'97.93845367"
"'50","'LINE","'y","'98.62344360"
"'50","'LINE","'y","'98.02873993"
"'50","'LINE","'X","'76.68746185"
"'50","'LINE","'X","'70.04364777"
"'50","'LINE","'X","'89.86666870"
"'50","'LINE","'Px","'68.70595551"
"'50","'LINE","'Py","'92.34036255"
"'50","'LINE","'Py","'90.42869568"
"'50","'LINE","'Figure 1. 16: The three p - orbitals","'96.92776489"
"'50","'LINE","'Two lobes of each p orbital lie along a line with the nucleus at their center. For","'99.92410278"
"'50","'LINE","'instance, the three 2p orbitals are classified as 2px, 2p, and 2p₂","'87.95328522"
"'50","'LINE","'Higher principal energy levels (n > 3) have five d orbitals in addition to, one S orbital,","'98.88670349"
"'50","'LINE","'three 3p orbitals. The special orientations of d orbitals are much more complex in","'99.93067169"
"'50","'LINE","'shape than p orbitals. Figure 1.17 shows the different distribution of the five d","'99.93374634"
"'50","'LINE","'atomic orbitals.","'99.98007202"
"'50","'LINE","'z","'60.99091339"
"'50","'LINE","'y","'93.85183716"
"'50","'LINE","'4","'47.54045868"
"'50","'LINE","'+","'49.74031448"
"'50","'LINE","'y","'93.70216370"
"'50","'LINE","'x","'95.36093140"
"'50","'LINE","'x","'95.18176270"
"'50","'LINE","'dz²","'86.39668274"
"'50","'LINE","'dx² - y²","'72.44013977"
"'50","'LINE","'y","'95.11220551"
"'50","'LINE","'z","'74.69287872"
"'50","'LINE","'z","'70.59889221"
"'50","'LINE","'x","'96.20515442"
"'50","'LINE","'y","'94.20041656"
"'50","'LINE","'x","'96.77295685"
"'50","'LINE","'dxy","'99.81205750"
"'50","'LINE","'dyz","'99.44754028"
"'50","'LINE","'dzx","'98.81775665"
"'50","'LINE","'Figure 1.17: The five d orbitals","'99.86248779"
"'50","'LINE","'40","'99.97070313"
"'50","'LINE","'UNIT 1","'99.36284637"
"'51","'LINE","'Electronic Configurations and Orbital Diagrams","'99.97624207"
"'51","'LINE","'The principal energy level whose values are n ≥ 4 have additional fourth sublevels.","'99.31485748"
"'51","'LINE","'For instance, in n = 4, there are a 4s subshell with one orbital, a 4p subshell with three","'99.50077820"
"'51","'LINE","'orbitals, a 4d subshell with five orbitals, and a 4f subshell with seven orbitals. The f","'99.81984711"
"'51","'LINE","'orbitals have more complex shapes than the d orbitals.","'99.93336487"
"'51","'LINE","'1.7","'100.00000000"
"'51","'LINE","'Electronic Configurations and Orbital Diagrams","'99.91832733"
"'51","'LINE","'At the end of this section, you will be able to:","'99.95532227"
"'51","'LINE","'explain the Aufbau Principle","'99.99511719"
"'51","'LINE","'explain Pauli's Exclusion Principle","'99.93776703"
"'51","'LINE","'explain Hund's Rule","'99.88069153"
"'51","'LINE","'write ground state electron configurations of multi-electron atoms.","'99.93104553"
"'51","'LINE","'Activity 1.14","'99.79980469"
"'51","'LINE","'Form a group and discuss the given questions. Then, share your ideas","'99.88244629"
"'51","'LINE","'with the rest of the class.","'100.00000000"
"'51","'LINE","'1. Why dosen't an atomic orbital hold more than two electrons?","'99.96701050"
"'51","'LINE","'2. Why do you think that electrons in an atom could not occupy the","'99.97808838"
"'51","'LINE","'spaces between the main energy levels?","'99.99186707"
"'51","'LINE","'Several questions arise when you look carefully at the electron configuration of an","'99.97333527"
"'51","'LINE","'atom. To answer these questions, it is necessary to know the basic principles governing","'99.96257782"
"'51","'LINE","'the distribution of electrons among atomic orbitals. The electron configuration for any","'99.97104645"
"'51","'LINE","'atom is governed by the following three principles:","'99.99013519"
"'51","'LINE","'1. Aufbau (building up) Principle:","'99.84132385"
"'51","'LINE","'This is a scheme used to reproduce the electron configurations of the ground state of","'99.97163391"
"'51","'LINE","'atoms by successively filling with electrons in a specific order (the building up order).","'99.86943054"
"'51","'LINE","'In general, electrons occupy the lowest-energy orbital available before entering the","'99.93602753"
"'51","'LINE","'higher energy orbital. Accordingly, the ground state electron configurations of atoms","'99.97374725"
"'51","'LINE","'are obtained by filling the subshell in the following order; 1s, 2s, 2p, 3s, 3p, 4s, 3d, 4p,","'99.86804199"
"'51","'LINE","'5s, 4d, 5p, 6s, 4f, and so on, as indicated in Figure 1.18.","'99.35671234"
"'51","'LINE","'UNIT 1","'99.37340546"
"'51","'LINE","'41","'99.84295654"
"'52","'LINE","'CHEMISTRY GRADE 11","'99.84023285"
"'52","'LINE","'1s","'90.51757813"
"'52","'LINE","'2s","'99.69726563"
"'52","'LINE","'2p","'99.67534637"
"'52","'LINE","'3s","'99.81445313"
"'52","'LINE","'3p","'99.67613983"
"'52","'LINE","'3d","'99.93164063"
"'52","'LINE","'4s","'99.71520233"
"'52","'LINE","'4p","'99.64445496"
"'52","'LINE","'4d","'99.49218750"
"'52","'LINE","'4f","'98.63281250"
"'52","'LINE","'5s","'99.87224579"
"'52","'LINE","'5p","'99.50115967"
"'52","'LINE","'5d","'99.95117188"
"'52","'LINE","'5f","'99.18945313"
"'52","'LINE","'6s","'99.83238983"
"'52","'LINE","'6p","'99.53463745"
"'52","'LINE","'6d","'99.95117188"
"'52","'LINE","'7s","'99.46208954"
"'52","'LINE","'7p","'98.93315125"
"'52","'LINE","'Figure 1.18: The order of filling orbitals","'99.90373993"
"'52","'LINE","'2. Hund's Principle:","'99.79119873"
"'52","'LINE","'Equal energy orbitals (degenerate orbitals) are each occupied by a single electron","'99.91396332"
"'52","'LINE","'before the second electrons of opposite spin enters the orbital. In other words, each of","'99.98410797"
"'52","'LINE","'the three 2p orbitals (2pₓ, 2p, and 2p) will hold a single electron before any of them","'92.99179077"
"'52","'LINE","'receives a second electron.","'99.91355896"
"'52","'LINE","'3. Pauli's Exclusion Principle:","'99.82875061"
"'52","'LINE","'No two electrons can have the same four quantum numbers. That means, they must","'99.98384094"
"'52","'LINE","'differ in at least one of the four quantum numbers.","'99.97233582"
"'52","'LINE","'1.7.1","'99.79332733"
"'52","'LINE","'Ground State Electronic Configuration of the Elements","'99.92887878"
"'52","'LINE","'The electronic configuration of an atom describes the distribution of the electrons","'99.96108246"
"'52","'LINE","'among atomic orbitals in the atom. Two general methods are used to denote","'99.98635864"
"'52","'LINE","'electron configurations. The subshell (sublevel) notation uses numbers to designate","'99.93931580"
"'52","'LINE","'the principal energy levels and the letters s, p, d and f to identify the sublevels. A","'98.09976196"
"'52","'LINE","'superscript number following a letter indicates the number of electrons (e) in the","'99.91082001"
"'52","'LINE","'designated subshell. The designation can be written as nlᵉ. For instance, the ground","'97.32976532"
"'52","'LINE","'state electron configuration of H (Z=1) is 1s¹.","'97.75452423"
"'52","'LINE","'42","'99.89257813"
"'52","'LINE","'UNIT 1","'99.28063202"
"'53","'LINE","'Electronic Configurations and Orbital Diagrams","'99.97608948"
"'53","'LINE","'Activity 1.15","'99.86816406"
"'53","'LINE","'Form a group and discuss the reason why the notation nle does not include","'97.34048462"
"'53","'LINE","'electron spin quantum numbers. (Where n, l and e are principal quantum","'94.01129150"
"'53","'LINE","'number, azimuthal quantum number and number of electrons, respectively).","'99.95245361"
"'53","'LINE","'The other way to present this information is through an orbital diagram,","'99.98426819"
"'53","'LINE","'which consists of a rectangular box (or circle, or just a line) for each orbital","'99.86685181"
"'53","'LINE","'available in a given energy level, with an arrow indicating the electron's","'99.89729309"
"'53","'LINE","'presence and its direction of spin. Traditionally,","'99.98291779"
"'53","'LINE","'represents,","'99.88042450"
"'53","'LINE","'mₛ","'64.05552673"
"'53","'LINE","'=","'95.73082733"
"'53","'LINE","'+1/2","'75.57637024"
"'53","'LINE","'whereas","'99.95037079"
"'53","'LINE","'designates mₛ = -1/2. The orbital diagrams for the first ten elements are:","'94.89063263"
"'53","'LINE","'H (Z=1)","'94.80358887"
"'53","'LINE","'He (Z=2)","'92.88674164"
"'53","'LINE","'Li (Z=3)","'97.07978058"
"'53","'LINE","'1s¹","'96.27690125"
"'53","'LINE","'1s²","'80.84442902"
"'53","'LINE","'1s²","'86.00347137"
"'53","'LINE","'2s¹","'93.02674866"
"'53","'LINE","'2p","'99.83159637"
"'53","'LINE","'Be (Z=4)","'99.39990997"
"'53","'LINE","'B (Z=5)","'84.26348877"
"'53","'LINE","'1s²","'81.00067902"
"'53","'LINE","'2s²","'60.36132431"
"'53","'LINE","'2p","'99.88121796"
"'53","'LINE","'1s²","'87.24390411"
"'53","'LINE","'2s²","'61.39528656"
"'53","'LINE","'2p¹","'96.37297058"
"'53","'LINE","'C (Z=6)","'96.52164459"
"'53","'LINE","'N (Z=7)","'97.54813385"
"'53","'LINE","'1s²","'85.58613586"
"'53","'LINE","'2s²","'66.60236359"
"'53","'LINE","'2p²","'67.64030457"
"'53","'LINE","'1s²","'87.29034424"
"'53","'LINE","'2s²","'63.73405457"
"'53","'LINE","'2p³","'90.44224548"
"'53","'LINE","'O (Z=8)","'82.40289307"
"'53","'LINE","'F (Z=9)","'97.12492371"
"'53","'LINE","'1s²","'85.34857178"
"'53","'LINE","'2s2","'62.13070297"
"'53","'LINE","'2p⁴","'88.35997772"
"'53","'LINE","'1s²","'84.90772247"
"'53","'LINE","'2s²","'63.56245804"
"'53","'LINE","'2p⁵","'93.49888611"
"'53","'LINE","'Ne (Z=10)","'98.69499207"
"'53","'LINE","'4v","'26.66623688"
"'53","'LINE","'1s²","'84.10076141"
"'53","'LINE","'2s²","'59.69607162"
"'53","'LINE","'2p⁶","'94.02164459"
"'53","'LINE","'The three orbitals in the 2p sublevel are degenerate (have equal energy) and have the","'99.96556091"
"'53","'LINE","'same n and l values), thus, the fifth electron of boron can go into any one of the 2p","'99.71884155"
"'53","'LINE","'orbitals. Since a p sublevel has l = 1, = the ml (orientation) values can be -1, 0, or +1.","'95.91681671"
"'53","'LINE","'For convenience, the boxes are labeled from left to right, -1, 0, +1, and assume it","'99.60781860"
"'53","'LINE","'enters the ml = -1 orbital: n = 2, l = 1, m₁=-1, = and mₛ = +1/2.","'83.80519867"
"'53","'LINE","'The three 2p orbitals have equal energy, but they can be along the x, y, or Z axes.","'98.35527039"
"'53","'LINE","'UNIT 1","'99.36812592"
"'53","'LINE","'43","'99.87304688"
"'54","'LINE","'CHEMISTRY GRADE 11","'99.83371735"
"'54","'LINE","'Activity 1.16","'99.48730469"
"'54","'LINE","'Discuss the following questions in groups, and share your ideas with the","'99.99349213"
"'54","'LINE","'rest of the class.","'99.99511719"
"'54","'LINE","'1. What does each box in an orbital diagram represent?","'99.97355652"
"'54","'LINE","'2. What are the similarities and differences between a 1s and a 2s orbital?","'99.60725403"
"'54","'LINE","'3. What is the difference between a 2px and a 2py orbital?","'94.91157532"
"'54","'LINE","'4. What is the meaning of the symbol 4d⁶?","'95.66377258"
"'54","'LINE","'Exercise 1.11","'99.78515625"
"'54","'LINE","'1. Write the expected electron configuration for these atoms:","'99.94638824"
"'54","'LINE","'a. Na (Z= 11)","'97.61584473"
"'54","'LINE","'d. V (Z = 23)","'97.79795074"
"'54","'LINE","'b. Al (Z = 13)","'96.27064514"
"'54","'LINE","'e. Mn (Z =25)","'98.08304596"
"'54","'LINE","'c. P (Z = 15)","'93.13922882"
"'54","'LINE","'f. Fe (Z = 26)","'97.85674286"
"'54","'LINE","'2. Indicate the total number of:","'99.98033905"
"'54","'LINE","'a. p electrons in N (Z = 7)","'98.49584961"
"'54","'LINE","'c. 3d electrons in S (Z = 16)","'96.12239838"
"'54","'LINE","'b. S electrons in Si (Z = 14)","'97.79045105"
"'54","'LINE","'3. Indicate which of the following sets of quantum numbers in an atom are","'99.96919250"
"'54","'LINE","'unacceptable and explain why:","'99.95057678"
"'54","'LINE","'a. (1, 0, ½, ½)","'87.15162659"
"'54","'LINE","'d. (2, 2, 1, +1/2)","'91.37667084"
"'54","'LINE","'b. (3, 0, 0, +1/2)","'90.89505005"
"'54","'LINE","'e. (4, 3, -2, +1/2)","'89.97632599"
"'54","'LINE","'c. (3, 2, 1, 1)","'95.33796692"
"'54","'LINE","'For Li, the first 2 electrons occupy the 1s orbital, and the third electron must occupy the","'99.58219147"
"'54","'LINE","'first orbital with n = 2, the 2s orbital. Thus, the electron configuration for Li is 1s²2s¹.","'97.71993256"
"'54","'LINE","'To avoid writing the inner-level electrons, this configuration is often abbreviated as","'99.90189362"
"'54","'LINE","'[He] 2s¹, where [He] represents the electron configuration of He, 1s². Similarly, Mg","'97.81078339"
"'54","'LINE","'(Z =12), has the configuration 1s²2s²2p⁶³s², or [Ne] 3s². Then the next six elements,","'94.80368042"
"'54","'LINE","'aluminium to argon, have configurations obtained by filling the 3p orbitals one","'99.94373322"
"'54","'LINE","'electron at a time. Table 1.3 shows the ground state electron configurations of some","'99.92933655"
"'54","'LINE","'atoms.","'99.97070313"
"'54","'LINE","'44","'99.80388641"
"'54","'LINE","'UNIT 1","'99.15816498"
"'55","'LINE","'Electronic Configurations and Orbital Diagrams","'99.96452332"
"'55","'LINE","'Table 1.3: Ground state electron configurations of some atoms","'99.92975616"
"'55","'LINE","'Atom","'100.00000000"
"'55","'LINE","'Atomic number (Z)","'99.41558838"
"'55","'LINE","'Electron configuration","'99.91091156"
"'55","'LINE","'H","'99.84135437"
"'55","'LINE","'1","'99.61834717"
"'55","'LINE","'1s¹","'93.64576721"
"'55","'LINE","'He","'90.47433472"
"'55","'LINE","'2","'99.93164063"
"'55","'LINE","'1s²","'78.43411255"
"'55","'LINE","'Be","'99.93083954"
"'55","'LINE","'4","'99.81445313"
"'55","'LINE","'1s²2s² or [He]2s²","'83.81749725"
"'55","'LINE","'O","'89.72835541"
"'55","'LINE","'8","'99.81445313"
"'55","'LINE","'1s²2s²2p⁴ or [He]2s²2p⁴","'84.37307739"
"'55","'LINE","'Ne","'99.93083954"
"'55","'LINE","'10","'99.97070313"
"'55","'LINE","'1s²2s²2p⁶ or [He]2s²2p⁶","'80.84262848"
"'55","'LINE","'Cl","'92.75609589"
"'55","'LINE","'17","'99.95117188"
"'55","'LINE","'1s²2s²2p⁶³s²³p⁵ or [Ne] 3s²3p⁵","'66.62002563"
"'55","'LINE","'Ar","'99.96093750"
"'55","'LINE","'18","'99.95117188"
"'55","'LINE","'1s²2s²2p⁶³s²3p⁶ or 3s²3p⁶","'38.45952225"
"'55","'LINE","'Ca","'99.88121796"
"'55","'LINE","'20","'99.97070313"
"'55","'LINE","'1s²2s²2p⁶3s²3p⁶4s² or [Ar] 4s²","'67.55989075"
"'55","'LINE","'Sc","'99.93164063"
"'55","'LINE","'21","'99.93164063"
"'55","'LINE","'1s²2s²2p⁶³s²³p⁶4s² 4s23d¹","'30.12239265"
"'55","'LINE","'Cr","'99.96093750"
"'55","'LINE","'24","'99.99023438"
"'55","'LINE","'1s²2s²2p⁶3s²3p⁶4s¹ 3d⁵ or [Ar] 4s¹3d⁵","'74.19222260"
"'55","'LINE","'Notice that in the electron configuration of an atom, the electrons in the outermost","'99.96884918"
"'55","'LINE","'principal quantum level of an atom are called valence electrons. For example, the","'99.96189117"
"'55","'LINE","'valence electrons of the Be atom, are the 2s electrons. For the Ne atom, the valence","'99.96241760"
"'55","'LINE","'electron is the electrons are in the 2s and 2p electrons. Valence electrons are the most","'99.90596771"
"'55","'LINE","'important electrons to chemists since they are involving in bonding, as you will","'99.97415161"
"'55","'LINE","'learn in the next chapter. The inner electrons are known as core electrons.","'99.95211792"
"'55","'LINE","'Examine the electron configurations of chromium and copper. The expected","'99.97209930"
"'55","'LINE","'configurations, those based on the Aufbau principle, are not the ones observed","'99.94535828"
"'55","'LINE","'through the emission spectra and magnetic properties of these elements.","'99.95118713"
"'55","'LINE","'Expected","'99.99023438"
"'55","'LINE","'Observed","'99.97070313"
"'55","'LINE","'Cr (Z = 24 )","'81.01054382"
"'55","'LINE","'[Ar]4s²3d⁴","'62.54862976"
"'55","'LINE","'[Ar]4s¹3d⁵","'78.42733765"
"'55","'LINE","'Cu (Z = )","'91.76834869"
"'55","'LINE","'[Ar]4s²3d","'43.52259827"
"'55","'LINE","'[Ar]4s¹3d¹⁰","'83.03491211"
"'55","'LINE","'The reason for these exceptions to the Aufbau principle are not completely","'99.99016571"
"'55","'LINE","'understood, but it seems that the half-filled 3d subshell of chromium (3d⁵) and","'98.38162994"
"'55","'LINE","'the fully filled 3d subshell of copper (3d¹⁰) lends a special stability to the electron","'98.49166870"
"'55","'LINE","'configurations. Apparently, having a half-filled 4s subshell and a half-filled 3d","'99.84911346"
"'55","'LINE","'subshell gives a lower energy state for a Cr atom than having a filled 4s subshell.","'99.76540375"
"'55","'LINE","'UNIT 1","'99.26598358"
"'55","'LINE","'45","'99.95117188"
"'56","'LINE","'CHEMISTRY GRADE 11","'99.90533447"
"'56","'LINE","'Because there is little difference between the 4s and 3d orbital energies, expected","'99.94261932"
"'56","'LINE","'and observed electron configurations are quite close in energy. At higher principal","'99.97186279"
"'56","'LINE","'quantum numbers, the energy difference between certain subshell is even smaller","'99.98194885"
"'56","'LINE","'than that between the 3d and 4s subshells. As a result, there are still more exceptions","'99.94172668"
"'56","'LINE","'to the Aufabu principle among the heavier transition elements.","'99.97342682"
"'56","'LINE","'Activity 1.17","'99.87753296"
"'56","'LINE","'Form a group and complete the following table for the first-row","'99.90562439"
"'56","'LINE","'transition metals on your note book:","'99.99349213"
"'56","'LINE","'Element","'99.84056091"
"'56","'LINE","'Atomic","'100.00000000"
"'56","'LINE","'Ground state electron","'99.98345947"
"'56","'LINE","'Condensed electron","'100.00000000"
"'56","'LINE","'number","'100.00000000"
"'56","'LINE","'configuration","'99.92028046"
"'56","'LINE","'configuration","'99.92028046"
"'56","'LINE","'Sc","'99.95037079"
"'56","'LINE","'21","'99.97070313"
"'56","'LINE","'Ti","'99.76164246"
"'56","'LINE","'22","'100.00000000"
"'56","'LINE","'V","'99.51271057"
"'56","'LINE","'23","'100.00000000"
"'56","'LINE","'Cr","'100.00000000"
"'56","'LINE","'24","'100.00000000"
"'56","'LINE","'Mn","'99.96014404"
"'56","'LINE","'25","'100.00000000"
"'56","'LINE","'Fe","'99.96014404"
"'56","'LINE","'26","'99.99023438"
"'56","'LINE","'Co","'97.16996002"
"'56","'LINE","'27","'99.97070313"
"'56","'LINE","'Ni","'99.95037079"
"'56","'LINE","'28","'99.97070313"
"'56","'LINE","'Cu","'99.96014404"
"'56","'LINE","'29","'100.00000000"
"'56","'LINE","'Zn","'99.75426483"
"'56","'LINE","'30","'99.96014404"
"'56","'LINE","'46","'99.97070313"
"'56","'LINE","'UNIT 1","'99.43608856"
"'57","'LINE","'Electronic Configurations and the Periodic Table of the Elements","'99.95471191"
"'57","'LINE","'1.8","'99.93164063"
"'57","'LINE","'Electronic Configurations and the Periodic Table","'99.93193817"
"'57","'LINE","'of the Elements","'99.91728973"
"'57","'LINE","'At the end of this section, you will be able to:","'99.95886993"
"'57","'LINE","'correlate the electron configurations of elements with their positions in","'99.98113251"
"'57","'LINE","'the periodic table","'99.99674225"
"'57","'LINE","'give a reasonable explanation for the shape of the periodic table","'99.82258606"
"'57","'LINE","'classify elements as representative, transition and inner-transition","'99.93642426"
"'57","'LINE","'elements","'99.99023438"
"'57","'LINE","'explain the general trends in atomic radius, ionization energy, electron","'99.92727661"
"'57","'LINE","'affinity, electronegativity, and metallic character of elements within a","'99.87074280"
"'57","'LINE","'period and group of the periodic table","'99.97583008"
"'57","'LINE","'write the advantages of the periodic classification of elements.","'99.95579529"
"'57","'LINE","'1.8.1","'99.93164063"
"'57","'LINE","'The Modern Periodic Table","'99.99511719"
"'57","'LINE","'Activity 1.18","'99.81445313"
"'57","'LINE","'In your Grade 9 chemistry lessons, you have learned about the development","'99.98847198"
"'57","'LINE","'of the modern periodic table. Form a group and discuss the following","'99.85756683"
"'57","'LINE","'questions, then present your responses to the whole class.","'99.99891663"
"'57","'LINE","'1. How is today's periodic table different from the one that Mendeleev","'99.97050476"
"'57","'LINE","'published?","'100.00000000"
"'57","'LINE","'2. What is a ""period?"" What does it represent?","'99.78034973"
"'57","'LINE","'3. What is a ""group?"" What does it represent?","'99.84352875"
"'57","'LINE","'4. How does the electron configuration of an element give information","'99.98306274"
"'57","'LINE","'about the period and group it is in?","'99.97558594"
"'57","'LINE","'5. Why are some elements placed out of the main body of the periodic","'99.97960663"
"'57","'LINE","'table?","'99.97070313"
"'57","'LINE","'UNIT 1","'99.45153046"
"'57","'LINE","'47","'99.91131592"
"'58","'LINE","'CHEMISTRY GRADE 11","'99.85650635"
"'58","'LINE","'Elements are arranged in the modern periodic table in a specific pattern that helps","'99.94834137"
"'58","'LINE","'to predict their properties and to show their similarities and differences. Periodic","'99.92781067"
"'58","'LINE","'relationships can be summarized by the general statement called the periodic law.","'99.98759460"
"'58","'LINE","'In its modern form, the periodic law states that certain sets of physical and chemical","'99.99137878"
"'58","'LINE","'properties repeat at regular intervals (periodically) when the elements are arranged","'99.96391296"
"'58","'LINE","'according to increasing atomic number.","'99.98210144"
"'58","'LINE","'1.8.2","'99.95117188"
"'58","'LINE","'Classification of the Elements","'99.94529724"
"'58","'LINE","'Activity 1.19","'99.81445313"
"'58","'LINE","'Answer the following questions in groups and present your responses to","'99.99378204"
"'58","'LINE","'the whole class.","'100.00000000"
"'58","'LINE","'1. What is the importance of classifying elements in groups and periods?","'99.98616791"
"'58","'LINE","'2. What could be the basis of classifying elements?","'99.99565887"
"'58","'LINE","'3. Why are there two different numbering systems for groups?","'99.98925781"
"'58","'LINE","'4. Which sublevel is being filled in period 1?","'99.93662262"
"'58","'LINE","'The periodic classification follows as a logical consequence of the electronic","'99.92611694"
"'58","'LINE","'configuration of atoms. Elements are grouped according to their outer-shell electron","'99.94792938"
"'58","'LINE","'configurations, which account for their similar chemical behavior. The period","'99.96412659"
"'58","'LINE","'indicates the value of n for the outermost or valence shell. There are 18 groups and","'99.86942291"
"'58","'LINE","'7 periods in the modern periodic table. A metalloid is an element that has properties","'99.67938232"
"'58","'LINE","'that are between those of metals and non-metals, for example boron, germanium and","'99.96333313"
"'58","'LINE","'silicon.","'99.92028046"
"'58","'LINE","'48","'99.93164063"
"'58","'LINE","'UNIT 1","'99.29488373"
"'59","'LINE","'Electronic Configurations and the Periodic Table of the Elements","'99.95914459"
"'59","'LINE","'Project 1.1","'99.85800171"
"'59","'LINE","'Form a group of five and do the following activities and submit a report both","'99.91674805"
"'59","'LINE","'in word and PDF formats.","'99.97608948"
"'59","'LINE","'The elements can be divided into representative, transition, and inner transition","'99.88973236"
"'59","'LINE","'elements based on the type of subshell being filled. Discuss these different","'99.98684692"
"'59","'LINE","'classes of elements by searching information from the internet or any other","'99.98684692"
"'59","'LINE","'sources. Also, identify each block in the blank periodic table.","'99.98413086"
"'59","'LINE","'1.8.3","'99.97070313"
"'59","'LINE","'Periodic Properties","'99.93045044"
"'59","'LINE","'Activity 1.20","'99.87792969"
"'59","'LINE","'Discuss the following questions in groups and, present your responses to","'99.99289703"
"'59","'LINE","'the whole class.","'100.00000000"
"'59","'LINE","'1. How does size of elements vary across a period?","'99.84225464"
"'59","'LINE","'2. Why are elements of Groups 1 (IA) and 2 (IIA) called metals, while","'99.83082581"
"'59","'LINE","'those of Group 17 (VIIA) non-metals?","'99.92772675"
"'59","'LINE","'3. Why are elements of Group 18 (VIIIA) least reactive?","'99.93549347"
"'59","'LINE","'The electron configurations of the atoms display a periodic variation with increasing","'99.91966248"
"'59","'LINE","'atomic number (nuclear charge). As a result, the elements show periodic variations of","'99.94355774"
"'59","'LINE","'physical and chemical behavior. In this section you will examine some periodic atomic","'99.98103333"
"'59","'LINE","'properties like atomic radii, ionization energies, electron affinities, electronegativity,","'99.86270905"
"'59","'LINE","'and metallic character.","'99.94685364"
"'59","'LINE","'UNIT 1","'99.39701843"
"'59","'LINE","'49","'99.91210938"
"'60","'LINE","'CHEMISTRY GRADE 11","'99.85324860"
"'60","'LINE","'Atomic Size (Atomic Radii)","'99.28960419"
"'60","'LINE","'Activity 1.21","'99.76562500"
"'60","'LINE","'Answer the following questions in groups, then present your responses to","'99.99378204"
"'60","'LINE","'the whole class.","'100.00000000"
"'60","'LINE","'1. Why don't the sizes of atoms increase uniformly with increasing","'99.98306274"
"'60","'LINE","'atomic number?","'99.95077515"
"'60","'LINE","'2. In which location in the periodic table would you expect to find the","'99.99581909"
"'60","'LINE","'elements having the largest atoms? Explain.","'99.98020172"
"'60","'LINE","'3. How do the sizes of atoms change:","'99.98149109"
"'60","'LINE","'a. from left to right in a row in the periodic table?","'99.73818970"
"'60","'LINE","'b. from top to bottom in a group in the periodic table? Explain.","'99.88698578"
"'60","'LINE","'Exact size of an isolated atom cannot be measured because the electron cloud","'99.98629761"
"'60","'LINE","'surrounding the atom does not have a sharp boundary. However, an estimate of the","'99.94764709"
"'60","'LINE","'atomic size can be made by measuring the distance between the nuclei of two adjacent","'99.98882294"
"'60","'LINE","'atoms. This property is called the atomic radius.","'99.98637390"
"'60","'LINE","'One of the most common methods to determine the atomic radius is to assume that","'99.98231506"
"'60","'LINE","'atoms are spheres touching each other when they are bonded together (Figure 1.19).","'99.92207336"
"'60","'LINE","'d","'87.26652527"
"'60","'LINE","'Figure 1.19: Atomic radius for a diatomic molecule.","'99.44560242"
"'60","'LINE","'r=d = 2","'75.38101959"
"'60","'LINE","'Atomic size varies within both a group and a period of the main-group elements.","'99.90898895"
"'60","'LINE","'These variations in atomic size are the result of two opposing influences: changes in","'99.96601105"
"'60","'LINE","'the principal quantum number (n) and changes in the effective nuclear charge (Zₑff)","'96.60433960"
"'60","'LINE","'the nuclear charge an electron actually experiences.","'99.94328308"
"'60","'LINE","'The net effect of these depends on the shielding of the increasing nuclear charge by","'99.99408722"
"'60","'LINE","'the inner electrons.","'99.98345947"
"'60","'LINE","'50","'99.97070313"
"'60","'LINE","'UNIT 1","'99.35835266"
"'61","'LINE","'Electronic Configurations and the Periodic Table of the Elements","'99.95805359"
"'61","'LINE","'Activity 1.22","'99.67285156"
"'61","'LINE","'Discuss the following questions in groups, and present your responses to","'99.99378204"
"'61","'LINE","'the whole class.","'100.00000000"
"'61","'LINE","'Compare the effect of Zₑff and n on atomic size. Which one dominates?","'94.33850098"
"'61","'LINE","'a. down a group?","'98.97296143"
"'61","'LINE","'b. across a period? Explain the reason.","'99.76197815"
"'61","'LINE","'Atomic radius generally increases in a group from top to bottom but it decreases","'99.93984985"
"'61","'LINE","'in a period from left to right. These trends hold well for the main-group elements","'99.92221832"
"'61","'LINE","'but not as for the transition elements (electrons enter an inner electron shell, not the","'99.98226166"
"'61","'LINE","'valence shell). As we move from left to right, size shrinks through the first two or","'99.97365570"
"'61","'LINE","'three transition elements because of the increasing nuclear charge. But, from then on,","'99.98485565"
"'61","'LINE","'the size remains relatively constant because shielding by the inner d electrons cancels","'99.90892029"
"'61","'LINE","'out the usual increase in Zₑff For instance, vanadium (V; Z =23), the third Period 4","'94.31275940"
"'61","'LINE","'transition metal, has the same atomic radius as zinc (Zn; Z = 30), the last Period 4","'99.65827179"
"'61","'LINE","'transition metal.","'99.95565796"
"'61","'LINE","'Exercise 1.12","'99.76562500"
"'61","'LINE","'1. What are the factors affecting the size of an atom of an element? Explain","'99.97260284"
"'61","'LINE","'your answer using examples.","'99.93552399"
"'61","'LINE","'2. Using the periodic table, rank each set of main-group elements in order","'99.95336914"
"'61","'LINE","'of decreasing atomic size:","'99.98027039"
"'61","'LINE","'a. Ca, Mg, Sr","'99.85720825"
"'61","'LINE","'b. K, Ga, Ca","'99.63911438"
"'61","'LINE","'c. Br, Rb, Kr","'96.56693268"
"'61","'LINE","'d. Sr, Ca, Rb","'99.78864288"
"'61","'LINE","'3. Why is the difference in atomic radius between the elements Z = 11","'99.69960022"
"'61","'LINE","'(Na; 186 pm) and Z = 12 (Mg; 160 pm) so large, whereas between Z =","'99.03002930"
"'61","'LINE","'24 (Cr; 125 pm) and Z = 25 (Mn; 124 pm) the difference is very small.","'99.47420502"
"'61","'LINE","'(Note that ""pm"" is picometers.).","'99.82963562"
"'61","'LINE","'UNIT 1","'99.33434296"
"'61","'LINE","'51","'99.84375000"
"'62","'LINE","'CHEMISTRY GRADE 11","'99.82069397"
"'62","'LINE","'Ionization Energy (IE)","'99.06210327"
"'62","'LINE","'Activity 1.23","'99.58496094"
"'62","'LINE","'Form a group and discuss the following, then present your responses to the","'99.91069794"
"'62","'LINE","'whole class.","'99.98535156"
"'62","'LINE","'1. Write the electron configuration of the following pairs of atoms of an","'99.97445679"
"'62","'LINE","'element and compare their stability. Explain your answer.","'99.98891449"
"'62","'LINE","'a.","'97.88005829"
"'62","'LINE","'oxygen and nitrogen","'99.92107391"
"'62","'LINE","'b.","'99.95117188"
"'62","'LINE","'magnesium and aluminum","'99.98697662"
"'62","'LINE","'c.","'75.04942322"
"'62","'LINE","'fluorine and neon","'99.97721100"
"'62","'LINE","'2. From which atom in each pair (question number 1) will it be easier to remove","'99.82143402"
"'62","'LINE","'an electron from the outer most shell? Explain your answer based on their","'99.97370911"
"'62","'LINE","'electron configurations.","'99.87554169"
"'62","'LINE","'The ionization energy (IE) is the energy (in kJ) required for the complete removal of 1","'99.76040649"
"'62","'LINE","'mol of electrons from 1 mol of gaseous atoms or ions. Multi-electron atoms can lose","'99.92345428"
"'62","'LINE","'more than one electron, so the ionization energies required to remove each electron","'99.58406830"
"'62","'LINE","'are numbered in sequence from the ground-state atom. For instance, boron atom has","'99.95236969"
"'62","'LINE","'five electrons, two in an inner core (1s²) and three valence electrons (2s²2p¹). The five","'97.23712921"
"'62","'LINE","'ionization steps and their ionization energies, IE₁ through IE5, are:","'94.40576935"
"'62","'LINE","'B (g)","'93.33117676"
"'62","'LINE","'B+","'73.78985596"
"'62","'LINE","'(g) + e⁻","'77.92295074"
"'62","'LINE","'IE₁","'85.50442505"
"'62","'LINE","'= 801 kJ mol⁻¹","'97.37493896"
"'62","'LINE","'B+ (g)","'92.13936615"
"'62","'LINE","'B²⁺","'66.65019226"
"'62","'LINE","'(g) + e⁻","'70.16909790"
"'62","'LINE","'IE2","'64.37559509"
"'62","'LINE","'= 2427 kJ mol⁻¹","'96.90893555"
"'62","'LINE","'B²⁺ (g)","'91.22080231"
"'62","'LINE","'B³⁺","'83.96105957"
"'62","'LINE","'(g) + e⁻","'74.19442749"
"'62","'LINE","'IE₃","'82.32142639"
"'62","'LINE","'= 3660 kJ mol⁻¹","'97.50473785"
"'62","'LINE","'B³⁺ (g)","'68.94391632"
"'62","'LINE","'B4+","'71.93897247"
"'62","'LINE","'(g) + e⁻","'67.98995972"
"'62","'LINE","'IE₄","'84.42063904"
"'62","'LINE","'= 25,025 kJ mol⁻¹","'96.43953705"
"'62","'LINE","'B⁴⁺ (g)","'82.02905273"
"'62","'LINE","'B⁵⁺","'84.06190491"
"'62","'LINE","'(g) + e⁻","'73.93613434"
"'62","'LINE","'IE₅","'78.60949707"
"'62","'LINE","'= 32,822 kJ mol⁻¹","'96.53549957"
"'62","'LINE","'The first ionization energy (IE₁) of an atom is the minimum energy needed to remove","'97.44805145"
"'62","'LINE","'the first electron from the outermost shell of a gaseous atom to produce a gaseous ion.","'99.92636871"
"'62","'LINE","'Atom (g)","'98.44198608"
"'62","'LINE","'Ion+(g) + e⁻ ДЕ = IE₁ > 0","'75.01666260"
"'62","'LINE","'52","'99.88281250"
"'62","'LINE","'UNIT 1","'99.00191498"
"'63","'LINE","'Electronic Configurations and the Periodic Table of the Elements","'99.95480347"
"'63","'LINE","'The second ionization energy (IE2) removes the second electron. Since the electron is","'96.78971863"
"'63","'LINE","'being pulled away from a positively charged ion, IE2 is always larger than IE1:","'94.38114929"
"'63","'LINE","'Ion+ (g)","'89.84774017"
"'63","'LINE","'Ion²⁺ (g) + e⁻","'84.59945679"
"'63","'LINE","'E = IE₂ (always > IE₁)","'82.64259338"
"'63","'LINE","'The first ionization energy is a key factor in an element's chemical reactivity because,","'99.81952667"
"'63","'LINE","'atoms with a low IE₁ tend to form cations during reactions, whereas those with a high","'97.11916351"
"'63","'LINE","'IE1, (except the noble gases) often form anions.","'96.01505280"
"'63","'LINE","'Ionization energies display a periodic variation when plotted against atomic number,","'99.92419434"
"'63","'LINE","'as Figure 1.20 shows. Within any period, values tend to increase with atomic","'99.98491669"
"'63","'LINE","'number. Thus, the lowest values in a period are found for the Group IA elements","'99.94180298"
"'63","'LINE","'(alkali metals). It is characteristic of reactive metals such as these to lose electrons","'99.95983887"
"'63","'LINE","'easily. The largest ionization energies in any period occur for the noble-gas elements.","'99.94674683"
"'63","'LINE","'This general trend increasing ionization energy with atomic number in a given period","'99.92284393"
"'63","'LINE","'is due to the fact that as we move across a period, Z eff generally increases so atomic","'98.89065552"
"'63","'LINE","'radii become smaller. As a result, the attraction between the nucleus and the outer","'99.94903564"
"'63","'LINE","'electrons increases, so an electron becomes more difficult to remove.","'99.56698608"
"'63","'LINE","'Promott","'11.72951221"
"'63","'LINE","'Period","'40.61802292"
"'63","'LINE","'Period","'27.15023232"
"'63","'LINE","'Period","'33.61587143"
"'63","'LINE","'Period","'38.12440491"
"'63","'LINE","'Period 6","'91.15513611"
"'63","'LINE","'2500","'99.99023438"
"'63","'LINE","'He","'93.05863190"
"'63","'LINE","'Ne","'99.93164063"
"'63","'LINE","'2000","'99.91051483"
"'63","'LINE","'F","'99.09179688"
"'63","'LINE","'Ionization energy (KJ/mol)","'97.70681000"
"'63","'LINE","'Ar","'99.65740204"
"'63","'LINE","'1500","'100.00000000"
"'63","'LINE","'N","'99.97070313"
"'63","'LINE","'Kr","'99.85192108"
"'63","'LINE","'o","'61.75004196"
"'63","'LINE","'CI","'50.62181473"
"'63","'LINE","'H","'98.47795868"
"'63","'LINE","'Xe","'92.86989594"
"'63","'LINE","'P","'98.81137848"
"'63","'LINE","'Br","'99.39871216"
"'63","'LINE","'Be","'96.82816315"
"'63","'LINE","'Rn","'99.93164063"
"'63","'LINE","'1000","'100.00000000"
"'63","'LINE","'C","'89.28411865"
"'63","'LINE","'As","'99.89257813"
"'63","'LINE","'Te","'99.34490204"
"'63","'LINE","'I","'89.17490387"
"'63","'LINE","'Mg","'99.77379608"
"'63","'LINE","'S","'99.15477753"
"'63","'LINE","'Se","'99.84135437"
"'63","'LINE","'Sb","'99.79332733"
"'63","'LINE","'Pb","'99.73473358"
"'63","'LINE","'Si","'99.51351166"
"'63","'LINE","'Ge","'99.85271454"
"'63","'LINE","'Po","'98.73783875"
"'63","'LINE","'B","'91.36260223"
"'63","'LINE","'Sn","'99.95117188"
"'63","'LINE","'Bi","'99.56314087"
"'63","'LINE","'500","'100.00000000"
"'63","'LINE","'Al","'99.16035461"
"'63","'LINE","'Ca","'99.72177887"
"'63","'LINE","'Ga","'99.97070313"
"'63","'LINE","'Sr","'99.57927704"
"'63","'LINE","'In","'99.95117188"
"'63","'LINE","'T1","'70.80456543"
"'63","'LINE","'Na","'99.77379608"
"'63","'LINE","'Ba","'97.59944916"
"'63","'LINE","'Li","'99.40270233"
"'63","'LINE","'Ra","'99.87224579"
"'63","'LINE","'K","'96.31398010"
"'63","'LINE","'Rb","'99.93164063"
"'63","'LINE","'Cs","'99.72496796"
"'63","'LINE","'2","'99.60937500"
"'63","'LINE","'10","'99.95117188"
"'63","'LINE","'18","'99.92107391"
"'63","'LINE","'36","'99.97070313"
"'63","'LINE","'54","'99.97070313"
"'63","'LINE","'86","'99.97070313"
"'63","'LINE","'Figure 1.20: Ionization energy versus atomic number","'99.87680054"
"'63","'LINE","'Small deviations from this general trend occur. A Group IIIA element (ns²np¹)","'98.75694275"
"'63","'LINE","'has a smaller ionization energy than the preceding Group IIA element (ns²).","'98.81124878"
"'63","'LINE","'UNIT 1","'99.43159485"
"'63","'LINE","'53","'99.95117188"
"'64","'LINE","'CHEMISTRY GRADE 11","'99.67746735"
"'64","'LINE","'Apparently, the пр electron of the Group IIIA element is more easily removed than","'98.03781128"
"'64","'LINE","'one of the ns electrons of the preceding Group IIA element. Also note that a Group","'99.86352539"
"'64","'LINE","'VIA element (ns²np⁴) has a smaller ionization energy than the preceding Group VA","'98.58629608"
"'64","'LINE","'element. As a result of electron repulsion, it is easier to remove an electron from the","'99.94268799"
"'64","'LINE","'doubly occupied np orbital of the Group VIA element than from a singly occupied","'99.95821381"
"'64","'LINE","'orbital of the preceding Group VA element.","'99.98593140"
"'64","'LINE","'Group Assignment 1.1","'99.86002350"
"'64","'LINE","'Form a group and discuss on the following questions. Write","'99.85315704"
"'64","'LINE","'your reflections and submit it to your teacher.","'99.98535156"
"'64","'LINE","'1. The first ionization energy in general increases across a","'99.91522217"
"'64","'LINE","'period, however, large drops occur when a new period","'99.93518829"
"'64","'LINE","'begins. Why?","'99.98535156"
"'64","'LINE","'2. Explain the irregularities in the trends across periods:","'99.97142792"
"'64","'LINE","'a. Boron has a smaller first ionization energy than","'99.70505524"
"'64","'LINE","'beryllium.","'99.89098358"
"'64","'LINE","'b. The first ionization energy of nitrogen is higher than","'99.96533966"
"'64","'LINE","'oxygen.","'99.81126404"
"'64","'LINE","'Exercise 1.13","'99.79003906"
"'64","'LINE","'1. Choose the element with the higher ionization energy from each pair:","'99.96792603"
"'64","'LINE","'a. As or Bi","'99.84275055"
"'64","'LINE","'b. As or Br","'99.90722656"
"'64","'LINE","'c. Al or In","'96.18861389"
"'64","'LINE","'d. K or Ge","'99.67753601"
"'64","'LINE","'2. The first and second ionization energies of potassium, K, are 419 kJ","'99.81443787"
"'64","'LINE","'mol⁻¹ and 3052 kJ mol⁻¹ and those of calcium, Ca, are 590 kJ mol⁻¹ and","'99.03146362"
"'64","'LINE","'1145 kJ mol⁻¹, respectively. Compare their values and comment on the","'99.54331207"
"'64","'LINE","'differences.","'99.65182495"
"'64","'LINE","'3. Based on their positions in the periodic table, predict which atom of the","'99.97477722"
"'64","'LINE","'following pairs will have the larger first ionization energy:","'99.96900177"
"'64","'LINE","'a. Ga or Ge b. Br or Sb c. K or Cr d. Mg or Sr e. O or Ne","'98.70088959"
"'64","'LINE","'4. Name the period 3 element with the following ionization energies (in","'99.93898010"
"'64","'LINE","'kJ/mol), and write its electron configuration:","'99.43910980"
"'64","'LINE","'IE1","'83.86618805"
"'64","'LINE","'IE2","'86.12105560"
"'64","'LINE","'IE3","'71.79827118"
"'64","'LINE","'IE4","'58.62324905"
"'64","'LINE","'IE5","'86.94056702"
"'64","'LINE","'IE6","'54.89178467"
"'64","'LINE","'1012","'99.99023438"
"'64","'LINE","'1903","'100.00000000"
"'64","'LINE","'2910","'99.99023438"
"'64","'LINE","'4956","'99.97070313"
"'64","'LINE","'6278","'99.97070313"
"'64","'LINE","'22,330","'99.89257813"
"'64","'LINE","'54","'99.97070313"
"'64","'LINE","'UNIT 1","'99.19722748"
"'65","'LINE","'Electronic Configurations and the Periodic Table of the Elements","'99.94937897"
"'65","'LINE","'Electron Affinity (EA)","'99.50534058"
"'65","'LINE","'The electron affinity is the energy change for the process of adding an electron to a","'99.96481323"
"'65","'LINE","'neutral atom in the gaseous state to form a negative ion:","'99.93979645"
"'65","'LINE","'Atom (g) + e⁻","'94.54051971"
"'65","'LINE","'Ion⁻ (g)","'88.39475250"
"'65","'LINE","'E = EA₁","'75.75474548"
"'65","'LINE","'An electron approaching a neutral atom experiences an attraction for the positively","'99.95396423"
"'65","'LINE","'charged nucleus. Repulsion of the incoming electron by electrons already present in","'99.97932434"
"'65","'LINE","'the atom tends to offset this attraction. Still, in many cases the incoming electron is","'99.98356628"
"'65","'LINE","'absorbed by the atom and energy is evolved in the process. Thus, first electron affinity","'99.97976685"
"'65","'LINE","'(EA1) is usually negative. The second electron affinity (EA₂), however, is always","'93.53635406"
"'65","'LINE","'positive because energy must be absorbed to overcome electrostatic repulsions and","'99.98025513"
"'65","'LINE","'add another electron to a negative ion.","'99.94804382"
"'65","'LINE","'For example, the EA₁ and EA2 of an oxygen atom can be written as:","'94.20822906"
"'65","'LINE","'O(g) + e⁻","'89.56466675"
"'65","'LINE","'O⁻ (g)","'74.23085785"
"'65","'LINE","'EA₁ = - -141 kJ mol⁻¹","'87.82717896"
"'65","'LINE","'O⁻(g) + 1e⁻","'75.74783325"
"'65","'LINE","'O²⁻(g)","'51.75163269"
"'65","'LINE","'EA2 = +744 kJ mol⁻¹","'87.25856781"
"'65","'LINE","'Figure 1.21 gives the electron affinities of the main-group elements. Negative values","'99.93381500"
"'65","'LINE","'indicate that energy is released when the anion forms. Positive values, which occur","'99.97647095"
"'65","'LINE","'in Group VIIIA (18), indicate that energy is absorbed to form the anion; in fact, these","'99.95214081"
"'65","'LINE","'anions are unstable and the values are estimated.","'99.95159149"
"'65","'LINE","'IA","'99.93164063"
"'65","'LINE","'VIIIA","'99.81285858"
"'65","'LINE","'(1)","'99.91210938"
"'65","'LINE","'(18)","'99.73632813"
"'65","'LINE","'H","'98.31772614"
"'65","'LINE","'IIA","'88.48134613"
"'65","'LINE","'IIIA","'95.36810303"
"'65","'LINE","'IVA","'99.95117188"
"'65","'LINE","'VA","'100.00000000"
"'65","'LINE","'VIA","'99.96093750"
"'65","'LINE","'VIIA","'99.87224579"
"'65","'LINE","'He","'83.88771057"
"'65","'LINE","'-72.8","'99.81285858"
"'65","'LINE","'(2)","'99.95117188"
"'65","'LINE","'(13)","'99.79492188"
"'65","'LINE","'(14)","'99.84375000"
"'65","'LINE","'(15)","'99.76562500"
"'65","'LINE","'(16)","'99.75585938"
"'65","'LINE","'(17)","'99.77539063"
"'65","'LINE","'(0.0)","'99.85351563"
"'65","'LINE","'Li","'99.92107391"
"'65","'LINE","'Be","'99.92107391"
"'65","'LINE","'B","'73.13616180"
"'65","'LINE","'C","'73.28503418"
"'65","'LINE","'N","'99.89098358"
"'65","'LINE","'O","'51.27550888"
"'65","'LINE","'F","'99.83318329"
"'65","'LINE","'Ne","'99.89098358"
"'65","'LINE","'-59.6","'99.95117188"
"'65","'LINE","'<0","'99.76322937"
"'65","'LINE","'-26.7","'99.84135437"
"'65","'LINE","'-122","'98.43690491"
"'65","'LINE","'+7","'99.72496796"
"'65","'LINE","'-144","'99.22213745"
"'65","'LINE","'-328","'99.91131592"
"'65","'LINE","'(+29)","'99.75505829"
"'65","'LINE","'Na","'99.92107391"
"'65","'LINE","'Mg","'99.97070313"
"'65","'LINE","'Al","'98.55528259"
"'65","'LINE","'Si","'99.95037079"
"'65","'LINE","'P","'89.80966949"
"'65","'LINE","'S","'99.48342133"
"'65","'LINE","'Cl","'65.23258209"
"'65","'LINE","'Ar","'99.95117188"
"'65","'LINE","'-52.9","'99.73313904"
"'65","'LINE","'<0","'99.08482361"
"'65","'LINE","'-42.5","'99.81285858"
"'65","'LINE","'-134","'99.55895233"
"'65","'LINE","'-72","'99.60618591"
"'65","'LINE","'-200","'99.11331940"
"'65","'LINE","'-349","'99.91131592"
"'65","'LINE","'(+35)","'99.83398438"
"'65","'LINE","'K","'89.79910278"
"'65","'LINE","'Ca","'98.93434906"
"'65","'LINE","'Ga","'99.91051483"
"'65","'LINE","'Ge","'99.95037079"
"'65","'LINE","'As","'99.99023438"
"'65","'LINE","'Se","'99.96014404"
"'65","'LINE","'Br","'99.89098358"
"'65","'LINE","'Kr","'99.85112762"
"'65","'LINE","'-48.4","'99.88201141"
"'65","'LINE","'-2.37","'99.56472778"
"'65","'LINE","'-28.9","'99.84135437"
"'65","'LINE","'-119","'98.93913269"
"'65","'LINE","'-78.2","'97.91912079"
"'65","'LINE","'-195","'99.21974182"
"'65","'LINE","'-325","'99.89178467"
"'65","'LINE","'(+39)","'99.87304688"
"'65","'LINE","'Rb","'99.93083954"
"'65","'LINE","'Sr","'99.97070313"
"'65","'LINE","'In","'99.93083954"
"'65","'LINE","'Sn","'100.00000000"
"'65","'LINE","'Sb","'99.99023438"
"'65","'LINE","'Te","'99.51271057"
"'65","'LINE","'I","'99.48819733"
"'65","'LINE","'Xe","'72.57732391"
"'65","'LINE","'-46.9","'99.65182495"
"'65","'LINE","'-5.03","'99.76483154"
"'65","'LINE","'-28.9","'99.81205750"
"'65","'LINE","'-107","'98.33885193"
"'65","'LINE","'-103","'98.49011230"
"'65","'LINE","'-190","'96.40844727"
"'65","'LINE","'-295","'99.89098358"
"'65","'LINE","'(+41)","'99.83398438"
"'65","'LINE","'Cs","'97.79874420"
"'65","'LINE","'Ba","'97.89800262"
"'65","'LINE","'Ti","'99.80229950"
"'65","'LINE","'Pb","'99.85112762"
"'65","'LINE","'Bi","'99.89098358"
"'65","'LINE","'Po","'95.70571899"
"'65","'LINE","'At","'99.97070313"
"'65","'LINE","'Rn","'99.95037079"
"'65","'LINE","'-45.5","'99.91210938"
"'65","'LINE","'-13.95","'99.67773438"
"'65","'LINE","'-19.3","'99.29547882"
"'65","'LINE","'-35.1","'99.75267029"
"'65","'LINE","'-91.3","'99.64604187"
"'65","'LINE","'-183","'98.35240173"
"'65","'LINE","'-270","'99.87145233"
"'65","'LINE","'(+41)","'99.84375000"
"'65","'LINE","'Figure 1. 21: Electron affinities of the main-group elements (in kJ/mol)","'99.00303650"
"'65","'LINE","'UNIT 1","'99.31441498"
"'65","'LINE","'55","'99.97070313"
"'66","'LINE","'CHEMISTRY GRADE 11","'99.84023285"
"'66","'LINE","'Activity 1.24","'99.70214844"
"'66","'LINE","'Discuss the following questions in groups, then present your answers to","'99.99112701"
"'66","'LINE","'the whole class.","'100.00000000"
"'66","'LINE","'1. Which group in the periodic table has elements with high (endothermic)","'99.97870636"
"'66","'LINE","'IE₁ and very negative (exothermic) first electron affinities (EA₁)? Give","'94.28882599"
"'66","'LINE","'the charge on the ions these atoms form.","'99.98535156"
"'66","'LINE","'2. Silicon has an electron affinity of -134 kJ/mol. The electron affinity of","'99.20556641"
"'66","'LINE","'phosphorus is -72 kJ/mol. Give a reason for this difference.","'98.22492981"
"'66","'LINE","'3. Why are the electron affinities of the alkaline earth metals either","'99.98603821"
"'66","'LINE","'negative or small positive values?","'99.95655060"
"'66","'LINE","'Electron affinities, EA, have a periodic variation, just as atomic radii and ionization","'97.80345917"
"'66","'LINE","'energies do. Broadly speaking, the general trend is toward more negative electron","'99.96278381"
"'66","'LINE","'affinities from left to right in any period.","'99.97030640"
"'66","'LINE","'What could be the reason the IIA element and the VA element tend to have smaller","'99.32186890"
"'66","'LINE","'electron affinities (Figure 1.21) than the preceding element?","'99.92737579"
"'66","'LINE","'Note that the Group VIA and Group VIIA elements have the largest negative electron","'99.98309326"
"'66","'LINE","'affinities of any of the main-group elements. The trend in going across a period is","'99.93610382"
"'66","'LINE","'rather clear but there is no simple trend in going down a column of elements.","'99.84364319"
"'66","'LINE","'In most cases, the added electron goes into an energy sublevel that is already partly","'99.98557281"
"'66","'LINE","'filled. For Group IIA and VIIIA atoms, however, the added electron would be required","'99.75897980"
"'66","'LINE","'to enter a significantly higher energy level, the пр level for the Group IIA atoms and","'98.82753754"
"'66","'LINE","'the S level for the next principal level for the Group VIIIA atoms. In these cases, a","'99.57258606"
"'66","'LINE","'stable anion does not form.","'99.98226166"
"'66","'LINE","'Electronegativity","'99.12288666"
"'66","'LINE","'Electronegativity indicates the extent of attraction by which the electrons of the","'99.98339081"
"'66","'LINE","'bond pair are attracted by an atom linked by this bond. Linus Pauling, an American","'99.98226166"
"'66","'LINE","'scientist, in 1922 assigned arbitrarily a value of 4.0 to fluorine, the element considered","'99.92630768"
"'66","'LINE","'to have the greatest ability to attract electrons. This is known as the Pauling scale.","'99.98296356"
"'66","'LINE","'Approximate values for the electronegativity of a few elements are given in Table 1.4.","'99.90579987"
"'66","'LINE","'56","'99.97070313"
"'66","'LINE","'UNIT 1","'99.22652435"
"'67","'LINE","'Electronic Configurations and the Periodic Table of the Elements","'99.95914459"
"'67","'LINE","'Table 1.4: (a) Electronegativity values (on Pauling scale) across the periods","'99.90938568"
"'67","'LINE","'Atom (Period II)","'99.55191040"
"'67","'LINE","'Li","'99.93083954"
"'67","'LINE","'Be","'99.99023438"
"'67","'LINE","'B","'98.37133026"
"'67","'LINE","'C","'95.76988983"
"'67","'LINE","'N","'99.77539063"
"'67","'LINE","'O","'78.47576904"
"'67","'LINE","'F","'99.61914063"
"'67","'LINE","'Electronegativity","'99.93083954"
"'67","'LINE","'1.0","'99.97070313"
"'67","'LINE","'1.5","'99.99023438"
"'67","'LINE","'2.0","'100.00000000"
"'67","'LINE","'2.5","'100.00000000"
"'67","'LINE","'3.0","'99.96014404"
"'67","'LINE","'3.5","'100.00000000"
"'67","'LINE","'4.0","'99.99023438"
"'67","'LINE","'Atom (Period III)","'99.55303955"
"'67","'LINE","'Na","'100.00000000"
"'67","'LINE","'Mg","'99.97070313"
"'67","'LINE","'Al","'99.80069733"
"'67","'LINE","'Si","'99.91051483"
"'67","'LINE","'P","'99.51271057"
"'67","'LINE","'S","'98.64556885"
"'67","'LINE","'Cl","'96.04412079"
"'67","'LINE","'Electronegativity","'99.92107391"
"'67","'LINE","'0.9","'100.00000000"
"'67","'LINE","'1.2","'99.97070313"
"'67","'LINE","'1.5","'100.00000000"
"'67","'LINE","'1.8","'99.99023438"
"'67","'LINE","'2.1","'99.99023438"
"'67","'LINE","'2.5","'100.00000000"
"'67","'LINE","'3.0","'99.96014404"
"'67","'LINE","'Table 1.4: (b) Electronegativity values (on Pauling scale) down a group","'99.78552246"
"'67","'LINE","'Atom","'100.00000000"
"'67","'LINE","'Atom","'100.00000000"
"'67","'LINE","'Electronegativity","'99.91051483"
"'67","'LINE","'Electronegativity","'99.91051483"
"'67","'LINE","'(Group IA)","'99.01148224"
"'67","'LINE","'(Group VIIA)","'99.52935791"
"'67","'LINE","'value","'100.00000000"
"'67","'LINE","'value","'100.00000000"
"'67","'LINE","'Li","'99.89098358"
"'67","'LINE","'1.0","'100.00000000"
"'67","'LINE","'F","'99.89257813"
"'67","'LINE","'4.0","'99.99023438"
"'67","'LINE","'Na","'99.95037079"
"'67","'LINE","'0.9","'100.00000000"
"'67","'LINE","'Cl","'90.58335114"
"'67","'LINE","'3.0","'99.96014404"
"'67","'LINE","'K","'99.72576141"
"'67","'LINE","'0.8","'100.00000000"
"'67","'LINE","'Br","'100.00000000"
"'67","'LINE","'2.8","'100.00000000"
"'67","'LINE","'Rb","'100.00000000"
"'67","'LINE","'0.8","'100.00000000"
"'67","'LINE","'I","'99.61674500"
"'67","'LINE","'2.5","'100.00000000"
"'67","'LINE","'Cs","'99.72098541"
"'67","'LINE","'0.7","'100.00000000"
"'67","'LINE","'At","'100.00000000"
"'67","'LINE","'2.2","'100.00000000"
"'67","'LINE","'Electronegativity generally increases across a period from left to right (say from","'99.84245300"
"'67","'LINE","'lithium to fluorine) and decreases down a group (say from fluorine to astatine) in the","'99.88485718"
"'67","'LINE","'periodic table. The attraction between the valence electrons and the nucleus increases","'99.97850800"
"'67","'LINE","'as the atomic radius decreases in a period. The electronegativity also increases. On","'99.91670990"
"'67","'LINE","'the same account electronegativity values decrease with the increase in atomic radii","'99.97186279"
"'67","'LINE","'down a group. The trend is similar to that of ionization energy.","'99.91241455"
"'67","'LINE","'Activity 1.25","'99.86816406"
"'67","'LINE","'Discuss the following questions in groups, and present your answers to","'99.99200439"
"'67","'LINE","'the whole class.","'100.00000000"
"'67","'LINE","'1. What is the electronegativity of an atom? How is it different from","'99.96838379"
"'67","'LINE","'electron affinity?","'99.96054077"
"'67","'LINE","'2. In a given family of the periodic table, what is the general relationship","'99.87709808"
"'67","'LINE","'between electronegativity and size?","'99.99755859"
"'67","'LINE","'UNIT 1","'99.46129608"
"'67","'LINE","'57","'99.97070313"
"'68","'LINE","'CHEMISTRY GRADE 11","'99.80767822"
"'68","'LINE","'Metallic Character","'99.08571625"
"'68","'LINE","'Activity 1.26","'99.57519531"
"'68","'LINE","'Form a group and summarize the trend in metallic character in the periodic","'99.87565613"
"'68","'LINE","'table. Is it the same as the trend observed for atomic size and ionization","'99.96623230"
"'68","'LINE","'energy? Present your responses to the whole the class.","'99.98037720"
"'68","'LINE","'Metallic character refers to the chemical properties associated with elements classified","'99.98565674"
"'68","'LINE","'as metals. These properties arise from the elements, ability to lose electrons. Metallic","'99.97328186"
"'68","'LINE","'character decreases as you move across a period in the periodic table from left to","'99.88214874"
"'68","'LINE","'right. This occurs as atoms more readily accept electrons to fill a valence shell than","'99.92135620"
"'68","'LINE","'lose them to remove the unfilled shell.","'99.98464966"
"'68","'LINE","'Metallic character increases as you move down an element group in the periodic","'99.96663666"
"'68","'LINE","'table. This is because electrons become easier to lose as the atomic radius increases,","'99.95101929"
"'68","'LINE","'where there is less attraction between the nucleus and the valence electrons because","'99.99161530"
"'68","'LINE","'of the increased distance between them.","'99.99837494"
"'68","'LINE","'1.8.4","'99.95117188"
"'68","'LINE","'Advantages of Periodic Classification of the Elements","'99.95025635"
"'68","'LINE","'Activity 1.27","'99.33593750"
"'68","'LINE","'Form a group and discuss the following questions, then share your answers","'99.80529785"
"'68","'LINE","'with the whole class.","'100.00000000"
"'68","'LINE","'1. In which region of the periodic table are metals located?","'99.96885681"
"'68","'LINE","'2. In which region are the elements with general electronic configuration of","'99.99267578"
"'68","'LINE","'ns²p⁵ located? Give the group number.","'96.33988190"
"'68","'LINE","'3. Write the group number and period of an element with atomic number 26.","'99.98599243"
"'68","'LINE","'4. Is an element with the electronic configuration 1s² 2s² 2p⁶ 3s¹ a metal","'93.02799988"
"'68","'LINE","'or a non- metal? Will it form a cation or an anion readily? Explain your","'99.80419922"
"'68","'LINE","'answer.","'99.91210938"
"'68","'LINE","'58","'99.95117188"
"'68","'LINE","'UNIT 1","'99.15816498"
"'69","'LINE","'Electronic Configurations and the Periodic Table of the Elements","'99.95914459"
"'69","'LINE","'Some of the advantages of periodic classification of elements are:","'99.97421265"
"'69","'LINE","'1. The classification of elements is based on the atomic number, which is a","'99.88023376"
"'69","'LINE","'fundamental property of an element.","'99.96826935"
"'69","'LINE","'2. Isotopes are averaged in one place, as the classification is on the basis of atomic","'99.97914886"
"'69","'LINE","'number (For example, chlorine (atomic number 17) is given the atomic mass","'97.62923431"
"'69","'LINE","'35.5.)","'98.78288269"
"'69","'LINE","'3. It explains the periodicity of the properties of the elements and relates them to","'99.97287750"
"'69","'LINE","'their electronic configurations.","'99.86713409"
"'69","'LINE","'4. The position of the elements that were misfits on the basis of mass number","'99.98155975"
"'69","'LINE","'(anomalous pairs like argon and potassium) could be justified on the basis of","'99.90426636"
"'69","'LINE","'atomic number.","'99.95525360"
"'69","'LINE","'5. The lanthanides and actinides are placed separately at the bottom of the periodic","'99.94333649"
"'69","'LINE","'table.","'99.99023438"
"'69","'LINE","'6. The table is a simple, systematic and an easy way of remembering the properties","'99.95443726"
"'69","'LINE","'of various elements, as it is based on the electronic configuration.","'99.95584106"
"'69","'LINE","'UNIT 1","'99.47594452"
"'69","'LINE","'59","'99.97070313"
"'70","'LINE","'CHEMISTRY GRADE 11","'99.80442047"
"'70","'LINE","'UNIT SUMMARY","'99.94628906"
"'70","'LINE","'Modern chemistry began with eighteenth century discoveries leading","'99.99501801"
"'70","'LINE","'to the formulation of two basic laws of chemical combination: the law","'99.99254608"
"'70","'LINE","'of conservation of mass and the law of constant composition (definite","'99.98107147"
"'70","'LINE","'proportions). Dalton proposed another law of chemical combination, the law","'99.93141937"
"'70","'LINE","'of multiple proportions.","'99.96366119"
"'70","'LINE","'The first clues to the structure of atoms came through the discovery and","'99.99324036"
"'70","'LINE","'characterization of cathode rays (electrons). Key experiments were those","'99.97568512"
"'70","'LINE","'that established the mass-to-charge ratio and then the charge on an electron.","'99.96643829"
"'70","'LINE","'The principal types of radiation emitted by radioactive substances are alpha","'99.97929382"
"'70","'LINE","'particles, beta particles, and gamma rays.","'99.93423462"
"'70","'LINE","'Studies on the scattering of particles by thin metal foils (Rutherford's atomic","'99.90888977"
"'70","'LINE","'model) led to the concept of the nuclear atom - a tiny, but massive, positively","'98.51058960"
"'70","'LINE","'charged nucleus surrounded by lightweight, negatively charged electrons.","'99.97386932"
"'70","'LINE","'Electromagnetic radiation is characterized by its wavelength (2), frequency","'95.44649506"
"'70","'LINE","'(v), and speed (c = 3.0 X 10⁸ m/s), which are related by the formula:","'94.47227478"
"'70","'LINE","'c = AV","'76.56927490"
"'70","'LINE","'Electromagnetic radiation can be viewed as a stream of ""particles"" called","'99.81304169"
"'70","'LINE","'photons, each with energy hv, where h is Planck's constant (6.63 X 10³⁴ J.s).","'96.67155457"
"'70","'LINE","'When light strikes a metal surface, electrons are emitted.","'99.70262909"
"'70","'LINE","'Analysis of the kinetic energy and numbers of the emitted electrons led","'99.99260712"
"'70","'LINE","'Einstein to suggest that electromagnetic radiation can be viewed as a stream","'99.77066040"
"'70","'LINE","'of photons.","'99.97518921"
"'70","'LINE","'The photoelectric effect is the emission of an electron from the surface of a","'99.89215088"
"'70","'LINE","'metal, caused by electromagnetic radiation of a certain minimum energy; the","'99.86547089"
"'70","'LINE","'resulting current increases with increasing intensity of radiation.","'99.98139191"
"'70","'LINE","'Bohr's theory requires the electron in a hydrogen atom to be in one of a","'99.61808777"
"'70","'LINE","'discrete set of energy levels. The fall of an electron from a higher to a lower","'99.79819489"
"'70","'LINE","'energy level releases a discrete amount of energy as a photon of light with a","'99.84656525"
"'70","'LINE","'characteristic frequency.","'99.90074921"
"'70","'LINE","'Bohr's theory accounts for the observed atomic spectrum of hydrogen atom.","'99.97219086"
"'70","'LINE","'60","'99.83318329"
"'70","'LINE","'UNIT 1","'99.18257904"
"'71","'LINE","'Electronic Configurations and the Periodic Table of the Elements","'99.95046234"
"'71","'LINE","'An emission spectrum is the spectrum associated with the emission of","'99.98557281"
"'71","'LINE","'electromagnetic radiation by atoms (or other species) resulting from electron","'99.93963623"
"'71","'LINE","'transitions from higher to lower energy states.","'99.98732758"
"'71","'LINE","'The electron in a hydrogen atom can be viewed as a matter-wave enveloping","'99.74586487"
"'71","'LINE","'the nucleus.","'99.96014404"
"'71","'LINE","'The matter-wave is represented by a wave equation, and solutions of the","'99.89938354"
"'71","'LINE","'wave equation are wave functions.","'99.96452332"
"'71","'LINE","'Each wave function is characterized by the value of four quantum numbers:","'99.98935699"
"'71","'LINE","'the principal quantum number, n; the angular momentum quantum number","'99.42950439"
"'71","'LINE","'l; the magnetic quantum number, ml; and the spin quantum number, mₛ.","'96.19519043"
"'71","'LINE","'According to Heisenberg's Uncertainty Principle, it is impossible to determine","'99.96086121"
"'71","'LINE","'both the momentum and position of an electron.","'99.97782898"
"'71","'LINE","'An orbital describes a region in an atom that has a high probability of","'99.67111206"
"'71","'LINE","'containing an electron or a high electron change density.","'99.86116028"
"'71","'LINE","'Orbitals with the same value of n are in the same principal energy level.","'99.92590332"
"'71","'LINE","'Orbitals with the same value of n and of l are in the same sublevel.","'99.10829926"
"'71","'LINE","'The shape of orbitals depend on the values of l. Thus, the S orbital (l = 0) is","'98.60795593"
"'71","'LINE","'spherical and the p orbital (l = 1) is dumbbell-shaped.","'96.53755188"
"'71","'LINE","'The n, l and ml quantum numbers define an orbital, but a fourth quantum","'98.63179779"
"'71","'LINE","'number, mₛ, is also required to characterize an electron in an orbital.","'98.11242676"
"'71","'LINE","'The Aufbau (""building up"") Principle is a guide for predicting the order in","'99.74961853"
"'71","'LINE","'which electrons fill subshells and shells in atoms.","'99.98647308"
"'71","'LINE","'According to Pauli's Exclusion Principle, no two electrons in the same atom","'99.96460724"
"'71","'LINE","'may have identical sets of four quantum numbers.","'99.98637390"
"'71","'LINE","'Hund's Rule states that each orbital of a given subshell is occupied by a","'99.80208588"
"'71","'LINE","'single electron before pairing begins.","'99.99007416"
"'71","'LINE","'Electron configuration refers to the distribution of electrons among orbitals","'99.97721863"
"'71","'LINE","'in an atom. Introduced here are the subshell notations (or s, p, d, and f) and","'96.20755768"
"'71","'LINE","'the orbital diagram.","'99.98345947"
"'71","'LINE","'UNIT 1","'99.34371185"
"'71","'LINE","'61","'99.92187500"
"'72","'LINE","'CHEMISTRY GRADE 11","'99.90859222"
"'72","'LINE","'Elements with similar valence-shell electron configurations fall in the same","'99.93841553"
"'72","'LINE","'group of the periodic table. The period number is the same as the highest","'99.99296570"
"'72","'LINE","'number of principal shell containing electrons (the outer shell).","'99.97803497"
"'72","'LINE","'Certain atomic properties vary periodically, when atoms are arranged in","'99.97616577"
"'72","'LINE","'terms of increasing atomic number. These include atomic size, metallic","'99.98706818"
"'72","'LINE","'character, ionization energy, and electron affinity.","'99.95349884"
"'72","'LINE","'CHECKLIST","'100.00000000"
"'72","'LINE","'KEY TERMS","'99.94140625"
"'72","'LINE","'Amplitude","'99.96014404"
"'72","'LINE","'Mass number","'99.97030640"
"'72","'LINE","'Atomic mass","'99.98046875"
"'72","'LINE","'Non-metal","'99.96093750"
"'72","'LINE","'Atomic mass unit (amu)","'99.79337311"
"'72","'LINE","'Pauli's Exclusion Principle","'99.58811188"
"'72","'LINE","'Atomic number","'100.00000000"
"'72","'LINE","'Period","'100.00000000"
"'72","'LINE","'Aufbau Principle","'99.98535156"
"'72","'LINE","'Periodic law","'99.99511719"
"'72","'LINE","'Cathode","'100.00000000"
"'72","'LINE","'Periodic table","'100.00000000"
"'72","'LINE","'Cathode rays","'99.97558594"
"'72","'LINE","'Photon","'100.00000000"
"'72","'LINE","'Charge/mass ratio","'99.96093750"
"'72","'LINE","'Proton","'100.00000000"
"'72","'LINE","'Dalton's atomic theory","'99.94359589"
"'72","'LINE","'Quantum numbers","'99.98046875"
"'72","'LINE","'Effective nuclear charge","'100.00000000"
"'72","'LINE","'Representative element","'100.00000000"
"'72","'LINE","'Electromagnetic radiation","'99.98007202"
"'72","'LINE","'s-block elements","'99.97070313"
"'72","'LINE","'Electronic configuration","'99.99511719"
"'72","'LINE","'Schrödinger equation","'99.96014404"
"'72","'LINE","'Exited state","'99.99023438"
"'72","'LINE","'Transition metal","'99.99511719"
"'72","'LINE","'Frequency","'100.00000000"
"'72","'LINE","'Uncertainty principle","'100.00000000"
"'72","'LINE","'Ground state","'99.98046875"
"'72","'LINE","'Wavelength","'100.00000000"
"'72","'LINE","'Hund's Rule","'99.92028046"
"'72","'LINE","'Inner-transition metal","'99.94100952"
"'72","'LINE","'Isotope","'100.00000000"
"'72","'LINE","'62","'99.95117188"
"'72","'LINE","'UNIT 1","'99.34899139"
"'73","'LINE","'Electronic Configurations and the Periodic Table of the Elements","'99.95154572"
"'73","'LINE","'REVIEW EXERCISE","'99.92107391"
"'73","'LINE","'Part I: Multiple Choice Questions:","'99.77997589"
"'73","'LINE","'Choose the correct answer from the given alternatives.","'99.91305542"
"'73","'LINE","'1. Which of the following scientists did not contribute to determining the structure","'99.97202301"
"'73","'LINE","'of the atom?","'99.98371887"
"'73","'LINE","'a. Thomson","'99.90114594"
"'73","'LINE","'c. Becquerel","'94.12189484"
"'73","'LINE","'b. Rutherford","'99.97558594"
"'73","'LINE","'d. Dalton","'99.98046875"
"'73","'LINE","'2. What is the frequency in Hz of the gamma radiation from a radioactive cobalt-60","'99.77069092"
"'73","'LINE","'source if its wave length is 1.0 X 10⁻⁹ nm?","'96.74035645"
"'73","'LINE","'a. 3.3 X 10⁻²⁷ Hz","'91.49394226"
"'73","'LINE","'c. 3.0 X 10¹⁸ Hz","'91.06414032"
"'73","'LINE","'b. 3.3 X 10⁻⁸ Hz","'92.58230591"
"'73","'LINE","'d. 3.0 X 10⁻²⁶ Hz","'92.79592133"
"'73","'LINE","'3. What is the energy of the electronic transition associated with the sodium-D line","'99.92862701"
"'73","'LINE","'having a wavelength of 589 nm?","'99.66487885"
"'73","'LINE","'a. 6.63 X 10-³⁴J","'82.76466370"
"'73","'LINE","'c. 3.38 X 10⁻¹⁹J","'88.81916046"
"'73","'LINE","'b. 1.13 X 10⁻²⁷J","'88.74267578"
"'73","'LINE","'d. 5.82 X 10²J","'93.01787567"
"'73","'LINE","'4.","'99.92187500"
"'73","'LINE","'Among the following, which colour corresponds to light of the highest frequency?","'99.89488983"
"'73","'LINE","'a. Green","'99.88121796"
"'73","'LINE","'b. Red","'99.98046875"
"'73","'LINE","'c. Yellow","'94.03240967"
"'73","'LINE","'d. Blue","'99.95605469"
"'73","'LINE","'5. Which of the following orbital designations does not exist?","'99.97038269"
"'73","'LINE","'a. 1s","'99.34918976"
"'73","'LINE","'b. 2d","'99.86328125"
"'73","'LINE","'c. 3p","'94.00390625"
"'73","'LINE","'d. 4f","'99.81933594"
"'73","'LINE","'6. Which of the following sets of quantum numbers are not allowed in the hydrogen","'99.96924591"
"'73","'LINE","'atom?","'99.95117188"
"'73","'LINE","'a. n=3,l=2,m{=2","'62.93172073"
"'73","'LINE","'c. n=1,l=0,mₜ=0","'57.07921982"
"'73","'LINE","'b. n=4,l=3,m{=4","'64.23384094"
"'73","'LINE","'7. The species that has the same number of electrons as ³²S is:","'98.20789337"
"'73","'LINE","'a. ³²Cl","'94.30335236"
"'73","'LINE","'b. ³³P⁺","'84.82910156"
"'73","'LINE","'c. ³⁴S⁺","'67.14046478"
"'73","'LINE","'d. 2⁸Si²⁻","'71.14975739"
"'73","'LINE","'8. Which of the following has the lowest electronegativity?","'99.98915100"
"'73","'LINE","'a. Carbon","'99.75675201"
"'73","'LINE","'c. Beryllium","'92.70278931"
"'73","'LINE","'b. Magnesium","'99.89626312"
"'73","'LINE","'d. Boron","'99.96582031"
"'73","'LINE","'9. How many unpaired electrons are there in the Cr³⁺ ion?","'99.04930878"
"'73","'LINE","'a. 0","'97.27239990"
"'73","'LINE","'b. 1","'99.44744873"
"'73","'LINE","'c. 2","'92.43183899"
"'73","'LINE","'d. 3","'99.61834717"
"'73","'LINE","'10. Which of the following species would require the highest energy for the removal","'99.98239136"
"'73","'LINE","'of one electron?","'99.98697662"
"'73","'LINE","'a. Mg²⁺","'90.81094360"
"'73","'LINE","'b. Na+","'86.20605469"
"'73","'LINE","'c. Ne","'88.41339111"
"'73","'LINE","'d. F⁻","'57.76865387"
"'73","'LINE","'UNIT 1","'99.14151764"
"'73","'LINE","'63","'99.97070313"
"'74","'LINE","'CHEMISTRY GRADE 11","'99.79465485"
"'74","'LINE","'Part II: Complete the following statements.","'99.79808044"
"'74","'LINE","'11. The atomic number gives the number of","'99.99389648"
"'74","'LINE","'in the nucleus.","'99.87065887"
"'74","'LINE","'12. In an atom, the number of electrons is equal to the number of","'99.98163605"
"'74","'LINE","'.","'88.87854767"
"'74","'LINE","'13. When n = 2, the values of l could be","'99.10987854"
"'74","'LINE","'and","'99.97070313"
"'74","'LINE","'14. When l = 1, the values of ml could be","'97.95423889"
"'74","'LINE","'and","'99.97070313"
"'74","'LINE","'as well","'99.96093750"
"'74","'LINE","',","'92.50677490"
"'74","'LINE","'as the subshell has the letter label","'99.98464966"
"'74","'LINE","'.","'87.27399445"
"'74","'LINE","'15. When l = 1, the subshell is called a","'99.33769226"
"'74","'LINE","'subshell with","'99.98046875"
"'74","'LINE","'total orbitals.","'99.94548798"
"'74","'LINE","'16. When the subshell is labeled p, there are","'99.89849091"
"'74","'LINE","'values of ml and","'90.34239960"
"'74","'LINE","'orbitals occur within the subshell.","'99.96842957"
"'74","'LINE","'17. When the subshell is labeled f, there are","'99.96952820"
"'74","'LINE","'values of ml and","'88.04089355"
"'74","'LINE","'orbitals occur within the subshell.","'99.96842957"
"'74","'LINE","'Part III: Short answer questions and problems.","'99.87122345"
"'74","'LINE","'18. For the following atoms, determine the number of protons, neutrons, and","'99.96603394"
"'74","'LINE","'electrons:","'99.93083954"
"'74","'LINE","'a.","'99.77300262"
"'74","'LINE","'114 48 Cd","'93.62603760"
"'74","'LINE","'c.","'87.57832336"
"'74","'LINE","'199 Au","'40.45838547"
"'74","'LINE","'b. 98 4₃Tc","'57.02880478"
"'74","'LINE","'d.","'99.81445313"
"'74","'LINE","'222 86 Rn","'94.44309235"
"'74","'LINE","'19. Iridium has two naturally occurring isotopes. 191 1r and 193 1r have atomic masses","'98.99156189"
"'74","'LINE","'of 1 90.9609 amu and 92 .9633 amu, respectively. The average atomic mass for","'98.07489777"
"'74","'LINE","'iridium is 192.22 amu. What is the percent natural abundance for each isotope?","'99.96069336"
"'74","'LINE","'20. The following are representative wavelengths in the IR, UV and X-ray regions","'99.95462036"
"'74","'LINE","'of the electromagnetic spectrum, 1.0 X 10⁻⁶ m, 1.0 X 10⁻⁸ m and 1.0 X 10⁻¹⁰ m,","'94.78987122"
"'74","'LINE","'respectively.","'99.91051483"
"'74","'LINE","'a. What is the energy of a photon form each transition?","'99.83382416"
"'74","'LINE","'b. Which of them has the highest energy per photon?","'99.98242188"
"'74","'LINE","'21. What is the wavelength of a beam of protons having a velocity of 1.38 X 10⁷","'99.10026550"
"'74","'LINE","'cm/s? The mass of a proton is 1.76 X 10⁻²⁴ kg.","'96.83405304"
"'74","'LINE","'22. The photon emitted by a cyclotron has a velocity of 1.50 X 10³ m/s. What is the","'98.93320465"
"'74","'LINE","'wavelength of this photon? The mass of photon = 1.676 X 10⁻²⁷ kg and Planck's","'98.47745514"
"'74","'LINE","'constant = 6.62 X 10⁻³⁴ J.s.s","'91.26089478"
"'74","'LINE","'64","'99.80388641"
"'74","'LINE","'UNIT 1","'99.16304016"
"'75","'LINE","'Electronic Configurations and the Periodic Table of the Elements","'99.95137024"
"'75","'LINE","'23. Calculate the wavelength of the light emitted when an electron falls from n = 3","'99.54420471"
"'75","'LINE","'to the n = 1 state in hydrogen atom.","'99.04790497"
"'75","'LINE","'24. Write the number and the letter for the orbital that corresponds to the following","'99.99338531"
"'75","'LINE","'pairs of n and l quantum numbers:","'94.79164124"
"'75","'LINE","'a. n=3,1=1","'74.06738281"
"'75","'LINE","'c. n=3,1=2","'74.73094177"
"'75","'LINE","'b. n=4,1=0","'90.26078033"
"'75","'LINE","'d. n = 5,1= 3","'76.87865448"
"'75","'LINE","'25. What type of orbital (i.e. 3s, 4p, ...) is designated by these quantum numbers?","'97.70601654"
"'75","'LINE","'a.n=5, l=1,m,=0","'21.99457932"
"'75","'LINE","'c. n=2,l=0,m{=0","'55.88613129"
"'75","'LINE","'26. Write the ground-state electron configurations for the following elements:","'99.94369507"
"'75","'LINE","'a. Br (Z = 35)","'96.96767426"
"'75","'LINE","'c. W (Z = 74)","'94.70049286"
"'75","'LINE","'b. Mo (Z = 42)","'96.72927094"
"'75","'LINE","'27. Write the period number for each of the following and state if they are metal,","'99.99816895"
"'75","'LINE","'non-metal or metalloid:","'99.91157532"
"'75","'LINE","'a. P","'99.84703827"
"'75","'LINE","'c. F","'92.97692108"
"'75","'LINE","'b. Ge","'99.97558594"
"'75","'LINE","'d. W","'99.90154266"
"'75","'LINE","'UNIT 1","'99.53942108"
"'75","'LINE","'65","'99.92187500"
"'76","'LINE","'CHEMISTRY GRADE 11","'99.86627197"
"'76","'LINE","'2","'90.53710938"
"'76","'LINE","'C","'61.36858368"
"'76","'LINE","'UNIT","'100.00000000"
"'76","'LINE","'C","'60.95523834"
"'76","'LINE","'H","'97.32402039"
"'76","'LINE","'H","'96.58262634"
"'76","'LINE","'H","'96.77116394"
"'76","'LINE","'CHEMICAL BONDING","'99.91210938"
"'76","'LINE","'Unit Outcomes","'99.98535156"
"'76","'LINE","'At the end of this unit, you will be able to:","'99.95976257"
"'76","'LINE","'explain that a chemical bond is an attractive force between particles","'99.91243744"
"'76","'LINE","'demonstrate an understanding of the formation and general properties of","'99.96127319"
"'76","'LINE","'substances containing ionic, covalent and metallic bonds","'99.95444489"
"'76","'LINE","'draw Lewis structure for simple ionic and covalent compounds","'99.99557495"
"'76","'LINE","'identify the origin of polarity within molecules","'99.96873474"
"'76","'LINE","'describe the formation and nature of hydrogen bonds, dipole-dipole","'99.97026062"
"'76","'LINE","'forces and London forces","'99.99023438"
"'76","'LINE","'explain the bonding models (Lewis model, valence bond model and","'99.99902344"
"'76","'LINE","'molecular orbital model) and show the usefulness of the bonding theories","'99.97470856"
"'76","'LINE","'in explaining and predicting molecular properties (bond angle, bond","'99.97903442"
"'76","'LINE","'length, bond energy, etc...)","'98.50531006"
"'76","'LINE","'explain how the properties of a substance (solid or liquid) depends on the","'99.77416229"
"'76","'LINE","'nature of the particles present and the type of intermolecular forces","'99.96199036"
"'76","'LINE","'discuss the importance of intermolecular forces in plant and animal life","'99.95023346"
"'76","'LINE","'explain how the Valence Shell Electron Pair Repulsion (VSEPR) model","'99.98804474"
"'76","'LINE","'can be used to predict molecular shape","'99.98175049"
"'76","'LINE","'conduct experiments to observe and analyze the physical properties of","'99.95517731"
"'76","'LINE","'different substance to determine the type of bonding present","'99.96682739"
"'76","'LINE","'describe scientific enquiry skills along this unit: observing, inferring,","'99.96014404"
"'76","'LINE","'predicting, classifying, comparing and contrasting, making models,","'99.83486176"
"'76","'LINE","'communicating, asking questions, applying concepts, relating cause and","'99.92902374"
"'76","'LINE","'effect and making generalization.","'99.95769501"
"'76","'LINE","'66","'99.87145233"
"'76","'LINE","'UNIT 2","'99.62402344"
"'77","'LINE","'Introduction","'99.96014404"
"'77","'LINE","'Start-up Activity","'99.78515625"
"'77","'LINE","'Discuss the following issues in a group and present your ideas","'99.93055725"
"'77","'LINE","'to the class.","'99.99674225"
"'77","'LINE","'Why do the substances around us behave differently? For instance, table","'99.97492218"
"'77","'LINE","'salt is a hard, brittle, high-melting solid that conducts electricity only when","'99.92061615"
"'77","'LINE","'molten or dissolved in water. Candle wax melts at a low temprature, is soft,","'99.93438721"
"'77","'LINE","'and non-conducting. Copper (and most other metallic substances) is shiny,","'99.93638611"
"'77","'LINE","'malleable, and able to conduct electricity whether it is molten or solid.","'99.97287750"
"'77","'LINE","'2.1","'99.97070313"
"'77","'LINE","'Introduction","'99.84056091"
"'77","'LINE","'At the end of this section, you will be able to:","'99.95532227"
"'77","'LINE","'define chemical bonding","'99.99674225"
"'77","'LINE","'explain why atoms form chemical bonds","'99.99837494"
"'77","'LINE","'illustrate chemical bonding using the octet rule","'99.99291229"
"'77","'LINE","'describe the types of chemical bonding and the mechanisms of the","'99.97100830"
"'77","'LINE","'bonding process.","'99.93572998"
"'77","'LINE","'In Grade 9, you learned about chemical bonding and its types, such as ionic,","'99.97826385"
"'77","'LINE","'covalent and metallic bonding. In this unit, we will discuss some new concepts","'99.98935699"
"'77","'LINE","'about chemical bonding, like intermolecular forces, molecular geometry, theories","'99.95571136"
"'77","'LINE","'of chemical bonding, etc.","'99.98515320"
"'77","'LINE","'Activity 2.1","'99.82910156"
"'77","'LINE","'Discuss the following issues in groups, then present your ideas to the whole class.","'99.99442291"
"'77","'LINE","'1. Why do atoms combine?","'99.96093750"
"'77","'LINE","'2. Why are molecules more stable than free atoms?","'99.98697662"
"'77","'LINE","'3. What forces act on two atoms as they come together?","'99.98135376"
"'77","'LINE","'4. Explain how the potential energy changes when two hydrogen atoms","'99.99289703"
"'77","'LINE","'form a bond.","'99.43950653"
"'77","'LINE","'The attractive force which holds atoms, ions, and molecules together is called a","'99.94680023"
"'77","'LINE","'chemical bond. Since these forces of attracstion are intramolecular forces, they have","'99.95437622"
"'77","'LINE","'an effect on the chemical properties as well as the physical properties of the chemical.","'99.96978760"
"'77","'LINE","'UNIT 2","'99.57031250"
"'77","'LINE","'67","'99.95117188"
"'78","'LINE","'CHEMISTRY GRADE 11","'99.86653900"
"'78","'LINE","'2.1.1","'99.75585938"
"'78","'LINE","'The Octet Rule","'99.95767975"
"'78","'LINE","'Activity 2.2","'99.74609375"
"'78","'LINE","'From your knowledge of Grade 9 chemistry discuss the following questions","'99.99289703"
"'78","'LINE","'in a group of four, then present your responses to the whole class.","'99.92002106"
"'78","'LINE","'1. Why do some atoms combine while others do not? Give some","'99.98128510"
"'78","'LINE","'examples in your answer.","'99.98291016"
"'78","'LINE","'2. Why do different atoms form different types of bonding?","'99.99218750"
"'78","'LINE","'All noble gases except helium (1s²) have ns²np⁶ electron configurations (where n","'96.61801910"
"'78","'LINE","'indicates the highest occupied shell). The noble gases are quite unreactive because","'99.97200012"
"'78","'LINE","'they have very stable electron configurations, as reflected by their high ionization","'99.93614197"
"'78","'LINE","'energies and low electron affinities. Because all the noble gases (except helium) have","'99.93592072"
"'78","'LINE","'outer shells with eight electrons, many atoms undergoing reactions also attain eight","'99.99254608"
"'78","'LINE","'valence electrons (ns²np⁶). This rule has become known as the octet rule, as follows:","'98.51786041"
"'78","'LINE","'Atoms tend to gain or lose electrons until they have achieved an outer shell that","'99.99153900"
"'78","'LINE","'contains an octet of electrons (eight electrons).","'99.96199036"
"'78","'LINE","'Do you know any compound whose central atom does not obey the octet rule?","'99.98099518"
"'78","'LINE","'2.1.2","'99.95117188"
"'78","'LINE","'Types of Chemical Bonding","'99.98027039"
"'78","'LINE","'Activity 2.3","'99.73144531"
"'78","'LINE","'Discuss the following questions in pairs and share your ideas with the whole class.","'99.99720764"
"'78","'LINE","'1. Why do metals tend to form cations and why do non-metals tend to form","'99.95963287"
"'78","'LINE","'anions?","'99.97070313"
"'78","'LINE","'2. Why do two non-metals combine to form compounds while no similar","'99.95314789"
"'78","'LINE","'process exists for two metals to form a compound?","'99.62742615"
"'78","'LINE","'In general, there is a gradual change from metallic to non-metallic character as you","'99.94061279"
"'78","'LINE","'move from left to right across a period and from bottom to top within most groups","'99.96424866"
"'78","'LINE","'in the periodic table. Accordingly, atoms can combine to form three types of bond:","'99.98088074"
"'78","'LINE","'metal with non-metal (ionic bond), non-metal with non-metal (covalent bond), and","'99.94918060"
"'78","'LINE","'metal with metal (metallic bond).","'99.96468353"
"'78","'LINE","'68","'99.95117188"
"'78","'LINE","'UNIT 2","'99.57031250"
"'79","'LINE","'Ionic Bonds","'99.99023438"
"'79","'LINE","'2.2","'99.97070313"
"'79","'LINE","'Ionic Bonds","'99.95077515"
"'79","'LINE","'At the end of this section, you will be able to:","'99.95976257"
"'79","'LINE","'define ionic bonding","'99.99674225"
"'79","'LINE","'use Lewis electron dot symbols for main group elements","'99.98788452"
"'79","'LINE","'describe ionic bonding using Lewis electron dot symbols","'99.99501801"
"'79","'LINE","'list the favourable conditions for the formation of ionic bonds","'99.95720673"
"'79","'LINE","'explain the formation of ionic bonding","'99.97030640"
"'79","'LINE","'give examples of ionic compounds","'99.96615601"
"'79","'LINE","'define lattice energy","'99.98345947"
"'79","'LINE","'calculate lattice energy of ionic crystals from given data using the Born-","'99.97261047"
"'79","'LINE","'Haber cycle","'99.99023438"
"'79","'LINE","'discuss the exceptions to the octet rule","'99.99011993"
"'79","'LINE","'describe the properties of ionic bonding","'99.96027374"
"'79","'LINE","'carry out an activity to demonstrate the effect of electricity on ionic","'99.96779633"
"'79","'LINE","'compounds (Pbl₂ and NaCl)","'89.64235687"
"'79","'LINE","'carry out an investigation into the melting point and solubility of some","'99.98107910"
"'79","'LINE","'ionic compounds (NaCl and CuCl₂).","'97.06385803"
"'79","'LINE","'Activity 2.4","'99.85839844"
"'79","'LINE","'Form a group of four and discuss the following questions, then present","'99.88902283"
"'79","'LINE","'your responses to the whole class.","'99.99674225"
"'79","'LINE","'1. Why do elements form ions in certain chemical reactions?","'99.97647858"
"'79","'LINE","'2. Which of the following pairs of elements are likely to form an ionic","'99.98954010"
"'79","'LINE","'compound?","'100.00000000"
"'79","'LINE","'a. sodium and chlorine b. nitrogen and fluorine c. lithium and oxygen","'97.38741302"
"'79","'LINE","'An ionic bond is formed by the electrostatic attraction between positive and negative","'99.97941589"
"'79","'LINE","'ions. The bond forms between two atoms when one or more electrons are transferred","'99.98529816"
"'79","'LINE","'from the valence shell of one atom to the valence shell of the other. The atom that loses","'99.98788452"
"'79","'LINE","'electrons becomes a cation (positive ion), and the atom that gains electrons becomes","'99.87766266"
"'79","'LINE","'an anion (negative ion). Any given ion tends to attract as many neighboring ions of","'99.94538116"
"'79","'LINE","'opposite charge as possible.","'99.94061279"
"'79","'LINE","'UNIT 2","'99.67773438"
"'79","'LINE","'69","'99.85351563"
"'80","'LINE","'CHEMISTRY GRADE 11","'99.83045959"
"'80","'LINE","'When large numbers of ions gather together, they form an ionic solid. The solid","'99.98442841"
"'80","'LINE","'normally has a regular, crystalline structure that allows for the maximum attraction of","'99.93504333"
"'80","'LINE","'ions, given their particular sizes.","'99.95819092"
"'80","'LINE","'Example 2.1","'99.64804077"
"'80","'LINE","'The formation of NaCl from sodium and chlorine can be explained as:","'99.96304321"
"'80","'LINE","'Na","'99.95037079"
"'80","'LINE","'Na+ + e⁻","'79.53297424"
"'80","'LINE","'[Ne]3s¹","'93.47955322"
"'80","'LINE","'[Ne]","'99.92187500"
"'80","'LINE","'Cl + e⁻","'89.14221954"
"'80","'LINE","'Cl⁻","'77.15222168"
"'80","'LINE","'[Ne]3s²3p⁵","'81.33928680"
"'80","'LINE","'[Ne]3s²3p⁶ or [Ar]","'89.91988373"
"'80","'LINE","'Na+ + Cl⁻","'85.08841705"
"'80","'LINE","'NaCl or Na+Cl⁻","'86.62840271"
"'80","'LINE","'The bond formed, as a result of the electrostatic attraction between the positive and","'99.94962311"
"'80","'LINE","'negative ions is called the electrovalent bond or ionic bond.","'99.96339417"
"'80","'LINE","'Note: Ionic compounds are usually formed when metal cations bond with non-metal","'99.97463989"
"'80","'LINE","'anions. What about an ionic compound containing an ammonium ion?","'99.97144318"
"'80","'LINE","'Exercise 2.1","'99.93164063"
"'80","'LINE","'1. Explain the formation of bonds in the following pairs of elements:","'99.97132111"
"'80","'LINE","'a. potassium and chlorine","'99.91335297"
"'80","'LINE","'c. sodium and oxygen","'96.18707275"
"'80","'LINE","'b. magnesium and oxygen","'99.88729858"
"'80","'LINE","'2. Which of the following elements will form an ionic bond with","'99.99105072"
"'80","'LINE","'chlorine, why?","'99.96014404"
"'80","'LINE","'a.","'99.75347137"
"'80","'LINE","'calcium","'100.00000000"
"'80","'LINE","'b. carbon","'99.88241577"
"'80","'LINE","'c. oxygen","'92.35461426"
"'80","'LINE","'d. silicon","'99.81325531"
"'80","'LINE","'3. Identify the species found in the following ionic compounds: CaCl₂,","'99.12832642"
"'80","'LINE","'MgO, and A1₂O₃. From this what can you conclude about the formation","'95.99589539"
"'80","'LINE","'of these compounds?","'99.98671722"
"'80","'LINE","'4. Why do elements located on the opposite sides of the periodic table","'99.98710632"
"'80","'LINE","'tend to form ionic bonds?","'99.98632813"
"'80","'LINE","'70","'99.92187500"
"'80","'LINE","'UNIT 2","'99.58496094"
"'81","'LINE","'Ionic Bonds","'99.97070313"
"'81","'LINE","'2.2.1","'99.88281250"
"'81","'LINE","'Lewis Electron-Dot Symbols","'99.83969879"
"'81","'LINE","'The American Chemist Gilbert N. Lewis (1875-1946) developed a special set of","'99.75037384"
"'81","'LINE","'symbols for his theory. A Lewis symbol consists of a chemical symbol to represent the","'99.50209808"
"'81","'LINE","'nucleus and core (inner-shell) electrons of an atom, together with dots placed around","'99.97727966"
"'81","'LINE","'the symbol to represent the valence (outer-shell) electrons. For example, the Lewis","'99.96698761"
"'81","'LINE","'symbol for chlorine, which has the electron configuration, [Ne]3s²3p⁵, is","'97.31961823"
"'81","'LINE","'Cl","'85.66525269"
"'81","'LINE","'A Lewis structure is a combination of Lewis symbols that represents either the transfer","'99.42869568"
"'81","'LINE","'or the sharing of electrons in a chemical bond.","'99.95272064"
"'81","'LINE","'For example, the formation of sodium chloride from sodium and chlorine atoms can","'99.97478485"
"'81","'LINE","'be represented as:","'99.94791412"
"'81","'LINE","'X","'83.72727966"
"'81","'LINE","'+","'90.93669891"
"'81","'LINE","'Na","'99.59960938"
"'81","'LINE","'+","'92.33318329"
"'81","'LINE","'Cl","'86.49932098"
"'81","'LINE","'[Na]","'96.13201904"
"'81","'LINE","'[x","'68.21398926"
"'81","'LINE","'Lewis symbols","'99.98046875"
"'81","'LINE","'Lewis structure","'99.97070313"
"'81","'LINE","'Activity 2.5","'99.76562500"
"'81","'LINE","'Discuss the following questions in pairs and present your responses to the","'99.99098206"
"'81","'LINE","'whole class.","'99.98535156"
"'81","'LINE","'1. Sodium atom is highly reactive, but sodium ion is not. Explain.","'99.94345093"
"'81","'LINE","'2. Write the Lewis symbols of K+, S²⁻, Al³⁺, and F⁻ ions.","'91.15828705"
"'81","'LINE","'Exercise 2.2","'99.94140625"
"'81","'LINE","'1. Use Lewis electron-dot symbols to depict the formation of lithium","'99.96523285"
"'81","'LINE","'and fluoride ions from the atoms and determine the formula of the","'99.98426819"
"'81","'LINE","'compound.","'99.88042450"
"'81","'LINE","'2. Apply the Lewis formula to illustrate the formation of calcium chloride","'99.99098206"
"'81","'LINE","'from calcium and chlorine atoms.","'100.00000000"
"'81","'LINE","'3. Write Lewis structures for the following compounds:","'99.96532440"
"'81","'LINE","'a. BaO","'97.39157867"
"'81","'LINE","'b. potassium oxide","'99.86116028"
"'81","'LINE","'c. aluminum oxide","'95.80357361"
"'81","'LINE","'4. Use Lewis symbols to show electron transfer between the following","'99.99200439"
"'81","'LINE","'atoms to form cations and anions:","'99.99009705"
"'81","'LINE","'a. K and S","'73.41358948"
"'81","'LINE","'b. Ca and O","'96.23320770"
"'81","'LINE","'c. Al and N","'96.30899048"
"'81","'LINE","'UNIT 2","'99.60449219"
"'81","'LINE","'71","'99.69647217"
"'82","'LINE","'CHEMISTRY GRADE 11","'99.78163147"
"'82","'LINE","'2.2.2","'99.93164063"
"'82","'LINE","'Formation of Ionic Bonds","'99.98046875"
"'82","'LINE","'You may be surprised to learn that the electron-transfer process actually absorbs","'99.96792603"
"'82","'LINE","'energy! So why does it occur? As you will see, the reason ionic substances exist at all","'99.96237946"
"'82","'LINE","'is because of the enormous release of energy when the ions come together and form","'99.98887634"
"'82","'LINE","'a solid.","'99.88241577"
"'82","'LINE","'Consider just the electron-transfer process for the formation of lithium fluoride, which","'99.93152618"
"'82","'LINE","'involves two steps:","'99.96392822"
"'82","'LINE","'1. A gaseous Li atom loses an electron (IE₁):","'97.82020569"
"'82","'LINE","'Li(g)","'97.88983154"
"'82","'LINE","'Li+(g) + e⁻","'83.62650299"
"'82","'LINE","'IE₁ = +520 kJ","'89.05263519"
"'82","'LINE","'2. A gaseous F atom gains an electron lost by Li atom (EA):","'99.56180573"
"'82","'LINE","'F(g) + e-","'93.71140289"
"'82","'LINE","'F⁻(g)","'81.02499390"
"'82","'LINE","'EA = -328 kJ","'95.98931885"
"'82","'LINE","'Note that the two-step electron-transfer process by itself requires energy:","'99.91545868"
"'82","'LINE","'Li(g) + F(g)","'90.96247864"
"'82","'LINE","'Li+(g) + F⁻(g)","'78.91255951"
"'82","'LINE","'IE₁ + EA = +192 kJ","'92.58386993"
"'82","'LINE","'The total energy needed for ion formation is even greater than this because metallic","'99.95663452"
"'82","'LINE","'lithium and diatomic fluorine must first be converted to separate gaseous atoms, which","'99.98034668"
"'82","'LINE","'also requires energy. Despite this, the standard heat of formation (AHƒ) of solid LiF is","'94.84923553"
"'82","'LINE","'-617 kJ/mol; that is, 617 kJ is released when 1 mol of LiF(s) forms from its elements.","'98.96907806"
"'82","'LINE","'That is, there must be some exothermic energy component large enough to overcome","'99.96582794"
"'82","'LINE","'the endothermic steps. These are:","'99.97624207"
"'82","'LINE","'When 1 mol of Li+(g) and 1 mol of F⁻(g) form 1 mol of LiF (g):","'96.62763214"
"'82","'LINE","'Li+(g) + F-(g)","'72.72863007"
"'82","'LINE","'LiF(g)","'96.56090546"
"'82","'LINE","'№ = -755 kJ","'80.97352600"
"'82","'LINE","'When the gaseous ions coalesce into a crystalline solid. That occurs because","'99.96209717"
"'82","'LINE","'each ion attracts others of opposite charge:","'99.96350098"
"'82","'LINE","'Li⁺(g) + F⁻(g)","'71.83577728"
"'82","'LINE","'LiF(s)","'94.49059296"
"'82","'LINE","'№ = 1050 kJ","'81.74341583"
"'82","'LINE","'The negative of this value, 1050 kJ, is the lattice energy of LiF. The lattice energy (U)","'99.59025574"
"'82","'LINE","'is the enthalpy change that occurs when 1 mol of ionic solid separates into gaseous","'99.92942047"
"'82","'LINE","'ions. It indicates the strength of ionic interactions, which influence melting point,","'99.96284485"
"'82","'LINE","'hardness, solubility, and other properties.","'99.95216370"
"'82","'LINE","'72","'99.84375000"
"'82","'LINE","'UNIT 2","'99.66308594"
"'83","'LINE","'Ionic Bonds","'99.97070313"
"'83","'LINE","'Lattice Energies from the Born-Haber Cycle","'99.60173035"
"'83","'LINE","'So we need to know the lattice energy of solid lithium fluoride. Finding the lattice","'99.97087860"
"'83","'LINE","'energy of an ionic solid by eperiment is difficult. However, this quantity can be found","'99.94310760"
"'83","'LINE","'indirectly using the Born-Haber cycle. The reasoning is based on Hess's law, which","'99.89104462"
"'83","'LINE","'states that an overall reaction's enthalpy change is the sum of the enthalpy changes for","'99.79830933"
"'83","'LINE","'the individual reactions that make it up:","'99.97477722"
"'83","'LINE","'Consider the Born-Haber cycle for the formation of NaCl. We think that solid sodium","'99.91189575"
"'83","'LINE","'chloride can be formed from the elements by two different routes, as shown in Figure 2.1.","'99.88287354"
"'83","'LINE","'In one route, NaCl(s) is formed directly from Na(s) and 1/2Cl₂(g); 1 -411 kJ mol⁻¹","'88.93665314"
"'83","'LINE","'Direct","'99.97070313"
"'83","'LINE","'Na(s)","'99.29528046"
"'83","'LINE","'+ 1/2Cl2(g)","'65.31519318"
"'83","'LINE","'route","'99.85271454"
"'83","'LINE","'NaCl(s)","'90.26845551"
"'83","'LINE","'Step 1","'99.24405670"
"'83","'LINE","'Step 2","'99.40429688"
"'83","'LINE","'Na(g)","'99.37260437"
"'83","'LINE","'Cl(g)","'92.40055084"
"'83","'LINE","'Step 3","'99.68261719"
"'83","'LINE","'Step 4","'99.80468750"
"'83","'LINE","'Na + (g)","'90.11994934"
"'83","'LINE","'+","'96.82617188"
"'83","'LINE","'Cl (g)","'44.89955139"
"'83","'LINE","'Step 5","'99.64355469"
"'83","'LINE","'Figure 2.1: Born-Haber cycle for NaCl","'99.47358704"
"'83","'LINE","'The second route consists of the following five steps, along with the enthalpy change","'99.98738861"
"'83","'LINE","'for each.","'99.97030640"
"'83","'LINE","'Step1: Metallic sodium is vaporized to a gas of sodium atom:","'99.71356964"
"'83","'LINE","'Na (s)","'98.25604248"
"'83","'LINE","'Na (g)","'98.05056763"
"'83","'LINE","'№ step1 = + 108 kJ mol⁻¹","'83.50423431"
"'83","'LINE","'Step 2: Chlorine molecules are dissociated to atoms:","'99.90682983"
"'83","'LINE","'1/2C1₂ (g)","'68.03770447"
"'83","'LINE","'Cl (g)","'93.70665741"
"'83","'LINE","'№ step2 = ½ bond energy of C1₂","'82.44965363"
"'83","'LINE","'= ½ (240 KJ) = + 120 kJ mol⁻¹","'93.88783264"
"'83","'LINE","'Step 3: Sodium atoms are ionized to Na⁺ ions:","'96.29915619"
"'83","'LINE","'Na (g)","'97.67498016"
"'83","'LINE","'Na⁺ (g) + e⁻","'79.41825104"
"'83","'LINE","'AH° step3 = IE₁ = + 496 kJ mol⁻¹","'83.68046570"
"'83","'LINE","'Step 4: Formation of chloride ion:","'99.77200317"
"'83","'LINE","'Cl (g) + e⁻","'80.28923035"
"'83","'LINE","'Cl⁻ (g)","'85.93511200"
"'83","'LINE","'№ step4 = EA = -349 kJ mol⁻¹","'84.14006042"
"'83","'LINE","'UNIT 2","'99.47753906"
"'83","'LINE","'73","'99.80468750"
"'84","'LINE","'CHEMISTRY GRADE 11","'99.59934235"
"'84","'LINE","'Step 5: Formation of NaCl(s) from ions. The ions Na⁺ and Cl⁻ combine to give solid","'96.34498596"
"'84","'LINE","'sodium chloride whose enthalpy changes (the lattice energy) is unknown:","'99.94581604"
"'84","'LINE","'Na⁺(g) + Cl⁻(g)","'73.24759674"
"'84","'LINE","'NaCl(s) ДН° step5 = U (lattice energy) =?","'87.15306091"
"'84","'LINE","'We know the enthalpy formation of NaCl (Direct route) and equals -411 kJ","'99.16342163"
"'84","'LINE","'mol⁻¹. Therefore, we can calculate the lattice energy using Hess's low: Solving for","'99.04390717"
"'84","'LINE","'U NaCl gives:","'95.68824005"
"'84","'LINE","'U NaCl = ДН°- step1 № step2 № step3 № )","'66.38419342"
"'84","'LINE","'= 411 kJ mol⁻¹ - [108 kJ mol⁻¹ + 120 kJ mol⁻¹ + 496 kJ mol⁻¹ + (-349 kJ mol⁻¹)]","'91.89497375"
"'84","'LINE","'= -786 kJ mol⁻¹","'97.00061035"
"'84","'LINE","'Note: Ionic solids exist only because the lattice energy exceeds the energy required","'99.98410034"
"'84","'LINE","'for the electron transfer.","'99.91539764"
"'84","'LINE","'Exercise 2.3","'99.82421875"
"'84","'LINE","'1. Draw a Lewis electron-dot symbol for each atom:","'99.77437592"
"'84","'LINE","'a. Rb","'99.64076233"
"'84","'LINE","'b. As","'99.76562500"
"'84","'LINE","'c. I","'92.57702637"
"'84","'LINE","'2. Give the group number and general electron configuration of an element","'99.97200012"
"'84","'LINE","'with each electron-dot symbol:","'99.90702820"
"'84","'LINE","'a.","'99.81285858"
"'84","'LINE","'X","'93.50585938"
"'84","'LINE","'b.","'99.91210938"
"'84","'LINE","'X","'87.97991180"
"'84","'LINE","'3. How does the lattice energy of an ionic compound depend on the charges","'99.98181152"
"'84","'LINE","'and sizes of the ions?","'99.97428894"
"'84","'LINE","'4. Use condensed electron configurations and Lewis electron dot symbols","'99.97144318"
"'84","'LINE","'to depict the monatomic ions formed from each of the following atoms,","'99.98271179"
"'84","'LINE","'and predict the formula of the compound the ions produce.","'99.97819519"
"'84","'LINE","'a. Ba and Cl","'97.71105957"
"'84","'LINE","'b. Sr and O","'95.43716431"
"'84","'LINE","'c. Al and F","'97.63183594"
"'84","'LINE","'d. Rb and O","'96.82228851"
"'84","'LINE","'5. Identify the main group to which X belongs to in each ionic compound","'99.86158752"
"'84","'LINE","'formula:","'99.84135437"
"'84","'LINE","'a. X₂O₃","'82.56680298"
"'84","'LINE","'b. XCO₃","'82.49641418"
"'84","'LINE","'c. Na₂X","'79.08781433"
"'84","'LINE","'6. For each pair, choose the compound with the lower lattice energy, and","'99.98560333"
"'84","'LINE","'explain your choice:","'99.98697662"
"'84","'LINE","'a. CaS or BaS b. NaF or MgO c. LiCl or CsCl d. BaS or CsCl","'98.71603394"
"'84","'LINE","'74","'99.96093750"
"'84","'LINE","'UNIT 2","'99.54589844"
"'85","'LINE","'Ionic Bonds","'99.95605469"
"'85","'LINE","'Factors Affecting the Formation of Ionic Bonds","'99.99302673"
"'85","'LINE","'Activity 2.6","'99.65332031"
"'85","'LINE","'Discuss each of the following questions and forward your responses to the","'99.99186707"
"'85","'LINE","'whole class.","'99.98046875"
"'85","'LINE","'1. In general, how does the lattice energy of an ionic compound depend","'99.97896576"
"'85","'LINE","'on the charges and sizes of the ions?","'99.98403168"
"'85","'LINE","'2. Why is an ionic compound unlikely to consist of ions of noble gases?","'99.97976685"
"'85","'LINE","'3. What characteristic charges do atoms in Groups 13 (IIIA) up to 17","'99.75457001"
"'85","'LINE","'(VIIA) of the periodic table have when they form ions?","'99.96925354"
"'85","'LINE","'The formation of ionic bonding is influenced by various factors. Some of the major","'99.98581696"
"'85","'LINE","'factors are presented below.","'99.98779297"
"'85","'LINE","'Ionization energy (IE): The lesser the ionization energy, the greater is the ease of the","'99.94364929"
"'85","'LINE","'formation of a cation. Thus, low ionization energy of metallic elements such as alkali","'99.93415833"
"'85","'LINE","'and alkaline earth metals favours the formation of an ionic bond.","'99.99555969"
"'85","'LINE","'Electron affinity (EA): A higher electron affinity favours the formation of an anion.","'99.59244537"
"'85","'LINE","'Generally, the elements having higher electron affinity such as halogens favour the","'99.97688293"
"'85","'LINE","'formation of an ionic bond. Thus, low ionization energy of a metal atom and high","'99.90069580"
"'85","'LINE","'electron affinity of a non-metal atom facilitate the formation of an ionic bond between","'99.87459564"
"'85","'LINE","'them.","'100.00000000"
"'85","'LINE","'Lattice energy: When a cation and an anion come closer, they get attracted to each","'99.95319366"
"'85","'LINE","'other due to the electrostatic (coulombic) force of attraction. The electrostatic force of","'99.93792725"
"'85","'LINE","'attraction between oppositely-charged ions release a certain amount of energy and an","'99.81390381"
"'85","'LINE","'ionic bond is formed. If the coulombic attraction forces are stronger, then more energy","'99.96118164"
"'85","'LINE","'gets released and a more stable or a stronger ionic bond is formed. Larger lattice","'99.94402313"
"'85","'LINE","'energy would favour the formation of an ionic bond. Lattice energy thus is a measure","'99.95785522"
"'85","'LINE","'of coulombic attractive force between the combining ions. The lattice energy (U) of","'99.82684326"
"'85","'LINE","'an ionic compound depends directly on the product of the ionic charges (q₁ X q₂), and","'94.73247528"
"'85","'LINE","'inversely on the distance (r) between them:","'99.91595459"
"'85","'LINE","'U ∞ q₁ X q₂","'80.27421570"
"'85","'LINE","'r","'90.39800262"
"'85","'LINE","'UNIT 2","'99.48730469"
"'85","'LINE","'75","'99.63867188"
"'86","'LINE","'CHEMISTRY GRADE 11","'99.81418610"
"'86","'LINE","'where q₁ and q₂ are the charges on +ve and -ve ions respectively, and r is the distance","'99.39939117"
"'86","'LINE","'between the charges q₁ and q₂. Thus, small ions having a higher ionic charge will have","'97.77001190"
"'86","'LINE","'a larger lattice energy. If the total energy released is more than that which is absorbed,","'99.92382813"
"'86","'LINE","'then the formation of an ionic compound is favoured.","'99.96366119"
"'86","'LINE","'Activity 2.7","'99.84375000"
"'86","'LINE","'Answer the following questions in groups, then present your answers to the","'99.99186707"
"'86","'LINE","'whole class.","'100.00000000"
"'86","'LINE","'1. Given that the ions in LiF and in MgO are of similar size, which","'99.87422943"
"'86","'LINE","'compound has the stronger ionic bonding?","'99.99837494"
"'86","'LINE","'2. The radii of the sodium and potassium ions are 102 pm and 138 pm,","'99.97971344"
"'86","'LINE","'respectively. Which compound has stronger ionic attractions, sodium","'99.97386932"
"'86","'LINE","'chloride or potassium chloride?","'99.96806335"
"'86","'LINE","'2.2.3","'99.97070313"
"'86","'LINE","'Exceptions to the Octet Rule in Ionic Compounds","'99.98271179"
"'86","'LINE","'Activity 2.8","'99.76074219"
"'86","'LINE","'Discuss the following issues in a group of four and share your responses","'99.93284607"
"'86","'LINE","'with the whole class.","'100.00000000"
"'86","'LINE","'1. Comment on the possible formation of the K²⁺ ion. Why is its","'98.74230957"
"'86","'LINE","'formation unlikely?","'99.98535156"
"'86","'LINE","'2. How many electrons does a Se atom have to gain to have a complete","'99.67233276"
"'86","'LINE","'octet in its valence shell?","'99.98632813"
"'86","'LINE","'3. Identify the cations that obey the octet rule in the following compounds:","'99.97102356"
"'86","'LINE","'a. LiF","'98.60401154"
"'86","'LINE","'b. NaCl","'99.87633514"
"'86","'LINE","'c. CuO","'86.60624695"
"'86","'LINE","'d. FeCl₃","'94.11491394"
"'86","'LINE","'Why does the octet rule work well only for the representative metals (Groups IA, IIA)","'99.58067322"
"'86","'LINE","'and the non-metals, but not for the transition elements?","'99.93492126"
"'86","'LINE","'There are certain exceptions to the octet rule. We will discuss it here with ionic","'99.97434998"
"'86","'LINE","'compounds.","'99.88042450"
"'86","'LINE","'76","'99.92187500"
"'86","'LINE","'UNIT 2","'99.60937500"
"'87","'LINE","'Ionic Bonds","'99.96582031"
"'87","'LINE","'Less than Octet (Central Atom is Deficient of Electrons)","'99.90879059"
"'87","'LINE","'Ions of some elements which are near to helium in the periodic table do not obey the","'99.97262573"
"'87","'LINE","'octet rule. The tendency of these atoms (H, Li, Be and B) is to attain an arrangement of","'99.85407257"
"'87","'LINE","'two electrons like the noble gas He, which is also a stable configuration. The hydride","'99.80769348"
"'87","'LINE","'ion (H⁻), lithium ion (Li⁺), beryllium ion (Be²⁺) and boron ion (B³⁺) are isoelectronic","'94.66915131"
"'87","'LINE","'with He.","'98.50685883"
"'87","'LINE","'Can you give some compounds that contain less than eight electrons around the central","'99.95216370"
"'87","'LINE","'atom?","'99.97070313"
"'87","'LINE","'Although atoms with less than an octet may be stable, they will usually attempt to","'99.99543762"
"'87","'LINE","'form a fourth bond to get eight electrons. For example BF₃ is stable, but it will form","'99.77757263"
"'87","'LINE","'BF₄ when possible.","'93.28486633"
"'87","'LINE","'More than Octet (18-Electron Rule)","'99.61383820"
"'87","'LINE","'The ions of some transition and post-transition elements do not usually obey the octet","'99.97460175"
"'87","'LINE","'rule. For transition metals, the 18-electron rule replaces the octet rule, due to the","'99.97390747"
"'87","'LINE","'involvement of d orbitals of these atoms.","'99.92292786"
"'87","'LINE","'Why don't the atoms of these elements lose electrons to achieve the noble-gas","'99.92834473"
"'87","'LINE","'configurations of ns²np⁶?","'94.18846130"
"'87","'LINE","'Note that when these atoms form positive ions, electrons are always lost first from","'99.99151611"
"'87","'LINE","'the shells with the highest value of the principal quantum number (n). Consider the","'99.97588348"
"'87","'LINE","'electron configurations of the ions of the transition elements iron and zinc and the","'99.97583008"
"'87","'LINE","'post-transition elements gallium and tin.","'99.93506622"
"'87","'LINE","'Electron Configurations of Iron:","'99.88346100"
"'87","'LINE","'26 Fe:","'90.90820313"
"'87","'LINE","'26 Fe²⁺:","'85.89131165"
"'87","'LINE","'26 Fe³⁺:","'82.34191132"
"'87","'LINE","'A stable ion of iron with valence shell electron configuration is 3s² 3p⁶ 3d⁵ which is","'96.85894012"
"'87","'LINE","'not isoelectronic with a noble gas. Fe²⁺ is a well-known stable ion with a valence shell","'98.77189636"
"'87","'LINE","'electron configuration 3s² 3p⁶ 3d⁶ which is not isoelectronic with any of the noble","'97.03861237"
"'87","'LINE","'gases.","'99.73632813"
"'87","'LINE","'UNIT 2","'99.43359375"
"'87","'LINE","'77","'99.52148438"
"'88","'LINE","'CHEMISTRY GRADE 11","'99.83697510"
"'88","'LINE","'Electron configurations of zinc:","'99.84867859"
"'88","'LINE","'₃₀Zn: 1s² 2s² 2p⁶ 3s² 3p⁶ 4s² 3d¹⁰ = [Ar] 4s²3d¹⁰","'74.89936829"
"'88","'LINE","'₃₀Zn²⁺: 1s² 2s² 2p⁶ 3s² 3p⁶ 3d¹⁰ = [Ar]3d¹⁰","'78.94554901"
"'88","'LINE","'Zn²⁺ is also not isoelectronic with any of the noble gases.","'97.75540924"
"'88","'LINE","'Electron configurations of gallium:","'99.86821747"
"'88","'LINE","'The post-transition element gallium (Ga) loses electrons first from the 4p orbital and","'99.93504333"
"'88","'LINE","'then from the 4s orbital to from a Ga³⁺ ion as","'99.16126251"
"'88","'LINE","'31 Ga: 1s² 2s² 2p⁶ 3s² 3p⁶ 4s²3d¹⁰⁴p¹ = [Ar]4s²3d¹⁰⁴p¹","'75.73368835"
"'88","'LINE","'³₁Ga³⁺: 1s² 2s² 2p⁶ 3s² 3p⁶3d¹⁰ = [Ar]3d¹⁰","'72.73057556"
"'88","'LINE","'On closely examining the electron configurations of Zn²⁺ and Ga³⁺, we will realize","'98.11280060"
"'88","'LINE","'that ions have completely-filled outer subshells and a noble gas core. Their valance","'99.81958771"
"'88","'LINE","'electron configuration can be generally represented as ns²np⁶nd¹⁰.","'97.47334290"
"'88","'LINE","'Exercise 2.4","'99.91210938"
"'88","'LINE","'1. From which orbital (s) do the heavier post-transition elements such as","'99.96487427"
"'88","'LINE","'Pb and Sn lose electrons?","'99.97640228"
"'88","'LINE","'2. Can you write the electron configurations of Sn, Sn²⁺, and Sn⁴⁺? Check","'97.89312744"
"'88","'LINE","'if any of these tin ions are isoelectronic with any of the noble gases.","'99.97385406"
"'88","'LINE","'3. Which group of ions of elements, in general, show more than the octet","'99.98448181"
"'88","'LINE","'(18-electron rule)?","'98.52907562"
"'88","'LINE","'78","'99.88281250"
"'88","'LINE","'UNIT 2","'99.52148438"
"'89","'LINE","'Ionic Bonds","'99.97070313"
"'89","'LINE","'2.2.4","'99.97070313"
"'89","'LINE","'Properties of Ionic Compounds","'99.96278381"
"'89","'LINE","'Experiment 2.1","'99.94140625"
"'89","'LINE","'Investigation of Solubility of Ionic Compounds","'99.98508453"
"'89","'LINE","'Objective: To investigate the solubility of NaCl and CuCl, in polar and non-","'97.47931671"
"'89","'LINE","'polar solvents","'99.96054077"
"'89","'LINE","'Apparatus and Chemicals: Test tube, Bunsen burner, NaCl, CuCl₂, water,","'98.58822632"
"'89","'LINE","'ethanol, cyclohexane, and petroleum ether","'99.92630005"
"'89","'LINE","'Procedure:","'99.96014404"
"'89","'LINE","'1. Place about 0.5 g each of NaCl and CuCl, in to two separate test tubes and","'98.00994110"
"'89","'LINE","'add about 2.5 mL of water and shake both test tubes quickly.","'99.98107910"
"'89","'LINE","'2. If some residue is left in the test tubes, heat the solutions with a Bunsen","'99.92927551"
"'89","'LINE","'burner.","'99.96014404"
"'89","'LINE","'SAFETY: Turn off the Bunsen burners as these chemicals are HIGHLY","'99.98306274"
"'89","'LINE","'FLAMMABLE!","'99.59163666"
"'89","'LINE","'3. Repeat Step 1 using fresh ethanol, cyclohexane, and petroleum ether solvents,","'99.86677551"
"'89","'LINE","'separately. (SAFETY: Do not heat these, as they are highly flammable!)","'99.95414734"
"'89","'LINE","'Observations and analysis:","'99.96040344"
"'89","'LINE","'Prepare an observation table in your notebook for the solubility of NaCl and","'99.97715759"
"'89","'LINE","'CuCl₂ in all the four solvents at room temperature and on heating (SAFETY:","'98.22200775"
"'89","'LINE","'only heat when water is the solvent) and record the observations.","'99.95385742"
"'89","'LINE","'Solvent","'99.93083954"
"'89","'LINE","'NaCl","'98.75538635"
"'89","'LINE","'CuCl2","'83.39066315"
"'89","'LINE","'Water","'99.99023438"
"'89","'LINE","'Ethanol","'99.95037079"
"'89","'LINE","'Petroleum ether","'99.98535156"
"'89","'LINE","'Cyclohexane","'99.87065887"
"'89","'LINE","'Inference/Conclusion","'99.00510406"
"'89","'LINE","'Interpret the observation table and give results.","'99.94875336"
"'89","'LINE","'Make a generalized statement about the solubility of ionic compounds in polar","'99.90149689"
"'89","'LINE","'and non-polar solvents.","'99.94113922"
"'89","'LINE","'UNIT 2","'99.70214844"
"'89","'LINE","'79","'99.88281250"
"'90","'LINE","'CHEMISTRY GRADE 11","'99.87955475"
"'90","'LINE","'Experiment 2.2","'99.92675781"
"'90","'LINE","'Thermal behavior of ionic compounds","'99.99007416"
"'90","'LINE","'Objective: To study the effect of heat on ionic compounds","'99.98527527"
"'90","'LINE","'Apparatus and chemicals: Test tubes, Bunsen burner, test tubes holders,","'99.97511292"
"'90","'LINE","'sodium chloride, and copper (II) chloride.","'99.91539764"
"'90","'LINE","'Procedure:","'99.93083954"
"'90","'LINE","'1. Take two hard glass test tubes and label them as A and B.","'99.31162262"
"'90","'LINE","'2. Add 0.5 g each of dry sodium chloride crystals and copper (II) chloride","'99.94199371"
"'90","'LINE","'in test tubes A and B, respectively.","'98.71228027"
"'90","'LINE","'3. Hold these test tubes with the help of test tube holders.","'99.98847198"
"'90","'LINE","'4. Heat the tubes at the same time in the Bunsen burner flame, first slowly","'99.98752594"
"'90","'LINE","'and then strongly. Shake them a little when heating.","'99.89731598"
"'90","'LINE","'Caution: Chlorine gas is produced, this would be best carried out in a fume","'99.90987396"
"'90","'LINE","'cupboard.","'99.96014404"
"'90","'LINE","'Observations and analysis:","'99.94712067"
"'90","'LINE","'A. Do the crystals melt?","'99.54380035"
"'90","'LINE","'B. Do they have high or low melting points?","'99.87951660"
"'90","'LINE","'Experiment 2.3","'99.92187500"
"'90","'LINE","'Electrical Conductivity of Ionic Compounds","'99.97624207"
"'90","'LINE","'Objective: To test the electrical conductivity of molten compounds","'99.97903442"
"'90","'LINE","'Apparatus and chemicals: 9-volt battery, 6-watt bulb with a bulb holder,","'99.89941406"
"'90","'LINE","'conducting wires include: beaker, tripod, wire gauze, clamp and stand, two","'99.98461914"
"'90","'LINE","'carbon rods, lead (II) iodide or lead (II) bromide, copper (II) , sulphate or sodium","'99.08863068"
"'90","'LINE","'chloride. Caution: Lead compounds are harmful. Copper sulphate is corrosive","'99.94532776"
"'90","'LINE","'and an irritant.","'99.97043610"
"'90","'LINE","'Procedure A:","'97.63920593"
"'90","'LINE","'1. Connect the circuit as shown in Figure 2.2 in which a 9 volt DC is","'99.93775177"
"'90","'LINE","'connected via a bulb.","'99.83139801"
"'90","'LINE","'80","'99.88201141"
"'90","'LINE","'UNIT 2","'99.61425781"
"'91","'LINE","'Ionic Bonds","'99.98046875"
"'91","'LINE","'2. Using about 2 cm depth of lead (II) iodide or lead (II) bromide in a","'99.86358643"
"'91","'LINE","'small beaker, test the conductivity of the crystals. Do not throw the","'99.98922729"
"'91","'LINE","'crystal away and be careful not to contaminate the sample because you","'99.98928833"
"'91","'LINE","'will reuse it later. (Note: A fairer test of the solid compound would be to","'99.74722290"
"'91","'LINE","'use a lump of the compound rather than its powder).","'99.90278625"
"'91","'LINE","'3. Test the conductivity of large crystals of copper (II) sulphate and","'99.98766327"
"'91","'LINE","'sodium chloride if any of them are available in your laboratory.","'99.96842194"
"'91","'LINE","'Procedure B:","'96.52363586"
"'91","'LINE","'1. Now heat the same lead (II) iodide or lead (II) bromide (used in the","'99.95926666"
"'91","'LINE","'above experiment) in a beaker on a tripod and wire gauze or in a boiling","'99.82167053"
"'91","'LINE","'tube supported by a clamp and stand until it melts.","'99.92279053"
"'91","'LINE","'2. Test the conductivity of the molten compound by dipping the carbon","'99.99091339"
"'91","'LINE","'electrodes (carbon rods) into the molten compound as shown in the","'99.96138763"
"'91","'LINE","'Figure 2.2.","'99.82341766"
"'91","'LINE","'3. Repeat for the other compounds.","'99.96542358"
"'91","'LINE","'9V DC supply","'99.80794525"
"'91","'LINE","'Anode","'99.99023438"
"'91","'LINE","'Cathode","'99.99023438"
"'91","'LINE","'Molten lead (II) iodide","'99.87693787"
"'91","'LINE","'Figure 2.2: Conductivity in the molten state","'99.94908905"
"'91","'LINE","'Observations and analysis:","'99.94386292"
"'91","'LINE","'A. What did you observe?","'99.70731354"
"'91","'LINE","'B. Which of the compounds (molten or solid) conduct electricity? Why?","'99.47323608"
"'91","'LINE","'C. All compounds contain at least two elements. Examine the names of","'99.57089233"
"'91","'LINE","'those compounds which conduct electricity when in the molten state","'99.99105072"
"'91","'LINE","'and decide which groups of the components of these compounds","'99.99503326"
"'91","'LINE","'belong. Name the type of bonding that exists in the compounds used.","'99.99009705"
"'91","'LINE","'UNIT 2","'99.65332031"
"'91","'LINE","'81","'99.81365967"
"'92","'LINE","'CHEMISTRY GRADE 11","'99.89556885"
"'92","'LINE","'Experiment 2.4","'99.96093750"
"'92","'LINE","'Electrical Conductivity of Ionic Compounds","'99.97412872"
"'92","'LINE","'Objective: To test the electrical conductivity of the aqueous solutions of some","'99.97118378"
"'92","'LINE","'common ionic compounds","'99.98046875"
"'92","'LINE","'Apparatus and chemicals: 9-volt battery, 6-watt bulb with a bulb holder,","'99.92818451"
"'92","'LINE","'conducting wires, two carbon rods, H₂O, lead (II) iodide, NaCl. Caution: Lead","'97.12824249"
"'92","'LINE","'compounds are harmful.","'99.96040344"
"'92","'LINE","'Procedure:","'99.96014404"
"'92","'LINE","'1. Dissolve the compound in 50 mL of water in two separate beakers.","'99.96138000"
"'92","'LINE","'2. Connect the same circuit you used in Experiment 2.3 and test the","'99.98786163"
"'92","'LINE","'conductivity of each aqueous solution (Figure 2.3).","'99.82911682"
"'92","'LINE","'Observations and analysis:","'99.98345947"
"'92","'LINE","'A. Predict what happens at the electrodes based on the type of the compound","'99.54183960"
"'92","'LINE","'used for the experiment.","'99.95018005"
"'92","'LINE","'B. Do you expect the same product(s) at the electrodes when electricity","'99.69657135"
"'92","'LINE","'passes through molten and aqueous solutions of the compounds?","'99.98562622"
"'92","'LINE","'9V DC supply","'99.92187500"
"'92","'LINE","'Anode","'99.96014404"
"'92","'LINE","'Cathode","'100.00000000"
"'92","'LINE","'Lead (II) iodide","'99.96366119"
"'92","'LINE","'solution in water","'99.96366119"
"'92","'LINE","'Figure 2.3: Electrochemical cell showing the conductivity of an aqueous solution","'99.94711304"
"'92","'LINE","'82","'99.92187500"
"'92","'LINE","'UNIT 2","'99.64843750"
"'93","'LINE","'Covalent Bonds and Molecular Geometry","'99.98616791"
"'93","'LINE","'Group Assignment 2.1","'99.84375000"
"'93","'LINE","'Based on the observations and results of Experiments 2.1 to","'99.93230438"
"'93","'LINE","'Experiment 2.4, give a summary of the properties of ionic","'99.68070221"
"'93","'LINE","'compounds.","'99.92028046"
"'93","'LINE","'2.3","'99.85351563"
"'93","'LINE","'Covalent Bonds and Molecular Geometry","'99.89067078"
"'93","'LINE","'At the end of this section, you will be able to:","'99.94541168"
"'93","'LINE","'define covalent bonding","'99.99674225"
"'93","'LINE","'explain the formation of covalent bonding using examples","'99.98505402"
"'93","'LINE","'draw Lewis structures or electron dot formulas of some covalent","'99.96339417"
"'93","'LINE","'molecules","'100.00000000"
"'93","'LINE","'illustrate the formation of coordinate covalent bonding using examples","'99.96348572"
"'93","'LINE","'draw resonance structures of some covalent molecules and polyatomic","'99.94477081"
"'93","'LINE","'ions","'99.95037079"
"'93","'LINE","'discuss the exceptions to the octet rule in covalent bonding","'99.99015045"
"'93","'LINE","'distinguish between polar and non-polar covalent molecules","'99.98175049"
"'93","'LINE","'describe the properties of covalent molecules","'99.97017670"
"'93","'LINE","'carryout an activity to investigate the effects of heat, electricity and","'99.98831177"
"'93","'LINE","'some solvents on covalent compounds (naphthalene, graphite, iodine and","'99.94033813"
"'93","'LINE","'ethanol)","'99.92028046"
"'93","'LINE","'describe the valence shell electron pair repulsion theory (VSEPR)","'99.98011780"
"'93","'LINE","'distinguish between the bonding pairs and nonbonding pairs of electrons","'99.98307800"
"'93","'LINE","'describe how electron pair arrangements and shapes of molecules can be","'99.97197723"
"'93","'LINE","'predicted from the number of electron pairs","'99.98152161"
"'93","'LINE","'explain why double bonds and lone pairs cause deviations from ideal","'99.97921753"
"'93","'LINE","'bond angles","'99.99023438"
"'93","'LINE","'explain the term dipole moment with the help of a diagram","'99.79640961"
"'93","'LINE","'describe the relationship between dipole moment and molecular geometry","'99.99674225"
"'93","'LINE","'describe how bond polarities and molecular shapes combine to give","'99.96810913"
"'93","'LINE","'molecular polarity","'99.97518921"
"'93","'LINE","'UNIT 2","'99.65820313"
"'93","'LINE","'83","'99.87224579"
"'94","'LINE","'CHEMISTRY GRADE 11","'99.87630463"
"'94","'LINE","'predict the geometrical shapes of some simple molecules on the bases of","'99.97104645"
"'94","'LINE","'hybridization and the nature of electron pairs","'99.96583557"
"'94","'LINE","'construct models to represent shapes of some simple molecules","'99.97243500"
"'94","'LINE","'define intermolecular forces","'99.92379761"
"'94","'LINE","'name the different types of intermolecular forces","'99.92178345"
"'94","'LINE","'explain dipole-dipole interactions","'99.88473511"
"'94","'LINE","'give examples of dipole-dipole interaction","'99.90872192"
"'94","'LINE","'define hydrogen bonding","'99.99674225"
"'94","'LINE","'explain the effect of hydrogen bond on the properties of substances","'99.95481110"
"'94","'LINE","'give reasons why hydrogen bonding is stronger than ordinary","'99.99349213"
"'94","'LINE","'dipole-dipole interactions","'99.89626312"
"'94","'LINE","'explain dispersion (London) forces","'99.96298218"
"'94","'LINE","'give examples of dispersion forces","'99.94240570"
"'94","'LINE","'predict the strength of intermolecular forces for a given pair of","'99.86976624"
"'94","'LINE","'molecules.","'99.92028046"
"'94","'LINE","'Formation of Covalent Bonding","'99.96542358"
"'94","'LINE","'Activity 2.9","'99.37500000"
"'94","'LINE","'Discuss each of the following in your group and present your ideas to the","'99.99581909"
"'94","'LINE","'whole class.","'100.00000000"
"'94","'LINE","'1. Can two non-metal atoms combine together? How?","'99.95727539"
"'94","'LINE","'2. Why doesn't a hydrogen atom lose an electron and form an ionic bond?","'99.92224884"
"'94","'LINE","'3. Give one main difference between ionic and covalent bonds.","'99.98144531"
"'94","'LINE","'4. Explain the formation of polar covalent and coordinate covalent bonds.","'99.99193573"
"'94","'LINE","'Consider the formation of a hydrogen molecule (H₂). When two isolated hydrogen","'98.80271912"
"'94","'LINE","'atoms come close together, electrostatic interactions begin to develop between them.","'99.98194885"
"'94","'LINE","'The two positively charged nuclei repel each other, and the two negatively charged","'99.99080658"
"'94","'LINE","'electrons repel each other, but each nucleus attracts both electrons and each electron","'99.97853851"
"'94","'LINE","'is attracted to both nuclei (Figure 2.4). If the attractive forces are stronger than the","'99.94814301"
"'94","'LINE","'repulsive forces, a covalent bond is formed, with the two atoms held together and the","'99.93914795"
"'94","'LINE","'two shared electrons occupying the region between the nuclei.","'99.97676849"
"'94","'LINE","'84","'99.97070313"
"'94","'LINE","'UNIT 2","'99.67285156"
"'95","'LINE","'Covalent Bonds and Molecular Geometry","'99.99414063"
"'95","'LINE","'Attractive","'100.00000000"
"'95","'LINE","'Electron cloud","'99.99511719"
"'95","'LINE","'Electron cloud","'99.99023438"
"'95","'LINE","'Nucleus","'100.00000000"
"'95","'LINE","'Repulsive","'99.99023438"
"'95","'LINE","'Nucleus","'100.00000000"
"'95","'LINE","'Attractive","'100.00000000"
"'95","'LINE","'Figure 2.4: Attractive and repulsive forces in a covalent H-H bond formation","'99.76984406"
"'95","'LINE","'The magnitudes of the various attractive and repulsive forces between nuclei and","'99.99335480"
"'95","'LINE","'electrons in a covalent bond depend on how close together the atoms are.","'99.95437622"
"'95","'LINE","'What happens if the hydrogen atoms are too far apart? What if the hydrogen atoms are","'99.97426605"
"'95","'LINE","'too close together?","'99.98697662"
"'95","'LINE","'There is an optimum distance between nuclei, called the bond length, where net","'99.98016357"
"'95","'LINE","'attractive forces are maximized and the H-H molecule is most stable. In the H2","'98.16981506"
"'95","'LINE","'molecule, the bond length is 74 pm. On a graph of energy versus internuclear distance,","'99.88871002"
"'95","'LINE","'the bond length is the H-H distance in the minimum energy. This is the most stable","'99.96781158"
"'95","'LINE","'arrangement (Figure 2.5).","'99.62783813"
"'95","'LINE","'If the atoms are too close,","'99.96392822"
"'95","'LINE","'HH","'90.19511414"
"'95","'LINE","'(too close)","'99.87753296"
"'95","'LINE","'strong repulsions occur.","'99.94712067"
"'95","'LINE","'+","'95.78044891"
"'95","'LINE","'If the atoms are too far","'99.97232819"
"'95","'LINE","'apart, attractions are weak","'99.98535156"
"'95","'LINE","'and no bonding occurs.","'99.90339661"
"'95","'LINE","'H","'93.79563904"
"'95","'LINE","'H","'95.84801483"
"'95","'LINE","'(too far)","'99.71151733"
"'95","'LINE","'0","'97.05257416"
"'95","'LINE","'When the atoms are","'99.98535156"
"'95","'LINE","'H-H","'68.47098541"
"'95","'LINE","'optimally separated,","'99.96014404"
"'95","'LINE","'Bond","'100.00000000"
"'95","'LINE","'energy is at a minimum","'99.93115997"
"'95","'LINE","'Energy","'99.97070313"
"'95","'LINE","'length","'100.00000000"
"'95","'LINE","'(74 pm)","'97.17653656"
"'95","'LINE","'Internuclear distance","'99.98007202"
"'95","'LINE","'Figure 2.5: Covalent bond formation in H2","'99.14700317"
"'95","'LINE","'UNIT 2","'99.75097656"
"'95","'LINE","'85","'99.93083954"
"'96","'LINE","'CHEMISTRY GRADE 11","'99.84049225"
"'96","'LINE","'Therefore, a covalent bond is formed when a pair of electrons is shared between two","'99.92612457"
"'96","'LINE","'atoms. Formation of a bond always results in greater electron density between the","'99.92202759"
"'96","'LINE","'nuclei. Some examples of covalent molecules are HCl, H2S, C₂H₄, N₂, CCI₄, BCl₃,","'87.05545807"
"'96","'LINE","'H2O, NH₃, SO₂, PCl₅, O₃, etc. Generally, substances that contain covalent bonds are","'88.00922394"
"'96","'LINE","'called molecules.","'99.81575012"
"'96","'LINE","'Representation of Covalent Bonds (Drawing Lewis Structures)","'99.84519958"
"'96","'LINE","'The representation of covalent bonding through Lewis symbols and shared electron","'99.99186707"
"'96","'LINE","'pairs is called a Lewis structure. The Lewis structure for a hydrogen molecule formed","'99.79691315"
"'96","'LINE","'from hydrogen atoms is:","'99.98046875"
"'96","'LINE","'An electron-pair bond","'99.79465485"
"'96","'LINE","'H·","'65.05839539"
"'96","'LINE","'H","'66.28108978"
"'96","'LINE","'H:H","'89.87564087"
"'96","'LINE","'Two hydrogen","'99.90722656"
"'96","'LINE","'A hydrogen","'98.51612091"
"'96","'LINE","'atoms","'99.99023438"
"'96","'LINE","'molecule","'99.95037079"
"'96","'LINE","'By sharing two electrons in a covalent bond, each hydrogen effectively has one","'99.93666840"
"'96","'LINE","'electron pair and the stable, 1s² electron configuration of helium.","'98.26966858"
"'96","'LINE","'This hydrogen shares","'99.84407806"
"'96","'LINE","'and this hydrogen","'99.88800049"
"'96","'LINE","'an electron pair","'91.18010712"
"'96","'LINE","'shares an electron pair.","'99.06897736"
"'96","'LINE","'Similarly, fluorine has seven valence electrons, and an electron-dot structure for the F2","'97.73733521"
"'96","'LINE","'molecule shows how a covalent bond can form:","'99.91955566"
"'96","'LINE","'A bonding pair","'98.64715576"
"'96","'LINE","':","'15.51708031"
"'96","'LINE","'F","'87.00603485"
"'96","'LINE","'F:","'95.30194092"
"'96","'LINE","':F:F:","'99.56153870"
"'96","'LINE","'A lone pair","'97.09416199"
"'96","'LINE","'Two F atoms","'99.72277832"
"'96","'LINE","'An F2 molecule","'91.67337036"
"'96","'LINE","'(seven valence electrons","'99.94386292"
"'96","'LINE","'(each F is surrounded","'99.68954468"
"'96","'LINE","'per atom)","'99.93652344"
"'96","'LINE","'by eight valence electrons)","'99.93797302"
"'96","'LINE","'The shared pairs of electrons in a molecule are called bonding pairs. The other electron","'99.91919708"
"'96","'LINE","'pairs that stay with on atom and are not shared are called non-bonding pairs or lone","'99.96374512"
"'96","'LINE","'pairs.","'99.91051483"
"'96","'LINE","'Do the fluorine atoms in a fluorine molecule (F₂) obey the octet rule?","'97.96951294"
"'96","'LINE","'Note that in molecules such as 0₂, N₂, and many others, the atoms share more than one","'96.08103180"
"'96","'LINE","'pair of electrons, leading to the formation of multiple covalent bonds.","'99.95023346"
"'96","'LINE","'86","'99.96093750"
"'96","'LINE","'UNIT 2","'99.55078125"
"'97","'LINE","'Covalent Bonds and Molecular Geometry","'99.98046875"
"'97","'LINE","'For example, consider the formation of oxygen molecule (O₂) from the oxygen atoms.","'97.74694824"
"'97","'LINE","'Can you give the atomic number, number of protons and electrons of an oxygen atom?","'99.94613647"
"'97","'LINE","'The electronic configuration of oxygen atoms is 2,6. Now each oxygen atom needs","'99.86800385"
"'97","'LINE","'two electrons to complete its octet. The two oxygen atoms share two electrons and","'99.99156952"
"'97","'LINE","'complete their octet:","'99.99349213"
"'97","'LINE","':0:","'38.60062790"
"'97","'LINE","'+","'97.64569092"
"'97","'LINE","':","'91.12225342"
"'97","'LINE","':ö::ö:","'37.44656754"
"'97","'LINE","'oxygen atom","'99.88769531"
"'97","'LINE","'oxygen atom","'99.88241577"
"'97","'LINE","'sharing of 4 electrons","'99.92167664"
"'97","'LINE","'2,6","'95.13711548"
"'97","'LINE","'2,6","'98.16645050"
"'97","'LINE","'or 2 pairs of electrons","'99.83398438"
"'97","'LINE","'The 4 electrons (or 2 pairs of electrons) which are shared between the two oxygen","'99.91504669"
"'97","'LINE","'atoms. So these two pairs of shared electrons can be represented by two bonds between","'99.98161316"
"'97","'LINE","'the oxygen atoms. An oxygen molecul can be sown as follow:","'99.96160889"
"'97","'LINE","':ö=ö:","'37.74491882"
"'97","'LINE","'=","'92.33318329"
"'97","'LINE","'The two oxygen atoms are said to be bonded together by two covalent bonds. Such a","'99.94432068"
"'97","'LINE","'bond consisting of two covalent bonds is also known as a double bond.","'99.91839600"
"'97","'LINE","'Steps to Writing a Lewis Formula:","'99.28169250"
"'97","'LINE","'We can write the Lewis formula for a covalent compound of known geometry by","'99.89795685"
"'97","'LINE","'using the following steps.","'100.00000000"
"'97","'LINE","'1. Determine the total number of valence electrons. The total number of electrons","'99.96357727"
"'97","'LINE","'for a molecule is the sum of the valence electrons for each atom. For a polyatomic","'99.78004456"
"'97","'LINE","'anion, which has one or more extra electrons, add one electron for each unit of","'99.97244263"
"'97","'LINE","'negative charge. For a polyatomic cation, which is missing one or more electrons,","'99.91244507"
"'97","'LINE","'subtract one electron for each unit of positive charge.","'99.96908569"
"'97","'LINE","'2. Write the skeletal structure. The most electropositive atom usually occupies the","'99.94861603"
"'97","'LINE","'central position. Connect bonded atoms with an electron-pair bond (a dash).","'99.95702362"
"'97","'LINE","'Hydrogen is an exception; it is always a terminal atom, even when bonded to a","'99.79895020"
"'97","'LINE","'more electronegative atom.","'99.95063782"
"'97","'LINE","'3. Place electron pairs around terminal atoms so that each (except hydrogen) has an","'99.57193756"
"'97","'LINE","'octet. Assign any remaining electrons as lone pairs around the central atom.","'99.98358917"
"'97","'LINE","'4. If at this stage, a central atom has fewer than eight electrons, a multiple bond(s) is","'99.85005951"
"'97","'LINE","'likely. Move one or more lone-pair of electrons from a terminal atom(s) to a region","'99.78623199"
"'97","'LINE","'between it and the central atom to form a double or a triple bond.","'99.81922150"
"'97","'LINE","'UNIT 2","'99.46289063"
"'97","'LINE","'87","'99.89257813"
"'98","'LINE","'CHEMISTRY GRADE 11","'99.92160797"
"'98","'LINE","'Example 2.2","'99.86816406"
"'98","'LINE","'Write the Lewis structure for nitrogen trifluoride (NF₃) in which all three F","'98.43570709"
"'98","'LINE","'atoms are bonded to the N atom.","'99.99442291"
"'98","'LINE","'Solution:","'99.92028046"
"'98","'LINE","'We follow the steps for writing Lewis structures.","'99.98515320"
"'98","'LINE","'Step 1: The outer-shell electron configurations of N and F are 2s²2p³ and","'96.52261353"
"'98","'LINE","'2s22p5, respectively. Thus, there are 5 + (3 X 7), or 26, valence","'95.29936218"
"'98","'LINE","'electrons to account for in NF₃.","'96.89838409"
"'98","'LINE","'Step 2: The N atom is less electronegative than F, so in the skeletal structure","'99.72194672"
"'98","'LINE","'of NF₃, N goes in the center with the more electronegative F atoms","'98.69519806"
"'98","'LINE","'bonded to it.","'99.99674225"
"'98","'LINE","'F-N-F","'85.57078552"
"'98","'LINE","'π-z","'11.55104065"
"'98","'LINE","'F","'95.46795654"
"'98","'LINE","'Step 3: We draw a single covalent bond between N and each F, and complete","'99.94201660"
"'98","'LINE","'the octets for the F atoms. We place the remaining two electrons on N:","'99.98954010"
"'98","'LINE","'F-N","'90.75255585"
"'98","'LINE","'F","'93.87615204"
"'98","'LINE","'F","'94.79412079"
"'98","'LINE","'Because this structure satisfies the octet rule for all the atoms, step 4 is not","'99.99609375"
"'98","'LINE","'required.","'99.88042450"
"'98","'LINE","'88","'99.93164063"
"'98","'LINE","'UNIT 2","'99.68261719"
"'99","'LINE","'Covalent Bonds and Molecular Geometry","'99.99218750"
"'99","'LINE","'Example 2.3","'99.60937500"
"'99","'LINE","'Write the Lewis structure for the carbonate ion (CO₃²⁻).","'96.14317322"
"'99","'LINE","'Solution: We follow the steps for writing Lewis structures and note that this","'99.99624634"
"'99","'LINE","'is an anion with two negative charges.","'99.98175049"
"'99","'LINE","'Step 1: The outer shell electron configurations of C and O are 2s²2p² and","'92.29892731"
"'99","'LINE","'2s22p4, respectively, and the ion itself has two negative charges. So,","'95.45494080"
"'99","'LINE","'the total number of electrons is 4 + (3 X 6) + 2, or 24.","'98.87324524"
"'99","'LINE","'Step 2: We can deduce the skeletal structure of the carbonate ion by recognizing","'99.86799622"
"'99","'LINE","'that C is less electronegative than O. Therefore, it is most likely to","'96.05263519"
"'99","'LINE","'occupy a central position as follows:","'99.75147247"
"'99","'LINE","'C","'64.02323914"
"'99","'LINE","'Step 3: We draw a single covalent bond between C and each O and comply","'96.26526642"
"'99","'LINE","'with the octet rule for the O atoms:","'96.71451569"
"'99","'LINE","'C","'58.39505005"
"'99","'LINE","'This structure shows all 24 electrons.","'99.98521423"
"'99","'LINE","'Step 4: Although the octet rule is satisfied for the O atoms, it is not for the","'98.57643127"
"'99","'LINE","'C atom. Therefore, we move a lone pair from one of the O atoms to","'96.77986908"
"'99","'LINE","'form another bond with C. Now the octet rule is also satisfied for the","'98.98659515"
"'99","'LINE","'C atom:","'86.31587219"
"'99","'LINE","'12-","'79.14560699"
"'99","'LINE","'|_|","'15.07623196"
"'99","'LINE","'UNIT 2","'99.67773438"
"'99","'LINE","'89","'99.83318329"
"'100","'LINE","'CHEMISTRY GRADE 11","'99.85324860"
"'100","'LINE","'Exercise 2.5","'99.92675781"
"'100","'LINE","'1. Determine the total number of valence electrons for the following:","'99.97314453"
"'100","'LINE","'a. CO2","'88.95109558"
"'100","'LINE","'b. SO₄²⁻","'76.70678711"
"'100","'LINE","'c. NH₄⁺","'88.62334442"
"'100","'LINE","'d. N₂O₄","'86.61644745"
"'100","'LINE","'2. Write a Lewis structure of","'99.90290833"
"'100","'LINE","'a. nitrogen trichloride, NC1₃","'88.29978943"
"'100","'LINE","'b. chlorate ion, C10₃⁻","'83.66798401"
"'100","'LINE","'c. phosphonium ion, PH₄⁺ +","'93.59581757"
"'100","'LINE","'3. Draw a Lewis structure for SF₄ and HCOOH (formic acid).","'99.14350891"
"'100","'LINE","'4. Which of the following atoms O, He, F, H, and P cannot be used as a","'97.73155975"
"'100","'LINE","'central atom in a Lewis structure? Explain.","'99.79150391"
"'100","'LINE","'5. Write a Lewis structure for carbonyl sulphide, COS.","'99.73597717"
"'100","'LINE","'Coordinate-Covalent Bonding","'80.07932281"
"'100","'LINE","'Activity 2.10","'99.04296875"
"'100","'LINE","'Form a group and discuss the following issues, then present your","'99.91613007"
"'100","'LINE","'responses to the whole class.","'99.99218750"
"'100","'LINE","'1. Consider ammonia and boron trifluoride molecules; identify which","'99.93301392"
"'100","'LINE","'has an incomplete octet and which one has lone pair electrons on the","'99.98416138"
"'100","'LINE","'central atom of the molecule.","'99.98210144"
"'100","'LINE","'2. Can these two molecules react with each other to complete the octet","'99.99398804"
"'100","'LINE","'of an atom with an incomplete octet? How?","'99.97426605"
"'100","'LINE","'Most covalent bonds form when two atoms each contribute one electron. However,","'99.98345947"
"'100","'LINE","'bonds can also form when one atom donates both electrons (a lone pair) to another","'99.96306610"
"'100","'LINE","'atom that has a vacant valence orbital. The ammonium ion (NH₄⁺), for example, forms","'98.56565857"
"'100","'LINE","'when the lone-pair electrons from the nitrogen atom of ammonia, NH₃, bond to H+.","'94.36518860"
"'100","'LINE","'Such kind of bonds is called coordinate covalent bonds or dative bonds.","'99.96704865"
"'100","'LINE","'+","'90.92454529"
"'100","'LINE","'H⁺ + :N:H H H","'80.85700226"
"'100","'LINE","'Some examples of molecules which contain coordinate-covalent bonds include NH3,","'96.32858276"
"'100","'LINE","'BCl₃, H3O+ and AICI₄⁻.","'60.59246826"
"'100","'LINE","'90","'99.72576141"
"'100","'LINE","'UNIT 2","'99.32128906"
"'101","'LINE","'Covalent Bonds and Molecular Geometry","'99.98828125"
"'101","'LINE","'Resonance Structures","'99.86576843"
"'101","'LINE","'Activity 2.11","'99.78027344"
"'101","'LINE","'Form a group and discuss the following questions and present your","'99.91265869"
"'101","'LINE","'responses to the whole class.","'99.98828125"
"'101","'LINE","'1. How many structural formulas can you write for each of the following?","'99.96676636"
"'101","'LINE","'a. H2O","'90.49216461"
"'101","'LINE","'b. NH₄⁺","'93.49848938"
"'101","'LINE","'c. CO3²⁻","'57.54195404"
"'101","'LINE","'d. C₆H₆ (Benzene)","'92.04746246"
"'101","'LINE","'2. What is the difference between a resonance structure and a resonance","'99.65981293"
"'101","'LINE","'hybrid?","'99.92187500"
"'101","'LINE","'Sometimes more than one valid Lewis structure is possible for a given molecule. For","'99.90923309"
"'101","'LINE","'example, two Lewis structures are possible for ozone (O₃):","'95.08441925"
"'101","'LINE","'O","'68.48483276"
"'101","'LINE","'O.","'30.33172989"
"'101","'LINE","'O:","'80.52136230"
"'101","'LINE","'and","'99.26757813"
"'101","'LINE","'0","'44.79651642"
"'101","'LINE","'O:","'28.61507607"
"'101","'LINE","'A","'83.72030640"
"'101","'LINE","'B","'83.16665649"
"'101","'LINE","'In formula A, the oxygen-oxygen bond on the left is a double bond and the oxygen-","'99.71797180"
"'101","'LINE","'oxygen bond on the right is a single bond. In formula B, the situation is just the","'99.95123291"
"'101","'LINE","'opposite. These are not two different O₃ molecules, just different Lewis structures for","'97.28026581"
"'101","'LINE","'the same molecule. However, neither one of these two Lewis structures accounts for","'99.98554230"
"'101","'LINE","'the known bond lengths in O₃ (1.278 Å).","'94.18317413"
"'101","'LINE","'1.278A","'87.53826904"
"'101","'LINE","'1.278A","'86.41900635"
"'101","'LINE","'Since both the bonds are identical, which one is a double bond? Bond length and","'99.94380951"
"'101","'LINE","'bond energy measurements indicate that the two oxygen-oxygen bonds in O₃ are","'96.62534332"
"'101","'LINE","'identical, with properties that lie between those of an 0-0 bond and an 0=0 bond,","'99.64102173"
"'101","'LINE","'something like a ""one-and-a-half"" bond. The molecule is shown more correctly with","'99.87477875"
"'101","'LINE","'two Lewis structures, called resonance structures (or resonance forms), and a two-","'99.89600372"
"'101","'LINE","'headed resonance arrow (4) between them.","'89.09119415"
"'101","'LINE","'O:","'74.94100952"
"'101","'LINE","':0:","'41.01662064"
"'101","'LINE","'O'","'12.95499802"
"'101","'LINE","'A","'81.19878387"
"'101","'LINE","'B","'75.51598358"
"'101","'LINE","'UNIT 2","'99.53125000"
"'101","'LINE","'91","'99.68750000"
"'102","'LINE","'CHEMISTRY GRADE 11","'99.83723450"
"'102","'LINE","'Unfortunately, this notation can be misinterpreted. It does not mean that the ozone","'99.92834473"
"'102","'LINE","'molecule flips back and forth between two forms. There is only one ozone molecule.","'99.96675873"
"'102","'LINE","'The double-headed arrow means that you should form a mental picture of the molecule","'99.87541199"
"'102","'LINE","'by joining the various resonance formulas.","'99.92217255"
"'102","'LINE","'Resonance structures have the same relative placement of atoms but different locations","'99.96949005"
"'102","'LINE","'of bonding and lone electron pairs. Our need for more than one Lewis structure to","'99.98947906"
"'102","'LINE","'depict the ozone molecule is the result of electron-pair delocalization. You can convert","'99.91989899"
"'102","'LINE","'one resonance form to another by moving lone pairs to bonding positions, and vice","'99.96461487"
"'102","'LINE","'versa:","'99.93164063"
"'102","'LINE","'O:","'82.12611389"
"'102","'LINE","':0","'45.44612885"
"'102","'LINE","'III","'83.50426483"
"'102","'LINE","'O:","'52.08964539"
"'102","'LINE","'A","'89.90911865"
"'102","'LINE","'B","'91.56409454"
"'102","'LINE","'A resonance hybrid","'98.91927338"
"'102","'LINE","'This description of O₃ is called resonance, in which two or more possible Lewis","'97.41313171"
"'102","'LINE","'structures can be written and the true structure is a composite or hybrid of them.","'99.87428284"
"'102","'LINE","'The different structures used to represent the molecule or ion are called resonance","'99.95636749"
"'102","'LINE","'forms or resonance contributors or resonance structures.","'99.90527344"
"'102","'LINE","'Example 2.4","'99.69606781"
"'102","'LINE","'Write two equivalent Lewis structures for the nitirite ion, NO₂⁻ Describe","'94.89625549"
"'102","'LINE","'its resonance hybrid structure.","'99.90722656"
"'102","'LINE","'Solution: In NO2 - there are 5 + 2(6) + 1 = 18 valence electrons. Indicating","'95.77445984"
"'102","'LINE","'the single bonds gives the structure","'99.99837494"
"'102","'LINE","'0-N-0","'75.56600952"
"'102","'LINE","'The remaining 14 electrons (18-4) can be distributed to produce these","'99.97957611"
"'102","'LINE","'structures:","'99.93083954"
"'102","'LINE","'N","'99.48242188"
"'102","'LINE","'N","'95.58593750"
"'102","'LINE","'The electronic structure of the molecule is correctly shown by the average","'99.99592590"
"'102","'LINE","'of the two. There are two equivalent N---O bonds, each one intermediate","'99.55685425"
"'102","'LINE","'between a single and a double bond.","'99.90829468"
"'102","'LINE","'92","'99.85351563"
"'102","'LINE","'UNIT 2","'99.50683594"
"'103","'LINE","'Covalent Bonds and Molecular Geometry","'99.97640228"
"'103","'LINE","'Exercise 2.6","'99.90722656"
"'103","'LINE","'1. Write three equivalent structures for the SO₃ molecule that obey the","'99.32643890"
"'103","'LINE","'octet rule.","'99.94589233"
"'103","'LINE","'2. Draw Lewis structures of all the important resonance forms of each of","'99.98335266"
"'103","'LINE","'the following:","'99.97518921"
"'103","'LINE","'a. NO₂F (N central)","'91.51646423"
"'103","'LINE","'b. HNO3","'79.74569702"
"'103","'LINE","'c. NO₂⁻","'79.12308502"
"'103","'LINE","'Exceptions to the Octet rule in Covalent Bonding","'99.93309021"
"'103","'LINE","'Activity 2.12","'99.47753906"
"'103","'LINE","'Discuss the following issues in groups and present your answers to the","'99.98697662"
"'103","'LINE","'whole class.","'99.97070313"
"'103","'LINE","'1. What requirements are needed for an atom to expand its valence shell?","'99.96463013"
"'103","'LINE","'2. Which of the following atoms can expand its valance shell: F, S, H, Al?","'99.26716614"
"'103","'LINE","'3. Identify the atoms in PCl₃, PC1₅, OF2, BF₃, and SiF₄ which do not obey","'91.85504150"
"'103","'LINE","'octet rule.","'99.94100952"
"'103","'LINE","'Although many Lewis structures follow the octet rule, there are exceptions. There can","'99.96595001"
"'103","'LINE","'be categorized into three groups:","'99.99023438"
"'103","'LINE","'i.","'99.68590546"
"'103","'LINE","'Less than octet (central atom is deficient of electrons):","'99.94720459"
"'103","'LINE","'Electron-deficient compounds are compounds in which an element has an incomplete","'99.92825317"
"'103","'LINE","'octet. The central atoms of such molecules have fewer than eight electrons (below","'99.99085999"
"'103","'LINE","'octet). This group consists of molecules containing central atoms from Group IIA and","'99.86370850"
"'103","'LINE","'IIIA. For example, BeCl₂, BF₃ and AICI₃, whose Lewis formulas are shown:","'96.19634247"
"'103","'LINE","'Cl","'73.19574738"
"'103","'LINE","'Be","'96.39408875"
"'103","'LINE","'Cl","'85.80994415"
"'103","'LINE","'FB-F","'55.43686295"
"'103","'LINE","'Cl","'86.55831146"
"'103","'LINE","'Al","'98.55648041"
"'103","'LINE","'Cl","'90.57457733"
"'103","'LINE","'F","'99.28630829"
"'103","'LINE","'Cl","'81.70758820"
"'103","'LINE","'4 electrons around Be","'99.83747101"
"'103","'LINE","'6 electrons around B","'94.72810364"
"'103","'LINE","'6 electrons around Al","'99.64753723"
"'103","'LINE","'ii. More than octet (central atom has excess of electrons):","'99.92669678"
"'103","'LINE","'Elements with an expanded valence (also called an expanded octet) have more than 8","'99.95646667"
"'103","'LINE","'electrons (often 10 or 12) in a Lewis structure. Elements in the third period and below,","'99.91736603"
"'103","'LINE","'such as phosphorus, sulfur, and bromine, often have an expanded valence because of","'99.96564484"
"'103","'LINE","'their larger radii (when compared to the second-row elements) and the availability of","'99.95969391"
"'103","'LINE","'UNIT 2","'99.51171875"
"'103","'LINE","'93","'99.92187500"
"'104","'LINE","'CHEMISTRY GRADE 11","'99.86979675"
"'104","'LINE","'empty d orbitals in the valence shell. For example PF₅, SF₆ and XeF₄ :","'96.98732758"
"'104","'LINE","'S","'89.56154633"
"'104","'LINE","'10 electrons around P 12 electrons around S 12 electrons aroud Xe","'98.10063934"
"'104","'LINE","'iii. Molecules containing an odd number of electrons:","'99.94172668"
"'104","'LINE","'Even if stable molecules of this kind (free radicals) are rare, they do exist. Free radicals","'99.93267822"
"'104","'LINE","'can also be electron-deficient compounds. Some examples are C1O2, NO and NO₂","'91.00443268"
"'104","'LINE","'having 19, 11 and 17 valence electrons, respectively. For example, the best way to","'99.96414185"
"'104","'LINE","'suggest the Lewis-like structure for the NO molecules is:","'99.96935272"
"'104","'LINE","'N=O","'74.57230377"
"'104","'LINE","'Exercise 2.7","'99.90194702"
"'104","'LINE","'1. Suggest the Lewis-like structure for NO₂ and CIO₂ molecules.","'93.18550873"
"'104","'LINE","'2. The following do not obey the octet rule. Draw a Lewis structure","'99.94361115"
"'104","'LINE","'for each one and state the type of octet rule exception:","'99.98284149"
"'104","'LINE","'a. BH₃","'95.43157959"
"'104","'LINE","'b. AsF₄⁻","'96.06355286"
"'104","'LINE","'c. SeCl₄ d. PF₆⁻","'84.78735352"
"'104","'LINE","'Polar and Non-Polar Covalent Molecules","'99.73310089"
"'104","'LINE","'Activity 2.13","'99.56542969"
"'104","'LINE","'Discuss the following questions in groups and present your responses to the","'99.99349213"
"'104","'LINE","'whole class.","'100.00000000"
"'104","'LINE","'1. Describe the trend in electronegativity as ""increases"" or ""decreases"" for","'98.92969513"
"'104","'LINE","'each of the following:","'100.00000000"
"'104","'LINE","'a. from B to F","'97.29113770"
"'104","'LINE","'b. from Mg to Ba","'99.65557098"
"'104","'LINE","'c. from F to I","'94.12297058"
"'104","'LINE","'2. What does the word ""dipole"" refer to?","'99.81848907"
"'104","'LINE","'3. How does electronegativity relate to bond polarity?","'99.98149109"
"'104","'LINE","'94","'99.87304688"
"'104","'LINE","'UNIT 2","'99.61386108"
"'105","'LINE","'Covalent Bonds and Molecular Geometry","'99.96468353"
"'105","'LINE","'When the atoms are alike in a covalent bond, as in the case of the H-H bond of H2,","'97.87759399"
"'105","'LINE","'the bonding electrons are shared equally. That is, the electrons spend the same amount","'99.96344757"
"'105","'LINE","'of time near each nucleus. The bond formed is called a non-polar covalent bond. In","'99.87682343"
"'105","'LINE","'a covalent bond between atoms of different electronegativities, there is an unequal","'99.84129333"
"'105","'LINE","'sharing of an electron pair and the electrons spend more of their time around the more","'99.98102570"
"'105","'LINE","'electronegative atom. Such a bond is said to be polar covalent bond. The H-F bond","'99.92492676"
"'105","'LINE","'is a polar bond because fluorine is more electronegative than the hydrogen atom. The","'99.91213989"
"'105","'LINE","'bonding electrons spend more time near the fluorine atom than the hydrogen atom.","'99.99023438"
"'105","'LINE","'The polar nature of a bond is shown like this:","'99.92060089"
"'105","'LINE","'H⁸⁺ - Fδ⁻","'65.47841644"
"'105","'LINE","'In the representation the δ+ and δ- (read ""delta plus"" and ""delta minus"") signify","'97.66900635"
"'105","'LINE","'that one end (H) is partially positive and the other end (F) is partially negative. The","'99.97782898"
"'105","'LINE","'term ""partial charge"" implies something less than the full charges of the ions that","'99.96670532"
"'105","'LINE","'would result from complete electron transfer. The bond polarity can also be shown by","'99.98587799"
"'105","'LINE","'drawing an arrow so that the head points toward the negative end (F) of the bond and","'99.86495972"
"'105","'LINE","'the crossed tail indicates the positive end (H).","'99.96166229"
"'105","'LINE","'H-F","'84.34040070"
"'105","'LINE","'For a diatomic molecule having a polar covalent bond, such as HF, we can describe","'99.90903473"
"'105","'LINE","'a quantity called the dipole moment, which is a vector sum of the bond moments in a","'99.80265045"
"'105","'LINE","'molecule. Bond moment is a measure of polarity of a diatomic covalent bond.","'99.85818481"
"'105","'LINE","'The dipole moment (µ) is defined as the product of the magnitude of the charge (δ) at","'99.61134338"
"'105","'LINE","'either end of the dipole multiplied by the distance (d) that separates the charge.","'99.97669220"
"'105","'LINE","'µ= δx d","'41.55392838"
"'105","'LINE","'The SI-unit of dipole moment is coulomb-metre (C.m). Dipole moments are often","'99.90454102"
"'105","'LINE","'expressed in the non-SI unit debye (D), where 1D = 3.33564 X 10⁻³⁰ Cm. A very polar","'98.24906158"
"'105","'LINE","'molecule is one with a large dipole moment, while a non-polar molecule will have a","'99.87519073"
"'105","'LINE","'zero-dipole moment.","'99.78356171"
"'105","'LINE","'Note: For a diatomic molecule, the bond moment is the dipole moment. The dipole","'99.88790894"
"'105","'LINE","'moment of a polyatomic molecule (three or more atoms) depends on the geometry of","'99.91516113"
"'105","'LINE","'the molecule. If the bond moments are equal in magnitude but opposite in direction,","'99.94897461"
"'105","'LINE","'then they will cancel each other and the resultant dipole moment will be zero, provided","'99.97830200"
"'105","'LINE","'that the vector sum of the bond moments is zero.","'99.97542572"
"'105","'LINE","'UNIT 2","'99.25781250"
"'105","'LINE","'95","'99.85351563"
"'106","'LINE","'CHEMISTRY GRADE 11","'99.89556885"
"'106","'LINE","'Exercise 2.8","'99.87792969"
"'106","'LINE","'1. Both CO2 and BCl₃ have zero dipole moments, but the C = O and","'94.04273224"
"'106","'LINE","'B - Cl bond moments are not zero. Explain.","'95.22109222"
"'106","'LINE","'2. Compare the dipoles in the covalent molecules HF, HCl, HBr, and","'96.64107513"
"'106","'LINE","'HI. Explain your answer.","'99.89342499"
"'106","'LINE","'3. For each of the following bonds, indicate the positive end with δ⁺ and","'98.18443298"
"'106","'LINE","'the negative end with δ⁻. Draw an arrow to show the dipole for each.","'99.16385651"
"'106","'LINE","'a. N and F b. Si and Br c. C and O d. P and Br e. N and P","'97.87467957"
"'106","'LINE","'Properties of Covalent Compounds","'99.98759460"
"'106","'LINE","'Carbon tetrachloride is a covalent compound. Would you expect it to conduct","'99.89085388"
"'106","'LINE","'electricity?","'99.91131592"
"'106","'LINE","'Experiment 2.5","'99.96093750"
"'106","'LINE","'Investigating the melting point of covalent compounds","'99.99430847"
"'106","'LINE","'Objective: To investigate the melting point of naphthalene.","'99.95018005"
"'106","'LINE","'Apparatus and chemicals: Thermometer, stirrer, beaker, melting point tube,","'99.90590668"
"'106","'LINE","'naphthalene, glycerine, Bunsen burner.","'99.97763062"
"'106","'LINE","'Procedure:","'99.95037079"
"'106","'LINE","'1. Set up the apparatus shown in Figure 2.6.","'99.94005585"
"'106","'LINE","'2. Place a small amount of naphthalene in the melting point tube.","'99.93295288"
"'106","'LINE","'3. Attach the tube to the side of the thermometer (the liquid in the beaker","'99.99349213"
"'106","'LINE","'will hold the tube in position).","'99.96027374"
"'106","'LINE","'4. Heat the beaker slowly. When the naphthalene melts, record the reading","'99.96521759"
"'106","'LINE","'on the thermometer.","'99.90373993"
"'106","'LINE","'96","'99.77379608"
"'106","'LINE","'UNIT 2","'99.69726563"
"'107","'LINE","'Covalent Bonds and Molecular Geometry","'99.98616791"
"'107","'LINE","'Thermometer","'100.00000000"
"'107","'LINE","'Rubber cork","'99.79003906"
"'107","'LINE","'Stirrer","'100.00000000"
"'107","'LINE","'Stand","'100.00000000"
"'107","'LINE","'Beaker","'99.96093750"
"'107","'LINE","'Melting point tube","'99.99349213"
"'107","'LINE","'Glycerine","'99.99023438"
"'107","'LINE","'Naphthalene","'100.00000000"
"'107","'LINE","'Bunsen burner","'100.00000000"
"'107","'LINE","'Figure 2.6: Determination of melting point of naphthalen","'99.96440125"
"'107","'LINE","'Observations and analysis:","'99.95037079"
"'107","'LINE","'Check your result by referring to standard melting point values. Discuss possible","'99.99172974"
"'107","'LINE","'reasons for the differences in melting point compared to the standard melting","'99.98352814"
"'107","'LINE","'point.","'99.96014404"
"'107","'LINE","'Experiment 2.6","'99.94140625"
"'107","'LINE","'The effects of electricity and some solvents on covalent compounds","'99.97924805"
"'107","'LINE","'Objective: To test the effects of electricity and some solvents on covalent","'99.97267914"
"'107","'LINE","'compounds.","'99.88042450"
"'107","'LINE","'Apparatus and chemicals: Beakers, stirrer, test tubes, table sugar, cyclohexane,","'99.91140747"
"'107","'LINE","'petroleum ether, water, alcohol, naphthalene.","'99.85650635"
"'107","'LINE","'Procedure A: Solubility test","'98.64576721"
"'107","'LINE","'1. Place about 0.5 g or 5 drops each of naphthalene, table sugar, and ethanol","'99.91320038"
"'107","'LINE","'in three separate test tubes and add about 2.5 mL of distilled water and","'99.98808289"
"'107","'LINE","'shake the test tubes vigorously.","'99.96014404"
"'107","'LINE","'2. See a change in the amount of naphthalene, and table sugar added in","'99.93114471"
"'107","'LINE","'each case; if some residue remains in the test tube/s, heat it on a Bunsen","'99.90546417"
"'107","'LINE","'burner.","'100.00000000"
"'107","'LINE","'UNIT 2","'99.75097656"
"'107","'LINE","'97","'99.88281250"
"'108","'LINE","'CHEMISTRY GRADE 11","'99.89583588"
"'108","'LINE","'3. Observe if a separating layer is formed between the ethanol and water, it","'99.96902466"
"'108","'LINE","'indicates ethanol is not soluble in water.","'99.98023987"
"'108","'LINE","'4. Repeat the experiment using cyclohexane and petroleum ether solvents,","'99.95428467"
"'108","'LINE","'separately (Caution: do not heat it.)","'99.92935181"
"'108","'LINE","'Procedure B: Conductivity test","'98.95407867"
"'108","'LINE","'1. Connect the circuit as shown in Figure 2.2, (Experiment 2.3) in which a","'99.78984833"
"'108","'LINE","'9-volt DC is connected via a bulb.","'99.79634094"
"'108","'LINE","'2. Test the conductivity of table sugar.","'99.99011993"
"'108","'LINE","'3. Dissolve a spoonful of table sugar in 50 mL of distilled water in a beaker.","'99.80017853"
"'108","'LINE","'Test the resulting solution for electrical conductivity using the setup of","'99.99637604"
"'108","'LINE","'of Figure 2.3, in Experiment 2.4.","'99.87550354"
"'108","'LINE","'Observations and analysis:","'99.96366119"
"'108","'LINE","'Record your observations on your notebook. Copy and complete the table below.","'99.97769928"
"'108","'LINE","'Property","'99.92028046"
"'108","'LINE","'Solubility in non-","'99.92758942"
"'108","'LINE","'Effect of","'99.97558594"
"'108","'LINE","'Substance","'99.96014404"
"'108","'LINE","'Solubility in water","'99.97017670"
"'108","'LINE","'polar solvent","'99.95117188"
"'108","'LINE","'electricity","'100.00000000"
"'108","'LINE","'Naphthalene","'99.92028046"
"'108","'LINE","'Table sugar","'99.98046875"
"'108","'LINE","'Ethanol","'99.92028046"
"'108","'LINE","'Results and Discussion:","'99.97369385"
"'108","'LINE","'1. Draw your conclusion from the above observations.","'99.93938446"
"'108","'LINE","'2. Do these substances conduct electricity either in the solid state or in the","'99.97454834"
"'108","'LINE","'molten (liquid) state?","'99.93383026"
"'108","'LINE","'3. Is there any chemical reaction that takes place at the electrodes?","'99.98690796"
"'108","'LINE","'98","'99.93164063"
"'108","'LINE","'UNIT 2","'99.66796875"
"'109","'LINE","'Covalent Bonds and Molecular Geometry","'99.98226166"
"'109","'LINE","'Activity 2.14","'99.43847656"
"'109","'LINE","'Form a group of four and dscuss the following questions. Then, present","'99.91322327"
"'109","'LINE","'your responses to the whole class.","'99.99186707"
"'109","'LINE","'1. Why does ammonia, NH₃, dissolve in water but methane, CH₄, does not?","'97.69593811"
"'109","'LINE","'2. Distilled water is very poor electrical conductor, whereas rain water can","'99.96623230"
"'109","'LINE","'conduct electricity. Explain why.","'99.97274780"
"'109","'LINE","'3. Unlike ionic compounds, covalent compounds do not conduct electricity","'99.98714447"
"'109","'LINE","'in molten state. Why is that so?","'99.96338654"
"'109","'LINE","'Unlike any ionic compound, many of the covalent compounds are found in gaseous","'99.98403931"
"'109","'LINE","'state at room temperature. Consider methane (CH₄), the simplest compound between","'99.32437897"
"'109","'LINE","'carbon and hydrogen, which have comparable, intermediate electronegativity. It is a","'99.80106354"
"'109","'LINE","'gas at room temperature. Cooling methane to a low temperature condenses it first to a","'99.88978577"
"'109","'LINE","'liquid and then to a solid. Unlike melted ionic compounds, liquid covalent compounds","'99.90832520"
"'109","'LINE","'do not conduct electricity. Therefore, liquid methane does not conduct electricity.","'99.97374725"
"'109","'LINE","'Covalent compounds are molecular substances. They have low melting and boiling","'99.94934082"
"'109","'LINE","'points. Most covalent compounds are soluble in non-polar solvents. Generally:","'99.96045685"
"'109","'LINE","'Covalent compounds exist as separate molecules because electrically neutral","'99.96140289"
"'109","'LINE","'atoms form them and the forces of attraction between these molecules are","'99.98677826"
"'109","'LINE","'relatively weak.","'100.00000000"
"'109","'LINE","'Due to weak intermolecular forces, many covalent molecules or covalent","'99.95932770"
"'109","'LINE","'compounds are liquids or gases at room temperature. However, some covalent","'99.97048187"
"'109","'LINE","'molecules like iodine are solids at room temperature.","'99.93797302"
"'109","'LINE","'Liquid: H₂O, Br₂","'88.20452118"
"'109","'LINE","'Gas: CO2, H2, Cl2, NH3","'70.68299866"
"'109","'LINE","'Covalent compounds are volatile.","'99.94040680"
"'109","'LINE","'Generally, they have low melting points and boiling points.","'99.97126007"
"'109","'LINE","'Covalent compounds are generally insoluble in water. Most covalent compounds","'99.96851349"
"'109","'LINE","'are soluble in non-polar solvents.","'99.92124176"
"'109","'LINE","'Non-polar covalent compounds are non-electrolytes because they do not","'99.93735504"
"'109","'LINE","'conduct electricity.","'99.96542358"
"'109","'LINE","'UNIT 2","'99.67285156"
"'109","'LINE","'99","'99.87304688"
"'110","'LINE","'CHEMISTRY GRADE 11","'99.72955322"
"'110","'LINE","'2.3.1","'99.93164063"
"'110","'LINE","'Molecular Geometry","'99.94061279"
"'110","'LINE","'Molecular geometry is the three-dimensional arrangement of atoms in a molecule.","'99.95236969"
"'110","'LINE","'There is a simple procedure that enables us to predict the geometry of a molecule or ion","'99.90972900"
"'110","'LINE","'if we know the number of electrons surrounding a central atom in its Lewis structure.","'99.95660400"
"'110","'LINE","'The basis of this approach is the assumption that electron pairs in the valence shell of","'99.98952484"
"'110","'LINE","'an atom repel one another.","'99.95264435"
"'110","'LINE","'Valence Shell Electron Pair Repulsion (VSEPR) Theory","'99.93770599"
"'110","'LINE","'In a covalent bond, a pair of electrons, often called the bonding pair, is responsible","'99.93198395"
"'110","'LINE","'for holding two atoms together. However, in a polyatomic molecule, where there are","'99.96276093"
"'110","'LINE","'two or more bonds between the central atom and the surrounding atoms, the repulsion","'99.97960663"
"'110","'LINE","'between electrons in different bonding pairs causes them to remain as far apart as","'99.97047424"
"'110","'LINE","'possible. The geometry that the molecule ultimately assumes (as defined by the","'99.98358917"
"'110","'LINE","'positions of all the atoms) minimizes the repulsion. This approach to the study of","'99.97233582"
"'110","'LINE","'molecular geometry is called the valence-shell electron-pair repulsion (VSEPR) model.","'99.64927673"
"'110","'LINE","'The basic principle of VSEPR theory is that the pair of valence-shell electron pairs","'99.92050934"
"'110","'LINE","'around the central atom arrange as far away from one another as possible to minimize","'99.97770691"
"'110","'LINE","'electron-pair repulsions. The arrangements that best minimize repulsions naturally","'99.96916962"
"'110","'LINE","'depend on the number of electron sets. Once we have counted the number of electron","'99.99023438"
"'110","'LINE","'groups surrounding the central atom, we can determine its specific shape from the","'99.98710632"
"'110","'LINE","'number of atoms bonded to the central atom.","'99.99267578"
"'110","'LINE","'Electron Pair Arrangement and Molecular Shape","'99.92041779"
"'110","'LINE","'The electron pair arrangement is defined by the orientation/distribution of pairs of","'99.41735077"
"'110","'LINE","'electrons, both bonding and non-bonding (lone pair), around the central atom. On","'99.96704865"
"'110","'LINE","'the other hand, the molecular shape is defined by the relative positions of the atomic","'99.99208069"
"'110","'LINE","'nuclei. Molecular shapes that occur when all the surrounding electrons are bonding","'99.98278046"
"'110","'LINE","'differ from molecular shapes when some of the electrons are non-bonding. Thus, the","'99.97177887"
"'110","'LINE","'same electron set arrangement can give rise to different molecular shapes.","'99.97033691"
"'110","'LINE","'For the prediction of geometrical shapes of molecules with the help of VSEPR theory,","'99.98035431"
"'110","'LINE","'it is convenient to divide molecules into two categories as molecules in which the","'99.95263672"
"'110","'LINE","'central atom has no lone pair and molecules in which the central atom has one or more","'99.96989441"
"'110","'LINE","'lone pairs.","'99.94548798"
"'110","'LINE","'100","'99.87304688"
"'110","'LINE","'UNIT 2","'99.50195313"
"'111","'LINE","'Covalent Bonds and Molecular Geometry","'99.96875000"
"'111","'LINE","'i.","'99.72417450"
"'111","'LINE","'molecules in which the central atom has no lone pair","'99.94353485"
"'111","'LINE","'Consider molecules that contain atoms of only two elements, A and B, of which A is","'98.97594452"
"'111","'LINE","'the central atom. These molecules have the general formula ABx, where x is an integer","'99.69898224"
"'111","'LINE","'2,3,","'98.76980591"
"'111","'LINE","'(If x = 1, we have the diatomic molecule AB, which is linear by definition.) In","'95.55770111"
"'111","'LINE","'the vast majority of cases, x is between 2 and 6. In the compounds of AB₂, AB₃, AB₄,","'96.23066711"
"'111","'LINE","'AB₅ and AB₆, the arrangements of electron pairs and the B atoms around the central","'97.93904114"
"'111","'LINE","'atom A are: linear, trigonal planar, tetrahedral, trigonalbipyramidal and octahedral,","'99.55201721"
"'111","'LINE","'respectively. Such arrangements can be seen in molecules such as BeCl₂ (AB₂), BF₃","'97.43461609"
"'111","'LINE","'(AB₃), CH₄ (AB₄) and PCl₅ (AB₅) as shown below (Figure 2.7) by their ball and stick","'93.69667816"
"'111","'LINE","'models.","'99.96014404"
"'111","'LINE","'180°","'95.33303070"
"'111","'LINE","'90°","'90.58055878"
"'111","'LINE","'120°","'92.44758606"
"'111","'LINE","'109.5°","'95.77945709"
"'111","'LINE","'120°","'95.09466553"
"'111","'LINE","'BeCl₂","'89.11172485"
"'111","'LINE","'BF₃","'84.31142426"
"'111","'LINE","'CH4","'56.07043457"
"'111","'LINE","'PCI₅","'59.55197906"
"'111","'LINE","'Figure 2.7: The shapes of molecules in which the central atom has no lone pair","'99.93952179"
"'111","'LINE","'In the case of multiple (double or triple) bonds the counting is not different, because","'99.97320557"
"'111","'LINE","'a double bond is considered as one set and a triple bond as another set of electrons.","'99.80632782"
"'111","'LINE","'For example, in the case of CO2, O=C=0, there are two sets of electrons around the","'94.37031555"
"'111","'LINE","'central atom, acetylene, C₂H₂, H-C=C-H, two sets of electrons around each of the","'97.67471313"
"'111","'LINE","'central atoms.","'99.98046875"
"'111","'LINE","'ii. molecules in which the central atom has one or more lone pairs","'99.94911194"
"'111","'LINE","'In such molecules there are three types of repulsive forces-those between bonding","'97.50539398"
"'111","'LINE","'pairs, those between lone pairs, and those between a bonding pair and a lone pair. In","'99.92443848"
"'111","'LINE","'general, according to the VSEPR model, the repulsive forces decrease in the following","'99.98410034"
"'111","'LINE","'order:","'100.00000000"
"'111","'LINE","'Lone pair vs lone pair > lone pair vs bonding pair > bonding pair vs bonding pair","'93.83588409"
"'111","'LINE","'Why is that repulsions exerted by lone pair is greater than that of bonding pair?","'99.97505188"
"'111","'LINE","'To keep track of the total number of bonding pairs and lone pairs, we show molecules","'99.96791840"
"'111","'LINE","'with lone pairs as ABₓₑ,, where A is the central atom, B is a surrounding atom, and E","'94.65865326"
"'111","'LINE","'is a lone pair on A. Both x and y are integers; x = 2, 3, =","'94.31925201"
"'111","'LINE","'and y = 1,2,","'54.26099777"
"'111","'LINE","'Thus, the","'99.96093750"
"'111","'LINE","'values of x and y indicate the number of surrounding atoms and number of lone pairs","'99.12908936"
"'111","'LINE","'on the central atom, respectively. The simplest such molecule would be a triatomic","'99.97114563"
"'111","'LINE","'molecule with one lone pair on the central atom and the formula is AB₂E.","'99.21028900"
"'111","'LINE","'UNIT 2","'99.22363281"
"'111","'LINE","'101","'99.71600342"
"'112","'LINE","'CHEMISTRY GRADE 11","'99.73307037"
"'112","'LINE","'AB2E: Sulfur Dioxide (SO₂)","'86.65830994"
"'112","'LINE","'The Lewis structure of sulfur dioxide is:","'99.96360779"
"'112","'LINE","'0=S=0","'66.61571503"
"'112","'LINE","'Because VSEPR treats double bonds as though they were single, the SO₂ molecule can","'98.53632355"
"'112","'LINE","'be viewed as consisting of three electron pairs on the central S atom. Of these, two are","'99.86503601"
"'112","'LINE","'bonding pairs and one is a lone pair. Thus, the overall arrangement of three electron","'99.90655518"
"'112","'LINE","'pairs is trigonal planar. But because one of the electron pairs is a lone pair, the SO₂","'98.87405396"
"'112","'LINE","'molecule has a ""bent"" shape.","'99.87308502"
"'112","'LINE","'S","'61.67231369"
"'112","'LINE","'O'","'17.14335442"
"'112","'LINE","'Because the lone-pair versus bonding-pair repulsion is greater than the bonding-pair","'99.94998932"
"'112","'LINE","'versus bonding-pair repulsion, the two sulfur-to-oxygen bonds are pushed together","'99.91799164"
"'112","'LINE","'slightly and the OSO angle is less than 120°.","'99.09903717"
"'112","'LINE","'AB₃E: Ammonia (NH3)","'77.28920746"
"'112","'LINE","'The ammonia molecule contains of three bonding pairs and one lone pair:","'99.96861267"
"'112","'LINE","'H","'91.53320313"
"'112","'LINE","'--","'11.84370995"
"'112","'LINE","'H","'93.19255829"
"'112","'LINE","'H","'98.42613983"
"'112","'LINE","'The overall arrangement of four electron pairs is tetrahedral. But in NH₃ one of the","'97.57841492"
"'112","'LINE","'electron pairs is a lone pair, so the geometry of NH3 is trigonal pyramidal. Because","'97.29716492"
"'112","'LINE","'the lone pair repels the bonding pairs more strongly, the three NH bonding pairs are","'99.98551941"
"'112","'LINE","'pushed closer together:","'99.97017670"
"'112","'LINE","'N","'96.16329956"
"'112","'LINE","'H","'99.18626404"
"'112","'LINE","'H","'98.47097778"
"'112","'LINE","'H","'96.99956512"
"'112","'LINE","'AB₂E₂: Water (H2O)","'76.67517090"
"'112","'LINE","'A water molecule contains two bonding pairs and two lone pairs:","'99.43309021"
"'112","'LINE","'H-O-H","'64.72417450"
"'112","'LINE","'The overall arrangement of the four electron pairs in water is tetrahedral, the same as","'99.94570923"
"'112","'LINE","'in ammonia.","'99.89098358"
"'112","'LINE","'However, unlike ammonia, the HOH angle is 104.5°. The geometry of H2O is bent.","'95.67106628"
"'112","'LINE","'Why do you think this is?","'99.93788910"
"'112","'LINE","'102","'99.71679688"
"'112","'LINE","'UNIT 2","'99.26757813"
"'113","'LINE","'Covalent Bonds and Molecular Geometry","'99.98437500"
"'113","'LINE","'O","'56.87141418"
"'113","'LINE","'H","'97.58470154"
"'113","'LINE","'H","'99.29528046"
"'113","'LINE","'AB₄E: Sulfur Tetrafluoride (SF₄)","'91.57555389"
"'113","'LINE","'The Lewis structure of SF₄ is:","'98.26122284"
"'113","'LINE","'F","'63.02933502"
"'113","'LINE","'F:","'98.26689911"
"'113","'LINE","'S","'99.12786865"
"'113","'LINE","'F","'94.89257813"
"'113","'LINE","'F:","'94.23210144"
"'113","'LINE","'The central sulfur atom has five electron pairs whose arrangement is trigonal","'99.99674225"
"'113","'LINE","'bipyramidal. In the SF₄ molecule, however, one of the electron pairs is a lone pair, so","'99.31934357"
"'113","'LINE","'the molecule must have one of the following geometries:","'99.99015045"
"'113","'LINE","'F","'98.44647217"
"'113","'LINE","'F","'98.75000000"
"'113","'LINE","'F","'99.06170654"
"'113","'LINE","'F","'98.64178467"
"'113","'LINE","':","'87.80682373"
"'113","'LINE","'F","'99.16992188"
"'113","'LINE","'S","'98.44945526"
"'113","'LINE","'S","'99.03997803"
"'113","'LINE","'F","'98.28125000"
"'113","'LINE","'F","'98.81835938"
"'113","'LINE","'F","'98.86639404"
"'113","'LINE","'(a)","'99.48242188"
"'113","'LINE","'(b)","'99.64764404"
"'113","'LINE","'In (a) the lone pair occupies an equatorial position, and in (b) it occupies an axial","'99.95367432"
"'113","'LINE","'position. The axial position has three neighboring pairs at 90° and one at 180°, while","'99.82498932"
"'113","'LINE","'the equatorial position has two neighboring pairs at 90° and two more at 120°. The","'99.50215149"
"'113","'LINE","'repulsion is smaller for (a), and indeed (a) is the structure observed experimentally.","'99.95575714"
"'113","'LINE","'Guidelines for Applying VSEPR Model","'99.94663239"
"'113","'LINE","'Here are some guidelines for applying the VSEPR model:","'99.98463440"
"'113","'LINE","'1. Write the Lewis structure of the molecule, considering only the electron pairs","'99.95449829"
"'113","'LINE","'around the central atom (that is, the atom that is bonded to more than one other","'99.98962402"
"'113","'LINE","'atom).","'99.95117188"
"'113","'LINE","'2. Count the number of electron pairs around the central atom (bonding pairs and","'99.99082184"
"'113","'LINE","'lone pairs). Treat double and triple bonds as though they were single bonds. If","'99.98378754"
"'113","'LINE","'there is more than one central atom, treat each central atom separately.","'99.98603821"
"'113","'LINE","'3. Use the VSEPR geometry to predict the shape of the molecule.","'99.97531891"
"'113","'LINE","'4. In predicting bond angles, note that a lone pair repels another lone pair or a","'99.90592957"
"'113","'LINE","'bonding pair more strongly than a bonding pair repels another bonding pair.","'99.89146423"
"'113","'LINE","'UNIT 2","'99.53613281"
"'113","'LINE","'103","'99.95117188"
"'114","'LINE","'CHEMISTRY GRADE 11","'99.83371735"
"'114","'LINE","'Molecular Shape and Molecular Polarity","'99.94224548"
"'114","'LINE","'Activity 2.15","'99.42871094"
"'114","'LINE","'Discuss the following questions in a group of four and present your answers","'99.90369415"
"'114","'LINE","'to the whole class.","'99.99755859"
"'114","'LINE","'1. Why is it useful to know the polarities of molecules?","'99.97425842"
"'114","'LINE","'2. Are all dissymmetric molecules polar?","'99.98860931"
"'114","'LINE","'3. Under what conditions do bonds of a compound become non-polar?","'99.73181152"
"'114","'LINE","'Many aspects of molecule's chemical behaviour can be understood if we know the","'99.94956207"
"'114","'LINE","'geometry (shape) of a substance. Molecular shape affects many properties of the","'99.92556000"
"'114","'LINE","'molecule like molecular polarity, which in turn influence melting and boiling points,","'99.97600555"
"'114","'LINE","'solubility, and even reactivity. Molecular polarity is created by molecules with a net","'99.91902161"
"'114","'LINE","'imbalance of charge. In molecules with more than two atoms, both shape and bond","'99.99366760"
"'114","'LINE","'polarity determine the molecular polarity.","'99.95819092"
"'114","'LINE","'Bond Polarity and Dipole Moment","'99.98616791"
"'114","'LINE","'Activity 2.16","'99.50683594"
"'114","'LINE","'Discuss the following concepts in groups, and share your ideas with the rest","'99.99624634"
"'114","'LINE","'of the class.","'100.00000000"
"'114","'LINE","'1. How do we indicate a bond dipole when we draw the structure of a","'99.72991180"
"'114","'LINE","'molecule?","'99.99023438"
"'114","'LINE","'2. Use a drawing to show why the SO₂ molecule is polar.","'97.70438385"
"'114","'LINE","'3. Water has a resultant dipole moment of 6.23x10⁻³⁰ C m (1.87D). Explain","'96.07107544"
"'114","'LINE","'why this fact proves that the H2O molecule must have a bent shape.","'97.20024109"
"'114","'LINE","'Diatomic molecules containing atoms of different elements (for example, HCl, CO,","'97.75897980"
"'114","'LINE","'and NO) have dipole moments and are called polar molecules. Diatomic molecules","'99.93871307"
"'114","'LINE","'containing atoms of the same element (for example, H2, O₂, and F₂) are examples of","'94.76895905"
"'114","'LINE","'non-polar molecules because they do not have dipole moments. For a molecule made","'99.82978058"
"'114","'LINE","'up of three or more atoms, both the polarity of the bonds and the molecular geometry","'99.98519897"
"'114","'LINE","'determine whether there is a dipole moment. Polar bonds do not necessarily lead to","'99.93764496"
"'114","'LINE","'polar molecules. For example, the large electronegativity difference between carbon","'99.95916748"
"'114","'LINE","'104","'99.89257813"
"'114","'LINE","'UNIT 2","'99.57031250"
"'115","'LINE","'Covalent Bonds and Molecular Geometry","'99.97656250"
"'115","'LINE","'and oxygen makes each C-0 bond quite polar. However, because carbon dioxide","'96.91567230"
"'115","'LINE","'(CO₂) has a linear shape, and its bonds are directed 180° from each other, there is no","'98.51819611"
"'115","'LINE","'net dipole moment (µ); µ=0D.","'90.89904785"
"'115","'LINE","'µ=0","'45.58880615"
"'115","'LINE","'=","'89.19354248"
"'115","'LINE","'δ-,","'84.05452728"
"'115","'LINE","'δ+","'90.42769623"
"'115","'LINE","'δ-","'95.92295074"
"'115","'LINE","'δ-","'87.26164246"
"'115","'LINE","'δ+","'89.82043457"
"'115","'LINE","'δ-","'92.46591949"
"'115","'LINE","'c","'67.86571503"
"'115","'LINE","'c","'61.67938614"
"'115","'LINE","'Equal dipole moments with opposite direction","'99.97017670"
"'115","'LINE","'cancel each other.","'99.93708801"
"'115","'LINE","'Another molecule with identical atoms bonded to the central atom is water. Unlike","'99.99624634"
"'115","'LINE","'carbon dioxide, water has a significant dipole moment (µ= 1.87 D). In each O-H","'96.30776978"
"'115","'LINE","'bond, electron density is pulled toward the more electronegative O atom, but the bond","'99.58460236"
"'115","'LINE","'polarities do not counter-balance each other, because the water molecule is V-shaped.","'99.93247223"
"'115","'LINE","'Instead, the bond polarities partially reinforce each other, and the oxygen end of the","'99.96868134"
"'115","'LINE","'molecule is considerably more negative than the other end.","'99.98129272"
"'115","'LINE","'H","'92.59307098"
"'115","'LINE","'H","'95.09226990"
"'115","'LINE","'Predict whether ammonia molecule is polar or non-polar and show the direction of","'99.94704437"
"'115","'LINE","'bond dipoles and the overall molecular dipole.","'99.97583008"
"'115","'LINE","'Carbon dioxide and water demonstrate how molecular shape influences polarity.","'99.93923187"
"'115","'LINE","'When two or more different molecules have the same shape, the nature of the atoms","'99.98616791"
"'115","'LINE","'surrounding the central atom can have a major effect on the polarity of a molecule.","'99.92200470"
"'115","'LINE","'Consider tetrachloromethane (CC1₄) and trichloromethane (CHCI₃), two AB₄ type","'89.17749786"
"'115","'LINE","'molecules: tetrahedral shape with different polarities. In CC1₄, the surrounding atoms","'96.52471924"
"'115","'LINE","'are all Cl atoms. Although each C-Cl bond is polar, the molecule is non-polar because","'98.69977570"
"'115","'LINE","'the individual bond polarities counter-balance each other. In CHCl₃, an H atom","'96.68850708"
"'115","'LINE","'substitutes for one of the Cl atoms, disturbing the balance and giving chloroform a","'99.36746979"
"'115","'LINE","'significant dipole moment.","'99.95063782"
"'115","'LINE","'UNIT 2","'99.52108765"
"'115","'LINE","'105","'99.89257813"
"'116","'LINE","'CHEMISTRY GRADE 11","'99.83371735"
"'116","'LINE","'Cl","'52.27758408"
"'116","'LINE","'H","'92.66083527"
"'116","'LINE","'CI","'69.20639038"
"'116","'LINE","'C","'93.56126404"
"'116","'LINE","'Cl","'57.77562714"
"'116","'LINE","'CI","'50.50472641"
"'116","'LINE","'C","'93.62663269"
"'116","'LINE","'a","'87.50059509"
"'116","'LINE","'Cl","'47.15461349"
"'116","'LINE","'Cl","'68.83190918"
"'116","'LINE","'µ=0D =","'82.52913666"
"'116","'LINE","'µ = 1.02 D","'80.98827362"
"'116","'LINE","'If you consider the two constitutional isomers of dichloroethene (C₂H₂Cl₂), they have","'95.56773376"
"'116","'LINE","'the same molecular formula. However, they have different physical and chemical","'99.99186707"
"'116","'LINE","'properties. VSEPR theory predicts that all the nuclei lie in the same plane with a","'99.96507263"
"'116","'LINE","'trigonal planar molecular shape around each carbon atom.","'99.98637390"
"'116","'LINE","'resultant","'99.99023438"
"'116","'LINE","'dipole moment","'99.94589233"
"'116","'LINE","'CI","'97.22277832"
"'116","'LINE","'CI","'95.80576324"
"'116","'LINE","'CI","'96.64441681"
"'116","'LINE","'H","'98.80799866"
"'116","'LINE","'C","'48.55787659"
"'116","'LINE","'C","'56.10810089"
"'116","'LINE","'C","'45.81612778"
"'116","'LINE","'C","'57.53208923"
"'116","'LINE","'H","'91.75681305"
"'116","'LINE","'H","'97.77084351"
"'116","'LINE","'H","'88.20372009"
"'116","'LINE","'CI","'75.68060303"
"'116","'LINE","'cis-dichloroethylene","'98.65194702"
"'116","'LINE","'trans-dichloroethylene","'99.67375183"
"'116","'LINE","'µ = 1.89 D","'61.13679886"
"'116","'LINE","'µ=0D =","'83.74870300"
"'116","'LINE","'The trans isomer has no dipole moment (µ= 0 D) because the C - Cl bond polarities","'95.38252258"
"'116","'LINE","'balance each other. In contrast, the cis-isomer is polar (µ= 1.89 D) because the bond","'98.59493256"
"'116","'LINE","'dipoles partially reinforce each other, with the molecular dipole pointing between the","'99.98671722"
"'116","'LINE","'Cl atoms.","'95.92444611"
"'116","'LINE","'Exercise 2.9","'99.78515625"
"'116","'LINE","'1. Determine the molecular shape and ideal bond angles in:","'99.97151947"
"'116","'LINE","'a.","'99.47525024"
"'116","'LINE","'COC1₂","'55.77188110"
"'116","'LINE","'b. PCl₃","'83.14025116"
"'116","'LINE","'c. SF₂ d. SO₄²⁻","'79.23977661"
"'116","'LINE","'e. CS2","'77.92869568"
"'116","'LINE","'2. When is the molecular shape and the electron-set arrangement the same?","'99.97151184"
"'116","'LINE","'3. Arrange the following AFₙ species in order of increasing F-A-F bond","'98.87383270"
"'116","'LINE","'angles. BF₃, BeF₂, CF₄, NF₃, OF₂","'84.91865540"
"'116","'LINE","'4. In the gas phase, phosphorus pentachloride exists as separate molecules.","'99.93431854"
"'116","'LINE","'In the solid phase, however, the compound is composed of alternating","'99.99459839"
"'116","'LINE","'PCl₄⁺ and PCl₆⁻ ions. How does the molecular shape change as PC1₅","'90.71356964"
"'116","'LINE","'solidifies? How does the angle change?","'99.97369385"
"'116","'LINE","'5.","'99.89257813"
"'116","'LINE","'For molecules of general formula ABₙ (where n > 2), how do you","'97.86852264"
"'116","'LINE","'determine if a molocule is polar?","'99.90928650"
"'116","'LINE","'106","'99.89257813"
"'116","'LINE","'UNIT 2","'99.44784546"
"'117","'LINE","'Covalent Bonds and Molecular Geometry","'99.98046875"
"'117","'LINE","'2.3.2","'99.95117188"
"'117","'LINE","'Intermolecular Forces in Covalent Compounds","'99.90660858"
"'117","'LINE","'Activity 2.17","'99.62890625"
"'117","'LINE","'Form a group of four and discuss the following questions. Then, present","'99.84278870"
"'117","'LINE","'your responses to the whole class.","'99.99023438"
"'117","'LINE","'1. Why does a polar liquid generally have a higher normal boiling point","'99.86125946"
"'117","'LINE","'than a non-polar liquid of the same molecular mass?","'99.75917816"
"'117","'LINE","'2. State the reason why CH₄ is a gas at room temperature whereas H2O is","'96.87882996"
"'117","'LINE","'a liquid.","'99.68799591"
"'117","'LINE","'3. Only one of these substances is a solid at standard temperature and","'99.90925598"
"'117","'LINE","'pressure (STP): C H₅COOH, CH₃(CH₂)₈CH₃, CH3OH, (CH₃CH₂)₂O.","'59.98980331"
"'117","'LINE","'Which do you think it is and why?","'99.97436523"
"'117","'LINE","'4. Only one of these substances is a gas at STP: NI₃, BF₃, PCl₃, and","'95.99643707"
"'117","'LINE","'CH₂COOH. Which do you think it is and why?","'95.16535187"
"'117","'LINE","'There are two types of force that hold matter together. These are intramolecular and","'99.97948456"
"'117","'LINE","'intermolecular forces. Intramolecular force is a chemical bond (ionic, covalent or","'99.85815430"
"'117","'LINE","'metallic) that exists within a particle (molecule or polyatomic ion) and affects the","'99.89398956"
"'117","'LINE","'chemical property of the species.","'99.99202728"
"'117","'LINE","'Intermolecular force are those bonds that hold particles (ions or molecules) together.","'99.95619965"
"'117","'LINE","'A glass of water for example, contains many molecules of water. These molecules are","'99.66211700"
"'117","'LINE","'held together by intermolecular forces, whereas the intramolecular forces hold the two","'99.95606995"
"'117","'LINE","'hydrogen atoms to the oxygen atom in each molecule of water. Intermolecular forces are","'99.92646790"
"'117","'LINE","'relatively weak as compared to intramolecular forces, because they typically involve","'99.97573853"
"'117","'LINE","'lower charges that are farther apart. However, the strength of the intermolecular forces","'99.97715759"
"'117","'LINE","'is important because they affect physical properties of the species such as melting","'99.97258759"
"'117","'LINE","'point and boiling point.","'99.98515320"
"'117","'LINE","'UNIT 2","'99.45312500"
"'117","'LINE","'107","'99.79492188"
"'118","'LINE","'CHEMISTRY GRADE 11","'99.86952209"
"'118","'LINE","'Activity 2.18","'99.68750000"
"'118","'LINE","'Discuss the following in a group of four, and share your answers with the","'99.88790894"
"'118","'LINE","'rest of the class.","'99.99755859"
"'118","'LINE","'1. Name some intermolecular forces.","'99.94710541"
"'118","'LINE","'2. Explain why cis-1,2-dichloroethene has a higher boiling point than trans-","'97.85605621"
"'118","'LINE","'1,2-dichloroethene.","'97.74154663"
"'118","'LINE","'3. Which type of compound exhibit hydrogen bonding?","'99.98779297"
"'118","'LINE","'4. Name the factors on which the strength of dispersion forces of the","'99.98641968"
"'118","'LINE","'particles depends.","'99.97518921"
"'118","'LINE","'5. Ice is lighter than water. Why?","'99.95501709"
"'118","'LINE","'Three types of attractive force are known to exist between neutral molecules: dipole-","'99.84912872"
"'118","'LINE","'dipole forces, London (or dispersion) forces, and hydrogen bonding forces. The term","'99.95118713"
"'118","'LINE","'van der Waals forces are a general term for those intermolecular forces that include","'99.87012482"
"'118","'LINE","'dipole-dipole and London forces. Van der Waals forces are the weak attractive forces","'99.92365265"
"'118","'LINE","'in a large number of substances, including Cl2, and Br₂.","'92.95501709"
"'118","'LINE","'Dipole-Dipole forces","'98.39445496"
"'118","'LINE","'Dipole-dipole forces act between the molecules possessing permanent dipole. When","'99.63432312"
"'118","'LINE","'polar molecules are brought near one another, their partial charges act as tiny electric","'99.96965790"
"'118","'LINE","'fields that orient them and give rise to dipole-dipole forces; the partially positive","'99.66658783"
"'118","'LINE","'end of one molecule attracts the partially negative end of another. Ends of the dipoles","'99.98080444"
"'118","'LINE","'possess ""partial charges"" and these charges are shown by Greek letter delta (δ).","'99.85857391"
"'118","'LINE","'δ⁺ δ⁻","'74.74609375"
"'118","'LINE","'δ⁺ δ⁻","'73.28881836"
"'118","'LINE","'H","'97.11814880"
"'118","'LINE","'Cl","'55.38962936"
"'118","'LINE","'H","'96.49552917"
"'118","'LINE","'CI","'76.91744995"
"'118","'LINE","'Dipole-Dipole","'99.87224579"
"'118","'LINE","'attraction","'100.00000000"
"'118","'LINE","'This interaction is stronger than the London forces but is weaker than ion-ion","'99.80980682"
"'118","'LINE","'interaction because only partial charges are involved. The attractive force decreases","'99.96835327"
"'118","'LINE","'with the increase of distance between the dipoles.","'99.98505402"
"'118","'LINE","'108","'99.81445313"
"'118","'LINE","'UNIT 2","'99.53125000"
"'119","'LINE","'Covalent Bonds and Molecular Geometry","'99.97640228"
"'119","'LINE","'Hydrogen Bonding","'99.96093750"
"'119","'LINE","'Polar molecules containing hydrogen atoms bonded to highly electronegative atoms","'99.97412872"
"'119","'LINE","'of nitrogen, oxygen, or fluorine form especially strong dipole-dipole attractions.","'99.89067078"
"'119","'LINE","'This type of attraction, called a hydrogen bond, occurs between the partially positive","'99.90369415"
"'119","'LINE","'hydrogen atom in one molecule and the partially negative nitrogen, oxygen, or fluorine","'99.95130920"
"'119","'LINE","'atom in another molecule. The atom sequence that leads to an H bond (dotted line) is","'99.96739960"
"'119","'LINE","'indicated below. Hydrogen bonds are the strongest type of attractive forces between","'99.99423981"
"'119","'LINE","'polar covalent molecules.","'99.95037079"
"'119","'LINE","'What is the difference between hydrogen bonds and chemical bonds?","'99.98323822"
"'119","'LINE","'Example 2.5","'99.80468750"
"'119","'LINE","'Some examples of H-bonding are given below.","'99.98453522"
"'119","'LINE","'δ-","'84.32527924"
"'119","'LINE","'δ+","'92.75968933"
"'119","'LINE","'δ-","'81.26315308"
"'119","'LINE","'δ-","'84.97030640"
"'119","'LINE","'δ+","'94.13424683"
"'119","'LINE","'δ-","'86.12424469"
"'119","'LINE","'δ-","'81.55632019"
"'119","'LINE","'δ+","'91.50968933"
"'119","'LINE","'δ-","'82.47329712"
"'119","'LINE","'F:","'92.20623016"
"'119","'LINE","'H","'84.41844940"
"'119","'LINE","'O:","'78.99314117"
"'119","'LINE","'H","'85.10712433"
"'119","'LINE","'N","'95.11898041"
"'119","'LINE","'Dispersion or London Forces","'99.96318054"
"'119","'LINE","'Usually, the electrons in a non-polar covalent molecule are distributed symmetrically.","'99.84128571"
"'119","'LINE","'However, the movement of the electrons may place more of them in one part of the","'99.99263000"
"'119","'LINE","'molecule than another, which forms a temporary dipole. These momentary dipoles","'99.84439850"
"'119","'LINE","'align the molecules so that the positive end of one molecule is attracted to the negative","'99.78462982"
"'119","'LINE","'end of another molecule.","'99.98007202"
"'119","'LINE","'Temporary dipoles","'99.95525360"
"'119","'LINE","'Nucleus","'99.96014404"
"'119","'LINE","'δ⁺","'94.41167450"
"'119","'LINE","'δ⁻","'77.37245178"
"'119","'LINE","'δ⁺","'90.02451324"
"'119","'LINE","'δ⁻","'87.98529053"
"'119","'LINE","'δ⁺","'92.35710144"
"'119","'LINE","'δ⁻","'77.36308289"
"'119","'LINE","'Electrons","'100.00000000"
"'119","'LINE","'Symmetrical","'99.93083954"
"'119","'LINE","'Unsymmetrical","'99.99023438"
"'119","'LINE","'Dispersion forces","'99.94548798"
"'119","'LINE","'distribution","'99.91051483"
"'119","'LINE","'distribution","'99.96014404"
"'119","'LINE","'UNIT 2","'99.66796875"
"'119","'LINE","'109","'99.89257813"
"'120","'LINE","'CHEMISTRY GRADE 11","'99.62213135"
"'120","'LINE","'These weak attractive forces between molecules resulting from the small, instantaneous","'99.95243835"
"'120","'LINE","'dipoles that occur because of the varying positions of the electrons during their motion","'99.98104858"
"'120","'LINE","'about nuclei are called London forces or dispersion forces. They are present between","'99.96570587"
"'120","'LINE","'all particles (atoms, ions, and molecules). Although dispersion forces are very weak,","'99.96115875"
"'120","'LINE","'they make it possible for non-polar molecules like CO2, Cl2, noble gases, etc., to form","'95.20761108"
"'120","'LINE","'liquids and solids.","'99.98020172"
"'120","'LINE","'London forces tend to increase with molecular weight, why do you think this is?","'99.96350098"
"'120","'LINE","'For molecules of about the same molecular weight, the strength of the dispersion","'99.98698425"
"'120","'LINE","'forces is affected by molecular geometry (shape). Shapes that allow more points","'99.98345947"
"'120","'LINE","'of contact have more area over which electron clouds can be distorted, so stronger","'99.74753571"
"'120","'LINE","'attractions result. This is probably the reason why n-pentane has a higher boiling point","'99.94293213"
"'120","'LINE","'(36 °C) than its isomers 2-methylbutane (28 °C), and 2, 2-dimethylpropane (9.5 °C).","'96.74326324"
"'120","'LINE","'Exercise 2.10","'99.56054688"
"'120","'LINE","'1. In which of the following substances do hydrogen bonds occur? Explain","'99.94690704"
"'120","'LINE","'by using diagrams.","'99.93735504"
"'120","'LINE","'a. CH₄","'91.01094055"
"'120","'LINE","'b. CH₃CH₂OH","'70.97078705"
"'120","'LINE","'c. R-CH-C-OH NH₂ O","'85.03913879"
"'120","'LINE","'d. H₃C-O-CH₃","'77.57762909"
"'120","'LINE","'2. What kinds of intermolecular forces (London, dipole-dipole, hydrogen","'99.87995911"
"'120","'LINE","'bonding) would you expect in the following substances?","'99.97782898"
"'120","'LINE","'a. CHCl₃","'77.54553986"
"'120","'LINE","'b. H2O","'83.39704132"
"'120","'LINE","'c. F₂","'64.11331940"
"'120","'LINE","'d. HBr","'99.63378906"
"'120","'LINE","'3. Identify the dominant intermolecular force that is present in each of the","'99.97652435"
"'120","'LINE","'following substance and select the substance with the higher boiling","'100.00000000"
"'120","'LINE","'point in each pair:","'99.97050476"
"'120","'LINE","'a. CH3OH or CH₃CH₂OH","'74.20833588"
"'120","'LINE","'b. Hexane or cyclohexane","'99.90906525"
"'120","'LINE","'c. MgCl₂ or PCl₃","'86.85716248"
"'120","'LINE","'d. CH₃NH₂ or CH3F","'77.87702179"
"'120","'LINE","'4. Compare intermolecular forces with intramolecular bonding.","'99.94362640"
"'120","'LINE","'5. Compare the strength and polarity of intermolecular forces.","'99.96483612"
"'120","'LINE","'110","'99.59960938"
"'120","'LINE","'UNIT 2","'99.35058594"
"'121","'LINE","'Metallic Bonding","'99.96093750"
"'121","'LINE","'2.4","'99.97070313"
"'121","'LINE","'Metallic Bonding","'99.96054077"
"'121","'LINE","'At the end of this section, you will be able to:","'99.95532227"
"'121","'LINE","'explain how a metallic bond is formed","'99.86518860"
"'121","'LINE","'explain the properties of metals related to the concept of bonding, and","'99.98257446"
"'121","'LINE","'investigate the conductivity, malleability and ductility of some metals and","'99.96421051"
"'121","'LINE","'non-metals (Al, Си, Fe, Sn, Zn, S, C charcoal, C graphite and Si).","'96.57057953"
"'121","'LINE","'2.4.1","'99.91210938"
"'121","'LINE","'Formation of Metallic Bonding","'99.99511719"
"'121","'LINE","'Activity 2.19","'99.59472656"
"'121","'LINE","'Form a group and discuss the following questions. Then, share your","'99.84832001"
"'121","'LINE","'responses to the whole class.","'99.99609375"
"'121","'LINE","'1. What are the two characteristics that lead to an element being","'99.97470093"
"'121","'LINE","'classified as a metal?","'99.55257416"
"'121","'LINE","'2. Which types of bond exist in solid copper?","'99.99349213"
"'121","'LINE","'3. What is delocalization of electrons?","'99.98535156"
"'121","'LINE","'Metallic bonds are the chemical bonds that hold atoms together in solid metals such","'99.99581909"
"'121","'LINE","'as copper, iron, and aluminum. In these metals, each metal atom is bonded to several","'99.97564697"
"'121","'LINE","'neighboring atoms. Metallic bonding is the sharing of free electrons (delocalized","'99.97921753"
"'121","'LINE","'electrons) among a lattice of positively charged metal ions. The bonding electrons are","'99.86001587"
"'121","'LINE","'relatively free to move throughout the three-dimensional structure.","'99.97040558"
"'121","'LINE","'How is a metallic bond different from that of covalent and ionic bonds?","'99.92052460"
"'121","'LINE","'The strength of the metallic bond depends on:","'99.99145508"
"'121","'LINE","'1. the number of electrons in the delocalized ""sea"" of electrons. More delocalized","'99.85700989"
"'121","'LINE","'electrons result in a stronger bond and a higher melting point.","'99.92987823"
"'121","'LINE","'2. the packing arrangement of the metal atoms. The more closely packed the","'99.99549103"
"'121","'LINE","'atoms are the stronger the bond is and the higher the melting point.","'99.99167633"
"'121","'LINE","'UNIT 2","'99.70214844"
"'121","'LINE","'111","'99.05034637"
"'122","'LINE","'CHEMISTRY GRADE 11","'99.88606262"
"'122","'LINE","'2.4.2","'99.95117188"
"'122","'LINE","'Electron-Sea Model","'99.82221985"
"'122","'LINE","'The electron-sea model is a very simple model, which pictures the metal as an array","'99.92591095"
"'122","'LINE","'of metal cations in a ""sea"" of electrons, as illustrated in Figure 2.8. It proposes that","'99.88275146"
"'122","'LINE","'all the metal atoms in a sample pool their valence electrons to form an electron ""sea""","'99.88433075"
"'122","'LINE","'that is delocalized throughout the piece. The metal ions (nuclei plus core electrons) are","'99.95176697"
"'122","'LINE","'submerged within this electron sea in an orderly array.","'99.97586060"
"'122","'LINE","'+","'86.75781250"
"'122","'LINE","'+","'88.75408936"
"'122","'LINE","'""Sea"" of","'99.45292664"
"'122","'LINE","'+","'86.11816406"
"'122","'LINE","'+","'89.73065186"
"'122","'LINE","'+","'87.81250000"
"'122","'LINE","'+","'89.07714844"
"'122","'LINE","'delocalized","'100.00000000"
"'122","'LINE","'electrons","'99.96014404"
"'122","'LINE","'+","'87.05566406"
"'122","'LINE","'+","'90.49804688"
"'122","'LINE","'+","'88.70605469"
"'122","'LINE","'+","'90.01953125"
"'122","'LINE","'Metal","'100.00000000"
"'122","'LINE","'cations","'99.95037079"
"'122","'LINE","'+","'89.73144531"
"'122","'LINE","'+","'92.45117188"
"'122","'LINE","'+","'88.69628906"
"'122","'LINE","'+","'91.74724579"
"'122","'LINE","'Figure 2.8: The electron-sea model for the electronic structure of metals","'99.96501160"
"'122","'LINE","'The metal ions are not held in place as rigidly as the ions in an ionic solid, and no","'99.97820282"
"'122","'LINE","'two metal atoms are bonded through a localized pair of electrons as in a covalent","'99.88756561"
"'122","'LINE","'bond. Rather, the valence electrons are shared among all the atoms in the sample,","'99.98936462"
"'122","'LINE","'and the piece of metal is held together by the mutual attraction of the metal cations","'99.99568176"
"'122","'LINE","'for the mobile, highly delocalized valence electrons. The mobile electrons, known as","'99.97274780"
"'122","'LINE","'conduction electrons, can transfer thermal vibration from one part of the structure to","'99.95025635"
"'122","'LINE","'another i.e., metals can conduct heat. They are good conductors of electricity also.","'99.97346497"
"'122","'LINE","'2.4.3","'99.99023438"
"'122","'LINE","'Properties of Metals and Bonding","'99.98014832"
"'122","'LINE","'Activity 2.20","'99.61425781"
"'122","'LINE","'Perform the following activity in groups, and share your results to the rest","'99.99392700"
"'122","'LINE","'of the class.","'100.00000000"
"'122","'LINE","'1. Take a piece of metal and a piece of wood of the same size.","'99.90351105"
"'122","'LINE","'2. Let these remain on a table so that both reach room temperature.","'99.15192413"
"'122","'LINE","'3. Place your left hand on the metal and right one on the wood. Which","'99.98567963"
"'122","'LINE","'hand feels colder? Why?","'99.99511719"
"'122","'LINE","'112","'99.85351563"
"'122","'LINE","'UNIT 2","'99.70214844"
"'123","'LINE","'Metallic Bonding","'99.94628906"
"'123","'LINE","'The general properties of metals include malleability and ductility and most are strong","'99.98860931"
"'123","'LINE","'and durable. They are good conductors of heat and electricity. Their strength indicates","'99.95944977"
"'123","'LINE","'that the atoms are difficult to separate.","'99.97745514"
"'123","'LINE","'To what do properties of metals like malleability and ductility refer?","'99.95836639"
"'123","'LINE","'The regularity, but not rigidity, of the metal-ion array and the mobility of the valence","'99.96853638"
"'123","'LINE","'electrons account for the physical properties of metals.","'99.97763062"
"'123","'LINE","'We can explain a lot of the properties of metals by thinking about this model of","'99.95861053"
"'123","'LINE","'metallic bonding. The delocalized electrons are not attached to atoms, so they can","'99.79557037"
"'123","'LINE","'move through the metal easily. This makes metals good conductors of electricity and","'99.97934723"
"'123","'LINE","'heat, even when they are solid.","'99.98860931"
"'123","'LINE","'Why do not ionic compounds conduct electricity when they are in solid form? But","'99.98587799"
"'123","'LINE","'conductor when they are dissolved in water?","'99.96896362"
"'123","'LINE","'The electrostatic bonds between the metal ions and the delocalized electrons are hard","'99.98629761"
"'123","'LINE","'to break, so metals are strong. Why do metals bend or dent, rather than crack or shatter","'99.86433411"
"'123","'LINE","'as ionic solids do when they struck by a hammer? Many metals can be flattened into","'99.94497681"
"'123","'LINE","'sheets (malleable) and pulled into wires (ductile). The combination of strength and","'99.95268250"
"'123","'LINE","'malleability means that metals are easy to bend but hard to break. This makes them","'99.98687744"
"'123","'LINE","'extremely useful for making things.","'99.97412872"
"'123","'LINE","'Metals have moderate to high melting points because the attractions between the","'99.98759460"
"'123","'LINE","'cations and the delocalized electrons are not broken during melting, but boiling points","'99.97252655"
"'123","'LINE","'are very high because each cation and its electron(s) must break away from the others.","'99.98627472"
"'123","'LINE","'Gallium provides a striking example: it melts in your hand (mp 29.8 °C) but doesn't","'99.23336792"
"'123","'LINE","'boil until 2403 °C. The alkaline earth metals [Group IIA(2)] have higher melting","'99.11119080"
"'123","'LINE","'points than the alkali metals [Group IA(1)] because of greater attraction between their","'99.69896698"
"'123","'LINE","'2+ cations and twice the number of valence electrons.","'99.94277954"
"'123","'LINE","'UNIT 2","'99.60449219"
"'123","'LINE","'113","'99.83398438"
"'124","'LINE","'CHEMISTRY GRADE 11","'99.85650635"
"'124","'LINE","'Activity 2.21","'99.72656250"
"'124","'LINE","'Form a group and discuss the following questions, then present your","'99.91072845"
"'124","'LINE","'responses to the whole class.","'99.99609375"
"'124","'LINE","'1.","'99.87304688"
"'124","'LINE","'List four physical characteristics of a solid metal.","'99.90065002"
"'124","'LINE","'2.","'99.97070313"
"'124","'LINE","'Briefly account for the following relative values:","'99.99720764"
"'124","'LINE","'a. Lithium boils at 1317 °C and melts at 179 °C. The boiling point is","'97.24264526"
"'124","'LINE","'about 1138 °C higher than its melting point.","'98.58306122"
"'124","'LINE","'b. The melting point of Li and Be are 180 °C and 1287 °C, respectively.","'97.83792114"
"'124","'LINE","'c. The melting point of sodium is 89 °C, whereas that of potassium is 63 °C.","'94.47655487"
"'124","'LINE","'2.5","'99.95117188"
"'124","'LINE","'Chemical Bonding Theories","'99.94412994"
"'124","'LINE","'At the end of this section, you will be able to:","'99.94985199"
"'124","'LINE","'name two chemical bond theories","'99.97217560"
"'124","'LINE","'explain the valence bond theory","'100.00000000"
"'124","'LINE","'distinguish the Lewis model and the valence bond model","'99.99891663"
"'124","'LINE","'discuss the overlapping of orbitals in covalent bond formation","'99.97135162"
"'124","'LINE","'explain hybridization","'99.97518921"
"'124","'LINE","'show the process of hybridization involved in some covalent molecules","'99.96029663"
"'124","'LINE","'draw hybridization diagrams for the formation of sp, sp², sp³, sp³d and","'97.41487122"
"'124","'LINE","'sp³d² hybrids","'96.57126617"
"'124","'LINE","'suggest the kind of hybrid orbitals on the basis of the electron structure of","'99.95677185"
"'124","'LINE","'the central atom","'99.99023438"
"'124","'LINE","'predict the geometrical shapes of some simple molecules on the basis of","'99.97023773"
"'124","'LINE","'hybridization and the nature of electron pairs","'99.97583008"
"'124","'LINE","'discuss the hybridization involved in compounds containing multiple","'99.97640991"
"'124","'LINE","'bonds","'100.00000000"
"'124","'LINE","'explain bond length and bond strength","'99.99837494"
"'124","'LINE","'explain molecular orbital theory","'99.98759460"
"'124","'LINE","'describe molecular orbital using atomic orbitals","'99.97843933"
"'124","'LINE","'describe bonding and anti-bonding molecular orbitals","'99.98183441"
"'124","'LINE","'114","'99.85351563"
"'124","'LINE","'UNIT 2","'99.62402344"
"'125","'LINE","'Chemical Bonding Theories","'99.99023438"
"'125","'LINE","'draw molecular orbital energy level diagrams for homonuclear diatomic","'99.98228455"
"'125","'LINE","'molecules","'99.96014404"
"'125","'LINE","'write the electron configuration of simple molecules using the molecular","'99.97608948"
"'125","'LINE","'orbital model","'99.98535156"
"'125","'LINE","'define bond order and determine the bond order of some simple","'99.99371338"
"'125","'LINE","'molecules and molecule-ions","'99.93761444"
"'125","'LINE","'determine the stability of a molecule or an ion using its bond order; and","'99.87605286"
"'125","'LINE","'predict magnetic properties of molecules.","'99.94045258"
"'125","'LINE","'The Lewis model, one of the earliest models of covalent bond formation, represents","'99.98166656"
"'125","'LINE","'chemical bonds by an electron dot formula. However, it fails to explain the formation of","'99.96924591"
"'125","'LINE","'chemical bonds. It gives no idea about the shapes of polyatomic molecules. Similarly,","'99.95650482"
"'125","'LINE","'the VSEPR theory gives the geometry of simple molecules but, theoretically, it does","'99.98247528"
"'125","'LINE","'not explain them and it has limited applications. Covalent bonds are more accurately","'99.97959900"
"'125","'LINE","'explained using modern bonding theories: the valence bond theory and the molecular","'99.98671722"
"'125","'LINE","'orbital theory.","'99.98007202"
"'125","'LINE","'The valence bond (VB) theory assumes that the electrons in a molecule occupy atomic","'99.80319214"
"'125","'LINE","'orbitals of the individual atoms. It give us a picture of individual atoms taking part","'99.87487793"
"'125","'LINE","'in the bond formation. The molecular orbital (MO) theory, assumes the formation of","'98.66247559"
"'125","'LINE","'molecular orbitals from the atomic orbitals.","'99.97342682"
"'125","'LINE","'Which theory explains all aspects of bonding?","'99.99011993"
"'125","'LINE","'2.5.1","'99.97070313"
"'125","'LINE","'Valence Bond (VB) Theory","'99.88834381"
"'125","'LINE","'The valence-bond approach is the most useful approach to answer questions such as:","'99.96444702"
"'125","'LINE","'what is a covalent bond, and what characteristic gives it strength? How can we explain","'99.93875885"
"'125","'LINE","'molecular shapes based on the interactions of atomic orbitals? The basic principle of","'99.97709656"
"'125","'LINE","'valence bond theory is that a covalent bond forms when orbitals of two atoms overlap","'99.95649719"
"'125","'LINE","'and the overlap region, which is between the nuclei, is occupied by a pair of electrons.","'99.94412231"
"'125","'LINE","'By overlap, we mean that the two orbitals share a common region in space.","'99.84735107"
"'125","'LINE","'UNIT 2","'99.54589844"
"'125","'LINE","'115","'99.88281250"
"'126","'LINE","'CHEMISTRY GRADE 11","'99.75233459"
"'126","'LINE","'For example, consider the formation of the H2 molecule from two hydrogen atoms.","'97.21550751"
"'126","'LINE","'Each atom has the electron configuration 1s¹. As the H atoms approach each other, their","'99.63668060"
"'126","'LINE","'1s orbitals begin to overlap and a covalent bond forms (Figure 2.9). Electron density is","'99.72976685"
"'126","'LINE","'higher in the overlap region than anywhere else, and the build-up of negative electron","'99.94461060"
"'126","'LINE","'charge between the positive nuclei provides the electrostatic attraction that holds the","'99.98759460"
"'126","'LINE","'atoms together.","'99.95077515"
"'126","'LINE","'H","'91.85685730"
"'126","'LINE","'+","'96.40544891"
"'126","'LINE","'H","'96.88536835"
"'126","'LINE","'H","'95.40198517"
"'126","'LINE","'H","'92.68794250"
"'126","'LINE","'1s","'74.42201233"
"'126","'LINE","'1s","'67.80839539"
"'126","'LINE","'H2 molecule","'92.71643829"
"'126","'LINE","'Figure 2.9: Atomic orbital overlap and bonding in H2","'99.10353088"
"'126","'LINE","'How is the strength of the bond between any two atoms affected by the extent of the","'99.99363708"
"'126","'LINE","'overlap between the two orbitals?","'99.99023438"
"'126","'LINE","'When two atoms are brought closely together, the repulsion of the atomic nuclei","'99.98786163"
"'126","'LINE","'becomes more important than the electron-nucleus attraction and the bond becomes","'99.32878113"
"'126","'LINE","'unstable. There is a condition of optimal orbital overlap that leads to maximum bond","'99.91271973"
"'126","'LINE","'strength (bond energy) at a particular internuclear distance (bond length).","'99.82377625"
"'126","'LINE","'The bond strength depends on the attraction of the nuclei for the shared electrons,","'99.98802185"
"'126","'LINE","'so the greater the orbital overlap, the stronger (more stable) the bond. The extent of","'99.83876801"
"'126","'LINE","'overlap depends on the shapes and directions of the orbitals. An S orbital is spherical,","'99.42080688"
"'126","'LINE","'but p and d orbitals have more electron density in one direction than in another. Thus,","'99.91319275"
"'126","'LINE","'whenever possible, a bond involving p or d orbitals will be oriented in the direction","'99.86614227"
"'126","'LINE","'that maximizes overlap.","'99.97017670"
"'126","'LINE","'In the HF bond, for example, the 1s orbital of H overlaps the half-filled 2p orbital of","'99.84355927"
"'126","'LINE","'F along the long axis of that orbital (Figure 2.10). Any other direction would result in","'99.89889526"
"'126","'LINE","'less overlap and, thus, a weaker bond.","'99.84101868"
"'126","'LINE","'Note that a single bond consists of two electrons of opposite spin: hence, the two","'99.92379761"
"'126","'LINE","'atomic orbitals that give rise to a single bond can have no more than two electrons in","'99.90605927"
"'126","'LINE","'total.","'99.77140808"
"'126","'LINE","'116","'99.84375000"
"'126","'LINE","'UNIT 2","'99.60937500"
"'127","'LINE","'Chemical Bonding Theories","'99.99023438"
"'127","'LINE","'x","'94.57330322"
"'127","'LINE","'H","'99.15397644"
"'127","'LINE","'HF","'99.84375000"
"'127","'LINE","'y","'91.95093536"
"'127","'LINE","'F","'99.88281250"
"'127","'LINE","'1","'99.29607391"
"'127","'LINE","'+","'99.42382813"
"'127","'LINE","'1","'99.33593750"
"'127","'LINE","'=","'97.36666870"
"'127","'LINE","'1L","'87.20902252"
"'127","'LINE","'+ z","'70.16790771"
"'127","'LINE","'1s","'54.99740982"
"'127","'LINE","'2p2","'63.27009201"
"'127","'LINE","'sp overlapping","'99.87712860"
"'127","'LINE","'Figure 2.10: Orbital and spin pairing in the formation of a HF molecule","'99.79454041"
"'127","'LINE","'Similarly, in the F-F bond of F₂, the two 2p orbitals interact end-to-end, that is along","'97.72765350"
"'127","'LINE","'the orbital axes, to attain maximum overlap (Figure 2.11).","'99.78245544"
"'127","'LINE","'F2","'87.12451935"
"'127","'LINE","'F","'99.79412842"
"'127","'LINE","'F","'99.75505829"
"'127","'LINE","'1","'98.94451141"
"'127","'LINE","'+","'97.81588745"
"'127","'LINE","'1","'98.95427704"
"'127","'LINE","'=","'99.29607391"
"'127","'LINE","'1L","'96.58502197"
"'127","'LINE","'2p","'99.87304688"
"'127","'LINE","'2p","'99.92187500"
"'127","'LINE","'p-p overlapping","'99.77458954"
"'127","'LINE","'Figure 2.11: Orbital and spin pairing in the formation of a F2 molecule","'99.14314270"
"'127","'LINE","'When two atomic orbitals overlap to build up electron density along the two axis","'99.99082184"
"'127","'LINE","'between the two nuclei, the resulting localized bond is called a sigma bond (σ). Such","'99.89207458"
"'127","'LINE","'an overlap is sometimes referred to as a head on, end-to-end, end on or linear overlap.","'99.90298462"
"'127","'LINE","'In Figures 2.9, 2.10 and 2.11, head-to-head overlap resulted in sigma bonds.","'99.61216736"
"'127","'LINE","'Exercise 2.11","'99.81445313"
"'127","'LINE","'1. Sketch the sigma bonds in Cl2 and HCI molecules.","'91.46771240"
"'127","'LINE","'2. Identify the overlapping orbitals that form the single bond in a BrCl","'99.95355988"
"'127","'LINE","'molecule.","'99.96014404"
"'127","'LINE","'So far we have considered only sigma bonds, bonds in which the highest electron","'99.98651886"
"'127","'LINE","'density lies along the bond axis (an imaginary line joining the nuclei) in between","'99.97739410"
"'127","'LINE","'the bonded nuclei. The shape of p atomic orbitals allows them to overlap not only in","'99.93928528"
"'127","'LINE","'a head-to-head fashion. If they are oriented in a parallel position, they can overlap","'99.85355377"
"'127","'LINE","'sideways or laterally as shown in Figure 2.12. A bond formed in this way is called","'99.66355896"
"'127","'LINE","'pi-bond (π).","'98.98287964"
"'127","'LINE","'UNIT 2","'99.71191406"
"'127","'LINE","'117","'99.67773438"
"'128","'LINE","'CHEMISTRY GRADE 11","'99.83045959"
"'128","'LINE","'::","'50.52834320"
"'128","'LINE","'or","'99.48242188"
"'128","'LINE","'p orbital","'98.66868591"
"'128","'LINE","'p orbital","'99.08522034"
"'128","'LINE","'p-p overlapping","'99.57001495"
"'128","'LINE","'Figure 2.12: Formation of a pi bond (π bond) by the overlap of two half-filled p","'98.74926758"
"'128","'LINE","'orbitals that are perpendicular to the internuclear axis","'99.88194275"
"'128","'LINE","'Note that the directional nature of p orbital allows to overlap in two ways: end-to-","'99.90827942"
"'128","'LINE","'end or sideways. These two modes give rise to the two types of covalent bond: sigma","'99.97895050"
"'128","'LINE","'(σ) and pi (π) bond, respectively. However, s-s and s-p will always overlap along","'99.24638367"
"'128","'LINE","'the nuclear axis, resulting only in sigma bonds. Pi bonds are present in molecules","'99.95531464"
"'128","'LINE","'containing multiple bonds.","'99.98345947"
"'128","'LINE","'Can you give examples of compounds contain multiple bonds?","'99.97694397"
"'128","'LINE","'All of the electron density in a π bond is found in lobes above and below the line","'99.90042877"
"'128","'LINE","'connecting the atomic centers: one above and one below the sigma bond axis. One π","'99.85686493"
"'128","'LINE","'bond holds two electrons that occupy both regions of the bond. A double bond always","'99.56045532"
"'128","'LINE","'consists of one σ and one π bond. The double bond increases electron density between","'99.90805817"
"'128","'LINE","'the nuclei. A triple bond consists of one σ and two π bonds.","'99.68904877"
"'128","'LINE","'Activity 2.22","'99.45800781"
"'128","'LINE","'Answer the following questions in groups, and share your answers with the","'99.99511719"
"'128","'LINE","'rest of the class.","'100.00000000"
"'128","'LINE","'1. Which bond is stronger: sigma (σ) or pi (π)? Why?","'99.71745300"
"'128","'LINE","'2. Compare the bond strength and length of single, double, and triple","'99.98183441"
"'128","'LINE","'bonds.","'100.00000000"
"'128","'LINE","'118","'99.57031250"
"'128","'LINE","'UNIT 2","'99.56991577"
"'129","'LINE","'Chemical Bonding Theories","'100.00000000"
"'129","'LINE","'Hybridization of Orbitals","'99.98671722"
"'129","'LINE","'How many covalent bonds is a carbon atom supposed to form? How many covalent","'99.97379303"
"'129","'LINE","'bonds does carbon actually form? This discrepancy and molecular structure, specifically","'99.92254639"
"'129","'LINE","'bond angle, can be explained using the idea of hybridization. It is an imaginary mixing","'99.96696472"
"'129","'LINE","'process in which the orbitals of an atom rearrange themselves to form new orbitals","'99.98518372"
"'129","'LINE","'called hybrid orbitals.","'99.75426483"
"'129","'LINE","'Consider covalent bond formation of carbon atom. From its ground state configuration,","'99.97769928"
"'129","'LINE","'two unpaired electrons in the 2p subshell are observed.","'99.96926117"
"'129","'LINE","'Ground state C:","'99.94738770"
"'129","'LINE","'1s","'98.57640839"
"'129","'LINE","'2s","'99.91210938"
"'129","'LINE","'2p","'99.89098358"
"'129","'LINE","'One can predict the simplest hydrocarbon molecule to be CH2, by overlapping the","'96.98680878"
"'129","'LINE","'two unpaired electrons from two H atoms with the two unpaired electrons of carbon.","'99.99151611"
"'129","'LINE","'However, experiment shows that CH2 is not a stable molecule. The simplest stable","'98.79149628"
"'129","'LINE","'hydrocarbon is methane, CH₄. To account for this, you need an orbital diagram that","'96.97734070"
"'129","'LINE","'shows four unpaired electrons in the valence shell of carbon, requiring four bonds","'99.99311829"
"'129","'LINE","'(and therefore four atoms of hydrogen). To get such a diagram imagine that one of the","'99.95668030"
"'129","'LINE","'2s electrons is promoted to the empty 2p orbital. To excite the 2s electron to a higher","'99.94223785"
"'129","'LINE","'energy sublevel, energy must be absorbed. The resulting electron configuration is that","'99.97430420"
"'129","'LINE","'of an excited state having energy greater than the configuration in the ground state.","'99.98581696"
"'129","'LINE","'Excited state C:","'99.96067047"
"'129","'LINE","'1s","'99.12627411"
"'129","'LINE","'2s","'99.81445313"
"'129","'LINE","'2p","'99.85112762"
"'129","'LINE","'Valence bond theory proposes that the one 2s and all three 2p orbitals of the carbon","'99.98326874"
"'129","'LINE","'atom mix to produce four new orbitals (sp³) that are equivalent to each other in energy","'98.66563416"
"'129","'LINE","'and in shape and pointing in different directions with equal H-C-H bond angles.","'99.95262909"
"'129","'LINE","'This blending is called hybridization and the resultant orbital as hybrid orbitals. The","'99.97246552"
"'129","'LINE","'symbols used for hybrid orbitals identify the kinds and numbers of atomic orbitals","'99.98704529"
"'129","'LINE","'used to form the hybrids.","'99.98812103"
"'129","'LINE","'UNIT 2","'99.60937500"
"'129","'LINE","'119","'99.89257813"
"'130","'LINE","'CHEMISTRY GRADE 11","'99.91184235"
"'130","'LINE","'The number of new hybrid orbitals is equal to the total number of atomic orbitals that","'99.98825073"
"'130","'LINE","'are combined. Hybridization provides a useful and convenient method of predicting","'99.89424133"
"'130","'LINE","'the shapes of molecules. Note that it does not explain the reason for the shape.","'99.98281097"
"'130","'LINE","'Exercise 2.12","'99.86328125"
"'130","'LINE","'Which of the following statements are false? Give a reason for your answer.","'99.97196198"
"'130","'LINE","'1. Two σ bonds comprise a double bond.","'96.45064545"
"'130","'LINE","'2. A triple bond consists of one π bond and two σ bonds.","'98.05368042"
"'130","'LINE","'3. Bonds formed from atomic S orbitals are always σ bonds.","'99.18539429"
"'130","'LINE","'4. A π bond consists of two pairs of electrons.","'99.81784058"
"'130","'LINE","'5. End-to-end overlap results in a bond with electron density above and","'99.68627167"
"'130","'LINE","'below the bond axis.","'99.98759460"
"'130","'LINE","'sp hybrid orbital","'99.88553619"
"'130","'LINE","'sp type of hybridization involves the mixing of one S and one p orbital resulting in","'99.20983124"
"'130","'LINE","'the formation of two equivalent sp hybrid orbitals. Each sp hybrid orbitals has 50%","'99.97309113"
"'130","'LINE","'s-character and 50% p-character. Such a molecule in which the central atom is sp","'99.93195343"
"'130","'LINE","'hybridized and linked directly to two other central atoms possesses linear geometry.","'99.98013306"
"'130","'LINE","'This type of hybridization is also known as diagonal hybridization. For example, Be","'99.96789551"
"'130","'LINE","'in BeCl₂ molecule has an sp hybridization.","'97.71276855"
"'130","'LINE","'BeCl₂: The ground state electronic configuration of Be is 1s²2s². In the exited state one","'98.04631805"
"'130","'LINE","'of the 2s-electrons is promoted to vacant 2p orbital to account for its bivalency Figure","'99.96723175"
"'130","'LINE","'2.13. One 2s and one 2p-orbital gets hybridized to form two sp hybridized orbitals as","'99.91309357"
"'130","'LINE","'shown in Figure 2.14.","'99.89462280"
"'130","'LINE","'2p","'99.92107391"
"'130","'LINE","'2p","'99.81126404"
"'130","'LINE","'2p","'99.89098358"
"'130","'LINE","'I","'52.27359390"
"'130","'LINE","'sp","'99.79412842"
"'130","'LINE","'2s","'99.83398438"
"'130","'LINE","'Excitated","'99.96014404"
"'130","'LINE","'2s","'99.95117188"
"'130","'LINE","'Mix","'99.92028046"
"'130","'LINE","'11","'87.39659119"
"'130","'LINE","'II","'39.32318115"
"'130","'LINE","'1","'62.94284058"
"'130","'LINE","'Isolated Be atom","'99.96717834"
"'130","'LINE","'Hybridized Be atom","'99.95416260"
"'130","'LINE","'Be (excitated)","'99.88042450"
"'130","'LINE","'Figure 2.13: Excitation of Be 2s electrons and sp hybrid orbitals formation","'99.88928986"
"'130","'LINE","'120","'99.92187500"
"'130","'LINE","'UNIT 2","'99.66757202"
"'131","'LINE","'Chemical Bonding Theories","'99.98371887"
"'131","'LINE","'S orbital","'98.80570221"
"'131","'LINE","'p orbital","'99.05342865"
"'131","'LINE","'Hybridize","'99.83318329"
"'131","'LINE","'180°","'93.43968964"
"'131","'LINE","'linear, 180°","'97.99356079"
"'131","'LINE","'Two sp hybrid orbitals","'99.97050476"
"'131","'LINE","'sp hybrid orbitals shown together","'99.95655060"
"'131","'LINE","'(large lobes only)","'99.90533447"
"'131","'LINE","'Figure 2.14: The formation of two equivalent sp hybride orbitals in Be","'99.81754303"
"'131","'LINE","'These two sp hybrid orbitals face opposite directions, forming an angle of 180°. Each","'99.57966614"
"'131","'LINE","'of the sp hybridized orbitals overlaps with the 2p-orbital of chlorine axially and forms","'99.96884918"
"'131","'LINE","'two BeCl sigma bonds. This is shown in Figure 2.15.","'99.84963226"
"'131","'LINE","'3p","'86.22708130"
"'131","'LINE","'Cl","'66.47699738"
"'131","'LINE","'2p","'95.13611603"
"'131","'LINE","'T","'88.53395844"
"'131","'LINE","'T","'82.15441895"
"'131","'LINE","'T1 sp","'61.53808975"
"'131","'LINE","'Be","'99.48181915"
"'131","'LINE","'CI","'77.69232178"
"'131","'LINE","'orbital","'99.97070313"
"'131","'LINE","'Cl","'58.33546066"
"'131","'LINE","'Be","'99.71201324"
"'131","'LINE","'T","'89.78615570"
"'131","'LINE","'sp","'89.37061310"
"'131","'LINE","'T","'75.22690582"
"'131","'LINE","'overlap","'99.93164063"
"'131","'LINE","'2p","'97.86849976"
"'131","'LINE","'CI","'67.45635223"
"'131","'LINE","'3p","'86.33609772"
"'131","'LINE","'Figure 2.15: The sp hybrid orbitals in gaseous BeCl2 sp2 hybrid orbitals","'93.67833710"
"'131","'LINE","'sp² hybridization","'77.80084229"
"'131","'LINE","'In this hybridization there is involvement of one S and two p-orbitals in order to form","'99.54636383"
"'131","'LINE","'three equivalent sp² hybridized orbitals. For example, in BCl₃ molecule, the ground","'95.92343903"
"'131","'LINE","'state electronic configuration of central boron atom is 1s²2s²2p¹. In the excited state,","'97.22245026"
"'131","'LINE","'one of the 2s electrons is promoted to vacant 2p orbital (Figure 2.16) as a result boron","'99.75289154"
"'131","'LINE","'has three unpaired electrons. These three orbitals (one 2s and two 2p) hybridize to","'99.92201996"
"'131","'LINE","'form three sp² hybrid orbitals as shown in Figure 2.16.","'96.79358673"
"'131","'LINE","'P orbital","'77.85195923"
"'131","'LINE","'2p","'93.30974579"
"'131","'LINE","'+","'59.53204727"
"'131","'LINE","'2p","'98.60271454"
"'131","'LINE","'E","'92.09562683"
"'131","'LINE","'Promotion","'98.17382813"
"'131","'LINE","'Hybridization","'98.93235779"
"'131","'LINE","'+ sp²","'75.08315277"
"'131","'LINE","'C","'70.16003418"
"'131","'LINE","'2s","'87.58221436"
"'131","'LINE","'+","'76.08388519"
"'131","'LINE","'B","'72.20245361"
"'131","'LINE","'B","'73.76116180"
"'131","'LINE","'B","'89.71759796"
"'131","'LINE","'ground state","'99.82870483"
"'131","'LINE","'excited state","'99.92147827"
"'131","'LINE","'sp2 hybridzed","'81.06674194"
"'131","'LINE","'sp2 hybrid orbitals","'86.15646362"
"'131","'LINE","'Figure 2.16: Excitation of boron 2s electrons and sp2 hybrid orbitals formation","'97.22403717"
"'131","'LINE","'UNIT 2","'99.68750000"
"'131","'LINE","'121","'99.73632813"
"'132","'LINE","'CHEMISTRY GRADE 11","'99.81744385"
"'132","'LINE","'The three equivalent hybrid orbitals formed are oriented in a trigonal planar arrangement","'99.73583984"
"'132","'LINE","'and overlap with 2p orbitals of chlorine to form three B-Cl bonds. Therefore, in BCl₃","'98.25770569"
"'132","'LINE","'(Figure 2.17), the geometry is trigonal planar with CIBCI bond angle of 120°.","'98.09395599"
"'132","'LINE","'What is the percent of s-character and p-character in each sp² hybrid orbital?","'97.34519196"
"'132","'LINE","'Cl","'81.87439728"
"'132","'LINE","'Cl","'65.49285889"
"'132","'LINE","'1L","'92.66741180"
"'132","'LINE","'B","'66.96767426"
"'132","'LINE","'B","'90.62320709"
"'132","'LINE","'1L","'95.76789856"
"'132","'LINE","'1L","'94.12926483"
"'132","'LINE","'CI","'70.73480988"
"'132","'LINE","'Cl","'66.42916870"
"'132","'LINE","'Cl","'79.07446289"
"'132","'LINE","'120°","'81.59837341"
"'132","'LINE","'Cl","'86.97644806"
"'132","'LINE","'Figure 2.17: sp2 hybrid orbitals and bonding in BC1₃","'90.13082886"
"'132","'LINE","'sp³ hybridization","'94.83408356"
"'132","'LINE","'sp³ type of hybridization can be explained by taking the example of CH₄ molecule in","'98.70683289"
"'132","'LINE","'which there is mixing of one s-orbital and three p-orbitals (Figure 2.18) of the valence","'99.87587738"
"'132","'LINE","'shell to form four sp³ hybrid orbital of equivalent energies and shape.","'99.11036682"
"'132","'LINE","'Can you determine the percent of s-character and p-character in each sp³ hybrid orbital?","'98.92316437"
"'132","'LINE","'The four sp³ hybrid orbitals so formed are directed towards the four corners of the","'99.55181122"
"'132","'LINE","'tetrahedron. The angle between sp³ hybrid orbital is 109.5° as shown in Figure 2.19.","'99.48811340"
"'132","'LINE","'2p³ ¹ 1 +","'42.38570404"
"'132","'LINE","'++++ sp³ hybrids","'73.74431610"
"'132","'LINE","'2s² 1L","'17.11286354"
"'132","'LINE","'2s 1","'29.15736771"
"'132","'LINE","'ground state","'99.95117188"
"'132","'LINE","'excited state","'99.96542358"
"'132","'LINE","'hybridized state","'99.97070313"
"'132","'LINE","'sp³","'86.27849579"
"'132","'LINE","'Figure 2.18: Excitation of carbon 2s electrons and sp³ hybrid orbitals formation","'98.92794037"
"'132","'LINE","'122","'99.89257813"
"'132","'LINE","'UNIT 2","'99.73144531"
"'133","'LINE","'Chemical Bonding Theories","'99.99023438"
"'133","'LINE","'A","'96.10730743"
"'133","'LINE","'C","'66.64800262"
"'133","'LINE","'B","'89.52008820"
"'133","'LINE","'H","'98.83749390"
"'133","'LINE","'109.5°","'97.26821899"
"'133","'LINE","'C","'63.09630203"
"'133","'LINE","'C","'97.45276642"
"'133","'LINE","'1.09Å","'93.85662842"
"'133","'LINE","'H","'95.44861603"
"'133","'LINE","'H","'97.42366791"
"'133","'LINE","'H","'99.36543274"
"'133","'LINE","'H","'98.58199310"
"'133","'LINE","'H","'96.02619171"
"'133","'LINE","'H","'99.16772461"
"'133","'LINE","'Figure 2.19: sp³ hybrid orbitals and bonding in methane","'98.13617706"
"'133","'LINE","'The structure of NH₃ and H2O molecules can also be explained with the help of sp³","'95.96399689"
"'133","'LINE","'hybridization. In NH₃, the valence shell (outer) electronic configuration of nitrogen","'97.03166199"
"'133","'LINE","'in the ground state is 2s²2p x¹2p y¹2pz¹. In the formation of NH₃, one 2s orbital","'94.63232422"
"'133","'LINE","'and three 2p orbitals of nitrogen are mix up forming four hybrid orbitals (sp³) of","'99.11337280"
"'133","'LINE","'equivalent energy. One of the sp³ hybrid orbitals has a lone pair of electrons and the","'99.29196930"
"'133","'LINE","'other three sp³ orbitals are half-filled. These three half-filled hybrid orbitals overlap","'99.29895020"
"'133","'LINE","'with 1s orbitals of hydrogen atoms to form three N-H sigma (σ) bonds. We know that","'99.79529572"
"'133","'LINE","'the force of repulsion between a lone pair and a bond pair is more than the force of","'99.95990753"
"'133","'LINE","'repulsion between two bond pairs of electrons. So the molecule gets distorted and the","'99.99006653"
"'133","'LINE","'bond angle is reduced to 107° from 109.5°. The geometry of such a molecule will be","'99.79285431"
"'133","'LINE","'pyramidal as shown in Figure 2.20.","'99.92420197"
"'133","'LINE","'Ip","'99.60778046"
"'133","'LINE","'N","'99.95037079"
"'133","'LINE","'H","'99.49398041"
"'133","'LINE","'H","'99.53543854"
"'133","'LINE","'H","'99.64524841"
"'133","'LINE","'Ammonia, NH3","'97.33946228"
"'133","'LINE","'Figure 2.20: sp³ hybrid orbitals and bonding in NH3","'95.24787903"
"'133","'LINE","'In the case of H2O molecule, the four oxygen orbitals (one 2s and three 2p) undergo sp³","'97.58972168"
"'133","'LINE","'hybridization forming four sp³ hybrid orbitals out of which two contain one electron","'99.26420593"
"'133","'LINE","'each and the other two contain a pair of electrons. These four sp³ hybrid orbitals","'99.43199921"
"'133","'LINE","'acquire a tetrahedral geometry, with two corners occupied by hydrogen atoms while","'99.94467926"
"'133","'LINE","'UNIT 2","'99.64843750"
"'133","'LINE","'123","'99.95117188"
"'134","'LINE","'CHEMISTRY GRADE 11","'99.83045959"
"'134","'LINE","'the other two by the lone pairs. The bond angle in this case is reduced to 104.5° from","'99.95389557"
"'134","'LINE","'109.5° (Figure 2.21) and the molecule thus acquires a V-shape or angular geometry.","'99.73456573"
"'134","'LINE","'Ip","'99.87304688"
"'134","'LINE","'Ip","'99.68590546"
"'134","'LINE","'H","'99.57450104"
"'134","'LINE","'H","'98.96763611"
"'134","'LINE","'H2O","'66.80724335"
"'134","'LINE","'Figure 2.21: sp³ hybrid orbitals and bonding in H2O","'97.78626251"
"'134","'LINE","'Why is the HOH bond angle in water less than the HNH bond angle in NH3?","'95.46955872"
"'134","'LINE","'Hybridization of elements involving d orbitals","'99.92134857"
"'134","'LINE","'The elements present in the third period contain d orbitals in addition to S and p","'98.67920685"
"'134","'LINE","'orbitals. The energy of the 3d orbitals is comparable to the energy of the 3s and 3p","'99.96974945"
"'134","'LINE","'orbitals. The energy of 3d orbitals is also comparable to those of 4s and 4p orbitals.","'99.94600677"
"'134","'LINE","'As a consequence, the hybridization involving either 3s, 3p and 3d or 3d, 4s and 4p is","'99.87599945"
"'134","'LINE","'possible.","'99.84056091"
"'134","'LINE","'Do you expect hybrid orbitals formation by mixing 3p, 3d and 4s orbitals? Explain","'99.73164368"
"'134","'LINE","'it.","'99.93164063"
"'134","'LINE","'Group Assignment 2.2","'99.79817963"
"'134","'LINE","'Summarize in a table the shapes of molecules and ions,","'99.81298065"
"'134","'LINE","'types of hybridization involving s, p and d orbitals, the","'95.83828735"
"'134","'LINE","'number of atomic orbitals engaged in the hybridization,","'99.98382568"
"'134","'LINE","'and give examples.","'99.95715332"
"'134","'LINE","'i.","'99.56791687"
"'134","'LINE","'Formation of PC1₅ (sp³d hybridization):","'85.48668671"
"'134","'LINE","'The ground state and the excited state outer electronic configurations of phosphorus","'99.98007202"
"'134","'LINE","'(Z=15) are represented below in Figure 2.22a.","'99.43316650"
"'134","'LINE","'124","'99.88281250"
"'134","'LINE","'UNIT 2","'99.58496094"
"'135","'LINE","'Chemical Bonding Theories","'100.00000000"
"'135","'LINE","'P (ground state)","'99.41798401"
"'135","'LINE","'3s","'99.91051483"
"'135","'LINE","'3p","'99.60140228"
"'135","'LINE","'3d","'99.99023438"
"'135","'LINE","'P (excited state)","'99.62326050"
"'135","'LINE","'PCI₅","'64.23847961"
"'135","'LINE","'CI","'65.91099548"
"'135","'LINE","'CI","'64.56373596"
"'135","'LINE","'CI","'71.18124390"
"'135","'LINE","'CI","'73.06182098"
"'135","'LINE","'CI","'60.54946899"
"'135","'LINE","'Figure 2.22 (a): sp³d hybrid orbitals filled by electron pairs donated by five Cl atoms","'97.00305176"
"'135","'LINE","'Now the five orbitals (i.e., one s, three p and one d orbitals) are available for","'99.34382629"
"'135","'LINE","'hybridization to yield a set of five sp³d hybrid orbitals which are directed towards the","'99.60323334"
"'135","'LINE","'five corners of a trigonal bipyramidal as in Figure 2.22b.","'99.90660858"
"'135","'LINE","'Cl","'82.02327728"
"'135","'LINE","'Cl","'78.39604950"
"'135","'LINE","'P","'93.90724945"
"'135","'LINE","'CI","'64.01725769"
"'135","'LINE","'CI","'70.64492798"
"'135","'LINE","'Cl","'72.41709137"
"'135","'LINE","'Figure 2.22 (b): Trigonal bipyramidal geometry of PCl₅ molecule","'96.34621429"
"'135","'LINE","'Note that all the bond angles in trigonal bipyramidal geometry are not equivalent. In","'99.97867584"
"'135","'LINE","'PCl₅ the five sp³d orbitals of phosphorus overlap with the singly occupied p orbitals of","'96.97596741"
"'135","'LINE","'chlorine atoms to form five P-Cl sigma bonds. Three P-Cl bonds lie in one plane and","'97.72346497"
"'135","'LINE","'make an angle of 120° with each other; these bonds are termed as equatorial bonds. The","'99.93232727"
"'135","'LINE","'remaining two P-Cl bonds-one lying above and the other lying below the equatorial","'97.33965302"
"'135","'LINE","'plane, make an angle of 90° with the plane. These bonds are called axial bonds. As","'99.93161774"
"'135","'LINE","'the axial bond pairs suffer more repulsive interaction from the equatorial bond pairs,","'99.98160553"
"'135","'LINE","'axial bonds have been found to be slightly longer and hence slightly weaker than the","'99.99935150"
"'135","'LINE","'equatorial bonds; which makes PC1₅ molecule more reactive.","'94.79758453"
"'135","'LINE","'UNIT 2","'99.76562500"
"'135","'LINE","'125","'99.96093750"
"'136","'LINE","'CHEMISTRY GRADE 11","'99.94113922"
"'136","'LINE","'ii. Formation of SF₆ (sp³d² hybridization):","'95.64688873"
"'136","'LINE","'In SF₆ the central sulphur atom has the ground state outer electronic configuration","'99.54733276"
"'136","'LINE","'3s23p⁴. In the exited state the available six orbitals i.e., one s, three p and two d orbitals","'97.04836273"
"'136","'LINE","'are singly occupied by electrons (Figure 2.23a). These orbitals hybridize to form six","'99.88923645"
"'136","'LINE","'new sp³d² hybrid orbitals, which are projected towards the six corners of a regular","'99.56373596"
"'136","'LINE","'octahedron in SF₆. These six sp³d² hybrid orbitals overlap with singly occupied orbitals","'97.40087128"
"'136","'LINE","'of fluorine atoms to form six S-F sigma bonds. Thus, SF₆ molecule has a regular","'99.19319916"
"'136","'LINE","'octahedral geometry as shown in Figure 2.23b.","'99.92631531"
"'136","'LINE","'S (ground state)","'98.60704041"
"'136","'LINE","'TV","'74.85032654"
"'136","'LINE","'3s","'99.89098358"
"'136","'LINE","'3p","'99.81126404"
"'136","'LINE","'3d","'99.97070313"
"'136","'LINE","'S (excited state)","'98.93296051"
"'136","'LINE","'SF₆","'73.05464935"
"'136","'LINE","'TV","'68.86080933"
"'136","'LINE","'F","'99.75585938"
"'136","'LINE","'F F F","'97.55859375"
"'136","'LINE","'FF","'65.88010406"
"'136","'LINE","'Figure 2.23 (a): ): sp³d² hybridization","'94.73966217"
"'136","'LINE","'F","'99.88201141"
"'136","'LINE","'F","'99.91131592"
"'136","'LINE","'F","'99.93083954"
"'136","'LINE","'S","'99.41346741"
"'136","'LINE","'F","'99.81445313"
"'136","'LINE","'F","'99.83398438"
"'136","'LINE","'F","'99.69647217"
"'136","'LINE","'Figure 2.23 (b): Octahedral geometry of SF₆ molecule","'94.62345123"
"'136","'LINE","'126 UNIT 2","'99.85677338"
"'137","'LINE","'Chemical Bonding Theories","'99.97721100"
"'137","'LINE","'In hybridization schemes, one hybrid orbital is produced for every single atomic orbital","'99.96513367"
"'137","'LINE","'involved. In a molecule, each of the hybrid orbitals of the central atom acquires an","'99.94522095"
"'137","'LINE","'electron pair, either a bond-pair or a lone-pair. And the hybrid orbitals have the same","'99.86743927"
"'137","'LINE","'orientation as the electron-set arrangement predicted by VSEPR theory.","'99.95949554"
"'137","'LINE","'When describing the probable hybridization scheme for a structure, follow the","'99.93965149"
"'137","'LINE","'following four steps:","'99.99674225"
"'137","'LINE","'1. Write a reasonable Lewis structure for the chemical.","'99.80484009"
"'137","'LINE","'2. Use VSEPR theory to predict the electron-set arrangement of the central atom.","'99.98260498"
"'137","'LINE","'3. Select the hybridization scheme that corresponds to the VSEPR prediction.","'99.95761871"
"'137","'LINE","'4. Describe the orbital overlap.","'99.96647644"
"'137","'LINE","'Example 2.6","'99.66757202"
"'137","'LINE","'Describe a hybridization scheme for the central atom of iodine pentafluoride,","'99.80099487"
"'137","'LINE","'IF5.","'73.49788666"
"'137","'LINE","'Solution:","'99.91131592"
"'137","'LINE","'a. The reasonable Lewis structure for IF₅ is","'97.40525818"
"'137","'LINE","'F:","'98.74840546"
"'137","'LINE","'F","'95.63476563"
"'137","'LINE","'F:","'97.61898041"
"'137","'LINE","'F:","'89.59104156"
"'137","'LINE","'b. VSEPR predicts an octahedral electron-set arrangement for six electron","'99.97054291"
"'137","'LINE","'pairs (AB₅ E type)","'81.20859528"
"'137","'LINE","'c. The hybridization scheme corresponding to octahedral electron","'95.41775513"
"'137","'LINE","'arrangement is sp³d²","'97.93108368"
"'137","'LINE","'d. The six sp³d² hybrid orbitals are directed to the corners of an octahedron,","'99.51174927"
"'137","'LINE","'but one of the orbitals is occupied by a lone pair of electrons. The","'99.82382202"
"'137","'LINE","'resulting molecular shape is that of a square pyramid with bond angles of","'99.82165527"
"'137","'LINE","'approximately 90°.","'97.87517548"
"'137","'LINE","'UNIT 2","'99.51660156"
"'137","'LINE","'127","'99.71679688"
"'138","'LINE","'CHEMISTRY GRADE 11","'99.82395172"
"'138","'LINE","'Exercise 2.13","'99.67285156"
"'138","'LINE","'1. List the three types of hybrid orbital that may be formed by an atom","'99.97917175"
"'138","'LINE","'with only S and p orbitals in its valence shell. Draw the shapes of the","'99.62510681"
"'138","'LINE","'hybrid orbitals produced.","'99.92459869"
"'138","'LINE","'2. Describe a hybridization scheme for the central atom and molecular","'99.87368011"
"'138","'LINE","'geometry of the triiodide ion, I₃⁻.","'97.86750793"
"'138","'LINE","'Multiple bonds and hybridization","'99.96054077"
"'138","'LINE","'The hybrid orbital model accounts well for the geometry of molecules involving single","'99.95937347"
"'138","'LINE","'covalent bonds. Is it also capable of describing molecules containing double and","'99.95701599"
"'138","'LINE","'triple bonds? We have already discussed that multiple bonds consist of σ and π bonds.","'98.79182434"
"'138","'LINE","'Now, we will consider how we visualize these components and how they relate to","'99.97170258"
"'138","'LINE","'hybrid orbitals. We will discuss here the ethene, C₂H₄, and acetylene, C2H₂ molecules,","'92.45056915"
"'138","'LINE","'however pi bonds are also present in other molecules such as N₂, SO₂, NO₃, etc.","'96.27798462"
"'138","'LINE","'The Lewis structure of ethene, C₂H₄, shows us that each carbon atom is surrounded by","'97.57171631"
"'138","'LINE","'one other carbon atom and two hydrogen atoms.","'99.98535156"
"'138","'LINE","'H","'99.47365570"
"'138","'LINE","'H","'99.60299683"
"'138","'LINE","'C","'73.24298859"
"'138","'LINE","'C","'60.29436493"
"'138","'LINE","'H","'99.33613586"
"'138","'LINE","'H","'99.40369415"
"'138","'LINE","'The three bonding regions form a trigonal planar electron-pair geometry. Thus we","'99.90244293"
"'138","'LINE","'expect the σ bonds from each carbon atom are formed using a set of sp² hybrid orbitals","'97.30425262"
"'138","'LINE","'that result from hybridization of two of the 2p orbitals and the 2s orbital (Figure 2.24).","'99.88399506"
"'138","'LINE","'These orbitals form the C-H single bonds and the σ bond in the C = C double bond","'99.18183899"
"'138","'LINE","'(Figure 2.25). The π bond in the C= C double bond results from the overlap of the third","'99.07172394"
"'138","'LINE","'(remaining) 2p orbital on each carbon atom that is not involved in hybridization. This","'99.92427826"
"'138","'LINE","'unhybridized p orbital (lobes shown in red and blue in Figure 2.25 is perpendicular to","'99.90664673"
"'138","'LINE","'the plane of the sp² hybrid orbitals. Thus, the hybridized 2p orbitals overlap in a side-","'98.05751801"
"'138","'LINE","'by-side fashion, above and below the internuclear axis and form a π bond.","'99.82883453"
"'138","'LINE","'128","'99.73632813"
"'138","'LINE","'UNIT 2","'99.44824219"
"'139","'LINE","'Chemical Bonding Theories","'99.98371887"
"'139","'LINE","'unhybridized","'99.97070313"
"'139","'LINE","'2p2 1 1","'77.78805542"
"'139","'LINE","'2p³ 1 1 1","'85.11058807"
"'139","'LINE","'1","'94.17809296"
"'139","'LINE","'p orbital","'96.00396729"
"'139","'LINE","'1 1 1 sp² hybrids","'84.15956116"
"'139","'LINE","'2s2 1L","'76.39010620"
"'139","'LINE","'2s 1","'48.54858780"
"'139","'LINE","'ground state","'99.94140625"
"'139","'LINE","'excited state","'99.96054077"
"'139","'LINE","'hybridized state","'99.96093750"
"'139","'LINE","'Figure 2.24: sp² hybridization of each carbon atom in ethene","'95.73866272"
"'139","'LINE","'σ bonds","'98.97321320"
"'139","'LINE","'σ bond","'99.08671570"
"'139","'LINE","'σ bonds","'99.48860168"
"'139","'LINE","'One π bond","'99.80116272"
"'139","'LINE","'(a)","'99.91131592"
"'139","'LINE","'(b)","'99.89257813"
"'139","'LINE","'Figure 2.25: Bond formation in the ethene molecule, C2H₄: (a) five σ bonds and","'96.21126556"
"'139","'LINE","'(b) one π bond","'98.95218658"
"'139","'LINE","'In an ethene molecule, the four hydrogen atoms and the two carbon atoms are all in","'99.98027039"
"'139","'LINE","'the same plane. If the two planes of sp² hybrid orbitals tilted relative to each other,","'98.00775909"
"'139","'LINE","'the p orbitals would not overlap enough to create the π bond.","'99.86631012"
"'139","'LINE","'Why does rotation around single (σ) bond occur easily, but is much more difficult for","'99.93318176"
"'139","'LINE","'multiple bonds?","'99.95565796"
"'139","'LINE","'In molecules with sp hybrid orbitals, two unhybridized p orbitals remain on the","'99.96044922"
"'139","'LINE","'atom (Figure 2.26). We find this situation in acetylene, H-C=C-H, which is a linear","'99.55600739"
"'139","'LINE","'molecule. The two linear sp hybrid orbitals of a carbon atom which lie in a straight","'99.95494843"
"'139","'LINE","'line, and the two unhybridized p orbitals at perpendicular angles (Figure 2.26). The sp","'99.88394165"
"'139","'LINE","'hybrid orbitals of the two carbon atoms overlap end to end to form a σ bond between","'99.93208313"
"'139","'LINE","'the carbon atoms (Figure 2.27). The remaining sp orbitals form σ bonds with two","'99.91393280"
"'139","'LINE","'hydrogen atoms. The two unhybridized p orbitals per carbon are positioned such that","'99.95375061"
"'139","'LINE","'they overlap side by side and, hence, form two π bonds. The two carbon atoms of","'99.91884613"
"'139","'LINE","'acetylene are bound together by one σ bond and two π bonds, giving a triple bond.","'99.84679413"
"'139","'LINE","'UNIT 2","'99.64843750"
"'139","'LINE","'129","'99.92187500"
"'140","'LINE","'CHEMISTRY GRADE 11","'99.92838287"
"'140","'LINE","'unhybridized","'99.97070313"
"'140","'LINE","'+ + 2pᵃ","'68.19667816"
"'140","'LINE","'2p³ 1 + +","'61.32051468"
"'140","'LINE","'+ 1","'33.38476563"
"'140","'LINE","'unhybridsed","'99.85351563"
"'140","'LINE","'p orbital","'96.29174805"
"'140","'LINE","'p orbital","'92.09781647"
"'140","'LINE","'+ +","'67.21171570"
"'140","'LINE","'sp hybrids","'99.60987854"
"'140","'LINE","'sp","'97.44957733"
"'140","'LINE","'sp","'99.02263641"
"'140","'LINE","'2s² 1L","'71.42089844"
"'140","'LINE","'2s +","'84.06543732"
"'140","'LINE","'Second","'100.00000000"
"'140","'LINE","'unhybridized","'99.97070313"
"'140","'LINE","'ground state","'99.93652344"
"'140","'LINE","'excited state","'99.91579437"
"'140","'LINE","'hybridsed state","'99.92147827"
"'140","'LINE","'p orbital","'94.99262238"
"'140","'LINE","'Figure 2.26: sp hybridization of each carbon atom and the two linear sp hybrid","'99.86862183"
"'140","'LINE","'orbitals of a carbon atom in acetylene","'99.80255127"
"'140","'LINE","'σ bond","'99.44714355"
"'140","'LINE","'σ bond","'97.13937378"
"'140","'LINE","'σ bond","'99.50614166"
"'140","'LINE","'One π bond","'99.82720947"
"'140","'LINE","'Second π bond","'99.74881744"
"'140","'LINE","'(a)","'99.96093750"
"'140","'LINE","'(b)","'99.95117188"
"'140","'LINE","'Figure 2.27: (a) The formation of σ bonds in an acetylene molecule, C2H2, and (b) π","'96.81092834"
"'140","'LINE","'bonds","'100.00000000"
"'140","'LINE","'Exercise 2.14","'99.74609375"
"'140","'LINE","'1.","'99.87304688"
"'140","'LINE","'Describe the hybridization of the central atoms N and S in molecules","'99.90380096"
"'140","'LINE","'and the molecular geometry of:","'99.99218750"
"'140","'LINE","'a. NO₂","'86.41152954"
"'140","'LINE","'b. SO₃","'94.02672577"
"'140","'LINE","'2. Discuss the bonding in ammonium and sulphate ions: predict the ideal","'99.99098206"
"'140","'LINE","'bond angles, bond length, shape of the ions, and the number of σ and","'99.95333862"
"'140","'LINE","'π bonds.","'99.42562103"
"'140","'LINE","'3. Prepare sketches of the overlaps of the following atomic orbitals: a. S with","'99.63105011"
"'140","'LINE","'s; b. S with p along the bond axis; c. p with p along the bond axis (head-on","'98.08451080"
"'140","'LINE","'overlap); d. p with p perpendicular to the bond axis (side-on overlap).","'99.81436920"
"'140","'LINE","'130","'99.92187500"
"'140","'LINE","'UNIT 2","'99.71191406"
"'141","'LINE","'Chemical Bonding Theories","'99.97070313"
"'141","'LINE","'2.5.2","'99.95117188"
"'141","'LINE","'Molecular Orbital Theory (MOT)","'93.80993652"
"'141","'LINE","'The molecular orbital theory assumes that when atoms come together, their orbitals","'99.97864532"
"'141","'LINE","'not only overlap, but are also simultaneously transformed into new orbitals. These","'99.97206116"
"'141","'LINE","'new orbitals, called molecular orbitals (MOs), play the same role for molecules that","'99.92196655"
"'141","'LINE","'atomic orbitals play for atoms. Note that atomic orbitals are the allowed states for","'99.98802185"
"'141","'LINE","'an electron moving in the field of one nucleus, whereas molecular orbitals are the","'99.95978546"
"'141","'LINE","'allowed states for an electron moving in the field of several nuclei (atoms present in","'99.97103882"
"'141","'LINE","'the molecules).","'99.87104797"
"'141","'LINE","'Which theory (VBT or MOT) perfectly explains all aspects of bonding?","'98.66265106"
"'141","'LINE","'Bonding and Anti-Bonding Molecular Orbitals","'99.91146851"
"'141","'LINE","'In contrast to VB theory, in which one bonding orbital is formed as a result of the","'99.91495514"
"'141","'LINE","'interaction of two atomic orbitals, in MO theory two molecular orbitals result from the","'99.88488770"
"'141","'LINE","'combination of two atomic orbitals. In mathematical terms, the two molecular orbitals","'99.96786499"
"'141","'LINE","'result from the addition of the atomic orbitals that overlap. The molecular orbitals","'99.99011230"
"'141","'LINE","'that results from the addition of the atomic orbitals that overlap is called a bonding","'99.84830475"
"'141","'LINE","'orbital. In a bonding molecular orbital, because the electron density is concentrated","'99.93064117"
"'141","'LINE","'between the two nuclei, the energy of the system is lowered compared with that of","'99.98947906"
"'141","'LINE","'isolated atomic orbitals. The molecular orbital that results from the subtraction of","'99.98257446"
"'141","'LINE","'atomic orbitals that overlap is called an antibonding molecular orbital. In antibonding","'99.92386627"
"'141","'LINE","'molecular orbitals, the electron density is concentrated away from the region between","'99.97606659"
"'141","'LINE","'the two nuclei. That is, anti-bonding molecular orbitals have a region of zero electron","'99.89882660"
"'141","'LINE","'density (a node) between the nuclei. The net effect of having a low electron density","'99.91266632"
"'141","'LINE","'between the nuclei is that the two nuclei repel each other. Therefore, energy of an","'99.97760010"
"'141","'LINE","'antibonding orbital is increased compared with that of the two isolated atomic orbitals.","'99.97727966"
"'141","'LINE","'When two atomic orbitals overlap end-to-end, they form two σ MOs. Consider the","'99.57078552"
"'141","'LINE","'H2 molecule, which has two H atoms and therefore two 1s AOs. The two 1s atomic","'97.90389252"
"'141","'LINE","'orbitals combine (Figure 2.28) to produce two σ MOs, which differ in energy and","'99.81985474"
"'141","'LINE","'location. One of the σ MOs is a bonding orbital, denoted σ₁ₛ, σ the other is an anti-","'97.79828644"
"'141","'LINE","'bonding orbital denoted σ* σ 1s' The relative energy levels of these two MOs are different.","'97.03665924"
"'141","'LINE","'The σ₁ₛ 1s MO has a lower energy than the original 1s AOs, while the σ* 1s MO has a","'96.92514801"
"'141","'LINE","'higher energy. What is the advantage of VBT compared with that of MOT?","'99.07984161"
"'141","'LINE","'UNIT 2","'99.03808594"
"'141","'LINE","'131","'99.81445313"
"'142","'LINE","'CHEMISTRY GRADE 11","'99.73931885"
"'142","'LINE","'Electron Configuration of Diatomic Molecules","'99.92254639"
"'142","'LINE","'Electrons occupy molecular orbitals following the same rules that apply to the filling","'99.96176147"
"'142","'LINE","'of atomic orbitals: the aufbau principle and the Pauli Exclusion Principle and Hund's","'99.96870422"
"'142","'LINE","'rule are obeyed. The electronic structure of the molecule is obtained by feeding the","'99.98593140"
"'142","'LINE","'appropriate number of electrons into the new molecular orbitals. For example, both","'99.96271515"
"'142","'LINE","'electrons in H₂ will go into the lower energy orbital denoted by (σ₁ₛ)². There are no","'96.22196198"
"'142","'LINE","'more electrons in H2 so the σ* 1s orbital remains empty in the ground state. A molecular-","'95.88054657"
"'142","'LINE","'orbital diagram shows the relative energy and number of electrons in each MO, as","'99.28990173"
"'142","'LINE","'well as the atomic orbitals from which they form. Figure 2.28 is the molecular orbital","'99.97385406"
"'142","'LINE","'diagram for H2.","'89.96166229"
"'142","'LINE","'+","'96.66912842"
"'142","'LINE","'Is","'86.53579712"
"'142","'LINE","'1","'90.34100342"
"'142","'LINE","'1","'93.94451141"
"'142","'LINE","'E","'88.42872620"
"'142","'LINE","'Is","'54.28491974"
"'142","'LINE","'Is","'57.15979767"
"'142","'LINE","'1L","'85.84402466"
"'142","'LINE","'a","'87.75151062"
"'142","'LINE","'σ₁ₛ","'62.77443314"
"'142","'LINE","'H (AO)","'96.50270844"
"'142","'LINE","'H2 (MOs)","'89.12378693"
"'142","'LINE","'H (AO)","'97.37016296"
"'142","'LINE","'Figure 2.28: Molecular orbital diagram and bonding in the H2 molecule","'98.83116913"
"'142","'LINE","'Note: The number of molecular orbitals formed must equal the number of atomic","'99.98548126"
"'142","'LINE","'orbitals available for combination. Unfilled molecular orbitals are considered to be","'99.94216919"
"'142","'LINE","'there, even when there are no electrons in them.","'99.96501160"
"'142","'LINE","'MO theory uses the term ""bond order"" to indicate whether a covalent bond is single","'99.73192596"
"'142","'LINE","'(bond order = 1), double (bond order = 2) or triple (bond order = 3). Bond order is","'99.27748871"
"'142","'LINE","'defined as the number of electrons in bonding MOs minus the number in antibonding","'99.96815491"
"'142","'LINE","'MOs, divided by two:","'99.94325256"
"'142","'LINE","'1","'86.13689423"
"'142","'LINE","'Number","'95.62500000"
"'142","'LINE","'of","'99.44097137"
"'142","'LINE","'e","'86.44451141"
"'142","'LINE","'in","'89.23339844"
"'142","'LINE","'Number of e⁻in","'94.38901520"
"'142","'LINE","'Bond order =","'95.69146729"
"'142","'LINE","'bonding MOs","'91.77136230"
"'142","'LINE","'-","'73.93186188"
"'142","'LINE","'bonding","'90.36132813"
"'142","'LINE","'MOs","'88.91790771"
"'142","'LINE","'Thus, for H2, the bond order is ½ (2 - 0) = 1. A bond order greater than zero indicates","'95.85525513"
"'142","'LINE","'that the molecule is stable relative to the separate atoms, whereas a bond order of zero","'99.90690613"
"'142","'LINE","'implies no net stability. In general, the higher the bond order, the stronger the bond.","'99.96360779"
"'142","'LINE","'Why is MOT better than VBT in explaining covalent bond formation?","'99.59806824"
"'142","'LINE","'132","'99.71679688"
"'142","'LINE","'UNIT 2","'99.31640625"
"'143","'LINE","'Chemical Bonding Theories","'99.97721100"
"'143","'LINE","'Exercise 2.15","'99.80957031"
"'143","'LINE","'1. Draw molecular orbital energy diagrams for:","'99.97907257"
"'143","'LINE","'a. C₂⁻","'86.47201538"
"'143","'LINE","'b.","'94.95117188"
"'143","'LINE","'C₂","'57.70737076"
"'143","'LINE","'c.","'82.32641602"
"'143","'LINE","'22","'20.59321213"
"'143","'LINE","'The order of energy of molecular orbitals has been determined mainly from","'99.99003601"
"'143","'LINE","'spectroscopic data.","'99.91539764"
"'143","'LINE","'a. In simple homonuclear diatomic molecules (total electrons = 14 or less) the order","'99.83911133"
"'143","'LINE","'is: (π₂ₚ, π2pz","'46.29168701"
"'143","'LINE","'b. For simple homonuclear diatomic molecules (total electrons greater than 14) the","'99.95742035"
"'143","'LINE","'(π₂ₚₓ =π₂ₚ) comes after σ₂ₚₓ and the order is:","'81.08616638"
"'143","'LINE","'Note that the 2py atomic orbital give π bonding and π antibonding (π*) MOs of the","'97.54134369"
"'143","'LINE","'same energy as those produced from 2p₂ orbitals. The π₂py and π2pz orbitals are said","'88.26470947"
"'143","'LINE","'to be double degenerate, and similarly π₂ₚ, and π2pz are double degenerate. A similar","'89.04486084"
"'143","'LINE","'arrangement of MOs exists from σ₃ₛ too³ₚₓ, but energies are known with less certainty.","'92.93971252"
"'143","'LINE","'Example 2.7","'99.36035156"
"'143","'LINE","'Use the molecular orbital theory to derive the electron configuration of:","'99.98831177"
"'143","'LINE","'a. H2⁺","'84.09568024"
"'143","'LINE","'b. Li₂","'78.29520416"
"'143","'LINE","'c. He2⁺","'55.78862381"
"'143","'LINE","'d. O2","'82.12670898"
"'143","'LINE","'Which of these molecules or molecular ions exist?","'99.97914886"
"'143","'LINE","'Solution:","'99.97070313"
"'143","'LINE","'a. H2⁺ molecular ion. This may be considered as a combination of H atom","'97.33186340"
"'143","'LINE","'and a H+ ion, giving one electron to be accommodated in a MO. The","'98.26985931"
"'143","'LINE","'bond order is ½(1-0) = 1/2, so we predict that H2⁺ does exist. The electron","'90.18885803"
"'143","'LINE","'configuration is σ₁ₛ¹.","'90.17439270"
"'143","'LINE","'b. Li₂ molecule. Each Li atom has two electrons in its inner shell, and one","'98.23296356"
"'143","'LINE","'in its outer shell, making a total of six electrons arranged: (σ₁ₛ)² (σ*1ₛ)²","'93.23567963"
"'143","'LINE","'(σ₂ₛ)². We ignore the inner electrons here because, in general, only outer","'98.24291992"
"'143","'LINE","'(valence) orbitals interact enough to form molecular orbitals. The bond","'99.99015045"
"'143","'LINE","'order is ½(2- 0) = 1, so we predict that Li₂ does exist.","'92.83892822"
"'143","'LINE","'UNIT 2","'99.60937500"
"'143","'LINE","'133","'99.96093750"
"'144","'LINE","'CHEMISTRY GRADE 11","'99.76861572"
"'144","'LINE","'c. He₂⁺ Molecular ion. The electron configuration is ( σ₁ₛ )² (σ*1ₛ)¹. The","'81.95044708"
"'144","'LINE","'filled bonding orbital gives stabilization whilst the half-filled gives","'99.97278595"
"'144","'LINE","'destabilization. The bond order is ½(2-1)=1/ 1/2, there is some stabilization,","'91.19583893"
"'144","'LINE","'so the He₂⁺ should exist, and it has been observed spectroscopically.","'95.36082458"
"'144","'LINE","'d. O2 molecule. Each oxygen has eight electrons, making a total of sixteen","'97.51901245"
"'144","'LINE","'for the molecule. These are arranged:","'99.98183441"
"'144","'LINE","'The antibonding π₂ₚ, and π2p2 orbitals are singly occupied in accordance with","'88.06047058"
"'144","'LINE","'Hund's rule. As in previous examples, the inner shell does not participate in","'99.94573975"
"'144","'LINE","'bonding and the π2py and π2P₂ bonding and antibonding 2s orbitals cancel","'87.10483551"
"'144","'LINE","'each other. A σ bond results from the filling of (σ₂ₚₓ)². Two half π bonds","'96.73781586"
"'144","'LINE","'arise form bonding and antibonding.","'99.98405457"
"'144","'LINE","'Therefore, 10+1-π+1π=2 bonds are formed.","'84.62487793"
"'144","'LINE","'Exercise 2.16","'99.57519531"
"'144","'LINE","'1. Use the molecular orbital theory and derive the electron configuration","'99.95687866"
"'144","'LINE","'of the following molecules. Identify those which exist and those which","'99.98646545"
"'144","'LINE","'do not exist.","'99.95688629"
"'144","'LINE","'a. He₂ b. Be₂ c. B₂ d. C₂ e. N₂","'88.92356873"
"'144","'LINE","'2. Use the MO theory to predict the bond order and the number of unpaired","'99.90644836"
"'144","'LINE","'electrons in O₂²⁻, O₂, O₂⁺, NO and CO.","'79.96784973"
"'144","'LINE","'Magnetic Properties","'99.96542358"
"'144","'LINE","'Molecules with unpaired electrons exhibit paramagnetic properties. The species is","'99.92434692"
"'144","'LINE","'attracted by an external magnetic field. When all the electrons are paired, there is","'99.97379303"
"'144","'LINE","'diamagnetism. Such species are not attracted (and, in fact, are slightly repelled) by a","'99.92852020"
"'144","'LINE","'magnetic field.","'99.94061279"
"'144","'LINE","'Can you predict magnetic properties of diatomic molecules by employing VBT?","'99.74020386"
"'144","'LINE","'134","'99.81445313"
"'144","'LINE","'UNIT 2","'99.45312500"
"'145","'LINE","'Types of Crystal","'99.96419525"
"'145","'LINE","'The antibonding π₂ₚy and π₂ₚ₂ orbitals for O2 are singly occupied in accordance with","'87.65209198"
"'145","'LINE","'Hund's rule. Unpaired electrons give rise to paramagnetism. Since there are two","'99.90129089"
"'145","'LINE","'unpaired electrons with parallel spins, this explains why oxygen is paramagnetic.","'99.91769409"
"'145","'LINE","'The MO theory successfully predicts the paramagnetism of O₂, 2' a fact not even thought","'97.04017639"
"'145","'LINE","'of with the VB representation of the oxygen molecule (O = O).","'97.78647614"
"'145","'LINE","'Exercise 2.17","'99.67773438"
"'145","'LINE","'1. What is the bond order for CN⁻, CN and CN+?","'96.43861389"
"'145","'LINE","'2. Which homonuclear diatomic molecules from the second period","'99.96574402"
"'145","'LINE","'elements, besides O₂, should be paramagnetic?","'94.63086700"
"'145","'LINE","'2.6","'99.84295654"
"'145","'LINE","'Types of Crystal","'99.96745300"
"'145","'LINE","'At the end of this section, you will be able to:","'99.94459534"
"'145","'LINE","'define a crystal","'99.66212463"
"'145","'LINE","'name the four types of crystalline solid and give examples","'99.96916962"
"'145","'LINE","'mention the types of attractive force that exist within each type of","'99.96847534"
"'145","'LINE","'crystalline solid","'99.94548798"
"'145","'LINE","'describe the properties of each type of crystalline solid","'99.95137024"
"'145","'LINE","'build a model of sodium chloride crystal structure.","'99.81340790"
"'145","'LINE","'Solids can be crystalline or amorphous. A crystalline solid is composed of one or","'99.86309052"
"'145","'LINE","'more crystals. Each crystal has a well-defined, ordered structure in three dimensions.","'99.88014221"
"'145","'LINE","'Sodium chloride (table salt) and sucrose (table sugar) are examples of crystalline","'99.94887543"
"'145","'LINE","'substances. Are metals crystalline or amorphous solids?","'99.90203094"
"'145","'LINE","'An amorphous solid has a disordered structure; it lacks the well-defined arrangement","'99.90094757"
"'145","'LINE","'of basic units (atoms, molecules, or ions) found in a crystal. A glass is an amorphous","'99.49783325"
"'145","'LINE","'solid obtained by cooling a liquid rapidly enough that its basic units are ""frozen"" in","'99.91929626"
"'145","'LINE","'random positions before they can assume an ordered crystalline arrangement.","'99.95736694"
"'145","'LINE","'A structural unit of a crystalline solid has a characteristic repetitive pattern.","'99.51963806"
"'145","'LINE","'Do you expect similar repetitive pattern also in amorphous solids?","'99.95541382"
"'145","'LINE","'The crystalline solids can be classified as ionic, molecular, covalent network or","'99.95877838"
"'145","'LINE","'metallic.","'99.92028046"
"'145","'LINE","'UNIT 2","'99.50683594"
"'145","'LINE","'135","'99.97070313"
"'146","'LINE","'CHEMISTRY GRADE 11","'99.88254547"
"'146","'LINE","'Ionic Crystals","'100.00000000"
"'146","'LINE","'Ionic crystals consist of ions held together by ionic bonds (Figure 2.29).","'99.94521332"
"'146","'LINE","'Does an ionic bonding have intermolecular or intramolecular bonding?","'99.94404602"
"'146","'LINE","'The structure of an ionic crystal depends on the charges on the cation, anion and on","'99.97909546"
"'146","'LINE","'their radii. The properties of ionic solids are direct consequences of the strong inter-","'99.98082733"
"'146","'LINE","'ionic forces, which create a high lattice energy. Ionic solids have high melting points,","'99.95537567"
"'146","'LINE","'an indication of the strong attraction force holding the ions together.","'99.98742676"
"'146","'LINE","'Why don't ionic solids conduct electricity? How can ionic compounds conduct","'99.94393921"
"'146","'LINE","'electricity when they are in a molten state or dissolved in water? Can you give some","'99.95677185"
"'146","'LINE","'examples of ionic solids we use in everyday life?","'99.96383667"
"'146","'LINE","'(a) NaCl","'99.76363373"
"'146","'LINE","'(b) CsCl","'99.19503021"
"'146","'LINE","'Figure 2.29: Ball-and stick diagrams of the unit cells of (a) NaCl(s) and (b) CsCl(s)","'99.54116058"
"'146","'LINE","'Group Assignment 2.3","'99.90207672"
"'146","'LINE","'1. Using balls and sticks of any material or any other modelling","'99.94866180"
"'146","'LINE","'material, build a model of crystal sodium chloride.","'99.75493622"
"'146","'LINE","'2. Explain why ice, which is a crystalline solid, has a melting","'99.75479889"
"'146","'LINE","'temperature of 0 °C, whereas butter, which is an amorphous","'92.17687988"
"'146","'LINE","'solid, softens over a range of temperatures.","'99.70423889"
"'146","'LINE","'136","'99.95117188"
"'146","'LINE","'UNIT 2","'99.61425781"
"'147","'LINE","'Types of Crystal","'99.98046875"
"'147","'LINE","'Molecular Crystals","'99.94020844"
"'147","'LINE","'Molecular solids are made up of discrete molecules that interact via intermolecular","'99.95193481"
"'147","'LINE","'forces. Various combinations of dipole-dipole, dispersion and hydrogen-bonding","'99.22350311"
"'147","'LINE","'forces are operative in molecular solids, which accounts for their wide range of physical","'99.96216583"
"'147","'LINE","'properties. Dispersion forces are the principal forces acting in non-polar substances,","'99.87109375"
"'147","'LINE","'so melting points generally increase with molar mass. Among polar molecules,","'99.84535980"
"'147","'LINE","'dipole-dipole forces and where ever possible, hydrogen-bonding dominates. Compare","'99.17590332"
"'147","'LINE","'the strength of intermolecular forces with covalent and ionic bonds.","'99.97421265"
"'147","'LINE","'Why do molecular crystals have much lower melting points than ionic, metallic and","'99.97778320"
"'147","'LINE","'network covalent solids?","'99.92054749"
"'147","'LINE","'The fundamental unit of a molecular solid is molecules or monatomic elements. Such","'99.85163116"
"'147","'LINE","'solids are common among organic compounds and simple inorganic compounds.","'99.96925354"
"'147","'LINE","'Molecular crystals are usually transparent, brittle, and break easily when stressed. They","'99.97613525"
"'147","'LINE","'are usually non-conductors of heat and electricity and usually have low melting points.","'99.89765167"
"'147","'LINE","'Can you give some examples of molecular crystals we use in everyday life?","'99.96807861"
"'147","'LINE","'Covalent Network Crystals","'99.96067047"
"'147","'LINE","'In this type of crystalline solids, separate particles are not present. Instead, strong","'99.97246552"
"'147","'LINE","'covalent bonds link the atoms together throughout the network of covalent solid.","'100.00000000"
"'147","'LINE","'As a consequence of the strong bonding, all these substances have extremely high","'99.88986206"
"'147","'LINE","'melting and boiling points, but their conductivity and hardness depend on the nature","'99.98786163"
"'147","'LINE","'of their bonding. The two common crystalline forms of elemental carbon (graphite","'99.97681427"
"'147","'LINE","'and diamond) are examples of network covalent solids (Figure 2.30).","'99.81742859"
"'147","'LINE","'335 pm","'99.79940796"
"'147","'LINE","'(a)","'99.87224579"
"'147","'LINE","'(b)","'99.87304688"
"'147","'LINE","'Figure 2.30: The structures of (a) diamond and (b) graphite","'99.93083954"
"'147","'LINE","'Describe the basic differences in properties of graphite and diamond.","'99.90441895"
"'147","'LINE","'UNIT 2","'99.66308594"
"'147","'LINE","'137","'99.88281250"
"'148","'LINE","'CHEMISTRY GRADE 11","'99.84023285"
"'148","'LINE","'The most important network covalent solids are the silicates. In a covalent network","'99.86846161"
"'148","'LINE","'solid, the whole crystal is one giant molecule. The fundamental units are atoms","'99.95876312"
"'148","'LINE","'covalently bonded to their neighbours. These crystals are usually hard, non-conductors","'99.96057892"
"'148","'LINE","'of heat and electricity, and have high melting points.","'99.97568512"
"'148","'LINE","'Metallic Crystals","'100.00000000"
"'148","'LINE","'The strong metallic bonding forces hold individual atoms together in metallic solids.","'99.98426819"
"'148","'LINE","'Bonding in metals can be explained as a network of positive ions immersed in a sea","'99.83368683"
"'148","'LINE","'of electrons. That is, the electrons in the valence shell of the metal atoms are highly","'99.98326874"
"'148","'LINE","'delocalized. For this reason, metals are very good conductors of electricity. Metallic","'99.95769501"
"'148","'LINE","'bonding forces are stronger than those arising from intermolecular forces, so metallic","'99.77005768"
"'148","'LINE","'solids have higher melting points than molecular solids.","'99.98382568"
"'148","'LINE","'Metals have a wide range of melting points and hardness, which are related to the","'99.95443726"
"'148","'LINE","'packing efficiency of the crystal structure and the number of valence electrons available","'99.98034668"
"'148","'LINE","'for bonding. For example, Group IIA metals are harder and higher melting than Group","'99.94461823"
"'148","'LINE","'IA metals, because the IIA metals have closer packed structures and twice as many","'99.92539215"
"'148","'LINE","'delocalized valence electrons. The fundamental units of pure metallic solids are","'99.97108459"
"'148","'LINE","'identical metal atoms. Metallic crystals are opaque with reflective surfaces. They are","'99.97938538"
"'148","'LINE","'ductile and malleable, good conductors of heat and electricity, and they usually have","'99.95788574"
"'148","'LINE","'high melting points. Copper, silver, gold, iron and aluminum are familiar examples of","'99.98016357"
"'148","'LINE","'metals.","'99.92028046"
"'148","'LINE","'138","'99.79492188"
"'148","'LINE","'UNIT 2","'99.59960938"
"'149","'LINE","'Types of Crystal","'99.99674225"
"'149","'LINE","'Exercise 2.18","'99.79492188"
"'149","'LINE","'1. Identify the type of crystalline solid (metallic, network covalent, ionic,","'99.94859314"
"'149","'LINE","'or molecular) formed by each of the following substances:","'99.93925476"
"'149","'LINE","'a. SiO₂","'95.72673798"
"'149","'LINE","'b. KCl","'82.60284424"
"'149","'LINE","'c. Cu","'95.67472076"
"'149","'LINE","'d. CO2","'86.14377594"
"'149","'LINE","'e. C (diamond)","'97.61865234"
"'149","'LINE","'2. Classify each substance in the table as either a metallic, ionic, molecular,","'99.88222504"
"'149","'LINE","'or covalent network solid:","'99.98779297"
"'149","'LINE","'Melting","'100.00000000"
"'149","'LINE","'Electrical Con-","'99.80598450"
"'149","'LINE","'Solubility","'99.96014404"
"'149","'LINE","'Substance","'99.92028046"
"'149","'LINE","'Appearance","'99.91051483"
"'149","'LINE","'Point","'100.00000000"
"'149","'LINE","'ductivity","'99.96014404"
"'149","'LINE","'in Water","'99.98535156"
"'149","'LINE","'only if melted/","'99.93735504"
"'149","'LINE","'X","'91.20276642"
"'149","'LINE","'brittle, white","'99.98007202"
"'149","'LINE","'800 °C","'95.91757202"
"'149","'LINE","'soluble","'100.00000000"
"'149","'LINE","'dissolved","'100.00000000"
"'149","'LINE","'Y","'99.89178467"
"'149","'LINE","'shiny, malleable","'100.00000000"
"'149","'LINE","'1100 °C","'87.12162781"
"'149","'LINE","'high","'100.00000000"
"'149","'LINE","'insoluble","'99.96014404"
"'149","'LINE","'Z","'98.21846771"
"'149","'LINE","'hard, colorless","'100.00000000"
"'149","'LINE","'3550 °C","'95.84661865"
"'149","'LINE","'none","'99.97070313"
"'149","'LINE","'insoluble","'99.92028046"
"'149","'LINE","'UNIT 2","'99.76074219"
"'149","'LINE","'139","'99.93164063"
"'150","'LINE","'CHEMISTRY GRADE 11","'99.84348297"
"'150","'LINE","'UNIT SUMMARY","'99.97070313"
"'150","'LINE","'Lewis electron-dot formulas are simple representations of the valence-shell","'99.94529724"
"'150","'LINE","'electrons of atoms in molecules and ions.","'99.97884369"
"'150","'LINE","'An ionic bond is a strong attractive force holding ions together. An ionic","'99.83091736"
"'150","'LINE","'bond can form between two atoms by the transfer of electrons from the","'99.99699402"
"'150","'LINE","'valence shell of one atom to the valence shell of the other.","'99.98854065"
"'150","'LINE","'A covalent bond is a strong attractive force that holds two atoms together","'98.77085114"
"'150","'LINE","'by their sharing of electrons. These bonding electrons are attracted","'99.98510742"
"'150","'LINE","'simultaneously to both atomic nuclei, and they spend part of the time near","'99.98710632"
"'150","'LINE","'one atom and part of the time near the other.","'99.98925781"
"'150","'LINE","'In some cases of covalent bonding, one atom appears to provide both","'99.99105072"
"'150","'LINE","'electrons in the bonding pair; the bond is known as coordinate-covalent bond","'99.95321655"
"'150","'LINE","'or dative bond.","'99.98046875"
"'150","'LINE","'Molecular geometry refers to the spatial arrangement of atoms in a molecule.","'99.74625397"
"'150","'LINE","'The valence-shell electron-pair repulsion (VSEPR) model is a simple model","'99.69380188"
"'150","'LINE","'for predicting molecular geometries.","'99.98007202"
"'150","'LINE","'In the valence bond method (VB) a covalent bond is viewed as the overlap of","'99.88356018"
"'150","'LINE","'atomic orbitals of the bonded atoms in a region between the atomic nuclei.","'99.90676117"
"'150","'LINE","'In the VB theory, hybridized atomic orbitals are formed by the combination","'99.97437286"
"'150","'LINE","'and rearrangement of orbitals of the same atom.","'99.99135590"
"'150","'LINE","'Hybridized orbitals are all of equal energy and electron density, and the","'99.98766327"
"'150","'LINE","'number of hybridized orbitals is equal to the number of pure atomic orbitals","'99.98560333"
"'150","'LINE","'that combine.","'99.97030640"
"'150","'LINE","'Molecular orbital theory describes bonding in terms of the combination and","'99.98919678"
"'150","'LINE","'rearrangement of atomic orbitals to form orbitals that are associated with the","'99.99349213"
"'150","'LINE","'molecule as a whole.","'99.83159637"
"'150","'LINE","'Bonding molecular orbitals increase electron density between the nuclei and","'99.99902344"
"'150","'LINE","'are lower in energy than individual atomic orbitals. Anti-bonding molecular","'99.75426483"
"'150","'LINE","'orbitals have a region of zero electron density between the nuclei, and an","'99.89236450"
"'150","'LINE","'energy level higher than that of the individual atomic orbitals.","'99.98706818"
"'150","'LINE","'140","'99.97070313"
"'150","'LINE","'UNIT 2","'99.57031250"
"'151","'LINE","'Types of Crystal","'100.00000000"
"'151","'LINE","'CHECKLIST","'100.00000000"
"'151","'LINE","'KEY TERMS","'99.99023438"
"'151","'LINE","'Anion","'100.00000000"
"'151","'LINE","'Lattice energy","'100.00000000"
"'151","'LINE","'Atomic orbital","'100.00000000"
"'151","'LINE","'London dispersion forces","'100.00000000"
"'151","'LINE","'Covalent bond","'100.00000000"
"'151","'LINE","'Molecule","'100.00000000"
"'151","'LINE","'Crystal","'100.00000000"
"'151","'LINE","'Molecular orbital","'100.00000000"
"'151","'LINE","'Delocalization of electrons","'99.97342682"
"'151","'LINE","'Noble gases","'99.98535156"
"'151","'LINE","'Dipole","'100.00000000"
"'151","'LINE","'Potential energy","'100.00000000"
"'151","'LINE","'Dipole moment","'99.99511719"
"'151","'LINE","'Single bond","'99.98007202"
"'151","'LINE","'Double bond","'100.00000000"
"'151","'LINE","'Substance","'100.00000000"
"'151","'LINE","'Electric charge","'100.00000000"
"'151","'LINE","'Triple bond","'100.00000000"
"'151","'LINE","'Ionic bond","'100.00000000"
"'151","'LINE","'Valence bond theory","'100.00000000"
"'151","'LINE","'Ionization","'99.96014404"
"'151","'LINE","'Valence electron","'100.00000000"
"'151","'LINE","'Kinetic energy","'100.00000000"
"'151","'LINE","'Van der Waals force","'99.98759460"
"'151","'LINE","'UNIT 2","'99.87304688"
"'151","'LINE","'141","'99.95117188"
"'152","'LINE","'CHEMISTRY GRADE 11","'99.83371735"
"'152","'LINE","'REVIEW EXERCISE","'99.96054077"
"'152","'LINE","'Part I: Multiple Choice Questions:","'98.50737762"
"'152","'LINE","'Choose the correct answer from the given alternatives.","'99.97142792"
"'152","'LINE","'1.","'99.84375000"
"'152","'LINE","'Which of the following is not a property of ionic bonds?","'99.94334412"
"'152","'LINE","'a. loss of electrons","'99.83139801"
"'152","'LINE","'c. sharing of electrons","'94.81375885"
"'152","'LINE","'b. gain of electrons","'99.97050476"
"'152","'LINE","'d. transfering of electrons","'99.96298218"
"'152","'LINE","'2.","'99.97070313"
"'152","'LINE","'Which one of the following does not comply with the octet rule?","'99.98371887"
"'152","'LINE","'a. PCl₃","'83.50526428"
"'152","'LINE","'b. CBr₄","'98.58727264"
"'152","'LINE","'c. NF₃","'76.09375000"
"'152","'LINE","'d. AsF₅","'93.37312317"
"'152","'LINE","'3. A π(pi) bond is the result of the:","'98.58398438"
"'152","'LINE","'a.","'99.52487183"
"'152","'LINE","'overlap of two S orbitals","'99.19615173"
"'152","'LINE","'b. overlap of an S and a p orbital","'98.32978821"
"'152","'LINE","'c. overlap of two p orbitals along their axes","'97.79188538"
"'152","'LINE","'d. sidewise overlap of two parallel p orbitals","'99.87013245"
"'152","'LINE","'4.","'99.95117188"
"'152","'LINE","'The maximum number of hydrogen bonds that a molecule of water can have is:","'99.92085266"
"'152","'LINE","'a. 1","'99.36005402"
"'152","'LINE","'b. 2","'99.72656250"
"'152","'LINE","'c. 3","'91.76598358"
"'152","'LINE","'d. 4","'99.75546265"
"'152","'LINE","'5.","'99.89257813"
"'152","'LINE","'Which of the following is planar?","'99.98371887"
"'152","'LINE","'a. NO₃⁻","'79.19433594"
"'152","'LINE","'b. H₃O⁺","'75.01235962"
"'152","'LINE","'c. SO₃²⁻","'76.00347137"
"'152","'LINE","'d. PF₃","'96.05040741"
"'152","'LINE","'6.","'99.97070313"
"'152","'LINE","'Among the following mixtures dipole-dipole as the major interaction is present in:","'99.60878754"
"'152","'LINE","'a.","'99.71360779"
"'152","'LINE","'benzene and ethanol","'99.97017670"
"'152","'LINE","'b. acetonitrile and acetone","'99.76876068"
"'152","'LINE","'c. KCl and water","'90.39969635"
"'152","'LINE","'d. benzene and carbon tetrachloride","'99.89082336"
"'152","'LINE","'7. The main axis of a diatomic molecule is Z. Atomic orbitals pₓ and Pᵥ overlap to","'93.11873627"
"'152","'LINE","'form which of the following orbital?","'99.99674225"
"'152","'LINE","'a. π-molecular orbital","'99.77167511"
"'152","'LINE","'c. δ-molecular orbital","'95.77241516"
"'152","'LINE","'b. σ-molecular orbital","'99.87770081"
"'152","'LINE","'d. no bond will form","'99.94467163"
"'152","'LINE","'8. The structure of IF₇ is:","'97.53430939"
"'152","'LINE","'a. pentagonal bipyramid","'99.92134857"
"'152","'LINE","'c. trigonal bipyramid","'86.69118500"
"'152","'LINE","'b. square pyramid","'99.96392822"
"'152","'LINE","'d. octahedral","'99.82630920"
"'152","'LINE","'9.","'99.93164063"
"'152","'LINE","'In which of the following molecule is a co-ordinate covalent bond present?","'99.83187103"
"'152","'LINE","'a. F₂","'80.94657135"
"'152","'LINE","'c. NH₃","'74.00280762"
"'152","'LINE","'b. O₃","'84.74520111"
"'152","'LINE","'d. CC1₄","'78.10855865"
"'152","'LINE","'142","'99.96093750"
"'152","'LINE","'UNIT 2","'99.56054688"
"'153","'LINE","'Types of Crystal","'99.97396088"
"'153","'LINE","'10. In which of the following compounds are 8 valence electrons present in every","'99.96768188"
"'153","'LINE","'atom?","'99.93164063"
"'153","'LINE","'a. IF₇","'87.90198517"
"'153","'LINE","'b. C₂H₄","'81.99607086"
"'153","'LINE","'c. SiF₄","'89.31421661"
"'153","'LINE","'d. KH","'99.81734467"
"'153","'LINE","'11. Molecules are held together in a crystal by:","'99.92324829"
"'153","'LINE","'a. hydrogen bonds","'99.89476776"
"'153","'LINE","'c. Van der Waal's attraction","'96.71276855"
"'153","'LINE","'b. electrostatic attraction","'99.92107391"
"'153","'LINE","'d. dipole-dipole attraction","'99.29209137"
"'153","'LINE","'12. Find the molecule with the maximum dipole moment:","'99.98137665"
"'153","'LINE","'a. CH₄","'93.35957336"
"'153","'LINE","'b. NH3","'79.32806396"
"'153","'LINE","'c. CO2","'81.45646667"
"'153","'LINE","'d. NF₃","'87.90726471"
"'153","'LINE","'13. Which of the molecules does not have a permanent dipole moment?","'99.89247894"
"'153","'LINE","'a. SO₃","'94.01377106"
"'153","'LINE","'b. SO₂","'87.95758820"
"'153","'LINE","'c. H2S","'80.96231079"
"'153","'LINE","'d. CS₂","'78.62663269"
"'153","'LINE","'14. The F-S-F bond angles in SF₆ are","'98.76586914"
"'153","'LINE","'.","'89.57927704"
"'153","'LINE","'a.","'99.76403046"
"'153","'LINE","'109°28'","'98.51861572"
"'153","'LINE","'b. 120° only","'99.58665466"
"'153","'LINE","'c. 90° and 120°","'96.55871582"
"'153","'LINE","'d. 90° and 180°","'99.22274017"
"'153","'LINE","'15. A neutral molecule having the general formula AB₃ has two unshared pair of","'99.45897675"
"'153","'LINE","'electrons on A. What is the hybridization of A?","'99.31742859"
"'153","'LINE","'a.","'99.75347137"
"'153","'LINE","'sp","'99.79412842"
"'153","'LINE","'b. sp²","'86.48656464"
"'153","'LINE","'c. sp³","'85.11320496"
"'153","'LINE","'d. sp³d","'96.37664795"
"'153","'LINE","'Part II: Answer the following questions","'99.78887177"
"'153","'LINE","'16. Write Lewis dot symbols for the following atoms and ions: Mg, Na, B, N, Br, Be,","'99.86904907"
"'153","'LINE","'Li⁺, Cl⁻, O², Mg²⁺ and N³⁻","'71.41976929"
"'153","'LINE","'17. List four major difference between sigma (σ) and pi (π) bonds.","'99.87429047"
"'153","'LINE","'18. Which one is stronger: σ-bond or π-bond? Why?","'99.87957764"
"'153","'LINE","'19. Explain why a BeH₂ molecule has a zero dipole moment although the Be-H bonds","'98.67021179"
"'153","'LINE","'are polar?","'99.97558594"
"'153","'LINE","'20. How can one non-polar molecule induce a dipole in a nearby non-polar molecule?","'99.71450806"
"'153","'LINE","'21. Describe the change in hybridization of an aluminum atom (if any) during the","'99.95861816"
"'153","'LINE","'reaction:","'99.93083954"
"'153","'LINE","'AICI₃","'57.97991180"
"'153","'LINE","'+","'97.41051483"
"'153","'LINE","'Cl","'89.26119995"
"'153","'LINE","'AICI₄⁻","'58.46380615"
"'153","'LINE","'22. Apart from tetrahedral geometry, another possible geometry for CH₄ is square","'98.41210938"
"'153","'LINE","'planar with the four H atoms at the corners of the square and C atom at its center.","'99.56830597"
"'153","'LINE","'Explain why CH₄ is not square planar?","'97.68623352"
"'153","'LINE","'23. Sketch the bond moments and resultant dipole moments in the following","'99.98766327"
"'153","'LINE","'molecules: H2O, PCl₃, NH₃, NF₃","'71.71887207"
"'153","'LINE","'24. Write the resonance structures for SO₂, NO₂ and NO3⁻ S","'88.24121094"
"'153","'LINE","'UNIT 2","'99.39941406"
"'153","'LINE","'143","'99.97070313"
"'154","'LINE","'CHEMISTRY GRADE 11","'99.90207672"
"'154","'LINE","'3","'95.86874390"
"'154","'LINE","'Plasma","'99.69647217"
"'154","'LINE","'UNIT","'100.00000000"
"'154","'LINE","'Solid","'99.84375000"
"'154","'LINE","'Liquid","'99.81445313"
"'154","'LINE","'Gas","'99.45312500"
"'154","'LINE","'PHYSICAL STATES OF MATTER","'99.98535156"
"'154","'LINE","'Unit Outcomes","'99.99023438"
"'154","'LINE","'At the end of this unit, you will be able to:","'99.96959686"
"'154","'LINE","'discuss the kinetic molecular theory and properties of the three physical","'99.98912811"
"'154","'LINE","'states of matter","'99.93383026"
"'154","'LINE","'explain the behavior of gases by using the variables volume, temperature,","'99.96923828"
"'154","'LINE","'pressure and number of moles","'99.97023010"
"'154","'LINE","'distinguish these terms: ideal gas, diffusion, evaporation, boiling,","'99.95027924"
"'154","'LINE","'condensation, vapour pressure, boiling point, molar heat of vaporization,","'99.91142273"
"'154","'LINE","'molar heat of condensation, melting, fusion, sublimation, melting point,","'99.87156677"
"'154","'LINE","'freezing point, molar heat of fusion, and molar heat of solidification","'99.93211365"
"'154","'LINE","'analyse the gas laws","'99.99755859"
"'154","'LINE","'develop skills in solving problems to which the gas laws apply","'99.99555969"
"'154","'LINE","'perform activities to illustrate gas laws","'99.98684692"
"'154","'LINE","'carryout experiments to determine the boiling points of liquids","'99.97126007"
"'154","'LINE","'demonstrate an experiment to show phase changes.","'99.95886230"
"'154","'LINE","'describe scientific enquiry skills along this unit: inferring, predicting,","'99.93799591"
"'154","'LINE","'classifying, comparing and contrasting, communicating, asking questions,","'99.84625244"
"'154","'LINE","'and making generalizations.","'99.90373993"
"'154","'LINE","'144","'99.99023438"
"'154","'LINE","'UNIT 3","'99.12329102"
"'155","'LINE","'Introduction","'99.96014404"
"'155","'LINE","'Start-up Activity","'99.75585938"
"'155","'LINE","'Form groups and discuss the following questions. Share your ideas","'99.99308777"
"'155","'LINE","'with the rest of the class.","'99.99837494"
"'155","'LINE","'1. During rainy season sometimes we observe ice rain. What is the source","'99.96463013"
"'155","'LINE","'of this ice rain (precipitation)? What makes it different from water?","'99.96863556"
"'155","'LINE","'2. If you put some water in an evaporating dish and gently heat for some","'99.98101807"
"'155","'LINE","'time, what kind of change do you observe?","'99.99257660"
"'155","'LINE","'3.1","'99.97070313"
"'155","'LINE","'Introduction","'99.88042450"
"'155","'LINE","'At the end of this section, you will be able to:","'99.96154022"
"'155","'LINE","'describe the physical states of matter","'99.97355652"
"'155","'LINE","'give examples for each of the three physical states of matter","'99.96295166"
"'155","'LINE","'compare and contrast the three physical states of matter.","'99.96574402"
"'155","'LINE","'Activity 3.1","'99.90194702"
"'155","'LINE","'Discuss the following questions in pairs and present your discussion to the class.","'99.99023438"
"'155","'LINE","'1. Why do substances exist in different physical states; for example, water","'99.97050476"
"'155","'LINE","'(liquid), sugar (solid), and CO2 (gaseous) states at room temperature?","'98.31415558"
"'155","'LINE","'2. What happens to ice if you place it in the open air for some time? Why?","'99.97409821"
"'155","'LINE","'From your previous lessons you will remember that all objects around us are called","'99.98110962"
"'155","'LINE","'matter. Matter is defined as anything occupying space and having mass, which is the","'99.98104858"
"'155","'LINE","'material of the Universe. It exists in three common states: gas, liquid and solid. For","'99.96962738"
"'155","'LINE","'example, the water that we use in our daily life can exist in three physical states of","'99.97908783"
"'155","'LINE","'matter. The three physical states of water are:","'99.99389648"
"'155","'LINE","'Steam (water vapor): gaseous state of water","'99.97349548"
"'155","'LINE","'Water: liquid state of water","'99.99414063"
"'155","'LINE","'Ice: solid state of water","'99.99218750"
"'155","'LINE","'Most solids change to liquids and most liquids change to gases as they","'99.98798370"
"'155","'LINE","'are heated. Liquids and gases are known as fluids because they flow freely.","'99.98716736"
"'155","'LINE","'Solids and liquids are referred to as condensed states because they have much higher","'99.98244476"
"'155","'LINE","'densities than gases.","'99.94712067"
"'155","'LINE","'UNIT 3","'98.83769226"
"'155","'LINE","'145","'99.97070313"
"'156","'LINE","'CHEMISTRY GRADE 11","'99.73280334"
"'156","'LINE","'In our everyday life, we experience changes in the state of matter. That is, ice melts","'99.97797394"
"'156","'LINE","'and water freezes; water boils and steam condenses. Generally, the physical states","'99.96515656"
"'156","'LINE","'of matter can be changed to solids, liquids, gases, or plasma by varying temperature","'99.97599792"
"'156","'LINE","'and/or pressure.","'99.57968140"
"'156","'LINE","'Solid","'100.00000000"
"'156","'LINE","'A solid is rigid; it has a fixed volume and a fixed shape. Solids cannot be compressed.","'99.24222565"
"'156","'LINE","'Solids have higher densities than liquids because their particles are usually packed","'99.98345947"
"'156","'LINE","'closer than those in liquids. The tightly packed particles of solids are also highly","'99.98867035"
"'156","'LINE","'organized.","'99.88042450"
"'156","'LINE","'The particles of a solid, whether they are atoms, ions or molecules, only vibrate at a","'99.90399933"
"'156","'LINE","'fixed point with respect to the neighboring particles. As a result, its particles stay in","'99.92526245"
"'156","'LINE","'a fixed position. Metals, chalk, sand, soil, and stone are examples of solids.","'99.94680023"
"'156","'LINE","'Liquid","'100.00000000"
"'156","'LINE","'A liquid has a definite volume, but does not have a definite shape. It takes","'99.76272583"
"'156","'LINE","'the shape of its container. It is very slightly compressible and has the ability","'99.96734619"
"'156","'LINE","'to flow. In a liquid, particles vibrate about a point, and constantly shift their","'99.87959290"
"'156","'LINE","'positions. Water, ethanol, mercury, bromine, and oil are examples of liquids.","'99.95851135"
"'156","'LINE","'Gas","'99.97070313"
"'156","'LINE","'A gas has neither definite volume nor definite shape; it takes on the shape and","'99.63301086"
"'156","'LINE","'volume of its container. Gas is highly compressible because most of the volume of","'99.96804047"
"'156","'LINE","'a gas is composed of the large amounts of empty space between the gas particles.","'99.95644379"
"'156","'LINE","'For example, air, hydrogen, oxygen, carbon dioxide, and nitrogen are gases.","'99.89683533"
"'156","'LINE","'Plasma","'99.92028046"
"'156","'LINE","'Plasma is the fourth physical state of matter that exists at a high temperature (million","'99.95986176"
"'156","'LINE","'degrees Celsius). At such high temperatures molecules cannot exist. Most or all of","'99.94881439"
"'156","'LINE","'the atoms are stripped of their electrons and thus, exist in their ionized form. This","'99.98085785"
"'156","'LINE","'state of matter, a gaseous mixture of positive ions and electrons, is called plasma. In","'99.87813568"
"'156","'LINE","'another word, plasma is an ionized gas. Because of the extreme temperatures needed","'99.96501923"
"'156","'LINE","'for fusion, no material can exist in the plasma state. Like gases, plasmas have no","'99.95715332"
"'156","'LINE","'fixed shape and a fixed volume. They are also less dense than solids or liquids. A","'99.67470551"
"'156","'LINE","'particle diagram of a solid, liquid, gas and plasma is given in Figure 3.1.","'99.90852356"
"'156","'LINE","'146","'99.99023438"
"'156","'LINE","'UNIT 3","'98.97680664"
"'157","'LINE","'Kinetic Theory and Properties of Matter","'99.99837494"
"'157","'LINE","'Melting","'100.00000000"
"'157","'LINE","'Vaporization","'99.92028046"
"'157","'LINE","'Ionization","'99.00350952"
"'157","'LINE","'+","'86.75701904"
"'157","'LINE","'Freezing","'99.96014404"
"'157","'LINE","'Condensation","'99.88042450"
"'157","'LINE","'Deionization","'99.84056091"
"'157","'LINE","'+","'91.52263641"
"'157","'LINE","'+","'93.36674500"
"'157","'LINE","'Solid","'100.00000000"
"'157","'LINE","'Liquid","'100.00000000"
"'157","'LINE","'Gas","'99.99023438"
"'157","'LINE","'Plasma","'100.00000000"
"'157","'LINE","'Figure 3.1: A particle diagram of a solid, liquid, gas and plasma","'98.49599457"
"'157","'LINE","'Exercise 3.1","'99.99511719"
"'157","'LINE","'1. Can nitrogen and oxygen exist as liquids and solids?","'99.95459747"
"'157","'LINE","'2. Compare and contrast the three states of matter: gas, liquid and solid.","'99.99624634"
"'157","'LINE","'3. How is plasma different from gas?","'99.98314667"
"'157","'LINE","'3.2","'99.95037079"
"'157","'LINE","'Kinetic Theory and Properties of Matter","'99.97694397"
"'157","'LINE","'At the end of this section, you will be able to:","'99.96959686"
"'157","'LINE","'state the kinetic theory of matter","'99.97017670"
"'157","'LINE","'explain the properties of matter in terms of the kinetic theory.","'99.97108459"
"'157","'LINE","'Activity 3.2","'99.92147827"
"'157","'LINE","'Form a group and perform the following tasks. Present your findings to the class.","'99.93003082"
"'157","'LINE","'1. Select any three different substances; one existing in the solid state,","'99.95796967"
"'157","'LINE","'the second in the liquid state, and the third in the gaseous state at room","'99.99082947"
"'157","'LINE","'temperature. Use the following table to explain the motion, distance, and","'99.97012329"
"'157","'LINE","'attraction between particles.","'99.94685364"
"'157","'LINE","'Substance","'99.88042450"
"'157","'LINE","'Motion of","'99.98046875"
"'157","'LINE","'Distance be-","'99.91091156"
"'157","'LINE","'Attraction between","'99.98535156"
"'157","'LINE","'particles","'100.00000000"
"'157","'LINE","'tween particles","'99.97070313"
"'157","'LINE","'particles","'100.00000000"
"'157","'LINE","'1","'99.38237762"
"'157","'LINE","'2","'99.84375000"
"'157","'LINE","'3","'99.56712341"
"'157","'LINE","'2. In which state of matter do the particles possess the highest kinetic","'99.99549103"
"'157","'LINE","'energy?","'99.84375000"
"'157","'LINE","'UNIT 3","'98.86868286"
"'157","'LINE","'147","'99.97070313"
"'158","'LINE","'CHEMISTRY GRADE 11","'99.74257660"
"'158","'LINE","'3.2.1","'99.88201141"
"'158","'LINE","'The Kinetic Theory of Matter","'99.98437500"
"'158","'LINE","'The three states of matter in which substances are chemically the same but physically","'99.98175049"
"'158","'LINE","'different are explained by the kinetic theory of matter. The kinetic theory of matter","'99.99651337"
"'158","'LINE","'gives an explanation on the nature of the motion and the heat energy. According","'99.98738861"
"'158","'LINE","'to the kinetic theory of matter, every substance consists of a very large number of","'99.95835114"
"'158","'LINE","'very small particles called ions, atoms and molecules. The particles are in a state","'99.88576508"
"'158","'LINE","'of continuous and random motion with all possible velocities. The motion of the","'99.97164917"
"'158","'LINE","'particles increases with a rise in temperature.","'99.91375732"
"'158","'LINE","'Generally, the kinetic theory of matter is based on the following assumptions:","'99.96447754"
"'158","'LINE","'1. All matter is composed of particles that are constantly moving.","'99.96427155"
"'158","'LINE","'2. All particles have kinetic energy (movement energy) and potential energy.","'99.95939636"
"'158","'LINE","'Molecules in the solid phase have the least amount of energy, while gas","'99.99085999"
"'158","'LINE","'particles have the greatest amount of energy.","'99.99151611"
"'158","'LINE","'3. The difference between the three states of matter is the energy contents they","'99.99163055"
"'158","'LINE","'have and the motion of the particles. A change in phase may occur when the","'99.96701813"
"'158","'LINE","'energy of the particles is changed.","'99.97857666"
"'158","'LINE","'4. The temperature of a substance is a measure of the average kinetic energy of","'99.89358521"
"'158","'LINE","'the particles.","'99.98007202"
"'158","'LINE","'5. There are spaces between particles of matter. The average amount of empty","'99.98798370"
"'158","'LINE","'space between molecules gets progressively larger as a sample of matter","'99.95880127"
"'158","'LINE","'moves from the solid to the liquid and gas phases.","'99.98234558"
"'158","'LINE","'6. There are attractive forces between atoms/molecules, and these become","'99.91474152"
"'158","'LINE","'stronger as the particles move closer together. These attractive forces are","'99.97492218"
"'158","'LINE","'called intermolecular forces.","'99.90048218"
"'158","'LINE","'3.2.2","'99.80229950"
"'158","'LINE","'Properties of Matter","'99.95063782"
"'158","'LINE","'Activity 3.3","'99.81774139"
"'158","'LINE","'Attempt to answer the following question independently, and share your","'99.98331451"
"'158","'LINE","'ideas with a friend who sits next to you.","'99.90978241"
"'158","'LINE","'Compare and contrast the density and compressibility of a solid, liquid, and","'99.88495636"
"'158","'LINE","'gaseous forms of a substance using particle model diagrams.","'99.94395447"
"'158","'LINE","'148","'99.96093750"
"'158","'LINE","'UNIT 3","'99.00808716"
"'159","'LINE","'Kinetic Theory and Properties of Matter","'99.98697662"
"'159","'LINE","'As it has been earlier discussed, matter can exist as a solid, liquid, and gas. The","'99.89083099"
"'159","'LINE","'properties of these three states of matter are explained in terms of the kinetic","'99.98518372"
"'159","'LINE","'theory as follows:","'99.97396088"
"'159","'LINE","'Properties of Gases","'99.95037079"
"'159","'LINE","'From the kinetic molecular theory of gases, the following general properties of gases","'99.97647095"
"'159","'LINE","'can be summarized.","'99.82428741"
"'159","'LINE","'1. Gases have no fixed shape and fixed volume. They assume the volume and","'99.96338654"
"'159","'LINE","'shape of their containers.","'99.91783905"
"'159","'LINE","'2. Gases can be easily compressed. By applying pressure to the walls of a flexible","'99.89424133"
"'159","'LINE","'container, gases can be compressed; the compression results in a decrease of","'99.85926056"
"'159","'LINE","'its volume. This happens due to the large spaces between the particles of gases.","'99.98099518"
"'159","'LINE","'3. Gases have low densities compared to liquids and solids. Because the particles","'99.96877289"
"'159","'LINE","'of a gas are very far apart each other and the number of molecules per unit","'99.97223663"
"'159","'LINE","'volume is very small. A small mass of a gas occupies a large volume and hence","'99.66865540"
"'159","'LINE","'results in a very low density.","'99.91254425"
"'159","'LINE","'4. Gases exert pressure in all directions. Gases that are confined in a container","'99.87587738"
"'159","'LINE","'exert pressure on the walls of their container. This pressure is due to collisions","'99.97402191"
"'159","'LINE","'between gas molecules and the walls of the container.","'99.97026062"
"'159","'LINE","'5. Gases easily flow and diffuse through one another. A gas moves freely and","'99.59320068"
"'159","'LINE","'randomly throughout a given space.","'99.85519409"
"'159","'LINE","'Properties of Liquids","'99.95715332"
"'159","'LINE","'Liquids have the following properties:","'99.96421051"
"'159","'LINE","'1. Liquids have a definite volume, but have no definite shape. They assume","'99.88978577"
"'159","'LINE","'the shapes of their container. Lack of a definite shape for liquid substances","'99.94805908"
"'159","'LINE","'arises from low intermolecular forces of attraction between their particles as","'99.96391296"
"'159","'LINE","'compared to that of solids.","'99.98421478"
"'159","'LINE","'2. Liquids have higher densities than gases. Their density is a result of the close","'99.86414337"
"'159","'LINE","'arrangement of liquid particles. Thus, the particles are closer in liquid than","'99.97186279"
"'159","'LINE","'in their gaseous state. This accounts for the higher densities of liquids as","'99.97796631"
"'159","'LINE","'compared to gases.","'99.98046875"
"'159","'LINE","'3. Liquids are slightly compressible. The available free space between particles","'99.96672058"
"'159","'LINE","'in liquids is very little as a result, liquids resist an applied external force.","'99.90714264"
"'159","'LINE","'UNIT 3","'98.74691010"
"'159","'LINE","'149","'99.97070313"
"'160","'LINE","'CHEMISTRY GRADE 11","'99.84023285"
"'160","'LINE","'4. Liquids are fluids. A fluid is a substance that can easily flow. Most liquids","'99.42579651"
"'160","'LINE","'naturally flow downwards due to gravitational force. But, the fluidity of liquids","'99.98521423"
"'160","'LINE","'is much slower than gases.","'99.99023438"
"'160","'LINE","'Properties of Solids","'99.97043610"
"'160","'LINE","'Solids have the following properties:","'99.97624207"
"'160","'LINE","'1. Solids have a definite shape and definite volume, due to the presence of the","'99.93529510"
"'160","'LINE","'strong force of attraction between the particles in a solid.","'99.96045685"
"'160","'LINE","'2. Solids generally have higher densities than gases and liquids. The particles","'99.98013306"
"'160","'LINE","'of solids are very close to each other, and thus, there is almost no free space","'99.97716522"
"'160","'LINE","'between the particles of solids. This closeness of particles makes solids to","'99.99586487"
"'160","'LINE","'have more particles (mass) per unit volume.","'99.97175598"
"'160","'LINE","'3. Solids are extremely difficult to compress because the high interparticle forces","'99.96623230"
"'160","'LINE","'of attraction between the particles of solids are very strong due to a very short","'99.96642303"
"'160","'LINE","'distance between them.","'100.00000000"
"'160","'LINE","'4. Solids are not fluids. Solids normally do not flow because particles of solids","'99.98738861"
"'160","'LINE","'are rigidly held in position by strong forces that restrict them.","'99.99282074"
"'160","'LINE","'Exercise 3.2","'99.96093750"
"'160","'LINE","'Arrange the three states of matter in terms of their increasing:","'99.99186707"
"'160","'LINE","'a. intermolecular force","'99.85464478"
"'160","'LINE","'c. compressibility","'93.86848450"
"'160","'LINE","'b. density","'99.97558594"
"'160","'LINE","'d. kinetic energy.","'99.95090485"
"'160","'LINE","'3.3","'99.92107391"
"'160","'LINE","'The Gaseous State","'99.97369385"
"'160","'LINE","'At the end of this section, you will be able to:","'99.96420288"
"'160","'LINE","'explain the assumptions of the kinetic molecular theory of gases","'99.95525360"
"'160","'LINE","'describe the properties of gases using the kinetic molecular theory","'99.96623993"
"'160","'LINE","'describe the behavior of gases by using the variables V (volume), T","'99.86257172"
"'160","'LINE","'(temperature), P (pressure) and n (number of moles)","'99.57726288"
"'160","'LINE","'state Boyle's law","'99.95389557"
"'160","'LINE","'perform an activity to show changes in volume and pressure of gases to","'99.96971130"
"'160","'LINE","'illustrates Boyle's law","'99.93735504"
"'160","'LINE","'apply Boyle's law in solving problems","'99.97857666"
"'160","'LINE","'150","'99.93164063"
"'160","'LINE","'UNIT 3","'99.10863495"
"'161","'LINE","'The Gaseous State","'99.98697662"
"'161","'LINE","'state Charles' law","'99.57369995"
"'161","'LINE","'conduct an activity to show changes in volume and temperature of gases","'99.98352814"
"'161","'LINE","'to illustrate Charles' law","'99.53174591"
"'161","'LINE","'apply Charles' law in solving problems","'99.77642059"
"'161","'LINE","'state Gay-Lussac's law","'99.88175201"
"'161","'LINE","'use Gay-Lussac's law in solving problems","'99.91510010"
"'161","'LINE","'derive the combined gas law equation from Boyle's law, Charles' law, and","'99.89749146"
"'161","'LINE","'Gay-Lussac's law","'99.85759735"
"'161","'LINE","'use the combined gas law to calculate changes in volume, pressure or","'99.98121643"
"'161","'LINE","'temperature","'100.00000000"
"'161","'LINE","'define an ideal gas","'99.97070313"
"'161","'LINE","'derive an ideal gas equation from Boyle's law, Charles' law and","'99.90326691"
"'161","'LINE","'Avogadro's law","'99.91051483"
"'161","'LINE","'compare the nature of real gases with ideal gases","'99.97903442"
"'161","'LINE","'solve problems related to the ideal gas equation","'99.99013519"
"'161","'LINE","'define diffusion","'99.99511719"
"'161","'LINE","'state Graham's law of diffusion","'99.94630432"
"'161","'LINE","'carry out an activity to compare the rate of diffusion of two","'99.97369385"
"'161","'LINE","'different gases","'99.96054077"
"'161","'LINE","'apply Graham's law of diffusion in solving problems.","'99.94783020"
"'161","'LINE","'Activity 3.4","'99.83847046"
"'161","'LINE","'In pairs, discuss the following points and share your ideas to the whole class","'99.99505615"
"'161","'LINE","'Consider three water samples that are taken in containers: A, B, and C. The","'98.97781372"
"'161","'LINE","'three water samples are kept at different temperatures: 120 °C, 20 °C, and -10","'97.56911469"
"'161","'LINE","'°C, respectively, and under constant atmospheric pressure.","'97.49404907"
"'161","'LINE","'a. Which sample molecule has the highest kinetic energy?","'99.74131012"
"'161","'LINE","'b. Which sample has the greatest density?","'99.98314667"
"'161","'LINE","'c. Which sample has the most regular arrangement of molecules?","'96.43376923"
"'161","'LINE","'UNIT 3","'99.00122070"
"'161","'LINE","'151","'99.88201141"
"'162","'LINE","'CHEMISTRY GRADE 11","'99.31939697"
"'162","'LINE","'3.3.1","'99.88201141"
"'162","'LINE","'The Kinetic Molecular Theory of Gases","'99.95890808"
"'162","'LINE","'The kinetic molecular theory is a simple model for understanding the behavior","'99.94298553"
"'162","'LINE","'of gases. This model predicts the correct behavior for most gases under many","'99.99549103"
"'162","'LINE","'conditions. Like other models, the kinetic molecular theory is not perfect.","'99.94039154"
"'162","'LINE","'Assumptions of the kinetic molecular theory of gases:","'99.96664429"
"'162","'LINE","'1. A gas is a collection of particles (molecules) in constant, straight-line motion.","'99.73226929"
"'162","'LINE","'2. Gas particles do not attract or repel each other, they do not interact. The particles","'99.97116089"
"'162","'LINE","'collide with each other and with the surfaces around them, but they bounce","'99.99311829"
"'162","'LINE","'back from these collisions like pool balls.","'99.98453522"
"'162","'LINE","'3. There is a lot of space between gas particles compared with the size of the","'99.93943787"
"'162","'LINE","'particles themselves. In other word, the volume of the particles is negligible","'99.97688293"
"'162","'LINE","'compared to the total volume of the gas. The molecules are so far apart, the total","'99.53881073"
"'162","'LINE","'volume of the molecules is extremely small compared with the total volume of","'99.97478485"
"'162","'LINE","'the gas. This assumption explains why gases are so easily compressed and why","'99.77722931"
"'162","'LINE","'they can mix so readily.","'99.29096985"
"'162","'LINE","'4. The average kinetic energy of gas particles is proportional to the temperature","'99.97953033"
"'162","'LINE","'of the gas in kelvins. This means that as the temperature increases, the particles","'99.96611786"
"'162","'LINE","'move faster and therefore have more energy. The mathematically expressed as:","'99.95819855"
"'162","'LINE","'KE = 1/2mv2 2","'72.25506592"
"'162","'LINE","'(3.1)","'99.40429688"
"'162","'LINE","'Where KE is kinetic energy, m is mass and V is velocity of gas molecules. According","'97.37326050"
"'162","'LINE","'to this formula different molecules have different velocities and, therefore, have","'99.95385742"
"'162","'LINE","'different kinetic energies.","'99.87118530"
"'162","'LINE","'Generally, the gaseous state is characterized by the following physical properties:","'99.98114014"
"'162","'LINE","'Gases are highly compressible.","'99.96542358"
"'162","'LINE","'Gases exert pressure equally in all directions.","'99.97175598"
"'162","'LINE","'Gases have much lower density than solids and liquids.","'99.98237610"
"'162","'LINE","'The volume and the shape of gases are not fixed. These take the volume and","'99.98291016"
"'162","'LINE","'shape of the container.","'99.95037079"
"'162","'LINE","'Gases mix evenly and completely.","'99.98226166"
"'162","'LINE","'152","'99.88281250"
"'162","'LINE","'UNIT 3","'98.76195526"
"'163","'LINE","'The Gaseous State","'99.98046875"
"'163","'LINE","'Simplicity of gases is due to the fact that the forces of interaction between their","'99.99414063"
"'163","'LINE","'molecules are negligible. Their behavior is governed by similar general laws,","'99.97382355"
"'163","'LINE","'which were discovered as a result of their experimental studies. These laws have","'99.95513153"
"'163","'LINE","'relationships between measurable properties of gases. Some of these properties such","'99.97921753"
"'163","'LINE","'as pressure, volume, temperature and mass are very important. Interdependence of","'99.92870331"
"'163","'LINE","'these variables leads to the gas laws.","'99.98732758"
"'163","'LINE","'3.3.2","'99.85192108"
"'163","'LINE","'The Gas Laws","'99.98046875"
"'163","'LINE","'Activity 3.5","'99.86288452"
"'163","'LINE","'Discuss the following in terms of the gas laws with a partner who sits next","'99.91934967"
"'163","'LINE","'to you. Present your conclusion to the class.","'99.99389648"
"'163","'LINE","'a. The increase in pressure in a car tire on a hot day.","'99.70257568"
"'163","'LINE","'b. The loud noise heard when a light bulb shatters.","'99.95557404"
"'163","'LINE","'The gas laws are the result of various research conducted for several centuries on","'99.97954559"
"'163","'LINE","'the physical properties of gases. The first reliable measurement on the properties of","'99.95569611"
"'163","'LINE","'gases was made by Robert Boyle in 1662 (an Anglo-Irish scientist). The observation","'99.86273193"
"'163","'LINE","'of Boyle's and other scientists led to the development of the gas laws. The gas laws","'99.98525238"
"'163","'LINE","'express mathematical relationships between the volume, temperature, pressure, and","'99.98011780"
"'163","'LINE","'quantity of a gas.","'99.91638947"
"'163","'LINE","'Pressure: The pressure exerted by a gas sample is defined as the force per unit area","'99.91574860"
"'163","'LINE","'that results from the collisions of gas particles with surrounding surfaces.","'99.98461914"
"'163","'LINE","'Force","'99.97070313"
"'163","'LINE","'Pressure =","'97.39019012"
"'163","'LINE","'(3.2)","'99.81445313"
"'163","'LINE","'Area","'99.56054688"
"'163","'LINE","'Pressure is one of the measurable properties of gases. Thus, the pressure of a gas can","'99.92754364"
"'163","'LINE","'be expressed in unit of atmosphere, Pascal, torr, millimeter of mercury. The SI unit","'99.97233582"
"'163","'LINE","'of pressure is Pascal (Pa).","'99.96842957"
"'163","'LINE","'1 Pa = 1 N/m² and","'97.38148499"
"'163","'LINE","'1 atm = 760 mmHg = 76 cmHg = 760 torr = 101,325 Pa = 101.325 kPa","'98.45767975"
"'163","'LINE","'UNIT 3","'98.64855957"
"'163","'LINE","'153","'99.96093750"
"'164","'LINE","'CHEMISTRY GRADE 11","'99.71327972"
"'164","'LINE","'Volume: Volume is the space occupied by a substance. The SI unit of volume is","'99.82027435"
"'164","'LINE","'the cubic meter (m³). Volume is also expressed in cubic centimeter (cm³) and cubic","'96.95983887"
"'164","'LINE","'decimeter (dm³). Other common units of volume are milliliter (mL) and liter (L).","'99.13984680"
"'164","'LINE","'1 cm³ = =","'93.66510010"
"'164","'LINE","'1 dm³ = = 1x10⁻³ m³ = 1 L","'88.93984985"
"'164","'LINE","'A liter is equivalent to one cubic decimeter, as follows:","'99.65132141"
"'164","'LINE","'1 L = 1000 mL = 1000 cm³ = 1 dm³","'94.29886627"
"'164","'LINE","'Temperature: Temperature is the degree of hotness or coldness of a body. Three","'99.88917542"
"'164","'LINE","'temperature scales are commonly used. These are °F (degrees Fahrenheit), °C","'97.56269073"
"'164","'LINE","'(degrees Celsius) and K (Kelvin). In calculations, the Kelvin scale is usually used.","'99.04792023"
"'164","'LINE","'The three units are inter-converted by Equations 3.3 and 3.4:","'99.92229462"
"'164","'LINE","'K = °C + 273","'90.42024231"
"'164","'LINE","'(3.3)","'99.79492188"
"'164","'LINE","'°C = (°F - 32) 5/9","'89.40651703"
"'164","'LINE","'(3.4)","'99.71679688"
"'164","'LINE","'Exercise 3.3","'99.89178467"
"'164","'LINE","'Convert the following:","'99.97369385"
"'164","'LINE","'a. 500 mmHg into atm, torr, and cmHg","'99.90094757"
"'164","'LINE","'b. 100 dm³ into mL, cm³, L, m³","'96.86809540"
"'164","'LINE","'c. 54 °C into K and °F.","'97.17465973"
"'164","'LINE","'Molar Volume and Standard Conditions: The conditions of a pressure of 1 atmosphere","'99.82412720"
"'164","'LINE","'and a temperature of 0 °C (273 K) are called standard temperature and pressure","'97.71894073"
"'164","'LINE","'(STP) for gases. At STP the volume of one mole of any gas is 22.4 liters. This","'99.96755219"
"'164","'LINE","'volume is known as the molar volume of gases.","'99.95380402"
"'164","'LINE","'i.","'99.79332733"
"'164","'LINE","'Boyle's Law","'99.65292358"
"'164","'LINE","'Activity 3.6","'99.71151733"
"'164","'LINE","'Independently, attempt to answer the following phenomenon, and share","'99.97151947"
"'164","'LINE","'your ideas with a friend who sits next to you.","'99.94166565"
"'164","'LINE","'Explain why a hydrogen gas weather balloon expands as it rises more in","'99.91938782"
"'164","'LINE","'the air. (Assume the temperature remains constant.)","'99.94339752"
"'164","'LINE","'154","'99.93164063"
"'164","'LINE","'UNIT 3","'99.05413055"
"'165","'LINE","'The Gaseous State","'99.99349213"
"'165","'LINE","'The first quantitative experiments on gases were performed by Robert Boyle","'99.97389221"
"'165","'LINE","'(1662). His experiment helped to understand the relationship between the volume","'99.98831177"
"'165","'LINE","'and pressure of a fixed amount of a gas at constant temperature. On the basis of his","'99.94238281"
"'165","'LINE","'experiments, Robert Boyle concluded that, at constant temperature, the pressure of","'99.94223785"
"'165","'LINE","'a fixed amount of gas varies inversely with its volume. This is shown in Figure 3.2.","'99.93272400"
"'165","'LINE","'P = 1 atm","'94.37654877"
"'165","'LINE","'P=2 atm","'50.85299683"
"'165","'LINE","'P=4 atm","'53.90226364"
"'165","'LINE","'Figure 3.2: The relation between pressure and volume","'99.93704224"
"'165","'LINE","'Boyle studied the relationship between the pressure of the trapped gas and its volume.","'99.98104858"
"'165","'LINE","'He discovered that at constant temperature doubling the pressure on a sample of gas","'99.51853943"
"'165","'LINE","'reduces its volume by one-half, and tripling the gas pressure reduces its volume to","'99.96106720"
"'165","'LINE","'one-third of the original. Generally, the volume of a gas decreases, as the pressure","'99.92852020"
"'165","'LINE","'on the gas increases. Values of volume-pressure relationships are given in Table 3.1.","'99.90580750"
"'165","'LINE","'Table 3.1: Pressure and volume data for a gas at constant mass and temperature","'99.77645874"
"'165","'LINE","'Pressure atm","'99.95077515"
"'165","'LINE","'Volume mL","'99.95605469"
"'165","'LINE","'PV","'99.81126404"
"'165","'LINE","'0.5","'100.00000000"
"'165","'LINE","'1200","'100.00000000"
"'165","'LINE","'600","'100.00000000"
"'165","'LINE","'1.0","'99.99023438"
"'165","'LINE","'600","'99.96014404"
"'165","'LINE","'600","'99.96014404"
"'165","'LINE","'2.0","'100.00000000"
"'165","'LINE","'300","'100.00000000"
"'165","'LINE","'600","'100.00000000"
"'165","'LINE","'3.0","'100.00000000"
"'165","'LINE","'200","'100.00000000"
"'165","'LINE","'600","'100.00000000"
"'165","'LINE","'4.0","'100.00000000"
"'165","'LINE","'150","'100.00000000"
"'165","'LINE","'600","'100.00000000"
"'165","'LINE","'5.0","'100.00000000"
"'165","'LINE","'120","'100.00000000"
"'165","'LINE","'600","'100.00000000"
"'165","'LINE","'6.0","'100.00000000"
"'165","'LINE","'100","'100.00000000"
"'165","'LINE","'600","'100.00000000"
"'165","'LINE","'Figure 3.3 (a and b) shows the graphical representation of the relationship","'99.85326385"
"'165","'LINE","'between p and v, using the data of Table 3.1","'98.67652130"
"'165","'LINE","'UNIT 3","'99.14072418"
"'165","'LINE","'155","'99.97070313"
"'166","'LINE","'CHEMISTRY GRADE 11","'99.91835022"
"'166","'LINE","'1200","'100.00000000"
"'166","'LINE","'1200","'100.00000000"
"'166","'LINE","'900","'100.00000000"
"'166","'LINE","'a","'96.35463715"
"'166","'LINE","'900","'100.00000000"
"'166","'LINE","'b","'99.92187500"
"'166","'LINE","'Volume in mL","'99.65415192"
"'166","'LINE","'600","'100.00000000"
"'166","'LINE","'Volume in mL","'99.69241333"
"'166","'LINE","'600","'100.00000000"
"'166","'LINE","'300","'100.00000000"
"'166","'LINE","'300","'100.00000000"
"'166","'LINE","'0","'99.95037079"
"'166","'LINE","'0","'99.95037079"
"'166","'LINE","'0","'99.77220154"
"'166","'LINE","'1","'99.22453308"
"'166","'LINE","'2","'99.45233154"
"'166","'LINE","'3","'99.88281250"
"'166","'LINE","'4","'99.81365967"
"'166","'LINE","'5","'99.77539063"
"'166","'LINE","'6","'99.87224579"
"'166","'LINE","'0.0","'100.00000000"
"'166","'LINE","'0.5","'100.00000000"
"'166","'LINE","'1.0","'100.00000000"
"'166","'LINE","'1.5","'100.00000000"
"'166","'LINE","'2.0","'100.00000000"
"'166","'LINE","'Pressure in atm","'99.85298157"
"'166","'LINE","'1/Pressure in atm","'99.50115967"
"'166","'LINE","'Figure 3.3: Graphs of Boyle's law, using Table 3.1 data: (a) V versus P and (b) V","'98.86020660"
"'166","'LINE","'versus 1/P","'99.79780579"
"'166","'LINE","'Generally, Boyle's law states that the volume of a fixed mass of gas is inversely","'99.95829773"
"'166","'LINE","'proportional to the pressure at a constant temperature. Mathematically this is written as:","'99.93378448"
"'166","'LINE","'Vα 1 / P 1","'63.98865509"
"'166","'LINE","'V = k (1) P 1 or PV = k","'86.33813477"
"'166","'LINE","'(3.5)","'99.89257813"
"'166","'LINE","'Where k is constant at a specific temperature for a given sample of gas.","'99.93218231"
"'166","'LINE","'This relationship is true because if the pressure increases, the volume decreases, but","'99.95100403"
"'166","'LINE","'the product PV is always equal to the same constant. Thus for two different sets of","'99.99440765"
"'166","'LINE","'conditions, we can say:","'99.87309265"
"'166","'LINE","'P₁V₁=k=P₂V₂ =","'67.80163574"
"'166","'LINE","'(3.6)","'99.95117188"
"'166","'LINE","'P₁V₁=P₂V₂","'28.39983368"
"'166","'LINE","'(3.7)","'99.91210938"
"'166","'LINE","'Where P1 and V₁ are the initial pressure and volume of the gas, and P₂ and V₂ are the","'96.54825592"
"'166","'LINE","'final volume and pressure.","'99.95018005"
"'166","'LINE","'156 UNIT 3","'99.57502747"
"'167","'LINE","'The Gaseous State","'100.00000000"
"'167","'LINE","'Experiment 3.1","'99.98535156"
"'167","'LINE","'The effect of pressure on the volume of gas","'99.98363495"
"'167","'LINE","'Objective: To observe the relationships between the volume and pressure of a","'99.92217255"
"'167","'LINE","'gas at constant temperature.","'99.95057678"
"'167","'LINE","'Apparatus: U-tubes, ruler, rubber tube, burette, glass tube.","'99.95404053"
"'167","'LINE","'Chemicals: Mercury","'100.00000000"
"'167","'LINE","'Procedure:","'99.93083954"
"'167","'LINE","'1. Join two tubes by a rubber tubing to give a U-arrangement as shown in Figure","'99.87186432"
"'167","'LINE","'3.4, and then partially fill these two tubes with mercury.","'99.88803101"
"'167","'LINE","'2. Put a ruler in the middle of the tube.","'99.96257782"
"'167","'LINE","'3. The first arm of the tube (A) contains air and is sealed by a tap.","'99.95362854"
"'167","'LINE","'4. By moving the second arm of the tube (B) up and down, the volume of air in","'99.95922852"
"'167","'LINE","'the first tube can be varied.","'99.98847198"
"'167","'LINE","'5. The pressure exerted on the air is obtained from the difference in height of","'99.98166656"
"'167","'LINE","'mercury in the two arms of the tube.","'99.98891449"
"'167","'LINE","'O=D","'21.58053589"
"'167","'LINE","'Open glass tubing","'99.99349213"
"'167","'LINE","'Reservior","'99.92028046"
"'167","'LINE","'B","'94.57011414"
"'167","'LINE","'Air","'99.54101563"
"'167","'LINE","'h","'89.46697998"
"'167","'LINE","'A","'99.60698700"
"'167","'LINE","'Ruler","'99.99023438"
"'167","'LINE","'Mercury","'100.00000000"
"'167","'LINE","'Rubber tubing","'99.96582031"
"'167","'LINE","'Figure 3.4: The effect of pressure on the volume of a gas at constant","'99.88883209"
"'167","'LINE","'temperature","'99.87065887"
"'167","'LINE","'UNIT 3","'99.17699432"
"'167","'LINE","'157","'99.96093750"
"'168","'LINE","'CHEMISTRY GRADE 11","'99.85650635"
"'168","'LINE","'Observations and analysis:","'99.96691895"
"'168","'LINE","'1. Plot a graph taking pressure on the vertical axis versus volume on the","'99.93804932"
"'168","'LINE","'horizontal axis and comment on the shape of the graph.","'99.97924805"
"'168","'LINE","'2. What can you conclude from this experiment?","'99.97528839"
"'168","'LINE","'Activity 3.7","'99.86328125"
"'168","'LINE","'Discuss the following activity in your group and present your discussion to","'99.99592590"
"'168","'LINE","'the class. Plot a graph of pressure, P, versus 1/V, using the following data.","'98.58688354"
"'168","'LINE","'Note: Calculate 1/V values from the given volume by yourself, and add the","'99.95437622"
"'168","'LINE","'values to a new row in your table.","'99.82733154"
"'168","'LINE","'Pressure (atm)","'99.91659546"
"'168","'LINE","'0.5","'99.99023438"
"'168","'LINE","'1","'98.67108154"
"'168","'LINE","'2","'98.47656250"
"'168","'LINE","'3","'98.75817108"
"'168","'LINE","'4","'97.96875000"
"'168","'LINE","'5","'96.71875000"
"'168","'LINE","'6","'98.89648438"
"'168","'LINE","'Volume (mL)","'99.93164063"
"'168","'LINE","'40","'100.00000000"
"'168","'LINE","'20","'99.97070313"
"'168","'LINE","'10","'99.97070313"
"'168","'LINE","'6.7","'99.97070313"
"'168","'LINE","'5","'99.87224579"
"'168","'LINE","'4","'99.81365967"
"'168","'LINE","'3.3","'100.00000000"
"'168","'LINE","'a. What does the graph look like?","'99.78000641"
"'168","'LINE","'b. What does the graph shows?","'99.98209381"
"'168","'LINE","'c. What can you conclude from the graph?","'96.24494171"
"'168","'LINE","'Example 3.1","'99.82870483"
"'168","'LINE","'Sulfur dioxide (SO₂), that forms acid rain, is found in the exhaust of","'99.40704346"
"'168","'LINE","'petrol and diesel vehicles, and power plants. Consider a 1.5 L sample of","'99.78354645"
"'168","'LINE","'gaseous SO₂ at a pressure of 5.6 kPa. If the pressure is changed to 15.0","'98.14546967"
"'168","'LINE","'kPa at a constant temperature, what will be the new volume of the gas?","'99.93787384"
"'168","'LINE","'Solution:","'99.89098358"
"'168","'LINE","'We are given: Initial conditions: P₁ = 5.6 kPa atm and V₁ = 1.5 L","'95.81278229"
"'168","'LINE","'Final conditions: P₂ = 150.0 kPa and V₂ = ? =","'87.15901184"
"'168","'LINE","'Use Boyles' law equation: P₁V₁ = P₂ V₂","'90.57261658"
"'168","'LINE","'Thus,","'99.97070313"
"'168","'LINE","'= 5.6 kPa X 1.5 L = 0.56 L","'89.53531647"
"'168","'LINE","'150kPa","'49.09877014"
"'168","'LINE","'158","'99.91210938"
"'168","'LINE","'UNIT 3","'99.10903931"
"'169","'LINE","'The Gaseous State","'99.99349213"
"'169","'LINE","'Exercise 3.4","'99.97558594"
"'169","'LINE","'1. A certain gas occupies a volume of 10.0 m³ at a pressure of 100.0 kPa.","'98.45100403"
"'169","'LINE","'If its volume is increased to 20 m³, what would be the new pressure of","'99.59780121"
"'169","'LINE","'the gas assuming temperature remains constant?","'99.98033905"
"'169","'LINE","'2. A cylinder equipped with a moveable piston has an applied pressure of","'99.75138092"
"'169","'LINE","'4.0 atm and a volume of 6.0 L. What is the volume of the cylinder if the","'99.75731659"
"'169","'LINE","'applied pressure is decreased to 1.0 atm?","'99.86746979"
"'169","'LINE","'ii.","'99.69328308"
"'169","'LINE","'Charles' Law","'99.50892639"
"'169","'LINE","'Activity 3.8","'99.91210938"
"'169","'LINE","'Form a group and discuss the following activity. Present your discussion","'99.88270569"
"'169","'LINE","'to the class.","'99.99023438"
"'169","'LINE","'Have you ever wondered what makes popcorn 'pop'?","'99.48456573"
"'169","'LINE","'Following Boyle's findings, other scientists continued to study the properties of","'99.98010254"
"'169","'LINE","'gases. One of these scientists was Jacques Charles (a French physicist), who was","'99.94055176"
"'169","'LINE","'the first person to fill a balloon with hydrogen gas and who made the first balloon","'99.96542358"
"'169","'LINE","'flight. In 1787, Charles found that the volume of a gas at constant pressure increases","'99.96903229"
"'169","'LINE","'linearly with the temperature of the gas. That is, a plot of the volume of a gas versus","'99.95217896"
"'169","'LINE","'its temperature (K) gives a straight line. This behavior is shown for samples of","'99.94548798"
"'169","'LINE","'several gases in Figure 3.5.","'99.92107391"
"'169","'LINE","'He","'96.94216156"
"'169","'LINE","'6","'99.81365967"
"'169","'LINE","'5","'99.89257813"
"'169","'LINE","'CH4","'71.62129211"
"'169","'LINE","'4","'99.61834717"
"'169","'LINE","'V(L)","'83.56056976"
"'169","'LINE","'3","'99.33593750"
"'169","'LINE","'H2O","'84.11830139"
"'169","'LINE","'2","'99.56951904"
"'169","'LINE","'H2","'94.45213318"
"'169","'LINE","'1","'98.34083557"
"'169","'LINE","'N2O","'68.03730774"
"'169","'LINE","'73","'99.99023438"
"'169","'LINE","'173","'99.97070313"
"'169","'LINE","'273","'99.96093750"
"'169","'LINE","'373","'99.97070313"
"'169","'LINE","'473","'99.99023438"
"'169","'LINE","'573","'99.97070313"
"'169","'LINE","'0","'98.49410248"
"'169","'LINE","'T(K)","'64.65580750"
"'169","'LINE","'Figure 3.5: Plots of V versus T (K) for several gases","'99.40126801"
"'169","'LINE","'UNIT 3","'99.06958008"
"'169","'LINE","'159","'99.95117188"
"'170","'LINE","'CHEMISTRY GRADE 11","'99.64492035"
"'170","'LINE","'The slopes of the lines in this graph are different because the samples contain","'99.99082184"
"'170","'LINE","'different numbers of moles of gas. But, the volumes of all the gases extrapolate to","'99.97814178"
"'170","'LINE","'zero at the same temperature, -273 °C.","'95.39139557"
"'170","'LINE","'On the Kelvin temperature scale this point, i.e., -273 °C, is defined as 0 K, which","'97.43406677"
"'170","'LINE","'leads to the following relationship between the Kelvin and Celsius scales:","'99.99200439"
"'170","'LINE","'K = °C + 273","'94.40246582"
"'170","'LINE","'(3.7)","'99.81445313"
"'170","'LINE","'At temperatures below 0 K, the extrapolated volumes of gases would become","'99.26676178"
"'170","'LINE","'negative. However, in reality a gas cannot have a negative volume, this implies that","'99.93787384"
"'170","'LINE","'0 K has a special significance. 0 K (-273 °C) is considered as absolute zero, which is","'96.85361481"
"'170","'LINE","'theoretically the lowest attainable temperature, but practically cannot be attainable.","'99.97217560"
"'170","'LINE","'The average kinetic energy of gas molecules is closely related to the Kelvin","'99.98323059"
"'170","'LINE","'temperature. The volume of a gas and Kelvin temperature are directly proportional","'99.93315125"
"'170","'LINE","'to each other. For example, doubling the Kelvin temperature causes the volume of","'99.98097229"
"'170","'LINE","'a gas to double, and reducing the Kelvin temperature by half causes the volume of","'99.95991516"
"'170","'LINE","'a gas to decrease by half. This relationship between Kelvin temperature and the","'99.92459106"
"'170","'LINE","'volume of a gas is known as Charles' law.","'99.89758301"
"'170","'LINE","'Charles' law states that the volume of a fixed mass of gas at constant pressure varies","'99.88219452"
"'170","'LINE","'directly with the Kelvin temperature.","'99.96029663"
"'170","'LINE","'This means,","'99.98535156"
"'170","'LINE","'V α T","'95.23828888"
"'170","'LINE","'k = VT","'96.97976685"
"'170","'LINE","'(3.8)","'99.76562500"
"'170","'LINE","'The value of T is the Kelvin temperature, and k is a constant. The value of k depends","'99.61812592"
"'170","'LINE","'only on the quantity of gas and the pressure. The ratio V to T for any set of volume-","'99.82575989"
"'170","'LINE","'temperature values always equals the same k. Charles' law can be applied directly to","'99.91962433"
"'170","'LINE","'volume-temperature problems using the relationship:","'99.85714722"
"'170","'LINE","'V₁ T₁ = V₂ T₂","'86.12984467"
"'170","'LINE","'(3.9)","'99.83398438"
"'170","'LINE","'160","'99.84375000"
"'170","'LINE","'UNIT 3","'98.98985291"
"'171","'LINE","'The Gaseous State","'99.99674225"
"'171","'LINE","'Example 3.2","'99.81405640"
"'171","'LINE","'1. A sample of gas at 15 °C and 1 atm has a volume of 2.58 L. What","'98.48683167"
"'171","'LINE","'volume will this gas occupy at 38 °C and 1 atm?","'98.25679016"
"'171","'LINE","'Solution:","'99.89098358"
"'171","'LINE","'Given: Initial conditions: T1 = 15 °C = 15 + 273 = 288 K, V₁ = 2.58 L","'94.59709167"
"'171","'LINE","'Final Conditions: T2 = 38 °C = 311 K, V₂ V₂=?","'89.31932068"
"'171","'LINE","'By rearranging Charles' equation (Equation 3.9), V₂ can be calculated as:","'99.43571472"
"'171","'LINE","'V₂ = VIII V₁T₂ T1 = 2.58 288 L X K 311 K = 2.78 L","'83.40139771"
"'171","'LINE","'2. A sample of gas has a volume of 2.80 L at an unknown temperature.","'99.30435181"
"'171","'LINE","'When the sample is submerged in ice water at 0 °C, its volume decreases","'98.67302704"
"'171","'LINE","'to 2.57 L. What was its initial temperature (in kelvins and in Celsius)?","'99.92400360"
"'171","'LINE","'Solution:","'99.87145233"
"'171","'LINE","'Given: Initial conditions: T₁?, V₁ = 2.80 L","'95.36420441"
"'171","'LINE","'Final conditions: T2 = 0 = 273 K, V₂ 2 = 2.57 L","'93.06649017"
"'171","'LINE","'T1 = T₂V₁ V₂ = 273 2.57 ₺ K 2.80 ± = 297.43 K","'83.41844940"
"'171","'LINE","'in °C, 297.43 - 273 = 24.43 °C","'93.05691528"
"'171","'LINE","'Experiment 3.2","'99.95605469"
"'171","'LINE","'The effect of temperature on the volume of a gas","'99.65077209"
"'171","'LINE","'Objective: To observe the changes in volume of a gas as temperature changes.","'99.91583252"
"'171","'LINE","'Apparatus: Round bottomed flask, beaker, delivery tube and burner.","'99.98671722"
"'171","'LINE","'Procedure:","'99.85112762"
"'171","'LINE","'1. Set up the apparatus as shown in Figure 3.6.","'99.94182587"
"'171","'LINE","'2. Warm the flask gently with a low Bunsen flame.","'99.96826935"
"'171","'LINE","'3. Cool the flask and note what happens.","'99.98393250"
"'171","'LINE","'4. Record your observation.","'99.93064117"
"'171","'LINE","'UNIT 3","'99.30435181"
"'171","'LINE","'161","'99.92187500"
"'172","'LINE","'CHEMISTRY GRADE 11","'99.92486572"
"'172","'LINE","'Air","'99.97070313"
"'172","'LINE","'Water","'100.00000000"
"'172","'LINE","'Round bottom flask","'100.00000000"
"'172","'LINE","'Beaker","'100.00000000"
"'172","'LINE","'Bunsen burner","'100.00000000"
"'172","'LINE","'Figure 3.6: Relationship between temperature and volume of a gas","'99.87308502"
"'172","'LINE","'Observations and analysis:","'99.95688629"
"'172","'LINE","'1. What do you observe from the experiment?","'99.96176147"
"'172","'LINE","'2. What is your conclusion from this activity?","'99.98515320"
"'172","'LINE","'Activity 3.9","'99.92636108"
"'172","'LINE","'Form a group and perform the following activity and present to the class.","'99.95200348"
"'172","'LINE","'Given the following data at a constant pressure:","'99.91813660"
"'172","'LINE","'Volume of nitrogen gas (L)","'99.98046875"
"'172","'LINE","'Temperature (K)","'99.26299286"
"'172","'LINE","'4.28 L","'98.62792969"
"'172","'LINE","'303","'99.96014404"
"'172","'LINE","'5.79 L","'98.99414063"
"'172","'LINE","'410","'99.99023438"
"'172","'LINE","'7.77 L","'98.72558594"
"'172","'LINE","'550","'100.00000000"
"'172","'LINE","'a. Draw a graph to show the relationship between volume and temperature.","'99.74971771"
"'172","'LINE","'b. Calculate the expected volume of the gas when the temperature reaches 700K.","'99.58617401"
"'172","'LINE","'c. Explain the relationship between temperature and volume.","'94.61665344"
"'172","'LINE","'162","'99.93164063"
"'172","'LINE","'UNIT 3","'99.17699432"
"'173","'LINE","'The Gaseous State","'99.97070313"
"'173","'LINE","'Exercise 3.5","'99.93164063"
"'173","'LINE","'1. At constant pressure, by what fraction of its volume will a quantity of","'99.95344543"
"'173","'LINE","'gas change if the temperature changes from - -173 °C to 27 °C?","'96.98911285"
"'173","'LINE","'2. At what temperature will the volume of a gas be","'99.94416046"
"'173","'LINE","'a. halved,","'99.88121796"
"'173","'LINE","'b. doubled, and","'99.94738770"
"'173","'LINE","'c. tripled at constant pressure if the original temperature is 17 °C?","'97.44412994"
"'173","'LINE","'3. At 25 °C and 1 atm a gas occupies a volume of 1.5 dm³. What volume","'99.27039337"
"'173","'LINE","'will it occupy at 100 °C and 1 atm?","'98.40402222"
"'173","'LINE","'iii. Gay Lussac's Law","'99.55252075"
"'173","'LINE","'Activity 3.10","'99.59960938"
"'173","'LINE","'Form a group and discuss the following phenomena in terms of the gas","'99.87634277"
"'173","'LINE","'laws. Present your conclusion to the class.","'99.99581909"
"'173","'LINE","'a. Why does the pressure of car tires increase on a hot day, but decrease","'99.84494781"
"'173","'LINE","'on a cold morning?","'99.44844055"
"'173","'LINE","'b. Why do pressurized containers, such as deodorant cans or spray-paint","'99.92374420"
"'173","'LINE","'cans, have warning labels stating that the container must be kept","'99.99822235"
"'173","'LINE","'away from fire and stored in a cool environment?","'99.93726349"
"'173","'LINE","'Joseph Louis Gay-Lussac (a French scientist) studied how the pressure and","'99.93372345"
"'173","'LINE","'temperature of a fixed amount of gas at constant volume are related. The relationship","'99.96623230"
"'173","'LINE","'that he established is called Gay-Lussac's law or the pressure-temperature law. It","'95.04250336"
"'173","'LINE","'states that at constant volume, pressure of a fixed amount of a gas varies directly","'99.94245911"
"'173","'LINE","'with the temperature. Mathematically:","'99.93024445"
"'173","'LINE","'PαT","'83.07943726"
"'173","'LINE","'k T P","'89.59671783"
"'173","'LINE","'(3.10)","'99.48242188"
"'173","'LINE","'The ratio P to T for any set of volume-temperature values always equals the same k.","'99.14644623"
"'173","'LINE","'=","'87.83123779"
"'173","'LINE","'(3.11)","'99.41406250"
"'173","'LINE","'UNIT 3","'98.95278931"
"'173","'LINE","'163","'99.92187500"
"'174","'LINE","'CHEMISTRY GRADE 11","'99.82395172"
"'174","'LINE","'Example 3.3","'99.56832123"
"'174","'LINE","'At a temperature of 25 °C, the pressure of the gas in a deodorant can is 3 atm.","'98.29508972"
"'174","'LINE","'Calculate the pressure of the gas when it is heated to 845 °C.","'97.53552246"
"'174","'LINE","'Solution:","'99.88121796"
"'174","'LINE","'Given: Initial conditions: T1 = 25 °C = 25 + 273 = 298 K, P₁ = 3.0 L","'92.18181610"
"'174","'LINE","'Final conditions: T2 = 845 °C = 1,118 K, P₂ =?","'89.52414703"
"'174","'LINE","'By rearranging, Equation 3.11, P₂ can be calculated:","'96.53733826"
"'174","'LINE","'P2 = P₁T₂ T1 = 3.0 atm 298 X K 1,118 K = 11.23 atm","'87.26942444"
"'174","'LINE","'Exercise 3.6","'99.92147827"
"'174","'LINE","'1. The pressure of a gas in a cylinder when heated to a temperature of","'99.86396790"
"'174","'LINE","'250 K is 1.5 atm. What is the initial temperature of the gas if its initial","'99.88022614"
"'174","'LINE","'pressure was 1.0 atm?","'99.62402344"
"'174","'LINE","'2. List some examples of items that we use in our everyday life that obey","'99.97499847"
"'174","'LINE","'Gay-Lussac's Law.","'99.62731171"
"'174","'LINE","'iv. The Combined Gas Law","'99.96093750"
"'174","'LINE","'A sample of a gas can undergo simultaneous changes in temperature, pressure, and","'99.56034851"
"'174","'LINE","'volume. In such cases, the three variables should be considered at the same time.","'99.97379303"
"'174","'LINE","'The three gas laws we have learned can be brought together into a single equation","'99.97168732"
"'174","'LINE","'known as the combined gas law. The combined gas law expresses the relationship","'99.99092102"
"'174","'LINE","'between pressure, volume, and temperature of a fixed amount of gas. Mathematically:","'99.92501068"
"'174","'LINE","'PVαT","'65.32206726"
"'174","'LINE","'PV T = k","'90.83236694"
"'174","'LINE","'(3.12)","'99.76562500"
"'174","'LINE","'Where k is a proportionality constant,","'99.80405426"
"'174","'LINE","'The ratio PV to T for any set of pressure, volume and temperature values always","'99.91728973"
"'174","'LINE","'equals the same k. Thus,","'99.88982391"
"'174","'LINE","'P₁V₁ T₁ = P₂V₂ T₂","'78.12328339"
"'174","'LINE","'(3.13)","'99.54101563"
"'174","'LINE","'164","'99.89257813"
"'174","'LINE","'UNIT 3","'98.87915039"
"'175","'LINE","'The Gaseous State","'99.98046875"
"'175","'LINE","'Where P₁, V₁ and T₁ are the initial pressure, volume and temperature; P₂, V₂ and T2","'90.33926392"
"'175","'LINE","'are the final pressure, volume and temperature of the gas respectively.","'99.97751617"
"'175","'LINE","'Example 3.4","'99.69158936"
"'175","'LINE","'A sample of gas occupies 12.0 L at 240.0 °C under a pressure of 80.0 kPa.","'97.80695343"
"'175","'LINE","'At what temperature would the gas occupy 15.0 L if the pressure were","'99.85678101"
"'175","'LINE","'increased to 107.0 kPa?","'99.39801788"
"'175","'LINE","'Solution:","'99.89098358"
"'175","'LINE","'Given: Initial conditions: T1 = 240 °C = 513 K, P₁ = 80.0 kPa, and V₁ = 12.0 L","'94.22306061"
"'175","'LINE","'Final conditions: T2 =?, V₂ 2 = 15.0 L and P₂ = 107.0 kPa","'93.91040802"
"'175","'LINE","'By rearranging Equation (3.13) we solve for T2","'96.80245209"
"'175","'LINE","'T2 = P₂V₂T₁ P₁V₁ = 107 kPa 80.0 X 15 ± X 513 K = 857.67 K ≈ 858 K = 585 °C","'84.21886444"
"'175","'LINE","'kPa X 12±","'78.85489655"
"'175","'LINE","'Exercise 3.7","'99.91699219"
"'175","'LINE","'1. If a 50 cm³ sample of gas exerts a pressure of 60.0 kPa at 35 °C, what","'98.91770172"
"'175","'LINE","'volume will it occupy at STP (0 °C and 1 atm)?","'99.21562958"
"'175","'LINE","'2. A 280 mL sample of neon exerts a pressure of 660 torr at 26 °C. At what","'99.37731934"
"'175","'LINE","'temperature in °C would it exert a pressure of 940 torr in a volume of","'99.73223877"
"'175","'LINE","'440 mL?","'99.18457031"
"'175","'LINE","'V.","'94.10156250"
"'175","'LINE","'Avogadro's law","'99.84175873"
"'175","'LINE","'Activity 3.11","'99.78515625"
"'175","'LINE","'Form a group and discuss the following phenomena. Present your discussion","'99.89076996"
"'175","'LINE","'to the class. Suppose while you are playing a football in your school football","'99.94496918"
"'175","'LINE","'team, the ball becomes flat. Then, you fill the ball with air using a pump.","'99.96572113"
"'175","'LINE","'1. Why did the ball become strong enough?","'99.96327972"
"'175","'LINE","'2. What happened to the number of particles in the ball?","'99.98757172"
"'175","'LINE","'3. Which gas law can be obeyed? Explain.","'99.95697784"
"'175","'LINE","'UNIT 3","'98.87844849"
"'175","'LINE","'165","'99.93164063"
"'176","'LINE","'CHEMISTRY GRADE 11","'99.67095947"
"'176","'LINE","'In 1811, Amedeo Avogadro (an Italian scientist) suggested that at the same","'99.94982147"
"'176","'LINE","'temperature and pressure, equal volumes of gases contain equal numbers of moles.","'99.95437622"
"'176","'LINE","'This observation is called Avogadro's law, shown as:","'99.91345215"
"'176","'LINE","'Vαn","'64.67182922"
"'176","'LINE","'Vₙ=k V k","'65.45008087"
"'176","'LINE","'(3.14)","'99.24804688"
"'176","'LINE","'Where V is the volume of the gas, n is the number of moles of gas particles, and k is","'99.36788940"
"'176","'LINE","'the proportionality constant.","'99.93031311"
"'176","'LINE","'This equation states that for a gas at constant temperature and pressure, the volume","'99.96187592"
"'176","'LINE","'is directly proportional to the number of moles (molecules) of gas. In other words,","'99.97309113"
"'176","'LINE","'equal numbers of molecules of different gases compared at the same temperature","'99.98352814"
"'176","'LINE","'and pressure occupy equal volumes.","'99.95428467"
"'176","'LINE","'For two samples of gas at the same temperature and pressure, the relation between","'99.98947906"
"'176","'LINE","'volumes and numbers of moles can be represented as:","'99.95181274"
"'176","'LINE","'V₁ n₁ = V₂ n₂","'88.22395325"
"'176","'LINE","'(3.15)","'99.40429688"
"'176","'LINE","'The volume occupied by a mole of gas at STP, is called the standard molar volume.","'99.91941071"
"'176","'LINE","'It is nearly constant for all gases. The standard molar volume of an ideal gas is","'99.97483063"
"'176","'LINE","'equal to 22.4 L per mole at STP. For an ideal gas: 1 mol gas = 22.4 L gas","'99.40306091"
"'176","'LINE","'Example 3.5","'99.63827515"
"'176","'LINE","'Suppose we have a 12.2 L sample containing 0.50 moles oxygen gas","'99.84572601"
"'176","'LINE","'(O₂) at a pressure of 1 atm and a temperature of 25 °C. If all this O2 were","'94.89785004"
"'176","'LINE","'converted to ozone (0₃) at the same temperature and pressure, what would","'96.31201935"
"'176","'LINE","'be the volume of the ozone?","'99.98358917"
"'176","'LINE","'Solution: The balanced equation for the reaction is:","'99.98027039"
"'176","'LINE","'30₂(g)","'77.16159058"
"'176","'LINE","'203 (g)","'70.20935822"
"'176","'LINE","'To calculate the moles of O₃ produced, we must use the appropriate mole","'96.14846802"
"'176","'LINE","'ratio: Mol of O₃(g) = X 2 3molO2 mol O3 = 0.33 mol","'84.66641998"
"'176","'LINE","'166","'99.84295654"
"'176","'LINE","'UNIT 3","'99.02841949"
"'177","'LINE","'The Gaseous State","'99.97721100"
"'177","'LINE","'Then, to determine the olume of 0.33 mol O₃, use Equation 3.15.","'95.19222260"
"'177","'LINE","'V1 = V2 n₁ n₂","'60.48685455"
"'177","'LINE","'Where V₁ is the volume of n₁ moles of O2 gas and V₂ is the volume of n₂","'95.43712616"
"'177","'LINE","'moles of O₃ gas. In this case we have","'94.57312012"
"'177","'LINE","'n₁ = 0.5 mol","'91.80359650"
"'177","'LINE","'n₂⁻ = 0.33 mol","'76.86313629"
"'177","'LINE","'V₁ = 12.2 L","'92.55520630"
"'177","'LINE","'V₂ = ? =","'70.68841553"
"'177","'LINE","'Thus, V₂ = = 12.2 L mol 0.33 = 8.052 = 8.0L","'87.94312286"
"'177","'LINE","'Exercise 3.8","'99.82910156"
"'177","'LINE","'One mole of a gas occupies 27.0 L, and its density is 1.41 g/L at a particular","'99.58554840"
"'177","'LINE","'temperature and pressure. What is its molecular weight? What is the density","'99.97219849"
"'177","'LINE","'of the gas at STP?","'99.97444916"
"'177","'LINE","'vi. The Ideal Gas Equation","'99.92710114"
"'177","'LINE","'Activity 3.12","'99.55078125"
"'177","'LINE","'Form a group and discuss the following.","'99.88679504"
"'177","'LINE","'A balloon was in flated and finally burst when too much air was pumped into it.","'98.32409668"
"'177","'LINE","'1. Why did it burst when too much air is pumped into it?","'99.95042419"
"'177","'LINE","'2. What happens to the pressure, volume, temperature, number of moles,","'99.97026825"
"'177","'LINE","'and the balloon itself as it is inflated and finally bursts?","'99.97514343"
"'177","'LINE","'3. Can you derive an equation which describes these relationships?","'99.98226166"
"'177","'LINE","'Present your discussion to the class.","'99.99172974"
"'177","'LINE","'An ideal gas is a hypothetical gas that obeys the gas laws. Real gases only obey the","'99.97328949"
"'177","'LINE","'ideal gas laws closely at high temperature and low pressure. Under these conditions,","'99.96720886"
"'177","'LINE","'their particles are very far apart. The ideal gas law is a combination of Boyle's law,","'99.97350311"
"'177","'LINE","'Charles' law and Avogadro's law.","'99.84690094"
"'177","'LINE","'UNIT 3","'99.09967041"
"'177","'LINE","'167","'99.79492188"
"'178","'LINE","'CHEMISTRY GRADE 11","'99.78814697"
"'178","'LINE","'We have considered the gas laws that describe the behavior of gases as revealed by","'99.98822784"
"'178","'LINE","'experimental observations:","'99.90035248"
"'178","'LINE","'Boyle's law: Vα P (at constant T and n)","'99.26844025"
"'178","'LINE","'Charles' law: VαT (at constant P and n)","'98.48022461"
"'178","'LINE","'Avogadro's law: V α n (at constant P and T)","'99.05754089"
"'178","'LINE","'This relationship indicates how the volume of gas depends on pressure, temperature","'99.98352814"
"'178","'LINE","'and number of moles.","'99.98759460"
"'178","'LINE","'Van- T P","'75.94523621"
"'178","'LINE","'V = Rn P T","'92.41458130"
"'178","'LINE","'(3.16)","'99.17968750"
"'178","'LINE","'Where R, is proportionality constant called the gas constant. By rearranging Equation","'99.93782043"
"'178","'LINE","'3.16, we obtain the ideal gas equation:","'99.54647827"
"'178","'LINE","'VP = nRT","'96.67211151"
"'178","'LINE","'(3.17)","'99.67773438"
"'178","'LINE","'Thus, the ideal gas equation describes the relationship of the four variables P, V, T","'98.54540253"
"'178","'LINE","'and n. An ideal gas is a gas whose pressure, volume and temperature behavior can","'99.65290070"
"'178","'LINE","'be completely explained by the ideal gas equation.","'99.97020721"
"'178","'LINE","'At STP (n = 1 mol, V = 22.4 L, T = 273 K (0 °C) and P = 1 atm), the values of R can","'96.55385590"
"'178","'LINE","'be calculated from the ideal gas equation:","'99.97617340"
"'178","'LINE","'R","'94.61914063"
"'178","'LINE","'= PV = 1 1 mol atm X X 22.4L 273 = 0.082 atm.L/mol.K","'88.67229462"
"'178","'LINE","'Example 3.6","'99.53005219"
"'178","'LINE","'What pressure, in atm, is exerted by 54.0 g of Xe in a 1.00 L flask at 20.0","'99.14197540"
"'178","'LINE","'°C? (Molar mass of Xe = 131.3 g/mol)","'93.56330872"
"'178","'LINE","'Solution: By rearranging Equation 3.16","'99.55536652"
"'178","'LINE","'P = Rn v Rn","'53.61014175"
"'178","'LINE","'But n = m/M, Where m is given mass and M is molar mass of a substance Thus,","'98.69272614"
"'178","'LINE","'P = R MV mT","'92.63149261"
"'178","'LINE","'V =","'94.69976044"
"'178","'LINE","'0.082 atm E/molk X 54 g X 193 = 9.88 atm","'88.49279022"
"'178","'LINE","'131.3 g/o X 1₺","'74.45748138"
"'178","'LINE","'mol","'90.47473145"
"'178","'LINE","'168 UNIT 3","'99.09651184"
"'179","'LINE","'The Gaseous State","'99.98046875"
"'179","'LINE","'At STP, 0.280 L of a gas weighs 0.400 g. Calculate the molar mass of the gas.","'99.79547119"
"'179","'LINE","'Solution:","'99.88121796"
"'179","'LINE","'Given: V = 0.280 L, m = 0.400 g, T = 273 K and P = 1 atm","'98.03179169"
"'179","'LINE","'So to solve the molar mass of the gas, we use the following formula:","'99.97547150"
"'179","'LINE","'M = R mT VP","'94.43052673"
"'179","'LINE","'0.082 mol atm K L X 0.400 0.280 L g X X 273 ¥ atm 31.98 mol g","'90.06439209"
"'179","'LINE","'=","'97.07848358"
"'179","'LINE","'Exercise 3.9","'99.90682983"
"'179","'LINE","'1. The density of a gas at a pressure of 1.34 atm and a temperature of","'99.84993744"
"'179","'LINE","'303 K is found to be 1.77 g/L. What is the molar mass of this gas?","'99.84406281"
"'179","'LINE","'2. A helium-filled weather balloon has a volume of 7240 ft³. How many","'98.99927521"
"'179","'LINE","'grams of helium would be required to inflate this balloon to a pressure","'99.97208405"
"'179","'LINE","'of 745 torr at 21°C? (1 ft³ = 28.3 L)","'92.41079712"
"'179","'LINE","'vii. Graham's Law of Diffusion","'99.84394836"
"'179","'LINE","'Activity 3.13","'99.79492188"
"'179","'LINE","'Form a group and discuss the following phenomenon. Present your","'99.84811401"
"'179","'LINE","'discussion to the class.","'99.99267578"
"'179","'LINE","'Why do helium-filled balloons deflate over time faster than air-filled","'99.92089844"
"'179","'LINE","'balloons? (Hint: A balloon has many invisible tiny holes.)","'99.21979523"
"'179","'LINE","'We have discussed that the gas molecules are in constant, rapid, random motion","'99.96414185"
"'179","'LINE","'and occupy quickly throughout any container. This spreading of gas molecules","'99.96472931"
"'179","'LINE","'throughout the container is called diffusion.","'99.92543030"
"'179","'LINE","'Thomas Graham (1805-869), a Scottish chemist, studied the rate of diffusion of","'99.91205597"
"'179","'LINE","'different gases. He found that gases having low densities diffuse faster than gases","'99.58312988"
"'179","'LINE","'that have higher densities. Based on his observations, in 1829, he postulated the","'99.94725037"
"'179","'LINE","'relationship between the density of a gas and its rate of diffusion, which is known as","'99.97111511"
"'179","'LINE","'Graham's law of diffusion.","'99.84075928"
"'179","'LINE","'UNIT 3","'99.13623810"
"'179","'LINE","'169","'99.89257813"
"'180","'LINE","'CHEMISTRY GRADE 11","'99.75559235"
"'180","'LINE","'Graham's law of diffusion states that, at constant temperature and pressure, the rate","'99.97164917"
"'180","'LINE","'of diffusion of a gas, r, is inversely proportional to the square root of its density, d, or","'99.91704559"
"'180","'LINE","'molar mass, M.","'95.24420166"
"'180","'LINE","'Mathematically it is expressed as:","'99.93554688"
"'180","'LINE","'r α Or r α VM","'79.93923187"
"'180","'LINE","'(3.18)","'99.58007813"
"'180","'LINE","'Where r is the rate of diffusion, d is the density and M is the molecular mass of the gas","'99.87858582"
"'180","'LINE","'For two gases (Gas 1 and Gas 2), their rates of diffusion can be given as:","'99.76654816"
"'180","'LINE","'r α 1 r 1 M,","'72.64012909"
"'180","'LINE","'(3.19)","'99.73632813"
"'180","'LINE","'r α 1/d2 Or r 1 M₂","'53.62926102"
"'180","'LINE","'(3.20)","'99.76562500"
"'180","'LINE","'By rearranging Equations 3.19 and 3.20 we obtainequation 3.21:","'99.85388947"
"'180","'LINE","'r₂ = Or = M₂ M₁","'86.02791595"
"'180","'LINE","'(3.21)","'99.76562500"
"'180","'LINE","'Where r₁, d₁ and M1 represent the rate of diffusion, density and molecular mass of","'95.45851898"
"'180","'LINE","'gas 1. r₂, d₂ and M2 represent the rate of diffusion, density and molecular mass of","'94.85643768"
"'180","'LINE","'gas 2.","'98.99414063"
"'180","'LINE","'Experiment 3.3","'99.90194702"
"'180","'LINE","'Determination of diffusion of gases","'99.98828125"
"'180","'LINE","'Objective: To compare the rate of diffusion of two different gases.","'99.97019958"
"'180","'LINE","'Apparatus: Porous pot, cork, delivery tube, U-tube, and beaker","'99.96591949"
"'180","'LINE","'Chemicals: Colored water, hydrogen and CO2.","'99.05353546"
"'180","'LINE","'Procedure:","'99.93083954"
"'180","'LINE","'1. Set up the apparatus as shown in Figure 3.7.","'99.88251495"
"'180","'LINE","'2. Fit the porous pot with a cork and delivery tube.","'99.94874573"
"'180","'LINE","'3. Attach the delivery tube to a U-tube containing colored water.","'99.96064758"
"'180","'LINE","'4. Place the porous pot in a beaker of hydrogen gas.","'99.94245911"
"'180","'LINE","'5. Watch the change in the level of the colored water in the U-tube","'99.97756195"
"'180","'LINE","'170","'99.92187500"
"'180","'LINE","'UNIT 3","'99.25263214"
"'181","'LINE","'The Gaseous State","'99.98697662"
"'181","'LINE","'6. The pressure in pot increases as hydrogen diffuses in quicker than the air diffuses out","'99.97360992"
"'181","'LINE","'7. Repeat the experiment by putting the porous pot in beaker of carbon dioxide","'99.99151611"
"'181","'LINE","'Delivery tube","'99.95565796"
"'181","'LINE","'Level A","'98.60839844"
"'181","'LINE","'Level B","'91.06923676"
"'181","'LINE","'Pourous pot","'99.91131592"
"'181","'LINE","'Beaker","'99.96093750"
"'181","'LINE","'U-Tube","'99.72576141"
"'181","'LINE","'Air","'99.71679688"
"'181","'LINE","'Hydrogen","'99.96093750"
"'181","'LINE","'Coloured liquid","'99.81445313"
"'181","'LINE","'gas or CO2","'92.54244995"
"'181","'LINE","'Figure 3.7: The determination of diffusion of gases","'99.90418243"
"'181","'LINE","'Observations and analysis:","'99.96691895"
"'181","'LINE","'1. In which case did the pressure in the pot decreases?","'99.96797180"
"'181","'LINE","'2. How did you observe the changes in pressure?","'99.98146057"
"'181","'LINE","'3. Write your conclusions about the experiment.","'99.97024536"
"'181","'LINE","'Example 3.7","'99.65740204"
"'181","'LINE","'1. Which gas will diffuse faster, oxygen or carbon dioxide? What is the","'99.97064209"
"'181","'LINE","'relative rate of diffusion?","'99.98759460"
"'181","'LINE","'Solution:","'99.97070313"
"'181","'LINE","'The molecular weight of CO2 is 44 g/mol and that of O2 is 32g/mol.","'95.93194580"
"'181","'LINE","'Therefore, NH₃ diffuses faster than CO2.","'89.74469757"
"'181","'LINE","'Let the rate of diffusion of O2 be ro₂","'94.95283508"
"'181","'LINE","'Let the rate of diffusion of CO2 be rco₂","'97.09250641"
"'181","'LINE","'We can calculate the rate of diffusion using Equation 3.21","'99.96965027"
"'181","'LINE","'r₂ = M₂ M₁","'81.86799622"
"'181","'LINE","'rco₂ r₀₂ = M₀₂ CO2 = / / = 1.17","'75.66012573"
"'181","'LINE","'This means, rate of diffusion of O2 is 1.17 times that of CO2.","'95.21199799"
"'181","'LINE","'2. The rate of diffusion of methane (CH₄) is twice that of an unknown gas","'99.41033936"
"'181","'LINE","'What is the molecular mass of the gas?","'99.98901367"
"'181","'LINE","'UNIT 3","'99.12329102"
"'181","'LINE","'171","'99.81365967"
"'182","'LINE","'CHEMISTRY GRADE 11","'99.88580322"
"'182","'LINE","'Solution:","'99.89098358"
"'182","'LINE","'Let ľCH₄ and rx be the rates of diffusion of CH₄ and the unknown gas as","'93.42347717"
"'182","'LINE","'well as MCH₄ and Mₓ be the molecular masses of CH₄ and the unknown gas,","'96.35549927"
"'182","'LINE","'respectively. The rate of diffusion of CH₄ is two times faster than the unknown","'98.54273224"
"'182","'LINE","'gas. This can be written mathematically as rcH₄ = 2rₓ.","'88.95348358"
"'182","'LINE","'Now, substitute 2rₓ in place of rCH₄ and solve for Mx using Graham's law","'90.38588715"
"'182","'LINE","'(Equation 3.15)","'99.10076141"
"'182","'LINE","'= M₂ M₁","'80.61077881"
"'182","'LINE","'rx = M M Mₓ CH₄","'63.29500198"
"'182","'LINE","'By substituting 2rₓ in place of ľCH₄ we obtain","'89.15431213"
"'182","'LINE","'Tx = M M CHA Mₓ","'49.87140274"
"'182","'LINE","'thus, 2 = M M CHA","'75.95464325"
"'182","'LINE","'By rearranging this equation we obtain the value of Mₓ","'97.82533264"
"'182","'LINE","'Mₓ = 2² M CH₄ = 4 X 16 mol g = 64 g / mol","'87.99526215"
"'182","'LINE","'Therefore, the molecular mass of the unknown gas is 64.","'99.98339844"
"'182","'LINE","'The rate at which a gas diffuses is also inversely proportional to the time it","'99.91458130"
"'182","'LINE","'takes to move a certain distance. Mathematically:","'99.67147064"
"'182","'LINE","'rat α","'45.68230057"
"'182","'LINE","'(3.16)","'99.42382813"
"'182","'LINE","'If two different gases (gas 1 and gas 2) under the same conditions of","'99.90699768"
"'182","'LINE","'temperature and pressure diffuse through a porous container, then the time","'99.95044708"
"'182","'LINE","'required to diffuse for the two gases can be given by the following formula:","'99.98947906"
"'182","'LINE","'= t₁ = M₂ M₁","'84.20553589"
"'182","'LINE","'Where t₁ and t₂ are the time taken, r₁ and r₂ are the rates, M₁ and M₂ are","'95.32933807"
"'182","'LINE","'the molecular masses of gas 1 and gas 2, respectively.","'99.92350769"
"'182","'LINE","'172","'99.72656250"
"'182","'LINE","'UNIT","'99.76562500"
"'182","'LINE","'3","'98.62822723"
"'183","'LINE","'The Liquid State","'99.95117188"
"'183","'LINE","'Exercise 3.10","'99.80468750"
"'183","'LINE","'1. A sample of ethane, C₂H₆, diffuses at a rate of 3.6 X 10⁻⁶ mol/h. An","'95.91653442"
"'183","'LINE","'unknown gas, under the same diffuses at a rate of 1.3 X 10⁻⁶ mol/hr.","'98.00848389"
"'183","'LINE","'Calculate the molar mass of the unknown gas.","'99.98413086"
"'183","'LINE","'2. Which gas in each of the following pairs diffuses more rapidly, and","'99.98948669"
"'183","'LINE","'what are the relative rates of diffusion?","'99.98593140"
"'183","'LINE","'a. Kr and O₂","'90.75598907"
"'183","'LINE","'b. N₂ and acetylene (C₂H₂)","'90.72062683"
"'183","'LINE","'3.4","'99.91131592"
"'183","'LINE","'The Liquid State","'99.93463135"
"'183","'LINE","'At the end of this section, you will be able to:","'99.94200134"
"'183","'LINE","'explain the terms: evaporation, boiling, condensation, vapor pressure;","'99.88173676"
"'183","'LINE","'boiling point, molar heat of vaporization and molar heat of condensation","'99.97286224"
"'183","'LINE","'carry out an activity to demonstrate the concept of vapor pressure","'99.97122955"
"'183","'LINE","'carry out an activity to determine the boiling points of water and ethanol.","'99.97346497"
"'183","'LINE","'Activity 3.14","'99.77050781"
"'183","'LINE","'Discuss the following activities in your group and present to the class.","'99.99349213"
"'183","'LINE","'1. Why are some liquids volatile and others are not?","'99.95401764"
"'183","'LINE","'2. What is the relationship between altitude and boiling point of a liquid?","'99.91833496"
"'183","'LINE","'From your previous lessons you have learned that liquids have a definite volume,","'99.96269989"
"'183","'LINE","'but an indefinite shape. They take the shape of their containers to the level they fill.","'99.97834015"
"'183","'LINE","'Liquids are denser than gases, but less dense than solids.","'99.98316193"
"'183","'LINE","'As in a gas, particles in a liquid are in constant motion. However, the particles in a","'99.84658051"
"'183","'LINE","'liquid are closer together than those in a gas. The attractive forces between particles","'99.97262573"
"'183","'LINE","'in a liquid are stronger than between particles of a gas. This attraction between","'99.95141602"
"'183","'LINE","'liquid particles is caused by the intermolecular forces of attraction such as dipole-","'99.95881653"
"'183","'LINE","'dipole forces, London dispersion forces, and hydrogen bonding.","'99.94660950"
"'183","'LINE","'Liquids are more ordered than gases because of the stronger intermolecular forces","'99.95532990"
"'183","'LINE","'and the lower mobility of liquid particles.","'99.96873474"
"'183","'LINE","'UNIT 3","'98.45364380"
"'183","'LINE","'173","'99.92187500"
"'184","'LINE","'CHEMISTRY GRADE 11","'99.83045959"
"'184","'LINE","'3.4.1","'99.91131592"
"'184","'LINE","'Energy Changes in Liquids","'99.98779297"
"'184","'LINE","'Activity 3.16","'99.78027344"
"'184","'LINE","'Form a group and discuss the following and present your discussion to the","'99.91689301"
"'184","'LINE","'class:","'99.99023438"
"'184","'LINE","'Why does a mirror (or glass window) get foggy (misty) when hot air is","'99.92235565"
"'184","'LINE","'breathed on it?","'99.92838287"
"'184","'LINE","'The process by which a liquid changes to a gas is known as vaporization or evaporation.","'99.92341614"
"'184","'LINE","'Evaporation is the process by which molecules on the surface of a liquid break away","'99.97038269"
"'184","'LINE","'and go into the gas phase (Figure 3.8). Molecules on the surface of a liquid are held","'99.91820526"
"'184","'LINE","'less tightly than those in the interior, so the most energetic molecule can break away","'99.54440308"
"'184","'LINE","'into the gas.","'99.97369385"
"'184","'LINE","'Figure 3.8: Evaporation of liquid","'99.91538239"
"'184","'LINE","'Evaporation is explained in terms of the energy that the molecules on the surface of","'99.98150635"
"'184","'LINE","'the liquid have. In an open container, evaporation continues until all of the liquid","'99.97088623"
"'184","'LINE","'enters the gas (vapor) phase (Figure 3.8). Most of the molecules that escape into","'99.97466278"
"'184","'LINE","'the vapor phase do not collide with the surface of the liquid and return to the liquid","'99.99540710"
"'184","'LINE","'phase. Instead, they will diffuse through the gas phase away from the container and","'99.99076080"
"'184","'LINE","'equilibrium cannot be established. Under these conditions, the liquid will continue to","'99.96264648"
"'184","'LINE","'evaporate until it has disappeared.","'99.95037079"
"'184","'LINE","'However, liquids in a closed container behave differently. The volume of the liquid","'99.97108459"
"'184","'LINE","'decreases for some time, and then, remains unchanged. This is because in closed","'99.96639252"
"'184","'LINE","'containers, the vapor cannot escape. As more molecules leave the liquid, more gaseous","'99.93811035"
"'184","'LINE","'molecules collide with the container walls, with each other, and with the liquid surface","'99.98291779"
"'184","'LINE","'and return to the original liquid state.","'99.98872375"
"'184","'LINE","'174","'99.97070313"
"'184","'LINE","'UNIT 3","'99.23718262"
"'185","'LINE","'The Liquid State","'99.97721100"
"'185","'LINE","'The process of when a vapor returns to the liquid state is called condensation.","'99.94119263"
"'185","'LINE","'Evaporation and condensation are opposing processes. Evaporation is a liquid turning","'99.93691254"
"'185","'LINE","'into a gas, and condensation is a gas turning into a liquid.","'99.82719421"
"'185","'LINE","'For instance, when liquid water is initially put into a closed container, more evaporation","'99.93798828"
"'185","'LINE","'happens than condensation because there are so few gaseous water molecules in","'99.64227295"
"'185","'LINE","'the space above the water (Figure 3.9a). However, as the number of gaseous water","'99.92172241"
"'185","'LINE","'molecules increases, the rate of condensation also increases (Figure 3.9b). At the","'99.92135620"
"'185","'LINE","'point where the rates of condensation and evaporation become equal (Figure 3.9c),","'99.88515472"
"'185","'LINE","'dynamic equilibrium is reached and the number of gaseous water molecules above","'99.98176575"
"'185","'LINE","'the liquid remains constant. The vapor pressure of a liquid is the partial pressure of its","'99.97650909"
"'185","'LINE","'vapor in dynamic equilibrium with its liquid.","'99.94178009"
"'185","'LINE","'a","'93.55069733"
"'185","'LINE","'b","'98.01598358"
"'185","'LINE","'C","'44.26359177"
"'185","'LINE","'Figure 3.9: Evaporation and condensation: (a) when water is first put into","'99.92624664"
"'185","'LINE","'a closed container, water molecules begin to evaporate; (b) Evaporation","'99.83583832"
"'185","'LINE","'continues, but condensation also begins to occur; and (c) Dynamic equilibrium:","'98.29283142"
"'185","'LINE","'rate of evaporation equals the rate of condensation","'99.94274902"
"'185","'LINE","'Evaporation","'99.84056091"
"'185","'LINE","'Liquid","'100.00000000"
"'185","'LINE","'Gas","'99.91051483"
"'185","'LINE","'Condensation","'99.88042450"
"'185","'LINE","'The rate of evaporation of a liquid can be affected by these factors:","'99.98560333"
"'185","'LINE","'temperature","'100.00000000"
"'185","'LINE","'intermolecular forces and","'99.95688629"
"'185","'LINE","'surface area of the liquid.","'99.98616791"
"'185","'LINE","'UNIT 3","'99.30673981"
"'185","'LINE","'175","'99.91210938"
"'186","'LINE","'CHEMISTRY GRADE 11","'99.82720947"
"'186","'LINE","'Temperature","'99.92028046"
"'186","'LINE","'An increase in temperature increases the average kinetic energy of the molecules and","'99.97396851"
"'186","'LINE","'thus increases the tendency to change into the gaseous state. Some liquids evaporate","'99.98930359"
"'186","'LINE","'readily at room temperature. Such liquids are said to be volatile. Volatile liquids have","'99.93974304"
"'186","'LINE","'relatively weak forces of attraction between particles. Liquids such as formaldehyde,","'99.94579315"
"'186","'LINE","'ethyl alcohol, mercury, and benzene are volatile liquids.","'99.91173553"
"'186","'LINE","'Liquids that do not vaporize easily at a given temperature are said to be nonvolatile.","'99.93524170"
"'186","'LINE","'They have relatively stronger attractive forces between their molecules. Liquids such","'99.98912811"
"'186","'LINE","'as motor oil, edible oil, glycerin, water, and molten ionic compounds are nonvolatile.","'99.94586945"
"'186","'LINE","'Vapor pressure","'99.98046875"
"'186","'LINE","'The partial pressure of the vapor above a liquid is called vapor pressure. The vapor","'99.97570038"
"'186","'LINE","'pressure of a liquid depends up on the temperature. At a given temperature, vapor","'99.90150452"
"'186","'LINE","'pressure is constant. The vapor pressures of liquids always increase as temperature","'99.98528290"
"'186","'LINE","'increases because the rate of evaporation increases with increasing temperature.","'99.96412659"
"'186","'LINE","'Intermolecular forces","'99.78605652"
"'186","'LINE","'Vapor pressure depends also on the intermolecular forces between the molecules of the","'99.97502899"
"'186","'LINE","'liquid. The stronger the intermolecular forces, the lower will be the vapor pressure of","'99.97657776"
"'186","'LINE","'the liquid because fewer molecules will have enough kinetic energy to overcome the","'99.98629761"
"'186","'LINE","'attractive force at a given temperature. For example, water and ethanol have relatively","'99.94280243"
"'186","'LINE","'low vapor pressure because the very strong hydrogen bonding in these liquids account","'99.98941803"
"'186","'LINE","'for their unusually low vapor pressures. However, liquids with low intermolecular","'99.98912811"
"'186","'LINE","'forces have high vapor pressures at room temperature. For example, diethyl ether,","'99.95864868"
"'186","'LINE","'a non-polar molecule with relatively weak dispersion forces, has a relatively higher","'99.91693878"
"'186","'LINE","'vapor pressure.","'99.94589233"
"'186","'LINE","'176","'99.93164063"
"'186","'LINE","'UNIT 3","'98.95726776"
"'187","'LINE","'The Liquid State","'99.95117188"
"'187","'LINE","'Surface area of the liquid","'99.97640228"
"'187","'LINE","'Evaporation occurs at the liquids surface, where it interfaces with the air surrounding","'99.95594025"
"'187","'LINE","'it. Liquid surface area is the amount of liquid that is exposed to the atmosphere (air).","'99.98413086"
"'187","'LINE","'As we previously discussed, liquids have no definite shape; instead, they take the","'99.96414185"
"'187","'LINE","'shape of containers in which they are contained. So, the number of liquid molecules","'99.97100067"
"'187","'LINE","'present at the surface increases as the surface area of the container (or the surface area","'99.96379089"
"'187","'LINE","'occupied by the liquid) increases. This, in turn, increases the number of molecules","'99.95331573"
"'187","'LINE","'that separate from the liquid surface and change into gases at a specific moment,","'99.96257782"
"'187","'LINE","'increasing the rate of evaporation. However, for liquids having the same surface area,","'99.97791290"
"'187","'LINE","'the rate of evaporation depends on the two factors: temperature and the strengths of","'99.97594452"
"'187","'LINE","'intermolecular attractions.","'99.81575012"
"'187","'LINE","'Boiling and Boiling Point","'99.98291016"
"'187","'LINE","'Activity 3.17","'99.40917969"
"'187","'LINE","'Discuss the following questions in a group and report your responses to the","'99.88478851"
"'187","'LINE","'whole class","'99.98046875"
"'187","'LINE","'1. Atmospheric pressure is usually higher at a lower altitude than at a","'99.83872223"
"'187","'LINE","'higher altitude. How does the kinetic-molecular theory explain this fact?","'99.94979858"
"'187","'LINE","'2. Ice melts normally at 0 °C. What happens to the melting point of ice in","'98.64435577"
"'187","'LINE","'the presence of impurities? Does it melt below 0 °C, above 0 °C or exactly","'96.98691559"
"'187","'LINE","'at 0 °C? Explain.","'87.65794373"
"'187","'LINE","'When heat energy is added to a liquid, it increases the kinetic energy of the molecules","'99.88533783"
"'187","'LINE","'and the temperature of the liquid increases. Heating a liquid always increases its","'99.96807861"
"'187","'LINE","'vapor pressure. When a liquid is heated to a sufficiently high temperature under a","'99.93891907"
"'187","'LINE","'given applied (usually atmospheric) pressure, bubbles of vapor begin to form below","'99.97111511"
"'187","'LINE","'the surface. If the vapor pressure inside the bubbles is less than the applied pressure","'99.97955322"
"'187","'LINE","'on the surface of the liquid, the bubbles collapse as soon as they form. On the other","'99.97917938"
"'187","'LINE","'hand, if the temperature is raised sufficiently, the vapor pressure is high enough that","'99.98529816"
"'187","'LINE","'the bubbles can persist and rise to the surface, and burst, releasing the vapor into","'99.97819519"
"'187","'LINE","'the air. This process is called boiling. In short, boiling is the change of a liquid to","'99.94812775"
"'187","'LINE","'bubbles of vapor that appear throughout the liquids.","'99.97518921"
"'187","'LINE","'UNIT 3","'98.45324707"
"'187","'LINE","'177","'99.81445313"
"'188","'LINE","'CHEMISTRY GRADE 11","'99.82395172"
"'188","'LINE","'It is the conversion of liquid to vapor within the liquid as well as at its surface.","'99.96922302"
"'188","'LINE","'During evaporation, only molecules at the surface escape into the vapor phase. It is","'99.96315765"
"'188","'LINE","'the formation of vapor bubbles within the liquid itself that characterizes boiling and","'99.98698425"
"'188","'LINE","'distinguishes it from evaporation.","'99.92819977"
"'188","'LINE","'If the temperature of the liquid is increased, the equilibrium vapor pressure also","'99.97322083"
"'188","'LINE","'increases. Finally, the boiling point is reached. The boiling point of a liquid is the","'99.96631622"
"'188","'LINE","'temperature at which its vapor pressure equals the external atmospheric pressure.","'99.99015808"
"'188","'LINE","'The normal boiling point is the temperature at which the vapor pressure of a liquid","'99.95704651"
"'188","'LINE","'is equal to exactly one atmosphere.","'99.95877838"
"'188","'LINE","'For instance, water boils at 100 °C at 1.0 atmospheric pressure and thus, its normal","'99.77906799"
"'188","'LINE","'boiling point of water is 100 °C. Nevertheless, the boiling point of water at 0.83 atm","'99.53826141"
"'188","'LINE","'is 95 °C. Generally, when the pressure exerted on a liquid is varied, the boiling point","'99.63394165"
"'188","'LINE","'of a liquid also varies.","'99.96045685"
"'188","'LINE","'Note that as heat energy is added to vaporize a pure liquid at its boiling point, the","'99.92012787"
"'188","'LINE","'temperature remains constant until the liquid is completely changed to vapor. Then,","'99.99342346"
"'188","'LINE","'the temperature begins to rise after the liquid is completely changed to vapor.","'99.99624634"
"'188","'LINE","'178","'99.84375000"
"'188","'LINE","'UNIT 3","'98.98656464"
"'189","'LINE","'The Liquid State","'99.99349213"
"'189","'LINE","'Experiment 3.4","'99.98535156"
"'189","'LINE","'Observing the vapor pressure of a liquid","'99.64462280"
"'189","'LINE","'Objective: To observe the vapor pressure of a liquid.","'99.94594574"
"'189","'LINE","'Apparatus: Erlenmeyer flask, rubber bung, U-tube and burner.","'99.95668030"
"'189","'LINE","'Procedure:","'99.91051483"
"'189","'LINE","'1. Set up the apparatus as shown in Figure 3.10.","'99.93327332"
"'189","'LINE","'2. Add about 100 mL of water into the Erlenmeyer flask and put a stopper.","'99.93778992"
"'189","'LINE","'Heat the flask to expel the air above the water in the flask.","'99.98860931"
"'189","'LINE","'3. Half fill the U-tube with water.","'99.97349548"
"'189","'LINE","'4. Connect the U-tube to Erlenmeyer flask and note the water level in the two","'99.96301270"
"'189","'LINE","'arms of the U-tube.","'99.95097351"
"'189","'LINE","'5. Heat the flask gently and observe the water level changes in the arms of the","'99.98769379"
"'189","'LINE","'U-tube.","'99.88121796"
"'189","'LINE","'Erlenmeyer flask","'99.95037079"
"'189","'LINE","'U-tube","'99.93164063"
"'189","'LINE","'Water","'100.00000000"
"'189","'LINE","'Bunsen burner","'99.97518921"
"'189","'LINE","'Figure 3.10: Determination of vapor pressure","'99.94263458"
"'189","'LINE","'Observations and analysis:","'99.95688629"
"'189","'LINE","'What do you observe? Give an explanation for the observation.","'99.96322632"
"'189","'LINE","'UNIT 3","'99.11840820"
"'189","'LINE","'179","'99.95117188"
"'190","'LINE","'CHEMISTRY GRADE 11","'99.86952209"
"'190","'LINE","'Experiment 3.5","'99.96093750"
"'190","'LINE","'Determining of boiling points","'99.99755859"
"'190","'LINE","'Objectives: To determine the boiling point of water and ethanol.","'99.97608948"
"'190","'LINE","'Apparatus: Test tube, stopper, thermometer, beaker, burner, clamp, stand and base.","'99.94223785"
"'190","'LINE","'Procedure:","'99.95037079"
"'190","'LINE","'1. Half fill the test tube with a sample of pure water and add some porcelain chips.","'99.88291931"
"'190","'LINE","'2. Take a rubber stopper and pierce a thin opening on the side of the rubber","'99.95626831"
"'190","'LINE","'stopper to allow the vapor to escape.","'99.99151611"
"'190","'LINE","'3. Fit the thermometer with the rubber stopper and insert it in the test tube.","'99.98432159"
"'190","'LINE","'4. Put the test tube in a beaker containing oil as shown in Figure 3.11.","'99.93621063"
"'190","'LINE","'5. Heat the oil in beaker gently and record the temperature at which the water","'99.97770691"
"'190","'LINE","'boils.","'100.00000000"
"'190","'LINE","'6. Repeat the experiment by replacing the water sample by ethanol.","'99.98919678"
"'190","'LINE","'Thermometer","'99.99023438"
"'190","'LINE","'Test tube","'99.74121094"
"'190","'LINE","'Stand","'100.00000000"
"'190","'LINE","'Beaker","'99.89257813"
"'190","'LINE","'Oil","'99.85192108"
"'190","'LINE","'Wire gauze","'99.94140625"
"'190","'LINE","'Tripod stand","'99.97070313"
"'190","'LINE","'Bunsen","'100.00000000"
"'190","'LINE","'burner","'100.00000000"
"'190","'LINE","'Figure 3.11: Determination of boiling point","'99.89543915"
"'190","'LINE","'Observations and analysis:","'99.97017670"
"'190","'LINE","'1. What is the boiling point of water and ethanol that you obtained from these","'99.98567963"
"'190","'LINE","'experiments?","'99.69168091"
"'190","'LINE","'2. Does the temperature from the thermometer reading increase after the water","'99.99755859"
"'190","'LINE","'and ethanol started to boils?","'99.99609375"
"'190","'LINE","'3. Explain why the thermometer was not put into the liquid.","'99.97396851"
"'190","'LINE","'4. What is the purpose of adding porcelain chips?","'99.98915100"
"'190","'LINE","'180","'99.95117188"
"'190","'LINE","'UNIT 3","'99.11351776"
"'191","'LINE","'The Solid State","'99.93164063"
"'191","'LINE","'Boiling of a liquid requires a certain amount of heat energy to break the forces of","'99.93633270"
"'191","'LINE","'attraction between the molecules. The amount of heat energy necessary to bring","'99.98928833"
"'191","'LINE","'about the vaporization of a fixed amount of a liquid at a fixed temperature to the","'99.87364197"
"'191","'LINE","'gaseous state is called the heat of vaporization. For example, the heat of vaporization","'99.93561554"
"'191","'LINE","'per mole of water at 298 K and 1 atmosphere is 44.0 kJ. This is called the molar heat","'99.34234619"
"'191","'LINE","'of vaporization (ДНᵥₐₚ of water. The molar heat of vaporization is the amount of","'93.92098999"
"'191","'LINE","'heat needed to convert 1 mole of a liquid at its boiling point to a gas. It is equal to the","'99.89553833"
"'191","'LINE","'amount of energy that is released when 1 mole of vapour condenses to liquid at the","'99.93820953"
"'191","'LINE","'condensing point of a vapour. Condensation is the change of a gas to a liquid at the","'99.89633942"
"'191","'LINE","'boiling point of the liquid. During condensation heat is released. Thus, the amount","'99.97866058"
"'191","'LINE","'of heat realised when 1 mole of a gas is converted to a liquid at its condensation","'99.90680695"
"'191","'LINE","'point is called the molar heat of condensation (AHcond).","'90.27788544"
"'191","'LINE","'Molar heat of vaporization and molar heat of condensation are equal","'99.91663361"
"'191","'LINE","'in magnitude but opposite in sign:","'99.97369385"
"'191","'LINE","'ДН vap = ДН cond","'83.08055115"
"'191","'LINE","'Note that vaporization is an endothermic process whereas condensation is an","'99.91893768"
"'191","'LINE","'exothermic process.","'99.86617279"
"'191","'LINE","'Exercise 3.11","'99.81933594"
"'191","'LINE","'Discuss the following questions:","'99.97763062"
"'191","'LINE","'1. What is the difference between evaporation and boiling?","'99.95207977"
"'191","'LINE","'2. What are the effects of impurities on the boiling point of liquids?","'99.96207428"
"'191","'LINE","'3. Why does the boiling point of liquid decrease as altitude increases?","'99.97287750"
"'191","'LINE","'3.5","'99.92107391"
"'191","'LINE","'The Solid State","'99.91510010"
"'191","'LINE","'At the end of this section, you will be able to:","'99.93837738"
"'191","'LINE","'describe phase changes","'99.98020172"
"'191","'LINE","'explain the terms melting, fusion, sublimation, melting point, freezing","'99.92588043"
"'191","'LINE","'point, molar heat of solidification","'99.94630432"
"'191","'LINE","'explain temperature changes associated with phase changes","'99.99720764"
"'191","'LINE","'determine melting point of ice","'99.89747620"
"'191","'LINE","'demonstrate an experiment to show the phase changes from ice to liquid","'99.96366119"
"'191","'LINE","'water and then to water vapor.","'99.98196411"
"'191","'LINE","'UNIT 3","'98.63261414"
"'191","'LINE","'181","'99.77458954"
"'192","'LINE","'CHEMISTRY GRADE 11","'99.79791260"
"'192","'LINE","'Activity 3.18","'99.65332031"
"'192","'LINE","'Form a group and discuss the following points. Present your discussion to","'99.87444305"
"'192","'LINE","'the class.","'100.00000000"
"'192","'LINE","'1. When the crystals of iodine are warmed, they disappear into vapors","'99.97463989"
"'192","'LINE","'without being changed into liquid.","'99.99007416"
"'192","'LINE","'2. When ethyl alcohol is taken in an open container it disappears after","'99.96513367"
"'192","'LINE","'sometime.","'99.95037079"
"'192","'LINE","'The temperature at which a pure liquid changes to a crystalline solid, or freezes, is","'99.86847687"
"'192","'LINE","'called the freezing point; it is identical to the melting point. The melting or freezing","'99.98301697"
"'192","'LINE","'occurs at the temperature where the liquid and solid are in dynamic equilibrium.","'99.95963287"
"'192","'LINE","'When a solid is continuously heated the ordered crystalline structure of solids will","'99.92221069"
"'192","'LINE","'be disturbed. As a result, particles gradually get freedom of motion and melting (or","'99.95903015"
"'192","'LINE","'fusion) take place. Melting is the process of converting solid into the liquid. The","'99.98512268"
"'192","'LINE","'temperature at which a crystalline solid changes to a liquid or melts is called the","'99.91094208"
"'192","'LINE","'melting point.","'99.97518921"
"'192","'LINE","'On the other hand, when a liquid is cooled, its molecules come closer to one another","'99.95311737"
"'192","'LINE","'and thus, the intermolecular forces of attraction between them get stronger. As a","'99.96802521"
"'192","'LINE","'result, its particles arrange themselves into a regular pattern and then converted to a","'99.92712402"
"'192","'LINE","'solid. This process is called freezing or solidification. For instance, ice melts at 0 °C","'97.54098511"
"'192","'LINE","'and water freezes at 0 °C. Ice and water coexist in equilibrium at 0 °C as follows:","'98.91151428"
"'192","'LINE","'Melting, 0 °C","'93.22843933"
"'192","'LINE","'Ice","'100.00000000"
"'192","'LINE","'Water","'99.97070313"
"'192","'LINE","'Freezing, 0 °C","'94.05706024"
"'192","'LINE","'Unlike boiling points, melting points are affected only by large pressure","'99.98291779"
"'192","'LINE","'changes. Note that both the melting point and the boiling point are characteristics","'99.97859955"
"'192","'LINE","'of physical properties of a substance and can be used to help identify it.","'99.96547699"
"'192","'LINE","'The amount of heat needed to convert one gram of solid to liquid at the melting point","'99.98276520"
"'192","'LINE","'is called heat of fusion. The molar heat of fusion or molar enthalpy of fusion (AHfus)","'95.14408112"
"'192","'LINE","'is the quantity of heat needed to convert one mole of a solid at its melting point to the","'99.97156525"
"'192","'LINE","'liquid state. For example, the molar heat of fusion of ice is 6.01 kJ at 0°C. This is the","'99.60825348"
"'192","'LINE","'182","'99.93164063"
"'192","'LINE","'UNIT 3","'99.02075195"
"'193","'LINE","'The Solid State","'99.92187500"
"'193","'LINE","'amount of energy needed to break the attractive forces in the solid, ice, at its melting","'99.98159027"
"'193","'LINE","'point. Melting requires the supply of energy; therefore, it is an endothermic process.","'99.95287323"
"'193","'LINE","'During the process of solidification, the amount of heat liberated is exactly equal to","'99.93045044"
"'193","'LINE","'the heat of fusion. The heat liberated is called the heat of solidification or heat of","'99.98703766"
"'193","'LINE","'crystallization.","'99.68112183"
"'193","'LINE","'The molar heat of crystallization (AHcryst) is the quantity of energy that is removed","'94.33360291"
"'193","'LINE","'from one mole of a liquid to convert it to the solid state at its freezing point.","'99.97113800"
"'193","'LINE","'AH cryst = AH fus","'15.58374500"
"'193","'LINE","'Some solids have significant vapor pressure and thus, evaporate directly from the","'99.98013306"
"'193","'LINE","'solid to the vapor state without passing through the liquid state. This process is","'99.99233246"
"'193","'LINE","'called sublimation, i.e., the change of solid to vapor. The opposite of sublimation","'99.93516541"
"'193","'LINE","'is deposition that is the change of vapor to solid. The process can be expressed as","'99.98347473"
"'193","'LINE","'follows","'99.99023438"
"'193","'LINE","'Submlimation","'99.84056091"
"'193","'LINE","'Solid","'99.99023438"
"'193","'LINE","'Vapour (gas)","'99.81933594"
"'193","'LINE","'Deposition","'100.00000000"
"'193","'LINE","'Like vaporization, the process of sublimation requires an input of energy to overcome","'99.94142151"
"'193","'LINE","'intermolecular attractions. The enthalpy of sublimation, H sub' is the energy required","'95.84451294"
"'193","'LINE","'to convert one mole of a substance from the solid to the gaseous state. Sublimation","'99.97640228"
"'193","'LINE","'is an endothermic process. The reverse of sublimation is called deposition, a","'99.89762878"
"'193","'LINE","'process in which gaseous substances directly change into the solid state, bypassing","'99.97362518"
"'193","'LINE","'the liquid state. Whereas, during deposition heat energy is released. The","'99.98380280"
"'193","'LINE","'enthalpy change during deposition is equal in magnitude but opposite in sign to","'99.97791290"
"'193","'LINE","'sublimation. The enthalpy of deposition, ДН dep' is the energy released when one","'95.45571899"
"'193","'LINE","'mole of a substance from the gaseous state change to solid. The heat (enthalpy) of","'99.97369385"
"'193","'LINE","'sublimation is related to the enthalpies of fusion and vaporization by:","'99.94401550"
"'193","'LINE","'UNIT 3","'98.67406464"
"'193","'LINE","'183","'99.89257813"
"'194","'LINE","'CHEMISTRY GRADE 11","'99.88254547"
"'194","'LINE","'Exercise 3.12","'99.95605469"
"'194","'LINE","'1. What is the difference between melting and solidification?","'99.97477722"
"'194","'LINE","'2. What could happen to temperature during a phase change?","'99.92548370"
"'194","'LINE","'Heating curve","'99.97558594"
"'194","'LINE","'A heating curve is a plot of the temperature versus the amount of heat added","'99.11391449"
"'194","'LINE","'(Figure 3.12). It is commonly used to show the relationship between phase changes","'99.93878937"
"'194","'LINE","'and enthalpy for a given substance. There are two main observations that we can","'99.92620087"
"'194","'LINE","'learn from the heating curve: regions where the temperature increases as heat is","'99.99167633"
"'194","'LINE","'added and plateaus where the temperature stays constant. It is at plateaus that a","'99.96530914"
"'194","'LINE","'phase change occurs.","'99.99023438"
"'194","'LINE","'Gas","'98.79882813"
"'194","'LINE","'Vaporization","'99.96014404"
"'194","'LINE","'Temperature","'99.17889404"
"'194","'LINE","'Liquid","'99.21875000"
"'194","'LINE","'Condensation","'99.84056091"
"'194","'LINE","'Solid","'99.36523438"
"'194","'LINE","'Melting","'100.00000000"
"'194","'LINE","'Freezing","'99.92028046"
"'194","'LINE","'Heat energy","'99.98046875"
"'194","'LINE","'Figure 3.12: A heating curve","'96.87464142"
"'194","'LINE","'184","'99.95117188"
"'194","'LINE","'UNIT 3","'99.20140839"
"'195","'LINE","'The Solid State","'99.98697662"
"'195","'LINE","'Experiment 3.6","'99.97558594"
"'195","'LINE","'Demonstration of phase changes","'100.00000000"
"'195","'LINE","'Objective: To show the phase changes from ice to water and then to water vapour","'99.98693085"
"'195","'LINE","'Apparatus: Beakers, thermometer, glass rod, burner, clamp stand, tripod stand","'99.95118713"
"'195","'LINE","'and wire gauze.","'99.97369385"
"'195","'LINE","'Procedure:","'99.95037079"
"'195","'LINE","'1. Take a 250 mL beaker and half-filled with the dry crushed ice given by your","'99.91604614"
"'195","'LINE","'teacher.","'99.92028046"
"'195","'LINE","'2. Place the beaker on a wire gauze, which is placed on a tripod stand.","'99.88903046"
"'195","'LINE","'3. Suspend a thermometer from the clamp stand such that the bulb of the","'99.95333862"
"'195","'LINE","'thermometer is completely surrounded by ice as shown in Figure 3.13.","'99.96967316"
"'195","'LINE","'4. Heat the ice cubes and stir continuously for uniform heating.","'99.97840881"
"'195","'LINE","'5. Record the temperature (T₁) when ice starts melting.","'99.61314392"
"'195","'LINE","'6. Heat continuously till ice melts completely. Record this temperature (T₂).","'99.19326019"
"'195","'LINE","'7. Continue heating, record at the temperature (T₃) when water begins to boil.","'99.80726624"
"'195","'LINE","'8. Continue to heat the water for at least 3 minutes after the water begins to boil,","'99.98382568"
"'195","'LINE","'record the temperature (T₄) after 3 minutes","'99.36978912"
"'195","'LINE","'Thermometer","'99.92028046"
"'195","'LINE","'Glass rod","'99.95605469"
"'195","'LINE","'Clamp Stand","'99.98046875"
"'195","'LINE","'Beaker","'99.97070313"
"'195","'LINE","'Ice","'99.97070313"
"'195","'LINE","'Wire gauze","'99.95605469"
"'195","'LINE","'Tripod stand","'99.98535156"
"'195","'LINE","'Bunsen","'100.00000000"
"'195","'LINE","'burner","'100.00000000"
"'195","'LINE","'Figure 3.13: Phase changes from ice to water and then to water vapour","'99.96526337"
"'195","'LINE","'UNIT 3","'99.16274261"
"'195","'LINE","'185","'99.96093750"
"'196","'LINE","'CHEMISTRY GRADE 11","'99.91184235"
"'196","'LINE","'Observations and analysis:","'99.98671722"
"'196","'LINE","'1. At any time did the temperature seem to rise at or near a constant rate?","'99.93582153"
"'196","'LINE","'2. When is the temperature change slow?","'99.99442291"
"'196","'LINE","'3. When is the temperature change fast?","'99.99302673"
"'196","'LINE","'4. Is there difference between T₁ and T₂ as well as between T₃ and T₄?","'97.27662659"
"'196","'LINE","'Exercise 3.13","'99.96093750"
"'196","'LINE","'1. Draw a cooling curve.","'99.67020416"
"'196","'LINE","'2. What is the relationship and difference between a heating curve and a","'99.95437622"
"'196","'LINE","'cooling curve?","'99.99511719"
"'196","'LINE","'186","'99.96093750"
"'196","'LINE","'UNIT 3","'99.08791351"
"'197","'LINE","'The Solid State","'99.99349213"
"'197","'LINE","'CHECKLIST","'100.00000000"
"'197","'LINE","'KEY TERMS","'99.99023438"
"'197","'LINE","'Absolute zero","'89.05363464"
"'197","'LINE","'Heating curve","'99.99511719"
"'197","'LINE","'Atmospheric pressure","'99.97518921"
"'197","'LINE","'Ideal gas equation","'99.98697662"
"'197","'LINE","'Avogadro's law","'99.96014404"
"'197","'LINE","'Kelvin temperature","'100.00000000"
"'197","'LINE","'Boiling","'100.00000000"
"'197","'LINE","'Kinetic molecular theory of","'99.96014404"
"'197","'LINE","'Boiling point","'100.00000000"
"'197","'LINE","'gases","'99.96093750"
"'197","'LINE","'Boyle's law","'99.96014404"
"'197","'LINE","'Liquids","'100.00000000"
"'197","'LINE","'Charles' law","'99.44196320"
"'197","'LINE","'Melting","'100.00000000"
"'197","'LINE","'Collision","'100.00000000"
"'197","'LINE","'Melting point","'100.00000000"
"'197","'LINE","'Combined gas law","'99.99023438"
"'197","'LINE","'Molar heat of condensation","'99.97010040"
"'197","'LINE","'Condensation","'100.00000000"
"'197","'LINE","'Molar heat of fusion","'99.96034241"
"'197","'LINE","'Evaporation","'100.00000000"
"'197","'LINE","'Molar heat of sublimation","'99.95018005"
"'197","'LINE","'Fluid","'100.00000000"
"'197","'LINE","'Non-volatile liquid","'99.94628906"
"'197","'LINE","'Freezing","'100.00000000"
"'197","'LINE","'Normal boiling point","'100.00000000"
"'197","'LINE","'Freezing point","'100.00000000"
"'197","'LINE","'Properties of gases","'99.95037079"
"'197","'LINE","'Gas constant","'99.97030640"
"'197","'LINE","'Solidification","'100.00000000"
"'197","'LINE","'Gas laws","'99.97518921"
"'197","'LINE","'Standard temperature and","'100.00000000"
"'197","'LINE","'Gases","'100.00000000"
"'197","'LINE","'pressure (STP)","'99.90074921"
"'197","'LINE","'Graham's law","'99.96014404"
"'197","'LINE","'Sublimation","'100.00000000"
"'197","'LINE","'Heat of condensation","'99.96014404"
"'197","'LINE","'Vapor pressure","'99.98535156"
"'197","'LINE","'Heat of vaporization","'99.96014404"
"'197","'LINE","'Volatile liquid","'100.00000000"
"'197","'LINE","'UNIT 3","'99.25023651"
"'197","'LINE","'187","'99.95117188"
"'198","'LINE","'CHEMISTRY GRADE 11","'99.82720947"
"'198","'LINE","'UNIT SUMMARY","'99.98046875"
"'198","'LINE","'Matter is anything that has mass and occupies space.","'99.97803497"
"'198","'LINE","'Matter exists in one of the three states: a solid, a liquid or a gas.","'99.65474701"
"'198","'LINE","'Solids have a definite volume and a definite shape.","'99.67297363"
"'198","'LINE","'A liquid has a definite mass but doesn't have a definite shape.","'98.66360474"
"'198","'LINE","'A gas has neither a definite volume nor a definite shape.","'98.49440765"
"'198","'LINE","'Plasma is a gaseous mixture of positive ions and electrons.","'99.90782928"
"'198","'LINE","'Gases and liquids are fluids whereas solids are not.","'99.98589325"
"'198","'LINE","'According to Boyle's law at fixed temperature the volume of a fixed mass of gas","'99.95053101"
"'198","'LINE","'is inversely proportional to the pressure.","'99.97531891"
"'198","'LINE","'Charles' law states that at constant pressure the volume of a fixed mass of gas is","'99.87705994"
"'198","'LINE","'directly proportional to the temperature.","'99.97023010"
"'198","'LINE","'According to Gay-Lussac's law the pressure of a fixed amount of a gas varies","'99.81938934"
"'198","'LINE","'directly with the temperature.","'99.98007202"
"'198","'LINE","'Combined gas law states that the ratio PV to T for any set of pressure, volume","'99.86200714"
"'198","'LINE","'and temperature values always equals the same k.","'99.96572113"
"'198","'LINE","'Avogadro's stated that at the same temperature and pressure, equal volumes of","'99.97104645"
"'198","'LINE","'gases contain equal numbers of moles.","'99.97708130"
"'198","'LINE","'The ideal gas law is a combination of Boyle's law, Charles' law and Avogadro's","'99.86088562"
"'198","'LINE","'law.","'100.00000000"
"'198","'LINE","'At constant temperature and pressure, the rate of diffusion of a gas, r, is inversely","'99.83622742"
"'198","'LINE","'proportional to the square root of its density, d, or molar mass, M.","'98.58023834"
"'198","'LINE","'When energy is supplied to a solid, it melts and changes to a liquid, the particles","'99.75462341"
"'198","'LINE","'move faster. Application of additional energy will make the liquid to boil and","'99.99167633"
"'198","'LINE","'changes to a gas.","'99.35835266"
"'198","'LINE","'Gaseous particles are much more widely spaced and move much faster than in","'99.98034668"
"'198","'LINE","'a liquid and a solid.","'99.54882813"
"'198","'LINE","'Phase changes can be illustrated as here:","'99.98325348"
"'198","'LINE","'188","'99.84375000"
"'198","'LINE","'UNIT 3","'99.07933807"
"'199","'LINE","'The Solid State","'99.99674225"
"'199","'LINE","'Sublimation","'100.00000000"
"'199","'LINE","'Melting","'100.00000000"
"'199","'LINE","'Vaporization","'99.88042450"
"'199","'LINE","'Plasma","'100.00000000"
"'199","'LINE","'Freezing","'99.96014404"
"'199","'LINE","'Condensation","'100.00000000"
"'199","'LINE","'Solid","'100.00000000"
"'199","'LINE","'Liquid","'100.00000000"
"'199","'LINE","'Gas","'100.00000000"
"'199","'LINE","'Deposition","'100.00000000"
"'199","'LINE","'Energy is released when a less ordered phase is converted to a more ordered","'99.85083771"
"'199","'LINE","'phase, as indicated in the follows","'99.99186707"
"'199","'LINE","'Phase Change","'100.00000000"
"'199","'LINE","'Physical Process","'99.97518921"
"'199","'LINE","'Energy Change","'100.00000000"
"'199","'LINE","'Fusion (melting)","'100.00000000"
"'199","'LINE","'Solid","'100.00000000"
"'199","'LINE","'Liquid","'100.00000000"
"'199","'LINE","'Energy is absorbed.","'100.00000000"
"'199","'LINE","'Vaporization","'100.00000000"
"'199","'LINE","'Liquid","'100.00000000"
"'199","'LINE","'->","'67.65734863"
"'199","'LINE","'Gas","'99.96014404"
"'199","'LINE","'Energy is absorbed.","'99.98671722"
"'199","'LINE","'Sublimation","'99.96014404"
"'199","'LINE","'Solid","'100.00000000"
"'199","'LINE","'Gas","'99.96014404"
"'199","'LINE","'Energy is absorbed.","'99.99674225"
"'199","'LINE","'Freezing","'100.00000000"
"'199","'LINE","'Liquid","'100.00000000"
"'199","'LINE","'Solid","'100.00000000"
"'199","'LINE","'Energy is released.","'99.98345947"
"'199","'LINE","'Condensation","'100.00000000"
"'199","'LINE","'Gas","'99.96014404"
"'199","'LINE","'Liquid","'100.00000000"
"'199","'LINE","'Energy is released.","'100.00000000"
"'199","'LINE","'Deposition","'100.00000000"
"'199","'LINE","'Gas","'99.96014404"
"'199","'LINE","'Solid","'100.00000000"
"'199","'LINE","'Energy is released.","'99.99674225"
"'199","'LINE","'UNIT 3","'99.29010010"
"'199","'LINE","'189","'99.95117188"
"'200","'LINE","'CHEMISTRY GRADE 11","'99.90533447"
"'200","'LINE","'REVIEW EXERCISE","'99.96542358"
"'200","'LINE","'Part I: Write what each of these refers to:","'99.85813904"
"'200","'LINE","'1. They have a definite shape and a definite volume.","'99.85617065"
"'200","'LINE","'2. Their molecules are highly disordered.","'99.94699097"
"'200","'LINE","'3. The motion of their molecules is highly restricted.","'99.95697021"
"'200","'LINE","'4. They can be easily compressed.","'99.97531891"
"'200","'LINE","'5. They have a tendency to flow.","'99.87959290"
"'200","'LINE","'6. They can take the shape of their container.","'99.97577667"
"'200","'LINE","'7. They can move in all direction at high speed.","'99.98632813"
"'200","'LINE","'8. They can easily diffuse through each other.","'99.98769379"
"'200","'LINE","'9. They can sublime.","'99.96298218"
"'200","'LINE","'10. They have less density relative to the other states.","'99.99503326"
"'200","'LINE","'Part II: Complete the following statements:","'99.93585968"
"'200","'LINE","'11. Liquids and gases have no definite","'99.96756744"
"'200","'LINE","'.","'89.48799896"
"'200","'LINE","'12. The freezing point of a liquid is the same as","'99.94963074"
"'200","'LINE","'.","'91.18463135"
"'200","'LINE","'13. The temperature at which a crystalline solid is directly converted to a gas is","'99.88235474"
"'200","'LINE","'called","'100.00000000"
"'200","'LINE","'.","'90.72664642"
"'200","'LINE","'14. The lowest attainable temperature is","'99.99186707"
"'200","'LINE","'.","'89.04775238"
"'200","'LINE","'15. ""At the fixed temperature and pressure, equal volumes of different","'99.77747345"
"'200","'LINE","'gases have equal numbers of molecules."" This statement is postulated","'99.92044067"
"'200","'LINE","'by","'99.95037079"
"'200","'LINE","'.","'89.17330933"
"'200","'LINE","'Part III: Multiple Choice Questions:","'99.88285065"
"'200","'LINE","'Choose the correct answer from the given alternatives.","'99.94529724"
"'200","'LINE","'16. Which of the following would take up the entire shape of the container it is","'99.98519897"
"'200","'LINE","'enclosed within?","'99.99511719"
"'200","'LINE","'a. Gas","'99.90603638"
"'200","'LINE","'b. Liquid","'99.96582031"
"'200","'LINE","'c. Solid","'92.82644653"
"'200","'LINE","'d.","'99.96093750"
"'200","'LINE","'both a and b","'99.72277832"
"'200","'LINE","'17. If a gas expands at constant temperature, it indicates that:","'99.94799805"
"'200","'LINE","'a. Number of the molecules of gas increases","'99.90817261"
"'200","'LINE","'b. Kinetic energy of molecules decreases","'99.96854401"
"'200","'LINE","'c. Pressure of the gas increases","'96.30673218"
"'200","'LINE","'d. Kinetic energy of molecules remains the same","'99.97274780"
"'200","'LINE","'190","'99.96093750"
"'200","'LINE","'UNIT 3","'99.31860352"
"'201","'LINE","'The Solid State","'99.95442963"
"'201","'LINE","'18. A sample of oxygen occupies 47.2 L under a pressure of 1240 torr at 25 °C.","'99.21436310"
"'201","'LINE","'What volume would it occupy at 25 °C if the pressure were decreased to 730","'99.53049469"
"'201","'LINE","'torr?","'99.97070313"
"'201","'LINE","'a. 27.8 L","'99.08097076"
"'201","'LINE","'b. 32.3 L","'99.15364075"
"'201","'LINE","'c. 29.3 L","'71.85905457"
"'201","'LINE","'d. 80.2 L","'57.52949524"
"'201","'LINE","'19. A sample of nitrogen occupies 5.50 liters under a pressure of 900.0 torr at 25.0","'99.28667450"
"'201","'LINE","'°C. At what temperature will it occupy 10.0 liters at the same pressure?","'99.25457764"
"'201","'LINE","'a. 542 °C","'96.40724945"
"'201","'LINE","'b. c. 269 °C","'92.27075195"
"'201","'LINE","'c. 45.5 °C","'92.44054413"
"'201","'LINE","'d. d. 144 °C","'95.26477051"
"'201","'LINE","'20. A quantity of gas has a volume of 25 L at 17 °C and 3 atm of pressure. To what","'99.19552612"
"'201","'LINE","'volume must the gas be increased for a gas to be under STP conditions?","'99.92218781"
"'201","'LINE","'a. 79.7L","'59.58226776"
"'201","'LINE","'b. 26.6 L","'56.65258026"
"'201","'LINE","'c. 70.6.0 L","'95.44868469"
"'201","'LINE","'d. 75.0 L","'53.98198318"
"'201","'LINE","'21. What is the molecular weight of a pure gaseous compound having a density of","'99.91230011"
"'201","'LINE","'4.95 g/L at -35 °C and 1020 torr?","'97.99320984"
"'201","'LINE","'a. 24 g/mol","'99.27056885"
"'201","'LINE","'b. 72 g/mol","'98.85389709"
"'201","'LINE","'c. 120 g/mol","'94.29488373"
"'201","'LINE","'d. 85 g/mol","'99.04595947"
"'201","'LINE","'22. Ifhelium (He) diffuses through a porous barrier at a rate of 4.0 moles per minute,","'98.89827728"
"'201","'LINE","'at what rate (in moles per minute) would oxygen (O₂) gas diffuse?","'97.40833282"
"'201","'LINE","'a. 1.4","'99.70872498"
"'201","'LINE","'b. 2.0","'99.76562500"
"'201","'LINE","'c. 0.7","'93.50526428"
"'201","'LINE","'d. 0.5","'99.78515625"
"'201","'LINE","'23. What will happen water when freezes?","'99.98023987"
"'201","'LINE","'a. Water changes from a gas to a liquid state","'99.91643524"
"'201","'LINE","'b. Water changes from a liquid to a solid state","'99.93115997"
"'201","'LINE","'c. Water changes from a solid to a gas state","'98.54917145"
"'201","'LINE","'d. Water changes from a gas to a plasma state","'99.91432190"
"'201","'LINE","'24. What is sublimation?","'99.96542358"
"'201","'LINE","'a. When a solid turns into a gas","'99.82447052"
"'201","'LINE","'b. When a gas turns into a liquid","'99.88996124"
"'201","'LINE","'c. When a gas turns into a solid","'96.93219757"
"'201","'LINE","'d. When a solid turns into plasma","'99.94362640"
"'201","'LINE","'25. What eventually happens if energy is continually removed from a liquid?","'99.94331360"
"'201","'LINE","'a. It boils","'99.82183075"
"'201","'LINE","'c. It evaporates","'95.88953400"
"'201","'LINE","'b. It freezes","'99.94439697"
"'201","'LINE","'d. It condenses","'99.90154266"
"'201","'LINE","'UNIT 3","'98.49270630"
"'201","'LINE","'191","'99.85271454"
"'202","'LINE","'CHEMISTRY GRADE 11","'99.77186584"
"'202","'LINE","'Part IV: Solve the following problems","'99.86802673"
"'202","'LINE","'26. What will be the minimum pressure required to compress 500 dm³ of air at 1 bar","'99.71952820"
"'202","'LINE","'to 200 dm³ at 30 °C?","'96.58465576"
"'202","'LINE","'27. A vessel of 120 mL capacity contains a certain amount of gas at 35 °C and 1.2","'99.12887573"
"'202","'LINE","'bar pressure. The gas is transferred to another vessel of volume 180 mL at 35 °C.","'99.19335175"
"'202","'LINE","'What would be its pressure?","'99.98437500"
"'202","'LINE","'28. Using the ideal gas equation (i.e., pV = nRT), show that at a given temperature","'99.59401703"
"'202","'LINE","'density of a gas is proportional to gas pressure p.","'99.57208252"
"'202","'LINE","'29. 34.05 mL of phosphorus vapor weighs 0.0625 g at 546 °C and 0.1 bar pressure.","'99.45314789"
"'202","'LINE","'What is the molar mass of phosphorus?","'99.96756744"
"'202","'LINE","'30. If 0.500 mole of nitrogen gas occupies a volume of 11.2 L at 0 °C; what volume","'99.21846008"
"'202","'LINE","'will 2.00 mole of nitrogen gas occupy at the same temperature and pressure?","'99.92075348"
"'202","'LINE","'31. What mass of helium in grams is required to fill 15.0 L balloon to a pressure of","'99.76303864"
"'202","'LINE","'1.1 atm at 25 °C?","'98.00450134"
"'202","'LINE","'32. A sample of a certain gas has a volume of 1.25 L at -125s °C and 5.0 atm.","'99.26367188"
"'202","'LINE","'The gas is compressed at 50.0 atm to a volume of 325 mL. What is the final","'99.94380951"
"'202","'LINE","'temperature of the helium gas in °C?","'98.63255310"
"'202","'LINE","'33. If 140 cm³ of methane diffuse into air in 72 seconds, how long will it take 210","'99.54206085"
"'202","'LINE","'cm³ of sulphur dioxide to diffuse under the same conditions?","'99.27516937"
"'202","'LINE","'34. The temperature of 2.5 L of a gas initially at STP is raised to 250 °C at constant","'99.26598358"
"'202","'LINE","'volume; calculate the final pressure of the gas in atmosphere.","'99.96428680"
"'202","'LINE","'35. What total gas volume at 520 °C and 880 torr would result from the decomposition","'97.74003601"
"'202","'LINE","'of 33 g of potassium bicarbonate according to the equation:","'99.87745667"
"'202","'LINE","'2KHCO₃(s)","'77.11734772"
"'202","'LINE","'K₂CO₃( (g) + H₂O(g)","'81.26579285"
"'202","'LINE","'192","'99.89257813"
"'202","'LINE","'UNIT 3","'98.90235901"
"'203","'LINE","'40","'100.00000000"
"'203","'LINE","'UNIT","'100.00000000"
"'203","'LINE","'4","'94.16912079"
"'203","'LINE","'A molecules","'99.43817902"
"'203","'LINE","'Number of molecules","'99.17184448"
"'203","'LINE","'30","'100.00000000"
"'203","'LINE","'B molecules","'97.97851563"
"'203","'LINE","'20","'100.00000000"
"'203","'LINE","'10","'99.99023438"
"'203","'LINE","'0","'98.97421265"
"'203","'LINE","'10","'99.89257813"
"'203","'LINE","'20","'99.97070313"
"'203","'LINE","'30","'99.99023438"
"'203","'LINE","'40","'100.00000000"
"'203","'LINE","'50","'100.00000000"
"'203","'LINE","'60","'99.97070313"
"'203","'LINE","'t (s)","'96.42946625"
"'203","'LINE","'CHEMICAL KINETICS","'99.93652344"
"'203","'LINE","'Unit Outcomes","'99.99511719"
"'203","'LINE","'At the end of this unit, you will be able to:","'99.95983124"
"'203","'LINE","'explain rate of reaction","'99.97518921"
"'203","'LINE","'describe the pre-conditions for a chemical reaction to occur","'99.90509033"
"'203","'LINE","'discuss factors that affect rate of chemical reaction, and","'99.96456909"
"'203","'LINE","'demonstrate scientific enquiry skills, including observing, predicting,","'99.88042450"
"'203","'LINE","'comparing and contrasting, communicating, asking questions, drawing","'99.95444489"
"'203","'LINE","'conclusions, applying concepts, relating cause and effect, making","'99.95393372"
"'203","'LINE","'generalizations and problem solving.","'99.94040680"
"'203","'LINE","'Start-up Activity","'99.68261719"
"'203","'LINE","'Discuss the following phenomena in groups and present your","'99.99891663"
"'203","'LINE","'conclusion to the class.","'99.99755859"
"'203","'LINE","'1. Determine the approximate time taken for completion of the following","'99.98490906"
"'203","'LINE","'chemical changes:","'100.00000000"
"'203","'LINE","'a. burning of a piece of paper","'99.66181946"
"'203","'LINE","'c. ripening of banana","'93.70520782"
"'203","'LINE","'b. conversion of milk to yogurt","'99.98196411"
"'203","'LINE","'d. charring of sugar","'99.97802734"
"'203","'LINE","'e. formation of soils","'99.94325256"
"'203","'LINE","'2. Why do some reactions take place rapidly and others slowly?","'99.99193573"
"'203","'LINE","'UNIT 4","'99.63827515"
"'203","'LINE","'193","'99.99023438"
"'204","'LINE","'CHEMISTRY GRADE 11","'99.77186584"
"'204","'LINE","'4.1","'99.95117188"
"'204","'LINE","'Introduction","'99.84056091"
"'204","'LINE","'Every chemical reaction proceeds at a different rate or speed. Some reactions proceed","'99.93598175"
"'204","'LINE","'very slowly and may take a number of days to complete; while others are very rapid,","'99.96613312"
"'204","'LINE","'requiring only a few seconds. For example, rusting of iron could start quickly, while","'99.92690277"
"'204","'LINE","'ripening of fruits may be completed in a few days. On the other hand, weathering of","'99.98276520"
"'204","'LINE","'stone may take more than a decade and the breakdown of plastics in the environment","'99.96903229"
"'204","'LINE","'takes more than hundred years. However, other reactions, like the combustion of","'99.97430420"
"'204","'LINE","'gasoline or the explosion of gunpowder occur in a few seconds. Can you add more","'99.91539001"
"'204","'LINE","'examples from your experience?","'99.98007202"
"'204","'LINE","'To be useful reactions must occur at a reasonable rate. The area of chemistry that is","'99.96237183"
"'204","'LINE","'concerned with reaction rates is called chemical kinetics. The word ""kinetic"" suggests","'99.73609161"
"'204","'LINE","'movement or change. Chemical kinetics refers to the rate of reaction, which is the","'99.97954559"
"'204","'LINE","'changeover times in the concentration of a reactant or a product.","'99.77044678"
"'204","'LINE","'4.2","'99.92187500"
"'204","'LINE","'The Rate of a Reaction","'98.58960724"
"'204","'LINE","'At the end of this section, you will be able to:","'99.95976257"
"'204","'LINE","'define rate of reaction","'99.98027039"
"'204","'LINE","'describe rate of reaction using graphs","'99.98684692"
"'204","'LINE","'conduct an experiment to illustrate the relative rate of reactions","'99.98039246"
"'204","'LINE","'list the pre-conditions for a chemical reaction to occur, and","'99.95288849"
"'204","'LINE","'explain how collision, activation energy and proper orientation of reactants cause a","'99.94901276"
"'204","'LINE","'chemical reaction to occur.","'99.96806335"
"'204","'LINE","'Activity 4.1","'99.70214844"
"'204","'LINE","'Discuss each of the following questions in a group and present your","'99.90821075"
"'204","'LINE","'responses to the whole class.","'99.99218750"
"'204","'LINE","'1. What does ""rate"" mean?","'99.94124603"
"'204","'LINE","'2. Does sugar dissolve faster in hot or in cold tea? Why?","'99.98535156"
"'204","'LINE","'3. How can we measure the rate of reaction?","'99.96618652"
"'204","'LINE","'4. What is the importance of knowing the rate of reaction?","'99.99289703"
"'204","'LINE","'194","'99.96093750"
"'204","'LINE","'UNIT 4","'99.51620483"
"'205","'LINE","'The Rate of a Reaction","'98.83721161"
"'205","'LINE","'The rate of a chemical reaction measures the change in concentration of a reactant or","'99.89684296"
"'205","'LINE","'a product per unit time. This means that the rate of a reaction determines how fast the","'99.89088440"
"'205","'LINE","'concentration of a reactant or product changes with time.","'99.89297485"
"'205","'LINE","'For example, for a general reaction:","'99.77818298"
"'205","'LINE","'Reactants","'99.95037079"
"'205","'LINE","'Products","'99.95037079"
"'205","'LINE","'This equation tells us that, during the course of a reaction, reactant molecules are","'99.90725708"
"'205","'LINE","'consumed while product molecules are formed. As a result, we can follow the progress","'99.89609528"
"'205","'LINE","'of a reaction by monitoring either the decrease in concentration of the reactants or the","'99.92862701"
"'205","'LINE","'increase in concentration of the products.","'99.97694397"
"'205","'LINE","'Consider the progress of a simple reaction in which A molecules are converted to B","'98.59616852"
"'205","'LINE","'molecules:","'99.89098358"
"'205","'LINE","'A","'93.69957733"
"'205","'LINE","'B","'90.70452118"
"'205","'LINE","'The decrease in the number of A molecules and the increase in the number of B","'97.20635986"
"'205","'LINE","'molecules with time are shown in Figure 4.1. In general, it is more convenient to","'99.89871216"
"'205","'LINE","'express the rate in terms of change in concentration with time.","'99.97663116"
"'205","'LINE","'Change in concentration of substance","'99.78663635"
"'205","'LINE","'c","'56.95501709"
"'205","'LINE","'Rate of reaction =","'98.71806335"
"'205","'LINE","'=","'91.27849579"
"'205","'LINE","'change in time","'99.97070313"
"'205","'LINE","'At","'60.71268845"
"'205","'LINE","'Note that Д denotes the difference between the final and initial state.","'97.59013367"
"'205","'LINE","'Thus, for the preceding reaction we can express the rate as:","'99.94918060"
"'205","'LINE","'Rate = 2 1 or rate = At [B]","'89.37428284"
"'205","'LINE","'in which, [A] and [B] are the changes in concentration (mol L⁻¹) over a period At.","'95.66648865"
"'205","'LINE","'Because the concentration of A decreases during the time interval, [A] is a negative","'98.44293213"
"'205","'LINE","'quantity. The rate of a reaction is a positive quantity, so a minus sign is needed in","'99.33356476"
"'205","'LINE","'the rate expression to make the rate positive. On the other hand, the rate of product","'99.98200226"
"'205","'LINE","'formation does not require a minus sign because [B] is a positive quantity (the","'98.58315277"
"'205","'LINE","'concentration of B increases with time).","'97.68392181"
"'205","'LINE","'UNIT 4","'99.03320313"
"'205","'LINE","'195","'99.87304688"
"'206","'LINE","'CHEMISTRY GRADE 11","'99.92811584"
"'206","'LINE","'40","'100.00000000"
"'206","'LINE","'A molecules","'99.07465363"
"'206","'LINE","'Number of molecules","'99.63813782"
"'206","'LINE","'30","'100.00000000"
"'206","'LINE","'B molecules","'93.96245575"
"'206","'LINE","'20","'100.00000000"
"'206","'LINE","'10","'100.00000000"
"'206","'LINE","'0","'99.91051483"
"'206","'LINE","'10","'99.97070313"
"'206","'LINE","'20","'100.00000000"
"'206","'LINE","'30","'100.00000000"
"'206","'LINE","'40","'100.00000000"
"'206","'LINE","'50","'99.99023438"
"'206","'LINE","'60","'99.99023438"
"'206","'LINE","'t (s)","'97.10738373"
"'206","'LINE","'Figure 4.1: The rate of reaction A -> B, represented as the decrease of A","'97.08345795"
"'206","'LINE","'molecules with time and the increase of B molecules with time","'97.31948853"
"'206","'LINE","'For more complex reactions, we must be careful in writing the rate expression.","'99.96401978"
"'206","'LINE","'Consider, for example, the reaction:","'99.96014404"
"'206","'LINE","'2A","'99.57688904"
"'206","'LINE","'B","'88.39106750"
"'206","'LINE","'Two moles of A disappear for each mole of B that forms, that is, the rate at which B","'98.40685272"
"'206","'LINE","'forms is one half the rate at which A disappears. We write the rate as either:","'99.49498749"
"'206","'LINE","'Rate = 2 1 [A] At or rate = [B] At","'86.67408752"
"'206","'LINE","'Similarly, for the reaction:","'99.97763062"
"'206","'LINE","'aA + bB","'98.18259430"
"'206","'LINE","'cC + dD","'98.41405487"
"'206","'LINE","'the rate is given by Rate = 1 [A] 1 Д B 1 Д C 1 Д D","'87.83038330"
"'206","'LINE","'a","'98.75258636"
"'206","'LINE","'At","'66.46025848"
"'206","'LINE","'b","'99.63787079"
"'206","'LINE","'At","'72.25705719"
"'206","'LINE","'c","'93.63600159"
"'206","'LINE","'At","'61.67988586"
"'206","'LINE","'d","'99.64764404"
"'206","'LINE","'At","'65.92016602"
"'206","'LINE","'196","'99.99023438"
"'206","'LINE","'UNIT 4","'99.76034546"
"'207","'LINE","'The Rate of a Reaction","'98.84048462"
"'207","'LINE","'Example 4.1","'99.81893921"
"'207","'LINE","'1. Write the rate expressions for the following reactions in terms of the","'99.98097229"
"'207","'LINE","'disappearance of the reactants and the appearance of the products:","'99.98405457"
"'207","'LINE","'a. I⁻(aq) + OC1- (aq)","'84.55408478"
"'207","'LINE","'1","'64.84654236"
"'207","'LINE","'Cl⁻ (aq) + OI- (aq)","'93.02223969"
"'207","'LINE","'b. 30₂(g)","'81.40366364"
"'207","'LINE","'->","'49.23917770"
"'207","'LINE","'20₃(g)","'74.56373596"
"'207","'LINE","'c. 4NH₃(g) + 50₂(g)","'74.25437927"
"'207","'LINE","'4NO(g) + 6H₂O(g)","'87.17002869"
"'207","'LINE","'Solution:","'99.91051483"
"'207","'LINE","'a. Because each of the stoichiometric coefficients equals 1,","'99.86666870"
"'207","'LINE","'Rate","'98.78906250"
"'207","'LINE","'=","'95.51598358"
"'207","'LINE","'At","'74.48600769"
"'207","'LINE","'At","'74.04356384"
"'207","'LINE","'At","'78.16784668"
"'207","'LINE","'At","'74.21317291"
"'207","'LINE","'b. Here the coefficients are 3 and 2, so","'99.30318451"
"'207","'LINE","'Rate = 3 1 A[02] At 2 1 [0₃] At","'79.30608368"
"'207","'LINE","'c. In this reaction:","'93.91467285"
"'207","'LINE","'1 [NH₃] 1 [02] 1 [NO] 1 [H20]","'68.01952362"
"'207","'LINE","'Rate","'98.64257813"
"'207","'LINE","'=","'90.60387421"
"'207","'LINE","'4","'97.37304688"
"'207","'LINE","'At","'75.30432892"
"'207","'LINE","'5","'98.64257813"
"'207","'LINE","'At","'74.86906433"
"'207","'LINE","'4","'99.48242188"
"'207","'LINE","'At","'67.22357178"
"'207","'LINE","'6","'99.81445313"
"'207","'LINE","'At","'76.97464752"
"'207","'LINE","'2. In the reaction of nitric oxide with hydrogen,","'99.98680115"
"'207","'LINE","'2NO (g) + 2H₂(g)","'94.42453003"
"'207","'LINE","'->","'58.88393021"
"'207","'LINE","'N₂(g) + 2H2O (g)","'94.04989624"
"'207","'LINE","'If the rate of disappearance of NO is 5.0 X 10⁻⁵ mol L⁻¹s⁻¹, what is the","'98.19962311"
"'207","'LINE","'rate of reaction for the formation of N₂?","'96.49842072"
"'207","'LINE","'Solution:","'99.89098358"
"'207","'LINE","'The rate of reaction for the formation of N₂","'97.38296509"
"'207","'LINE","'Rate = [N2] At 2 1 [NO] At = 2 1 mol L⁻¹s⁻¹)","'81.51457977"
"'207","'LINE","'Rate = 2.5 X 10⁻⁵ mol L⁻¹s⁻¹","'92.90206909"
"'207","'LINE","'UNIT 4 197","'99.71652985"
"'208","'LINE","'CHEMISTRY GRADE 11","'99.85324860"
"'208","'LINE","'Exercise 4.1","'99.94628906"
"'208","'LINE","'1. Write the rate expression for the following reaction:","'99.96501160"
"'208","'LINE","'CH₄ (g) + 202 (g)","'86.15190125"
"'208","'LINE","'CO2 (g) + 2H2O (g)","'86.59809113"
"'208","'LINE","'a. the formation of CO2 and H2O","'91.71340179"
"'208","'LINE","'b. the disappearance of CH₄ and O₂","'92.26909637"
"'208","'LINE","'2. The reaction for the formation of ammonia is given as","'99.96952057"
"'208","'LINE","'N₂(g) + 3H₂(g)","'93.62191772"
"'208","'LINE","'2NH₃(g)","'90.61623383"
"'208","'LINE","'Write the rate reaction for:","'99.99023438"
"'208","'LINE","'a. the formation of NH3","'92.57824707"
"'208","'LINE","'b. the disappearance of N₂ and H₂","'92.33941650"
"'208","'LINE","'3. Consider the reaction of:","'99.96061707"
"'208","'LINE","'4NO₂(g) + O₂(g)","'77.87258911"
"'208","'LINE","'2N₂O₅(g)","'81.17107391"
"'208","'LINE","'Suppose that, at a particular moment during the reaction, molecular","'99.88684082"
"'208","'LINE","'oxygen is reacting at the rate of 0.037 mol L⁻¹s⁻¹.","'97.44004822"
"'208","'LINE","'a. At what rate is N₂O₅ being formed?","'96.85806274"
"'208","'LINE","'b. At what rate is NO₂ reacting?","'96.07541656"
"'208","'LINE","'4. Consider the reaction of:","'99.97070313"
"'208","'LINE","'4PH₃ (g)","'86.51596069"
"'208","'LINE","'P₄ (g) + 6H₂ (g)","'86.02571106"
"'208","'LINE","'Suppose that, at a particular moment during the reaction, molecular","'99.93060303"
"'208","'LINE","'hydrogen is being formed at the rate of 0.078 mol L⁻¹s⁻¹.","'97.84754181"
"'208","'LINE","'a. At what rate is P₄ being formed?","'98.17853546"
"'208","'LINE","'b. At what rate is PH₃ reacting?","'96.26349640"
"'208","'LINE","'Determination of Rate of Reaction","'99.93750000"
"'208","'LINE","'Reaction rate is change in an observable property over time. The observable property","'99.97571564"
"'208","'LINE","'should be selected based upon what can be measured in the laboratory. This could","'99.98303223"
"'208","'LINE","'be a colour change, a temperature change, a pressure change, a mass change, or","'99.72828674"
"'208","'LINE","'the appearance of a new substance (for example, amount of precipitate formed).","'99.94969177"
"'208","'LINE","'The observable (measurable) properties can be used to determine the change in","'99.93457794"
"'208","'LINE","'concentration over time.","'99.94386292"
"'208","'LINE","'198","'99.88281250"
"'208","'LINE","'UNIT 4","'99.38436890"
"'209","'LINE","'The Rate of a Reaction","'98.93646240"
"'209","'LINE","'Consider, for example, the thermal decomposition of gaseous dinitrogen pentoxide,","'99.92134094"
"'209","'LINE","'N₂O₅, to give the brown gas nitrogen dioxide:","'97.23503113"
"'209","'LINE","'2N₂O₅(g)","'81.69742584"
"'209","'LINE","'4NO₂(g) + O₂ (g)","'79.67681122"
"'209","'LINE","'Colorless","'100.00000000"
"'209","'LINE","'Brown Colorless","'99.98046875"
"'209","'LINE","'Changes in concentration as a function of time can be determined by measuring the","'99.96112061"
"'209","'LINE","'increase in pressure as 2 gas molecules are converted to 5 gas molecules. Alternatively,","'99.92147827"
"'209","'LINE","'concentration changes can be monitored by measuring the intensity of the brown color","'99.98791504"
"'209","'LINE","'due to NO₂ formation. Reactant and product concentrations as a function of time at 55","'98.23126984"
"'209","'LINE","'°C are listed in Table 4.1. Using this data, we can calculate the rate:","'99.68547821"
"'209","'LINE","'Rate of reaction = 2 1 [N₂O₅] At = 4 1 [NO₂] At [0₂] At","'73.47631836"
"'209","'LINE","'Table 4.1: Concentrations (mol L⁻¹s⁻¹) as a function of time at 55 °C for the","'96.13234711"
"'209","'LINE","'thermal decomposition of gaseous dinitrogen pentoxide (N₂O₅)","'91.29777527"
"'209","'LINE","'Time (s)","'99.19982147"
"'209","'LINE","'N2O5","'72.16737366"
"'209","'LINE","'NO2","'93.22126007"
"'209","'LINE","'O2","'74.75865173"
"'209","'LINE","'0","'96.82337952"
"'209","'LINE","'0.0200","'99.97070313"
"'209","'LINE","'0","'89.59821320"
"'209","'LINE","'0","'97.89958954"
"'209","'LINE","'100","'99.99023438"
"'209","'LINE","'0.0169","'99.97070313"
"'209","'LINE","'0.0063","'99.99023438"
"'209","'LINE","'0.0016","'99.97070313"
"'209","'LINE","'200","'99.99023438"
"'209","'LINE","'0.0142","'99.96093750"
"'209","'LINE","'0.0115","'99.97070313"
"'209","'LINE","'0.0029","'99.97070313"
"'209","'LINE","'300","'99.95037079"
"'209","'LINE","'0.0120","'99.99023438"
"'209","'LINE","'0.0160","'99.97070313"
"'209","'LINE","'0.0040","'99.97070313"
"'209","'LINE","'400","'99.99023438"
"'209","'LINE","'0.0101","'99.99023438"
"'209","'LINE","'0.0197","'99.97070313"
"'209","'LINE","'0.0049","'99.97070313"
"'209","'LINE","'500","'100.00000000"
"'209","'LINE","'0.0086","'99.99023438"
"'209","'LINE","'0.0229","'99.97070313"
"'209","'LINE","'0.0057","'99.99023438"
"'209","'LINE","'600","'100.00000000"
"'209","'LINE","'0.0072","'99.99023438"
"'209","'LINE","'0.0256","'99.99023438"
"'209","'LINE","'0.0064","'99.99023438"
"'209","'LINE","'700","'99.99023438"
"'209","'LINE","'0.0061","'99.99023438"
"'209","'LINE","'0.0278","'99.99023438"
"'209","'LINE","'0.0070","'100.00000000"
"'209","'LINE","'Note: The concentrations of NO₂ and O₂ increase as the concentration of N₂O₅","'93.18601227"
"'209","'LINE","'decreases. In the decomposition of N₂O₅, the rate of formation of O₂ is given by the","'96.56749725"
"'209","'LINE","'equation:","'99.95037079"
"'209","'LINE","'Rate of formation of O₂ = [0₂] = Conc. of O₂ at time t₂ Conc. of O₂ at time t₁","'88.99355316"
"'209","'LINE","'t₂⁻t₁","'32.92589951"
"'209","'LINE","'During the time period 300 to 400 s, for example, the average rate of formation of O₂","'97.22101593"
"'209","'LINE","'is 9 X 10⁻⁶ mol L⁻¹s⁻¹:","'90.30788422"
"'209","'LINE","'UNIT 4","'99.46289063"
"'209","'LINE","'199","'99.37500000"
"'210","'LINE","'CHEMISTRY GRADE 11","'99.77512360"
"'210","'LINE","'Rate of formation of O₂ = [0₂] At 0.0049 M - 0.0040 M = 9 X 10⁻⁶ mol","'86.93971252"
"'210","'LINE","'400 S - 300 S","'90.71542358"
"'210","'LINE","'The average rate of formation of NO₂ during the time period 300-400 S is","'97.17640686"
"'210","'LINE","'3.7 X 10⁻⁵ mol L¹ s⁻¹, which is four times the rate of formation of O₂, as with the","'96.12182617"
"'210","'LINE","'4:1 ratio of the coefficients of NO₂ and O₂ in the chemical equation for the decomposition","'95.51187134"
"'210","'LINE","'of N₂O₅.","'87.13438416"
"'210","'LINE","'Rate of formation of NO₂ = [NO₂] At = 0.0197 M 0.0160 M = 3.7 X 10⁻⁵ mol L¹s¹","'87.35271454"
"'210","'LINE","'400 S 300 S","'90.43013763"
"'210","'LINE","'Similarly, during the time period 300-400 S, the average rate of decomposition of","'96.71814728"
"'210","'LINE","'N₂O₅ is 1.9 X 10⁻⁵ mol s⁻¹;","'87.94290161"
"'210","'LINE","'Rate of formation of N₂O₅ = [N₂O₅] At = - (0.0101 0.0120 M)","'82.38526154"
"'210","'LINE","'400 S - 300 S","'88.83675385"
"'210","'LINE","'= 1.9 X 10⁻⁵ mol L¹s¹","'87.80153656"
"'210","'LINE","'It's also important to specify the time when quoting a rate because the rate changes","'99.94136810"
"'210","'LINE","'as the reaction proceeds. For example, the average rate of formation of NO₂ is","'97.76522827"
"'210","'LINE","'3.7 X 10⁻⁵ mol L⁻¹ during the time period 300 - 400 s, but it is only 2.2 X 10⁻⁵ mol","'95.36978149"
"'210","'LINE","'L⁻¹s⁻¹ during the period 600 -700 S.","'91.61188507"
"'210","'LINE","'In general, the rate of reaction at the beginning is fast and it decreases as the reaction","'99.98033142"
"'210","'LINE","'proceeds.","'99.96014404"
"'210","'LINE","'What could be the possible reason for this decrease in the rate of reaction with time?","'99.98641968"
"'210","'LINE","'Plotting the data of Table 4.1 gives the three curves in Figure 4.2. Looking at the","'99.94243622"
"'210","'LINE","'time period 300 - 400 S on the O₂ curve, [0₂] and At is represented, respectively,","'90.28292847"
"'210","'LINE","'by the vertical and horizontal sides of a right triangle. The slope of the third side,","'99.94162750"
"'210","'LINE","'the hypotenuse of the triangle, is 4[02]/At, the average rate of O₂ formation during","'92.13539886"
"'210","'LINE","'that period. The steeper the slope of the hypotenuse, the faster the rate. For example,","'99.97679138"
"'210","'LINE","'compare the hypotenuse of the triangle defined by [NO₂] and At during the time","'93.56151581"
"'210","'LINE","'period 300 - 400 S and 600 -700 S.","'93.41513824"
"'210","'LINE","'200","'99.89257813"
"'210","'LINE","'UNIT 4","'99.39413452"
"'211","'LINE","'The Rate of a Reaction","'98.86846924"
"'211","'LINE","'0.03","'99.97070313"
"'211","'LINE","'NO₂","'56.77853775"
"'211","'LINE","'The slope of the hypotenuse of each","'99.97326660"
"'211","'LINE","'triangle gives the average rate of","'99.53360748"
"'211","'LINE","'[NO₂] = 0.0022 M","'93.37477112"
"'211","'LINE","'change of the product or reactant","'99.76462555"
"'211","'LINE","'concentration during the indicated","'99.94020844"
"'211","'LINE","'A/=100s","'30.25549889"
"'211","'LINE","'time interval","'99.92028046"
"'211","'LINE","'0.02","'99.99023438"
"'211","'LINE","'Concentration (M)","'98.74153137"
"'211","'LINE","'A [NO₂] = 0.0022 M","'85.33165741"
"'211","'LINE","'A 100","'90.48439026"
"'211","'LINE","'0.01","'99.99023438"
"'211","'LINE","'[N,O,] -0.0019 M","'91.23258972"
"'211","'LINE","'A 100","'89.29971313"
"'211","'LINE","'O₂","'58.47038651"
"'211","'LINE","'A [O₂] = 0.0009 M","'83.90766144"
"'211","'LINE","'N2O5","'37.74573517"
"'211","'LINE","'A 100","'89.76771545"
"'211","'LINE","'0.00","'99.95037079"
"'211","'LINE","'0","'99.44276428"
"'211","'LINE","'100","'100.00000000"
"'211","'LINE","'200","'100.00000000"
"'211","'LINE","'300","'100.00000000"
"'211","'LINE","'400","'99.96014404"
"'211","'LINE","'500","'100.00000000"
"'211","'LINE","'600","'99.96014404"
"'211","'LINE","'700","'99.99023438"
"'211","'LINE","'800","'100.00000000"
"'211","'LINE","'Time (s)","'99.65132141"
"'211","'LINE","'Figure 4.2: Concentration as a function of time when gaseous N2O₅","'95.04344177"
"'211","'LINE","'decomposes to gaseous NO2 and O2 at 55 °C","'88.29240417"
"'211","'LINE","'It is important to realize that, given the initial concentrations in Table 4.1 the","'99.97024536"
"'211","'LINE","'concentrations of NO₂(g) and O₂(g) can be calculated from the concentration of","'97.32028198"
"'211","'LINE","'N₂O₅(g) at any time. The following example illustrates such a calculation.","'98.28315735"
"'211","'LINE","'UNIT 4","'99.77499390"
"'211","'LINE","'201","'99.89178467"
"'212","'LINE","'CHEMISTRY GRADE 11","'99.76535797"
"'212","'LINE","'Example 4.2","'99.78475952"
"'212","'LINE","'Using the data in Table 4.1, if [N₂O₅] = 1.20 X 10⁻² mol L⁻¹ at 300 s,","'93.06653595"
"'212","'LINE","'calculate [NO₂] and [O₂] at t = 300 S.","'87.88668823"
"'212","'LINE","'Solution:","'99.85192108"
"'212","'LINE","'The chemical equation is: N₂O₅( (g)","'93.42079163"
"'212","'LINE","'2NO₂ (g) + ½ O2 (g). The number of","'88.42960358"
"'212","'LINE","'moles per liter of N₂O₅ (g) that have reacted in 300 S is the difference between","'97.54852295"
"'212","'LINE","'the initial concentration and the concentration at 300 S [N₂O₅]. From Table","'97.74608612"
"'212","'LINE","'4.1. [N₂O₅]₀ = 2.00 X 10⁻² mol L⁻¹.","'92.43595123"
"'212","'LINE","'Molarity of N₂O₅(g) reacted = [N₂O₅]₀ - [N₂O₅]","'90.24398804"
"'212","'LINE","'= 2.00 X 10⁻² mol L⁻¹ - 1.20 X 10⁻² mol L⁻¹","'93.47145844"
"'212","'LINE","'= 0.8 X 10⁻² mol L⁻¹.","'95.15399170"
"'212","'LINE","'According to the chemical equation, 2 moles of NO2 (g) are provided for","'97.07380676"
"'212","'LINE","'every mole of N₂O₅ (g) that reacts. So, per liter, we have:","'97.79391479"
"'212","'LINE","'Molarity of NO₂ (g) produced = 0.8 X 10⁻² mol L⁻¹","'92.95780945"
"'212","'LINE","'=1.6 X 10⁻²mol L⁻¹","'84.65426636"
"'212","'LINE","'Similarly, for O2 (g) we have:","'93.76856995"
"'212","'LINE","'1","'91.17028046"
"'212","'LINE","'mol","'89.27654266"
"'212","'LINE","'L⁻¹","'80.92514038"
"'212","'LINE","'NO₂","'55.72544861"
"'212","'LINE","'Molarity of O2 (g) produced = 0.8 X 10⁻² mol L⁻¹N₂O₅","'89.47633362"
"'212","'LINE","'1","'88.71014404"
"'212","'LINE","'mol","'89.49626923"
"'212","'LINE","'L⁻¹","'79.38426971"
"'212","'LINE","'N₂O₅","'68.36834717"
"'212","'LINE","'= 0.4 X 10⁻² mol L⁻¹","'95.06862640"
"'212","'LINE","'Often, chemists want to know the rate of a reaction at a specific time t rather than","'99.88699341"
"'212","'LINE","'the rate averaged over a time interval At. For example, what is the rate of formation","'96.90995026"
"'212","'LINE","'of NO₂ at time t = 350 s? Such instantaneous rate is calculated from the slope of a","'97.50257874"
"'212","'LINE","'tangent drawn at any points on the graph of concentrations versus time (Figure 4.2).","'99.83957672"
"'212","'LINE","'The slope of tangent taken at the initial point of the graph is assumed to be equal to its","'99.99121857"
"'212","'LINE","'initial rate. In the initial rate the change in concentration of a reactant or product as a","'99.93907166"
"'212","'LINE","'function of time is measured within minutes (or seconds) the reaction starts.","'99.93721771"
"'212","'LINE","'202","'99.85351563"
"'212","'LINE","'UNIT 4","'99.28671265"
"'213","'LINE","'The Rate of a Reaction","'98.82063293"
"'213","'LINE","'Example 4.3","'99.80468750"
"'213","'LINE","'Consider the gas-phase reaction that occurs when we mix 1.000 moles of","'99.97877502"
"'213","'LINE","'hydrogen and 2.000 moles of iodine chloride at 230 °C in a closed 1.000-liter","'98.59132385"
"'213","'LINE","'container.","'99.95037079"
"'213","'LINE","'H₂(g)","'75.28678894"
"'213","'LINE","'+","'98.89568329"
"'213","'LINE","'2ICl(g)","'80.93411255"
"'213","'LINE","'I₂(g)","'84.33414459"
"'213","'LINE","'+","'99.13982391"
"'213","'LINE","'2HCl(g)","'96.34645844"
"'213","'LINE","'From the experimental data given in the table below, determine the","'99.99459839"
"'213","'LINE","'instantaneous rate of reaction at time, t = 2 S.","'97.94921875"
"'213","'LINE","'Time (s)","'98.73116302"
"'213","'LINE","'0","'57.51833344"
"'213","'LINE","'1","'99.73632813"
"'213","'LINE","'2","'99.58007813"
"'213","'LINE","'3","'99.27515411"
"'213","'LINE","'4","'99.81365967"
"'213","'LINE","'5","'99.87304688"
"'213","'LINE","'6","'99.65501404"
"'213","'LINE","'7","'99.85271454"
"'213","'LINE","'8","'99.79492188"
"'213","'LINE","'[ICI] (mol L-¹)","'81.33104706"
"'213","'LINE","'2.000","'99.97070313"
"'213","'LINE","'1.348","'99.91210938"
"'213","'LINE","'1.052","'99.84375000"
"'213","'LINE","'0.872","'99.99023438"
"'213","'LINE","'0.748","'99.97070313"
"'213","'LINE","'0.656","'99.99023438"
"'213","'LINE","'0.586","'99.99023438"
"'213","'LINE","'0.530","'99.97070313"
"'213","'LINE","'0.484","'99.97070313"
"'213","'LINE","'[H2] (mol L-¹)","'82.22869110"
"'213","'LINE","'1.000","'99.83159637"
"'213","'LINE","'0.674","'99.99023438"
"'213","'LINE","'0.526","'99.97070313"
"'213","'LINE","'0.436","'99.99023438"
"'213","'LINE","'0.374","'100.00000000"
"'213","'LINE","'0.328","'99.97070313"
"'213","'LINE","'0.293","'99.99023438"
"'213","'LINE","'0.265","'99.99023438"
"'213","'LINE","'0.242","'99.97070313"
"'213","'LINE","'Solution: First, plot H2 concentration versus time for the reaction of 1.000MH₂","'95.44976807"
"'213","'LINE","'with 2.000MICI. Then, draw a tangent line to the curve. The instantaneous rate of","'98.19765472"
"'213","'LINE","'reaction at any time, t, equals the negative of the slope of the tangent to this curve","'99.87616730"
"'213","'LINE","'at time t. Figure 4.3 shows how to find the instantaneous rate at t=2 = seconds.","'99.49092865"
"'213","'LINE","'- Slope = initial rate","'95.98899841"
"'213","'LINE","'1.000 M","'97.10738373"
"'213","'LINE","'- slope = -Д[H2] = rate at (t = 2.0 s) = (0.300 - 0.600) M = 0.107 M*s-1","'86.50137329"
"'213","'LINE","'[H2]","'91.39987183"
"'213","'LINE","'At","'43.34960938"
"'213","'LINE","'(3.95 - 1.15) S","'94.03395081"
"'213","'LINE","'0.600 M","'98.16047668"
"'213","'LINE","'[H2]","'71.76319122"
"'213","'LINE","'0.300 M","'98.39036560"
"'213","'LINE","'AI","'29.37041473"
"'213","'LINE","'0","'99.80388641"
"'213","'LINE","'0","'99.79332733"
"'213","'LINE","'2","'99.81365967"
"'213","'LINE","'4","'99.73394012"
"'213","'LINE","'6","'99.91131592"
"'213","'LINE","'8","'99.93164063"
"'213","'LINE","'10","'99.97070313"
"'213","'LINE","'12","'99.97070313"
"'213","'LINE","'14","'99.95037079"
"'213","'LINE","'1.15","'99.84375000"
"'213","'LINE","'3.95","'100.00000000"
"'213","'LINE","'Time (s)","'99.26558685"
"'213","'LINE","'Figure 4.3: A plot of the hydrogen concentration versus time,","'98.54583740"
"'213","'LINE","'using data of the above table","'99.99837494"
"'213","'LINE","'UNIT 4","'99.75546265"
"'213","'LINE","'203","'99.97070313"
"'214","'LINE","'CHEMISTRY GRADE 11","'99.85677338"
"'214","'LINE","'Exercise 4.2","'99.91210938"
"'214","'LINE","'1. Using the initial concentrations and the fact that","'99.95941162"
"'214","'LINE","'[O₂] = 0.64 X 10⁻² mol. L⁻¹ at t = 600 S in Table 4.1,","'94.19541931"
"'214","'LINE","'calculate [N₂O₅] and [NO₂] at t = 600 S.","'91.55982208"
"'214","'LINE","'2. Consider the reaction:","'99.96542358"
"'214","'LINE","'2C2H₄ (g) C₄H₈ (g)","'86.14646149"
"'214","'LINE","'From the experimental data given in the table below, plot a graph for","'99.95969391"
"'214","'LINE","'the consumption of ethylene, C₂H₄, versus time.","'95.19240570"
"'214","'LINE","'a. Calculate the rate of reaction between the time intervals 10 S to 30 S.","'98.47497559"
"'214","'LINE","'b. Calculate the rate of reaction at 45 S.","'99.37654877"
"'214","'LINE","'Time (s)","'99.14859772"
"'214","'LINE","'0","'57.99924088"
"'214","'LINE","'10","'99.96093750"
"'214","'LINE","'20","'99.97070313"
"'214","'LINE","'40","'99.99023438"
"'214","'LINE","'60","'99.89098358"
"'214","'LINE","'100","'99.99023438"
"'214","'LINE","'0.884","'99.93164063"
"'214","'LINE","'0.621","'99.97070313"
"'214","'LINE","'0.479","'99.97070313"
"'214","'LINE","'0.328","'99.95117188"
"'214","'LINE","'0.250","'99.97070313"
"'214","'LINE","'0.169","'99.84375000"
"'214","'LINE","'[C2H₄] (mol L-¹)","'74.55224609"
"'214","'LINE","'Experiment 4.1","'99.91699219"
"'214","'LINE","'Measuring the Rate Reaction","'99.98291016"
"'214","'LINE","'Objective: To measure the rate of reaction between marble chips (CaCO₃) and","'98.28128052"
"'214","'LINE","'dilute HCl acid.","'90.71674347"
"'214","'LINE","'Apparatus: Direct reading balance, 100 mL conical flask, stopwatch, cotton","'99.96127319"
"'214","'LINE","'wool.","'100.00000000"
"'214","'LINE","'Chemicals: 2M dilute HCl acid, and marble chips/CaCO₃.","'92.51596832"
"'214","'LINE","'Procedure:","'99.92107391"
"'214","'LINE","'1. Set up the apparatus as shown in Figure 4.4, but without the marble","'99.94821167"
"'214","'LINE","'chips at first.","'99.97694397"
"'214","'LINE","'2. Add 20 g of pure marble chips, in a clean 100 mL conical flask.","'99.89410400"
"'214","'LINE","'3. Add 40 mL of 2M dilute HCl acid to the conical flask.","'97.56228638"
"'214","'LINE","'4. Plug the cotton wool in position immediately.","'99.96551514"
"'214","'LINE","'5. Read the mass of the flask and its contents and start the stopwatch.","'99.97245789"
"'214","'LINE","'6. Record the mass at one minute intervals for 10 minutes.","'99.95858002"
"'214","'LINE","'204","'99.95117188"
"'214","'LINE","'UNIT 4","'99.47753906"
"'215","'LINE","'The Rate of a Reaction","'98.78678894"
"'215","'LINE","'Cotton plug","'99.97558594"
"'215","'LINE","'Conical flask","'99.99511719"
"'215","'LINE","'40mL of 2M dilute","'99.90847015"
"'215","'LINE","'hydrochloric acid","'99.97030640"
"'215","'LINE","'Gas bubbles","'99.93083954"
"'215","'LINE","'20g marble chips","'99.96392822"
"'215","'LINE","'Digital balance","'99.98535156"
"'215","'LINE","'Figure 4.4: The laboratory set up for the measurement of rate of reaction","'99.93151855"
"'215","'LINE","'Observations and analysis:","'99.95688629"
"'215","'LINE","'1. Use the following table to record your observations.","'99.93735504"
"'215","'LINE","'Time (min)","'99.91171265"
"'215","'LINE","'0","'86.52184296"
"'215","'LINE","'1","'98.71013641"
"'215","'LINE","'2","'99.59960938"
"'215","'LINE","'3","'99.63628387"
"'215","'LINE","'4","'99.59881592"
"'215","'LINE","'5","'99.63787079"
"'215","'LINE","'6","'99.71520233"
"'215","'LINE","'7","'99.48162079"
"'215","'LINE","'8","'99.65820313"
"'215","'LINE","'9","'99.64843750"
"'215","'LINE","'10","'99.84375000"
"'215","'LINE","'Mass (g)","'99.86696625"
"'215","'LINE","'Decrease in mass (g)","'99.89402008"
"'215","'LINE","'Plot a graph with time (minutes) on the horizontal axis and rate on the vertical","'99.94668579"
"'215","'LINE","'axis. Draw a smooth curve through as many points as possible.","'99.92167664"
"'215","'LINE","'Note that in this experiment change in mass is proportional to change in","'99.99167633"
"'215","'LINE","'concentration.","'99.56153870"
"'215","'LINE","'2. What happens to the mass during the reaction? Explain this with the help of","'99.99153900"
"'215","'LINE","'a balanced equation.","'99.91104889"
"'215","'LINE","'3. What information can be obtained from the slope of this graph at any point?","'99.98491669"
"'215","'LINE","'4. Why is the graph","'99.98242188"
"'215","'LINE","'a. steep at the start of the reaction?","'99.97161865"
"'215","'LINE","'b. less steep in the middle of the reaction?","'99.98246765"
"'215","'LINE","'c. horizontal at the end of the reaction?","'98.83328247"
"'215","'LINE","'UNIT 4","'99.77499390"
"'215","'LINE","'205","'99.97070313"
"'216","'LINE","'CHEMISTRY GRADE 11","'99.86301422"
"'216","'LINE","'5. Calculate:","'99.90114594"
"'216","'LINE","'a. The average rate of the reaction. b. The rate of reaction at 2 minutes.","'99.95199585"
"'216","'LINE","'6. Describe how the rate of reaction changes with time.","'99.99113464"
"'216","'LINE","'7. Can we measure the rate of this reaction by measuring the amount /volume","'99.78888702"
"'216","'LINE","'of CO2 evolved?","'92.43164063"
"'216","'LINE","'8. Draw a graph of the expected result by plotting volume of CO2 evolved vs","'96.89174652"
"'216","'LINE","'time.","'100.00000000"
"'216","'LINE","'Conditions needed for a chemical reaction","'97.74965668"
"'216","'LINE","'Activity 4.2","'99.80957031"
"'216","'LINE","'Form a group of three and discuss each of the following questions, then","'99.89368439"
"'216","'LINE","'present your responses to the whole class.","'99.99860382"
"'216","'LINE","'1. Ethanol can easily burn in air due to the following reaction:","'99.97551727"
"'216","'LINE","'CH₃CH₂OH + O2","'71.26720428"
"'216","'LINE","'CO2 + H2O","'80.21358490"
"'216","'LINE","'In actual practice, you are required to use a lighter (igniter) to start the","'99.80894470"
"'216","'LINE","'reaction. Why?","'99.97518921"
"'216","'LINE","'2. Consider the following reaction NO₂C1","'89.55779266"
"'216","'LINE","'+","'98.56206512"
"'216","'LINE","'Cl","'83.90146637"
"'216","'LINE","'NO₂ + Cl","'81.94787598"
"'216","'LINE","'CT","'90.66585541"
"'216","'LINE","'o","'41.61072922"
"'216","'LINE","'N","'92.12910461"
"'216","'LINE","'0","'77.33019257"
"'216","'LINE","'-","'76.46793365"
"'216","'LINE","'CI","'46.64202118"
"'216","'LINE","'Z","'78.36037445"
"'216","'LINE","'C1","'44.29388809"
"'216","'LINE","'+","'98.78826904"
"'216","'LINE","'CI","'60.18415070"
"'216","'LINE","'O","'66.67998505"
"'216","'LINE","'O","'57.66581726"
"'216","'LINE","'A","'95.82450104"
"'216","'LINE","'R","'81.72293091"
"'216","'LINE","'Which of the above collisions might be successful to form the product?","'99.99755859"
"'216","'LINE","'Chemical reactions are usually explained by the collision theory. The assumption of","'99.98922729"
"'216","'LINE","'the collision theory is that chemical reactions take place due to collisions between","'99.99161530"
"'216","'LINE","'molecules.","'99.72098541"
"'216","'LINE","'Collisions between reactants","'99.58671570"
"'216","'LINE","'The collision theory of rate of reaction is that, in order for a reaction to occur between","'99.95339203"
"'216","'LINE","'reacting species (atoms, ions or molecules), they must first collide (come in contact).","'99.93284607"
"'216","'LINE","'The rate of reaction is directly proportional to the number of collisions per second (the","'99.97889709"
"'216","'LINE","'frequency of collision).","'99.96014404"
"'216","'LINE","'206","'99.97070313"
"'216","'LINE","'UNIT 4","'99.61386108"
"'217","'LINE","'The Rate of a Reaction","'98.83103180"
"'217","'LINE","'number of collisions","'99.97369385"
"'217","'LINE","'Rate α","'97.37683868"
"'217","'LINE","'second","'99.99023438"
"'217","'LINE","'1.","'98.47576904"
"'217","'LINE","'Proper Orientation","'99.37968445"
"'217","'LINE","'According to collision theory, the more collisions there are the faster the rate of reaction","'99.97900391"
"'217","'LINE","'would be. However, not all collisions between reacting species result in a reaction.","'99.96194458"
"'217","'LINE","'This is because collisions between reactants can be either effective or ineffective.","'99.95789337"
"'217","'LINE","'Effective collisions are collisions that result in a reaction to form the desired products.","'99.93212128"
"'217","'LINE","'Ineffective collisions are collisions that do not result in a reaction to form the desired","'99.93318176"
"'217","'LINE","'products. Thus, the collision between molecules should have the proper orientation","'99.98550415"
"'217","'LINE","'(Figure 4.5).","'98.72489166"
"'217","'LINE","'+","'92.04101563"
"'217","'LINE","'+","'89.42871094"
"'217","'LINE","'+","'93.43750000"
"'217","'LINE","'+","'94.03240967"
"'217","'LINE","'NO","'99.91131592"
"'217","'LINE","'O₃","'62.29611588"
"'217","'LINE","'Ineffective collision","'99.92067719"
"'217","'LINE","'NO","'99.95117188"
"'217","'LINE","'O3","'68.60650635"
"'217","'LINE","'+","'94.95117188"
"'217","'LINE","'+","'96.64958954"
"'217","'LINE","'NO","'99.96093750"
"'217","'LINE","'O₃","'58.23003006"
"'217","'LINE","'Effective collision","'99.97070313"
"'217","'LINE","'NO2","'61.80863190"
"'217","'LINE","'O2","'56.62208939"
"'217","'LINE","'Figure 4.5: The effect of molecular orientation on the reaction of NO and O3","'96.01084137"
"'217","'LINE","'2. Activation energy","'99.74695587"
"'217","'LINE","'If the collisions between the reactant molecules do not have sufficient energy, then","'99.98166656"
"'217","'LINE","'no reaction will occur. Therefore, for the reaction to take place collision must always","'99.96815491"
"'217","'LINE","'occur with sufficient energy to break the bonds in the reactants and form new bonds","'99.99023438"
"'217","'LINE","'in the product. Thus, minimum amount of energy needed for the reaction is known","'99.97298431"
"'217","'LINE","'as activation energy, Eₐ.","'85.69549561"
"'217","'LINE","'According to the kinetic molecular theory, the average kinetic energy of the particles","'99.97934723"
"'217","'LINE","'of a substance is directly proportional to the absolute temperature. As the temperature","'99.91451263"
"'217","'LINE","'of the reacting species is raised, the average kinetic energy of the reacting particles","'99.98082733"
"'217","'LINE","'increases considerably. This causes the particles of the reactants to collide more","'99.97355652"
"'217","'LINE","'frequently and with greater energy. This results in increase in reaction rate.","'99.98515320"
"'217","'LINE","'UNIT 4","'99.56991577"
"'217","'LINE","'207","'99.88281250"
"'218","'LINE","'CHEMISTRY GRADE 11","'99.81418610"
"'218","'LINE","'4.3","'99.50195313"
"'218","'LINE","'Factors Affecting the Rate of a Chemical Reaction","'99.20686340"
"'218","'LINE","'At the end of this section, you will be able to:","'99.94903564"
"'218","'LINE","'list factors that affect the rate of a chemical reaction","'99.84381104"
"'218","'LINE","'describe the effects of changes in temperature, concentration or pressure","'99.97428894"
"'218","'LINE","'and surface area on the rates of a chemical reaction","'99.88977051"
"'218","'LINE","'explain the effect of catalysts on the rates of chemical reaction","'99.97382355"
"'218","'LINE","'do an experiment on how the factors affect the rate of chemical reaction.","'99.97333527"
"'218","'LINE","'Activity 4.3","'99.77499390"
"'218","'LINE","'Discuss each of the following questions in groups, and present your","'99.99644470"
"'218","'LINE","'responses to the whole class.","'99.99023438"
"'218","'LINE","'1. How is the burning of charcoal affected by","'99.97170258"
"'218","'LINE","'a. increasing the amount of air used","'99.86273956"
"'218","'LINE","'b. adding more charcoal","'99.98046875"
"'218","'LINE","'2. How can you increase the rate of combustion of a given block of wood?","'99.95905304"
"'218","'LINE","'3. Why do sugar crystals dissolve more easily in hot water than in cold water?","'99.98503113"
"'218","'LINE","'4. Why does powdered sugar dissolved easily as compared to equivalent","'99.98490906"
"'218","'LINE","'amounts of sugar crystals?","'99.99023438"
"'218","'LINE","'The rates at which reactants are consumed and products are formed during chemical","'99.99173737"
"'218","'LINE","'reactions vary greatly. Even a chemical reaction involving the same reactants may","'99.93721771"
"'218","'LINE","'have different rates under different conditions. Change in temperature, concentration,","'99.90140533"
"'218","'LINE","'nature of reactant, surface area and presence of a catalyst, result in changes in rate of","'99.96471405"
"'218","'LINE","'reaction.","'99.92028046"
"'218","'LINE","'i.","'93.47835541"
"'218","'LINE","'Nature of the reactants","'99.98291016"
"'218","'LINE","'Activity 4.4","'99.68750000"
"'218","'LINE","'Compare how fast the following substances burn and present your","'99.99902344"
"'218","'LINE","'responses to the whole class.","'99.99414063"
"'218","'LINE","'a. paper","'99.22920990"
"'218","'LINE","'b. wood charcoal","'99.97396088"
"'218","'LINE","'c. alcohol","'87.99117279"
"'218","'LINE","'d. copper wire","'99.94791412"
"'218","'LINE","'Consider Experiment 4.2 to study the effect of the nature of reactants on rate of","'99.98096466"
"'218","'LINE","'reaction.","'99.96014404"
"'218","'LINE","'208","'99.96093750"
"'218","'LINE","'UNIT 4","'99.57479858"
"'219","'LINE","'Factors Affecting the Rate of a Chemical Reaction","'99.21824646"
"'219","'LINE","'Experiment 4.2","'99.94628906"
"'219","'LINE","'The Effect of Nature of Reactants on Rate of Reaction","'99.98917389"
"'219","'LINE","'Objective: To study the effect of the nature of reactant for the reaction of copper","'99.98210144"
"'219","'LINE","'and magnesium metals with hydrochloric acid.","'99.97180176"
"'219","'LINE","'Apparatus: Balance, test tubes, test tube stand.","'99.98152161"
"'219","'LINE","'Chemicals: Copper (Cu), magnesium (Mg), 2M hydrochloric acid (HCI).","'97.54920959"
"'219","'LINE","'Procedure:","'99.95037079"
"'219","'LINE","'1. Measure equal masses of copper and magnesium metals using a balance.","'99.94250488"
"'219","'LINE","'2. Record the weighed mass of these metals and add each to separate test","'99.99442291"
"'219","'LINE","'tubes.","'100.00000000"
"'219","'LINE","'3. Assemble the test tubes as shown in Figure 4.6.","'99.95093536"
"'219","'LINE","'4. Add equal volume of 5 mL of 1M HCl to both the test tubes.","'98.12696838"
"'219","'LINE","'Wear your safety goggles and gloves.","'99.99009705"
"'219","'LINE","'5. Observe relative rates of reaction in both test tubes and record your","'99.98786163"
"'219","'LINE","'observations.","'99.80069733"
"'219","'LINE","'Test tube containing","'99.99349213"
"'219","'LINE","'Mg and HCI","'89.10581207"
"'219","'LINE","'Gas","'99.95037079"
"'219","'LINE","'delivery","'100.00000000"
"'219","'LINE","'tube","'99.99023438"
"'219","'LINE","'Graduated","'100.00000000"
"'219","'LINE","'cylinder","'99.99023438"
"'219","'LINE","'filled with tap","'99.98697662"
"'219","'LINE","'water and","'99.96093750"
"'219","'LINE","'turned upside","'99.98007202"
"'219","'LINE","'down","'100.00000000"
"'219","'LINE","'Beaker","'100.00000000"
"'219","'LINE","'containing","'100.00000000"
"'219","'LINE","'water","'99.99023438"
"'219","'LINE","'Figure 4.6: The reaction of magnesium with HCl acid Observations","'99.00520325"
"'219","'LINE","'and analysis","'99.97030640"
"'219","'LINE","'1. Which of these two metals, copper or magnesium, reacts faster? Why?","'99.94813538"
"'219","'LINE","'UNIT 4","'99.70663452"
"'219","'LINE","'209","'99.97070313"
"'220","'LINE","'CHEMISTRY GRADE 11","'99.73931885"
"'220","'LINE","'2. Write the balanced chemical equation for the reaction of","'99.98909760"
"'220","'LINE","'a. copper with HCl acid b. magnesium with HCl acid","'92.64707947"
"'220","'LINE","'3. What do you learn from this experiment?","'99.97904968"
"'220","'LINE","'4. Perform a similar activity using different metals such as aluminum, and","'99.90752411"
"'220","'LINE","'zinc. In which case do you expect the reaction to be faster and why?","'99.98668671"
"'220","'LINE","'The rate of a reaction depends on the chemical nature of the substances in the reaction.","'99.94554138"
"'220","'LINE","'The combination of two oppositely charged ions usually occurs very rapidly. For","'99.98433685"
"'220","'LINE","'example, the reaction of an acid with a base is:","'99.92482758"
"'220","'LINE","'H3O+ + OH⁻","'66.70473480"
"'220","'LINE","'2H2O","'68.80819702"
"'220","'LINE","'The acid-base reaction of HCl and NaOH is much faster than the decomposition of","'98.16370392"
"'220","'LINE","'hydrogen peroxide, which involves the reorganization of molecules.","'99.91783905"
"'220","'LINE","'2H₂O₂","'58.92597961"
"'220","'LINE","'2H₂O+O₂","'39.36961746"
"'220","'LINE","'Even similar reactions may have different rates under the same conditions. For","'99.98013306"
"'220","'LINE","'example, if small pieces of the metal iron and sodium are left in air, the sodium reacts","'99.97679138"
"'220","'LINE","'completely overnight, whereas the iron is barely affected. The active metals sodium","'99.98677826"
"'220","'LINE","'and calcium both react with water to form hydrogen gas and the corresponding metal","'99.99017334"
"'220","'LINE","'hydroxide. Yet calcium reacts at a moderate rate, whereas sodium reacts so rapidly","'99.71903229"
"'220","'LINE","'that the reaction is almost explosive.","'99.95864868"
"'220","'LINE","'Can you write the balanced equation for the reaction of sodium and calcium with water?","'99.94173431"
"'220","'LINE","'ii. Surface Area of Reactants","'98.37356567"
"'220","'LINE","'Activity 4.5","'99.51171875"
"'220","'LINE","'Form a group of three or four and answer the following questions, then","'99.84742737"
"'220","'LINE","'present your responses to the whole class.","'99.99163055"
"'220","'LINE","'1. Why does a wood fire burn faster if the logs are chopped into smaller","'99.91213989"
"'220","'LINE","'pieces?","'99.97070313"
"'220","'LINE","'2. Which form of zinc metal is easier to dissolve in dilute HCl, large pieces","'97.56816864"
"'220","'LINE","'of Zn or powdered Zn? Why? Consider the Experiment 4.3 to study the","'99.87994385"
"'220","'LINE","'effect of surface area on rate of reaction.","'99.98525238"
"'220","'LINE","'210","'99.84375000"
"'220","'LINE","'UNIT 4","'99.49179077"
"'221","'LINE","'Factors Affecting the Rate of a Chemical Reaction","'99.52502441"
"'221","'LINE","'Experiment 4.3","'99.83886719"
"'221","'LINE","'Effect of surface Area on Reaction Rate","'99.97489166"
"'221","'LINE","'Objective: To study the effect of surface area of reactants on the rate of reaction","'99.97971344"
"'221","'LINE","'using cube chalk and powdered chalk with dilute hydrochloric acid.","'99.96925354"
"'221","'LINE","'Apparatus: Direct reading balance, 100 mL conical flask, stopwatch, cotton","'99.97721863"
"'221","'LINE","'wool.","'100.00000000"
"'221","'LINE","'Chemicals: Cube chalk, powered chalk and 2M dilute HCl solution","'96.95300293"
"'221","'LINE","'Procedure: Repeat Experiment 4.1 but use 20 g of small cubical chalk and then","'99.86869049"
"'221","'LINE","'powdered chalk in place of marble chips.","'99.98303223"
"'221","'LINE","'Observations: In which case is the gas produced faster?","'99.98472595"
"'221","'LINE","'Observations and analysis:","'99.96392822"
"'221","'LINE","'1. Compare the rate curve, average rate and reaction rate at 2 minutes with that","'99.95497131"
"'221","'LINE","'of Experiment 4.1. Explain your observations.","'99.87862396"
"'221","'LINE","'2. Sketch a graph for the consumption of each size of chalk (cube chalk and","'99.95449066"
"'221","'LINE","'powdered chalk) against time on the same graph sheet.","'99.96292877"
"'221","'LINE","'3. Write a conclusion to the experiment.","'99.79580688"
"'221","'LINE","'Reactions can be classified as homogeneous (same phase) and heterogeneous (different","'99.90065765"
"'221","'LINE","'phases). For example, the combustion of graphite is a heterogeneous reaction because","'99.86922455"
"'221","'LINE","'it involves a solid with gas. In this case, the reaction occurs only at the interface","'99.93257141"
"'221","'LINE","'(boundary) between two phases. A homogeneous reaction occurs only in one phase.","'99.51856232"
"'221","'LINE","'For example:","'99.94100952"
"'221","'LINE","'NO (g)","'98.11483765"
"'221","'LINE","'¹/₂N₂(g) + ¹/₂O₂(g)","'60.13778305"
"'221","'LINE","'Except for substances in the gaseous state or in solution, reactions occur at the","'99.95118713"
"'221","'LINE","'boundary, or interface, between two phases. Hence, the rate of reaction between","'99.96610260"
"'221","'LINE","'two phases depends to a great extent on the surface area of contact between them.","'99.94597626"
"'221","'LINE","'Finely divided solids, react more rapidly than the same amount of the substance","'99.98403931"
"'221","'LINE","'in a large body because of the greater surface area available.","'99.90074921"
"'221","'LINE","'UNIT 4","'99.47714233"
"'221","'LINE","'211","'99.61674500"
"'222","'LINE","'CHEMISTRY GRADE 11","'99.77512360"
"'222","'LINE","'iii. Concentration of Reactants","'97.62924194"
"'222","'LINE","'Activity 4.6","'99.54589844"
"'222","'LINE","'Answer the following questions in groups and present your responses to the","'99.99430084"
"'222","'LINE","'whole class.","'100.00000000"
"'222","'LINE","'1. Why does wood burn more rapidly in pure oxygen than in air?","'99.96977234"
"'222","'LINE","'2. Why does limestone (CaCO₃) deteriorate more rapidly in highly","'98.16563416"
"'222","'LINE","'polluted air than in less polluted air?","'99.98744202"
"'222","'LINE","'Consider Experiment 4.4 to study the effect of concentration of acid on the rate of","'99.95145416"
"'222","'LINE","'reaction between CaCO₃ and hydrochloric acid.","'95.50585175"
"'222","'LINE","'Experiment 4.4","'99.91210938"
"'222","'LINE","'Effect of Concentration on Reaction Rate","'99.97870636"
"'222","'LINE","'Objective: To study the effect of concentrations of hydrochloric acid on rate of","'99.95719910"
"'222","'LINE","'reaction with marble chips.","'99.98759460"
"'222","'LINE","'Apparatus: Direct reading balance, 100 mL conical flask, stopwatch, cotton","'99.96421051"
"'222","'LINE","'wool","'100.00000000"
"'222","'LINE","'Chemicals: 1M HCl, 2M HCl dilute solutions and marble chips (CaCO₃).","'92.05751801"
"'222","'LINE","'Procedure: Repeat Experiment 4.1 but you have to use 1M dilute HCl acid in","'97.67575073"
"'222","'LINE","'place of 2M dilute HCl acid.","'96.11583710"
"'222","'LINE","'Observations and analysis:","'99.97017670"
"'222","'LINE","'1. Compare the rate of reaction with that in Experiment 4.1. Which reaction","'99.92576599"
"'222","'LINE","'is more vigorous? Explain.","'99.91824341"
"'222","'LINE","'2. Which of the two reactions will produce more carbon dioxide? Explain","'99.98847198"
"'222","'LINE","'your answer.","'99.95565796"
"'222","'LINE","'3. What would happen to the rate curve and average rate if:","'99.98121643"
"'222","'LINE","'a. 1M HCl is replaced with 4M dilute HCl acid? Explain.","'94.15783691"
"'222","'LINE","'b. 1M HCl is replaced with 0.5M dilute HCl acid? Explain.","'94.43944550"
"'222","'LINE","'4. Sketch a graph for each of 0.5 M, 1M, 2M and 4M dilute HCl acid against","'98.07539368"
"'222","'LINE","'time on the same graph sheet.","'99.98860931"
"'222","'LINE","'212","'99.87304688"
"'222","'LINE","'UNIT 4","'99.49179077"
"'223","'LINE","'Factors Affecting the Rate of a Chemical Reaction","'99.51993561"
"'223","'LINE","'At a fixed temperature, the rate of a given reaction depends on the concentration of","'99.93409729"
"'223","'LINE","'the reactants. Reaction rates often increases when the concentration of one or more of","'99.98030090"
"'223","'LINE","'the reactants increases. This is because increasing the concentration produces more","'99.96568298"
"'223","'LINE","'contacts between the reacting particles, which results in increasing the rate of reaction.","'99.98028564"
"'223","'LINE","'In the case of reactions that involve gaseous reactants, an increase in pressure can","'99.96971893"
"'223","'LINE","'increase the concentration of the gases which may lead to an increase in the rate of","'99.98769379"
"'223","'LINE","'reaction. However, pressure change has no effect on the rate of reaction if the reactants","'99.96783447"
"'223","'LINE","'are either solids or liquids.","'99.95671844"
"'223","'LINE","'iv. Temperature of Reactants","'98.99333954"
"'223","'LINE","'Activity 4.7","'99.74121094"
"'223","'LINE","'Form a group and answer the following questions, then present your","'99.92381287"
"'223","'LINE","'responses to the whole class.","'99.99218750"
"'223","'LINE","'1. Why do we keep foods in refrigerator rather than at room temperature?","'99.97290039"
"'223","'LINE","'2. Compare the oxidation of wood or coal at ordinary and high","'99.98284912"
"'223","'LINE","'temperatures?","'99.95117188"
"'223","'LINE","'In Experiment 4.5, you will study the effect of temperature on the rate of reaction of","'99.97360992"
"'223","'LINE","'Na₂S₂O₃ with HCl.","'74.88513947"
"'223","'LINE","'Experiment 4.5","'99.89257813"
"'223","'LINE","'The Effect of Temperature on Reaction Rate","'99.96338654"
"'223","'LINE","'Objective: To study the effect of temperature on the rate of reaction between","'99.98860931"
"'223","'LINE","'sodium thiosulphate and hydrochloric acid.","'99.94240570"
"'223","'LINE","'Apparatus: 100 mL beakers, test tubes, thermometers, white paper, pencil.","'99.91579437"
"'223","'LINE","'Chemicals: 0.5M HCl acid, 0.1M Na₂S₂O₃ solution, pieces of ice.","'91.98668671"
"'223","'LINE","'Procedure:","'99.95037079"
"'223","'LINE","'1. Take 25 mL of 0.1M Na₂S₂O₃ solution in a test tube and 25 mL of 0.5M HCl","'95.52542877"
"'223","'LINE","'acid in another test tube.","'99.97249603"
"'223","'LINE","'2. Prepare three such sets and maintain them at different temperatures.","'99.96028900"
"'223","'LINE","'Set (i) at 0 °C [by keeping them in an ice bath as shown in Figure 4.7 (a)].","'99.08672333"
"'223","'LINE","'Set (ii) at room temperature.","'99.94694519"
"'223","'LINE","'Set (iii) at 40 °C (by heating the two solutions in a water bath).","'99.31837463"
"'223","'LINE","'UNIT 4","'99.55526733"
"'223","'LINE","'213","'99.89257813"
"'224","'LINE","'CHEMISTRY GRADE 11","'99.85650635"
"'224","'LINE","'3. Put a cross sign on a white cardboard and place a clean dry 100 mL beaker","'99.90466309"
"'224","'LINE","'above it.","'99.96093750"
"'224","'LINE","'4. Now, pour the contents of set (i) in the beaker and start a stopwatch","'99.93659973"
"'224","'LINE","'immediately.","'99.92028046"
"'224","'LINE","'5. Carefully stir the mixture with thermometer and record the time taken for","'99.98403931"
"'224","'LINE","'the cross to disappear [Figure 4.7 (b)].","'99.64521790"
"'224","'LINE","'6. Repeat steps 3, 4, and 5 with set 2 and set 3, respectively.","'99.92036438"
"'224","'LINE","'7. Tabulate your results as temperature in °C versus time in minutes.","'99.59467316"
"'224","'LINE","'Stopwatch","'100.00000000"
"'224","'LINE","'25 mL of","'99.68344879"
"'224","'LINE","'25 mL","'99.35058594"
"'224","'LINE","'0.1 M Na2S₂O₃","'82.20031738"
"'224","'LINE","'of 0.5M HCI","'91.04280090"
"'224","'LINE","'Thermometer","'99.97070313"
"'224","'LINE","'250 mL","'99.21794891"
"'224","'LINE","'Beaker","'99.99023438"
"'224","'LINE","'Ice","'99.92187500"
"'224","'LINE","'Mixture of HCI","'86.90376282"
"'224","'LINE","'and Na2S₂O₃","'74.16622925"
"'224","'LINE","'A","'99.27993774"
"'224","'LINE","'B","'96.14736176"
"'224","'LINE","'Figure 4.7: Laboratory set-up for the study of the effect of","'99.92520905"
"'224","'LINE","'temperature on rate of reaction","'99.96061707"
"'224","'LINE","'Observations and analysis:","'99.96366119"
"'224","'LINE","'1. What was the appearance of the mixture at the start of the reaction, and at the","'99.98099518"
"'224","'LINE","'end of the reaction? Explain the changes using the equation for the reaction.","'99.98091125"
"'224","'LINE","'2. Plot the graph of time (minutes) on the horizontal axis against rate on the","'99.96431732"
"'224","'LINE","'vertical axis.","'99.96542358"
"'224","'LINE","'3. Under which condition of temperature does the cross take:","'99.98625183"
"'224","'LINE","'a. the shortest time to disappear, and","'99.90203094"
"'224","'LINE","'b. the longest time to disappear.","'99.94047546"
"'224","'LINE","'4. Draw a conclusion about the relationship between the average reaction rate","'99.95959473"
"'224","'LINE","'and temperature.","'99.93532562"
"'224","'LINE","'214","'99.88281250"
"'224","'LINE","'UNIT 4","'99.56503296"
"'225","'LINE","'Factors Affecting the Rate of a Chemical Reaction","'99.46502686"
"'225","'LINE","'Temperature usually has a major effect on the rate of reaction. Molecules at higher","'99.95333862"
"'225","'LINE","'temperatures have more thermal energy. Generally, an increase in the temperature","'99.98114014"
"'225","'LINE","'of a reaction mixture increases the rate of chemical reactions. This is because, as the","'99.94647217"
"'225","'LINE","'temperature of the reaction mixture raises, the average kinetic energy of the reacting","'99.97090149"
"'225","'LINE","'particles increases. So, they collide more frequently and with greater energy.","'99.98557281"
"'225","'LINE","'The effect of temperature on rate of reaction can be experienced in our daily life. For","'99.98590851"
"'225","'LINE","'example, foods cook faster at higher temperature than at lower ones. We use a burner","'99.95790863"
"'225","'LINE","'or a hot plate in the laboratory to increase the speed of reactions that proceed slowly at","'99.94472504"
"'225","'LINE","'ordinary temperatures. In many cases, the rate of a reaction in a homogeneous system","'99.93486023"
"'225","'LINE","'is approximately doubled by an increase in temperature of only 10 °C.","'99.30895233"
"'225","'LINE","'V.","'77.30947113"
"'225","'LINE","'Presence of a Catalyst","'97.44055939"
"'225","'LINE","'Activity 4.8","'99.61914063"
"'225","'LINE","'Answer the following questions in groups and present your response to","'99.99112701"
"'225","'LINE","'the whole class.","'100.00000000"
"'225","'LINE","'1. How do inhibitors extend the shelf-life of a package of food?","'99.91192627"
"'225","'LINE","'2. What catalyst do you know in your body and the surroundings?","'99.99186707"
"'225","'LINE","'3. Why is yeast added to the dough in the making of bread? What","'99.98599243"
"'225","'LINE","'happens if you don't add yeast to the dough?","'99.95154572"
"'225","'LINE","'Now, you will perform Experiment 4.6 to study the effect of a catalyst on the rate of","'99.97171021"
"'225","'LINE","'decomposition of hydrogen peroxide, H2O2","'89.95141602"
"'225","'LINE","'Experiment 4.6:","'99.86776733"
"'225","'LINE","'The Effect of a Catalyst on the Rate of Reaction","'99.69078827"
"'225","'LINE","'Objective: To investigate the effect of a catalyst on rate of decomposition","'99.93058014"
"'225","'LINE","'of hydrogen peroxide.","'99.94712067"
"'225","'LINE","'Apparatus: Conical flask, gas syringe, delivery tube.","'99.96455383"
"'225","'LINE","'Chemicals: 0.5% by volume H2O2 solution, MnO₂.","'89.74865723"
"'225","'LINE","'UNIT 4","'99.62850952"
"'225","'LINE","'215","'99.92187500"
"'226","'LINE","'CHEMISTRY GRADE 11","'99.86627197"
"'226","'LINE","'Procedure:","'99.93083954"
"'226","'LINE","'1. Set-up the apparatus as shown in Figure 4.8. Set the volume of the gas","'99.93712616"
"'226","'LINE","'syringe at 0 mL. Add 25.0 mL of 0. 1M H2O2 solution, but without manganese","'94.51757050"
"'226","'LINE","'(IV) oxide, MnO₂, and start stopwatch immediately.","'96.72820282"
"'226","'LINE","'2. Record the volume of gas collected in gas syringe at minute intervals until","'99.98094177"
"'226","'LINE","'each reaction is almost complete.","'99.98210144"
"'226","'LINE","'3. Repeat steps 1 and 2 with 1 g of MnO₂.","'98.75911713"
"'226","'LINE","'Observations and analysis:","'99.95362854"
"'226","'LINE","'1. Identify the gas and write a balanced chemical equation for the reaction.","'99.93835449"
"'226","'LINE","'2. Under which condition does gas syringe contains more of the gas at any one","'99.98952484"
"'226","'LINE","'time? Give an explanation for this observation.","'99.96884918"
"'226","'LINE","'3. Describe the appearance of MnO₂ before and after the reaction.","'99.00224304"
"'226","'LINE","'4. Plot graphs of rate on the vertical axis and time (minutes) on the horizontal","'99.96566772"
"'226","'LINE","'axis for two different sets of readings. Which set of reading were used? Why?","'99.98587799"
"'226","'LINE","'5. Write a conclusion about the reaction rate:","'99.94690704"
"'226","'LINE","'a. in the presence of a catalyst","'99.89516449"
"'226","'LINE","'b. in the absence of a catalyst","'99.87378693"
"'226","'LINE","'Gas syringe","'99.87792969"
"'226","'LINE","'25 mL of 0.1 M","'99.15529633"
"'226","'LINE","'H₂O₂ solution","'77.02606964"
"'226","'LINE","'Figure 4.8: Investigation into the effect of manganese (IV) oxide","'99.93475342"
"'226","'LINE","'on hydrogen peroxide","'99.88447571"
"'226","'LINE","'216","'99.92187500"
"'226","'LINE","'UNIT 4","'99.56503296"
"'227","'LINE","'Factors Affecting the Rate of a Chemical Reaction","'99.63677979"
"'227","'LINE","'A catalyst is a substance that changes reaction rate by providing a different reaction","'99.67513275"
"'227","'LINE","'mechanism one with a lower activation energy, Eₐ. An activation energy is the minimum","'96.54244995"
"'227","'LINE","'energy required to start a chemical reaction. Catalysts are not used up by the reactions,","'99.93263245"
"'227","'LINE","'rather they are recovered at the end of the reaction. Although a catalyst speeds up the","'99.93994904"
"'227","'LINE","'reaction, it does not alter the position of equilibrium.","'99.95037079"
"'227","'LINE","'Activation Energy","'100.00000000"
"'227","'LINE","'Reactants","'99.92028046"
"'227","'LINE","'Effect of a catalyst","'99.92859650"
"'227","'LINE","'Products","'99.96014404"
"'227","'LINE","'Figure 4.9: A catalyst provides an alternate pathway with a lower","'98.11830139"
"'227","'LINE","'activation energy barrier for the reaction","'99.98847198"
"'227","'LINE","'Chemical catalysts can be either positive or negative. Positive catalysts increase the","'99.97525024"
"'227","'LINE","'rate of reaction by lowering the Eₐ.","'93.62822723"
"'227","'LINE","'Example 4.4","'99.75057983"
"'227","'LINE","'2SO₂ (g) + O₂(g)","'86.17944336"
"'227","'LINE","'2SO₃ (g); V₂O₅ (s) as catalyst.","'90.68964386"
"'227","'LINE","'Negative catalysts or inhibitors decrease the rate of reaction by increasing the value","'99.98241425"
"'227","'LINE","'of Eₐ.","'78.10885620"
"'227","'LINE","'Example 4.5","'99.76074219"
"'227","'LINE","'OCl⁻ (aq) + I⁻ (aq)","'77.87364960"
"'227","'LINE","'OI- (aq) + Cl⁻ (aq); OH- (aq) as inhibitor.","'92.65565491"
"'227","'LINE","'UNIT 4","'99.63867188"
"'227","'LINE","'217","'99.80468750"
"'228","'LINE","'CHEMISTRY GRADE 11","'99.86328125"
"'228","'LINE","'Example 4.4 represents heterogeneous catalysts as state of reactants and catalyst is","'99.96385956"
"'228","'LINE","'different, while Example 4.5 represents homogeneous catalyst as both reactants and","'99.97122955"
"'228","'LINE","'catalyst are in same state.","'99.97851563"
"'228","'LINE","'A substance that catalyzes one reaction may have no effect on another reaction,","'99.78254700"
"'228","'LINE","'even if that reaction is very similar. Many of the most highly specific catalysts are","'99.98622131"
"'228","'LINE","'those designed by nature. The chemical reactions in living things are controlled by","'99.99392700"
"'228","'LINE","'biochemical catalysts called enzymes.","'99.95545959"
"'228","'LINE","'UNIT SUMMARY","'99.98046875"
"'228","'LINE","'Chemical kinetics is the study of the rates and mechanisms of chemical reactions.","'99.98178101"
"'228","'LINE","'A chemical reaction occurs when atoms, molecules or ions undergo effective","'99.09076691"
"'228","'LINE","'collisions.","'99.92028046"
"'228","'LINE","'The higher the activation energy, the slower a chemical reaction and vice versa.","'99.88610840"
"'228","'LINE","'In general, reaction rates increase with temperature, because higher temperature","'99.99105072"
"'228","'LINE","'increases both the frequency of collisions and the number of molecules possessing","'99.97776031"
"'228","'LINE","'enough energy to undergo effective collision.","'99.96189880"
"'228","'LINE","'Reaction rate is expressed as the change in concentration of a reactant or product,","'99.67088318"
"'228","'LINE","'per unit time.","'99.99023438"
"'228","'LINE","'Reaction rates must be determined experimentally, often by gathering data on","'99.98380280"
"'228","'LINE","'the variation of concentration over time.","'99.97355652"
"'228","'LINE","'Reaction rates are influenced by the concentrations of reactants, temperature,","'99.97616577"
"'228","'LINE","'catalysts and the degree of contact between reactants (surface area).","'99.96061707"
"'228","'LINE","'CHECKLIST","'100.00000000"
"'228","'LINE","'KEY TERMS","'99.93164063"
"'228","'LINE","'Activation energy","'99.97558594"
"'228","'LINE","'Homogeneous catalyst","'99.99023438"
"'228","'LINE","'Average rate","'99.98535156"
"'228","'LINE","'Initial rate","'99.97070313"
"'228","'LINE","'Catalyst","'99.97070313"
"'228","'LINE","'Instantaneous rate","'99.94548798"
"'228","'LINE","'Chemical kinetics","'99.99511719"
"'228","'LINE","'Kinetics","'100.00000000"
"'228","'LINE","'Collision theory","'99.99023438"
"'228","'LINE","'Rate of reaction","'99.96366119"
"'228","'LINE","'Effective collision","'100.00000000"
"'228","'LINE","'Surface area","'99.96093750"
"'228","'LINE","'Heterogeneous catalyst","'99.98046875"
"'228","'LINE","'218","'99.84375000"
"'228","'LINE","'UNIT 4","'99.52516937"
"'229","'LINE","'Factors Affecting the Rate of a Chemical Reaction","'99.50753784"
"'229","'LINE","'REVIEW EXERCISE","'99.95077515"
"'229","'LINE","'Part I: Choose the correct answer from the given alternatives","'99.84791565"
"'229","'LINE","'1.","'99.79492188"
"'229","'LINE","'When the concentration of reactant molecules is increased, the rate of reaction","'99.97349548"
"'229","'LINE","'increases. The best explanation is: As the reactant concentration increases,","'99.95428467"
"'229","'LINE","'a. the average kinetic energy of molecules increases.","'99.92565918"
"'229","'LINE","'b. the frequency of molecular collisions increases.","'99.93328857"
"'229","'LINE","'c. the rate constant increases.","'95.62795258"
"'229","'LINE","'d. the activation energy increases.","'99.96631622"
"'229","'LINE","'2.","'99.97070313"
"'229","'LINE","'A catalyst:","'96.43375397"
"'229","'LINE","'a. actually participates in the reaction.","'99.94738770"
"'229","'LINE","'b. changes the equilibrium concentration of the products.","'99.96532440"
"'229","'LINE","'c. does not affect a reaction energy path.","'97.96775818"
"'229","'LINE","'d. always increases the activation energy for a reaction.","'99.91412354"
"'229","'LINE","'3.","'99.93164063"
"'229","'LINE","'Which items correctly complete the following statement? A catalyst can act in","'99.85932922"
"'229","'LINE","'a chemical reaction to:","'99.88649750"
"'229","'LINE","'(I) increase the equilibrium constant.","'99.86463928"
"'229","'LINE","'(II) lower the activation energy.","'99.98812103"
"'229","'LINE","'(III) provide a new path for the reaction.","'99.88712311"
"'229","'LINE","'a. only I & II","'99.58840942"
"'229","'LINE","'b. only II","'99.85623932"
"'229","'LINE","'c. only II & III","'97.92884827"
"'229","'LINE","'d. only I & III","'99.61686707"
"'229","'LINE","'4.","'99.92187500"
"'229","'LINE","'The combustion of ethane (C₂H₆) is represented by the equation:","'96.37853241"
"'229","'LINE","'2C₂H₆(g) + 70₂(g)","'78.12168121"
"'229","'LINE","'I","'43.15180588"
"'229","'LINE","'4CO₂(g) + 6H₂O(1) In this reaction:","'88.02601624"
"'229","'LINE","'a. the rate of consumption of ethane is seven times faster than the rate of","'99.97505188"
"'229","'LINE","'consumption of oxygen.","'99.97369385"
"'229","'LINE","'b. CO2 is formed twice as fast as ethane is consumed.","'97.82127380"
"'229","'LINE","'c. water is formed at a rate equal to two-thirds the rate of formation of CO2.","'96.85739899"
"'229","'LINE","'d. the rate of consumption of oxygen equals the rate of consumption of water.","'99.97402191"
"'229","'LINE","'5.","'99.92187500"
"'229","'LINE","'The speed of a chemical reaction","'99.92080688"
"'229","'LINE","'a. is constant no matter what the temperature is.","'99.94295502"
"'229","'LINE","'b. is independent of the amount of contact surface of a solid involved.","'99.92295837"
"'229","'LINE","'c. between ions in aqueous solution is extremely rapid because there are no","'99.01638794"
"'229","'LINE","'bonds that need to be broken.","'99.99349213"
"'229","'LINE","'d. varies inversely with the absolute temperature.","'99.95327759"
"'229","'LINE","'UNIT 4","'99.55038452"
"'229","'LINE","'219","'99.69726563"
"'230","'LINE","'CHEMISTRY GRADE 11","'99.75559235"
"'230","'LINE","'6.","'99.96093750"
"'230","'LINE","'A graph of volume of hydrogen released vs time for a hypothetical reaction","'96.42363739"
"'230","'LINE","'between zinc and dil. HCl is given in Figure 4.10. On the basis of this mark","'97.93205261"
"'230","'LINE","'the correct option.","'99.98345947"
"'230","'LINE","'V₃ - V₂","'50.10622787"
"'230","'LINE","'Vₛ₄","'29.47126007"
"'230","'LINE","'a. Average rate up to 40 S is","'98.92129517"
"'230","'LINE","'40","'98.11523438"
"'230","'LINE","'V₃","'70.57617188"
"'230","'LINE","'V₃ V₂","'90.36730194"
"'230","'LINE","'b. Average rate up to 40 S is","'98.93387604"
"'230","'LINE","'40 + 30","'93.58045959"
"'230","'LINE","'V²,","'43.74153137"
"'230","'LINE","'V₃","'89.61914063"
"'230","'LINE","'c. Average rate up to 40 S is","'96.95761108"
"'230","'LINE","'40","'99.02343750"
"'230","'LINE","'0 20 30 40 50","'98.21213531"
"'230","'LINE","'d. Average rate up to 40 S is V₃-V₁","'93.27389526"
"'230","'LINE","'Figure 4.10: A reaction between","'96.04169464"
"'230","'LINE","'40 20","'94.70214844"
"'230","'LINE","'zinc and dilute hydrochloric acid","'99.97265625"
"'230","'LINE","'7.","'99.95117188"
"'230","'LINE","'Consider the graph given in Figure 4.10. Which of the following options does","'99.92456818"
"'230","'LINE","'not show instantaneous rate of eaction at 40th second?","'98.15939331"
"'230","'LINE","'V₅ - V₂","'56.04771423"
"'230","'LINE","'V₄","'92.63552094"
"'230","'LINE","'V₂","'91.62308502"
"'230","'LINE","'V₃ V₂","'91.34177399"
"'230","'LINE","'a.","'99.77379608"
"'230","'LINE","'b.","'99.45312500"
"'230","'LINE","'c.","'83.96703339"
"'230","'LINE","'50 30","'92.50976563"
"'230","'LINE","'50-30","'90.14250183"
"'230","'LINE","'50 30","'94.13085938"
"'230","'LINE","'d. 40 V₃ 20 V₁","'92.57325745"
"'230","'LINE","'8.","'99.92187500"
"'230","'LINE","'Which of the following statements is correct?","'99.98046875"
"'230","'LINE","'a. The rate of a reaction decreases with passage of time as the concentration","'99.96687317"
"'230","'LINE","'of reactants decreases.","'99.87417603"
"'230","'LINE","'b. The rate of a reaction is same at any time during the reaction.","'99.95414734"
"'230","'LINE","'c. The rate of a reaction is independent of temperature change.","'99.06458282"
"'230","'LINE","'d. The rate of a reaction decreases with increase in concentration of reactant(s).","'99.75933838"
"'230","'LINE","'9.","'99.93164063"
"'230","'LINE","'Which of the following expressions is correct for the rate of reaction given","'99.98854828"
"'230","'LINE","'below? 5Br-(aq) + BrO₃⁻(aq) +","'75.44359589"
"'230","'LINE","'3Br₂(aq) + 3H₂O(1)","'72.97393036"
"'230","'LINE","'Br","'82.95738983"
"'230","'LINE","'H⁺","'67.97274017"
"'230","'LINE","'Br","'86.56628418"
"'230","'LINE","'6","'93.25195313"
"'230","'LINE","'Д","'46.32224274"
"'230","'LINE","'H⁺","'74.42392731"
"'230","'LINE","'a.","'99.43538666"
"'230","'LINE","'=","'90.04803467"
"'230","'LINE","'5","'91.88476563"
"'230","'LINE","'b.","'99.16992188"
"'230","'LINE","'At","'59.63966751"
"'230","'LINE","'At","'59.26070404"
"'230","'LINE","'At","'60.05321121"
"'230","'LINE","'5","'92.86132813"
"'230","'LINE","'At","'60.88966751"
"'230","'LINE","'Br","'59.33454132"
"'230","'LINE","'5","'92.49023438"
"'230","'LINE","'Д","'40.25061798"
"'230","'LINE","'H⁺","'71.00715637"
"'230","'LINE","'Д","'42.79934692"
"'230","'LINE","'Br","'71.11985779"
"'230","'LINE","'H⁺","'72.48773956"
"'230","'LINE","'b.","'99.79492188"
"'230","'LINE","'d.","'99.15039063"
"'230","'LINE","'II","'46.22070313"
"'230","'LINE","'6","'94.99023438"
"'230","'LINE","'At","'71.87918091"
"'230","'LINE","'6","'98.64257813"
"'230","'LINE","'At","'65.00558472"
"'230","'LINE","'At","'64.66915894"
"'230","'LINE","'At","'62.67279434"
"'230","'LINE","'10.","'99.95117188"
"'230","'LINE","'During the decomposition of H2O2 to give dioxygen, 48 g O₂ is formed per","'93.43669128"
"'230","'LINE","'minute at certain point of time. The rate of formation of water at this point is","'99.97966003"
"'230","'LINE","'a. 0.75 mol min⁻¹ b. 1.5 mol min⁻¹ c. 2.25 mol min⁻¹ d. 3.0 mol min⁻¹","'97.89904022"
"'230","'LINE","'220","'99.84375000"
"'230","'LINE","'UNIT 4","'99.27655029"
"'231","'LINE","'Factors Affecting the Rate of a Chemical Reaction","'99.27203369"
"'231","'LINE","'Part II: Give short answers to each of the following questions","'99.91390228"
"'231","'LINE","'11.","'99.95117188"
"'231","'LINE","'What variable of a chemical reaction is measured over time to obtain the reaction rate?","'99.94944000"
"'231","'LINE","'12.","'99.96093750"
"'231","'LINE","'How does an increase in pressure affect the rate of a gas phase reaction? Explain.","'99.91082001"
"'231","'LINE","'13.","'99.97070313"
"'231","'LINE","'A reaction is carried out with water as the solvent. How does the addition of","'99.24293518"
"'231","'LINE","'more water to the reaction vessel affects the rate of the reaction? Explain.","'99.97108459"
"'231","'LINE","'14.","'99.99023438"
"'231","'LINE","'How does an increase in temperature affect the rate of a reaction? Explain the","'99.94625092"
"'231","'LINE","'two factors involved.","'99.96691895"
"'231","'LINE","'15.","'99.95117188"
"'231","'LINE","'What is the difference between an average rate and an instantaneous rate?","'99.96054077"
"'231","'LINE","'16.","'99.95117188"
"'231","'LINE","'What is the difference between an initial rate and an instantaneous rate?","'99.95883942"
"'231","'LINE","'17.","'99.95117188"
"'231","'LINE","'Give two reasons to measure initial rates in a kinetics study.","'99.91442871"
"'231","'LINE","'18.","'99.96093750"
"'231","'LINE","'For the reaction A(g)","'98.54920197"
"'231","'LINE","'B(g), sketch two curves on the same set of axes that show","'99.89888763"
"'231","'LINE","'a. The formation of product as a function of time","'99.91384125"
"'231","'LINE","'b. The consumption of reactant as a function of time","'99.94866180"
"'231","'LINE","'19.","'99.97070313"
"'231","'LINE","'The compound AX2 decomposes according to the equation","'94.44502258"
"'231","'LINE","'2AX2(g)","'56.29085922"
"'231","'LINE","'2AX (g) + X₂ (g). In one experiment, [AX₂] was measured","'92.54769897"
"'231","'LINE","'at various times and these data were obtained:","'99.98027039"
"'231","'LINE","'Time (s)","'98.13645935"
"'231","'LINE","'0","'45.46297073"
"'231","'LINE","'2","'99.87304688"
"'231","'LINE","'6","'99.79252625"
"'231","'LINE","'8","'99.87224579"
"'231","'LINE","'10","'99.95117188"
"'231","'LINE","'20","'99.95117188"
"'231","'LINE","'[AX2] (mol L⁻¹)","'79.89825439"
"'231","'LINE","'0.05","'99.99023438"
"'231","'LINE","'0.0448","'99.96093750"
"'231","'LINE","'0.03","'100.00000000"
"'231","'LINE","'0.0249","'99.93164063"
"'231","'LINE","'0.0209","'99.95117188"
"'231","'LINE","'0.0088","'99.87304688"
"'231","'LINE","'a. Find the average rate over the entire experiment.","'99.95172882"
"'231","'LINE","'b. Is the initial rate higher or lower than the rate in part (a)? Use graphical","'99.93642426"
"'231","'LINE","'methods to estimate the initial rate.","'99.97206116"
"'231","'LINE","'20.","'99.99023438"
"'231","'LINE","'Express the rate of reaction in terms of the change in concentration of each of","'99.98285675"
"'231","'LINE","'the reactants and products: A (g) + 2B (g)","'96.22360229"
"'231","'LINE","'C (g) When [B] is decreasing","'98.10009003"
"'231","'LINE","'at 0.5 mol L⁻¹ s⁻¹, how fast is [A] decreasing?","'96.74972534"
"'231","'LINE","'21.","'99.93164063"
"'231","'LINE","'Reaction rate is expressed in terms of changes in concentration of reactants and","'99.97809601"
"'231","'LINE","'products. Write a balanced equation for","'99.83471680"
"'231","'LINE","'Rate = 2 1 [N₂O₅] At 4 1 [NO₂] At [0₂] At","'67.01062012"
"'231","'LINE","'22.","'99.99023438"
"'231","'LINE","'Although the depletion of stratospheric ozone threatens life on Earth today, its","'99.90827179"
"'231","'LINE","'accumulation was one of the crucial processes that allowed life to develop in","'99.96889496"
"'231","'LINE","'prehistoric times: 30₂(g)","'85.52545166"
"'231","'LINE","'20₃(g)","'68.82055664"
"'231","'LINE","'a. Express the reaction rate in terms of [O₂] and [0₃].","'93.15388489"
"'231","'LINE","'b. At a given instant, the reaction rate in terms of [O₂] is","'96.56166840"
"'231","'LINE","'2.17 X 10⁻⁵ mol L⁻¹s⁻¹. What is it in terms of [O₃]?","'89.03920746"
"'231","'LINE","'UNIT 4","'99.10116577"
"'231","'LINE","'221","'99.03320313"
"'232","'LINE","'CHEMISTRY GRADE 11","'99.86301422"
"'232","'LINE","'5","'97.42187500"
"'232","'LINE","'Rate","'99.77539063"
"'232","'LINE","'UNIT","'100.00000000"
"'232","'LINE","'0","'95.45938110"
"'232","'LINE","'Time","'99.59960938"
"'232","'LINE","'CHEMICAL EQUILIBRIUM","'99.91131592"
"'232","'LINE","'Unit Outcomes","'99.99511719"
"'232","'LINE","'At the end of this unit, you will be able to:","'99.95798492"
"'232","'LINE","'discuss how equilibrium is established","'99.99414063"
"'232","'LINE","'explain characteristics of dynamic equilibrium","'99.96615601"
"'232","'LINE","'state the law of mass action and write an expression for equilibrium","'99.97606659"
"'232","'LINE","'constants, K C and Kₚ from a given chemical reaction","'96.09624481"
"'232","'LINE","'apply the law of mass action to calculate Kc, Kₚ concentration and","'96.07056427"
"'232","'LINE","'pressure of substances in equilibrium","'99.94435120"
"'232","'LINE","'explain how the reaction quotient is used to indicate position of the","'99.97681427"
"'232","'LINE","'equilibrium","'99.96014404"
"'232","'LINE","'state Le-Chatlier's principle and use it to predict and explain the effects","'99.89905548"
"'232","'LINE","'of changes in temperature, pressure, concentration and presence of a","'99.91954803"
"'232","'LINE","'catalyst on a reaction","'99.66931152"
"'232","'LINE","'perform an activity to demonstrate the effects of changes in concentration","'99.95932770"
"'232","'LINE","'on the position of equilibrium and to determine Kc or Kₚ values","'96.71683502"
"'232","'LINE","'explain how equilibrium principles may be applied to optimize the","'99.98706818"
"'232","'LINE","'production of industrial chemicals (e.g., production of ammonia and","'99.93274689"
"'232","'LINE","'sulphuric acid)","'99.78196716"
"'232","'LINE","'describe scientific enquiry skills along this unit: observing, predicting,","'99.95571136"
"'232","'LINE","'comparing and contrasting, communicating, asking questions and making","'99.96512604"
"'232","'LINE","'generalizations.","'99.87065887"
"'232","'LINE","'222","'99.91210938"
"'232","'LINE","'UNIT 5","'99.27734375"
"'233","'LINE","'Introduction","'99.96014404"
"'233","'LINE","'Start-up Activity","'99.75585938"
"'233","'LINE","'Form a group and perform the following activity:","'99.84633636"
"'233","'LINE","'Mix 10 mL of 0.1 mol L⁻¹ HCI solution with 10 mL of 0.1 mol L⁻¹","'95.29827118"
"'233","'LINE","'NaOH solution. Now, discuss each of the following questions:","'99.95914459"
"'233","'LINE","'a. What is the concentration of NaCl formed?","'99.68954468"
"'233","'LINE","'b. How much HCl and NaOH remain unreacted?","'94.94725800"
"'233","'LINE","'c. Is the reaction complete?","'94.87859344"
"'233","'LINE","'Share your ideas with the rest of the class.","'99.99891663"
"'233","'LINE","'5.1","'99.99023438"
"'233","'LINE","'Introduction","'99.84056091"
"'233","'LINE","'In Unit 4 you have learned about the rate of reaction. You have also studied the time","'99.98611450"
"'233","'LINE","'taken for half of the reaction to be completed. However, some questions have not","'99.98012543"
"'233","'LINE","'been answered yet. These questions include: Do all reactions reach to completion?","'99.97681427"
"'233","'LINE","'If not then how much of the reactants remain unreacted, that is, what is the extent of","'99.97018433"
"'233","'LINE","'the reaction it took? Why does the reaction reach to completion? Why does it attain","'99.97369385"
"'233","'LINE","'equilibrium? These questions can be answered after studying chemical equilibrium.","'99.90840149"
"'233","'LINE","'In this unit, you will learn about chemical equilibrium, how it is attained, and factors","'99.95764160"
"'233","'LINE","'that affect the position of chemical equilibrium.","'99.93736267"
"'233","'LINE","'5.2","'99.97070313"
"'233","'LINE","'Chemical Equilibrium","'99.72666168"
"'233","'LINE","'At the end of this section, you will be able to:","'99.96154022"
"'233","'LINE","'explain reversible and irreversible reactions","'99.97608948"
"'233","'LINE","'define dynamic chemical equilibrium","'99.99003601"
"'233","'LINE","'state the necessary conditions for attainment of equilibrium","'99.95271301"
"'233","'LINE","'describe the microscopic event that occur when a chemical system is in","'99.86000824"
"'233","'LINE","'equilibrium","'99.88042450"
"'233","'LINE","'explain the characteristics of chemical equilibrium","'99.93858337"
"'233","'LINE","'state the law of mass action","'99.95877838"
"'233","'LINE","'define equilibrium constant","'99.97017670"
"'233","'LINE","'write the equilibrium constant expression for chemical reactions that","'99.95571136"
"'233","'LINE","'involve concentration","'99.97518921"
"'233","'LINE","'UNIT 5","'98.97949219"
"'233","'LINE","'223","'99.95117188"
"'234","'LINE","'CHEMISTRY GRADE 11","'99.81744385"
"'234","'LINE","'calculate values for equilibrium constant involving concentration","'99.95304871"
"'234","'LINE","'state the relationship of Kₑq to the relative amounts of products and","'96.71804047"
"'234","'LINE","'reactants in a given reaction","'99.67785645"
"'234","'LINE","'write the equilibrium constant expression for chemical reactions that","'99.97785950"
"'234","'LINE","'involve partial pressure","'99.98020172"
"'234","'LINE","'calculate values for equilibrium constant involving partial pressure","'99.96014404"
"'234","'LINE","'show the relationship between Kc and Kₚ","'93.96353149"
"'234","'LINE","'distinguish between homogeneous and heterogeneous equilibrium","'99.93356323"
"'234","'LINE","'reactions","'100.00000000"
"'234","'LINE","'define reaction quotient","'99.98671722"
"'234","'LINE","'use the equilibrium quotient to predict the direction of the reaction and","'99.97349548"
"'234","'LINE","'the position of equilibrium","'99.96278381"
"'234","'LINE","'calculate equilibrium concentrations given initial concentrations","'99.94020844"
"'234","'LINE","'determine whether the reactants or products are favored in a chemical","'99.79943085"
"'234","'LINE","'reaction given the equilibrium constant","'99.98405457"
"'234","'LINE","'list factors that affect chemical equilibrium","'99.99511719"
"'234","'LINE","'state Le-Chatliers principle","'99.86494446"
"'234","'LINE","'use Le-Chatliers principle to explain the effect of changes in temperature,","'99.94799805"
"'234","'LINE","'pressure, concentration and presence of catalyst on a reaction","'99.83088684"
"'234","'LINE","'state the effect of changes in concentration, pressure/volume and","'99.91051483"
"'234","'LINE","'temperature on Kₑ₄","'80.36617279"
"'234","'LINE","'perform an activity to demonstrate the effect of changes in concentration","'99.96391296"
"'234","'LINE","'on the position of equilibrium","'99.95233154"
"'234","'LINE","'perform an activity to demonstrate the effect of changes in temperature","'99.97929382"
"'234","'LINE","'on the position of equilibrium","'99.95623016"
"'234","'LINE","'perform an activity to determine Kc for esterification of an organic acid;","'97.06534576"
"'234","'LINE","'define optimum conditions","'99.98671722"
"'234","'LINE","'explain how Le-Chatliers principle is applied in the Haber process","'99.93865204"
"'234","'LINE","'(production of NH3 ) and in the Contact process (production of H₂SO₄).","'95.63581085"
"'234","'LINE","'224","'99.89257813"
"'234","'LINE","'UNIT 5","'98.90625000"
"'235","'LINE","'Chemical Equilibrium","'99.88610077"
"'235","'LINE","'5.2.1","'99.91210938"
"'235","'LINE","'Reversible and Irreversible Reactions","'99.97518921"
"'235","'LINE","'Activity 5.1","'99.89257813"
"'235","'LINE","'Perform the following activities in pairs and write a report of your findings.","'99.83248138"
"'235","'LINE","'Consider the reactions that involve both gaseous reactants and products.","'99.98218536"
"'235","'LINE","'What will happen if the reaction takes place in:","'99.99023438"
"'235","'LINE","'a. an open vessel (container)?","'99.70192719"
"'235","'LINE","'b. a closed vessel?","'99.69248199"
"'235","'LINE","'Share your findings to the whole class.","'99.99720764"
"'235","'LINE","'Many chemical reactions proceed to completion. In such types of reactions, the","'99.94529724"
"'235","'LINE","'reactants, are converted to the products and the amount of reactants left after the","'99.98169708"
"'235","'LINE","'reaction is very small. Such reactions are called irreversible reactions or one-way","'99.93049622"
"'235","'LINE","'reactions. When the equation for an irreversible reaction is written, a single arrow","'99.89768219"
"'235","'LINE","'()","'43.56931305"
"'235","'LINE","'is used to indicate that the reaction proceeds in only one direction. For instance,","'99.97315216"
"'235","'LINE","'the reaction between carbon and oxygen is an irreversible reaction:","'99.97144318"
"'235","'LINE","'C(s)","'98.00562286"
"'235","'LINE","'+","'97.95819092"
"'235","'LINE","'O₂(g)","'84.94100952"
"'235","'LINE","'CO₂(g)","'76.81501007"
"'235","'LINE","'On the other hand, some reactions do not go to completion. Such reactions are called","'99.97765350"
"'235","'LINE","'reversible reactions or two-way reactions. These reactions usually proceed both in","'99.93372345"
"'235","'LINE","'the forward and reverse reactions. The reaction in which the original reactants form","'99.97941589"
"'235","'LINE","'products is the forward reaction and the reaction in which the products are converted","'99.98732758"
"'235","'LINE","'to the original reactant is the reverse (backward) reaction. When the equation for a","'99.90574646"
"'235","'LINE","'reversible reaction is written, a double arrow (=) indicates the reaction that goes from","'99.37715912"
"'235","'LINE","'reactants to products to the right and from the products to the reactants to the left.","'99.99084473"
"'235","'LINE","'Reversible reactions have the following general form:","'99.99720764"
"'235","'LINE","'aA","'95.69256592"
"'235","'LINE","'+","'97.49840546"
"'235","'LINE","'bB","'99.71600342"
"'235","'LINE","'cC + dD","'98.18239594"
"'235","'LINE","'Where A and B are reactants, C and D are products and a, b, c, and d are balancing","'96.75391388"
"'235","'LINE","'coefficients. In this reaction:","'99.87065887"
"'235","'LINE","'aA","'96.80863953"
"'235","'LINE","'+","'98.68083954"
"'235","'LINE","'bB","'99.64764404"
"'235","'LINE","'cC + dD","'98.65659332"
"'235","'LINE","'Forward reaction","'99.97558594"
"'235","'LINE","'cC","'97.41449738"
"'235","'LINE","'+","'97.97612762"
"'235","'LINE","'dD","'99.71679688"
"'235","'LINE","'aA + bB","'97.87806702"
"'235","'LINE","'Reverse reaction","'99.94061279"
"'235","'LINE","'For example, the formation of ammonia is a reversible reaction:","'99.86186981"
"'235","'LINE","'N₂ (g) + 3H₂(g)","'82.93087769"
"'235","'LINE","'2NH3 (g)","'81.65258026"
"'235","'LINE","'UNIT 5","'98.83789063"
"'235","'LINE","'225","'99.96093750"
"'236","'LINE","'CHEMISTRY GRADE 11","'99.82720947"
"'236","'LINE","'Another example of a reversible reaction is the formation of hydrogen iodide from","'99.90068817"
"'236","'LINE","'hydrogen gas and iodine vapours:","'99.96631622"
"'236","'LINE","'H₂ (g)","'75.58045197"
"'236","'LINE","'+","'96.76678467"
"'236","'LINE","'I₂ (g)","'79.71250916"
"'236","'LINE","'2HI (g)","'95.57577515"
"'236","'LINE","'Exercise 5.1","'99.98046875"
"'236","'LINE","'Answer the following questions:","'99.98271179"
"'236","'LINE","'1. How do you distinguish between reversible and irreversible reactions?","'99.95753479"
"'236","'LINE","'2. Give examples of reversible and irreversible reactions.","'99.95780182"
"'236","'LINE","'5.2.2","'99.95117188"
"'236","'LINE","'Attainment and Characteristics of Chemical Equilibria","'99.88543701"
"'236","'LINE","'Activity 5.2","'99.84863281"
"'236","'LINE","'Discuss the following idea in pairs and present your findings to the whole class.","'99.99372101"
"'236","'LINE","'Why do chemical reactions reach an equilibrium state?","'99.98525238"
"'236","'LINE","'For a reversible reaction, the rate with which the reactants form products is the forward","'99.94857788"
"'236","'LINE","'reaction rate (rf) and the rate with which the products combine to produce the original","'98.34550476"
"'236","'LINE","'reactants is called the reverse reaction rate (r). At the beginning of the reaction,","'96.68220520"
"'236","'LINE","'the forward reaction has a high rate, but gradually decreases with time. The reverse","'99.97535706"
"'236","'LINE","'reaction has a very small rate at the beginning, but gradually increases (as the products","'99.92401886"
"'236","'LINE","'concentration increase) until equilibrium is established. The equilibrium is attained","'99.89449310"
"'236","'LINE","'when the rate of the two opposing reactions become equal. That is at equilibrium:","'99.98088074"
"'236","'LINE","'Rate of forward reaction (rf) = Rate of reverse reaction (r,)","'92.37217712"
"'236","'LINE","'226","'99.89257813"
"'236","'LINE","'UNIT 5","'99.20819092"
"'237","'LINE","'Chemical Equilibrium","'99.93083954"
"'237","'LINE","'5.2.3","'99.93164063"
"'237","'LINE","'Conditions for Attainment of Chemical Equilibria","'99.88217926"
"'237","'LINE","'Activity 5.3","'99.70175171"
"'237","'LINE","'Sit in a group of three or four and discuss the following reactions. Share","'99.89632416"
"'237","'LINE","'your findings with the whole class.","'99.99837494"
"'237","'LINE","'1. Dimerization of nitrogen dioxide is a reversible reaction:","'99.91122437"
"'237","'LINE","'2NO₂(g)","'77.26184082"
"'237","'LINE","'N₂O₄(g)","'79.25402832"
"'237","'LINE","'Dark brown","'99.86816406"
"'237","'LINE","'Colourless","'99.95037079"
"'237","'LINE","'When NO₂ is placed in an evacuated, sealed glass vessel, the intensity of","'96.88166809"
"'237","'LINE","'the initial dark brown color gradually decreases. However, after sometime","'99.98307800"
"'237","'LINE","'the intensity of the brown color becomes constant.","'99.99633789"
"'237","'LINE","'a. Why does the dark brown colour intensity decrease at the start?","'99.88665009"
"'237","'LINE","'b. Why does the brown colour become constant, eventually?","'99.98263550"
"'237","'LINE","'c. What will happen to the colour, if you check after a month?","'97.45491028"
"'237","'LINE","'Chemical equilibria are dynamic equilibria, i.e., reactants and products are","'99.88171387"
"'237","'LINE","'interconverted continually, even though the overall composition of the reaction mixture","'99.93202209"
"'237","'LINE","'does not change. Once the equilibrium is established, a change in one direction is","'99.94205475"
"'237","'LINE","'balanced by changes in the other direction.","'99.98163605"
"'237","'LINE","'To understand the concept, consider Figure 5.1, which shows the change in the","'99.92538452"
"'237","'LINE","'reaction rate with time for the forward and reverse reactions. The rate of the forward","'99.98616791"
"'237","'LINE","'reaction depends upon the concentration of reactants, whereas the rate of the reverse","'99.97791290"
"'237","'LINE","'reaction depends upon the concentration of the products. Initially, only the reactants","'99.96434784"
"'237","'LINE","'are present, therefore, the rate of the forward reaction is fast. The reaction in the","'99.98220825"
"'237","'LINE","'reverse direction does not take place as no product is present yet.","'99.96555328"
"'237","'LINE","'As the reaction progresses, the concentration of the reactants decreases and hence,","'99.97593689"
"'237","'LINE","'the rate of forward reaction also decreases. However, due to the increase in the","'99.96019745"
"'237","'LINE","'concentration of products, the rate of the reverse reaction increases. As the reaction","'99.96408081"
"'237","'LINE","'further progresses a point will be reached when the rate of forward reaction becomes","'99.97547150"
"'237","'LINE","'equal to the rate of reverse reaction. When this stage is attained, the concentrations of","'99.95840454"
"'237","'LINE","'reactants and products do not change. The reaction has reached chemical equilibrium.","'99.94881439"
"'237","'LINE","'UNIT 5","'98.37850952"
"'237","'LINE","'227","'99.64843750"
"'238","'LINE","'CHEMISTRY GRADE 11","'99.74283600"
"'238","'LINE","'Equilibrium","'99.63149261"
"'238","'LINE","'Forward","'100.00000000"
"'238","'LINE","'Rate","'99.97070313"
"'238","'LINE","'reaction","'100.00000000"
"'238","'LINE","'Equal rates","'99.89706421"
"'238","'LINE","'Reverse","'99.97070313"
"'238","'LINE","'reaction","'99.99023438"
"'238","'LINE","'0","'95.14668274"
"'238","'LINE","'Time","'99.97070313"
"'238","'LINE","'Figure 5.1: Change in the rate of reaction with time for forward","'99.95009613"
"'238","'LINE","'and reverse reactions","'99.95742035"
"'238","'LINE","'For example, synthesis of ammonia from nitrogen and hydrogen is a reversible process.","'99.89230347"
"'238","'LINE","'N₂ (g) + 3H₂ (g)","'80.98191833"
"'238","'LINE","'2NH₃(g)","'84.37480164"
"'238","'LINE","'At the beginning of the reaction, only nitrogen and hydrogen are present. They combine to","'99.94608307"
"'238","'LINE","'form ammonia at a large rate. As the reaction progresses, the concentrations of nitrogen","'99.85868073"
"'238","'LINE","'and hydrogen decrease so the rate of formation of ammonia decreases. As more and","'99.21076202"
"'238","'LINE","'more ammonia molecules are formed, some of the molecules start decomposing to","'99.93552399"
"'238","'LINE","'give back nitrogen and hydrogen molecules. As the reaction progresses, the number","'99.94603729"
"'238","'LINE","'of ammonia molecules increases, the rate of decomposition of ammonia also increases.","'99.89709473"
"'238","'LINE","'As the reaction proceeds, the rate of formation of ammonia decreases while the rate of","'99.97348022"
"'238","'LINE","'decomposition ammonia increases. At a given point the two rates become equal, and","'99.88153839"
"'238","'LINE","'equilibrium is reached.","'99.80422211"
"'238","'LINE","'Note that the concentrations of products and reactants are not necessarily equal at","'99.98022461"
"'238","'LINE","'equilibrium, only the rate of forward and reverse reactions are equal. Generally, a","'99.86777496"
"'238","'LINE","'reaction at equilibrium has the following characteristics:","'99.95455933"
"'238","'LINE","'The reaction is reversible in nature.","'99.97030640"
"'238","'LINE","'There is no net change in the concentrations of the reactants and products","'99.97102356"
"'238","'LINE","'of the reaction.","'99.98020172"
"'238","'LINE","'The rates of the forward and reverse reactions are equal.","'99.98128510"
"'238","'LINE","'The reaction should take place in a closed vessel to react at equilibrium.","'99.93672943"
"'238","'LINE","'The equilibrium is dynamic in nature.","'99.94210815"
"'238","'LINE","'The concentrations of reactants and products are generally not equal.","'99.97624207"
"'238","'LINE","'228","'99.84375000"
"'238","'LINE","'UNIT 5","'99.04296875"
"'239","'LINE","'Chemical Equilibrium","'99.91051483"
"'239","'LINE","'Exercise 5.2","'99.98046875"
"'239","'LINE","'Answer the following questions","'99.97763062"
"'239","'LINE","'1. Explain trends of the rates of the forward and reverse reactions for the","'99.98175049"
"'239","'LINE","'following graph, using the labels a, b and c.","'97.55651093"
"'239","'LINE","'Rate","'99.92187500"
"'239","'LINE","'a","'98.38548279"
"'239","'LINE","'c","'66.80245209"
"'239","'LINE","'b","'99.65660858"
"'239","'LINE","'0","'99.41007233"
"'239","'LINE","'Time","'99.92187500"
"'239","'LINE","'2. Explain what happens to the Concentration of the reactants and the","'99.98426819"
"'239","'LINE","'concentration of the products in the graph using the labels a, b and c..","'97.87571716"
"'239","'LINE","'a","'99.20819092"
"'239","'LINE","'Concenrration","'96.50669861"
"'239","'LINE","'c","'65.62719727"
"'239","'LINE","'b","'99.14062500"
"'239","'LINE","'0","'99.84215546"
"'239","'LINE","'Time","'99.99023438"
"'239","'LINE","'3. What are the conditions that remain constant at equilibrium?","'99.96835327"
"'239","'LINE","'5.2.4 Equilibrium Expression and Equilibrium Constant","'99.87554169"
"'239","'LINE","'A.","'80.81772614"
"'239","'LINE","'Law of Mass Actions","'99.98535156"
"'239","'LINE","'Mathematically the equilibrium constant is written based on the law of mass action or","'99.97680664"
"'239","'LINE","'law of concentration action proposed by Cato Maximilian Guldberg and Peter Waage,","'99.98176575"
"'239","'LINE","'in 1864. The law of mass action states that ""the rate at which A and B combine is","'97.88209534"
"'239","'LINE","'directly proportional to the product of their concentration terms each raised to the power","'99.99006653"
"'239","'LINE","'of its respective coefficient in the balanced chemical reaction.""","'99.84308624"
"'239","'LINE","'UNIT 5","'99.22851563"
"'239","'LINE","'229","'99.96093750"
"'240","'LINE","'CHEMISTRY GRADE 11","'99.66119385"
"'240","'LINE","'The general equation that represents a reversible reaction is:","'99.77031708"
"'240","'LINE","'aA","'93.06760406"
"'240","'LINE","'+","'94.87224579"
"'240","'LINE","'bB","'96.86444092"
"'240","'LINE","'cC + dD","'95.01188660"
"'240","'LINE","'For the forward reaction A and B are reactants, and C and D are products. Assume","'97.39166260"
"'240","'LINE","'that the reaction is homogeneous, in which all the reactants and the products are in the","'99.96546936"
"'240","'LINE","'same state.","'99.96093750"
"'240","'LINE","'The rate of forward reaction (r,) depends upon the concentrations of A and B as well","'93.72814178"
"'240","'LINE","'as the rate of reverse reaction (rᵣ) depends upon the concentrations of C and D. These","'95.23249817"
"'240","'LINE","'relations are expressed as follows:","'99.97265625"
"'240","'LINE","'α [A]ᵃ[B]ᵇ","'67.25296783"
"'240","'LINE","'or","'99.06250000"
"'240","'LINE","'α [C]ᶜ[D]ᵈ","'76.51681519"
"'240","'LINE","'or","'98.83789063"
"'240","'LINE","'rᵢ = k,[C]ᶜ[D]ᵈ","'11.41701221"
"'240","'LINE","'Where [A], [B], [C] and [D] are the concentrations of A, B, C and D, and kƒ and kᵣ are","'94.87187195"
"'240","'LINE","'rate constants for the forward and reverse reactions, respectively.","'99.95706177"
"'240","'LINE","'At equilibrium, the rate of forward reaction is equal to the rate of reverse reaction.","'99.93589783"
"'240","'LINE","'Therefore, rf = r₁ or","'69.15644836"
"'240","'LINE","'kƒ and kᵣ are constant. Therefore, the ratio of kƒ to kᵣ is also constant.","'88.23335266"
"'240","'LINE","'The ratio of kƒ and kᵣ is represented by Kₑq' which is called equilibrium constant. [A],","'90.27433777"
"'240","'LINE","'[B], [C] and [D] are concentrations of A, B, C, D, and A at equilibrium, respectively.","'99.10985565"
"'240","'LINE","'When their concentrations are expressed in molarities, the Kₑq is shown by Kc. When","'95.27239990"
"'240","'LINE","'the reaction reactants and the products are gaseous, their concentrations can be","'99.96779633"
"'240","'LINE","'expressed in terms of partial pressures. In such cases, the Kₑq is denoted by Kₚ.","'93.31076050"
"'240","'LINE","'B.","'63.37950134"
"'240","'LINE","'Equilibrium constant expression involving concentration, Kc.","'94.36859131"
"'240","'LINE","'In homogeneous reactions, all reactants and products are present in the","'99.94305420"
"'240","'LINE","'same physical state. While writing equilibrium constant expressions for","'99.96357727"
"'240","'LINE","'such reactions, the following rules are followed.","'99.94189453"
"'240","'LINE","'The concentrations of all the substances formed as products are written in","'99.95118713"
"'240","'LINE","'the numerator (the top of the fraction).","'99.95072174"
"'240","'LINE","'The concentrations of all the reactants are written in the denominator","'99.94031525"
"'240","'LINE","'(the bottom of the fraction).","'99.93083954"
"'240","'LINE","'230","'99.85351563"
"'240","'LINE","'UNIT 5","'98.90585327"
"'241","'LINE","'Chemical Equilibrium","'99.93083954"
"'241","'LINE","'The equilibrium concentrations of each species are raised to a power equal","'99.91722870"
"'241","'LINE","'to the coefficient of that species written in the balanced chemical equation.","'99.96685028"
"'241","'LINE","'For a general reaction at equilibrium:","'99.65670776"
"'241","'LINE","'aA","'94.79173279"
"'241","'LINE","'+","'97.42108154"
"'241","'LINE","'bB","'96.76598358"
"'241","'LINE","'cC + dD","'96.91857910"
"'241","'LINE","'The expression for Kc is: Kc = [A]B]","'77.44858551"
"'241","'LINE","'The unit of Kc depends upon the number of moles of the reactants and products","'97.06024170"
"'241","'LINE","'involved in the reaction. Therefore, for the above general reaction, the Kc unit will be:","'96.76652527"
"'241","'LINE","'Kc -","'45.35638428"
"'241","'LINE","'=","'95.24333954"
"'241","'LINE","'Example 5.1","'99.37500000"
"'241","'LINE","'KC expressions and units as well as KC value determinations:","'93.39032745"
"'241","'LINE","'1. NH3(g) + CH₃COOH(aq) NH₄⁺ (aq) + CH₃COO⁻(aq)","'84.91307831"
"'241","'LINE","'KC [NH₃][CH₂COOH] NH,][CH,COO⁻] = (mol L⁻¹)(mol L⁻¹) (mol L⁻¹) (mol L⁻¹) =","'44.12554932"
"'241","'LINE","'1","'87.07778168"
"'241","'LINE","'2. HF (aq)","'95.94998932"
"'241","'LINE","'H⁺(aq) + F⁻(aq)","'18.51961136"
"'241","'LINE","'KC = THE] H⁺ = (mol L⁻¹) (mol L⁻¹) (mol L⁻¹) = mol L⁻¹","'67.20850372"
"'241","'LINE","'3. 2NO (g) + (g)","'93.58872986"
"'241","'LINE","'2NOBr (g)","'92.86102295"
"'241","'LINE","'KC = [NO]²[Br₂] [NOBr]² = [mol L⁻¹²(mol L⁻¹) [mol L⁻¹]² = = [mol L⁻¹⁻²","'68.27674866"
"'241","'LINE","'4. For the reaction","'99.86572266"
"'241","'LINE","'H2 (g) + F2 (g)","'87.46502686"
"'241","'LINE","'2HF (g)","'93.56893921"
"'241","'LINE","'An equilibrium mixture at 425 °C contains 4.79 X 10-4 mol/L of H2,","'94.65182495"
"'241","'LINE","'4.79 X 10-4 mol/L of F2 and 3.53 X 10⁻³ mol/L of HF. Determine the equilibrium","'92.28018188"
"'241","'LINE","'constant of the reaction.","'99.97782898"
"'241","'LINE","'UNIT 5","'98.89648438"
"'241","'LINE","'231","'98.01757813"
"'242","'LINE","'CHEMISTRY GRADE 11","'99.86627197"
"'242","'LINE","'Solution:","'99.87145233"
"'242","'LINE","'Given: [H2] = [F₂] = 4.79 X 10-4 mol/L","'88.85762024"
"'242","'LINE","'[HF] = 3.53 X 10⁻³ mol/L","'92.16889954"
"'242","'LINE","'KC expression for the reaction is KC = [H₂][F₂] [HF]²","'82.75450134"
"'242","'LINE","'Substitution of the give values in the expression gives:","'99.98897552"
"'242","'LINE","'[3.53 X 10⁻³ mol/L]²","'84.99037933"
"'242","'LINE","'KC = (4.79 X 10⁻⁴ mol (4.79 X 10⁻⁴ mol/L)","'87.29901886"
"'242","'LINE","'= 5.43","'97.69899750"
"'242","'LINE","'Exercise 5.3","'99.91171265"
"'242","'LINE","'1. Write the equilibrium constant expressions (KC) for the following reactions:","'95.43675232"
"'242","'LINE","'NH₃ (aq) + HF (aq)","'93.57549286"
"'242","'LINE","'NH₄⁺ (aq) + F⁻ (aq)","'91.21717834"
"'242","'LINE","'2PBr₃ (g) + Cl₂ (g)","'86.41852570"
"'242","'LINE","'2PCl₃(g) + 3Br₂ (g)","'88.90079498"
"'242","'LINE","'2. For the reaction N₂ (g)","'96.07159424"
"'242","'LINE","'+","'97.73357391"
"'242","'LINE","'3Cl₂(g)","'87.33020020"
"'242","'LINE","'2NCl₃ (g) an analysis of an","'95.49921417"
"'242","'LINE","'equilibrium mixture is performed at a certain temperature. It is found","'99.92160034"
"'242","'LINE","'that [NC1₃] = 1.9 X 10⁻¹ M, [N₂] = 1.4 X 10⁻³M, and [C1₂] = 4.3 X 10⁻⁴","'84.27722168"
"'242","'LINE","'M. Calculate Kc for the reaction at this temperature","'95.86428833"
"'242","'LINE","'C.","'89.52746582"
"'242","'LINE","'Equilibrium constant expression involving partial pressure, Kₚ","'96.54937744"
"'242","'LINE","'When all the reactants and the products are gases, their concentrations can be","'99.98935699"
"'242","'LINE","'written in terms of partial pressures. In such cases the equilibrium constant is","'99.97941589"
"'242","'LINE","'denoted by Kₚ, which is expressed as:","'97.89255524"
"'242","'LINE","'[Pc]ᶜ[Pₚ]ᵈ = Kₚ","'62.22914886"
"'242","'LINE","'For the formation of ammonia: N₂ (g) + 3H₂(g)","'94.01734924"
"'242","'LINE","'2NH3 (g)","'82.29930115"
"'242","'LINE","'The expression of equilibrium constant in terms of molarities is:","'99.92767334"
"'242","'LINE","'[N₂][H₂]³ [NH₃]² = Kc","'68.00074005"
"'242","'LINE","'The expression of Kₚ is:","'96.15134430"
"'242","'LINE","'[Pₙ₂][Pµ₂] [PNH₃]² = Kₚ","'60.53314209"
"'242","'LINE","'232","'99.92187500"
"'242","'LINE","'UNIT 5","'98.73983765"
"'243","'LINE","'Chemical Equilibrium","'99.87104797"
"'243","'LINE","'The unit of Kₚ is decided by the unit of pressure. If the partial pressure is expressed in","'99.01121521"
"'243","'LINE","'atm, then the unit of Kₚ, will be:","'98.41809082"
"'243","'LINE","'Kₚ","'82.96018219"
"'243","'LINE","'If the partial pressure is measured in kPa, then the unit of Kₚ will be (kPa)(ᵐ⁺ⁿ)-(a+b)","'93.77540588"
"'243","'LINE","'Example 5.2","'99.78515625"
"'243","'LINE","'Kₚ expressions and units as well as Kₚ value determinations:","'97.25426483"
"'243","'LINE","'1. N₂ (g) + 3H2 (g)","'82.81776428"
"'243","'LINE","'2NH₃ (g)","'76.54984283"
"'243","'LINE","'Kₚ","'72.65306091"
"'243","'LINE","'2. 2HI (g) Kₚ : =","'73.80320740"
"'243","'LINE","'1","'93.94292450"
"'243","'LINE","'(atm)²","'57.18769836"
"'243","'LINE","'3. N₂O₄(g)","'91.88108063"
"'243","'LINE","'2NO₂(g)","'82.04660034"
"'243","'LINE","'Kₚ","'65.48329926"
"'243","'LINE","'=","'90.70232391"
"'243","'LINE","'=","'89.39373779"
"'243","'LINE","'atm","'93.00781250"
"'243","'LINE","'(atm)","'93.10805511"
"'243","'LINE","'4. The reaction for the formation of nitrosyl chloride was studied at 25 °C","'98.67375183"
"'243","'LINE","'2NO (g) + Cl₂ (g)","'82.63616180"
"'243","'LINE","'2NOCI (g)","'85.76091766"
"'243","'LINE","'At equilibrium, the partial pressures were found to be 1.2, 5.0 X 10⁻²","'98.30632782"
"'243","'LINE","'and 3.0 X 10-¹ atm for NOCI, NO and C12, respectively. Calculate the","'92.15447998"
"'243","'LINE","'value of Kₚ for this reaction at 25 °C.","'95.09721375"
"'243","'LINE","'Solution:","'99.87145233"
"'243","'LINE","'Given: P NOCI = 1.2 atm, PNO = 5.0 X 10⁻² atm and PC1₂ = 3.0 X 10-¹ atm","'87.95010376"
"'243","'LINE","'Kₚ expression for the reaction is","'97.26177216"
"'243","'LINE","'(P) Cl₂","'40.74981308"
"'243","'LINE","'Substitution of the give values in the expression gives:","'99.98788452"
"'243","'LINE","'[1.2 atm]²","'88.26146698"
"'243","'LINE","'Kₚ = (5.0 X 10⁻² atm)² 10⁻¹ atm) = 1.920 atm⁻¹","'84.60512543"
"'243","'LINE","'UNIT 5 233","'99.33268738"
"'244","'LINE","'CHEMISTRY GRADE 11","'99.82421875"
"'244","'LINE","'Exercise 5.4","'99.87304688"
"'244","'LINE","'1. Write the equilibrium constant expressions (Kₚ) for the following reactions:","'98.41347504"
"'244","'LINE","'a. 2SO₂(g)+O₂(g)","'60.22819901"
"'244","'LINE","'2SO₃ (g)","'78.66424561"
"'244","'LINE","'b. N₂ (g) + (g) + Br₂ (g)","'87.77154541"
"'244","'LINE","'2NOBr (g)","'95.37119293"
"'244","'LINE","'2. The following equilibrium pressures were observed at a certain","'99.44471741"
"'244","'LINE","'temperature for the reaction 2NO₂(g)","'94.99872589"
"'244","'LINE","'2NO (g)","'96.61052704"
"'244","'LINE","'+","'96.99138641"
"'244","'LINE","'O2","'45.33631516"
"'244","'LINE","'(g)","'91.51287842"
"'244","'LINE","'PNO₂ = 0.55 atm","'82.60639954"
"'244","'LINE","'Pₙ₀ = 6.5 X 10⁻⁵ atm,","'76.13996887"
"'244","'LINE","'PO₂ = 4.5 X 10⁻⁵ atm","'77.43931580"
"'244","'LINE","'Calculate the value for the equilibrium constant at this temperature","'99.92107391"
"'244","'LINE","'D.","'99.72656250"
"'244","'LINE","'Equilibrium constant for heterogeneous reactions","'99.77530670"
"'244","'LINE","'In heterogeneous reactions, the reactants and products are present in more than","'99.89890289"
"'244","'LINE","'one physical state. For example, thermal decomposition of calcium carbonate is an","'99.90975189"
"'244","'LINE","'example of heterogeneous reaction. See these examples:","'99.93072510"
"'244","'LINE","'CaCO₃(s)","'69.51390839"
"'244","'LINE","'CaO","'94.22412872"
"'244","'LINE","'(s)","'91.70819092"
"'244","'LINE","'+","'96.04332733"
"'244","'LINE","'CO₂(g)","'80.67861176"
"'244","'LINE","'NH₄Cl(s)","'42.85714340"
"'244","'LINE","'NH3 (g)","'77.55570221"
"'244","'LINE","'+","'95.94646454"
"'244","'LINE","'HCl (g)","'73.31492615"
"'244","'LINE","'CO₂(g)","'81.96807861"
"'244","'LINE","'+","'95.32147217"
"'244","'LINE","'H₂O (1)","'56.50968552"
"'244","'LINE","'H+","'87.48505402"
"'244","'LINE","'(aq)","'91.89373016"
"'244","'LINE","'+","'93.73944092"
"'244","'LINE","'HCO3","'72.80313110"
"'244","'LINE","'(aq)","'87.08415985"
"'244","'LINE","'When we write the equilibrium constant expression for heterogeneous reactions, we","'99.87337494"
"'244","'LINE","'do not include the concentration of pure solids or pure liquids in the expression. This","'99.90019226"
"'244","'LINE","'is because, the position of equilibrium does not depend on the amounts of pure solids","'99.91603088"
"'244","'LINE","'or pure liquids present. The molar concentrations of pure solids liquids are constant at","'99.92694092"
"'244","'LINE","'a given temperature.","'99.14407349"
"'244","'LINE","'234","'99.81445313"
"'244","'LINE","'UNIT 5","'98.91601563"
"'245","'LINE","'Chemical Equilibrium","'99.91091156"
"'245","'LINE","'Example 5.3","'99.64723969"
"'245","'LINE","'The equilibrium constant expressions for some heterogeneous reactions are","'99.96800232"
"'245","'LINE","'shown below:","'99.98046875"
"'245","'LINE","'1. CaCO₃(s)","'84.83168793"
"'245","'LINE","'CaO (s)","'90.69704437"
"'245","'LINE","'+","'94.45153046"
"'245","'LINE","'CO₂(g)","'76.05567932"
"'245","'LINE","'Kc = [CO₂] or Kₚ = Pco₂","'74.40941620"
"'245","'LINE","'2. NH₄Cl (s)","'80.88408661"
"'245","'LINE","'NH₃","'59.08741379"
"'245","'LINE","'(g)","'91.70819092"
"'245","'LINE","'+","'94.64763641"
"'245","'LINE","'HCl (g)","'74.14511108"
"'245","'LINE","'KC = [NH₃][HC1] or Kₚ = PHC₁","'71.61983490"
"'245","'LINE","'3. CO2 (g) + H₂O (1)","'87.81182098"
"'245","'LINE","'H+ (aq)","'86.08338928"
"'245","'LINE","'+","'98.59295654"
"'245","'LINE","'HCO₃⁻(aq)","'48.16744995"
"'245","'LINE","'KC = H⁺][HCO₃ [CO₂]","'60.47138977"
"'245","'LINE","'Exercise 5.5","'97.89062500"
"'245","'LINE","'Write the equilibrium constant expression for the following reactions:","'99.96014404"
"'245","'LINE","'1.","'99.84375000"
"'245","'LINE","'Fe³⁺","'91.05070496"
"'245","'LINE","'(aq)","'91.47380829"
"'245","'LINE","'+","'96.21013641"
"'245","'LINE","'30H⁻","'36.59638214"
"'245","'LINE","'(aq)","'88.82244110"
"'245","'LINE","'Fe (OH)₃ (s)","'96.46889496"
"'245","'LINE","'2. PCl₅ (s)","'82.82346344"
"'245","'LINE","'PC1₃(1)","'43.73425674"
"'245","'LINE","'+","'96.96209717"
"'245","'LINE","'Cl₂ (g)","'70.01425171"
"'245","'LINE","'3. 2NBr₃ (s)","'95.80669403"
"'245","'LINE","'N₂ (g)","'87.71683502"
"'245","'LINE","'+","'95.46795654"
"'245","'LINE","'3Br₂ (g)","'85.41434479"
"'245","'LINE","'4. HCl (aq) + H2O (1)","'87.68765259"
"'245","'LINE","'H₃O⁺(aq) + Cl- (aq)","'73.79489136"
"'245","'LINE","'E.","'96.44351959"
"'245","'LINE","'Relation between KC and Kₚ","'84.83948517"
"'245","'LINE","'For the general reaction","'99.99023438"
"'245","'LINE","'aA","'95.70312500"
"'245","'LINE","'+","'98.64178467"
"'245","'LINE","'bB","'99.24724579"
"'245","'LINE","'cC + dD","'98.35897827"
"'245","'LINE","'Kc and Kₚ expressions are:","'88.98943329"
"'245","'LINE","'Kc","'62.32561493"
"'245","'LINE","'Kₚ","'75.96400452"
"'245","'LINE","'Assume that all gaseous species behave like an ideal gas. Thus, according to the ideal","'99.98693085"
"'245","'LINE","'gas equation, the partial pressure (P) of a gas is given by:","'99.91661072"
"'245","'LINE","'P = nRT/V and n/V = C","'95.45778656"
"'245","'LINE","'Where n is amount of the gaseous species in moles, R is gas constant, T is temperature","'99.85386658"
"'245","'LINE","'UNIT 5","'99.12109375"
"'245","'LINE","'235","'99.91210938"
"'246","'LINE","'CHEMISTRY GRADE 11","'99.86952209"
"'246","'LINE","'in kelvin, V is volume of the reaction mixture and C is concentration in molarity.","'99.56798553"
"'246","'LINE","'Thus, partial pressure of each species for the above general reaction is:","'99.99342346"
"'246","'LINE","'Pₐ = nART/V = CART","'74.04619598"
"'246","'LINE","'Kₚ = [πCRT/V]""[nDRT/V]"" [nART/V]""[nBRT/V]"" =","'63.05209351"
"'246","'LINE","'Where An = (c + d) - (a + b) for gaseous species","'87.75636292"
"'246","'LINE","'C","'92.62396240"
"'246","'LINE","'When the number of gaseous reactants and products are equal then, a +b=c+d","'98.01950836"
"'246","'LINE","'Therefore, An = 0 and, hence Kₚ = Kc","'87.50044250"
"'246","'LINE","'Example 5.4","'99.72167969"
"'246","'LINE","'1. The equilibrium constant (Kₚ) for the reaction:","'99.25587463"
"'246","'LINE","'2SO₃ (g)","'89.06897736"
"'246","'LINE","'2SO₂ (g) + O2 (g) is 1.8 X 10⁻³ kPa at 427 °C.","'92.44243622"
"'246","'LINE","'Calculate KC for the reaction at the same temperature.","'96.21496582"
"'246","'LINE","'Solution:","'99.89098358"
"'246","'LINE","'Given: Kₚ = 1.8 X 10⁻³ kPa = 1.8 Nm⁻², T = 427°C = 700 K and R =","'95.80948639"
"'246","'LINE","'8.314 N m K⁻¹ mol⁻¹","'96.36096954"
"'246","'LINE","'We know that Kp = KC (RT)⁴ⁿ","'79.23600006"
"'246","'LINE","'For the given reaction, An = (2 + 1) - 2 = 1","'90.75629425"
"'246","'LINE","'Therefore, Kc = Kₚ(RT)","'74.57619476"
"'246","'LINE","'KC = RT Kₚ = KC = 8.314 N m K⁻¹ 1.8 Nm⁻² mol⁻ X 700 = 3.1x10⁻⁴ m⁻³ mol","'81.86132050"
"'246","'LINE","'2. What are the values of Kp and Kc at 1000 °C for the reaction","'95.76809692"
"'246","'LINE","'CaCO3 (s)","'87.28116608"
"'246","'LINE","'1L","'88.64347076"
"'246","'LINE","'CaO (s) + CO2 (g) if the pressure of CO2 in equilibrium","'96.33499908"
"'246","'LINE","'with CaCO₃ and CaO is 3.87 atm?","'97.45011902"
"'246","'LINE","'236 UNIT 5","'99.46913910"
"'247","'LINE","'Chemical Equilibrium","'99.94061279"
"'247","'LINE","'Solution:","'99.88121796"
"'247","'LINE","'Enough information is given to find Kp first. Writing the Kp expression","'97.50441742"
"'247","'LINE","'for the reaction: Kₚ = PCO₂ = 3.87 atm,","'91.78166199"
"'247","'LINE","'R = 0.082 L atm K-¹ mol⁻¹ and","'92.18827820"
"'247","'LINE","'T = 1273 K","'97.70094299"
"'247","'LINE","'Then to get Kc, rearrange the equation, Kp = Kc(RT)⁴ⁿ Where n, the","'94.42147827"
"'247","'LINE","'change in the number of moles of gas in the reaction is +1.","'99.98028564"
"'247","'LINE","'KC = 0.082 L.atm. 3.87 K⁻¹ atm mol⁻¹ X 1273 K = 0.037 mol = 0.037 M","'90.20339966"
"'247","'LINE","'3. At 400 °C, Kc = 64 for the reaction","'96.00852966"
"'247","'LINE","'H2 (g) + I₂ (g)","'85.45925903"
"'247","'LINE","'1L","'88.15768433"
"'247","'LINE","'2HI (g)","'97.40074921"
"'247","'LINE","'a. What is the value of Kp for this reaction?","'96.86989594"
"'247","'LINE","'b. If at equilibrium, the partial pressures of H2 and I₂ in a container","'96.10098267"
"'247","'LINE","'are 0.20 atm and 0.50 atm, respectively, what is the partial pressure","'99.97959137"
"'247","'LINE","'of HI in the mixture?","'99.92677307"
"'247","'LINE","'Solution:","'99.88121796"
"'247","'LINE","'The equation relating Kₚ to KC is:","'91.93527222"
"'247","'LINE","'The change in the number of moles of gas An is:","'99.68280792"
"'247","'LINE","'An = 2 mol HI - 1 mol H2- 1 mol I2 = 0","'88.57438660"
"'247","'LINE","'Since, An = 0, Kₚ = KC","'86.06052399"
"'247","'LINE","'b. Write the equilibrium constant expression:","'99.97043610"
"'247","'LINE","'[P]","'12.04584885"
"'247","'LINE","'by rearranging the above equation, we can find PHI","'94.98306274"
"'247","'LINE","'PHI = /Kp_PH₂__P₁₂_ = X 0.2 atm X 0.5 atm = 2.53 atm","'88.28730011"
"'247","'LINE","'UNIT 5 237","'99.48866272"
"'248","'LINE","'CHEMISTRY GRADE 11","'99.92160797"
"'248","'LINE","'Exercise 5.6","'99.99023438"
"'248","'LINE","'1. At 327 °C, the equilibrium concentrations are","'99.05430603"
"'248","'LINE","'[CH₃OH] = 0.15 M, [CO] = 0.24 M and [H2] = 1.1 M for the reaction:","'92.63250732"
"'248","'LINE","'CH3OH (g)","'84.22672272"
"'248","'LINE","'CO (g) + 2H2 (g)","'91.06242371"
"'248","'LINE","'Calculate Kₚ at this temperature.","'98.60435486"
"'248","'LINE","'2. At 1100 K, Kₚ = 0.25 for the reaction:","'98.25233459"
"'248","'LINE","'2SO₂ (g) + O₂ (g)","'86.71243286"
"'248","'LINE","'2SO₃ (g)","'88.45104980"
"'248","'LINE","'What is the value of Kc at this temperature?","'94.40161896"
"'248","'LINE","'3. When 0.500 mol of N₂O₄ is placed in a 4.00 L reaction vessel and heated","'97.54441071"
"'248","'LINE","'at 400 K, 79.3% of the N₂O₄ decomposes to NO₂. The decomposition","'96.12977600"
"'248","'LINE","'reaction is: N₂O₄(g)","'96.19791412"
"'248","'LINE","'2NO₂ (g)","'84.31520844"
"'248","'LINE","'Calculate Kc and Kₚ of the reaction at 400 K.","'95.53218842"
"'248","'LINE","'Consider the reactions in which the product species in one equilibrium system are","'99.97177887"
"'248","'LINE","'involved in the second equilibrium process.","'99.99009705"
"'248","'LINE","'A","'87.95838165"
"'248","'LINE","'+","'96.57147217"
"'248","'LINE","'B","'90.06278229"
"'248","'LINE","'C + D","'83.21907043"
"'248","'LINE","'(i)","'99.93164063"
"'248","'LINE","'C","'97.00195313"
"'248","'LINE","'+","'95.30194092"
"'248","'LINE","'D","'96.29882813"
"'248","'LINE","'E+F","'69.22831726"
"'248","'LINE","'(ii)","'99.97070313"
"'248","'LINE","'The equilibrium constant expressions for reaction (i) and (ii), respectively, are","'99.96316528"
"'248","'LINE","'K₁ KIB and K2 = [C][D] [E][F]","'72.82277679"
"'248","'LINE","'The overall reaction is given by the sum of the two reactions:","'99.98684692"
"'248","'LINE","'A+B","'86.16737366"
"'248","'LINE","'C+D","'93.41993713"
"'248","'LINE","'C+D","'96.26024628"
"'248","'LINE","'E+F","'97.94212341"
"'248","'LINE","'Overall reaction :","'81.76499176"
"'248","'LINE","'A+B","'75.54655457"
"'248","'LINE","'E+F","'94.21903229"
"'248","'LINE","'The equilibrium constant expression for the overall reaction is:","'99.95146179"
"'248","'LINE","'K = [A][B] [E][F] = K₁ X K2 = [A][B] X [C][D] E F","'86.88568115"
"'248","'LINE","'Note that if a reaction is the sum of two or more reactions, the equilibrium constant","'99.93867493"
"'248","'LINE","'of the overall reaction is equal to the product of the equilibrium constants of the","'99.98611450"
"'248","'LINE","'individual reaction. That is: K overall = K₁ X K2 X K3","'86.49135590"
"'248","'LINE","'238 UNIT 5","'99.50846100"
"'249","'LINE","'Chemical Equilibrium","'99.89058685"
"'249","'LINE","'Example: 5.5","'99.83358765"
"'249","'LINE","'1. Determine KC for this reaction:","'93.31270599"
"'249","'LINE","'1/2N₂ (g) + 1/202 (g) + ¹/₂Br₂ (g)","'80.90827942"
"'249","'LINE","'NOBr (g)","'99.14470673"
"'249","'LINE","'from the following information at 298 K.","'98.81562805"
"'249","'LINE","'2NO (g)","'98.28981781"
"'249","'LINE","'N₂ (g) + O (g)","'84.70423889"
"'249","'LINE","'(i) K₁ = 2.4 X 10³⁰","'88.05434418"
"'249","'LINE","'NO (g) + 1/2Br₂ (g)","'87.26698303"
"'249","'LINE","'NOBr (g)","'98.69061279"
"'249","'LINE","'(ii) K2 = 1.4","'93.22096252"
"'249","'LINE","'Solution:","'99.88121796"
"'249","'LINE","'To calculate KC of the overall reaction, reactions (i) and (ii) must add up to","'97.85591888"
"'249","'LINE","'give the overall reaction. To do this, first reverse reaction (i) and multiply","'99.89587402"
"'249","'LINE","'½, so that it will have the form:","'92.93811035"
"'249","'LINE","'1/2N₂ (g) + 1/202 (g)","'82.58493805"
"'249","'LINE","'NO (g)","'99.39413452"
"'249","'LINE","'(iii)","'99.97070313"
"'249","'LINE","'Since the reaction equation is reversed and multiplied by 1/2, the equilibrium","'96.62391663"
"'249","'LINE","'constant for reaction (iii), K₁ is calculated as:","'94.78305817"
"'249","'LINE","'6.5x10⁻¹⁶","'66.04342651"
"'249","'LINE","'Now, add reactions (ii) and (iii):","'99.88268280"
"'249","'LINE","'NO (g) + ½Br₂(g)","'85.71323395"
"'249","'LINE","'NOBr (g) K2 = 1.4","'91.55760193"
"'249","'LINE","'1/2N₂ (g) + 1/202 (g)","'79.11702728"
"'249","'LINE","'NO (g)","'97.86581421"
"'249","'LINE","'K₁ = 6.5.5 10⁻¹⁶","'17.69810295"
"'249","'LINE","'Overall reaction: 1/2N₂ (g) + 1/202 (g) + 1/2Br2 (g)","'84.55773926"
"'249","'LINE","'NOBr (g)","'96.27362061"
"'249","'LINE","'Thus, the equilibrium constant for the overall reaction is:","'99.98129272"
"'249","'LINE","'Koverall = K2 X K1 = 1.4 X 6.5 X 10⁻¹⁶ = 9.1x10⁻¹⁶","'85.26883698"
"'249","'LINE","'UNIT 5 239","'99.12435150"
"'250","'LINE","'CHEMISTRY GRADE 11","'99.80767822"
"'250","'LINE","'Exercise 5.7","'99.80429077"
"'250","'LINE","'1. The following equilibrium constants were determined at 1123 K:","'99.46486664"
"'250","'LINE","'C (s) + CO2 (g)","'87.82604980"
"'250","'LINE","'2CO (g)","'95.12755585"
"'250","'LINE","'KC1 = 1.4 X 10¹²","'79.88832855"
"'250","'LINE","'CO (g) + Cl₂ (g)","'84.82051086"
"'250","'LINE","'COC1₂ (g)","'74.48122406"
"'250","'LINE","'KC2 = 5.5 X 10¹","'81.99240875"
"'250","'LINE","'Write the equilibrium constant expression Kc and calculate the","'98.34081268"
"'250","'LINE","'equilibrium constant at 1123 K for the following reaction.","'99.71318817"
"'250","'LINE","'C (s) + CO2 (g) + 2C1₂ (g)","'85.35887909"
"'250","'LINE","'2COCI₂ (g)","'70.56690216"
"'250","'LINE","'2. For the reaction:","'99.92167664"
"'250","'LINE","'H₂ (g) + Br₂ (g)","'90.69892120"
"'250","'LINE","'2HBr (g)","'96.38143921"
"'250","'LINE","'Kp = 7.1 X 10⁴ at 700 K.","'88.74190521"
"'250","'LINE","'What is the value of Kₚ for the following reactions at the same","'96.90212250"
"'250","'LINE","'temperature?","'99.83318329"
"'250","'LINE","'a. 2HBr (g)","'97.66794586"
"'250","'LINE","'H2 (g) + Br₂ (g)","'85.60534668"
"'250","'LINE","'b. ¹/₂H₂ (g) + ½ Br₂ (g)","'84.93411255"
"'250","'LINE","'HBr (g)","'97.92929077"
"'250","'LINE","'3. Calculate a value for the equilibrium constant for the reaction:","'99.85829926"
"'250","'LINE","'O₂ (g)","'73.04827118"
"'250","'LINE","'+","'94.76483154"
"'250","'LINE","'O","'60.93949127"
"'250","'LINE","'(g)","'96.98242188"
"'250","'LINE","'O₃ (g) from the following information","'93.42739868"
"'250","'LINE","'NO₂ (g)","'79.64874268"
"'250","'LINE","'NO","'98.66210938"
"'250","'LINE","'(g)","'96.36718750"
"'250","'LINE","'+","'97.27459717"
"'250","'LINE","'O","'67.58310699"
"'250","'LINE","'(g)","'97.33398438"
"'250","'LINE","'Kc = 6.8 X 10⁻⁴⁹","'85.63007355"
"'250","'LINE","'O₃ (g)","'83.00074005"
"'250","'LINE","'+","'96.99138641"
"'250","'LINE","'NO (g)","'97.45605469"
"'250","'LINE","'NO₂","'65.24134827"
"'250","'LINE","'(g)","'96.94335938"
"'250","'LINE","'+","'96.63005829"
"'250","'LINE","'O₂","'54.48441315"
"'250","'LINE","'(g)","'95.92773438"
"'250","'LINE","'Kc","'64.48720551"
"'250","'LINE","'=","'93.60271454"
"'250","'LINE","'5.8","'96.10351563"
"'250","'LINE","'X","'90.66506195"
"'250","'LINE","'10⁻³⁴","'70.04215240"
"'250","'LINE","'5.2.5","'99.92187500"
"'250","'LINE","'Applications of Equilibrium Constant","'99.89830780"
"'250","'LINE","'Useful information can be obtained from the value of equilibrium constant of a given","'99.92282867"
"'250","'LINE","'reaction at a particular temperature. The equilibrium constant of a reaction enables us to:","'99.69626617"
"'250","'LINE","'predict the composition of an equilibrium mixture (or predict extent of reaction);","'99.85891724"
"'250","'LINE","'predict the direction of the reaction","'99.98684692"
"'250","'LINE","'calculate the equilibrium concentrations of reactants and products from initial","'99.93524170"
"'250","'LINE","'concentrations.","'98.91402435"
"'250","'LINE","'A.","'82.98150635"
"'250","'LINE","'Predict the composition of an equilibrium mixture","'99.89784241"
"'250","'LINE","'Kc or Kₚ value is used predict the extent of the reactions at equilibrium. Very large","'97.23499298"
"'250","'LINE","'values of KC or Kₚ indicate that at equilibrium the reaction system consists of mainly","'96.44936371"
"'250","'LINE","'products and the equilibrium lies to the right, i.e., the reaction goes near to completion.","'99.92042542"
"'250","'LINE","'An equilibrium mixture contains about as much product as can be formed from the","'99.94967651"
"'250","'LINE","'given initial amounts of reactants.","'99.92630005"
"'250","'LINE","'240","'99.89257813"
"'250","'LINE","'UNIT 5","'99.24276733"
"'251","'LINE","'Chemical Equilibrium","'99.91619873"
"'251","'LINE","'However, if Kc or Kₚ values are very small, the equilibrium mixture consists of mainly","'96.56045532"
"'251","'LINE","'reactants and the reaction lies far to the left.","'99.97360229"
"'251","'LINE","'Note that a reaction goes essentially to completion if Kc or Kₚ > 10¹⁰ and not at all if","'97.07160950"
"'251","'LINE","'Kc or Kₚ < 10⁻¹⁰.","'85.67888641"
"'251","'LINE","'Exercise 5.8","'99.72616577"
"'251","'LINE","'1. Predict whether the formation of product is favoured for the following","'99.97558594"
"'251","'LINE","'reactions:","'99.95037079"
"'251","'LINE","'a. N₂ (g) + 3H, (g)","'90.07705688"
"'251","'LINE","'2NH₃ (g)","'78.75398254"
"'251","'LINE","'Kc = 3.6 X 10⁸","'85.48425293"
"'251","'LINE","'b. N₂O₄ (g)","'84.91018677"
"'251","'LINE","'2NO₂ (g)","'84.10743713"
"'251","'LINE","'KC = 5.0 X 10⁻³","'80.33554077"
"'251","'LINE","'c. 2CO₂ (g)","'86.24887085"
"'251","'LINE","'2CO (g) + O₂ (g)","'89.97452545"
"'251","'LINE","'Kc = 4.45 X 10⁻²⁴","'85.71280670"
"'251","'LINE","'2. Arrange the following reactions in order of their increasing tendency","'99.97943878"
"'251","'LINE","'to proceed towards completion (least extent to greatest extent):","'99.95841217"
"'251","'LINE","'a. CO + Cl₂","'95.82618713"
"'251","'LINE","'COC1₂","'46.88436508"
"'251","'LINE","'Kc = 13.8","'94.64883423"
"'251","'LINE","'b. 2CO₂","'82.65196991"
"'251","'LINE","'2CO + O₂","'83.43199158"
"'251","'LINE","'Kc = 2.0 X 10⁻⁶","'90.46871185"
"'251","'LINE","'c. 2NOCI","'78.17701721"
"'251","'LINE","'2NO + Cl2","'82.94529724"
"'251","'LINE","'Kc = 4.7 X 10⁻⁴","'84.27746582"
"'251","'LINE","'B.","'69.01924896"
"'251","'LINE","'Predict the direction of the reaction","'99.95240021"
"'251","'LINE","'Activity 5.4","'99.79003906"
"'251","'LINE","'Form a group and discuss the following. Share your ideas with the rest of the","'99.94212341"
"'251","'LINE","'class.","'99.89098358"
"'251","'LINE","'The equilibrium constant, Kc for the following reaction is 54.3 at 430 °C.","'97.21869659"
"'251","'LINE","'H₂ (g) + I₂ (g)","'82.57959747"
"'251","'LINE","'2HI (g)","'97.21400452"
"'251","'LINE","'Suppose that in a certain experiment, 0.243, 0.146, and 1.98 moles of H2, I₂","'95.21750641"
"'251","'LINE","'and HI, respectively, are placed in a 1.0 L container at 430 °C. Will there be","'98.41345978"
"'251","'LINE","'a net reaction to form the H2, O2 or more HI?","'92.25077057"
"'251","'LINE","'To predict the direction of a reaction of a reaction, we first calculate the reaction","'99.86685181"
"'251","'LINE","'quotient (Qc) and compare it with the value of the equilibrium constant. The reaction","'98.96712494"
"'251","'LINE","'quotient is the ratio of concentrations of products to the concentrations of reactants","'99.95256805"
"'251","'LINE","'each raised to the power equal to its stoichiometric coefficient. Qc has the same form","'98.30782318"
"'251","'LINE","'as Kc, but involves concentrations that are not necessarily equilibrium concentrations.","'97.23469543"
"'251","'LINE","'UNIT 5","'98.68652344"
"'251","'LINE","'241","'99.89257813"
"'252","'LINE","'CHEMISTRY GRADE 11","'99.77186584"
"'252","'LINE","'For the general reaction:","'99.97538757"
"'252","'LINE","'aA + bB","'93.01419067"
"'252","'LINE","'cC + dD","'91.59007263"
"'252","'LINE","'Q = [A]°[B]ᵇ","'70.93258667"
"'252","'LINE","'Where [A], [B], [C] and [D] are concentrations at any stage during the reaction. At","'99.88018036"
"'252","'LINE","'the initial stages of the reaction, the amount of product formed is low, therefore, the","'99.98150635"
"'252","'LINE","'value of Q is small. As the reaction progresses, the value of Q also increases due to","'99.93868256"
"'252","'LINE","'the increase in concentration of the products. When the reaction attains equilibrium,","'99.95525360"
"'252","'LINE","'Q becomes equal to the equilibrium constant.","'99.89351654"
"'252","'LINE","'To predict the direction of the reaction, Q is compared with Kₑq:","'94.63308716"
"'252","'LINE","'(1) Q = Kₑq' the reaction is at equilibrium.","'92.90032196"
"'252","'LINE","'(2) Q < Kₑq' then the reaction will proceed to the right (the forward direction)","'94.91737366"
"'252","'LINE","'to consume the reactants and to form more products untill the equilibrium","'99.95376587"
"'252","'LINE","'is reached.","'99.95077515"
"'252","'LINE","'(3) Q > K the reaction will proceed to the left (the reverse direction) to reduce","'98.15998077"
"'252","'LINE","'the products until the equilibrium is reached.","'99.93898773"
"'252","'LINE","'Example 5.6","'99.48242188"
"'252","'LINE","'1. At a certain temperature, the reaction:","'99.69641113"
"'252","'LINE","'CO (g) + Cl2 (g)","'82.86403656"
"'252","'LINE","'COC12 (g)","'65.85718536"
"'252","'LINE","'has an equilibrium constant Kc = 13.8. Is the following mixture an","'98.38514709"
"'252","'LINE","'equilibrium mixture? If not, to which direction (forward or backward) will","'99.96338654"
"'252","'LINE","'the reaction proceed to reach equilibrium?","'99.97545624"
"'252","'LINE","'[CO]₀ = 2.5 mol L⁻¹; [C1₂]₀ = 1.2 mol L⁻¹, and [COC1₂]₀ = 5.0 mol L⁻¹.","'89.32156372"
"'252","'LINE","'Solution:","'99.81285858"
"'252","'LINE","'Given: [CO]₀ = 2.5 mol L-1","'86.44501495"
"'252","'LINE","'[COC1₂]₀ = 5.0 mol L-¹","'76.80863190"
"'252","'LINE","'[C1₂]₀ = 1.2 mol L-¹","'74.69814301"
"'252","'LINE","'KC = 13.8","'80.05361176"
"'252","'LINE","'The expression for Qc is:","'90.94898224"
"'252","'LINE","'Qc = [CO][C1₂] [COC1₂] = 2.5 mol 5.0 L⁻¹ mol x1.2 mol L⁻¹ = 1.67","'84.99650574"
"'252","'LINE","'L⁻¹","'91.20296478"
"'252","'LINE","'Qc < Kc thus the reaction mixture is not an equilibrium mixture. So, the","'97.31281281"
"'252","'LINE","'reactants should combine to form more products to reach equilibrium, i.e., the","'99.94168854"
"'252","'LINE","'reaction should proceed further to the right (the forward direction).","'99.97428894"
"'252","'LINE","'242","'99.91210938"
"'252","'LINE","'UNIT 5","'98.68612671"
"'253","'LINE","'Chemical Equilibrium","'99.88610077"
"'253","'LINE","'Exercise 5.9","'99.85351563"
"'253","'LINE","'1. At a start of a reaction, there are 0.0218, 0.0145, ad 0.0783 moles of","'99.82973480"
"'253","'LINE","'H2, I₂ and HI, respectively, in a 3.5 liter reaction vessel at 430 °C.","'96.06352997"
"'253","'LINE","'Decide whether or not the reaction is at equilibrium. If not, predict in","'99.94830322"
"'253","'LINE","'which direction the reaction will proceed. The equilibrium reaction is:","'99.97225952"
"'253","'LINE","'H2 (g)","'85.36193085"
"'253","'LINE","'+","'96.53240204"
"'253","'LINE","'I₂ (g)","'81.43883514"
"'253","'LINE","'2HI (g)","'96.69802094"
"'253","'LINE","'Kc = 54.3 at 430 °C","'88.97760010"
"'253","'LINE","'2. At a very high temperature, the following reaction has Kc = 1.0 X 10⁻¹³","'94.25034332"
"'253","'LINE","'2HF (g)","'97.01620483"
"'253","'LINE","'H2 (g)","'82.82684326"
"'253","'LINE","'+","'93.86638641"
"'253","'LINE","'F2 (g)","'79.62262726"
"'253","'LINE","'At a certain time, the concentrations of HF, F2 and H2 were 0.4 M,","'95.32371521"
"'253","'LINE","'0.004 M and 0.001 M, respectively. Is the system at equilibrium? If not,","'99.87331390"
"'253","'LINE","'what must happen for the equilibrium to be reached?","'99.97142792"
"'253","'LINE","'3. The decomposition of NOBr is represented by the equation:","'99.94850159"
"'253","'LINE","'2NOBr (g)","'97.60622406"
"'253","'LINE","'2NO (g) + Br₂ (g)","'90.19720459"
"'253","'LINE","'K C = 0.0169","'93.87052917"
"'253","'LINE","'At equilibrium the concentrations of NO and Br₂ are 1.05 X 10⁻² M","'97.01973724"
"'253","'LINE","'and 5.24 X 10⁻³ M, respectively. What is the concentration of NOBr?","'98.43710327"
"'253","'LINE","'C.","'93.94212341"
"'253","'LINE","'Calculat the equilibrium concentrations","'99.73642731"
"'253","'LINE","'Once equilibrium constant is determined for a reaction, it can be used to calculate the","'99.84911346"
"'253","'LINE","'concentrations or partial pressures in an equilibrium mixture. To calculate equilibrium","'99.92884827"
"'253","'LINE","'concentrations, follow the following steps:","'99.86268616"
"'253","'LINE","'1. Write the balanced equation for the reaction and then the KC or Kₚ expressions.","'95.69747925"
"'253","'LINE","'2. List the initial concentrations.","'99.76913452"
"'253","'LINE","'3. Calculate Qc or Qₚ to determine the direction of the reaction, if initial","'94.97815704"
"'253","'LINE","'concentrations of the reactants and products are given.","'99.98271179"
"'253","'LINE","'4. Define the change in concentration needed to reach equilibrium and find the","'99.96038818"
"'253","'LINE","'equilibrium concentrations by using the change of the initial concentrations.","'99.88042450"
"'253","'LINE","'5. Substitute the equilibrium concentrations into the KC or Kₚ expression, solve","'94.92182922"
"'253","'LINE","'for the unknown.","'99.94359589"
"'253","'LINE","'6. Check whether the calculated equilibrium concentrations give the correct","'99.95330811"
"'253","'LINE","'value of Kc or Kₚ.","'85.91051483"
"'253","'LINE","'UNIT 5","'98.55468750"
"'253","'LINE","'243","'99.97070313"
"'254","'LINE","'CHEMISTRY GRADE 11","'99.84999084"
"'254","'LINE","'Example 5.7","'99.47265625"
"'254","'LINE","'1. The equilibrium constant, KC is 69 for the following reaction:","'97.51896667"
"'254","'LINE","'H2 (g) + I₂(g) 11 2HI (g)","'84.18523407"
"'254","'LINE","'Given that 1 mole of H₂and 2 moles of I2 were added to a 500 mL reaction","'96.46281433"
"'254","'LINE","'vessel. Determine the molar concentrations in the mixture at equilibrium.","'99.92353058"
"'254","'LINE","'Solution:","'99.89098358"
"'254","'LINE","'1. The equation for the reaction is:","'99.97349548"
"'254","'LINE","'H₂(g) + I₂(g)","'88.54332733"
"'254","'LINE","'2HI (g)","'95.05291748"
"'254","'LINE","'Kc=","'24.08522034"
"'254","'LINE","'05","'23.49888420"
"'254","'LINE","'1 mol","'77.14674377"
"'254","'LINE","'=2M","'68.17889404"
"'254","'LINE","'2. No need to calculate Qc since [HI]₀ = 0","'92.17946625"
"'254","'LINE","'3. Let the number of moles of H2 (or I₂) consumed per liter to reach an","'97.41139984"
"'254","'LINE","'equilibrium is x. Since the stoichiometric proportion of each reactant","'98.66249084"
"'254","'LINE","'(H₂ and I₂) and the product HI is 1:2, for every x of both reactants","'96.23753357"
"'254","'LINE","'consumed the concentration of HI formed is 2x. These changes are shown","'98.96472931"
"'254","'LINE","'here:","'99.97070313"
"'254","'LINE","'Concentration","'99.99023438"
"'254","'LINE","'H2","'82.54624176"
"'254","'LINE","'+","'98.83629608"
"'254","'LINE","'I2","'68.06979370"
"'254","'LINE","'2HI","'99.16673279"
"'254","'LINE","'Initial","'99.97070313"
"'254","'LINE","'2.0 M","'96.56379700"
"'254","'LINE","'4.0 M","'96.25259399"
"'254","'LINE","'0","'72.18112183"
"'254","'LINE","'Change","'99.99023438"
"'254","'LINE","'-x","'92.81189728"
"'254","'LINE","'-x","'91.88137817"
"'254","'LINE","'+2x","'96.40705109"
"'254","'LINE","'Equilibrium","'99.71121216"
"'254","'LINE","'2.0 M-x","'61.02339554"
"'254","'LINE","'2.0 M-x","'75.87670898"
"'254","'LINE","'2x","'97.13229370"
"'254","'LINE","'4. Substituting the equilibrium concentrations:","'99.94663239"
"'254","'LINE","'Kc","'55.66735077"
"'254","'LINE","'64 = (2.0 M - x)(4.0 M - x) (2x)² = (2x)² 6x + 8","'78.09075165"
"'254","'LINE","'244 UNIT 5","'98.90598297"
"'255","'LINE","'Chemical Equilibrium","'99.95525360"
"'255","'LINE","'By rearranging, we get:","'99.80090332"
"'255","'LINE","'4x2 = 64x² - 384x + 512","'82.64926910"
"'255","'LINE","'By rearranging again, we get:","'99.90856171"
"'255","'LINE","'60x² - 384x + 512 = 0","'83.53239441"
"'255","'LINE","'This is a quadratic equation of the general formula ax² + bx + c = 0","'96.02596283"
"'255","'LINE","'The values of X can be obtained from the quadratic formula:","'99.70301056"
"'255","'LINE","'x -b± √b² - 4ac","'53.50725555"
"'255","'LINE","'=","'96.48198700"
"'255","'LINE","'2a","'89.48341370"
"'255","'LINE","'In this example a = 60, b = -384 and c = 512. Therefore:","'98.49213409"
"'255","'LINE","'— (-384) ± √(-384)² - 4(60 X 512)","'83.08178711"
"'255","'LINE","'x =","'90.15695190"
"'255","'LINE","'2x60","'95.11240387"
"'255","'LINE","'384 ± √2.5 X 10⁴ 384±158","'91.32743073"
"'255","'LINE","'=","'94.85192108"
"'255","'LINE","'=","'97.66362000"
"'255","'LINE","'120","'99.79492188"
"'255","'LINE","'120","'99.71679688"
"'255","'LINE","'x = 1.9 M or 4.5 M","'97.57527924"
"'255","'LINE","'But the change in concentration cannot be greater than the initial concentrations","'99.73456573"
"'255","'LINE","'of the H2, i.e., 2 M. Thus, only 1.9 is a reasonable value. Therefore, the","'98.11705017"
"'255","'LINE","'equilibrium concentration of each species is:","'99.98508453"
"'255","'LINE","'[H2] = 2.0 - x = 2.0 M - 1.9 M = 0.1 M","'91.52012634"
"'255","'LINE","'[I2] = 4.0 - x = 4.0 M - 1.9 M = 2.1 M","'90.87517548"
"'255","'LINE","'[HI] = 2x = 2(1.9 M) = 3.8 M.","'97.30255890"
"'255","'LINE","'Check KC = [H₂][I₂] [HI]² = 0.1M (3.8 X M)² 2.1M 68.76 ≈ 69","'85.83096313"
"'255","'LINE","'=","'98.90306091"
"'255","'LINE","'Therefore, the calculated equilibrium concentrations are correct.","'99.98721313"
"'255","'LINE","'UNIT 5 245","'99.77539063"
"'256","'LINE","'CHEMISTRY GRADE 11","'99.84348297"
"'256","'LINE","'Exercise 5.10","'99.65332031"
"'256","'LINE","'1. For the equilibrium:","'99.80698395"
"'256","'LINE","'N₂O₄ (g)","'77.39377594"
"'256","'LINE","'2NO₂ (g)","'85.98782349"
"'256","'LINE","'K = 0.36 at 100 °C","'95.99938202"
"'256","'LINE","'C","'95.61623383"
"'256","'LINE","'A sample of 0.25 mol N₂O₄ is allowed to dissociate and come to","'97.25231171"
"'256","'LINE","'equilibrium in a 1.5 L flask at 100°C. What are the equilibrium","'99.30026245"
"'256","'LINE","'concentrations of NO₂ and NO? 2","'91.19417572"
"'256","'LINE","'2. At 400 °C, the equilibrium constant for the reaction is 64:","'98.91789246"
"'256","'LINE","'H2 (g) + I₂ (g)","'83.23171997"
"'256","'LINE","'2HI (g)","'90.74587250"
"'256","'LINE","'A mixture of 0.250 mol H2 and 0.250 mol I₂ was introduced into an empty 0.75 L","'95.23075104"
"'256","'LINE","'reaction vessel at 400 °C, find the equilibrium concentrations of all components.","'99.00704956"
"'256","'LINE","'5.2.6","'99.95117188"
"'256","'LINE","'Changing Equilibrium Conditions: Le-Chatelier's Principle","'99.80979156"
"'256","'LINE","'Consider a chemical reaction that is initially at equilibrium. Often a change in","'99.86795807"
"'256","'LINE","'conditions will displace the reaction from equilibrium. The reaction then shifts","'99.96376801"
"'256","'LINE","'toward one direction or the other (left to right or right to left as the equation is","'99.96707153"
"'256","'LINE","'written) as it changes to a new equilibrium state. The direction of an equilibrium","'99.86106110"
"'256","'LINE","'reaction will shift when a change in conditions occurs is predicted by Le Chatelier's","'99.90795135"
"'256","'LINE","'principle.","'99.88042450"
"'256","'LINE","'Le Châtelier's principle states that if a change is imposed on a system at equilibrium,","'99.46060944"
"'256","'LINE","'the position of the equilibrium will shift in a direction that tends to reduce that","'99.96371460"
"'256","'LINE","'change.","'99.96014404"
"'256","'LINE","'The factors whose change may affect a reaction equilibrium include concentration of","'99.82252502"
"'256","'LINE","'a reactant or product, reaction volume or applied pressure, and temperature.","'99.79832458"
"'256","'LINE","'A.","'83.42893219"
"'256","'LINE","'Effect of Change in The Concentration","'99.95525360"
"'256","'LINE","'Activity 5.5","'99.74609375"
"'256","'LINE","'Sit in pair and discuss the following idea. Share your discussion with the whole","'99.98663330"
"'256","'LINE","'class. Consider the following equilibrium reaction:","'99.98345947"
"'256","'LINE","'N₂ (g)","'75.81791687"
"'256","'LINE","'+","'94.10813904"
"'256","'LINE","'3H2 (g)","'76.41491699"
"'256","'LINE","'2NH3 (g)","'79.89068604"
"'256","'LINE","'Suppose at equilibrium position the concentrations of [N2] = 0.399 M,","'95.83897400"
"'256","'LINE","'[H2] = 1.197 M, and [NH₃] = 0.202 M.","'91.31127930"
"'256","'LINE","'a. What will happen if 1.000 M of N₂ is suddenly injected into the system?","'97.66587067"
"'256","'LINE","'246","'99.97070313"
"'256","'LINE","'UNIT 5","'99.11581421"
"'257","'LINE","'Chemical Equilibrium","'99.87673187"
"'257","'LINE","'b. What are the new concentrations of [N₂], [H2] and [NH₃] after the","'95.47777557"
"'257","'LINE","'system reaches the new equilibrium? (Hint: assume the KC value at","'97.96418762"
"'257","'LINE","'both equilibrium positions is equal.)","'99.95687103"
"'257","'LINE","'When a system at equilibrium is disturbed by a change of concentration of one of the","'99.85056305"
"'257","'LINE","'components, the system reacts in the direction that reduces the change. That is:","'99.97953033"
"'257","'LINE","'If the concentration increases, the system reacts to reduces some of it.","'99.95959473"
"'257","'LINE","'If the concentration decreases, the system reacts to produce some of it.","'99.95715332"
"'257","'LINE","'Consider the general reaction:","'99.97558594"
"'257","'LINE","'A +BC+D","'53.31461334"
"'257","'LINE","'An increase in the concentration of A or B, or both, shifts the equilibrium position to","'99.91294098"
"'257","'LINE","'the right, that is, toward the formation of more products. Similarly, a decrease in the","'99.96056366"
"'257","'LINE","'concentration of C or D, or both, shifts the equilibrium position to the right. However,","'99.68266296"
"'257","'LINE","'an increase in the concentration of C or D, or both (or a decrease in A or B, or both)","'99.52104950"
"'257","'LINE","'shifts the equilibrium position to the left.","'99.96756744"
"'257","'LINE","'Consider the following reversible reaction:","'99.97835541"
"'257","'LINE","'H₂(g)","'85.26287842"
"'257","'LINE","'+","'91.98162842"
"'257","'LINE","'I₂(g)","'85.68936920"
"'257","'LINE","'2HI(g)","'98.50187683"
"'257","'LINE","'Kc = [H₂ [HI]² ][I₂]","'70.49800873"
"'257","'LINE","'If you wish to convert as much H2 to HI as possible, you might increase the","'98.78561401"
"'257","'LINE","'concentration of I₂. To understand the effect of this, first suppose that a mixture of","'98.09844971"
"'257","'LINE","'H2, I₂, and HI is at equilibrium. If I₂ is now added to this mixture, the equilibrium is","'94.94140625"
"'257","'LINE","'disturbed. Thus, the reaction will now go in the direction that will use up some of the","'99.97505951"
"'257","'LINE","'added I₂. Consequently, adding more I2 has the effect of converting a greater quantity","'95.32335663"
"'257","'LINE","'of hydrogen to HI.","'99.92331696"
"'257","'LINE","'Note that adding or removing reactants or products changes the value of Qc. It does","'98.45830536"
"'257","'LINE","'not change the value of Kc.","'96.52124786"
"'257","'LINE","'Exercise 5.11","'99.79980469"
"'257","'LINE","'A and B react to produce C according to the following chemical equation:","'96.83048248"
"'257","'LINE","'A","'83.03830719"
"'257","'LINE","'+","'95.77886200"
"'257","'LINE","'B","'68.85702515"
"'257","'LINE","'C","'91.96289063"
"'257","'LINE","'Amounts of A and B are added to an equilibrium reaction mixture of A, B,","'97.22980499"
"'257","'LINE","'and C such that when equilibrium is again reached, the amounts of A and B","'99.41287994"
"'257","'LINE","'are doubled in the same volume. How is the amount of C changed?","'99.08628082"
"'257","'LINE","'UNIT 5","'98.91073608"
"'257","'LINE","'247","'99.71679688"
"'258","'LINE","'CHEMISTRY GRADE 11","'99.83371735"
"'258","'LINE","'Experiment 5.1","'99.85839844"
"'258","'LINE","'The Effect of Change in Concentration on Equilibrium Position","'99.95272064"
"'258","'LINE","'Objective: To study the effect of concentration on the position of equilibrium.","'99.87655640"
"'258","'LINE","'Apparatus: Test tubes, test tube stands, 100 mL beakers","'99.96835327"
"'258","'LINE","'Chemicals: 0.1M HNO3 solution, 0.05M Fe (NO₃)₃ solution in 0.1M HNO3,","'91.90585327"
"'258","'LINE","'0.01M KSCN solution in 0.1M HNO₃.","'93.04203033"
"'258","'LINE","'Procedure:","'99.93083954"
"'258","'LINE","'1. Take 5 test tubes and label them as 1, 2, 3, 4 and 5. Keep them in a test tube","'99.82457733"
"'258","'LINE","'rack.","'99.99023438"
"'258","'LINE","'2. Take 50 mL of 0.05 M solution of Fe( NO₃) 3 in a beaker.","'96.58164215"
"'258","'LINE","'3. In separate beakers take 10 mL of 0.01 M KSCN solution and 20 mL of","'99.96012878"
"'258","'LINE","'0.1 M HNO3 acid solution.","'93.69881439"
"'258","'LINE","'4. Mix the solutions as in the given table to prepare 5 different solutions","'99.96628571"
"'258","'LINE","'Volume in mL of:","'99.90458679"
"'258","'LINE","'Test tube","'99.94628906"
"'258","'LINE","'0.05M Fe(NO₃ ) 3","'85.51640320"
"'258","'LINE","'0.1M HNO3","'93.63809204"
"'258","'LINE","'0.01M KSCN","'98.74362183"
"'258","'LINE","'1","'99.37260437"
"'258","'LINE","'1.0","'99.97070313"
"'258","'LINE","'4.0","'99.99023438"
"'258","'LINE","'5.0","'99.97070313"
"'258","'LINE","'2","'99.95117188"
"'258","'LINE","'2.0","'99.99023438"
"'258","'LINE","'3.0","'99.99023438"
"'258","'LINE","'5.0","'100.00000000"
"'258","'LINE","'3","'99.56393433"
"'258","'LINE","'3.0","'100.00000000"
"'258","'LINE","'2.0","'99.99023438"
"'258","'LINE","'5.0","'100.00000000"
"'258","'LINE","'4","'99.84295654"
"'258","'LINE","'4.0","'99.99023438"
"'258","'LINE","'1.0","'99.97070313"
"'258","'LINE","'5.0","'100.00000000"
"'258","'LINE","'5","'99.87304688"
"'258","'LINE","'5.0","'99.99023438"
"'258","'LINE","'0.0","'99.80069733"
"'258","'LINE","'5.0","'99.99023438"
"'258","'LINE","'5. Note the color of the solution in each test tube.","'99.97499847"
"'258","'LINE","'6. Arrange the test tubes in increasing order of color intensity.","'99.97122955"
"'258","'LINE","'Observations and analysis:","'99.96366119"
"'258","'LINE","'1. Which direction is exothermic and which is endothermic? Explain your","'99.96604919"
"'258","'LINE","'results.","'99.91051483"
"'258","'LINE","'2. Correlate the colour intensity with the concentration of Fe³⁺ in the test tube.","'99.56854248"
"'258","'LINE","'Hint: Fe³⁺ forms deep red colour complex with SCN ions.","'98.85084534"
"'258","'LINE","'Fe³⁺ (aq) + SCN (aq)","'94.85319519"
"'258","'LINE","'Fe (SCN) 2+ (aq) deep red","'97.72301483"
"'258","'LINE","'3. By taking different volumes of Fe(NO₃)₃ in the test tubes the concentration of","'99.20526886"
"'258","'LINE","'Fe³⁺ is varied in the solution. Calculate the concentration of Fe³⁺ ions in each","'98.40018463"
"'258","'LINE","'test tube and correlate with the color intensity.","'99.98637390"
"'258","'LINE","'248","'99.97070313"
"'258","'LINE","'UNIT 5","'99.22851563"
"'259","'LINE","'Chemical Equilibrium","'99.95037079"
"'259","'LINE","'4. In the test tube take 1.0 mL of Fe(NO₃)₃ solution and add 4.0 mL of HNO3","'97.56465912"
"'259","'LINE","'solution followed by 1.0 mL of KSCN solution. Mix well and note the color.","'99.91467285"
"'259","'LINE","'Add 1.0 mL of Fe(NO₃)₃ solution and again note the color of the solution.","'98.39228821"
"'259","'LINE","'Test tube","'99.85351563"
"'259","'LINE","'Test tube rack","'99.96419525"
"'259","'LINE","'0.05 M Fe(NO₃)₃ 0.01 M KSCN 0.01 M HNO3","'92.23971558"
"'259","'LINE","'Figure 5.2: Laboratory set-up for the effect of changes in concentration","'99.92336273"
"'259","'LINE","'on equilibrium of Fe³⁺(aq) and SCN-(aq)","'90.25540161"
"'259","'LINE","'B.","'75.55624390"
"'259","'LINE","'Effect of Change in Pressure","'99.97233582"
"'259","'LINE","'Activity 5.6","'99.82910156"
"'259","'LINE","'Explain why changes in pressure have little effect on the concentrations of","'99.97959137"
"'259","'LINE","'solids or liquids. Hint: Refer to Unit 3 Physical States of Matter.","'99.94318390"
"'259","'LINE","'A change in pressure affects only equilibrium systems that involve gases. Pressure","'99.81662750"
"'259","'LINE","'changes can occur in three ways:","'99.96568298"
"'259","'LINE","'changing the concentration of a gaseous component","'99.95200348"
"'259","'LINE","'adding an inert gas","'99.95341492"
"'259","'LINE","'changing the volume of the reaction vessel.","'99.97013092"
"'259","'LINE","'Adding an inert gas has no effect on the equilibrium position. The reason is that inert gas","'99.10324860"
"'259","'LINE","'molecules do not take part in the reaction and therefore cannot affect the equilibrium","'99.95682526"
"'259","'LINE","'in any way. However, the addition of an inert gas increases the total pressure but","'99.97694397"
"'259","'LINE","'has no effect on the concentrations or partial pressures of the reactants or products.","'99.95129395"
"'259","'LINE","'A pressure change obtained by changing the volume can affect the yield of product in","'99.80162048"
"'259","'LINE","'a gaseous reaction if the reaction involves a change in total moles of gas. According","'99.94689178"
"'259","'LINE","'to Le Chatelier's principle, if a pressure at equilibrium is increased (volume","'99.58702087"
"'259","'LINE","'UNIT 5","'99.02832031"
"'259","'LINE","'249","'99.93164063"
"'260","'LINE","'CHEMISTRY GRADE 11","'99.78814697"
"'260","'LINE","'decreased) then the reaction will proceed in the direction that relieves the pressure.","'99.96326447"
"'260","'LINE","'Thus, an increase in pressure of the system at a constant temperature shifts the","'99.94409943"
"'260","'LINE","'equilibrium in the direction that produces a smaller number of gaseous molecules,","'99.87573242"
"'260","'LINE","'whereas a decrease in pressure shifts in the direction of greater number (moles) of","'99.94839478"
"'260","'LINE","'gaseous molecules.","'99.89626312"
"'260","'LINE","'For a general reaction:","'99.93856812"
"'260","'LINE","'aA + bB","'94.82255554"
"'260","'LINE","'cC + dD","'96.30760193"
"'260","'LINE","'The effect of pressure is decided by:","'99.99023438"
"'260","'LINE","'If An > 0, the total moles of products is greater than the total moles of reactants.","'95.95066071"
"'260","'LINE","'Lowering of pressure will favor the reaction in the forward direction.","'99.98476410"
"'260","'LINE","'If n < 0, the total moles of products is less than the total moles of reactants.","'96.34588623"
"'260","'LINE","'Increasing the pressure will favor the reaction in the forward direction.","'99.98380280"
"'260","'LINE","'If An = 0, the change in pressure has no effect on the position of equilibrium.","'97.02256012"
"'260","'LINE","'For example, in the formation of ammonia:","'99.98023987"
"'260","'LINE","'N₂ (g) + 3H2 (g)","'81.37527466"
"'260","'LINE","'2NH3 (g)","'82.74951935"
"'260","'LINE","'An=2-(1+3)=2 =","'53.67277145"
"'260","'LINE","'Therefore, an increase in pressure at equilibrium will favor the forward reaction.","'99.95653534"
"'260","'LINE","'For the dissociation of dinitrogen tetroxide:","'99.88895416"
"'260","'LINE","'N₂O₄ (g)","'78.95039368"
"'260","'LINE","'2NO₂ (g)","'86.37834930"
"'260","'LINE","'10-2-1-1 Il II","'46.23241043"
"'260","'LINE","'The decrease in pressure at equilibrium, favors the forward reaction.","'99.91668701"
"'260","'LINE","'Exercise 5.12","'99.92675781"
"'260","'LINE","'1. Look at each of the following equations and decide whether an","'99.97300720"
"'260","'LINE","'increase of pressure obtained by decreasing the volume will increase,","'99.98210144"
"'260","'LINE","'decrease, or have no effect on the amounts of products.","'99.95452118"
"'260","'LINE","'a.","'99.81285858"
"'260","'LINE","'CO","'97.75489807"
"'260","'LINE","'(g)","'98.09490204"
"'260","'LINE","'+","'96.37455750"
"'260","'LINE","'Cl₂ (g)","'75.72494507"
"'260","'LINE","'COC1₂ (g)","'76.49892426"
"'260","'LINE","'b. 2H2S (g)","'85.59902191"
"'260","'LINE","'2H₂ (g)","'75.34378815"
"'260","'LINE","'+","'98.24955750"
"'260","'LINE","'S₂ (g)","'87.49311829"
"'260","'LINE","'c.","'90.48648834"
"'260","'LINE","'C","'88.44806671"
"'260","'LINE","'(s)","'97.50896454"
"'260","'LINE","'+","'96.83354187"
"'260","'LINE","'S₂ (g)","'86.22658539"
"'260","'LINE","'CS2 (g)","'78.57670593"
"'260","'LINE","'250","'99.95117188"
"'260","'LINE","'UNIT 5","'99.08651733"
"'261","'LINE","'Chemical Equilibrium","'99.87633514"
"'261","'LINE","'C.","'90.79321289"
"'261","'LINE","'Effect of Change in Temperature","'99.97428894"
"'261","'LINE","'Activity 5.7","'99.59472656"
"'261","'LINE","'Sit in pair and discuss the similarities and differences between to the following two","'99.97535706"
"'261","'LINE","'reactions. Share your discussion with the whole class.","'99.99511719"
"'261","'LINE","'1.","'99.71679688"
"'261","'LINE","'H2 (g) + I₂ (g)","'81.80394745"
"'261","'LINE","'2HI (g)","'96.74604797"
"'261","'LINE","'2.","'99.93164063"
"'261","'LINE","'N₂ (g) + O₂(g)","'84.24082184"
"'261","'LINE","'2NO (g)","'97.68435669"
"'261","'LINE","'№ rxn = +182.6 kJ","'79.38729858"
"'261","'LINE","'Temperature has a profound effect on most reactions. Reaction rates usually increase","'99.93389893"
"'261","'LINE","'with an increase in temperature, meaning that equilibrium is reached sooner. Many","'99.95952606"
"'261","'LINE","'reactions have very low rates at room temperature, but speed up at higher temperatures.","'99.95129395"
"'261","'LINE","'Change of temperatures also changes the equilibrium constant values of a reaction.","'99.87980652"
"'261","'LINE","'Consider the Kc values of the methanation reaction at different temperatures:","'96.16281128"
"'261","'LINE","'CO(g) + 3H₂(g)","'81.11301422"
"'261","'LINE","'CH₄(g) + H₂O(g)","'84.42728424"
"'261","'LINE","'AH° = 206.2 kJ","'25.26765823"
"'261","'LINE","'KC for methanation at different temperatures","'96.54605865"
"'261","'LINE","'298","'99.97070313"
"'261","'LINE","'4.7 X 10²⁷","'92.86770630"
"'261","'LINE","'800","'99.99023438"
"'261","'LINE","'1.38 X 10⁵","'93.31380463"
"'261","'LINE","'1000","'99.99023438"
"'261","'LINE","'2.54 X 10²","'97.43582916"
"'261","'LINE","'1200","'99.97070313"
"'261","'LINE","'3.92","'99.91210938"
"'261","'LINE","'Reversible reactions are endothermic in one direction and exothermic in the other.","'99.97857666"
"'261","'LINE","'Consider a general reaction:","'99.92372131"
"'261","'LINE","'A","'92.22795868"
"'261","'LINE","'+","'97.33318329"
"'261","'LINE","'B","'64.39572906"
"'261","'LINE","'A + D + heat, which is an exothermic reaction.","'98.71526337"
"'261","'LINE","'If we consider heat as a reaction component of the aquarium system, a rise in","'99.90617371"
"'261","'LINE","'temperature ""adds"" heat to the system and a drop in temperature ""removes"" heat from","'99.62167358"
"'261","'LINE","'the system. As with a change in any other component, the system shifts to reduce the","'99.95235443"
"'261","'LINE","'effect of the change. Therefore, an increase in temperature at a constant pressure and","'99.92207336"
"'261","'LINE","'concentration favours the endothermic reaction. Whereas, a decrease in temperature","'99.89863586"
"'261","'LINE","'favors the exothermic reaction.","'99.93045044"
"'261","'LINE","'For example, formation of ammonia is an exothermic process:","'99.95715332"
"'261","'LINE","'N₂(g)+3H₂(g)","'48.45722961"
"'261","'LINE","'2NH3 (g) + 92 kJ","'84.18204498"
"'261","'LINE","'AH° ₙₙ = 92 kJ","'10.11604118"
"'261","'LINE","'UNIT 5","'98.21289063"
"'261","'LINE","'251","'99.68750000"
"'262","'LINE","'CHEMISTRY GRADE 11","'99.77864838"
"'262","'LINE","'From the equation we can see that 92 kJ of heat is released when NH₃ is produced from","'98.08476257"
"'262","'LINE","'N₂ and H2. Therefore, the forward reaction is exothermic, while the reverse reaction is","'96.71924591"
"'262","'LINE","'endothermic. Thus, an increase in temperature favors the decomposition of ammonia","'99.95577240"
"'262","'LINE","'to N₂ and H2, i.e, shifts the equilibrium to the left or reactant side. Whereas, a decrease","'97.58854675"
"'262","'LINE","'in temperature favors the formation of ammonia (shifts the equilibrium to the right or","'99.96181488"
"'262","'LINE","'product side).","'99.85311890"
"'262","'LINE","'Exercise 5.13","'99.88769531"
"'262","'LINE","'Consider the possibility of converting CO2 to CO by the endothermic","'97.49939728"
"'262","'LINE","'reaction:","'99.93083954"
"'262","'LINE","'CO2 (g) + H2 (g)","'84.37157440"
"'262","'LINE","'CO (g) + H2O (g)","'90.99164581"
"'262","'LINE","'Is a high or a low temperature more favorable for the production of carbon","'99.86745453"
"'262","'LINE","'monoxide? Explain.","'99.86128998"
"'262","'LINE","'Experiment 5.2","'99.69238281"
"'262","'LINE","'The Effect of Change in Temperature on the Equilibrium Position","'99.94647217"
"'262","'LINE","'Objective: Determination of the effect of changes in temperature on the position","'99.97036743"
"'262","'LINE","'of equilibrium of iodine and starch.","'99.97180176"
"'262","'LINE","'Apparatus: Test tubes, water bath, stands, Bunsen burner, thermometer.","'99.95688629"
"'262","'LINE","'Chemicals: Iodine, starch.","'99.90699005"
"'262","'LINE","'Procedure:","'99.95037079"
"'262","'LINE","'1. Add a few drops of iodine to some starch solution in a test tube. Record","'99.92148590"
"'262","'LINE","'your observations.","'99.93532562"
"'262","'LINE","'2. Heat the solution to about 80°C using a water bath. Record your observation.","'99.78301239"
"'262","'LINE","'What do you conclude from this?","'99.98358917"
"'262","'LINE","'3. Cool the container by placing it in an ice box. Record your observation.","'99.96408081"
"'262","'LINE","'252","'99.93164063"
"'262","'LINE","'UNIT 5","'99.08691406"
"'263","'LINE","'Chemical Equilibrium","'99.91051483"
"'263","'LINE","'Thermometer","'99.99023438"
"'263","'LINE","'Stand","'100.00000000"
"'263","'LINE","'Test tube containing","'99.99674225"
"'263","'LINE","'solution of iodine","'99.94359589"
"'263","'LINE","'and starch","'100.00000000"
"'263","'LINE","'Water bath","'99.99023438"
"'263","'LINE","'Bunsen burner","'99.99511719"
"'263","'LINE","'Beaker containing ice","'99.99023438"
"'263","'LINE","'Figure 5.3: Laboratory set-up for the effect of changes in temperature","'99.94371033"
"'263","'LINE","'on equilibrium of iodine and starch","'99.95362854"
"'263","'LINE","'Observations and analysis:","'99.96691895"
"'263","'LINE","'1. Is this reaction an example of an equilibrium reaction?","'99.93669891"
"'263","'LINE","'2. Which direction is exothermic and which is endothermic? Explain your","'99.98468781"
"'263","'LINE","'results.","'99.88042450"
"'263","'LINE","'3. What can you conclude based on your observations?","'99.97811890"
"'263","'LINE","'D.","'99.95117188"
"'263","'LINE","'Effect of Catalyst","'99.98671722"
"'263","'LINE","'As we learned in Unit 4, a catalyst is a substance that increases the rate of a reaction","'99.91981506"
"'263","'LINE","'but is not used up in the reaction. A catalyst is shown over the arrow in an equation","'99.59561157"
"'263","'LINE","'for a chemical reaction and does not appear in an equilibrium constant or in the","'99.92721558"
"'263","'LINE","'reaction quotients.","'99.71609497"
"'263","'LINE","'For instance, SO₃ is formed by the reaction of SO₂ with O₂:","'96.51209259"
"'263","'LINE","'Catalyst","'99.97070313"
"'263","'LINE","'2SO₂ (g) + O₂ (g)","'88.72257233"
"'263","'LINE","'2SO3 (g)","'74.60658264"
"'263","'LINE","'H°rxn = -197.6 kJ/mol","'93.01055145"
"'263","'LINE","'The reaction is very exothermic, but very slow. It is catalyzed commercially in the","'99.97303772"
"'263","'LINE","'Contact process by Pt, SiO₂, or V₂O₅, at high temperatures (400 to 700 °C).","'96.94817352"
"'263","'LINE","'UNIT 5","'99.23339844"
"'263","'LINE","'253","'99.99023438"
"'264","'LINE","'CHEMISTRY GRADE 11","'99.72629547"
"'264","'LINE","'Addition of a catalyst does not shift the equilibrium position. Because a catalyst","'99.86320496"
"'264","'LINE","'increases the rates of both forward and reverse reactions by the same factor, it has no","'99.92758179"
"'264","'LINE","'effect on the equilibrium composition of a reaction mixture. It speeds up reaching","'99.87628174"
"'264","'LINE","'equilibrium but does not change either the value of the equilibrium constant or the","'99.96524811"
"'264","'LINE","'equilibrium concentrations.","'99.55666351"
"'264","'LINE","'Exercise 5.14","'99.69726563"
"'264","'LINE","'Predict the effect of the following changes on equilibrium;","'99.94486237"
"'264","'LINE","'2SO₂","'78.16864777"
"'264","'LINE","'(g)","'95.00897217"
"'264","'LINE","'+","'95.18474579"
"'264","'LINE","'O₂","'54.48700714"
"'264","'LINE","'(g)","'92.84099579"
"'264","'LINE","'2SO₃","'74.85411072"
"'264","'LINE","'(g)","'93.43750000"
"'264","'LINE","'№","'36.93000793"
"'264","'LINE","'=","'91.06365204"
"'264","'LINE","'197.78","'92.82226563"
"'264","'LINE","'kJ","'92.39556885"
"'264","'LINE","'rxn","'93.75737000"
"'264","'LINE","'a. increasing pressure at constant temperature","'99.88962555"
"'264","'LINE","'b. increasing temperature at constant pressure","'99.96230316"
"'264","'LINE","'c. adding a catalyst.","'95.79415131"
"'264","'LINE","'5.2.7","'99.92187500"
"'264","'LINE","'Equilibrium and Industry","'99.90726471"
"'264","'LINE","'Industrial processes are designed to give maximum possible yield of the products. The","'99.95413208"
"'264","'LINE","'conditions for carrying out the reactions are varied based on Le Chatelier's principle.","'99.71740723"
"'264","'LINE","'The following processes demonstrate application of Le Chatelier's principle in the industry.","'99.36238098"
"'264","'LINE","'A.","'80.12057495"
"'264","'LINE","'Haber Process for the Manufacture of Ammonia","'99.91352844"
"'264","'LINE","'In 1909, Fritz Haber established the conditions under which atmospheric nitrogen,","'99.95748138"
"'264","'LINE","'N₂, would be converted to ammonia, NH₃, by reacting it with hydrogen, H2. The","'95.18768311"
"'264","'LINE","'Haber synthesis was developed into an industrial process by Carl Bosch.","'99.97322083"
"'264","'LINE","'The reaction between N₂ and H2 to produce NH₃ is an exothermic equilibrium reaction.","'93.78661346"
"'264","'LINE","'It releases 92.4 kJ/mol of energy at 298 K.","'99.18431854"
"'264","'LINE","'heat, pressure","'99.92107391"
"'264","'LINE","'N₂ (g) + (g)","'88.96881104"
"'264","'LINE","'= -92 kJ mol-1","'93.29958344"
"'264","'LINE","'2NH3 (g)","'75.02092743"
"'264","'LINE","'catalyst","'99.89257813"
"'264","'LINE","'According to Le Chatelier's principle, the production of ammonia is favoured by high","'99.92278290"
"'264","'LINE","'pressure and low temperature. However, the rate of the reaction at lower temperature","'99.96952057"
"'264","'LINE","'is extremely slow, so a higher temperature must be used to speed up the reaction which","'99.60372925"
"'264","'LINE","'results in a lower yield of ammonia. The equilibrium expression for the reaction is:","'99.85792542"
"'264","'LINE","'254","'99.92187500"
"'264","'LINE","'UNIT 5","'99.00390625"
"'265","'LINE","'Chemical Equilibrium","'99.91091156"
"'265","'LINE","'As the temperature increases, the equilibrium constant decreases and the yield of","'99.96264648"
"'265","'LINE","'ammonia decreases.","'99.79133606"
"'265","'LINE","'Temperature (°C)","'91.21332550"
"'265","'LINE","'Keq","'87.42047882"
"'265","'LINE","'25","'99.97070313"
"'265","'LINE","'6.4 X 10²","'95.48250580"
"'265","'LINE","'200","'100.00000000"
"'265","'LINE","'4.4 X 10⁻¹","'94.83112335"
"'265","'LINE","'300","'100.00000000"
"'265","'LINE","'4.3 X 10⁻³","'97.38972473"
"'265","'LINE","'400","'100.00000000"
"'265","'LINE","'1.6 X 10⁻⁴","'93.91388702"
"'265","'LINE","'500","'100.00000000"
"'265","'LINE","'1.5 X 10⁻⁵","'96.42266083"
"'265","'LINE","'In the industrial production of NH₃ by Haber process, the reaction rate is increased by:","'97.94431305"
"'265","'LINE","'adding a catalyst such as iron. It speeds up the reaction by lowering the","'99.96623230"
"'265","'LINE","'activation energy so that the N₂ bonds and H₂ bond can be more readily","'94.88672638"
"'265","'LINE","'broken.","'99.96014404"
"'265","'LINE","'increasing reaction temperature. When temperature is increased, reactant","'99.95149231"
"'265","'LINE","'molecules will get sufficient energy to overcome the energy barrier","'99.97322845"
"'265","'LINE","'(activation energy) so that the reaction is faster at higher temperatures, but","'99.34095001"
"'265","'LINE","'the yield of ammonia is lower at higher temperature.","'99.94928741"
"'265","'LINE","'At 200 °C and pressure above 750 atm, the yield of ammonia is almost 100%, i.e., the","'98.38834381"
"'265","'LINE","'reactants are completely converted to ammonia. Increasing the pressure increases the","'99.97116089"
"'265","'LINE","'final yield of ammonia, however high pressures are expensive to produce and difficult","'99.98022461"
"'265","'LINE","'to manage. So, the Haber process is carried out at pressures between 200 and 400 atm","'99.97360992"
"'265","'LINE","'and a temperature of 500 °C. The effect of temperature and pressure on the percentage","'99.19503021"
"'265","'LINE","'yields of ammonia for the Haber process in shown in Figure 5.4.","'99.93247223"
"'265","'LINE","'UNIT 5","'98.69628906"
"'265","'LINE","'255","'99.99023438"
"'266","'LINE","'CHEMISTRY GRADE 11","'99.85976410"
"'266","'LINE","'200 °C","'91.40196228"
"'266","'LINE","'800","'99.99023438"
"'266","'LINE","'80","'100.00000000"
"'266","'LINE","'300 °C","'92.33847046"
"'266","'LINE","'400 °C","'92.21789551"
"'266","'LINE","'% ammonia","'93.77730560"
"'266","'LINE","'60","'100.00000000"
"'266","'LINE","'500 °C","'92.12990570"
"'266","'LINE","'40","'99.99023438"
"'266","'LINE","'600 °C","'91.39977264"
"'266","'LINE","'20","'99.97070313"
"'266","'LINE","'700 °C","'93.02405548"
"'266","'LINE","'0","'99.77220154"
"'266","'LINE","'200","'99.99023438"
"'266","'LINE","'400","'100.00000000"
"'266","'LINE","'600","'100.00000000"
"'266","'LINE","'800","'99.99023438"
"'266","'LINE","'1000","'99.97070313"
"'266","'LINE","'Pressure (atm)","'99.93612671"
"'266","'LINE","'Figure 5.4: The effects of temperature and pressure on the percentage","'99.86092377"
"'266","'LINE","'yields of ammonia for the Haber process","'99.98163605"
"'266","'LINE","'In the commercial production of ammonia, NH₃ is continuously removed as it is","'97.38501740"
"'266","'LINE","'produced. Removing the products causes more N2- and H2 to combine according to Le","'92.57803345"
"'266","'LINE","'Chatelier's principle. The reaction never reaches equilibrium as the gas mixture leaving","'99.62911987"
"'266","'LINE","'the reactor is cooled to liquefy and remove the ammonia. The remaining mixture","'99.96176147"
"'266","'LINE","'of reactant gases is recycled through the reactor. The heat released by the reaction is","'99.98747253"
"'266","'LINE","'removed and used to heat the incoming gas mixture. Figure 5.5 shows a simplified","'99.93984985"
"'266","'LINE","'flow diagram for the Haber process:","'99.99172974"
"'266","'LINE","'Nitrogen","'99.99023438"
"'266","'LINE","'from the air","'99.97070313"
"'266","'LINE","'Nitrogen and Hydrogen","'99.99674225"
"'266","'LINE","'Iron catalyst","'99.94140625"
"'266","'LINE","'400-450°C","'92.62994385"
"'266","'LINE","'1:3 by volum","'99.95442963"
"'266","'LINE","'200 atm","'99.91699219"
"'266","'LINE","'Hydrogen","'99.97070313"
"'266","'LINE","'from natural gas","'99.97721100"
"'266","'LINE","'Gases are cooled","'99.97721100"
"'266","'LINE","'Untreated gas","'99.92107391"
"'266","'LINE","'and ammonia","'99.93045044"
"'266","'LINE","'Ammonia","'99.91051483"
"'266","'LINE","'recycled","'99.99023438"
"'266","'LINE","'turns to liquid","'99.97396088"
"'266","'LINE","'Figure 5.5: A flow diagram of the Haber process","'98.87994385"
"'266","'LINE","'256","'99.99023438"
"'266","'LINE","'UNIT 5","'99.32617188"
"'267","'LINE","'Chemical Equilibrium","'99.93083954"
"'267","'LINE","'Exercise 5.15","'99.79980469"
"'267","'LINE","'Answers the following questions:","'99.96766663"
"'267","'LINE","'1. Which compound is manufactured by the Haber process?","'99.97170258"
"'267","'LINE","'2. What are the raw materials used in the Haber process?","'99.97943878"
"'267","'LINE","'3. What is the role of iron in the Haber process?","'99.98128510"
"'267","'LINE","'B.","'64.43538666"
"'267","'LINE","'Contact Process for the Manufacture of Sulphuric acid","'99.88468170"
"'267","'LINE","'The Contact process is the production of sulphuric acid, H2SO₄, by the catalytic","'96.82542419"
"'267","'LINE","'oxidation of sulphur dioxide, SO₂, to sulphur trioxide, SO₃. It is a reversible reaction:","'96.67240143"
"'267","'LINE","'2SO₂(g)","'87.46512604"
"'267","'LINE","'+","'96.60076141"
"'267","'LINE","'O₂ (g)","'77.21311188"
"'267","'LINE","'2SO₃ (g)","'82.65843964"
"'267","'LINE","'AH = - -196 kJ","'82.99376678"
"'267","'LINE","'The Contact process involves the following steps:","'99.98872375"
"'267","'LINE","'i.","'99.72417450"
"'267","'LINE","'Preparation of sulphur dioxide gas, SO₂, by burning pure sulphur in the presence","'97.03514862"
"'267","'LINE","'of excess air:","'99.92433167"
"'267","'LINE","'S (s)","'96.26534271"
"'267","'LINE","'+","'97.73278046"
"'267","'LINE","'O2 (g)","'71.56464386"
"'267","'LINE","'SO₂ (g)","'86.46723938"
"'267","'LINE","'To improve the efficiency of a catalyst (in the nest step), various impurities present","'99.92102051"
"'267","'LINE","'in the mixture of SO₂ and air are first removed.","'97.95663452"
"'267","'LINE","'ii.","'99.85192108"
"'267","'LINE","'Conversion of SO₂ to sulphur trioxide, SO₃","'93.01612091"
"'267","'LINE","'Oxidation of SO₂ to SO₃ takes place at 450 °C in the presence of a catalyst, a","'98.30782318"
"'267","'LINE","'vanadium (V) oxide (V₂O₅):","'95.36461639"
"'267","'LINE","'2SO₂ (g)","'89.06877899"
"'267","'LINE","'O₂ (g)","'82.07918549"
"'267","'LINE","'V₂O₅","'84.43498230"
"'267","'LINE","'+","'98.20153046"
"'267","'LINE","'450 °C","'90.63705444"
"'267","'LINE","'2SO₃ (g)","'88.98417664"
"'267","'LINE","'iii. Converting sulfur trioxide into sulfuric acid, H2SO4","'93.94523621"
"'267","'LINE","'SO₃(g) is dissolved in concentrated H2SO₄ (98%) to produce disulphuric acid","'91.09661102"
"'267","'LINE","'or pyrosulpuric acid, also known as fuming sulphuric acid or oleum, H₂S₂O₂:","'96.30482483"
"'267","'LINE","'SO₃ (g)","'88.07038879"
"'267","'LINE","'+","'95.66326904"
"'267","'LINE","'H₂SO₄(1)","'43.54811096"
"'267","'LINE","'H₂S₂O₂(1)","'43.71651840"
"'267","'LINE","'Converting sulfur trioxide to sulfuric acid cannot be done just by adding water,","'99.96263885"
"'267","'LINE","'as the reaction is so uncontrollable that it creates a fog of sulfuric acid:","'99.24178314"
"'267","'LINE","'iv. Dilution of H₂S₂O₇ to obtain H2SO4","'86.21011353"
"'267","'LINE","'A calculated amount of water is added to obtain sulphuric acid of desired strength:","'99.23631287"
"'267","'LINE","'H2S2O7 (1)","'70.24164581"
"'267","'LINE","'+","'97.66522217"
"'267","'LINE","'H₂O (1)","'63.01977158"
"'267","'LINE","'2H2SO₄(1)","'42.61639023"
"'267","'LINE","'UNIT 5","'98.54003906"
"'267","'LINE","'257","'99.95117188"
"'268","'LINE","'CHEMISTRY GRADE 11","'99.76861572"
"'268","'LINE","'The oxidation of SO₂ to SO₃ (step ii) is an exothermic reaction. So, according to Le","'98.37104797"
"'268","'LINE","'Chatelier's principle, higher temperatures will force the equilibrium position to shift","'99.66758728"
"'268","'LINE","'to the left, favoring the production of SO₂, whereas lower temperatures would favor the","'98.38313293"
"'268","'LINE","'production of SO₃. However, the rate of reaching equilibrium at the lower temperatures","'98.68033600"
"'268","'LINE","'is extremely low. At higher temperature, equilibrium is reached rapidly but the yield of","'99.96333313"
"'268","'LINE","'SO₃ is lower. The temperature about 450 °C is a compromising situation whereby a","'98.87776184"
"'268","'LINE","'faster reaction rate results in a slightly lower yield.","'99.91946411"
"'268","'LINE","'Similarly, at higher pressures, the equilibrium position shifts to the least numbers of","'99.94567871"
"'268","'LINE","'gaseous molecules, i.e., SO₃. In the Contact process, V₂O₅ is also used to speed up","'97.48715210"
"'268","'LINE","'the rate of the reaction. Figure 5.6 shows the Contact process for the manufacture","'99.97309113"
"'268","'LINE","'of H₂SO₄.","'83.31771851"
"'268","'LINE","'S(s) + O₂(g) - SO₂(g)","'78.99918365"
"'268","'LINE","'SO₂(g) + O₂(g) - 2SO₃(g)","'78.90752411"
"'268","'LINE","'Sulphur","'99.92107391"
"'268","'LINE","'SO2","'69.25542450"
"'268","'LINE","'SO₃","'59.91170883"
"'268","'LINE","'Burning in air","'99.83670807"
"'268","'LINE","'450 - 500 °C","'86.62901306"
"'268","'LINE","'1 atm, V₂O₅","'80.74909210"
"'268","'LINE","'Dissolved in","'99.88241577"
"'268","'LINE","'Conc. H2SO₄","'84.08551788"
"'268","'LINE","'Dilution in water","'99.91536713"
"'268","'LINE","'H2SO4","'58.86539078"
"'268","'LINE","'H2S2O7","'59.50872803"
"'268","'LINE","'H₂S₂O₂(I) + H₂O(I) - 2H2SO₄(I)","'60.34970856"
"'268","'LINE","'Figure 5.6: A flow diagram of the Contact process","'98.65225220"
"'268","'LINE","'Exercise 5.16","'99.69726563"
"'268","'LINE","'Answer the following questions:","'99.96766663"
"'268","'LINE","'1. What is a mixture of H2SO₄ and free SO₃?","'92.97064209"
"'268","'LINE","'2. What are the raw materials for making SO₂ in the Contact process?","'98.03934479"
"'268","'LINE","'3. Why is SO₃ not directly added to make H₂SO₄?","'95.14042664"
"'268","'LINE","'258","'99.96093750"
"'268","'LINE","'UNIT 5","'99.27694702"
"'269","'LINE","'Chemical Equilibrium","'99.86168671"
"'269","'LINE","'Unit Summary","'94.24804688"
"'269","'LINE","'A system is said to be at equilibrium when its macroscopic properties like","'98.90500641"
"'269","'LINE","'temperature, pressure, concentration and energy do not change with time without","'99.97573853"
"'269","'LINE","'any outside help.","'99.95063782"
"'269","'LINE","'The equilibrium is dynamic in nature which means that although the macroscopic","'99.97036743"
"'269","'LINE","'properties do not change, the processes do not stop at molecular level.","'99.98203278"
"'269","'LINE","'Chemical equilibrium is the state of the reaction when the macroscopic properties","'99.97138214"
"'269","'LINE","'like temperature, pressure, volume and concentration of the reaction do not","'99.97566986"
"'269","'LINE","'change with time.","'99.98697662"
"'269","'LINE","'According to the law of mass action the rate at which A and B combine is directly","'97.43579865"
"'269","'LINE","'proportional to the product of their concentration terms each raised to the power","'99.99173737"
"'269","'LINE","'of its respected coefficient in the balanced chemical reaction.","'99.97803497"
"'269","'LINE","'For a general reaction at equilibrium a A+ bB","'98.41312408"
"'269","'LINE","'mM + nN the expression","'97.81381226"
"'269","'LINE","'for KC is:","'90.13306427"
"'269","'LINE","'KC","'47.56407547"
"'269","'LINE","'The expression for Kp is Kp=","'88.03199768"
"'269","'LINE","'provided that all A, B, M and N are","'96.37773132"
"'269","'LINE","'in gaseous state.","'99.85025787"
"'269","'LINE","'The unit of KC is (mol + - and the unit of Kp is (atm)","'93.80758667"
"'269","'LINE","'(m + n) - (a + b)","'30.00199127"
"'269","'LINE","'When KC > 1 the formation of products is favored at equilibrium.","'97.21063232"
"'269","'LINE","'When KC < 1, So the formation of products is not favored at equilibrium.","'97.40069580"
"'269","'LINE","'When KC = 1, it indicates that the reactants and the products are present in equal","'97.14974976"
"'269","'LINE","'amounts.","'99.89178467"
"'269","'LINE","'The reaction quotient is the ratio of concentrations of products to the","'99.97776031"
"'269","'LINE","'concentrations of reactants raised to the power of their respective coefficients at","'99.96962738"
"'269","'LINE","'any stage after the start of the reaction.","'99.99267578"
"'269","'LINE","'UNIT 5","'98.52499390"
"'269","'LINE","'259","'99.71679688"
"'270","'LINE","'CHEMISTRY GRADE 11","'99.84348297"
"'270","'LINE","'For the reaction, aA + bB","'98.83632660"
"'270","'LINE","'mM + nN the expression for the reaction","'99.53298950"
"'270","'LINE","'quotient is:","'99.89626312"
"'270","'LINE","'[N]""","'67.07460022"
"'270","'LINE","'When Q < K, then the reaction will proceed in the forward direction and more","'99.54388428"
"'270","'LINE","'products will be formed till the equilibrium is reached.","'99.99123383"
"'270","'LINE","'When Q > K, then the reaction will proceed in the reverse direction and more","'99.61851501"
"'270","'LINE","'reactants will be formed till the equilibrium is reached.","'99.99231720"
"'270","'LINE","'When Q = K, then the reaction has reached equilibrium.","'99.61495209"
"'270","'LINE","'Le Chatelier's principle gives the effect of any one or more of temperature,","'99.39465332"
"'270","'LINE","'pressure or concentration on equilibrium.","'99.93685913"
"'270","'LINE","'For exothermic reactions the yield of products is increased by performing the","'99.99091339"
"'270","'LINE","'reaction at lower temperatures.","'99.94040680"
"'270","'LINE","'For endothermic reactions the yield of products is increased by performing the","'99.99674225"
"'270","'LINE","'reaction at higher temperatures.","'99.93816376"
"'270","'LINE","'When An > 0 the decrease in pressure favors the formation of products.","'97.13836670"
"'270","'LINE","'When An < 0 the increase in pressure favors the formation of products.","'98.04754639"
"'270","'LINE","'Removing the products from the reaction vessel shifts the reaction in the forward","'99.99392700"
"'270","'LINE","'direction.","'99.96014404"
"'270","'LINE","'CHECKLIST","'99.99023438"
"'270","'LINE","'KEY TERMS","'99.91699219"
"'270","'LINE","'Chemical equilibrium","'99.99511719"
"'270","'LINE","'Le Chatelier's principle","'99.97369385"
"'270","'LINE","'Components","'100.00000000"
"'270","'LINE","'Reaction quotient","'99.99511719"
"'270","'LINE","'Equilibrium constant","'99.94548798"
"'270","'LINE","'Haber process","'99.97070313"
"'270","'LINE","'Law of mass action","'99.94080353"
"'270","'LINE","'Contact process","'99.95117188"
"'270","'LINE","'260","'99.73632813"
"'270","'LINE","'UNIT 5","'99.26269531"
"'271","'LINE","'Chemical Equilibrium","'99.88610077"
"'271","'LINE","'REVIEW EXERCISE","'99.95077515"
"'271","'LINE","'Part I: Multiple Choice Type Questions","'99.69026184"
"'271","'LINE","'Choose the correct answer from the given alternatives","'99.97406769"
"'271","'LINE","'1.","'99.80468750"
"'271","'LINE","'Which of the following is correct about a reaction at equilibrium?","'99.84912872"
"'271","'LINE","'a. The concentrations of reactants and products are equal.","'99.95606232"
"'271","'LINE","'b. The system is static in nature.","'99.97477722"
"'271","'LINE","'c. The forward and backward rates are equal.","'98.30645752"
"'271","'LINE","'d. None.","'99.97070313"
"'271","'LINE","'2.","'99.97070313"
"'271","'LINE","'For a reaction to shift towards the product direction, which of the following","'99.93585968"
"'271","'LINE","'conditions holds true?","'99.95090485"
"'271","'LINE","'a. Q₀=K₀=0","'61.80345535"
"'271","'LINE","'c. Qc > K","'66.31414795"
"'271","'LINE","'b. Q<Kc <","'68.44712830"
"'271","'LINE","'d. Qc=Kc","'65.21637726"
"'271","'LINE","'3.","'99.92187500"
"'271","'LINE","'Given the equation 2C(s) + O₂(g)","'95.27825165"
"'271","'LINE","'2CO(g), the expression for Kc c is:","'89.66096497"
"'271","'LINE","'2[CO]","'94.50833130"
"'271","'LINE","'[CO]²","'84.94359589"
"'271","'LINE","'a.","'99.69647217"
"'271","'LINE","'c.","'90.74996185"
"'271","'LINE","'2[C][O₂]","'61.01263809"
"'271","'LINE","'[O₂]","'76.54476166"
"'271","'LINE","'[CO]²","'90.05361176"
"'271","'LINE","'2[CO]","'93.45762634"
"'271","'LINE","'b.","'99.75585938"
"'271","'LINE","'d.","'99.68750000"
"'271","'LINE","'[C]²[O₂]","'59.49059296"
"'271","'LINE","'[O₂]","'54.64923477"
"'271","'LINE","'4.","'99.92187500"
"'271","'LINE","'In which of the following cases does the reaction go fastest towards completion:","'99.97721863"
"'271","'LINE","'a. K = 10³","'97.16039276"
"'271","'LINE","'b. K = 10⁻²","'65.32206726"
"'271","'LINE","'c. K = 10","'94.73014832"
"'271","'LINE","'d.K=1 =","'77.47798157"
"'271","'LINE","'5.","'99.83398438"
"'271","'LINE","'For the reaction C(s) + CO2 (g)","'92.78067017"
"'271","'LINE","'2CO (g), the partial pressures of CO2 and","'95.93286133"
"'271","'LINE","'CO are 2.0 atm and 4.0 atm, respectively, at equilibrium. What is the value of","'99.80870819"
"'271","'LINE","'Kp for this reaction?","'99.94061279"
"'271","'LINE","'a. 0.5 atm","'99.85923004"
"'271","'LINE","'b. 4.0 atm","'99.82421875"
"'271","'LINE","'c. 8.0 atm","'93.44115448"
"'271","'LINE","'d. 32.0 atm","'99.85351563"
"'271","'LINE","'6.","'99.97070313"
"'271","'LINE","'The equilibrium partial pressures of SO₂, O₂ and SO₃ are 0.1 atm, 0.25 atm and","'95.25516510"
"'271","'LINE","'0.5 atm respectively. The equilibrium constant for the reaction","'99.96266174"
"'271","'LINE","'SO₃ (g)","'94.19284058"
"'271","'LINE","'SO₂ (g) + 1/202 (g) is:","'80.57167053"
"'271","'LINE","'a. 0.1","'99.79293060"
"'271","'LINE","'b. 10","'99.71679688"
"'271","'LINE","'c. 0.05","'91.82587433"
"'271","'LINE","'d. 20","'99.84375000"
"'271","'LINE","'7.","'99.92187500"
"'271","'LINE","'Which of the following is likely to happen when pressure is applied to the","'99.98808289"
"'271","'LINE","'following system at equilibrium:","'99.88834381"
"'271","'LINE","'H₂O(s)","'77.66979980"
"'271","'LINE","'H₂O(1)","'75.03347778"
"'271","'LINE","'a. More water will be formed","'99.95252991"
"'271","'LINE","'c. Water will evaporate","'97.53213501"
"'271","'LINE","'b. More ice will be formed","'99.96907806"
"'271","'LINE","'d. No change occurs","'99.95829773"
"'271","'LINE","'UNIT 5","'98.66171265"
"'271","'LINE","'261","'99.85351563"
"'272","'LINE","'CHEMISTRY GRADE 11","'99.76210785"
"'272","'LINE","'8.","'99.96093750"
"'272","'LINE","'The equilibrium constant for the reaction N₂ (g) + 3H₂ (g)","'93.92004395"
"'272","'LINE","'2NH3 (g) is","'88.11855316"
"'272","'LINE","'K1 and for the reaction 2NH3 (g)","'92.46415710"
"'272","'LINE","'N₂ (g) + 3H₂ (g) is K2. The relation","'91.39803314"
"'272","'LINE","'between K₁ and K2 is:","'87.42853546"
"'272","'LINE","'a. K₁ = K2","'82.89376831"
"'272","'LINE","'c. K₁ = - K2","'79.35162354"
"'272","'LINE","'b. K₁ = 1/K₂","'83.07168579"
"'272","'LINE","'d. K1 = (K₂) 0.5","'85.02044678"
"'272","'LINE","'9. What will happen when CaO is added to the following reaction at equilibrium?","'99.86385345"
"'272","'LINE","'CaCO3 (s)","'83.53964233"
"'272","'LINE","'CaO (s) + CO2 (g)","'90.65816498"
"'272","'LINE","'a. No change occurs.","'99.85495758"
"'272","'LINE","'c. More CaCO₃ is formed","'92.41793060"
"'272","'LINE","'b. Reaction shifts in the forward","'99.98033905"
"'272","'LINE","'d. Total pressure increases","'99.94345093"
"'272","'LINE","'direction","'100.00000000"
"'272","'LINE","'10. Under what conditions are Kp and Kc equal?","'95.36804199"
"'272","'LINE","'a. n = 1","'89.46393585"
"'272","'LINE","'c. n = -1","'83.73814392"
"'272","'LINE","'b. n = 0","'92.22083282"
"'272","'LINE","'d. They can never be equal","'99.94941711"
"'272","'LINE","'Part II: Answer the following questions","'99.91307068"
"'272","'LINE","'11. For the reaction at equilibrium: 2SO₂ (g) + O₂ (g)","'94.26448059"
"'272","'LINE","'2SO₃ (g)","'87.28236389"
"'272","'LINE","'H = - 196 kJ/mol. Predict the direction of the change on:","'94.54074860"
"'272","'LINE","'a. Removal of SO₂","'95.47966003"
"'272","'LINE","'b. Addition of noble gas (argon) at constant pressure","'99.96302032"
"'272","'LINE","'c. Decreasing volume of the system","'97.74507141"
"'272","'LINE","'d. Increasing temperature of the system","'99.98371887"
"'272","'LINE","'e. Addition of a catalyst","'99.87747192"
"'272","'LINE","'12. Balance the following equations and write the equilibrium constant expressions,","'99.91317749"
"'272","'LINE","'in terms of KC and Kₚ.","'89.87139130"
"'272","'LINE","'a. NH3 (g) + O₂ (g)","'84.37601471"
"'272","'LINE","'N₂ (g) + H₂O (g)","'84.84287262"
"'272","'LINE","'b. N₂ (g) + H₂(g)","'89.05789948"
"'272","'LINE","'NH₃(g)","'55.78623581"
"'272","'LINE","'c. CaCO₃ (s)","'83.09856415"
"'272","'LINE","'CaO (s) + CO2 (g)","'89.99262238"
"'272","'LINE","'13. For the reaction at 200 °C: 2A (g) + B (g)","'97.19857788"
"'272","'LINE","'3C (g) the equilibrium","'99.48227692"
"'272","'LINE","'constant is 3.0. Given the following information,","'99.89121246"
"'272","'LINE","'Species","'99.99023438"
"'272","'LINE","'Concentration","'100.00000000"
"'272","'LINE","'[A]","'99.59323120"
"'272","'LINE","'2.0 M","'98.35618591"
"'272","'LINE","'[B]","'99.08482361"
"'272","'LINE","'3.0 M","'97.34604645"
"'272","'LINE","'[C]","'99.20440674"
"'272","'LINE","'2.0 M","'98.43431091"
"'272","'LINE","'predict the direction in which the reaction should proceed to reach equilibrium.","'99.95532990"
"'272","'LINE","'262","'99.92187500"
"'272","'LINE","'UNIT 5","'99.46289063"
"'273","'LINE","'Chemical Equilibrium","'99.88610077"
"'273","'LINE","'14. Given the reaction: 2CO₂ (g)","'93.51416016"
"'273","'LINE","'2CO (g) + O₂ (g) what is the concentration of","'93.49900818"
"'273","'LINE","'CO in equilibrium at 25 °C in a sample of gas originally containing 1.00 mol L⁻¹","'98.50839996"
"'273","'LINE","'of CO2? For the dissociation of CO2 at 25 °C, Kc = 2.96 X 10⁻⁹².","'90.52806091"
"'273","'LINE","'15. Hydrogen and iodine react according to the equation:","'99.96817780"
"'273","'LINE","'a. H2 (g) + I₂ (g)","'88.35426331"
"'273","'LINE","'2HI (g)","'96.85955811"
"'273","'LINE","'Suppose 1.00 mol H2 and 2.00 mol I₂ are placed in a 1.00 L vessel. How many","'96.20956421"
"'273","'LINE","'moles of substances are in the gaseous mixture when it comes to equilibrium at","'99.93229675"
"'273","'LINE","'458 C? The equilibrium constant Kc at this temperature is 49.7.","'97.32921600"
"'273","'LINE","'16. 5.0 moles of ammonia were introduced into a 5.0 L reaction chamber in which it","'99.59903717"
"'273","'LINE","'partially decomposed at high temperatures;","'99.83290863"
"'273","'LINE","'a. 2NH3 (g)","'86.95631409"
"'273","'LINE","'3H₂ (g) + N₂ (g)","'82.31716156"
"'273","'LINE","'b. At equilibrium at a particular temperature, 80.0% of the ammonia had","'99.85939026"
"'273","'LINE","'reacted. Calculate Kc for the reaction.","'99.92556000"
"'273","'LINE","'17. 1.25 mol NOCI was placed in a 2.50 L reaction chamber at 427 °C. After","'97.75790405"
"'273","'LINE","'equilibrium was reached, 1.10 moles of NOCI remained. Calculate the","'97.24958038"
"'273","'LINE","'equilibrium constant Kc for the reaction.","'99.86902618"
"'273","'LINE","'2NOCI (g)","'78.92010498"
"'273","'LINE","'2NO (g) + Cl₂ (g)","'85.91561890"
"'273","'LINE","'18. A sample of nitrosyl bromide was heated to 100°C in a 10.0 L container in order","'99.28445435"
"'273","'LINE","'to partially decompose it.","'99.98046875"
"'273","'LINE","'2NOBr (g)","'98.92498016"
"'273","'LINE","'2NO (g) + Br₂ (g)","'95.26535034"
"'273","'LINE","'At equilibrium the container was found to contain 0.0585 mole of NOBr, 0.105","'99.87538147"
"'273","'LINE","'mole of NO, and 0.0524 mole of Br₂. Calculate the value of Kc.","'99.25977325"
"'273","'LINE","'19. The brown gas NO₂ and the colorless gas N₂O₄ exist in equilibrium.","'95.14821625"
"'273","'LINE","'N₂O₄ (g)","'78.82772827"
"'273","'LINE","'2NO₂ (g)","'91.54974365"
"'273","'LINE","'0.625 mole N₂O₄ was introduced into a 5.00 L vessel and was allowed to","'97.86252594"
"'273","'LINE","'decompose until it reached equilibrium with NO₂. The concentration of N₂O₄ at","'94.73420715"
"'273","'LINE","'equilibrium was 0.0750 M. Calculate Kc for the reaction.","'94.14554596"
"'273","'LINE","'20. Calculate Kₚ for the following reactions at the indicated temperature.","'98.80792236"
"'273","'LINE","'a. 2NOBr (g)","'98.32635498"
"'273","'LINE","'2NO (g) + Br₂ (g)","'94.95766449"
"'273","'LINE","'Kc = 6.50 X 10⁻³ at 298 K","'90.77280426"
"'273","'LINE","'b. NH₄I (s)","'84.02828217"
"'273","'LINE","'NH3 (g) + HI (g)","'87.05241394"
"'273","'LINE","'Kc = 7.00 X 10⁻⁵ at 673 K","'86.91888428"
"'273","'LINE","'UNIT 5","'98.59375000"
"'273","'LINE","'263","'99.92187500"
"'274","'LINE","'CHEMISTRY GRADE 11","'99.78163147"
"'274","'LINE","'6","'91.00685883"
"'274","'LINE","'R-C-O-H + H-O-R'","'87.14467621"
"'274","'LINE","'UNIT","'100.00000000"
"'274","'LINE","'H+","'72.19945526"
"'274","'LINE","'R-C-O-R' + H-O-H","'85.25528717"
"'274","'LINE","'SOME IMPORTANT OXYGEN-CONTAINING","'95.42556763"
"'274","'LINE","'ORGANIC COMPOUNDS","'99.95565796"
"'274","'LINE","'Unit Outcomes","'99.98046875"
"'274","'LINE","'At the end of this unit, you will be able to:","'99.95539093"
"'274","'LINE","'classify organic compounds","'99.98345947"
"'274","'LINE","'write the structural formula and IUPAC names of alcohols, ethers,","'99.95720673"
"'274","'LINE","'aldehydes, ketones, carboxylic acids and esters","'99.98671722"
"'274","'LINE","'give the general formulas of alcohols, ethers, aldehydes, ketones,","'99.93799591"
"'274","'LINE","'carboxylic acids and esters","'99.99267578"
"'274","'LINE","'describe some physical and chemical properties of alcohols, ethers,","'99.97460175"
"'274","'LINE","'aldehydes, ketones, carboxylic acids and esters","'99.97681427"
"'274","'LINE","'develop skills in naming and writing the molecular and structural","'99.99707031"
"'274","'LINE","'formulas of alcohols, ethers, aldehydes, ketones, carboxylic acids, esters,","'99.93139648"
"'274","'LINE","'anhydrides, amides, and acid chlorides","'99.94224548"
"'274","'LINE","'predict and correctly name the products of organic reactions, including","'99.95322418"
"'274","'LINE","'substitution, addition, elimination, esterification, hydrolysis and","'99.72098541"
"'274","'LINE","'oxidation reactions","'99.97518921"
"'274","'LINE","'perform activities to prepare an alcohol (Katikalla), and a carboxylic acid","'99.74478912"
"'274","'LINE","'test for the carboxylic acid and ester functional groups","'99.98689270"
"'274","'LINE","'write the general formula of fats and oil and the structures for some","'99.97859955"
"'274","'LINE","'common triglycerides","'99.85271454"
"'274","'LINE","'give the structures, properties and uses of fats and oils, and demonstrate","'99.95281982"
"'274","'LINE","'scientific enquiry skills, including: observing, classifying, comparing and","'99.93024445"
"'274","'LINE","'contrasting, asking questions, drawing conclusions, applying concepts","'99.87472534"
"'274","'LINE","'and problem solving.","'99.97043610"
"'274","'LINE","'264","'99.92187500"
"'274","'LINE","'UNIT 6","'99.55446625"
"'275","'LINE","'Introduction","'99.96014404"
"'275","'LINE","'Start-up Activity","'99.75097656"
"'275","'LINE","'Perform the following activity in groups and present your response","'99.98722839"
"'275","'LINE","'to the rest of the class.","'99.99674225"
"'275","'LINE","'Take turns to name an item that contains organic molecules that we use in","'99.98110962"
"'275","'LINE","'daily life, and identify what class of organic compound (s) it contains.","'99.95890808"
"'275","'LINE","'6.1","'99.96093750"
"'275","'LINE","'Introduction","'99.84056091"
"'275","'LINE","'At the end of this section, you will be able to:","'99.96154022"
"'275","'LINE","'classify organic compounds.","'99.95362854"
"'275","'LINE","'Classification of organic compounds","'99.98515320"
"'275","'LINE","'Why is classification of organic compounds needed? What is the basis of the","'99.98629761"
"'275","'LINE","'classification?","'99.87065887"
"'275","'LINE","'In Grade 10, you have learned about some general organic reactions of hydrocarbons.","'99.97409058"
"'275","'LINE","'In this unit, you will continue to learn about more functional groups: oxygen-","'99.97409058"
"'275","'LINE","'containing functional groups. The oxygenated hydrocarbons include alcohols, ethers,","'99.93257141"
"'275","'LINE","'aldehydes, ketones, carboxylic acids and esters. Alcohols occur widely in nature and","'99.97606659"
"'275","'LINE","'have many industrial and pharmaceutical applications. Methanol, for example, is one","'99.90866852"
"'275","'LINE","'of the most important of all industrial chemicals. Ethers are relatively resistant to","'99.97784424"
"'275","'LINE","'chemical transformation and are often used as solvents in chemical reactions.","'99.96863556"
"'275","'LINE","'Can you name the common functional groups and give an example for each functional","'99.93984222"
"'275","'LINE","'group?","'99.92187500"
"'275","'LINE","'Aldehydes and ketones contain a carbonyl group that consists of a carbon-oxygen","'99.71126556"
"'275","'LINE","'double bond (C=O). Many compounds found in nature have aldehyde or ketone","'97.51059723"
"'275","'LINE","'functional groups. Aldehydes have pungent odors, whereas ketones tend to smell","'99.98461914"
"'275","'LINE","'sweet. Carboxylic acids and esters are present in many fruits and flowers. Many","'99.98710632"
"'275","'LINE","'carboxylic acids are used as food additives in jams, jellies, candies and pickles, etc.","'99.93904114"
"'275","'LINE","'In this unit, you will also learn about fats and oils which are esters.","'99.98802185"
"'275","'LINE","'UNIT 6","'99.48042297"
"'275","'LINE","'265","'99.96093750"
"'276","'LINE","'CHEMISTRY GRADE 11","'99.90560150"
"'276","'LINE","'6.2","'99.83238983"
"'276","'LINE","'Alcohols and Ethers","'99.96392822"
"'276","'LINE","'At the end of this section, you will be able to:","'99.95968628"
"'276","'LINE","'define alcohols","'100.00000000"
"'276","'LINE","'tell the functional group of alcohols","'99.97681427"
"'276","'LINE","'classify alcohols based on the number of hydroxyl groups","'99.98129272"
"'276","'LINE","'write the general formulas of monohydric alcohols","'99.95886230"
"'276","'LINE","'write the molecular formulas and the names of the first six members of","'99.96945953"
"'276","'LINE","'the monohydric alcohols","'99.98345947"
"'276","'LINE","'give the IUPAC names for the given alcohols","'99.98149109"
"'276","'LINE","'classify monohydric alcohols based on the number of alkyl groups","'99.98519135"
"'276","'LINE","'attached to the carbon atom carrying the hydroxyl group","'99.99674225"
"'276","'LINE","'give some examples for primary, secondary and tertiary alcohols","'99.97903442"
"'276","'LINE","'describe the physical properties of alcohols","'99.96515656"
"'276","'LINE","'explain general methods of preparation of alcohols","'99.95025635"
"'276","'LINE","'explain the industrial preparation of ethanol","'99.96353149"
"'276","'LINE","'perform an experiment to prepare ethanol from sugar","'99.99023438"
"'276","'LINE","'explain the chemical reactions of alcohols such as oxidation, reaction","'99.94329834"
"'276","'LINE","'with active metals, esterification and dehydration","'99.97342682"
"'276","'LINE","'carry out an activity to show chemical reactions of alcohols with active","'99.98766327"
"'276","'LINE","'metals","'100.00000000"
"'276","'LINE","'write the molecular formulas and names of the first six members of ethers","'99.96483612"
"'276","'LINE","'give the IUPAC names for given ethers","'99.98163605"
"'276","'LINE","'describe the physical properties of ethers","'99.96678162"
"'276","'LINE","'explain the general methods of preparation of ethers","'99.96766663"
"'276","'LINE","'explain the use of ethers, such as solvent inorganic reactions.","'99.95240784"
"'276","'LINE","'266","'99.97070313"
"'276","'LINE","'UNIT 6","'99.60817719"
"'277","'LINE","'Alcohols and Ethers","'99.92407227"
"'277","'LINE","'Activity 6.1","'99.91210938"
"'277","'LINE","'Discuss the following questions in groups, and write a report. Present your","'99.89736176"
"'277","'LINE","'report to the class.","'99.99267578"
"'277","'LINE","'1. List some alcohols you know. Name the alcohol used in alcoholic","'99.98365784"
"'277","'LINE","'beverages. What are the uses of alcohols in industry?","'99.97369385"
"'277","'LINE","'2. Ethiopia uses an alcohol blended with gasoline to drive cars. What is the","'99.97466278"
"'277","'LINE","'name of the alcohol?","'99.98291016"
"'277","'LINE","'3. Hand sanitizers are used as an alternative to washing hands to kill most","'99.97756195"
"'277","'LINE","'bacteria and viruses that spread colds and flu. Which alcohol (s) is","'99.97274780"
"'277","'LINE","'present in hand sanitizers?","'99.99267578"
"'277","'LINE","'4. Explain the effects of using carbon-based fuels on the increase in carbon","'99.95867920"
"'277","'LINE","'dioxide in the atmosphere and its consequences.","'99.97872925"
"'277","'LINE","'What do you think when you hear the word ""alcohol""? Can you define alcohol?","'99.90132904"
"'277","'LINE","'Give a few examples of the uses of alcohols. Most people think of two common","'99.95314026"
"'277","'LINE","'alcohols: the substance that intoxicates people, and the one used in clinics and","'99.96783447"
"'277","'LINE","'hospitals. However, there are many types of alcohol. The only alcohol present in all","'99.98088074"
"'277","'LINE","'alcoholic beverages is called ethanol. Other alcohols are used for different purposes.","'99.97030640"
"'277","'LINE","'Alcohols are derivatives of hydrocarbons in which one or more of the hydrogen","'99.97878265"
"'277","'LINE","'atoms in the hydrocarbon have been replaced by a hydroxyl group (-OH). The","'99.80795288"
"'277","'LINE","'functional group in an alcohol is an -OH (hydroxyl) group, which is responsible for","'98.36235046"
"'277","'LINE","'imparting certain chemical and/or physical properties to the compound. In alcohols,","'99.94423676"
"'277","'LINE","'the hydroxyl group is directly attached to carbon atom(s) of an aliphatic system.","'99.91393280"
"'277","'LINE","'Example 6.1","'99.71679688"
"'277","'LINE","'H","'99.52327728"
"'277","'LINE","'H","'99.64365387"
"'277","'LINE","'H","'99.79252625"
"'277","'LINE","'H","'99.51589966"
"'277","'LINE","'H","'98.92697906"
"'277","'LINE","'H","'98.97580719"
"'277","'LINE","'H","'99.16613770"
"'277","'LINE","'C","'72.10439301"
"'277","'LINE","'OH","'67.96556091"
"'277","'LINE","'H","'99.32477570"
"'277","'LINE","'C","'69.27953339"
"'277","'LINE","'C","'81.02578735"
"'277","'LINE","'OH","'70.86635590"
"'277","'LINE","'H","'99.60459137"
"'277","'LINE","'C","'76.84789276"
"'277","'LINE","'C","'80.96041870"
"'277","'LINE","'C","'71.56987000"
"'277","'LINE","'OH","'64.85092926"
"'277","'LINE","'H","'96.77535248"
"'277","'LINE","'H","'97.36347961"
"'277","'LINE","'H","'96.66712952"
"'277","'LINE","'H","'98.45424652"
"'277","'LINE","'H","'98.77709961"
"'277","'LINE","'H","'96.98680878"
"'277","'LINE","'Methanol","'99.95037079"
"'277","'LINE","'Ethanol","'99.96014404"
"'277","'LINE","'1-Propanol (Propan-1-ol)","'98.69091034"
"'277","'LINE","'UNIT 6","'99.49019623"
"'277","'LINE","'267","'99.91210938"
"'278","'LINE","'CHEMISTRY GRADE 11","'99.83045959"
"'278","'LINE","'6.2.1","'99.81285858"
"'278","'LINE","'Classification of Alcohols","'99.96040344"
"'278","'LINE","'Alcohols may be classified as топо-, di-, tri- or polyhydric compounds depending","'96.63009644"
"'278","'LINE","'on whether they contain one, two, three or many hydroxyl (-OH) groups respectively","'99.83396912"
"'278","'LINE","'in their structures.","'99.98345947"
"'278","'LINE","'i. Monohydric alcohols are alcohols containing only one hydroxyl group.","'99.95077515"
"'278","'LINE","'Example 6.2","'99.68630981"
"'278","'LINE","'CH₃-CH₂-OH CH₃-CH₂-CH₂-OH CH₃-CH₂-CH₂-CH₂-OH","'47.80014420"
"'278","'LINE","'Ethanol","'99.91051483"
"'278","'LINE","'1-Propanol","'98.90724182"
"'278","'LINE","'1-Butanol (Butan-1-ol)","'98.27467346"
"'278","'LINE","'Which one of the above monohydric alcohols is present in any drinking alcohol?","'99.97966003"
"'278","'LINE","'ii. Dihydric alcohols are those containing two hydroxyl groups per molecule. They are","'99.95762634"
"'278","'LINE","'also named glycols or diols.","'99.96437073"
"'278","'LINE","'Example 6.3","'99.81774139"
"'278","'LINE","'H₂C-CH₂","'55.29037857"
"'278","'LINE","'OH OH","'85.95902252"
"'278","'LINE","'Ethane-1,2-diol (Ethylene glycol)","'98.71591949"
"'278","'LINE","'Can you give more examples of dihydric alcohols?","'99.97548676"
"'278","'LINE","'iii. Trihydric alcohols are those containing three hydroxyl groups in their molecular","'99.96617126"
"'278","'LINE","'structure.","'99.99023438"
"'278","'LINE","'Example 6.4","'99.75994110"
"'278","'LINE","'H2C-CH-CH2","'30.15365982"
"'278","'LINE","'OH OH OH","'79.73586273"
"'278","'LINE","'Propane-1,2,3-triol (Glycerine or glycerol)","'99.12377930"
"'278","'LINE","'iv. Polyhydric alcohols are those alcohols containing three or more hydroxyl groups","'99.97545624"
"'278","'LINE","'in their molecular structure.","'99.96766663"
"'278","'LINE","'268","'99.96093750"
"'278","'LINE","'UNIT 6","'99.72536469"
"'279","'LINE","'Alcohols and Ethers","'99.93708801"
"'279","'LINE","'Can you give examples of polyhydric alcohols?","'99.97477722"
"'279","'LINE","'Classification of Monohydric Alcohols","'99.94833374"
"'279","'LINE","'Monohydric alcohols may be further classified according to the carbon atom to which","'99.99317169"
"'279","'LINE","'the hydroxyl group is attached.","'99.96826935"
"'279","'LINE","'Primary alcohols","'99.98535156"
"'279","'LINE","'In a primary alcohol, the carbon with the hydroxyl group is only attached to one alkyl","'99.94361115"
"'279","'LINE","'group.","'99.97070313"
"'279","'LINE","'H","'99.92107391"
"'279","'LINE","'General structure:","'99.98046875"
"'279","'LINE","'R","'98.89648438"
"'279","'LINE","'C","'93.20771027"
"'279","'LINE","'OH","'58.00382614"
"'279","'LINE","'H","'99.41585541"
"'279","'LINE","'Primary (1°) o alcohol","'79.92000580"
"'279","'LINE","'Example 6.5","'99.76522827"
"'279","'LINE","'CH₃","'87.82346344"
"'279","'LINE","'CH₃-CH₂-OH","'95.07593536"
"'279","'LINE","'CH₃-CH₂-CH₂-OH","'93.04069519"
"'279","'LINE","'CH₃-CH₂-CH-CH₂-OH","'92.14345551"
"'279","'LINE","'Ethanol","'99.95037079"
"'279","'LINE","'1-Propanol","'98.62165833"
"'279","'LINE","'2-Methyl-1-butanol","'99.13584137"
"'279","'LINE","'Secondary alcohols","'99.96542358"
"'279","'LINE","'In a secondary alcohol, the carbon with the hydroxyl group is attached to two alkyl","'99.95308685"
"'279","'LINE","'groups.","'99.96093750"
"'279","'LINE","'OH","'83.44846344"
"'279","'LINE","'General structure:","'99.99511719"
"'279","'LINE","'R","'99.50195313"
"'279","'LINE","'C","'88.07298279"
"'279","'LINE","'R'","'98.44168091"
"'279","'LINE","'Where, R and R' may be the same or different","'99.80510712"
"'279","'LINE","'H","'99.05712128"
"'279","'LINE","'Secondary (2°) alcohol","'93.78873444"
"'279","'LINE","'Example 6.6","'99.83318329"
"'279","'LINE","'OH","'51.26853561"
"'279","'LINE","'OH","'65.04544067"
"'279","'LINE","'OH","'53.19734955"
"'279","'LINE","'CH₃-CH-CH₃","'94.95874786"
"'279","'LINE","'CH₃-CH₂-CH-CH₃","'90.29038239"
"'279","'LINE","'CH₃-CH₂-CH-CH₂-CH₃","'49.69886017"
"'279","'LINE","'2-Propanol","'99.41326141"
"'279","'LINE","'2-Butanol","'99.16912079"
"'279","'LINE","'3-Pentanol","'99.38317108"
"'279","'LINE","'UNIT 6","'99.71600342"
"'279","'LINE","'269","'99.96093750"
"'280","'LINE","'CHEMISTRY GRADE 11","'99.82720947"
"'280","'LINE","'Tertiary alcohols","'99.94100952"
"'280","'LINE","'In a tertiary alcohol, the carbon with the hydroxyl group is attached to three other alkyl","'99.91132355"
"'280","'LINE","'groups.","'99.97070313"
"'280","'LINE","'OH","'78.32688904"
"'280","'LINE","'General structure:","'99.95117188"
"'280","'LINE","'R-C-R'","'52.92298889"
"'280","'LINE","'Where, R, R' and R"" may be the same or different","'99.77896118"
"'280","'LINE","'R""","'99.41824341"
"'280","'LINE","'Tertiary (3°) alcohol","'93.18638611"
"'280","'LINE","'Example 6.7","'99.49179077"
"'280","'LINE","'OH","'88.99055481"
"'280","'LINE","'OH","'84.18945313"
"'280","'LINE","'CH₃-C-CH₃","'59.18427277"
"'280","'LINE","'CH₃CH₂-C-CH₃","'40.53432083"
"'280","'LINE","'CH₃","'96.93558502"
"'280","'LINE","'CH₃","'96.78910065"
"'280","'LINE","'2-Methyl-2-propanol","'98.88293457"
"'280","'LINE","'2-Methyl-2-butanol","'98.80799866"
"'280","'LINE","'6.2.2","'99.64285278"
"'280","'LINE","'Nomenclature of Alcohols","'99.79797363"
"'280","'LINE","'The common name of an alcohol is derived from the common name of the alkyl","'99.94842529"
"'280","'LINE","'group and adding the word alcohol to it. In the IUPAC system, an alcohol is named by","'99.98262787"
"'280","'LINE","'replacing the e of the corresponding alkane name with ol.","'99.87380219"
"'280","'LINE","'Example 6.8","'99.45272827"
"'280","'LINE","'CH₃-H","'63.54113770"
"'280","'LINE","'CH₃-OH","'45.49406052"
"'280","'LINE","'CH₃-CH₂-H","'72.35192108"
"'280","'LINE","'CH₃-CH₂-OH","'64.90015411"
"'280","'LINE","'Methane","'100.00000000"
"'280","'LINE","'Methanol","'100.00000000"
"'280","'LINE","'Ethane","'99.89098358"
"'280","'LINE","'Ethanol","'99.85192108"
"'280","'LINE","'(methyl alcohol)","'99.79821014"
"'280","'LINE","'(ethyl alcohol)","'99.64235687"
"'280","'LINE","'When an alcohol consists of a chain with three or more carbon atoms, the chain is","'99.93614197"
"'280","'LINE","'numbered to give the position for the -OH group and any substituents on the chain.","'97.29484558"
"'280","'LINE","'For this, the longest carbon chain (parent chain) is numbered starting at the end nearest","'99.96121216"
"'280","'LINE","'to the hydroxyl group. The positions of the -OH group and other substituents are","'97.22004700"
"'280","'LINE","'indicated by using the numbers of carbon atoms to which these are attached.","'99.99392700"
"'280","'LINE","'270","'99.92187500"
"'280","'LINE","'UNIT 6","'99.64235687"
"'281","'LINE","'Alcohols and Ethers","'99.93735504"
"'281","'LINE","'Example 6.9","'99.57968140"
"'281","'LINE","'OH","'59.46528244"
"'281","'LINE","'CH₃-CH₂-CH₂-OH","'53.13914871"
"'281","'LINE","'CH₃-CH-CH₃","'67.61698914"
"'281","'LINE","'3214","'20.42418671"
"'281","'LINE","'3","'96.15094757"
"'281","'LINE","'2","'90.86914063"
"'281","'LINE","'1","'91.25657654"
"'281","'LINE","'1-Propanol","'98.78846741"
"'281","'LINE","'2-Propanol","'99.30664063"
"'281","'LINE","'(propyl alcohol)","'99.10604858"
"'281","'LINE","'(isopropyl alcohol)","'99.38037872"
"'281","'LINE","'Is neopentyl alcohol a 1°, 2°, or 3° alcohol?","'98.72802734"
"'281","'LINE","'For naming polyhydric alcohols, the 'e' of alkane is retained and the ending 'ol' is","'99.76652527"
"'281","'LINE","'added. The number of -OH groups is indicated by adding the multiplicative prefix, di,","'97.92858887"
"'281","'LINE","'tri, etc., before 'ol'.","'97.15322113"
"'281","'LINE","'Example 6.10","'99.60449219"
"'281","'LINE","'OH","'59.89457321"
"'281","'LINE","'HO-CH₂-CH₂-OH","'22.97403145"
"'281","'LINE","'HO-CH₂-CH-CH₂-O","'44.64365387"
"'281","'LINE","'2","'91.27929688"
"'281","'LINE","'321","'29.11380005"
"'281","'LINE","'1,2-Ethanediol","'98.89987183"
"'281","'LINE","'1,2,3-Propanetriol","'98.79006195"
"'281","'LINE","'(ethylene glycol)","'98.92418671"
"'281","'LINE","'(glycerol)","'99.79412842"
"'281","'LINE","'Exercise 6.1","'99.94140625"
"'281","'LINE","'1. Give the general formula for the homologous series of monohydric","'99.96597290"
"'281","'LINE","'alcohols.","'99.95037079"
"'281","'LINE","'2. Classify the following alcohols as monohydric, dihydric and trihydric","'99.96249390"
"'281","'LINE","'alcohols.","'99.95037079"
"'281","'LINE","'a. 2-propanol","'99.42751312"
"'281","'LINE","'b. 1,3-propanediol","'99.31162262"
"'281","'LINE","'c. 1,2,3-butanetriol","'90.96061707"
"'281","'LINE","'3. Classify the following monohydric alcohols as primary, secondary or","'99.97632599"
"'281","'LINE","'tertiary alcohols.","'99.95037079"
"'281","'LINE","'a. 1-pentanol","'99.09568787"
"'281","'LINE","'b. 2-pentanol","'99.40798187"
"'281","'LINE","'c. 2-methyl-2-butanol","'90.67263031"
"'281","'LINE","'4. Give the IUPAC name for the following alcohols:","'99.98146057"
"'281","'LINE","'OH","'96.66474152"
"'281","'LINE","'b. Ho","'85.91078949"
"'281","'LINE","'OH","'85.81233978"
"'281","'LINE","'a.","'99.88201141"
"'281","'LINE","'c.","'87.77682495"
"'281","'LINE","'OH","'94.23249817"
"'281","'LINE","'UNIT 6","'99.60289764"
"'281","'LINE","'271","'99.91210938"
"'282","'LINE","'CHEMISTRY GRADE 11","'99.89231110"
"'282","'LINE","'6.2.3","'99.32477570"
"'282","'LINE","'Physical Properties of Alcohols","'99.96034241"
"'282","'LINE","'Activity 6.2","'99.86248779"
"'282","'LINE","'Answer the following questions in groups, and share your answers with the","'99.99592590"
"'282","'LINE","'whole class.","'99.99511719"
"'282","'LINE","'1. Is the bond in -0-H polar or non-polar? Why?","'99.53358459"
"'282","'LINE","'2. Compare the physical state of the first four members of monohydric","'99.99837494"
"'282","'LINE","'alcohols and alkanes.","'99.98345947"
"'282","'LINE","'3. Lower alcohols, like methanol and ethanol, are miscible with water in all","'99.98328400"
"'282","'LINE","'proportions, while lower hydrocarbons are not so. Explain.","'99.83211517"
"'282","'LINE","'The hydroxyl group in an alcohol is polar due to the high electronegativity of oxygen.","'99.98682404"
"'282","'LINE","'As a result, there is significant hydrogen bonding in alcohols (Figure 6.1).","'99.79415894"
"'282","'LINE","'+","'95.84960938"
"'282","'LINE","'+","'93.60351563"
"'282","'LINE","'δ","'90.11240387"
"'282","'LINE","'8","'62.90836334"
"'282","'LINE","'R","'99.64843750"
"'282","'LINE","'δ","'89.87882996"
"'282","'LINE","'H-O","'48.66071320"
"'282","'LINE","'H","'97.57573700"
"'282","'LINE","'+","'97.07928467"
"'282","'LINE","'+","'94.55974579"
"'282","'LINE","'δ","'92.25525665"
"'282","'LINE","'δ","'88.42942810"
"'282","'LINE","'δ","'91.49553680"
"'282","'LINE","'δ","'91.87181091"
"'282","'LINE","'δ","'91.27610779"
"'282","'LINE","'H","'97.99047089"
"'282","'LINE","'O","'58.93006134"
"'282","'LINE","'H-O","'39.67235565"
"'282","'LINE","'R","'99.95117188"
"'282","'LINE","'Hydrogen","'99.95117188"
"'282","'LINE","'R","'99.80388641"
"'282","'LINE","'R","'99.91210938"
"'282","'LINE","'bonding","'99.99023438"
"'282","'LINE","'Figure 6.1: Hydrogen bonding between molecules of an alcohol","'99.89646912"
"'282","'LINE","'Due to the hydrogen bonding in alcohols, they have higher melting and boiling","'99.99005127"
"'282","'LINE","'points than hydrocarbons of comparable molecular size (mass). Table 6.1 gives some","'99.95870972"
"'282","'LINE","'physical constants of the first six monohydric alcohols. Hydrogen bonding is also the","'99.96564484"
"'282","'LINE","'cause for even lower members to be liquids at room temperature.","'99.96582794"
"'282","'LINE","'272","'99.84375000"
"'282","'LINE","'UNIT 6","'99.66189575"
"'283","'LINE","'Alcohols and Ethers","'99.91755676"
"'283","'LINE","'Group Assignment 6.1","'99.79492188"
"'283","'LINE","'Form a group of five and explain the following facts by","'99.80284119"
"'283","'LINE","'searching information from the internet and any other sources.","'99.99565887"
"'283","'LINE","'Submit your report in Word and PDF formats.","'99.05375671"
"'283","'LINE","'1. Dihydric and the trihydric alcohols have higher boiling","'99.94783020"
"'283","'LINE","'points than monohydric alcohols of similar molecular size","'99.97895050"
"'283","'LINE","'(mass).","'99.89098358"
"'283","'LINE","'2. The solubility of alcohols in water decreases with","'99.99231720"
"'283","'LINE","'increasing carbon number.","'99.95389557"
"'283","'LINE","'3. The water solubilities of dihydric and trihydric alcohols","'99.96916962"
"'283","'LINE","'are higher than those of monohydric alcohols of similar","'99.99231720"
"'283","'LINE","'molecular mass.","'99.93612671"
"'283","'LINE","'4. The boiling point of a branched isomer is lower than that","'99.86414337"
"'283","'LINE","'of its isomeric straight-chain alcohol.","'99.89843750"
"'283","'LINE","'Table 6.1: IUPAC Names, Condensed Structure and Physical Constants of the","'99.91685486"
"'283","'LINE","'First Six Monohydric Alcohol","'99.92411804"
"'283","'LINE","'Structure of monohy-","'99.90726471"
"'283","'LINE","'IUPAC name","'99.90194702"
"'283","'LINE","'Melting","'100.00000000"
"'283","'LINE","'Boiling","'100.00000000"
"'283","'LINE","'Density","'100.00000000"
"'283","'LINE","'dric alcohol","'99.94628906"
"'283","'LINE","'point (°C)","'89.23280334"
"'283","'LINE","'point (°C)","'90.36272430"
"'283","'LINE","'(g/mL)","'99.59402466"
"'283","'LINE","'CH3OH","'82.54145050"
"'283","'LINE","'Methanol","'100.00000000"
"'283","'LINE","'-97","'98.56664276"
"'283","'LINE","'64.7","'99.99023438"
"'283","'LINE","'0.792","'99.97070313"
"'283","'LINE","'CH₃CH₂OH","'51.49095154"
"'283","'LINE","'Ethanol","'99.92028046"
"'283","'LINE","'-117","'95.57617188"
"'283","'LINE","'78.3","'100.00000000"
"'283","'LINE","'0.789","'99.96093750"
"'283","'LINE","'CH₃CH₂CH₂OH","'48.98278046"
"'283","'LINE","'1-Propanol","'99.29528046"
"'283","'LINE","'-126","'98.40620422"
"'283","'LINE","'97.2","'100.00000000"
"'283","'LINE","'0.804","'100.00000000"
"'283","'LINE","'CH₃(CH₂)₂CH₂OH","'29.28272438"
"'283","'LINE","'1-Butanol","'99.36363983"
"'283","'LINE","'-90","'98.33645630"
"'283","'LINE","'117.7","'99.96093750"
"'283","'LINE","'0.810","'99.97070313"
"'283","'LINE","'CH₂(CH₂),CH₂OH","'36.88596344"
"'283","'LINE","'1-Pentanol","'99.17171478"
"'283","'LINE","'-78.5","'99.15477753"
"'283","'LINE","'138","'99.99023438"
"'283","'LINE","'0.817","'99.93164063"
"'283","'LINE","'CH₂(CH₂)₄CH₂OH","'35.32226563"
"'283","'LINE","'1-Hexanol","'98.48912048"
"'283","'LINE","'-52","'97.65146637"
"'283","'LINE","'156.5","'99.97070313"
"'283","'LINE","'0.819","'99.95117188"
"'283","'LINE","'UNIT 6","'99.51988983"
"'283","'LINE","'273","'99.95117188"
"'284","'LINE","'CHEMISTRY GRADE 11","'99.84999084"
"'284","'LINE","'6.2.4","'99.81205750"
"'284","'LINE","'Preparation of Alcohols","'99.96366119"
"'284","'LINE","'The general laboratory methods of preparation of alcohols are:","'99.99457550"
"'284","'LINE","'A. Acid-catalyzed hydration of alkenes:","'95.84944916"
"'284","'LINE","'Water is added to the double bond of an alkene in the presence of dilute acid","'99.99385071"
"'284","'LINE","'such as H2SO4 or H3PO4.","'78.61614990"
"'284","'LINE","'General Reaction:","'99.98046875"
"'284","'LINE","'H3O+","'47.23294067"
"'284","'LINE","'C","'95.76689911"
"'284","'LINE","'C","'93.09211731"
"'284","'LINE","'+","'97.73357391"
"'284","'LINE","'HOH","'61.53439713"
"'284","'LINE","'C","'88.37532043"
"'284","'LINE","'C","'89.58486176"
"'284","'LINE","'H OH","'84.62113190"
"'284","'LINE","'Alkene","'100.00000000"
"'284","'LINE","'Alcohol","'99.97070313"
"'284","'LINE","'Example 6.11","'99.63787079"
"'284","'LINE","'CH₃","'94.41545868"
"'284","'LINE","'H₃C","'62.81727982"
"'284","'LINE","'H3O+","'61.54755402"
"'284","'LINE","'C","'92.10957336"
"'284","'LINE","'CH₂","'88.41757202"
"'284","'LINE","'+","'98.71910858"
"'284","'LINE","'HOH","'67.79655457"
"'284","'LINE","'25 °C","'90.67920685"
"'284","'LINE","'H₃C-C-CH₂-H","'42.27678299"
"'284","'LINE","'H₃C","'65.28221130"
"'284","'LINE","'OH","'73.88253021"
"'284","'LINE","'2-Methylpropene","'98.49549866"
"'284","'LINE","'(isobutylene)","'99.75347137"
"'284","'LINE","'tert-Butyl alcohol","'98.88024139"
"'284","'LINE","'Note that hydrogen of the water goes to the carbon of the alkene that contains more","'99.99628448"
"'284","'LINE","'hydrogens.","'99.92028046"
"'284","'LINE","'Does addition reaction change the hybridization of the carbon items initially held by","'99.97472382"
"'284","'LINE","'the double bond? Explain.","'99.89830780"
"'284","'LINE","'B. Hydrolysis of alkyl halides:","'93.57393646"
"'284","'LINE","'Warming alkyl halides with sodium hydroxide forms alcohols.","'99.93278503"
"'284","'LINE","'What does hydrolysis mean?","'99.89421844"
"'284","'LINE","'General Reaction:","'99.95077515"
"'284","'LINE","'heat","'99.89257813"
"'284","'LINE","'R - -CH₂X","'72.77542877"
"'284","'LINE","'+ NaOH","'98.78746796"
"'284","'LINE","'R-CH₂OH","'71.46365356"
"'284","'LINE","'+","'96.70738983"
"'284","'LINE","'NaX","'99.80229950"
"'284","'LINE","'(X = Cl, Br, I)","'93.42334747"
"'284","'LINE","'Alcohol","'99.99023438"
"'284","'LINE","'Alkyl halide","'98.62065125"
"'284","'LINE","'274","'99.96093750"
"'284","'LINE","'UNIT 6","'99.71072388"
"'285","'LINE","'Alcohols and Ethers","'99.91755676"
"'285","'LINE","'Example 6.12","'99.45312500"
"'285","'LINE","'heat","'99.97070313"
"'285","'LINE","'CH₃-CH₂Cl","'83.83450317"
"'285","'LINE","'+","'97.85973358"
"'285","'LINE","'NaOH","'99.68431091"
"'285","'LINE","'CH₃-CH₂OH","'71.78671265"
"'285","'LINE","'+","'98.27965546"
"'285","'LINE","'NaCl","'99.72337341"
"'285","'LINE","'Ethyl chloride","'99.62731171"
"'285","'LINE","'Ethanol","'99.92028046"
"'285","'LINE","'C. Hydrolysis of Esters:","'94.92102814"
"'285","'LINE","'Heating esters with potassium hydroxide produces alcohols.","'99.95455933"
"'285","'LINE","'General reaction:","'99.96093750"
"'285","'LINE","'heat","'99.96093750"
"'285","'LINE","'RCOOR'","'99.45412445"
"'285","'LINE","'+","'98.25115967"
"'285","'LINE","'KOH","'64.44594574"
"'285","'LINE","'RCOOK","'99.93083954"
"'285","'LINE","'+","'98.58318329"
"'285","'LINE","'R'OH","'99.87145233"
"'285","'LINE","'Ester","'99.95037079"
"'285","'LINE","'Alcohol","'99.99023438"
"'285","'LINE","'Example 6.13","'99.35058594"
"'285","'LINE","'heat","'99.91210938"
"'285","'LINE","'CH₃COOCH₂CH₃","'68.74700928"
"'285","'LINE","'+","'97.34215546"
"'285","'LINE","'KOH","'79.31999207"
"'285","'LINE","'CH₃COOK","'89.02243805"
"'285","'LINE","'+","'99.09020233"
"'285","'LINE","'CH₃CH₂OH","'88.64935303"
"'285","'LINE","'Ethyl acetate","'99.78316498"
"'285","'LINE","'Ethanol","'99.93083954"
"'285","'LINE","'Methods B and C involve the replacement of other groups by the -OH group. Hence,","'93.91359711"
"'285","'LINE","'they are examples of substitution reactions.","'99.95362854"
"'285","'LINE","'Ethanol (Ethyl Alcohol), CH₃CH₂OH","'83.44377899"
"'285","'LINE","'Activity 6.3","'99.81325531"
"'285","'LINE","'Answer the following questions individually and share your answers with","'99.99414063"
"'285","'LINE","'others in the class.","'99.99023438"
"'285","'LINE","'1. Why is the shelf-life of some alcoholic beverages low, while for others it","'99.95797729"
"'285","'LINE","'is high?","'99.97070313"
"'285","'LINE","'2. How can you improve the shelf-life of those alcoholic beverages with a","'99.88253784"
"'285","'LINE","'low shelf-life?","'99.88281250"
"'285","'LINE","'Ethanol is the second member of the homologous series of monohydric alcohols.","'99.96597290"
"'285","'LINE","'It is one of the constituents of all alcoholic beverages. 'Tella', 'Tej', Beer, Wine,","'99.13116455"
"'285","'LINE","''Katikalla', Ouzo, Gin and Whisky contain ethanol. There are a number of methods","'98.94856262"
"'285","'LINE","'for preparing ethanol using different materials.","'99.98508453"
"'285","'LINE","'Can you categorize the alcoholic beverages as distilled and non-distilled?","'99.95866394"
"'285","'LINE","'UNIT 6","'99.57399750"
"'285","'LINE","'275","'99.97070313"
"'286","'LINE","'CHEMISTRY GRADE 11","'99.74582672"
"'286","'LINE","'Industrial preparation of ethanol","'99.98027039"
"'286","'LINE","'Ethanol is manufactured industrially by:","'99.98030853"
"'286","'LINE","'1. Fermentation of carbohydrates such as sugar. Fermentation is the slow","'99.95886993"
"'286","'LINE","'decomposition of carbohydrates such as sucrose, starch and cellulose in the","'99.96398163"
"'286","'LINE","'presence of a suitable enzyme. It results in the formation of ethanol and carbon","'99.93555450"
"'286","'LINE","'dioxide:","'99.89098358"
"'286","'LINE","'C₁₂H₂₂O₁₁","'94.26865387"
"'286","'LINE","'invertase","'99.41246796"
"'286","'LINE","'+","'92.56756592"
"'286","'LINE","'H₂O","'80.92892456"
"'286","'LINE","'C₆H₁₂O₆","'95.41932678"
"'286","'LINE","'+","'95.35076904"
"'286","'LINE","'C₆H₁₂O₆","'93.69758606"
"'286","'LINE","'Sucrose","'99.95117188"
"'286","'LINE","'Glucose","'99.97070313"
"'286","'LINE","'Fructose","'99.91131592"
"'286","'LINE","'C₆H₁₂O₆","'96.93060303"
"'286","'LINE","'2CH₃CH₂OH + 2CO₂","'92.04526520"
"'286","'LINE","'Glucose","'99.97070313"
"'286","'LINE","'Ethanol","'99.91051483"
"'286","'LINE","'Fermentation can produce an alcoholic beverage whose ethanol content is 12-","'99.93424988"
"'286","'LINE","'15% only. Why is it that difficult to produce a higher percentage of alcohols by","'99.88632202"
"'286","'LINE","'fermentation? How can a higher ethanol-containing beverage be produced?","'99.80059052"
"'286","'LINE","'Most liquor factories in Ethiopia use molasses, a by-product of sugar industries,","'99.89179993"
"'286","'LINE","'as a raw material to produce ethanol. In the brewing industry, germinated barley","'99.94304657"
"'286","'LINE","'called malt is used as the starting material. The whole process taking place in","'99.98094177"
"'286","'LINE","'breweries is summarized as follows:","'99.96647644"
"'286","'LINE","'2(C₆H₁₀O₅)ₙ + nH₂O Diastase","'86.32394409"
"'286","'LINE","'nC₁₂H₂₂O₁₁","'86.78312683"
"'286","'LINE","'nH₂O","'73.26290894"
"'286","'LINE","'2nC₆H₁₂O₆","'92.82366180"
"'286","'LINE","'Starch","'99.84375000"
"'286","'LINE","'Maltose","'99.92187500"
"'286","'LINE","'Maltase","'97.84179688"
"'286","'LINE","'Glucose","'99.41406250"
"'286","'LINE","'C₆H₁₂O₆","'95.22161865"
"'286","'LINE","'Zymase","'96.29882813"
"'286","'LINE","'2CH₃CH₂OH + 2CO₂","'90.67675018"
"'286","'LINE","'Glucose","'99.97070313"
"'286","'LINE","'Ethanol","'99.93083954"
"'286","'LINE","'2. Catalytic Hydration of Ethene: Most ethanol is manufactured at present by this","'99.98034668"
"'286","'LINE","'method. In this process, ethene is treated with steam at 573 °K and 60 atm pressures","'99.27949524"
"'286","'LINE","'in the presence of phosphoric acid, H3PO₄, catalyst.","'93.56624603"
"'286","'LINE","'H3PO4","'51.73050690"
"'286","'LINE","'CH₂=CH₂ (g) + H2O (g)","'75.60093689"
"'286","'LINE","'CH₃CH₂OH (g)","'85.04524231"
"'286","'LINE","'Ethene","'99.85112762"
"'286","'LINE","'573 K/60 atm","'97.64495850"
"'286","'LINE","'Ethanol","'99.93083954"
"'286","'LINE","'276","'99.84375000"
"'286","'LINE","'UNIT 6","'99.40309906"
"'287","'LINE","'Alcohols and Ethers","'99.93058014"
"'287","'LINE","'Experiment 6.1","'99.98535156"
"'287","'LINE","'Preparation of Ethanol by Fermentation","'99.97412872"
"'287","'LINE","'Objective: To prepare ethanol from sugar.","'99.97342682"
"'287","'LINE","'Materials and chemicals: Conical flask, glass rod, distillation flask, condenser,","'99.96721649"
"'287","'LINE","'spatula, thermometer, watch glass, Bunsen burner, tripod, boiling chips, beaker,","'99.95216370"
"'287","'LINE","'stopper and delivery tube. Sugar, ammonium phosphate or ammonium sulphate,","'99.95338440"
"'287","'LINE","'yeast, Ca(OH)₂.","'89.72496796"
"'287","'LINE","'Procedure:","'99.95037079"
"'287","'LINE","'1. Take 50 mL of distilled water in a conical flask, add 15 g of sugar to it and","'99.90432739"
"'287","'LINE","'stir. Add about 1 gram of yeast and a small amount of ammonium phosphate","'99.90190125"
"'287","'LINE","'or ammonium sulphate to the solution. Arrange the setup, as shown in Figure","'99.95431519"
"'287","'LINE","'6.2, and let the flask stand for three days at a warm place.","'99.89360809"
"'287","'LINE","'Delivery tube","'99.97518921"
"'287","'LINE","'Rubber stopper","'99.97070313"
"'287","'LINE","'Conical flask","'100.00000000"
"'287","'LINE","'Beaker","'99.99023438"
"'287","'LINE","'Sugar solution","'99.95077515"
"'287","'LINE","'Calcium hydroxide","'99.93083954"
"'287","'LINE","'Figure 6.2: The fermentation of sugar","'99.89911652"
"'287","'LINE","'Observations and analysis:","'99.96366119"
"'287","'LINE","'A. What is the purpose of adding yeast to the solution?","'99.93395996"
"'287","'LINE","'B. Why do we add ammonium phosphate or ammonium sulphate to the sugar","'99.80238342"
"'287","'LINE","'solution?","'99.95117188"
"'287","'LINE","'C. What happened to the calcium hydroxide solution at the end of the first or","'99.93242645"
"'287","'LINE","'second day? Which gas is produced?","'99.99349213"
"'287","'LINE","'D. What is the smell of the solution in the flask after three days?","'99.98732758"
"'287","'LINE","'E. What has happened in the flask containing the sugar solution as it stood for","'99.89196777"
"'287","'LINE","'three days?","'99.98535156"
"'287","'LINE","'UNIT 6","'99.68669891"
"'287","'LINE","'277","'99.95117188"
"'288","'LINE","'CHEMISTRY GRADE 11","'99.93164063"
"'288","'LINE","'F. After three days, filter the solution, and arrange the set up as in Figure 6.3.","'99.96237183"
"'288","'LINE","'Pour 20 mL of the filtrate in a distilling flask, with a few boiling chips, heat","'99.77233124"
"'288","'LINE","'the solution, and collect the liquid in a receiver.","'99.75107574"
"'288","'LINE","'Thermometer","'99.99023438"
"'288","'LINE","'Water outlet","'99.98046875"
"'288","'LINE","'Stand","'100.00000000"
"'288","'LINE","'Clamp","'100.00000000"
"'288","'LINE","'Condenser","'100.00000000"
"'288","'LINE","'Fermented","'100.00000000"
"'288","'LINE","'sugar solution","'99.96542358"
"'288","'LINE","'Water inlet","'99.97070313"
"'288","'LINE","'Wire gauze","'99.97558594"
"'288","'LINE","'Conical flask","'99.99511719"
"'288","'LINE","'Ethanol","'100.00000000"
"'288","'LINE","'Bunsen burner","'97.94802094"
"'288","'LINE","'Figure 6.3: Separation of ethanol by distillation","'99.93514252"
"'288","'LINE","'Points to observe:","'100.00000000"
"'288","'LINE","'A. Observe the colour and identify the smell of the distillate.","'99.47731781"
"'288","'LINE","'B. Pour a small amount of the distillate on a watch glass, strike a match and","'99.67094421"
"'288","'LINE","'bring the flame close to the distillate. Does it catch fire?","'99.96383667"
"'288","'LINE","'C. Write a complete laboratory report on this experiment and submit it to your","'99.87355804"
"'288","'LINE","'teacher.","'99.96014404"
"'288","'LINE","'278","'99.97070313"
"'288","'LINE","'UNIT 6","'99.78884125"
"'289","'LINE","'Alcohols and Ethers","'99.93058014"
"'289","'LINE","'Project 6.1","'99.87792969"
"'289","'LINE","'Form a group of five and do the following activities. Submit Word and PDF","'99.93067169"
"'289","'LINE","'documents to your teacher.","'99.97518921"
"'289","'LINE","'1. Search the preparation of ""Katikalla"", ""Tela"", ""Tej"", and other locally","'99.63089752"
"'289","'LINE","'prepared alcoholic beverages in your community by interviewing","'99.98515320"
"'289","'LINE","'elders. Report your findings to the whole class.","'99.99013519"
"'289","'LINE","'2. Choose one locally prepared non-distilled alcoholic beverage in your","'99.96851349"
"'289","'LINE","'community and illustrate its preparation.","'99.97412872"
"'289","'LINE","'3. Compare the traditional and industrial methods of preparing alcoholic","'99.97924805"
"'289","'LINE","'beverages.","'99.83079529"
"'289","'LINE","'4. Search the internet or any other sources to summarize the properties","'99.95457458"
"'289","'LINE","'and uses of ethanol.","'99.99023438"
"'289","'LINE","'6.2.5","'99.83159637"
"'289","'LINE","'Chemical Properties of Alcohols","'99.96542358"
"'289","'LINE","'Activity 6.4","'99.92187500"
"'289","'LINE","'Discuss the following questions in groups, and write a report. Present","'99.89897919"
"'289","'LINE","'your report to the class.","'99.99414063"
"'289","'LINE","'1. Why do alcoholic beverages such as ""Tela"", ""Tej"", beer and wine turn","'99.77816010"
"'289","'LINE","'sour if they are not properly stored? Which reaction of alcohols is","'99.99023438"
"'289","'LINE","'responsible for this? Write a chemical equation to support your answer.","'99.91901398"
"'289","'LINE","'2. What types of reactions do alcohols undergo? Alcohols contain","'99.99609375"
"'289","'LINE","'a hydrocarbon group and a functional group (-OH). Which part","'99.73479462"
"'289","'LINE","'of alcohols is responsible for most of their chemical reactions?","'99.99707031"
"'289","'LINE","'Reactions of alcohols may involve the cleavage of the oxygen-hydrogen bond","'99.90238190"
"'289","'LINE","'(-O-H) or the carbon-oxygen bond (-C-O).","'89.58000946"
"'289","'LINE","'1. Reactions of alcohols involving cleavage of -0-H bond","'99.42976379"
"'289","'LINE","'a. Reaction with Active Metals","'98.85675049"
"'289","'LINE","'Alcohols react with Li, Na, K, Mg, and other active metals to liberate hydrogen and","'99.97971344"
"'289","'LINE","'to form metal alkoxides.","'99.94284821"
"'289","'LINE","'UNIT 6","'99.55974579"
"'289","'LINE","'279","'99.92187500"
"'290","'LINE","'CHEMISTRY GRADE 11","'99.81744385"
"'290","'LINE","'General reaction:","'99.88241577"
"'290","'LINE","'2R-CH₂-O-H + 2 Na","'86.89258575"
"'290","'LINE","'2R-CH₂-O⁻Na⁺","'34.40110779"
"'290","'LINE","'+ H₂","'89.11502075"
"'290","'LINE","'Alcohol","'99.96093750"
"'290","'LINE","'Sodium alkoxide","'99.65740204"
"'290","'LINE","'Example 6.14","'98.94531250"
"'290","'LINE","'2CH₃-CH₂-O-H","'53.66310501"
"'290","'LINE","'+","'90.86914063"
"'290","'LINE","'2 Na","'96.33300781"
"'290","'LINE","'2CH₃-CH₂-ONa⁺ + H2","'60.32419205"
"'290","'LINE","'Ethanol","'99.96093750"
"'290","'LINE","'Sodium ethoxide","'99.72128296"
"'290","'LINE","'Experiment 6.2","'99.82830048"
"'290","'LINE","'Reactions of Alcohols with Active Metals","'99.98020172"
"'290","'LINE","'Objective: To observe the reaction of alcohols with sodium and magnesium.","'99.95925140"
"'290","'LINE","'Materials required: Ethanol, sodium and magnesium metal. Test tubes, test","'99.98007202"
"'290","'LINE","'tube holder, test tube rack, measuring cylinder, Bunsen burner, scissors or knife.","'99.95193481"
"'290","'LINE","'Procedure:","'99.93083954"
"'290","'LINE","'Take two test tubes and add 2-5 mL of ethanol to each of the test tubes. Cut a","'99.95393372"
"'290","'LINE","'very small piece of sodium with a knife and drop it into the first test tube. Take","'99.94099426"
"'290","'LINE","'magnesium ribbon and drop it in the second test tube.","'99.98519135"
"'290","'LINE","'Observations and analysis:","'99.96040344"
"'290","'LINE","'A. What do you observe","'99.86057281"
"'290","'LINE","'a. in the first test tube?","'99.93070984"
"'290","'LINE","'b. in the second test tube?","'99.98209381"
"'290","'LINE","'B. Is there an evolution of gas? How do you check this gas is hydrogen?","'99.80096436"
"'290","'LINE","'C. If no reaction occurs in any of the test tubes, heat the mixture gently using a","'99.78868103"
"'290","'LINE","'Bunsen burner and write your observation.","'99.96678162"
"'290","'LINE","'D. Which bond of the alcohol is broken in the reaction?","'99.98476410"
"'290","'LINE","'E. Write a general reaction for such reactions.","'99.47113037"
"'290","'LINE","'F. What type of metals reacts in this manner?","'99.97821045"
"'290","'LINE","'b. Oxidation of alcohols","'99.97314453"
"'290","'LINE","'The oxidation products of alcohols depend on the type of alcohol and the nature of","'99.99208069"
"'290","'LINE","'oxidizing agents. Oxidation of alcohols is a very important method for the production","'99.96889496"
"'290","'LINE","'of other oxygen-containing organic compounds, such as aldehydes, ketones and","'99.91751099"
"'290","'LINE","'carboxylic acids.","'99.89706421"
"'290","'LINE","'280","'99.93164063"
"'290","'LINE","'UNIT 6","'99.63748169"
"'291","'LINE","'Alcohols and Ethers","'99.92407227"
"'291","'LINE","'i. Oxidation of primary alcohols","'99.92889404"
"'291","'LINE","'Depending on the oxidizing agent used, a primary alcohol is oxidized to an aldehyde","'99.92986298"
"'291","'LINE","'which in turn is oxidized to a carboxylic acid in the presence of mild oxidizing","'99.89392090"
"'291","'LINE","'agents such as copper metal, primary alcohols yield aldehydes.","'99.97911835"
"'291","'LINE","'General reaction:","'99.98046875"
"'291","'LINE","'Cu","'98.91043091"
"'291","'LINE","'R-CH₂-OH","'61.23904037"
"'291","'LINE","'R-C-H","'96.49234772"
"'291","'LINE","'Primary alcohol 360 °C Aldehyde","'97.27877808"
"'291","'LINE","'Example 6.15","'99.21386719"
"'291","'LINE","'O","'56.23485565"
"'291","'LINE","'Cu","'99.05612183"
"'291","'LINE","'CH₃-CH₂-OH","'57.05835342"
"'291","'LINE","'CH₃-C-H","'51.04591751"
"'291","'LINE","'Ethanol","'99.99023438"
"'291","'LINE","'360 °C","'80.34693146"
"'291","'LINE","'Ethanal","'99.99023438"
"'291","'LINE","'Strong oxidizing agents, such as acidified KMnO₄ or K₂Cr₂O₇ or CrO₃ in H2SO₄,","'89.96869659"
"'291","'LINE","'oxidize primary alcohol first to aldehydes and then to carboxylic acids. It is difficult to","'99.96778107"
"'291","'LINE","'stop the reaction at the aldehyde stage.","'99.99023438"
"'291","'LINE","'General reaction:","'99.90682983"
"'291","'LINE","'R-CH₂-OH KMnO₄/H R-C-H R-C-H KMnO₄/H R-C-OH","'51.00665283"
"'291","'LINE","'Primary alcohol","'99.73632813"
"'291","'LINE","'Aldehyde","'99.91210938"
"'291","'LINE","'Carboxylic acid","'99.54510498"
"'291","'LINE","'Example 6.16","'99.14958954"
"'291","'LINE","'KMnO₄/H⁺","'32.01610565"
"'291","'LINE","'CH₃-CH₂-OH","'63.96305084"
"'291","'LINE","'CH₃-C-OH","'15.28140926"
"'291","'LINE","'Ethanol","'99.92107391"
"'291","'LINE","'Ethanal","'99.95037079"
"'291","'LINE","'Ethanoic acid","'99.19841766"
"'291","'LINE","'Is there any possibility to prepare aldehydes from primary alcohols?","'99.98616791"
"'291","'LINE","'ii. Oxidation of secondary alcohols yields ketones","'99.92922211"
"'291","'LINE","'General reaction:","'99.97070313"
"'291","'LINE","'OH","'92.84936523"
"'291","'LINE","'O","'76.82347870"
"'291","'LINE","'R-C-R'","'94.14062500"
"'291","'LINE","'=","'8.88422775"
"'291","'LINE","'[0]","'58.66091156"
"'291","'LINE","'R-C-R'","'92.58609772"
"'291","'LINE","'H","'99.44255829"
"'291","'LINE","'Secondary alcohol","'99.96054077"
"'291","'LINE","'Ketone","'99.87065887"
"'291","'LINE","'UNIT 6","'99.49627686"
"'291","'LINE","'281","'99.72576141"
"'292","'LINE","'CHEMISTRY GRADE 11","'99.84348297"
"'292","'LINE","'Example 6.17","'99.45312500"
"'292","'LINE","'OH","'80.36053467"
"'292","'LINE","'O","'59.75526047"
"'292","'LINE","'KMnO4/H+","'42.87208939"
"'292","'LINE","'H3C","'61.88317108"
"'292","'LINE","'C","'69.49537659"
"'292","'LINE","'H","'99.05931091"
"'292","'LINE","'H3C","'83.19913483"
"'292","'LINE","'CH₃","'88.22285461"
"'292","'LINE","'CH₃","'89.29447937"
"'292","'LINE","'Propanol","'100.00000000"
"'292","'LINE","'2-Propanol","'98.79882813"
"'292","'LINE","'(acetone)","'99.77140808"
"'292","'LINE","'iii. Tertiary alcohols and ketones are generally resistant to oxidation","'99.92751312"
"'292","'LINE","'OH","'98.57561493"
"'292","'LINE","'[O]","'59.22412872"
"'292","'LINE","'R","'99.56054688"
"'292","'LINE","'C","'93.37770844"
"'292","'LINE","'R'","'99.01944733"
"'292","'LINE","'No reaction","'99.85311890"
"'292","'LINE","'under normal conditions","'99.96366119"
"'292","'LINE","'R""","'99.45970154"
"'292","'LINE","'Tertiary alcohol","'99.97558594"
"'292","'LINE","'What happens if 3° alcohols subject to oxidation under drastic conditions?","'99.65481567"
"'292","'LINE","'Group Assignment 6.2","'99.73957825"
"'292","'LINE","'Do the following activity in a group of five and share your","'99.91302490"
"'292","'LINE","'responses with the whole class.","'100.00000000"
"'292","'LINE","'Alcohols A, B, and C all have the composition C₄H₁₀.","'91.66396332"
"'292","'LINE","'Molecules of alcohol A contain a branched carbon chain","'99.02149200"
"'292","'LINE","'and can be oxidized to an aldehyde; molecules of alcohol B","'98.33528137"
"'292","'LINE","'contain a linear carbon chain and can be oxidized to a ketone;","'99.83871460"
"'292","'LINE","'and molecules of alcohol C can be oxidized to neither an","'97.03159332"
"'292","'LINE","'aldehyde nor a ketone. Predict the structural formulas of","'99.78334045"
"'292","'LINE","'these molecules.","'99.93532562"
"'292","'LINE","'2. Reactions involving cleavage of carbon-oxygen (C - O) bond in alcohols","'95.85597229"
"'292","'LINE","'a. Dehydration of alcohols: Alcohols undergo dehydration (removal of a molecule","'99.89624023"
"'292","'LINE","'of water) to form alkenes on treating with an acid such as concentrated H₂SO₄ or","'97.23566437"
"'292","'LINE","'H3PO4 and heating.","'83.58929443"
"'292","'LINE","'282","'99.95117188"
"'292","'LINE","'UNIT 6","'99.53982544"
"'293","'LINE","'Alcohols and Ethers","'99.93058014"
"'293","'LINE","'General reaction:","'99.95565796"
"'293","'LINE","'H H","'98.02086639"
"'293","'LINE","'Conc.H₂SO₄","'90.00776672"
"'293","'LINE","'R","'98.36833954"
"'293","'LINE","'H","'94.33813477"
"'293","'LINE","'R-C-C-OH","'80.93977356"
"'293","'LINE","'C","'95.90063477"
"'293","'LINE","'C","'88.18957520"
"'293","'LINE","'+ H₂O","'80.88040161"
"'293","'LINE","'H","'95.12675476"
"'293","'LINE","'H","'92.02546692"
"'293","'LINE","'H H","'98.31423187"
"'293","'LINE","'Alcohol","'99.99023438"
"'293","'LINE","'Alkene","'99.96014404"
"'293","'LINE","'In general, dehydration of primary alcohols is difficult and requires concentrated acid","'99.99254608"
"'293","'LINE","'and high temperature.","'99.94386292"
"'293","'LINE","'Example 6. 18","'99.14660645"
"'293","'LINE","'Ethanol dehydrates in the presence of concentrated H2SO4 and heating at 170 °C.","'93.80075073"
"'293","'LINE","'H-C-C-C-OH H H","'75.26695251"
"'293","'LINE","'Conc.H₂SO₄","'88.57043457"
"'293","'LINE","'H","'83.44327545"
"'293","'LINE","'H","'81.11029053"
"'293","'LINE","'C","'74.00669098"
"'293","'LINE","'C","'68.33126831"
"'293","'LINE","'+ H₂O","'80.21275330"
"'293","'LINE","'170 °C","'78.11558533"
"'293","'LINE","'H","'90.92395020"
"'293","'LINE","'H","'85.85459137"
"'293","'LINE","'H H","'98.69798279"
"'293","'LINE","'Ethanol","'99.91051483"
"'293","'LINE","'Ethene","'99.92028046"
"'293","'LINE","'Secondary and tertiary alcohols dehydrate under milder conditions.","'99.98139191"
"'293","'LINE","'Example 6.19","'99.66796875"
"'293","'LINE","'OH","'69.89237976"
"'293","'LINE","'85%","'96.99218750"
"'293","'LINE","'CH₃-CH-CH₃","'60.78284454"
"'293","'LINE","'H3PO4","'59.28710556"
"'293","'LINE","'CH₃-CH=CH₂","'55.92135620"
"'293","'LINE","'+ H2O","'79.23867798"
"'293","'LINE","'167 °C","'93.55448914"
"'293","'LINE","'2-Propanol","'99.07226563"
"'293","'LINE","'Propene","'99.95037079"
"'293","'LINE","'CH₃","'95.28001404"
"'293","'LINE","'CH₂","'62.61798859"
"'293","'LINE","'20% H₃PO₄","'72.98150635"
"'293","'LINE","'CH₃-C-OH","'37.20344162"
"'293","'LINE","'CH3-C-CH3 + H2O","'69.11225891"
"'293","'LINE","'85 °C","'88.90245819"
"'293","'LINE","'CH₃","'94.25920868"
"'293","'LINE","'2-Methyl-2-propanol","'99.37918854"
"'293","'LINE","'2-Methylpropene","'99.24824524"
"'293","'LINE","'Arrange primary, secondary, and tertiary alcohols in the degree of dehydration order.","'99.97193146"
"'293","'LINE","'b. Reactions of alcohols with hydrogen halides: Alcohols react with hydrogen halides","'99.99260712"
"'293","'LINE","'to form alkyl halides.","'99.82855225"
"'293","'LINE","'UNIT 6","'99.72536469"
"'293","'LINE","'283","'99.97070313"
"'294","'LINE","'CHEMISTRY GRADE 11","'99.85324860"
"'294","'LINE","'General reaction:","'99.93612671"
"'294","'LINE","'R-CH2-OH","'57.57951736"
"'294","'LINE","'+","'97.25506592"
"'294","'LINE","'HX","'92.73895264"
"'294","'LINE","'R-CH₂-X","'60.25988388"
"'294","'LINE","'+","'96.45427704"
"'294","'LINE","'H2O","'86.02140808"
"'294","'LINE","'Alcohol","'99.97070313"
"'294","'LINE","'(X=Cl,Br,I)","'34.67016220"
"'294","'LINE","'Alkyl halide","'97.68863678"
"'294","'LINE","'Example 6.20","'99.67733765"
"'294","'LINE","'CH₃-CH₂-OH","'70.02092743"
"'294","'LINE","'+","'97.56596375"
"'294","'LINE","'HBr","'99.87304688"
"'294","'LINE","'CH₃-CH₂-Br","'77.90338135"
"'294","'LINE","'+","'97.99565887"
"'294","'LINE","'H2O","'62.44559479"
"'294","'LINE","'Ethanol","'99.93083954"
"'294","'LINE","'Ethyl bromide","'99.20250702"
"'294","'LINE","'(1-bromoethane)","'99.20838165"
"'294","'LINE","'Is it possible to produce alcohols from alkyl halides?","'99.96374512"
"'294","'LINE","'Exercise 6.2","'99.90114594"
"'294","'LINE","'1. What is the functional group in alcohols?","'99.97182465"
"'294","'LINE","'2. Classify the following alcohols as primary, secondary and tertiary","'99.97023010"
"'294","'LINE","'alcohols:","'99.99023438"
"'294","'LINE","'a. 3-hexanol","'99.72536469"
"'294","'LINE","'b. 2-methyl-2-pentanol","'98.57252502"
"'294","'LINE","'c. 3-methyl-2-butanol","'89.10973358"
"'294","'LINE","'d. 1-heptanol","'99.47594452"
"'294","'LINE","'e. 2-methyl-1-propanol f. 2,3-dimethyl-2-butanol","'92.15042877"
"'294","'LINE","'3. Compare boiling points of alcohols and hydrocarbons of similar","'99.99015045"
"'294","'LINE","'molecular mass. Explain if there is any difference.","'99.97284698"
"'294","'LINE","'4. Complete the following chemical reactions in your exercise book:","'99.98120880"
"'294","'LINE","'CrO₃/H₂SO₄","'83.59294891"
"'294","'LINE","'a.","'99.59323120"
"'294","'LINE","'CH₃CH₂CH₂CH₂OH","'89.17411041"
"'294","'LINE","'b. H₃C-CH₂-CH-CH₂CH₃ OH K₂Cr₂O₇/H⁺ +","'80.74248505"
"'294","'LINE","'284","'99.95117188"
"'294","'LINE","'UNIT 6","'99.70623016"
"'295","'LINE","'Alcohols and Ethers","'99.92407227"
"'295","'LINE","'6.2.6","'99.81205750"
"'295","'LINE","'Structure and Nomenclature of Ethers","'99.86658478"
"'295","'LINE","'Activity 6.5","'99.86328125"
"'295","'LINE","'Try to answer the following questions in groups, and present your","'99.98039246"
"'295","'LINE","'responses to the whole class.","'99.99218750"
"'295","'LINE","'1. Diethyl ether (CH₃CH₂-O-CH₂CH₂) is prepared from ethyl alcohol","'92.21936798"
"'295","'LINE","'(CH,CH2-OH). Based on these information and your prior knowledge of","'93.43500519"
"'295","'LINE","'molecular structures, discuss these questions.","'99.95428467"
"'295","'LINE","'a. From CH₃CH₂-OH and CH₂CH₂-O-CH₂CH₂, which one do you","'86.47042847"
"'295","'LINE","'expect to have higher boiling point?","'99.95279694"
"'295","'LINE","'b. Which one of these compounds is more soluble in water? Why?","'99.97884369"
"'295","'LINE","'Ethers are compounds in which an oxygen is bonded to two alkyl substituents (R-","'99.89458466"
"'295","'LINE","'O-R'), where R and R' may be the same or different. If the alkyl substituents are","'99.83972931"
"'295","'LINE","'identical, the ether is a symmetrical ether. If the substituents are different, the ether is","'99.90737152"
"'295","'LINE","'an unsymmetrical ether.","'99.93735504"
"'295","'LINE","'R-O-R","'63.87543488"
"'295","'LINE","'R-O-R","'64.58335114"
"'295","'LINE","'a symmetrical ether","'99.86846161"
"'295","'LINE","'an unsymmetrical ether","'99.93761444"
"'295","'LINE","'The common name of an ether consists of the names of the two alkyl substituents","'99.93778992"
"'295","'LINE","'(in alphabetical order), followed by the word ""ether"". The smallest ethers are almost","'99.68636322"
"'295","'LINE","'always named by their common names.","'99.97721100"
"'295","'LINE","'Example: 6.21","'99.80388641"
"'295","'LINE","'CH₃","'92.24649048"
"'295","'LINE","'a. CH₃-O-CH₂CH₃","'90.71338654"
"'295","'LINE","'b. CH₃CH₂-O-CH₂CH₃","'91.12194824"
"'295","'LINE","'c. CH₃CH-O-CH₂CH₃","'66.83912659"
"'295","'LINE","'ethylmethyl ether","'99.67005920"
"'295","'LINE","'diethyl ether","'99.77987671"
"'295","'LINE","'ethylisopropyl ether","'99.79452515"
"'295","'LINE","'The IUPAC system names ether as an alkane with an RO- substituent. The substituents","'99.53476715"
"'295","'LINE","'are named by replacing the ""yl"" ending in the name of the alkyl substituent with ""oxy"".","'97.89275360"
"'295","'LINE","'CH₃O-","'52.37483978"
"'295","'LINE","'CH₃CH₂O-","'60.35734558"
"'295","'LINE","'CH₃CHO-","'86.63046265"
"'295","'LINE","'methoxy","'99.99023438"
"'295","'LINE","'ethoxy","'99.88121796"
"'295","'LINE","'CH₃","'97.34554291"
"'295","'LINE","'isopropoxy","'99.69168091"
"'295","'LINE","'UNIT 6","'99.32457733"
"'295","'LINE","'285","'99.97070313"
"'296","'LINE","'CHEMISTRY GRADE 11","'99.87277985"
"'296","'LINE","'Example 6.22","'99.72616577"
"'296","'LINE","'OCH₃","'89.81584930"
"'296","'LINE","'a. CH₃CHCH₂CH₃","'91.91037750"
"'296","'LINE","'b. CH₃CH₂CH₂CH₂CH₂-OCH₂CH₃","'70.19102478"
"'296","'LINE","'2-methoxybutane","'99.24485779"
"'296","'LINE","'1-ethoxypentane","'96.32633209"
"'296","'LINE","'Exercise 6.3","'99.87145233"
"'296","'LINE","'1. Give the systematic (IUPAC) name for each of the following ethers:","'99.96724701"
"'296","'LINE","'a. CH₂CH₂CH₂OCH₂CH₂CH₂CH₃","'68.87406158"
"'296","'LINE","'b. CH₃CH₂CH₂CH₂CHCH₂CH₃","'76.14038849"
"'296","'LINE","'OCH₃","'87.40533447"
"'296","'LINE","'2.","'99.97070313"
"'296","'LINE","'What are the common names of the compounds given in question 1?","'99.93856812"
"'296","'LINE","'6.2.7","'99.80229950"
"'296","'LINE","'Physical Properties of Ethers","'99.93347931"
"'296","'LINE","'Ethers are polar compounds in which oxygen bears a partial negative charge and each","'99.91632080"
"'296","'LINE","'carbon bonded to it bears a partial positive charge (Figure 6.4).","'99.79377747"
"'296","'LINE","'How do ethers differ from alcohols?","'99.94874573"
"'296","'LINE","'The boiling points of ethers are much lower than those of alcohols of comparable","'99.98867035"
"'296","'LINE","'molecular weight. For example, the boiling points of ethanol (78 °C) is much higher","'99.06338501"
"'296","'LINE","'than its constitutional isomer dimethyl ether (-24 °C). The difference in boiling points","'98.93323517"
"'296","'LINE","'between these two compounds is due to the polar O-H group in the alcohol, which","'97.43595886"
"'296","'LINE","'is capable of forming intermolecular hydrogen bonds. How do you rate the boiling","'99.97859955"
"'296","'LINE","'points of ethers and hydrocarbons of comparable molecular weight?","'99.96908569"
"'296","'LINE","'only very weak","'99.98697662"
"'296","'LINE","'dipole-dipole interaction","'99.78356171"
"'296","'LINE","'H","'98.13954926"
"'296","'LINE","'H","'96.66474152"
"'296","'LINE","'δ","'91.50270844"
"'296","'LINE","'H","'98.61706543"
"'296","'LINE","'H","'94.42123413"
"'296","'LINE","'C+","'95.09506989"
"'296","'LINE","'H","'98.80899048"
"'296","'LINE","'δ","'97.00115204"
"'296","'LINE","'C","'61.63105774"
"'296","'LINE","'+","'89.90722656"
"'296","'LINE","'+","'87.59685516"
"'296","'LINE","'C","'58.32938004"
"'296","'LINE","'δ","'87.57334137"
"'296","'LINE","'δ","'94.69487762"
"'296","'LINE","'δ","'87.71573639"
"'296","'LINE","'+","'91.12225342"
"'296","'LINE","'H","'97.69291687"
"'296","'LINE","'H","'98.16146851"
"'296","'LINE","'H","'99.21496582"
"'296","'LINE","'C","'64.08581543"
"'296","'LINE","'δ","'86.87908936"
"'296","'LINE","'H","'98.89767456"
"'296","'LINE","'H","'99.01566315"
"'296","'LINE","'H","'99.12049866"
"'296","'LINE","'H","'96.13839722"
"'296","'LINE","'Figure 6.4: Weak attractive interactions exist between diethyl ether","'99.93265533"
"'296","'LINE","'molecules in the pure liquid","'99.96045685"
"'296","'LINE","'286","'99.95117188"
"'296","'LINE","'UNIT 6","'99.63748169"
"'297","'LINE","'Alcohols and Ethers","'99.93083954"
"'297","'LINE","'Because the oxygen atom of ether carries a partial negative charge, ethers form","'99.92058563"
"'297","'LINE","'hydrogen bonds with water (Figure 6.5) and are more soluble in water than are","'99.94926453"
"'297","'LINE","'hydrocarbons of comparable molecular weight and shape.","'99.97583008"
"'297","'LINE","'H","'98.62424469"
"'297","'LINE","'H","'98.69020844"
"'297","'LINE","'H","'97.84817505"
"'297","'LINE","'C+","'94.62500000"
"'297","'LINE","'+co","'54.91709137"
"'297","'LINE","'to","'92.29252625"
"'297","'LINE","'δ","'90.42888641"
"'297","'LINE","'H","'98.53316498"
"'297","'LINE","'H","'96.07860565"
"'297","'LINE","'C","'61.33629608"
"'297","'LINE","'H","'97.48146820"
"'297","'LINE","'H","'98.69898224"
"'297","'LINE","'H","'97.36587524"
"'297","'LINE","'hydrogen bonding","'99.93652344"
"'297","'LINE","'Figure 6.5: Hydrogen bonding between diethyl ether and water","'99.92586517"
"'297","'LINE","'Exercise 6.4","'99.82421875"
"'297","'LINE","'1. Arrange these compounds in order of increasing solubility in water:","'99.96523285"
"'297","'LINE","'a. CH₂OCH₂CH₂OCH₃ b. CH,CH₂OCH₂CH₃","'72.45735168"
"'297","'LINE","'c. CH,CH,CH,CH,CH,CH,","'57.12751007"
"'297","'LINE","'2. Arrange these compounds in order of increasing boiling point:","'99.99113464"
"'297","'LINE","'a. CH₂OCH₂CH₂OCH₃","'80.48200989"
"'297","'LINE","'b.","'99.84375000"
"'297","'LINE","'HOCH2CH2OH","'54.85351563"
"'297","'LINE","'c. CH₂OCH₂CH₂OH","'61.47321320"
"'297","'LINE","'3. Write the condensed structures of both isomers with the formula C₂H₆O.","'97.51117706"
"'297","'LINE","'Label the functional group of each isomer.","'99.97756195"
"'297","'LINE","'6.2.8","'99.79252625"
"'297","'LINE","'Preparation of Ethers","'99.93761444"
"'297","'LINE","'1. Dehydration of alcohols","'99.87509155"
"'297","'LINE","'Alcohol undergoes dehydration in the presence of protic acids (sulphuric acid,","'99.96746063"
"'297","'LINE","'phosphoric acid) to produce alkenes and ethers under different conditions. For","'99.97929382"
"'297","'LINE","'example, ethanol is dehydrated to ethene at 170 °C in the presence of sulphuric","'99.40497589"
"'297","'LINE","'acid. On the other hand, ethanol yields ethoxyethane in the presence of sulphuric","'99.89824677"
"'297","'LINE","'acid at 140 °C. The method is limited to use with primary alcohols.","'99.39920807"
"'297","'LINE","'H2SO4","'49.99541473"
"'297","'LINE","'CH₃CH₂OH","'88.65094757"
"'297","'LINE","'CH₂=CH₂","'77.60383606"
"'297","'LINE","'+ H₂O","'90.20098877"
"'297","'LINE","'Ethanol","'99.93083954"
"'297","'LINE","'170 °C","'84.26648712"
"'297","'LINE","'Ethene","'99.81126404"
"'297","'LINE","'water","'99.93083954"
"'297","'LINE","'H2SO4","'55.07832336"
"'297","'LINE","'2CH₃CH₂OH","'95.03089142"
"'297","'LINE","'CH₃CH₂OCH₂CH₃","'81.23783875"
"'297","'LINE","'+","'96.83514404"
"'297","'LINE","'H₂O","'80.24333954"
"'297","'LINE","'Ethanol","'99.93083954"
"'297","'LINE","'140 °C","'77.01156616"
"'297","'LINE","'Diethyl ether","'99.70134735"
"'297","'LINE","'water","'99.91131592"
"'297","'LINE","'UNIT 6","'99.23708344"
"'297","'LINE","'287","'99.92187500"
"'298","'LINE","'CHEMISTRY GRADE 11","'99.82069397"
"'298","'LINE","'What is the problem if we use secondary and tertiary alcohols? Does this method work","'99.98171997"
"'298","'LINE","'for the synthesis of both symmetrical and unsymmetrical ethers?","'99.98454285"
"'298","'LINE","'2. Williamson ether synthesis","'99.97782898"
"'298","'LINE","'In this method, an alkyl halide is made to react with an alkoxide which leads to","'99.97645569"
"'298","'LINE","'the formation of ether.","'99.98759460"
"'298","'LINE","'R-X","'71.35710144"
"'298","'LINE","'+","'93.95428467"
"'298","'LINE","'R-0","'39.33354568"
"'298","'LINE","'R-O-R","'59.32585144"
"'298","'LINE","'+","'97.07848358"
"'298","'LINE","'X⁻","'49.83597565"
"'298","'LINE","'Alkyl halide","'99.05184174"
"'298","'LINE","'Alkoxide ion","'99.10604858"
"'298","'LINE","'Ether","'99.88201141"
"'298","'LINE","'Can this method be used for the preparation of both symmetrical and unsymmetrical","'99.96444702"
"'298","'LINE","'ethers?","'99.97070313"
"'298","'LINE","'Example 6.23","'99.62322998"
"'298","'LINE","'CH₃CH₂Br +","'95.65030670"
"'298","'LINE","'CH₃O","'44.72277451"
"'298","'LINE","'CH₃CH₂OCH₃","'90.29416656"
"'298","'LINE","'+","'98.74840546"
"'298","'LINE","'Br⁻","'68.31533051"
"'298","'LINE","'ethyl bromide","'99.85192108"
"'298","'LINE","'methoxide ion","'98.70077515"
"'298","'LINE","'ethyl methyl ether","'99.78874207"
"'298","'LINE","'CH₃CH₂CH₂CH₂I","'87.59944916"
"'298","'LINE","'+ CH3CH₂O","'71.70031738"
"'298","'LINE","'CH₃CH₂CH₂CH₂OCH₂CH₃","'52.04539871"
"'298","'LINE","'+ I","'75.50601959"
"'298","'LINE","'butyl iodide","'99.36862183"
"'298","'LINE","'ethoxide ion","'98.47616577"
"'298","'LINE","'butyl ethyl ether","'99.72988129"
"'298","'LINE","'6.2.9","'99.83159637"
"'298","'LINE","'Reactions of Ethers","'99.96717834"
"'298","'LINE","'Ethers, R-O-R, resemble hydrocarbons in their resistance to chemical reaction. They","'99.58119965"
"'298","'LINE","'do not react with oxidizing agents, such as K₂Cr₂O₇ or KMnO₄. Ethers are not affected","'95.41651917"
"'298","'LINE","'by bases, however, they can react with proton donors to form oxonium salts.","'99.97859955"
"'298","'LINE","'Example 6.24","'99.69686890"
"'298","'LINE","'+","'88.39276123"
"'298","'LINE","'CH₃CH₂OCH₂CH₃","'65.67741394"
"'298","'LINE","'+ HBr","'98.46031952"
"'298","'LINE","'CH₂CH₃","'84.67175293"
"'298","'LINE","'O","'54.31052399"
"'298","'LINE","'CH₂CH₃","'79.08781433"
"'298","'LINE","'Br","'98.03232574"
"'298","'LINE","'H","'81.89791870"
"'298","'LINE","'An oxonium salt","'99.76050568"
"'298","'LINE","'Heating dialkyl ethers with very strong acids (HI, HBr, and H2SO₄) cleaves the ether","'96.32357025"
"'298","'LINE","'linkage:","'99.91051483"
"'298","'LINE","'Д","'47.79087448"
"'298","'LINE","'CH₃CH₂OCH₂CH₃","'75.86993408"
"'298","'LINE","'+ 2 HBr","'98.77252197"
"'298","'LINE","'2 CH₃CH₂Br + H2O","'93.48672485"
"'298","'LINE","'288","'99.96093750"
"'298","'LINE","'UNIT 6","'99.39334106"
"'299","'LINE","'Aldehydes and Ketones","'99.93735504"
"'299","'LINE","'Ethers are not affected by most reagents at moderate temperatures. Because of their","'99.96414185"
"'299","'LINE","'good solvent properties and general inertness to chemical reaction, ethers are excellent","'99.97525024"
"'299","'LINE","'solvents in which to carry out many organic reactions.","'99.98246765"
"'299","'LINE","'Exercise 6.5","'99.94140625"
"'299","'LINE","'1. What are the common uses of ethers in medicine and industry?","'99.96731567"
"'299","'LINE","'2. Outline how the alkoxide ion is prepared for the Williamson ether","'99.96799469"
"'299","'LINE","'synthesis using a chemical equation.","'99.88121796"
"'299","'LINE","'6.3","'99.64524841"
"'299","'LINE","'Aldehydes and Ketones","'99.87091827"
"'299","'LINE","'At the end of this section, you will be able to:","'99.94733429"
"'299","'LINE","'write the general structural formulas of aldehydes and ketones","'99.96791840"
"'299","'LINE","'give the structures and names of common members of each group","'99.96220398"
"'299","'LINE","'describe the physical properties of aldehydes and ketones","'99.97640991"
"'299","'LINE","'explain some methods of preparation of aldehydes and ketones","'99.94151306"
"'299","'LINE","'explain the chemical reactions of aldehydes and ketones such as addition,","'99.95207977"
"'299","'LINE","'oxidation and reduction","'99.97342682"
"'299","'LINE","'give some chemical tests that differentiate aldehydes from ketones.","'99.97577667"
"'299","'LINE","'Activity 6.6","'99.91699219"
"'299","'LINE","'Answer the following questions in groups then present your response to","'99.99378204"
"'299","'LINE","'the whole class.","'99.99674225"
"'299","'LINE","'1. What functional group form if one of the carbon in the C=C is","'99.53572083"
"'299","'LINE","'replaced by an oxygen atom?","'99.96647644"
"'299","'LINE","'2. What is the common type of reaction for alkenes?","'99.98632813"
"'299","'LINE","'3. Which type of reaction do you expect for aldehydes and ketones?","'99.99430084"
"'299","'LINE","'The functional group of an aldehyde is a carbonyl group (C=O) bonded to a hydrogen","'97.23838806"
"'299","'LINE","'atom. In methanal (formaldehyde), the carbonyl group is bonded to two hydrogen","'99.95112610"
"'299","'LINE","'atoms. In other aldehydes, it is bonded to one hydrogen atom and one carbon atom.","'99.97900391"
"'299","'LINE","'The functional group of a ketone is a carbonyl group bonded to two carbon atoms.","'99.94515991"
"'299","'LINE","'UNIT 6","'99.50115967"
"'299","'LINE","'289","'99.93164063"
"'300","'LINE","'CHEMISTRY GRADE 11","'99.83045959"
"'300","'LINE","'O","'69.24864960"
"'300","'LINE","'O","'63.98686600"
"'300","'LINE","'C","'98.38906860"
"'300","'LINE","'or RCHO","'99.71520233"
"'300","'LINE","'C","'96.68586731"
"'300","'LINE","'or","'99.81445313"
"'300","'LINE","'RCOR' where R and R' may be","'99.77696228"
"'300","'LINE","'R","'97.72380829"
"'300","'LINE","'H","'97.21939087"
"'300","'LINE","'R","'98.31951141"
"'300","'LINE","'R'","'99.06987762"
"'300","'LINE","'same or different.","'99.86141968"
"'300","'LINE","'Aldehyde","'99.80149841"
"'300","'LINE","'Ketone","'99.76164246"
"'300","'LINE","'What are the simplest ketone and simplest aldehyde?","'99.97161865"
"'300","'LINE","'6.3.1","'99.85192108"
"'300","'LINE","'Nomenclature","'99.45252228"
"'300","'LINE","'The IUPAC system of nomenclature for aldehydes and ketones follows the familiar","'99.93695831"
"'300","'LINE","'pattern of selecting the longest chain of carbon atoms that contains the functional","'99.99080658"
"'300","'LINE","'group as the parent alkane. Aldehydes are named by changing the suffix -e of the","'99.50329590"
"'300","'LINE","'parent alkane to -al. The suffix ""-al"" indicates the functional group -CHO.","'97.68424988"
"'300","'LINE","'Example 6.25","'99.69198608"
"'300","'LINE","'O","'59.56253815"
"'300","'LINE","'O","'47.16477966"
"'300","'LINE","'H-C-H","'91.19100952"
"'300","'LINE","'CH₃—CH","'15.67881107"
"'300","'LINE","'CH₃-CH₂-C-H","'65.21145630"
"'300","'LINE","'Methanal","'99.97070313"
"'300","'LINE","'Ethanal","'99.80388641"
"'300","'LINE","'Propanal","'99.92187500"
"'300","'LINE","'Because the carbonyl group of an aldehyde can appear only at the end of a parent chain","'99.93467712"
"'300","'LINE","'and numbering must start with that group as carbon-1, its position is unambiguous;","'99.83746338"
"'300","'LINE","'there is no need to use a number to locate it.","'99.87190247"
"'300","'LINE","'Example 6.26","'99.34530640"
"'300","'LINE","'C₂H₅ O","'53.88895798"
"'300","'LINE","'4","'91.37615204"
"'300","'LINE","'H3C-CH2-CH2-CH-C-H","'21.24242592"
"'300","'LINE","'3-Methylbutanal","'98.10188293"
"'300","'LINE","'2-Ethylpentanal","'97.13806915"
"'300","'LINE","'The functional group of a ketone is a carbonyl group bonded to two carbon atoms. The","'99.94355774"
"'300","'LINE","'IUPAC names of ketones are obtained by using the suffix -one to replace the terminal","'99.78289795"
"'300","'LINE","'-e in the corresponding alkane name. The suffix '-one' indicates the functional group","'98.65784454"
"'300","'LINE","'-RCOR'.","'91.73409271"
"'300","'LINE","'Example 6.27","'99.69198608"
"'300","'LINE","'O","'51.97504807"
"'300","'LINE","'O","'49.24565506"
"'300","'LINE","'CH₃-C-CH₃","'50.80974579"
"'300","'LINE","'CH₃-C-CH₂-CH₃","'42.26403046"
"'300","'LINE","'Propanone","'99.71440125"
"'300","'LINE","'Butanone","'99.77300262"
"'300","'LINE","'290","'99.95117188"
"'300","'LINE","'UNIT 6","'99.51052094"
"'301","'LINE","'Aldehydes and Ketones","'99.92785645"
"'301","'LINE","'Unlike aldehydes, the position of the functional group must be indicated in the name","'99.99366760"
"'301","'LINE","'of higher ketones. To do so, the longest chain containing the functional group is chosen","'99.91338348"
"'301","'LINE","'as a parent structure and then the carbon atoms of the chain are numbered starting","'99.94918060"
"'301","'LINE","'from the end closer to the carbonyl group.","'99.97161865"
"'301","'LINE","'Example 6.28","'98.73495483"
"'301","'LINE","'H","'87.30628204"
"'301","'LINE","'H","'88.99792480"
"'301","'LINE","'1","'89.64205933"
"'301","'LINE","'2","'86.77246094"
"'301","'LINE","'3","'85.84014130"
"'301","'LINE","'5","'92.50976563"
"'301","'LINE","'CH₃","'88.64057922"
"'301","'LINE","'C","'77.10339355"
"'301","'LINE","'c","'35.36631012"
"'301","'LINE","'C","'43.34114075"
"'301","'LINE","'CH₃","'84.55696106"
"'301","'LINE","'H","'86.50829315"
"'301","'LINE","'H","'85.32794952"
"'301","'LINE","'H","'91.40286255"
"'301","'LINE","'H","'87.50717926"
"'301","'LINE","'2-Pentanone or pentan-2-one","'99.47159576"
"'301","'LINE","'3-Pentanone or pentan-3-one","'99.50388336"
"'301","'LINE","'Give structures and name of ketones containing six (6) carbon atoms. Hint: consider","'99.97421265"
"'301","'LINE","'isomeric forms including cyclic ones.","'99.95053101"
"'301","'LINE","'6.3.2","'99.52327728"
"'301","'LINE","'Physical Properties of Aldehydes and Ketones","'99.94074249"
"'301","'LINE","'Oxygen is more electronegative than carbon; therefore, a carbon-oxygen double bond","'99.75823212"
"'301","'LINE","'is polar, with oxygen bearing a partial negative charge and carbon bearing a partial","'99.89377594"
"'301","'LINE","'positive charge:","'99.89098358"
"'301","'LINE","'C","'88.71432495"
"'301","'LINE","'Polarity of a carbonyl group","'99.76960754"
"'301","'LINE","'Because of the polarity of the carbonyl group, aldehydes and ketones are polar","'99.97171783"
"'301","'LINE","'compounds and interact in the liquid state by dipole-dipole interactions. As a result,","'99.77741241"
"'301","'LINE","'aldehydes and ketones have higher boiling points than those of non-polar compounds","'99.95972443"
"'301","'LINE","'with comparable molecular weight. For example, butanal and butanone both have a","'99.92895508"
"'301","'LINE","'molecular mass (MM) of 72. The boiling point of butanal is 76 °C and of butanone","'99.55546570"
"'301","'LINE","'is 80 °C, which is much higher than the boiling points of diethyl ether (MM) 74, 34","'99.57492828"
"'301","'LINE","'°C and pentane (MM) 72, 36 °C.","'97.29868317"
"'301","'LINE","'Because the carbonyl groups of aldehydes and ketones interact with water molecules","'99.97688293"
"'301","'LINE","'by hydrogen bonding, low-molecular-weight aldehydes and ketones are more soluble","'99.93889618"
"'301","'LINE","'in water than are non-polar compounds of comparable molecular weight. Table 6.2","'99.95809937"
"'301","'LINE","'lists the boiling points and solubilities in water of several low-molecular-weight","'99.94770813"
"'301","'LINE","'aldehydes and ketones.","'99.93735504"
"'301","'LINE","'UNIT 6","'99.36443329"
"'301","'LINE","'291","'99.50195313"
"'302","'LINE","'CHEMISTRY GRADE 11","'99.69400787"
"'302","'LINE","'Table 6.2: Physical properties of selected aldehydes and ketones","'99.96157837"
"'302","'LINE","'Name","'100.00000000"
"'302","'LINE","'Common Name","'99.98535156"
"'302","'LINE","'Structural Formula Boiling","'99.97369385"
"'302","'LINE","'Solubility","'99.96014404"
"'302","'LINE","'Point (°C)","'90.78842163"
"'302","'LINE","'(g/100 g water)","'98.31639862"
"'302","'LINE","'Methanal","'100.00000000"
"'302","'LINE","'Formaldehyde","'99.49238586"
"'302","'LINE","'HCHO","'99.36224365"
"'302","'LINE","'-21","'99.85351563"
"'302","'LINE","'infinity","'100.00000000"
"'302","'LINE","'Ethanal","'99.96014404"
"'302","'LINE","'Acetaldehyde","'99.95037079"
"'302","'LINE","'CH3CHO","'51.23186111"
"'302","'LINE","'20","'99.99023438"
"'302","'LINE","'infinity","'100.00000000"
"'302","'LINE","'Propanal","'100.00000000"
"'302","'LINE","'Propionaldehyde","'99.85112762"
"'302","'LINE","'CH,CH2CHO","'43.90565109"
"'302","'LINE","'49","'99.99023438"
"'302","'LINE","'16","'99.99023438"
"'302","'LINE","'Butanal","'100.00000000"
"'302","'LINE","'Butyraldehyde","'99.97070313"
"'302","'LINE","'CH₁CH₂CH₂CHO","'36.59638214"
"'302","'LINE","'76","'99.97070313"
"'302","'LINE","'7","'99.89257813"
"'302","'LINE","'Hexanal","'99.96014404"
"'302","'LINE","'Caproaldehyde","'99.88121796"
"'302","'LINE","'CH₃(CH₂)₄CHO","'59.18666077"
"'302","'LINE","'129","'99.99023438"
"'302","'LINE","'slight","'100.00000000"
"'302","'LINE","'Propanone","'99.95037079"
"'302","'LINE","'Acetone","'100.00000000"
"'302","'LINE","'CH3COCH3","'41.35303879"
"'302","'LINE","'56","'99.99023438"
"'302","'LINE","'infinity","'100.00000000"
"'302","'LINE","'Methyl ethyl","'99.51750183"
"'302","'LINE","'2-Butanone","'99.38476563"
"'302","'LINE","'CH3COCH2CH3","'36.11826324"
"'302","'LINE","'80","'100.00000000"
"'302","'LINE","'26","'99.96093750"
"'302","'LINE","'ketone","'99.96014404"
"'302","'LINE","'3-pentanone","'99.33513641"
"'302","'LINE","'Diethyl ketone","'99.93652344"
"'302","'LINE","'CH₂CH₂COCH₂CH₃","'32.48505402"
"'302","'LINE","'101","'99.97070313"
"'302","'LINE","'5","'99.83398438"
"'302","'LINE","'Project 6.2","'99.52597046"
"'302","'LINE","'Form a group of five and write on the following topics by searching","'99.94148254"
"'302","'LINE","'information from the internet or any other sources. For each case, give the","'99.98791504"
"'302","'LINE","'general reaction and specific examples.","'99.94028473"
"'302","'LINE","'i. Method of preparation of aldehydes and ketones. These may include:","'99.96685791"
"'302","'LINE","'a. ozonolysis of alkenes","'98.52618408"
"'302","'LINE","'b. oxidation of alcohols: oxidation of a primary alcohols using mild","'99.88359070"
"'302","'LINE","'oxidizing agents oxidation of a secondary alcohol","'99.80963898"
"'302","'LINE","'ii. Reactions of aldehydes and ketones. Here focus on addition, oxidation,","'99.90052795"
"'302","'LINE","'and reduction reactions.","'99.94033813"
"'302","'LINE","'a. Addition","'99.88649750"
"'302","'LINE","'Addition of Grignard reagents to aldehydes and ketone","'99.99267578"
"'302","'LINE","'Addition of alcohol: formation of hemiacetals and acetals","'99.94274902"
"'302","'LINE","'b. Oxidation","'99.96582031"
"'302","'LINE","'Oxidation of aldehydes and ketones","'99.97428894"
"'302","'LINE","'c. Reduction","'95.41284180"
"'302","'LINE","'Catalytic reduction of aldehydes and ketones","'99.97518921"
"'302","'LINE","'Metal hydride reductions","'99.96419525"
"'302","'LINE","'292","'99.93164063"
"'302","'LINE","'UNIT 6","'99.55934906"
"'303","'LINE","'Aldehydes and Ketones","'99.94386292"
"'303","'LINE","'Exercise 6.6","'99.91619873"
"'303","'LINE","'1. Which of the following statements is false? Give your reason.","'99.96707916"
"'303","'LINE","'a.","'99.52487183"
"'303","'LINE","'The carbonyl carbon in all aldehydes is bonded to a hydrogen and","'99.78775024"
"'303","'LINE","'to an alkyl group.","'99.77668762"
"'303","'LINE","'b. Ketones are more soluble in water than alcohols of comparable","'99.98217010"
"'303","'LINE","'molecular weight.","'99.89098358"
"'303","'LINE","'c.","'90.31568909"
"'303","'LINE","'Any reaction that oxidizes an aldehyde to a carboxylic acid will","'99.89350128"
"'303","'LINE","'also oxidize a ketone to a carboxylic acid.","'99.73814392"
"'303","'LINE","'2. Draw a structural formula for the one ketone with molecular formula","'99.88996887"
"'303","'LINE","'C₄H₈O and for the two aldehydes with molecular formula C₄H₈O.","'91.28511810"
"'303","'LINE","'3. Draw structural formulas for these compounds:","'99.94747162"
"'303","'LINE","'a.","'99.87224579"
"'303","'LINE","'1-Chloro-2-propanone","'99.20918274"
"'303","'LINE","'b. 3-Hydroxybutanal","'99.34490204"
"'303","'LINE","'c.","'82.23473358"
"'303","'LINE","'4-Hydroxy-4-methyl-2-pentanone","'96.27331543"
"'303","'LINE","'4. Give the IUPAC name of the following compounds:","'99.95715332"
"'303","'LINE","'O","'82.55899048"
"'303","'LINE","'O","'82.16458130"
"'303","'LINE","'a.","'99.76403046"
"'303","'LINE","'b.","'99.92187500"
"'303","'LINE","'H","'99.81285858"
"'303","'LINE","'5. Formalin helps in the preservation of biological specimens. What is the","'99.96385956"
"'303","'LINE","'main constituent of formalin?","'99.95525360"
"'303","'LINE","'UNIT 6","'99.61306763"
"'303","'LINE","'293","'99.96093750"
"'304","'LINE","'CHEMISTRY GRADE 11","'99.90207672"
"'304","'LINE","'6.4","'99.81445313"
"'304","'LINE","'Carboxylic Acids","'99.95565796"
"'304","'LINE","'At the end of this section, you will be able to:","'99.95880127"
"'304","'LINE","'list common organic acids and name their sources","'99.97904968"
"'304","'LINE","'write the general formula of saturated monocarboxylic acids","'99.97518921"
"'304","'LINE","'write the molecular formulas and names of the first six members of the","'99.97097015"
"'304","'LINE","'saturated monocarboxylic acids","'100.00000000"
"'304","'LINE","'give the structural formula for the first four members of the saturated","'99.98339081"
"'304","'LINE","'monocarboxylic acids","'100.00000000"
"'304","'LINE","'give the examples of mono, di and tricarboxylic acids","'99.63140869"
"'304","'LINE","'name some branched carboxylic acids]","'99.94061279"
"'304","'LINE","'explain why ""Tella"" or ""Tej"" turns sour","'99.33712769"
"'304","'LINE","'describe the physical and chemical properties of saturated","'99.97010040"
"'304","'LINE","'monocarboxylic acids","'100.00000000"
"'304","'LINE","'explain the general methods of preparation of saturated monocarboxylic","'99.95462799"
"'304","'LINE","'acids","'100.00000000"
"'304","'LINE","'explain the industrial and laboratory preparation of acetic acid","'99.97676849"
"'304","'LINE","'conduct an experiment to prepare acetic acid in the laboratory","'99.98128510"
"'304","'LINE","'name and write structural formulas of some fatty acids","'99.96348572"
"'304","'LINE","'describe some uses of common carboxylic acids.","'99.95897675"
"'304","'LINE","'6.4.1","'99.88201141"
"'304","'LINE","'Structure and Nomenclature of Carboxylic Acids","'99.89208221"
"'304","'LINE","'Activity 6.7","'99.92187500"
"'304","'LINE","'Discuss the following questions in groups, then present your response to","'99.99733734"
"'304","'LINE","'the whole class.","'100.00000000"
"'304","'LINE","'1. What are acids?","'99.94384766"
"'304","'LINE","'2. Name some common house-hold carboxylic acids.","'99.92734528"
"'304","'LINE","'294","'99.95117188"
"'304","'LINE","'UNIT 6","'99.64196014"
"'305","'LINE","'Carboxylic Acids","'99.35507202"
"'305","'LINE","'6.4.1.1","'99.22851563"
"'305","'LINE","'Structure of Carboxylic Acids","'99.88325500"
"'305","'LINE","'Carboxylic acid is one of the class of organic compounds containing the carbonyl","'99.98472595"
"'305","'LINE","'functional group (C=0). A carboxyl group (COOH) is a functional group consisting","'96.16804504"
"'305","'LINE","'of a carbonyl group (C=O) with a hydroxyl group (O-H) attached to the same carbon","'96.36640930"
"'305","'LINE","'atom. It is usually written as -COOH or -CO₂H.","'92.00865936"
"'305","'LINE","'Carboxyl group","'99.74569702"
"'305","'LINE","'A.","'74.32058716"
"'305","'LINE","'Saturated monocarboxylic acids","'99.93436432"
"'305","'LINE","'The general formula for saturated monocarboxylic acids can be written as:","'99.96952057"
"'305","'LINE","'O","'58.45882416"
"'305","'LINE","'R-C-OH","'88.89057922"
"'305","'LINE","'where R is either hydrogen or an alkyl group for aliphatic carboxylic acids. When R is","'99.91339111"
"'305","'LINE","'phenyl (aryl) group, the structure represents aromatic carboxylic acids.","'99.94712067"
"'305","'LINE","'Example 6.29","'99.53573608"
"'305","'LINE","'1. The structure of the first three saturated monocarboxylic acids are","'99.97063446"
"'305","'LINE","'written as follows:","'99.98697662"
"'305","'LINE","'O","'47.94971466"
"'305","'LINE","'a. H-C-OH","'93.53944397"
"'305","'LINE","'Methanoic acid","'99.99511719"
"'305","'LINE","'O","'52.36168671"
"'305","'LINE","'b.","'99.87304688"
"'305","'LINE","'CH₃-C-OH","'48.68323517"
"'305","'LINE","'Ethanoic acid","'99.96542358"
"'305","'LINE","'O","'61.54895020"
"'305","'LINE","'c. CH₃-CH₂-C-OH","'50.63387299"
"'305","'LINE","'Propanoic acid","'99.95565796"
"'305","'LINE","'2. The simplest aromatic acid is benzoic acid.","'99.97670746"
"'305","'LINE","'COOH","'96.82258606"
"'305","'LINE","'Benzene carboxylic acid (Benzoic acid)","'99.88201141"
"'305","'LINE","'UNIT 6","'99.71600342"
"'305","'LINE","'295","'99.97070313"
"'306","'LINE","'CHEMISTRY GRADE 11","'99.67095947"
"'306","'LINE","'B.","'60.31031036"
"'306","'LINE","'Di- and tricarboxylic acids","'99.30808258"
"'306","'LINE","'Carboxylic acids containing two carboxyl groups in their structure are called","'99.99015808"
"'306","'LINE","'dicarboxylic acids.","'99.83727264"
"'306","'LINE","'Example 6.30","'99.31072235"
"'306","'LINE","'1. The structure of the first three saturated dicarboxylic acids are shown below:","'99.97370911"
"'306","'LINE","'O","'66.40405273"
"'306","'LINE","'O","'54.08502197"
"'306","'LINE","'a. Ho-c-c-oH","'81.10670471"
"'306","'LINE","'Ethanedioic acid","'99.82143402"
"'306","'LINE","'b. Ho-c-cH,-E-oH","'58.55964279"
"'306","'LINE","'Propanedioic acid","'99.92107391"
"'306","'LINE","'Butanedioic acid","'99.85640717"
"'306","'LINE","'c.","'50.73740387"
"'306","'LINE","'2. The simplest aromatic dicarboxylic acid occurs in three isomeric forms.","'99.98121643"
"'306","'LINE","'One of these is phthalic acid; its structure and IUPAC name are shown","'99.98560333"
"'306","'LINE","'below.","'100.00000000"
"'306","'LINE","'COOH","'98.73505402"
"'306","'LINE","'COOH","'98.10208130"
"'306","'LINE","'1, 2- Benzenedicarboxylic acid (phthalic acid)","'99.20167542"
"'306","'LINE","'Give the structures, IUPAC and common names of the other two isomers.","'99.97864532"
"'306","'LINE","'Similarly, carboxylic acids that contain three carboxyl groups in their structure are","'99.97437286"
"'306","'LINE","'called tricarboxylic acids. Example: citric acid is a typical tricarboxylic acid.","'99.88714600"
"'306","'LINE","'Can you give the structure of citric acid?","'99.97792816"
"'306","'LINE","'Activity 6.8","'99.50195313"
"'306","'LINE","'Form a group and make a list of some fruits containing carboxylic acid.","'99.76245117"
"'306","'LINE","'Which acid is commonly present in most fruits? Which carboxylic acid is","'99.99267578"
"'306","'LINE","'present in wine fruits? Is this acid a monocarboxylic, a dicarboxylic or a","'99.73265839"
"'306","'LINE","'tricarboxylic acid?","'99.95117188"
"'306","'LINE","'Present your responses to the whole class.","'99.99163055"
"'306","'LINE","'296","'99.93164063"
"'306","'LINE","'UNIT 6","'99.46658325"
"'307","'LINE","'Carboxylic Acids","'99.14062500"
"'307","'LINE","'Exercise 6.7","'99.88729858"
"'307","'LINE","'1. Write the structure of the following monocarboxylic acids:","'99.95082092"
"'307","'LINE","'a. Butanoic acid","'99.84813690"
"'307","'LINE","'b. Pentanoic acid","'99.92758942"
"'307","'LINE","'2. Write the structure of the following dicarboxylic acids:","'99.98246765"
"'307","'LINE","'a. Pentanedioic acid","'99.78170776"
"'307","'LINE","'b. Hexanedioic acid","'99.82156372"
"'307","'LINE","'c. 1,3-Benzenedicarboxylic acid","'93.38993073"
"'307","'LINE","'3. A great many carboxylic acids are encountered in nature. List some of","'99.64019012"
"'307","'LINE","'them and their respective sources.","'99.97835541"
"'307","'LINE","'6.4.1.2","'99.72496796"
"'307","'LINE","'Nomenclature of Carboxylic Acids","'99.78381348"
"'307","'LINE","'i. Common names carboxylic acids","'99.91554260"
"'307","'LINE","'A.","'77.98768616"
"'307","'LINE","'Straight chain monocarboxylic acids","'99.96298218"
"'307","'LINE","'A large number of carboxylic acids have widely used common names which need","'99.85839081"
"'307","'LINE","'to be learned. The common names of some basic carboxylic acids are derived from","'99.97826385"
"'307","'LINE","'Latin names that indicate the first original natural source of the carboxylic acid.","'99.98554230"
"'307","'LINE","'Table 6.3 lists common names of some of the most important monocarboxylic acids.","'99.92664337"
"'307","'LINE","'Table 6.3: Common names of some monocarboxylic acids.","'99.96440125"
"'307","'LINE","'Structure of Acid","'99.96392822"
"'307","'LINE","'Natural Source","'99.95117188"
"'307","'LINE","'Common Name","'99.98535156"
"'307","'LINE","'HCOOH","'75.03806305"
"'307","'LINE","'Ants (Formica)","'99.93083954"
"'307","'LINE","'Formic acid","'99.98046875"
"'307","'LINE","'CH2COOH","'60.20248413"
"'307","'LINE","'Vinegar (Acetum)","'99.87633514"
"'307","'LINE","'Acetic acid","'99.96093750"
"'307","'LINE","'CH₃CH₂COOH","'40.17279053"
"'307","'LINE","'Basic Fat (Propio)","'99.94412994"
"'307","'LINE","'Propionic acid","'99.98046875"
"'307","'LINE","'CH,CH2CH,COOH","'53.69519043"
"'307","'LINE","'Rancid butter (Butyrum)","'99.88447571"
"'307","'LINE","'Butyric acid","'99.95117188"
"'307","'LINE","'CH,CH2CH₂CH₂COOH","'23.83071709"
"'307","'LINE","'Present in a Valerian herb","'99.33099365"
"'307","'LINE","'Valeric acid","'99.94628906"
"'307","'LINE","'CH,CH₂CH,CH₂CH₂COOH","'26.49533844"
"'307","'LINE","'Goat (Caper)","'99.78435516"
"'307","'LINE","'Caproic acid","'99.91659546"
"'307","'LINE","'Note that the common name of carboxylic acids end with the suffix -ic acid.","'99.65991211"
"'307","'LINE","'UNIT 6","'99.48042297"
"'307","'LINE","'297","'99.91210938"
"'308","'LINE","'CHEMISTRY GRADE 11","'99.83697510"
"'308","'LINE","'B.","'60.05081940"
"'308","'LINE","'Branched chain and substituted carboxylic acids","'99.98020172"
"'308","'LINE","'In common naming system, the branched chain and substituted acids are named as","'99.98941803"
"'308","'LINE","'derivatives of straight chain carboxylic acids. In this case, the position of the side","'99.97437286"
"'308","'LINE","'chain or substituents is indicated by Greek letters, α, ß, Y, δ... for designating the 1ˢᵗ,","'93.66198730"
"'308","'LINE","'2ⁿᵈ, 3ʳᵈ, position of carbon atoms as shown below:","'93.50453186"
"'308","'LINE","'O","'61.80773926"
"'308","'LINE","'δ","'91.14098358"
"'308","'LINE","'γ","'49.86746597"
"'308","'LINE","'ß","'77.02886200"
"'308","'LINE","'α","'70.94676208"
"'308","'LINE","'-C-C-C-C-C-OH","'50.13552475"
"'308","'LINE","'5 4 3 2 1","'96.86460114"
"'308","'LINE","'Example 6.31","'99.62810516"
"'308","'LINE","'ß","'67.57752991"
"'308","'LINE","'a","'62.27220154"
"'308","'LINE","'Syßa","'38.51770020"
"'308","'LINE","'a. CH₃-CH-COOH","'86.12544250"
"'308","'LINE","'b. CH₃-CH-CH₂-CH-COOH","'73.50296783"
"'308","'LINE","'Cl","'90.12595367"
"'308","'LINE","'CH₃","'97.18689728"
"'308","'LINE","'CH₃","'95.27881622"
"'308","'LINE","'α-chloropropionic acid","'98.19246674"
"'308","'LINE","'α,y-dimethyvaleric acid","'84.94558716"
"'308","'LINE","'C. Dicarboxylic acids","'93.74960327"
"'308","'LINE","'Dicarboxylic acids also possess common names which are based on their sources.","'99.97789001"
"'308","'LINE","'Table 6.4 lists common and IUPAC names of some of the most important dicarboxylic","'99.95571136"
"'308","'LINE","'acids.","'99.96014404"
"'308","'LINE","'Table 6.4: Common and IUPAC names of some dicarboxylic acids.","'99.97835541"
"'308","'LINE","'Structure","'99.92028046"
"'308","'LINE","'Common Name","'99.99511719"
"'308","'LINE","'IUPAC Name","'99.90642548"
"'308","'LINE","'HOOC-COOH","'58.64636230"
"'308","'LINE","'Oxalic acid","'99.90563202"
"'308","'LINE","'Ethanedioic acid","'99.82591248"
"'308","'LINE","'HOOC-CH,-COOH","'48.60411453"
"'308","'LINE","'Malonic acid","'99.98046875"
"'308","'LINE","'Propanedioic acid","'99.72626495"
"'308","'LINE","'HOOC-(CH₂)₂-COOH","'48.55927277"
"'308","'LINE","'Succinic acid","'99.98046875"
"'308","'LINE","'Butanedioic acid","'99.87554169"
"'308","'LINE","'HOOC-(CH₂)₂-COOH","'64.63867188"
"'308","'LINE","'Glutaric acid","'99.93083954"
"'308","'LINE","'Pentanedioic acid","'99.86048889"
"'308","'LINE","'HOOC-(CH₂),-COOH","'32.35451126"
"'308","'LINE","'Adipic acid","'99.96582031"
"'308","'LINE","'Hexanedioic acid","'99.85560608"
"'308","'LINE","'HOOC-(CH₂)₂-COOH","'40.03985977"
"'308","'LINE","'Pimelic acid","'99.98046875"
"'308","'LINE","'Heptanedioic acid","'99.82591248"
"'308","'LINE","'298","'99.92187500"
"'308","'LINE","'UNIT 6","'99.68669891"
"'309","'LINE","'Carboxylic Acids","'99.77050781"
"'309","'LINE","'D.","'99.99023438"
"'309","'LINE","'Aromatic carboxylic acids","'99.99349213"
"'309","'LINE","'Aromatic carboxylic acids are compounds which have a carboxyl group directly","'99.90052795"
"'309","'LINE","'attached to an aromatic ring. The common name of the simplest aromatic","'99.98603821"
"'309","'LINE","'carboxylic acid is benzoic acid.","'99.98210144"
"'309","'LINE","'O","'82.17414856"
"'309","'LINE","'Il","'45.52236176"
"'309","'LINE","'c-oH","'46.11527252"
"'309","'LINE","'Benzoic acid","'99.99511719"
"'309","'LINE","'In common naming system, the position of the substituent is indicated by the prefixes","'99.97303772"
"'309","'LINE","'ortho (o-), meta (m-), para (p-) as it is shown in the structure below.","'99.63919830"
"'309","'LINE","'O","'83.48194122"
"'309","'LINE","'Il","'39.23369598"
"'309","'LINE","'C-OH","'65.26785278"
"'309","'LINE","'ortho","'99.93083954"
"'309","'LINE","'ortho","'99.92187500"
"'309","'LINE","'meta","'99.95117188"
"'309","'LINE","'meta","'99.97070313"
"'309","'LINE","'para","'99.97070313"
"'309","'LINE","'Example 6.32","'99.87265015"
"'309","'LINE","'COOH","'98.81477356"
"'309","'LINE","'COOH","'96.84131622"
"'309","'LINE","'CH₃","'97.32043457"
"'309","'LINE","'a.","'98.85044861"
"'309","'LINE","'b.","'99.91210938"
"'309","'LINE","'Cl","'88.87017822"
"'309","'LINE","'CH₃","'96.38333130"
"'309","'LINE","'m-chlorobenzoic acid","'99.85152435"
"'309","'LINE","'o,p-dimethylbenzoic acid.","'94.86527252"
"'309","'LINE","'UNIT 6","'99.79332733"
"'309","'LINE","'299","'99.97070313"
"'310","'LINE","'CHEMISTRY GRADE 11","'99.87630463"
"'310","'LINE","'Exercise 6.8","'99.88281250"
"'310","'LINE","'1. Write the common names for the following carboxylic acids:","'99.95987701"
"'310","'LINE","'a. CH₂-CH-CH₂-CH-COOH","'66.25677490"
"'310","'LINE","'b. HOOC-(CH₂)₂-CH₂-COOH","'73.05773163"
"'310","'LINE","'Br","'98.89648438"
"'310","'LINE","'CI","'95.86595154"
"'310","'LINE","'2. Write the structures of carboxylic acids for the given common names:","'99.98209381"
"'310","'LINE","'a. β-Bromobutyric acid","'86.48371124"
"'310","'LINE","'b. p-bromobenzoic acid","'99.16487122"
"'310","'LINE","'c. glutaric acid","'94.29428864"
"'310","'LINE","'ii. IUPAC names of carboxylic acids","'99.92283630"
"'310","'LINE","'A.","'77.50936890"
"'310","'LINE","'Straight chain monocarboxylic acid","'99.96806335"
"'310","'LINE","'In IPUAC system, monocarboxylic acids are named by replacing the terminal","'99.97655487"
"'310","'LINE","'""-e"" of the corresponding alkane name with ""-oic acid."" They are named as","'98.54598236"
"'310","'LINE","'alkanoic acids.","'99.96054077"
"'310","'LINE","'Example 6.33","'99.53044891"
"'310","'LINE","'1. Write the IPUAC names for:","'99.93164063"
"'310","'LINE","'a. H-COOH","'99.38696289"
"'310","'LINE","'b. CH₃-CH₂-COOH","'95.75902557"
"'310","'LINE","'c. CH₃-CH₂-CH₂ CH₂-COOH","'55.86026764"
"'310","'LINE","'methanoic acid","'99.98046875"
"'310","'LINE","'propanoic acid","'99.93124390"
"'310","'LINE","'pentanoic acid","'99.87145233"
"'310","'LINE","'2. Write the structure of the following carboxylic acids:","'99.99349213"
"'310","'LINE","'a. Ethanoic acid","'99.42296600"
"'310","'LINE","'b. Butanoic acid","'99.97396088"
"'310","'LINE","'c. Hexanoic acid","'86.07375336"
"'310","'LINE","'O","'61.01223755"
"'310","'LINE","'O","'49.52547073"
"'310","'LINE","'O","'54.66348648"
"'310","'LINE","'a.","'99.08222961"
"'310","'LINE","'CH₃-C-OH","'49.64544678"
"'310","'LINE","'b.","'98.72070313"
"'310","'LINE","'c.","'81.77474976"
"'310","'LINE","'CH₃-CH₂-CH₂-CH₂-CH₂-C-OH","'25.62021637"
"'310","'LINE","'B. Branched chain and substituted monocarboxylic acids","'95.48620605"
"'310","'LINE","'The IUPAC name of a branched carboxylic acid is derived from that of the longest","'99.94972229"
"'310","'LINE","'carbon chain that contains the carboxyl group. The positions of the substitutes are","'99.95870209"
"'310","'LINE","'indicated by Arabic numerals as 1, 2, 3. The numbering of the chain starts from the","'99.67814636"
"'310","'LINE","'carboxyl carbon and it is always assigned C-1 position. Note that C-2 position in","'99.87232208"
"'310","'LINE","'the IUPAC system corresponds to the α-position in the common naming system.","'99.39484406"
"'310","'LINE","'O","'55.34827042"
"'310","'LINE","'δ","'89.79013824"
"'310","'LINE","'γ","'57.80373383"
"'310","'LINE","'a","'58.80720139"
"'310","'LINE","'Common System","'99.85839844"
"'310","'LINE","'-c-C-C-C-C-OH","'21.93945313"
"'310","'LINE","'5","'96.83593750"
"'310","'LINE","'4","'98.55468750"
"'310","'LINE","'3","'98.42295074"
"'310","'LINE","'2","'97.76367188"
"'310","'LINE","'1","'97.46830750"
"'310","'LINE","'IUPAC System","'99.92147827"
"'310","'LINE","'Example 6.34","'99.16015625"
"'310","'LINE","'a. CH₂-CH(CH,)CH₂-COOH b. CH₂-CH₂CH(Cl)-CH(CH,)-COOH","'71.21158600"
"'310","'LINE","'3-methylbutanoic acid","'99.00071716"
"'310","'LINE","'3-Chloro-2-methylpentanoic acid","'99.33483887"
"'310","'LINE","'300","'99.92107391"
"'310","'LINE","'UNIT 6","'99.36403656"
"'311","'LINE","'Carboxylic Acids","'99.50683594"
"'311","'LINE","'C.","'89.96591949"
"'311","'LINE","'Dicarboxylic acids","'99.87593842"
"'311","'LINE","'In the IUPAC system, dicarboxylic acids are named as alkanedioic acids. These","'99.93871307"
"'311","'LINE","'names are obtained by replacing the suffix ""-e"" in the name of corresponding","'98.62611389"
"'311","'LINE","'alkane by ""-dioic acid"". Table 6.4 above gives the common and IUPAC names","'98.85636902"
"'311","'LINE","'of the first six dicarboxylic acids.","'99.96366119"
"'311","'LINE","'Example 6.35","'99.59472656"
"'311","'LINE","'HOOC-CH₂-CH,-COOH","'68.84745789"
"'311","'LINE","'Butanedioic acid","'99.81614685"
"'311","'LINE","'Write the structure of hexaneanedioic acid.","'99.96515656"
"'311","'LINE","'D.","'99.97070313"
"'311","'LINE","'Aromatic carboxylic acids","'99.99023438"
"'311","'LINE","'IUPAC name of the simplest aromatic carboxylic acid is benzenecarboxylic acids.","'99.96664429"
"'311","'LINE","'COOH","'99.59163666"
"'311","'LINE","'Benzenecarboxylic acid","'99.95565796"
"'311","'LINE","'Substituted aromatic acids with one carboxyl group are named as derivatives of","'99.97200012"
"'311","'LINE","'benzenecarboxylic acids. The position of substituents is indicated using the Arabic","'99.95748138"
"'311","'LINE","'numerals 2,3, etc according to their position on the benzene ring relative to the carboxyl","'99.74317169"
"'311","'LINE","'group. The carbon on which the carboxyl group is attached is by convention C-1.","'99.89387512"
"'311","'LINE","'COOH","'93.67287445"
"'311","'LINE","'COOH","'98.57561493"
"'311","'LINE","'1","'97.05815125"
"'311","'LINE","'1","'86.87380219"
"'311","'LINE","'6","'99.93083954"
"'311","'LINE","'2","'99.93164063"
"'311","'LINE","'6","'99.77379608"
"'311","'LINE","'2","'99.95117188"
"'311","'LINE","'or","'99.96093750"
"'311","'LINE","'5","'99.76562500"
"'311","'LINE","'3","'99.79332733"
"'311","'LINE","'5","'99.79492188"
"'311","'LINE","'3","'99.56472778"
"'311","'LINE","'4","'99.77458954"
"'311","'LINE","'4","'99.60937500"
"'311","'LINE","'Example 6.36","'99.81405640"
"'311","'LINE","'COOH","'97.41968536"
"'311","'LINE","'1","'87.74752808"
"'311","'LINE","'6","'99.81285858"
"'311","'LINE","'2","'97.97851563"
"'311","'LINE","'Br","'99.95117188"
"'311","'LINE","'5","'99.68750000"
"'311","'LINE","'3","'98.89907074"
"'311","'LINE","'4","'99.80388641"
"'311","'LINE","'2-bromobenzenecarboxylic acid","'84.02722168"
"'311","'LINE","'UNIT 6","'99.72008514"
"'311","'LINE","'301","'99.91131592"
"'312","'LINE","'CHEMISTRY GRADE 11","'99.84999084"
"'312","'LINE","'Exercise 6.9","'99.80388641"
"'312","'LINE","'1. Write the IUPAC names for the following carboxylic acids:","'99.95784760"
"'312","'LINE","'a. CH₃-CH-COOH","'87.65894318"
"'312","'LINE","'b. CH₃-CH-CH₂-CH-COOH","'75.97526550"
"'312","'LINE","'CH₂CH₃","'91.91645050"
"'312","'LINE","'CH₂","'94.00529480"
"'312","'LINE","'CH₃","'96.16410065"
"'312","'LINE","'CH₃","'97.14585114"
"'312","'LINE","'c. Cl-CH₂-CH₂-CH₂-COOH","'60.44712830"
"'312","'LINE","'d. HO-CH₂-CH₂-CH₂-COOH","'79.94628906"
"'312","'LINE","'COOH","'99.37519836"
"'312","'LINE","'NH₂","'93.82653046"
"'312","'LINE","'Cl","'90.20009613"
"'312","'LINE","'e.","'99.71600342"
"'312","'LINE","'f.","'99.46208954"
"'312","'LINE","'CH₂CH₃","'85.74557495"
"'312","'LINE","'COOH","'93.03829956"
"'312","'LINE","'2. Draw the structures of the following carboxylic acids:","'99.98797607"
"'312","'LINE","'a. 3-chloro-2,3-dimethylpentanoic acid","'97.90796661"
"'312","'LINE","'b. 4-bromo-2-hydroxybenzoic acid","'99.55629730"
"'312","'LINE","'c. p-Methylbenzoic acid","'94.83684540"
"'312","'LINE","'d. 2-ethyl-3-methylpentanedioic acid","'98.13211060"
"'312","'LINE","'6.4.2","'99.83159637"
"'312","'LINE","'Physical Properties of Carboxylic Acids","'99.95655060"
"'312","'LINE","'Activity 6.9","'99.74609375"
"'312","'LINE","'Discuss the following questions in groups, then present your ideas to the","'99.99674225"
"'312","'LINE","'whole class.","'99.99511719"
"'312","'LINE","'1. The solubility of monocarboxylic acids in water decreases with","'99.97355652"
"'312","'LINE","'increase in molecular mass. Explain.","'99.96842957"
"'312","'LINE","'2. Higher members of monocarboxylic acids are almost odourless. Why?","'99.96826935"
"'312","'LINE","'3. Compare the boiling points of monocarboxylic acids with alcohols,","'99.98421478"
"'312","'LINE","'aldehydes and ketones of similar molar masses?","'99.98872375"
"'312","'LINE","'1. State","'99.77947235"
"'312","'LINE","'The lower aliphatic acids containing up to 9 carbon atoms are liquids, whereas","'99.96952057"
"'312","'LINE","'the higher members are colourless waxy solids. Benzoic acid and most of its","'99.97784424"
"'312","'LINE","'derivatives are also colourless solids.","'99.92841339"
"'312","'LINE","'302","'99.95117188"
"'312","'LINE","'UNIT 6","'99.64235687"
"'313","'LINE","'Carboxylic Acids","'99.22323608"
"'313","'LINE","'2. Odor","'99.95077515"
"'313","'LINE","'The odors of the lower aliphatic acids progress from a sharp, irritating odor","'99.93811035"
"'313","'LINE","'of methanoic acid and ethanoic acids to the distinctly unpleasant odor of the","'99.98622894"
"'313","'LINE","'butanoic, pentanoic and hexanoic acids.","'99.92434692"
"'313","'LINE","'3. Melting and Boiling Points","'99.88073730"
"'313","'LINE","'The melting points and boiling points of carboxylic acids are higher than those","'99.99085999"
"'313","'LINE","'of hydrocarbons and oxygen-containing organic compounds of comparable size","'99.95579529"
"'313","'LINE","'and shape and indicate strong intermolecular attractive forces. Figure 6.6 gives","'99.94859314"
"'313","'LINE","'boiling point comparison of carboxylic acid with alkene, ketone, and alcohol.","'99.98099518"
"'313","'LINE","'What is the molecular mass of each compound shown in Figure 6.6?","'99.95796967"
"'313","'LINE","'OH","'98.67486572"
"'313","'LINE","'O","'83.77890015"
"'313","'LINE","'O","'83.16386414"
"'313","'LINE","'OH","'97.10080719"
"'313","'LINE","'2-Methyl-1-butene","'97.32939911"
"'313","'LINE","'2-Butanone","'98.48473358"
"'313","'LINE","'2-Butanol","'99.13982391"
"'313","'LINE","'Propanoic acid","'99.97070313"
"'313","'LINE","'bp (1 atm):","'99.08801270"
"'313","'LINE","'31 °C","'85.71926880"
"'313","'LINE","'80 °C","'85.23866272"
"'313","'LINE","'99 °C","'81.10252380"
"'313","'LINE","'141 °C","'87.56696320"
"'313","'LINE","'Figure 6.6: Boiling point comparison of carboxylic acid with alkene,","'99.95557404"
"'313","'LINE","'ketone, and alcohol","'99.96717834"
"'313","'LINE","'A unique hydrogen-bonding arrangement, shown in Figure 6.7, contributes to these","'99.60568237"
"'313","'LINE","'attractive forces. The hydroxyl group of one carboxylic acid molecule acts as a proton","'99.90505219"
"'313","'LINE","'donor toward the carbonyl oxygen of a second. In a reciprocal fashion, the hydroxyl","'99.84380341"
"'313","'LINE","'proton of the second carboxyl function interacts with the carbonyl oxygen of the first.","'99.97518921"
"'313","'LINE","'The result is that the two carboxylic acid molecules are held together by two hydrogen","'99.98752594"
"'313","'LINE","'bonds.","'100.00000000"
"'313","'LINE","'Hydrogen bonding","'99.94589233"
"'313","'LINE","'18","'47.50378799"
"'313","'LINE","'ost","'40.98004913"
"'313","'LINE","'18","'54.95137024"
"'313","'LINE","'H","'76.32384491"
"'313","'LINE","'R","'99.76322937"
"'313","'LINE","'C","'61.97923279"
"'313","'LINE","'Carboxylic acid","'99.91210938"
"'313","'LINE","'Carboxylic acid","'99.92187500"
"'313","'LINE","'C","'71.94754791"
"'313","'LINE","'R","'99.41426086"
"'313","'LINE","'δ","'91.01163483"
"'313","'LINE","'ost","'41.17576218"
"'313","'LINE","'δ","'89.39702606"
"'313","'LINE","'δ","'92.32840729"
"'313","'LINE","'Hydrogen bonding","'99.95117188"
"'313","'LINE","'Figure 6.7: Carboxylic acid dimer","'99.88169861"
"'313","'LINE","'UNIT 6","'99.63219452"
"'313","'LINE","'303","'99.97070313"
"'314","'LINE","'CHEMISTRY GRADE 11","'99.87304688"
"'314","'LINE","'4. Solubility","'99.96054077"
"'314","'LINE","'In aqueous solution intermolecular association between carboxylic acid molecules is","'99.95330811"
"'314","'LINE","'replaced by hydrogen bonding to water. The solubility properties of carboxylic acids","'99.98772430"
"'314","'LINE","'are similar to those of alcohols. Carboxylic acids of four carbon atoms or fewer are","'99.97824860"
"'314","'LINE","'miscible with water in all proportions. Figure 6.8 shows hydrogen bonding between","'99.93579102"
"'314","'LINE","'carboxylic acids and water molecules.","'99.96810913"
"'314","'LINE","'Water","'99.99023438"
"'314","'LINE","'Hydrogen","'99.97070313"
"'314","'LINE","'δ","'94.49198914"
"'314","'LINE","'bonding","'99.97070313"
"'314","'LINE","'O","'48.50426483"
"'314","'LINE","'18","'33.60491180"
"'314","'LINE","'ost","'39.78904343"
"'314","'LINE","'ast","'42.39656448"
"'314","'LINE","'H","'96.85806274"
"'314","'LINE","'H","'93.02774048"
"'314","'LINE","'ost","'39.12976456"
"'314","'LINE","'H","'98.73306274"
"'314","'LINE","'C","'88.04587555"
"'314","'LINE","'18","'35.48708725"
"'314","'LINE","'ast","'42.98668671"
"'314","'LINE","'001","'67.05416870"
"'314","'LINE","'Carboxylic acid","'99.88769531"
"'314","'LINE","'R","'98.28343964"
"'314","'LINE","'O","'65.96500397"
"'314","'LINE","'H","'82.87049866"
"'314","'LINE","'O","'59.33244705"
"'314","'LINE","'Water","'99.88281250"
"'314","'LINE","'R","'99.64764404"
"'314","'LINE","'!ost","'25.24762726"
"'314","'LINE","'+","'88.72967529"
"'314","'LINE","'18","'22.58370590"
"'314","'LINE","'Carboxylic acid","'99.87792969"
"'314","'LINE","'H","'98.55010223"
"'314","'LINE","'O","'49.98435211"
"'314","'LINE","'C","'68.71572113"
"'314","'LINE","'Hydrogen","'99.92187500"
"'314","'LINE","'8","'50.49127197"
"'314","'LINE","'ost","'36.38851166"
"'314","'LINE","'bonding","'99.99023438"
"'314","'LINE","'O","'67.45674896"
"'314","'LINE","'H","'77.45156860"
"'314","'LINE","'Figure 6.8: Formation of hydrogen bonding between carboxylic acids and","'99.97135925"
"'314","'LINE","'water molecules","'99.91091156"
"'314","'LINE","'Does the solubility carboxylic acids in water decrease or increase with increasing","'99.98521423"
"'314","'LINE","'molecular mass? Why? Do you predict that carboxylic acids will be soluble in organic","'99.95426178"
"'314","'LINE","'solvents? Explain.","'99.74250793"
"'314","'LINE","'The boiling points, melting points and solubilities of some carboxylic acids are","'99.97932434"
"'314","'LINE","'given in Table 6.5.","'99.94325256"
"'314","'LINE","'Table 6.5: Physical constants of some carboxylic acids","'99.96044159"
"'314","'LINE","'Boiling point","'99.95605469"
"'314","'LINE","'Solubility (g/100 mL)","'98.25115967"
"'314","'LINE","'Structure","'99.96014404"
"'314","'LINE","'IUPAC Name","'99.94589233"
"'314","'LINE","'(°C)","'82.60781860"
"'314","'LINE","'H2O at 25 °C","'84.58861542"
"'314","'LINE","'HCOOH","'95.69594574"
"'314","'LINE","'Methanoic acid","'99.98046875"
"'314","'LINE","'100.5","'99.97070313"
"'314","'LINE","'∞*","'52.78748703"
"'314","'LINE","'8","'87.79785156"
"'314","'LINE","'CH2COOH","'47.67916870"
"'314","'LINE","'Ethanoic acid","'99.95037079"
"'314","'LINE","'118","'99.95117188"
"'314","'LINE","'00*","'58.86190414"
"'314","'LINE","'CH,CH2COOH","'44.73871994"
"'314","'LINE","'Propanoic acid","'99.96054077"
"'314","'LINE","'141","'99.99023438"
"'314","'LINE","'∞*","'56.80783463"
"'314","'LINE","'CH₂(CH₂),COOH","'44.67713547"
"'314","'LINE","'Butanoic acid","'99.97558594"
"'314","'LINE","'164","'99.96093750"
"'314","'LINE","'00*","'79.82939911"
"'314","'LINE","'CH₁(CH₂),COOH","'48.40182495"
"'314","'LINE","'Pentanoic acid","'99.92556000"
"'314","'LINE","'187","'99.97070313"
"'314","'LINE","'4.97","'99.96093750"
"'314","'LINE","'CH₂(CH₂)₄COOH","'45.34059906"
"'314","'LINE","'Hexanoic acid","'99.85112762"
"'314","'LINE","'205","'99.99023438"
"'314","'LINE","'1.08","'99.97070313"
"'314","'LINE","'304","'99.93164063"
"'314","'LINE","'UNIT 6","'99.37380219"
"'315","'LINE","'Carboxylic Acids","'98.90585327"
"'315","'LINE","'Boiling point","'99.96582031"
"'315","'LINE","'Solubility (g/100 mL)","'96.98162842"
"'315","'LINE","'Structure","'99.96014404"
"'315","'LINE","'IUPAC Name","'99.90682983"
"'315","'LINE","'(°C)","'80.75394440"
"'315","'LINE","'H2O at 25 °C","'80.43935394"
"'315","'LINE","'CH₁(CH₂),COOH","'53.93435287"
"'315","'LINE","'Heptanoic acid","'99.96093750"
"'315","'LINE","'223","'100.00000000"
"'315","'LINE","'CH₂(CH₂)₆COOH","'47.65445709"
"'315","'LINE","'Octanoic acid","'99.96093750"
"'315","'LINE","'239","'99.99023438"
"'315","'LINE","'0.07","'100.00000000"
"'315","'LINE","'CH₂(CH₂),COOH","'45.43706131"
"'315","'LINE","'Nonanoic acid","'99.96093750"
"'315","'LINE","'253","'100.00000000"
"'315","'LINE","'-","'77.73258209"
"'315","'LINE","'CH₂(CH₂) COOH","'27.82067108"
"'315","'LINE","'Decanoic acid","'99.96093750"
"'315","'LINE","'269","'99.97070313"
"'315","'LINE","'0.015","'99.87304688"
"'315","'LINE","'∞* means miscible in all proportions.","'95.66701508"
"'315","'LINE","'Exercise 6.10","'99.79003906"
"'315","'LINE","'1. Arrange the following aliphatic carboxylic acids in the decreasing order","'99.95880127"
"'315","'LINE","'of boiling point:","'99.99674225"
"'315","'LINE","'a. butanoic acid","'99.90805817"
"'315","'LINE","'c. octanoic acid","'92.12266541"
"'315","'LINE","'b. decanoic acid d. propanoic acid","'99.94927979"
"'315","'LINE","'2. Which of these aliphatic carboxylic acids has the lowest boiling point?","'99.98358917"
"'315","'LINE","'a. pentanoic acid c. hexanoic acid","'97.82734680"
"'315","'LINE","'b. methanoic acid d. propanoic acid","'99.95742035"
"'315","'LINE","'3. Arrange the following compounds in increasing order of their boiling","'99.98838806"
"'315","'LINE","'points:","'99.88121796"
"'315","'LINE","'a. C₅H₁₂","'92.16458130"
"'315","'LINE","'c. C₄H₁₁OH","'58.68552780"
"'315","'LINE","'b. C2H,COOH","'77.20722961"
"'315","'LINE","'d. CH₃(CH₂),COOH","'62.48076630"
"'315","'LINE","'6.4.3","'99.77300262"
"'315","'LINE","'Chemical Properties of Carboxylic Acids","'99.95264435"
"'315","'LINE","'Activity 6.10","'99.49707031"
"'315","'LINE","'Form a group, discuss the following questions and present your responses to","'99.92331696"
"'315","'LINE","'the whole class.","'100.00000000"
"'315","'LINE","'1. Why does 'Tella' or 'Tej' turn sour when kept for a longer time but not","'99.33493042"
"'315","'LINE","'Katikalla?","'99.89178467"
"'315","'LINE","'2. Why does beer have a longer shell life than 'Tella'?","'99.08351898"
"'315","'LINE","'3. What is the practical use of metal salts of carboxylic acids in your daily life?","'99.96276855"
"'315","'LINE","'UNIT 6","'99.49059296"
"'315","'LINE","'305","'99.97070313"
"'316","'LINE","'CHEMISTRY GRADE 11","'99.71002197"
"'316","'LINE","'The carboxylic acids show reactions due to the alkyl or aryl group and the carboxyl","'99.95899963"
"'316","'LINE","'group. The carboxyl group is further considered to be made up of a carbonyl and a","'99.81040192"
"'316","'LINE","'hydroxyl group. All these groups modify the properties of each other due to their","'99.99505615"
"'316","'LINE","'interaction. Some of the common reactions of carboxylic acids are:","'99.97730255"
"'316","'LINE","'i. Reaction as an acid","'99.92155457"
"'316","'LINE","'In aqueous solution, the cleavage of 0-H bond occurs leading to the formation","'96.97860718"
"'316","'LINE","'of carboxylate ion and hydronium ion. Carboxylic acids ionize partially and an","'99.96630096"
"'316","'LINE","'equilibrium exists between the ionized and un-ionized forms.","'99.91295624"
"'316","'LINE","'O","'66.68945313"
"'316","'LINE","'O","'63.26908875"
"'316","'LINE","'R-C-O-H","'76.82545471"
"'316","'LINE","'H2O","'62.83163452"
"'316","'LINE","'H₃O⁺","'51.09265518"
"'316","'LINE","'+","'86.07830048"
"'316","'LINE","'+","'90.26207733"
"'316","'LINE","'R-C-0","'55.34705353"
"'316","'LINE","'+","'93.17303467"
"'316","'LINE","'Carboxylic acid","'98.86230469"
"'316","'LINE","'Carboxylate ion","'96.42538452"
"'316","'LINE","'Hydronium ion","'99.43359375"
"'316","'LINE","'Carboxylic acids are weak acids and dissociates slightly. The following are examples","'99.96962738"
"'316","'LINE","'of reactions of carboxylic acids as an acid.","'99.96928406"
"'316","'LINE","'a. Reaction with metals: Carboxylic acids react with active metals such as Na, K, Mg,","'99.92248535"
"'316","'LINE","'Ca, etc. to give metal carboxylate salts, RCO₂ M+, and hydrogen gas.","'94.24874115"
"'316","'LINE","'O","'65.47991180"
"'316","'LINE","'O","'60.68130112"
"'316","'LINE","'2R-C-O-H + 2 Na","'87.68451691"
"'316","'LINE","'2R-C-O Na+","'39.10463333"
"'316","'LINE","'+","'89.07635498"
"'316","'LINE","'H₂","'79.25123596"
"'316","'LINE","'Carboxylic","'99.85271454"
"'316","'LINE","'Sodium","'99.88201141"
"'316","'LINE","'Hydrogen","'99.93164063"
"'316","'LINE","'acid","'99.97070313"
"'316","'LINE","'carboxylate","'99.92187500"
"'316","'LINE","'gas","'99.83398438"
"'316","'LINE","'The salts of carboxylic acids are named by writing the name of the metal first,","'99.99279022"
"'316","'LINE","'followed by the name of the acid replacing the ending -ic acid by -ate.","'99.84412384"
"'316","'LINE","'For example, sodium reacts with ethanoic acid to form sodium ethanoate and","'99.96766663"
"'316","'LINE","'hydrogen.","'99.87065887"
"'316","'LINE","'2 CH₃-COOH","'79.93981171"
"'316","'LINE","'+","'94.87224579"
"'316","'LINE","'2","'93.93554688"
"'316","'LINE","'Na","'96.47381592"
"'316","'LINE","'2 CH₃-COO + H₂","'80.35016632"
"'316","'LINE","'b. Reaction with Bases: Carboxylic acids react with strong bases like sodium","'99.97362518"
"'316","'LINE","'hydroxide or potassium hydroxide to form the corresponding metal carboxylate","'99.92051697"
"'316","'LINE","'salts and water.","'99.97070313"
"'316","'LINE","'O","'59.85610580"
"'316","'LINE","'O","'63.17801666"
"'316","'LINE","'R-C-OH","'87.63619995"
"'316","'LINE","'+ NaOH","'94.68998718"
"'316","'LINE","'R-C-O Na+","'25.36409760"
"'316","'LINE","'+","'90.00896454"
"'316","'LINE","'H2O","'66.85367584"
"'316","'LINE","'Carboxylic acid","'99.76971436"
"'316","'LINE","'Sodium carboxylate","'99.44255829"
"'316","'LINE","'306","'99.87224579"
"'316","'LINE","'UNIT 6","'99.29568481"
"'317","'LINE","'Carboxylic Acids","'99.38925171"
"'317","'LINE","'Reaction with a base is a simple neutralization reaction. Carboxylic acids react with","'99.91833496"
"'317","'LINE","'weak bases like carbonates or bicarbonates to form salt, water and carbon dioxide.","'99.97171783"
"'317","'LINE","'O","'65.56859589"
"'317","'LINE","'O","'60.64233780"
"'317","'LINE","'2R-C-OH + Na₂CO₃ 2R-C-O Na+ + H2O + CO₂","'74.02135468"
"'317","'LINE","'Carboxylic acid","'99.06210327"
"'317","'LINE","'Sodium carboxylate","'99.50643921"
"'317","'LINE","'O","'67.42486572"
"'317","'LINE","'O","'68.11762238"
"'317","'LINE","'R-C-OH","'83.88480377"
"'317","'LINE","'+","'93.68083954"
"'317","'LINE","'NaHCO₃","'76.14855957"
"'317","'LINE","'R-C-O Na+ + H₂O + CO₂","'66.35898590"
"'317","'LINE","'Carboxylic acid","'99.59921265"
"'317","'LINE","'Sodium carboxylate","'99.54958344"
"'317","'LINE","'They also react with ammonia to form ammonium salts of carboxylic acids.","'99.97274780"
"'317","'LINE","'O","'57.78300095"
"'317","'LINE","'R-C-OH + NH₃","'85.98117065"
"'317","'LINE","'R","'88.38378906"
"'317","'LINE","'R-C-O-NH+","'13.93091393"
"'317","'LINE","'Carboxylic acid","'99.62850952"
"'317","'LINE","'Ammonium carboxylate","'99.81893921"
"'317","'LINE","'ii. Formation of Esters","'99.90847015"
"'317","'LINE","'One of the important reactions of carboxylic acids involves the replacement of -OH","'97.55778503"
"'317","'LINE","'group by an alkoxy group to form esters as products. In this reaction, carboxylic acids","'99.97103882"
"'317","'LINE","'are heated with alcohols in the presence of concentrated sulphuric acid. The reaction","'99.97866058"
"'317","'LINE","'is called esterification.","'99.82753754"
"'317","'LINE","'R-C-O-R' O H₂O","'58.59268188"
"'317","'LINE","'Ester","'99.69647217"
"'317","'LINE","'Carboxylic acid","'97.74414063"
"'317","'LINE","'Alcohol","'99.89257813"
"'317","'LINE","'Exercise 6.11","'99.91210938"
"'317","'LINE","'1. Write the chemical equations for the reaction between ethanoic acid","'99.98210144"
"'317","'LINE","'and each of the following reagents and write the names of the products","'99.99774933"
"'317","'LINE","'formed:","'99.97070313"
"'317","'LINE","'a. KOH","'80.46505737"
"'317","'LINE","'b. Na₂CO₃","'77.81289673"
"'317","'LINE","'c. NH₃","'74.21894836"
"'317","'LINE","'2. Write the chemical equations for the reaction between methanoic acid","'99.98380280"
"'317","'LINE","'and ethanol and write the name of the product.","'99.97676849"
"'317","'LINE","'UNIT 6","'99.58904266"
"'317","'LINE","'307","'99.84375000"
"'318","'LINE","'CHEMISTRY GRADE 11","'99.78814697"
"'318","'LINE","'6.4.4","'99.88201141"
"'318","'LINE","'Preparation of Carboxylic Acids","'99.95037079"
"'318","'LINE","'One of the important methods for preparation of carboxylic acids is oxidation. Many","'99.96708679"
"'318","'LINE","'saturated monocarboxylic acids are obtained by the oxidation of the corresponding","'99.98194885"
"'318","'LINE","'primary alcohols, whereas aromatic acids are obtained from the corresponding","'99.98413086"
"'318","'LINE","'alkylbenzenes.","'99.36782837"
"'318","'LINE","'i. Oxidation of Primary Alcohols","'99.90366364"
"'318","'LINE","'The primary alcohols are readily oxidized to the corresponding carboxylic acids by","'99.99009705"
"'318","'LINE","'their reaction with common oxidizing agents like K₂Cr₂O₇ or KMnO₄.","'93.13974762"
"'318","'LINE","'O","'82.22915649"
"'318","'LINE","'R-CH₂-OH KMnO₄ R-C-OH","'83.27706146"
"'318","'LINE","'1° Alcohol","'94.77011108"
"'318","'LINE","'Carboxylic acid","'99.55486298"
"'318","'LINE","'For example, oxidation of ethanol yields acetic acid (ethanoic acid).","'99.95280457"
"'318","'LINE","'O","'81.01582336"
"'318","'LINE","'KMnO₄","'80.15176392"
"'318","'LINE","'CH₃-CH₂-OH","'68.83509827"
"'318","'LINE","'CH₃-C-OH","'59.81664658"
"'318","'LINE","'Ethanol","'99.89178467"
"'318","'LINE","'Ethanoic acid","'99.38396454"
"'318","'LINE","'ii. Oxidation of Alkylbenzenes","'99.71689606"
"'318","'LINE","'Aromatic compounds containing alkyl group as substituent undergo oxidation to","'99.91344452"
"'318","'LINE","'form aromatic acids. The reaction involves oxidation with KMnO₄ or K₂CrO₇ under","'94.98546600"
"'318","'LINE","'vigorous conditions. The alkyl group is oxidized to carboxyl group irrespective of its","'99.95413208"
"'318","'LINE","'size. For example, toluene and ethylbenzene, both give benzoic acid on refluxing with","'99.93961334"
"'318","'LINE","'KMnO₄ in alkaline medium.","'98.34741974"
"'318","'LINE","'308","'99.91210938"
"'318","'LINE","'UNIT 6","'99.61794281"
"'319","'LINE","'Carboxylic Acids","'99.42382813"
"'319","'LINE","'Example 6.37","'99.76562500"
"'319","'LINE","'O","'62.58290863"
"'319","'LINE","'II","'32.99177170"
"'319","'LINE","'CH₃","'87.63930511"
"'319","'LINE","'C OH","'72.58101654"
"'319","'LINE","'KMnO₄/⁻OH","'56.94136810"
"'319","'LINE","'heat","'99.95117188"
"'319","'LINE","'Toluene","'100.00000000"
"'319","'LINE","'Benzoic acid","'99.98046875"
"'319","'LINE","'Write the chemical equations for the oxidation of ethylbenzene with KMnO₄ in","'99.60580444"
"'319","'LINE","'alkaline medium.","'99.92556000"
"'319","'LINE","'iii. Preparation of acetic acid (Ethanoic acid)","'99.89701843"
"'319","'LINE","'Acetic acid is one of the important carboxylic acids which is used as food preservative. It","'99.92535400"
"'319","'LINE","'can be prepared in laboratory by the oxidation of ethanol with potassium permanganate.","'99.88616943"
"'319","'LINE","'It can also be obtained by passing the vapours of ethanol through copper oxide as","'99.98155975"
"'319","'LINE","'described in Experiment 6.3.","'99.90827179"
"'319","'LINE","'Experiment 6.3","'99.89626312"
"'319","'LINE","'Laboratory Preparation of Acetic Acid","'99.98437500"
"'319","'LINE","'Objective: To prepare acetic acid in the laboratory by oxidation of ethanol.","'99.98257446"
"'319","'LINE","'Apparatus: Goggles, test tubes, test tube rack, quickfit distillation apparatus,","'99.97608948"
"'319","'LINE","'250 mL beaker, pipettes, Bunsen burner, stand, clamp, tripod, wire gauze, digital","'99.93640900"
"'319","'LINE","'balance, blue litmus paper, boiling chips such as fine gravels, broken porcelain","'99.97098541"
"'319","'LINE","'pieces, etc.","'99.96014404"
"'319","'LINE","'Chemicals: Ethanol, sodium dichromate, 1M sulphuric acid, 0.5M sodium","'99.83296204"
"'319","'LINE","'carbonate solution.","'99.92556000"
"'319","'LINE","'Procedure:","'99.93083954"
"'319","'LINE","'Oxidation of ethanol to ethanoic acid","'99.99837494"
"'319","'LINE","'1. Set up the Quickfit distillation apparatus for refluxing as shown in","'99.97877502"
"'319","'LINE","'Figure 6.9a.","'98.51492310"
"'319","'LINE","'2. Place about 10 mL of 1M sulphuric acid into the 250 mL round-bottom","'99.93433380"
"'319","'LINE","'flask.","'99.96014404"
"'319","'LINE","'UNIT 6","'99.62282562"
"'319","'LINE","'309","'99.88201141"
"'320","'LINE","'CHEMISTRY GRADE 11","'99.84049225"
"'320","'LINE","'3. Add 2-3 g of sodium dichromate (Na₂Cr₂O₂) and a few pieces of boiling","'97.16591644"
"'320","'LINE","'chips. Swirl the contents of the flask until the solution is complete (warm","'99.97270966"
"'320","'LINE","'if necessary).","'99.52407837"
"'320","'LINE","'4. Cool the mixture under a running tap since the process is exothermic.","'99.85975647"
"'320","'LINE","'5. Add 1 mL of ethanol dropwise into the flask.","'99.66838837"
"'320","'LINE","'6. Boil under reflux (Figure 6.9 a) for 20 minutes","'99.44535828"
"'320","'LINE","'7. Arrange the distillation set up as shown in (Figure 6.9 b) and distil up to","'99.73968506"
"'320","'LINE","'2-3 mL","'99.09179688"
"'320","'LINE","'8. Notice the smell of the product (distilled liquid) and compare it with that","'99.95222473"
"'320","'LINE","'of ethanol.","'99.96054077"
"'320","'LINE","'9. Add a few drops of the distilled liquid to a small amount of solid sodium","'99.78149414"
"'320","'LINE","'carbonate.","'99.73154449"
"'320","'LINE","'10. Add a drop of the distilled liquid to moistened blue litmus paper.","'99.86069489"
"'320","'LINE","'Water outlet","'99.96093750"
"'320","'LINE","'Condenser","'99.99023438"
"'320","'LINE","'Water inlet","'99.88769531"
"'320","'LINE","'Round bottom flask","'99.98697662"
"'320","'LINE","'Reactants","'99.96014404"
"'320","'LINE","'Heating","'99.97070313"
"'320","'LINE","'Mantle","'100.00000000"
"'320","'LINE","'Heat","'98.16326141"
"'320","'LINE","'RPM","'99.22851563"
"'320","'LINE","'Figure 6.9a: Reflux set-up","'98.72887421"
"'320","'LINE","'Observation and analysis","'99.93031311"
"'320","'LINE","'1. What happened to the colour of the solution in the flask?","'99.94371796"
"'320","'LINE","'2. What is the role of sodium dichromate in the above reaction? Is it oxidized","'99.95529938"
"'320","'LINE","'or reduced?","'99.96582031"
"'320","'LINE","'3. Write the chemical equation for this reaction.","'99.97416687"
"'320","'LINE","'4. What do you conclude from this experiment?","'99.96287537"
"'320","'LINE","'310","'99.91210938"
"'320","'LINE","'UNIT 6","'99.66677094"
"'321","'LINE","'Carboxylic Acids","'99.47714233"
"'321","'LINE","'Thermometer","'99.97070313"
"'321","'LINE","'Water outlet","'99.96093750"
"'321","'LINE","'Stand","'100.00000000"
"'321","'LINE","'Clamp","'100.00000000"
"'321","'LINE","'Condenser","'100.00000000"
"'321","'LINE","'Water inlet","'99.94140625"
"'321","'LINE","'Wire gauze","'99.91699219"
"'321","'LINE","'Receiver","'100.00000000"
"'321","'LINE","'Acetic acid","'99.97070313"
"'321","'LINE","'Bensen burner","'99.77867889"
"'321","'LINE","'Figure 6.9b: Laboratory set-up for distillation of acetic acid","'99.90750885"
"'321","'LINE","'Large quantities of acetic acid are obtained in industry from fermentation of ethanol.","'99.96251678"
"'321","'LINE","'The process is known as Quick Vinegar Fermentation Process. In the process large","'99.97709656"
"'321","'LINE","'wooden vats (Figure 6.10) are used which have a perforated bottom. They are packed","'99.74966431"
"'321","'LINE","'with wood shavings moistened with old vinegar. Ethanol solution is poured from the","'99.98854828"
"'321","'LINE","'top and trickles down slowly to the perforated bottom. From the lower portion, air","'99.98012543"
"'321","'LINE","'is pumped in the vat. The bacteria present in old vinegar, ferment the ethanol into","'99.96881104"
"'321","'LINE","'acetic acid. The liquor obtained at the bottom is recirculated through the tower. The","'99.99151611"
"'321","'LINE","'maximum concentration of acetic acid obtained by this process is about 10%, which","'99.95638275"
"'321","'LINE","'can be fractionated to yield glacial acetic acid (anhydrous acetic acid).","'99.95488739"
"'321","'LINE","'UNIT 6","'99.68590546"
"'321","'LINE","'311","'99.81445313"
"'322","'LINE","'CHEMISTRY GRADE 11","'99.92187500"
"'322","'LINE","'Air outlet","'99.80917358"
"'322","'LINE","'Ethanol","'100.00000000"
"'322","'LINE","'Wood shavings","'99.97558594"
"'322","'LINE","'Air inlet","'99.85351563"
"'322","'LINE","'Perforated","'100.00000000"
"'322","'LINE","'bottom","'100.00000000"
"'322","'LINE","'Pump","'99.95037079"
"'322","'LINE","'Vinegar","'100.00000000"
"'322","'LINE","'Figure 6.10: Industrial preparation of acetic acid","'99.91036987"
"'322","'LINE","'6.4.5","'99.91051483"
"'322","'LINE","'Fatty Acids","'99.98535156"
"'322","'LINE","'Activity 6.11","'99.95605469"
"'322","'LINE","'Discuss the following questions in groups and present your answer to the class.","'99.99173737"
"'322","'LINE","'You have learned about the six foodstaffs in your lower grade biology lesson.","'99.98091125"
"'322","'LINE","'Which one of these foodstaffs produces fatty acid during digestion? Why","'99.98646545"
"'322","'LINE","'are they named fatty acids?","'99.99414063"
"'322","'LINE","'Fatty acids are carboxylic acids with long hydrocarbon chains. The fatty acids most","'99.99161530"
"'322","'LINE","'frequently found in nature are shown in Table 6.6. Most naturally occurring fatty","'99.96795654"
"'322","'LINE","'acids contain an even number of carbon atoms and are unbranched. Fatty acids can","'99.95955658"
"'322","'LINE","'be classified as saturated or unsaturated.","'99.90712738"
"'322","'LINE","'What is the main difference between saturated and unsaturated compounds?","'99.97714233"
"'322","'LINE","'312","'99.89257813"
"'322","'LINE","'UNIT 6","'99.82302094"
"'323","'LINE","'Carboxylic Acids","'99.03280640"
"'323","'LINE","'Double bonds in naturally occurring unsaturated fatty acids are never conjugated.","'99.94586182"
"'323","'LINE","'How many methylene (-CH₂-) group(s) usually separates the double bonds in","'97.64898682"
"'323","'LINE","'unsaturated fatty acids (See Table 6.6).","'97.15863800"
"'323","'LINE","'Table 6.6: Some common naturally occurring fatty acids","'99.94843292"
"'323","'LINE","'Number","'100.00000000"
"'323","'LINE","'Melting","'100.00000000"
"'323","'LINE","'Common Name","'99.97070313"
"'323","'LINE","'Structure /Formula","'70.13552094"
"'323","'LINE","'Point","'99.97070313"
"'323","'LINE","'of carbons","'99.98046875"
"'323","'LINE","'(°C)","'62.71982956"
"'323","'LINE","'Saturated","'99.95037079"
"'323","'LINE","'12","'99.92187500"
"'323","'LINE","'Lauric acid","'99.87304688"
"'323","'LINE","'CH₂(CH₂)₁₀COOH","'46.58143234"
"'323","'LINE","'44","'99.93083954"
"'323","'LINE","'14","'99.97070313"
"'323","'LINE","'Myristic acid","'99.83886719"
"'323","'LINE","'CH₃(CH₂)₁₂COOH","'43.67008209"
"'323","'LINE","'58","'99.97070313"
"'323","'LINE","'16","'99.97070313"
"'323","'LINE","'Palmitic acid","'99.96582031"
"'323","'LINE","'CH₂(CH₂)₁₄COOH","'37.15581131"
"'323","'LINE","'63","'99.99023438"
"'323","'LINE","'18","'99.93164063"
"'323","'LINE","'Stearic acid","'99.95117188"
"'323","'LINE","'CH₂(CH₂)₁₆COOH","'44.28670883"
"'323","'LINE","'69","'99.97070313"
"'323","'LINE","'Arachidic","'99.91051483"
"'323","'LINE","'20","'99.97070313"
"'323","'LINE","'CH₃(CH₂)₁₈COOH","'38.86658859"
"'323","'LINE","'77","'99.87304688"
"'323","'LINE","'acid","'99.97070313"
"'323","'LINE","'Unsaturated","'99.83079529"
"'323","'LINE","'Palmitoleic","'100.00000000"
"'323","'LINE","'16","'99.99023438"
"'323","'LINE","'CH₂(CH₂)sCH=CH(CH₂),COOH","'20.11170769"
"'323","'LINE","'0","'64.84534454"
"'323","'LINE","'acid","'99.99023438"
"'323","'LINE","'18","'99.92187500"
"'323","'LINE","'Oleic acid","'99.88281250"
"'323","'LINE","'CH,(CH₂)₂CH=CH(CH₂),COOH","'25.62240982"
"'323","'LINE","'13","'99.92187500"
"'323","'LINE","'18","'99.93164063"
"'323","'LINE","'Linoleic acid","'99.94140625"
"'323","'LINE","'CH₂(CH₂)₂CH=CHCH₂CH=CH(CH,),COOH","'23.04508018"
"'323","'LINE","'-5","'96.54556274"
"'323","'LINE","'Linolen-ic","'99.83159637"
"'323","'LINE","'CH,CH₂CH=CHCH,CH=CHCH₂","'29.40270233"
"'323","'LINE","'18","'99.93164063"
"'323","'LINE","'-11","'96.17207336"
"'323","'LINE","'acid","'99.99023438"
"'323","'LINE","'CH=CH(CH₂), COOH","'72.53363037"
"'323","'LINE","'The physical properties of a fatty acid depend on the length of the hydrocarbon chain","'99.92775726"
"'323","'LINE","'and the degree of unsaturation. The melting points of saturated fatty acids increase","'99.95706940"
"'323","'LINE","'with increasing molecular weight because of increased van der Waals interactions","'99.98380280"
"'323","'LINE","'between the molecules.","'99.94685364"
"'323","'LINE","'Why do unsaturated fatty acids have lower melting points than saturated fatty acids","'99.98085785"
"'323","'LINE","'with comparable molecular weights?","'99.95525360"
"'323","'LINE","'UNIT 6","'99.41814423"
"'323","'LINE","'313","'99.93164063"
"'324","'LINE","'CHEMISTRY GRADE 11","'99.79465485"
"'324","'LINE","'The melting points of the unsaturated fatty acids decrease as the number of double","'99.98303223"
"'324","'LINE","'bonds increases. For example, an 18-carbon fatty acid melts at 69 °C if it is saturated,","'99.48547363"
"'324","'LINE","'at 13 °C if it has one double bond, at -5 °C if it has two double bonds, and at 11 °C","'98.82852936"
"'324","'LINE","'if it has three double bonds (Table 6.6).","'99.85556030"
"'324","'LINE","'6.4.6","'99.92107391"
"'324","'LINE","'Uses of Carboxylic Acids","'99.96786499"
"'324","'LINE","'Acetic acid is used as a solvent and as a starting material in the preparation of acetates,","'99.91859436"
"'324","'LINE","'acetic anhydride, etc. It is also used to prepare the vinyl acetate polymer which is","'99.96968079"
"'324","'LINE","'used in paints and adhesives. Vinegar contains about 8-10% acetic acid which is","'99.77103424"
"'324","'LINE","'used in many food items. Perhaps one of the most important industrial applications","'99.98247528"
"'324","'LINE","'of long chain carboxylic acid is for making soaps, detergents, and shampoos.","'99.98013306"
"'324","'LINE","'Can you suggest some more examples of the use of carboxylic acids in daily life?","'99.97971344"
"'324","'LINE","'Exercise 6.12","'99.84375000"
"'324","'LINE","'1. Explain the difference in the melting points of the following fatty acids:","'99.97502899"
"'324","'LINE","'a. palmitic acid and stearic acid","'99.91918182"
"'324","'LINE","'b. palmitic acid and palmitoleic acid","'99.96202850"
"'324","'LINE","'c. oleic acid and linoleic acid","'95.38846588"
"'324","'LINE","'2. What are omega fatty acids? Give some examples of omega fatty acids.","'99.98560333"
"'324","'LINE","'3. What is the difference between omega-3-fatty acids and omega-6-fatty","'99.80745697"
"'324","'LINE","'acids?","'99.93083954"
"'324","'LINE","'4. List some essential fatty acids. Why are they called 'essential?","'96.12313843"
"'324","'LINE","'Project 6.3","'99.82341766"
"'324","'LINE","'Form a group of five and share information on some carboxylic derivatives","'99.92657471"
"'324","'LINE","'(anhydrides, amides, and acid chloride), then submit a written word and PDF","'99.90732574"
"'324","'LINE","'documents to your teacher. In your write-up, put the following key points into","'99.96570587"
"'324","'LINE","'consideration:","'99.39233398"
"'324","'LINE","'structures and naming (both IUPAC and common systems) of","'99.95262909"
"'324","'LINE","'anhydrides, amides, and acid chloride","'99.95819092"
"'324","'LINE","'physical properties of anhydrides, amides, and acid chloride","'99.93400574"
"'324","'LINE","'common reactions and methods of preparations.","'99.93871307"
"'324","'LINE","'314","'99.93164063"
"'324","'LINE","'UNIT 6","'99.58865356"
"'325","'LINE","'Esters","'99.99023438"
"'325","'LINE","'6.5","'99.87304688"
"'325","'LINE","'Esters","'99.91051483"
"'325","'LINE","'By the end of this section, you will be able to:","'99.89535522"
"'325","'LINE","'list common sources of esters","'99.93279266"
"'325","'LINE","'write the general structural formula of esters","'99.97454834"
"'325","'LINE","'write the molecular formulas and names of some simple esters","'99.96029663"
"'325","'LINE","'describe physical properties of esters","'99.94451141"
"'325","'LINE","'explain the chemical properties of esters","'99.95701599"
"'325","'LINE","'explain the general methods of preparation of esters","'99.96023560"
"'325","'LINE","'describe some uses of common esters.","'99.95552063"
"'325","'LINE","'6.5.1","'99.92107391"
"'325","'LINE","'Sources of Esters","'99.94386292"
"'325","'LINE","'Why do some fruits and flowers give out a pleasant smell?","'99.94238281"
"'325","'LINE","'Esters are among the most widely occurring compounds in nature. Many esters are","'99.98028564"
"'325","'LINE","'pleasant smelling substances and are responsible for the flavor and fragrance of many","'99.97565460"
"'325","'LINE","'fruits: for example, apples, pears, bananas, pineapples, strawberries, etc. Oils, fats","'99.90401459"
"'325","'LINE","'and waxes of plants or animal origin are all esters. Many esters are found in flowers","'99.98342133"
"'325","'LINE","'and form the part of essential oils obtained from flowers.","'99.99503326"
"'325","'LINE","'6.5.2","'99.84135437"
"'325","'LINE","'Nomenclature","'99.51191711"
"'325","'LINE","'Esters are derivatives of carboxylic acids in which the hydroxyl group (-OH) of a","'99.89372253"
"'325","'LINE","'carboxylic acid is replaced by an alkoxy group (-OR). Esters can be formed by the","'99.98616791"
"'325","'LINE","'reaction between acids and alcohols or phenols. In such cases, the hydroxyl group is","'99.99156952"
"'325","'LINE","'replaced by an alkoxy group.","'99.98828125"
"'325","'LINE","'Esters have the general formula RCO2R' (or RCOOR'), which can be represented by","'97.85887909"
"'325","'LINE","'the general formula:","'99.93083954"
"'325","'LINE","'O","'67.69850159"
"'325","'LINE","'R-C-O-R' or RCO₂R' or RCOOR'","'89.64617920"
"'325","'LINE","'Where R = hydrogen, alkyl or an aryl group and R' = alkyl or an aryl group.","'99.08178711"
"'325","'LINE","'UNIT 6","'99.50524139"
"'325","'LINE","'315","'99.97070313"
"'326","'LINE","'CHEMISTRY GRADE 11","'99.54726410"
"'326","'LINE","'Esters are named by the common system and IUPAC system. In both the cases, the name","'99.95890808"
"'326","'LINE","'consists of two parts. The first part is named using the part from alcohol. The second","'99.98886871"
"'326","'LINE","'part of the name is based on the acid. Therefore, we have to identify the parts coming from","'99.96614075"
"'326","'LINE","'the alcohol and the carboxylic acid. The reaction below shows the part coming from the","'99.95361328"
"'326","'LINE","'alcohol is attached to the oxygen as an alkyl group, and the acid part is attached to the","'99.94616699"
"'326","'LINE","'oxygen through the carbonyl group.","'99.94483948"
"'326","'LINE","'O","'55.99160767"
"'326","'LINE","'H+","'63.17502213"
"'326","'LINE","'R-C-O-H","'80.81900024"
"'326","'LINE","'+","'91.45269012"
"'326","'LINE","'H-O-R'","'84.84841919"
"'326","'LINE","'R-C-O-R'","'93.24426270"
"'326","'LINE","'+","'92.79137421"
"'326","'LINE","'H2O","'64.30583954"
"'326","'LINE","'Alcohol","'99.97070313"
"'326","'LINE","'Acid","'99.83398438"
"'326","'LINE","'Alcohol","'99.24804688"
"'326","'LINE","'Carboxylic acid","'99.50115967"
"'326","'LINE","'portion","'99.97070313"
"'326","'LINE","'Portion","'99.97070313"
"'326","'LINE","'The names of esters are derived from the names of the alcohol (with the ending -yl)","'99.72719574"
"'326","'LINE","'and the acid (with the ending -ate or -oate). While writing their names the part of","'99.81154633"
"'326","'LINE","'the name derived from the alcohol comes first. When we use the common name of","'99.98242188"
"'326","'LINE","'carboxylic acid, the name of the ester is a common name, and when the IUPAC name","'99.89525604"
"'326","'LINE","'of the acid is used, we get the IUPAC name for the ester. See the ester formed from","'99.98905945"
"'326","'LINE","'ethyl alcohol and ethanoic acid:","'99.93459320"
"'326","'LINE","'O","'67.81628418"
"'326","'LINE","'O","'65.35973358"
"'326","'LINE","'H+","'71.72054291"
"'326","'LINE","'CH₃-C-O-H","'48.33525848"
"'326","'LINE","'+","'87.84996796"
"'326","'LINE","'H-O-CH2-CH₃","'42.39138412"
"'326","'LINE","'CH₃-C-O-CH₂-CH₃","'28.79085541"
"'326","'LINE","'+","'93.75817108"
"'326","'LINE","'H₂O","'64.12448120"
"'326","'LINE","'Ethanoic acid","'99.86248779"
"'326","'LINE","'Ethyl alcohol","'99.82302094"
"'326","'LINE","'Ethyl Ethanoate","'99.75267029"
"'326","'LINE","'(Acetic acid)","'99.57927704"
"'326","'LINE","'(Ethyl acetate)","'98.77451324"
"'326","'LINE","'The common name for this ester is ethyl acetate, and the IUPAC name is ethyl ethanoate. The","'99.58170319"
"'326","'LINE","'formulas and names of some esters are listed in Table 6.7.","'99.87697601"
"'326","'LINE","'Table 6.7: Names and formulas of some common esters","'99.91339111"
"'326","'LINE","'Molecular","'99.99023438"
"'326","'LINE","'Structure/Formula","'89.36224365"
"'326","'LINE","'Common Name","'98.45703125"
"'326","'LINE","'IUPAC Name","'99.82382202"
"'326","'LINE","'Formula","'100.00000000"
"'326","'LINE","'C2O2H4","'52.40573120"
"'326","'LINE","'HCOOCH3","'92.27519226"
"'326","'LINE","'Methyl formate","'99.94589233"
"'326","'LINE","'Methyl methanoate","'99.92107391"
"'326","'LINE","'C₃O₂H₆","'86.11188507"
"'326","'LINE","'CH2COOCH3","'65.94149017"
"'326","'LINE","'Methyl acetate","'99.96093750"
"'326","'LINE","'Methyl ethanoate","'99.89098358"
"'326","'LINE","'C₃O₂H₆","'61.32513428"
"'326","'LINE","'HCOOCH2CH3","'82.92151642"
"'326","'LINE","'Ethyl formate","'99.89706421"
"'326","'LINE","'Ethyl methanoate","'99.95077515"
"'326","'LINE","'C₄O₂H₈","'84.14381409"
"'326","'LINE","'CH2COOCH2CH3","'33.64636612"
"'326","'LINE","'Ethyl acetate","'99.93164063"
"'326","'LINE","'Ethyl ethanoate","'99.89098358"
"'326","'LINE","'C₄O₂H₈","'72.15261841"
"'326","'LINE","'HCOOCH2CH2CH3","'71.50291443"
"'326","'LINE","'Propyl formate","'99.88729858"
"'326","'LINE","'Propyl methanoate","'99.93083954"
"'326","'LINE","'C₅O₂H₁₀","'79.17510223"
"'326","'LINE","'CH,COOCH,CH,CH₃","'33.36037064"
"'326","'LINE","'Propyl acetate","'99.90234375"
"'326","'LINE","'Propyl ethanoate","'99.90603638"
"'326","'LINE","'Note that in the given Table 6.7 molecular formulas can represent more than one","'99.96623230"
"'326","'LINE","'structure. For example, methyl ethanoate and ethyl methanoate have the same molecular","'99.85402679"
"'326","'LINE","'316","'99.89257813"
"'326","'LINE","'UNIT 6","'99.08083344"
"'327","'LINE","'Esters","'99.99023438"
"'327","'LINE","'formula, C₃O₂H₆. Similarly, ethyl ethanoate and propyl methaoate have the same molecular","'96.32344055"
"'327","'LINE","'formula (C O₂H₈).","'64.27474976"
"'327","'LINE","'Exercise 6.13","'99.81445313"
"'327","'LINE","'1. Name the following esters.","'99.89062500"
"'327","'LINE","'O","'77.91752625"
"'327","'LINE","'a.","'99.47365570"
"'327","'LINE","'c.","'90.68080139"
"'327","'LINE","'C","'84.84444427"
"'327","'LINE","'O","'77.47100067"
"'327","'LINE","'CH₃","'89.94898224"
"'327","'LINE","'b. CH₃-C-0","'68.39324951"
"'327","'LINE","'d.","'99.16992188"
"'327","'LINE","'2. Identify the acid and alcohol (or phenol) portions of carboxylic esters","'99.97383118"
"'327","'LINE","'give in question 1.","'99.86064148"
"'327","'LINE","'3. Write the structure of the following esters:","'99.89624023"
"'327","'LINE","'a. Isopropyl methanoate b. Ethyl propanoate","'99.80854034"
"'327","'LINE","'6.5.3","'99.75267029"
"'327","'LINE","'Physical Properties","'99.90154266"
"'327","'LINE","'Activity 6.12","'99.76562500"
"'327","'LINE","'Form a group and discuss the following questions. After the discussion,","'99.92884827"
"'327","'LINE","'share your ideas with the rest of the class.","'100.00000000"
"'327","'LINE","'Which one of the following compounds do you expect to have the highest","'99.99549103"
"'327","'LINE","'boiling point? Why?","'99.96093750"
"'327","'LINE","'O","'56.00127411"
"'327","'LINE","'a.","'98.34642029"
"'327","'LINE","'CH₃-CH₂-C-OH","'58.72109985"
"'327","'LINE","'b. CH₃CH₂-O-CH₂CH₃","'90.73541260"
"'327","'LINE","'c. H-C-O-CH2-CH₃ O","'64.35035706"
"'327","'LINE","'i. Boiling points","'99.60831451"
"'327","'LINE","'The boiling points of esters increase with increasing molecular mass. Branched-","'99.96842194"
"'327","'LINE","'chain esters have lower boiling points than their straight-chain isomers. Esters have","'99.95423126"
"'327","'LINE","'lower boiling points than compounds of comparable molecular mass that are capable","'99.98101807"
"'327","'LINE","'of forming hydrogen bonds such as carboxylic acids and alcohols. Ester molecules","'99.97349548"
"'327","'LINE","'cannot form hydrogen bonds with each other.","'99.99430847"
"'327","'LINE","'UNIT 6","'99.60369110"
"'327","'LINE","'317","'99.79492188"
"'328","'LINE","'CHEMISTRY GRADE 11","'99.81093597"
"'328","'LINE","'ii. Solubility","'99.84175873"
"'328","'LINE","'Esters of low molecular mass are fairly soluble in water. Esters have about the same","'99.98226166"
"'328","'LINE","'solubility in water with that of the same molecular mass carboxylic acids. Because","'99.97941589"
"'328","'LINE","'carboxylic esters can form hydrogen bonding with water Figure 6.11, the solubility","'99.91923523"
"'328","'LINE","'of esters in water decreases as their molecular mass increase. All esters are soluble in","'99.97238922"
"'328","'LINE","'organic solvents.","'99.91579437"
"'328","'LINE","'δ","'89.10564423"
"'328","'LINE","'+ δ","'89.58092499"
"'328","'LINE","'O","'76.11706543"
"'328","'LINE","'δ","'86.98491669"
"'328","'LINE","'R","'99.09179688"
"'328","'LINE","'O","'69.58267212"
"'328","'LINE","'H","'98.82653046"
"'328","'LINE","'H","'91.83514404"
"'328","'LINE","'δ","'86.82048798"
"'328","'LINE","'C","'83.97819519"
"'328","'LINE","'δ-","'86.62876129"
"'328","'LINE","'C","'91.81142426"
"'328","'LINE","'δ+","'86.23893738"
"'328","'LINE","'O","'76.68736267"
"'328","'LINE","'O","'74.65909576"
"'328","'LINE","'R'","'99.21556091"
"'328","'LINE","'R","'99.55655670"
"'328","'LINE","'δ","'87.77263641"
"'328","'LINE","'H","'96.26992798"
"'328","'LINE","'δ","'88.45134735"
"'328","'LINE","'H8+","'71.54017639"
"'328","'LINE","'R'","'98.14472961"
"'328","'LINE","'Figure 6.11: Hydrogen bonding between water and ester molecules","'99.90190125"
"'328","'LINE","'iii. Odor","'99.91619873"
"'328","'LINE","'In sharp contrast to the disagreeable odors of carboxylic acids, esters have pleasant","'99.97859955"
"'328","'LINE","'odors. Many of the odors of fruits and flowers result from mixtures of carboxylic","'99.99076080"
"'328","'LINE","'esters, and many of them are used in perfumes and food flavorings.","'99.95525360"
"'328","'LINE","'6.5.4","'99.91131592"
"'328","'LINE","'Chemical Properties","'99.92107391"
"'328","'LINE","'Activity 6.13","'99.71191406"
"'328","'LINE","'Form a group and discuss the following questions. After the discussion,","'99.90525818"
"'328","'LINE","'share your ideas with the rest of the class.","'99.99891663"
"'328","'LINE","'1. What would happen when esters are treated with water?","'99.97656250"
"'328","'LINE","'2. Recall the reactants that form esters. What was the by-product of the","'99.98716736"
"'328","'LINE","'reaction?","'99.95117188"
"'328","'LINE","'i. Hydrolysis","'99.72536469"
"'328","'LINE","'The most important reaction of carboxylic esters is their hydrolysis, which may","'99.97850800"
"'328","'LINE","'be catalyzed by either mineral acids or bases. The reaction yields the corresponding","'99.98247528"
"'328","'LINE","'carboxylic acid and alcohol of the ester.","'99.95513153"
"'328","'LINE","'The general reaction for acid-catalyzed hydrolysis of esters can be written as:","'99.87609863"
"'328","'LINE","'O","'78.82553101"
"'328","'LINE","'O","'71.76638031"
"'328","'LINE","'H₃O⁺","'61.90349960"
"'328","'LINE","'R-C-O-R' + H₂O","'25.18833542"
"'328","'LINE","'R-C-O-H + R'-OH","'78.29130554"
"'328","'LINE","'318","'99.69726563"
"'328","'LINE","'UNIT 6","'99.21755219"
"'329","'LINE","'Esters","'99.99023438"
"'329","'LINE","'Example 6. 38","'99.08475494"
"'329","'LINE","'O","'48.39783859"
"'329","'LINE","'O","'48.32768631"
"'329","'LINE","'H₃O⁺","'57.26462555"
"'329","'LINE","'CH₃-CH₂-CH₂-C-O-CH₂-CH₃ + H2O","'65.03753662"
"'329","'LINE","'CH₃-CH₂-CH₂-C-OH + CH₃-CH₂-OH","'67.40306854"
"'329","'LINE","'For synthetic purposes, base catalysis is often preferred because the reaction is not","'99.99161530"
"'329","'LINE","'reversible. Base-catalyzed ester hydrolysis is called saponification.","'99.82834625"
"'329","'LINE","'The general reaction for base-catalyzed hydrolysis of esters can be written as:","'99.90709686"
"'329","'LINE","'O","'73.75299072"
"'329","'LINE","'O","'75.26924896"
"'329","'LINE","'R-C-O-R' + NaOH","'87.36795807"
"'329","'LINE","'R-C-ONa+ + R'-OH","'73.39680481"
"'329","'LINE","'Example 6.39","'99.39413452"
"'329","'LINE","'O","'50.49505997"
"'329","'LINE","'CH₃-C-O-CH₂-CH₃ + NaOH","'71.76040649"
"'329","'LINE","'CH₃-C-O Na+ + CH₃-CH₂-OH","'58.58923340"
"'329","'LINE","'In biological systems, many ester hydrolysis reactions take place, for example, in the","'99.97859955"
"'329","'LINE","'digestion of fats. These reactions occur under very mild conditions, and in the presence of","'99.93703461"
"'329","'LINE","'certain biological catalysts known as enzymes.","'99.89516449"
"'329","'LINE","'ii. Reduction","'99.92107391"
"'329","'LINE","'Esters are reduced to primary alcohols by special reducing agents like lithium aluminum","'99.97577667"
"'329","'LINE","'hydride, LiAlH4. The general reaction for reduction of esters is given by:","'94.56774902"
"'329","'LINE","'O","'82.62416077"
"'329","'LINE","'1. LiAlH₄","'79.95375824"
"'329","'LINE","'R-C-O-R'","'70.94228363"
"'329","'LINE","'R-CH₂-O-H + R'-OH","'84.93924713"
"'329","'LINE","'2. H⁺","'85.69026947"
"'329","'LINE","'Example 6.40","'99.24804688"
"'329","'LINE","'1.","'88.28125000"
"'329","'LINE","'LiAlH4","'63.43172073"
"'329","'LINE","'CH₃-CH₂-CH₂-CH₂-CH₂-OH + CH₃-OH","'59.63189697"
"'329","'LINE","'2.H⁺","'44.01586533"
"'329","'LINE","'UNIT 6","'99.73552704"
"'329","'LINE","'319","'99.80468750"
"'330","'LINE","'CHEMISTRY GRADE 11","'99.70676422"
"'330","'LINE","'6.5.5","'99.91131592"
"'330","'LINE","'Preparation of Esters","'99.93735504"
"'330","'LINE","'Esters can be synthesized by heating a mixture of a carboxylic acid and an alcohol in the","'99.85671997"
"'330","'LINE","'presence of an acid (usually H2SO₄) as catalyst. This reaction is called esterification and","'96.61006165"
"'330","'LINE","'is a common method for the preparation of esters. In esterification, the -OH group from","'98.14449310"
"'330","'LINE","'the carboxylic acid and the -H from the alcohol are removed and combine to form","'99.93051147"
"'330","'LINE","'water molecule.","'99.89098358"
"'330","'LINE","'O","'72.51773834"
"'330","'LINE","'O","'76.20097351"
"'330","'LINE","'H+","'68.57322693"
"'330","'LINE","'H-O-CH₃","'40.13074112"
"'330","'LINE","'H₃C","'82.49422455"
"'330","'LINE","'C","'93.01279449"
"'330","'LINE","'O","'77.82485199"
"'330","'LINE","'CH₃ +","'97.20902252"
"'330","'LINE","'H₂O","'87.36507416"
"'330","'LINE","'H₃C","'79.34052277"
"'330","'LINE","'C","'92.65246582"
"'330","'LINE","'O","'71.87380219"
"'330","'LINE","'H","'95.85778046"
"'330","'LINE","'+","'94.32457733"
"'330","'LINE","'Ethanoic acid","'99.86776733"
"'330","'LINE","'Methanol","'99.93083954"
"'330","'LINE","'Methyl ethanoate","'99.85192108"
"'330","'LINE","'In this condensation reaction, the hydroxyl group (-OH) from the acid and a hydrogen","'99.73718262"
"'330","'LINE","'atom (-H) from the alcohol are eliminated in the form of water. In the same way, write the","'99.90570068"
"'330","'LINE","'equation showing the preparation of acetylsalicylic acid, commonly known as aspirin","'99.95584106"
"'330","'LINE","'from the salicylic acid and acetic acid.","'99.97884369"
"'330","'LINE","'Exercise 6.14","'99.75097656"
"'330","'LINE","'1. Write the reactions for the preparation of each of the following esters using","'99.78091431"
"'330","'LINE","'appropriate acids and alcohols:","'99.94100952"
"'330","'LINE","'a. ethyl acetate b. ethyl butanoate c. methyl benzoate d. phenyl ethanoate","'95.42333984"
"'330","'LINE","'2. The esters formed from butyric acid are pleasant-smelling compounds","'99.95280457"
"'330","'LINE","'found in fruits and used in perfumes. Draw the structural formula for","'99.96766663"
"'330","'LINE","'the ester formed from the reaction of butyric acid with 2-propanol.","'99.96220398"
"'330","'LINE","'6.5.6","'99.91131592"
"'330","'LINE","'Uses of Esters","'99.91077423"
"'330","'LINE","'Most simple esters are pleasant-smelling substances. They are responsible for the","'99.93321991"
"'330","'LINE","'flavors and fragrances of most fruits. They are used in the manufacture of perfumes","'99.96524811"
"'330","'LINE","'and as flavoring agents in the confectionery (cakes, candies, and ice cream) and soft-","'99.93630981"
"'330","'LINE","'drink industries.","'99.87554169"
"'330","'LINE","'Esters of low molecular mass are non-toxic liquids and thus used as solvents. Esters","'99.95153046"
"'330","'LINE","'are used as solvents for oils and fats, nail polishes, varnishes, paints, gums and resins;","'99.94912720"
"'330","'LINE","'medicine (e.g. Aspirin); clothing, e.g. polyesters (Dacron); fragrance in perfumes;","'99.83592224"
"'330","'LINE","'and plasticizers (e.g. octyl phthalate). Some common esters which are responsible for","'99.93227386"
"'330","'LINE","'many pleasant fragrances in nature are presented in Table 6.8.","'99.94971466"
"'330","'LINE","'320","'99.95117188"
"'330","'LINE","'UNIT 6","'99.54958344"
"'331","'LINE","'Fats and Oils","'99.96745300"
"'331","'LINE","'Table 6.8: Esters naturally available in fruits and responsible for their pleasant","'99.96447754"
"'331","'LINE","'fragrances","'99.96014404"
"'331","'LINE","'Fruit","'99.99023438"
"'331","'LINE","'Formula","'100.00000000"
"'331","'LINE","'Ester present","'99.97070313"
"'331","'LINE","'Apple","'100.00000000"
"'331","'LINE","'C₄H₉COOC₅H₁₁","'60.43307877"
"'331","'LINE","'Isoamyl isovalerate","'99.84135437"
"'331","'LINE","'Pineapple","'100.00000000"
"'331","'LINE","'C₃H₂COOC₂H₅","'30.38823318"
"'331","'LINE","'Ethyl butyrate","'99.84255219"
"'331","'LINE","'Banana","'100.00000000"
"'331","'LINE","'CH₃COOC₅H₁₁","'34.47444916"
"'331","'LINE","'Isopentyl acetate","'99.86656952"
"'331","'LINE","'Orange","'100.00000000"
"'331","'LINE","'CH₃COOC₈H₁₇","'48.14652634"
"'331","'LINE","'Octyl acetate","'97.08097839"
"'331","'LINE","'Grape","'99.99023438"
"'331","'LINE","'C H₂(NH₂)(COOCH₂)","'21.25956535"
"'331","'LINE","'Methyl anthranilate","'99.87104797"
"'331","'LINE","'Pear","'99.95037079"
"'331","'LINE","'CH₂CO₂(CH₂),CH(CH₂)₂","'23.12340546"
"'331","'LINE","'Isopentyl acetate","'99.79133606"
"'331","'LINE","'6.6","'99.60857391"
"'331","'LINE","'Fats and Oils","'99.90779114"
"'331","'LINE","'By the end of this section, you will be able to:","'99.89076996"
"'331","'LINE","'define fats and oils","'99.99511719"
"'331","'LINE","'write the general structural formula for fats and oils","'99.99005890"
"'331","'LINE","'write the structures of some common triglycerides","'99.95467377"
"'331","'LINE","'describe physical properties of fats and oils","'99.94178009"
"'331","'LINE","'explain hardening of oils (process of converting oils to hard fats)","'99.94778442"
"'331","'LINE","'explain rancidity.","'99.91659546"
"'331","'LINE","'6.6.1","'99.91131592"
"'331","'LINE","'Source of Fats and Oils","'99.95639038"
"'331","'LINE","'Activity 6.14","'99.64843750"
"'331","'LINE","'Perform the following activity in groups, then present your conclusion to","'99.99193573"
"'331","'LINE","'the whole class.","'100.00000000"
"'331","'LINE","'Collect samples of butter, lard, tallow, peanut oil, soybean oil and olive oil.","'99.98247528"
"'331","'LINE","'Classify them to as vegetable or animal origin based on their physical state.","'99.98341370"
"'331","'LINE","'Do you find any relation between the origin and the physical state?","'99.98684692"
"'331","'LINE","'UNIT 6","'99.46617889"
"'331","'LINE","'321","'99.95117188"
"'332","'LINE","'CHEMISTRY GRADE 11","'99.78488922"
"'332","'LINE","'Fats and oils are esters. They are triesters of glycerol which are collectivity known as","'99.96647644"
"'332","'LINE","'triglycerides or triacylglycerols. Glycerol contains three alcohol groups and therefore","'99.85632324"
"'332","'LINE","'can form three ester groups. Fats and oils are widely found in nature especially in","'99.98356628"
"'332","'LINE","'living things. They have long hydrocarbon tails which are derived from carboxylic","'99.98101807"
"'332","'LINE","'acids, which make them hydrophobic. A triglyceride is called a fat if it is a solid or","'99.75972748"
"'332","'LINE","'semi-solid at room temperature; it is called an oil if it is a liquid at that temperature.","'99.88236237"
"'332","'LINE","'Triglycerides obtained from animals are usually solids, while those of plant origin","'99.97281647"
"'332","'LINE","'are generally oils. Therefore, we commonly say animal fats and vegetable oils. Note","'99.97640991"
"'332","'LINE","'that edible vegetable oils are entirely different from mineral oils such as petroleum.","'99.96488953"
"'332","'LINE","'Mineral oils are long chain alkanes.","'99.97857666"
"'332","'LINE","'6.6.2","'99.73233795"
"'332","'LINE","'Structure of Fats and Oils","'99.92841339"
"'332","'LINE","'Fats and oils are triesters. Variation in the structure of fats and oils occur in the fatty","'99.97377014"
"'332","'LINE","'acid portion of the triglyceride (or triacylglycerol)","'99.79031372"
"'332","'LINE","'Fats and oils are represented by the following general structural formula:","'99.97322083"
"'332","'LINE","'CH₂","'84.91899109"
"'332","'LINE","'O","'76.51068115"
"'332","'LINE","'C","'86.31855774"
"'332","'LINE","'R₁","'97.10041046"
"'332","'LINE","'CH2-OH","'59.74908447"
"'332","'LINE","'II","'49.42920685"
"'332","'LINE","'CH-OH","'81.40763855"
"'332","'LINE","'8-2-0-80","'52.29232788"
"'332","'LINE","'CH","'89.96013641"
"'332","'LINE","'O","'72.34006500"
"'332","'LINE","'C","'87.77772522"
"'332","'LINE","'R₂","'93.56205750"
"'332","'LINE","'O","'73.55747986"
"'332","'LINE","'II","'47.85943604"
"'332","'LINE","'CH₂-OH","'55.29416275"
"'332","'LINE","'$8-2-0-980","'7.99924278"
"'332","'LINE","'CH₂","'88.38668060"
"'332","'LINE","'O","'76.89702606"
"'332","'LINE","'C","'86.34954834"
"'332","'LINE","'R₃","'94.90194702"
"'332","'LINE","'A triglyceride (triacylglycerol)","'96.30128479"
"'332","'LINE","'Glycerol","'99.80468750"
"'332","'LINE","'Where R1, R₂ and R₃ may be the same or different hydrocarbon groups.","'91.54396820"
"'332","'LINE","'Fats are esters of glycerol and mostly saturated fatty acids, whereas oils are liquid","'99.98593140"
"'332","'LINE","'esters primarily derived from unsaturated fatty acids and glycerol. The acid part of fats","'99.98372650"
"'332","'LINE","'and oils almost always contain on even number of carbon atoms.","'99.98572540"
"'332","'LINE","'The structures of some common triglycerides are shown below:","'99.96627808"
"'332","'LINE","'O","'70.83486176"
"'332","'LINE","'CH₂","'84.61694336"
"'332","'LINE","'O","'71.44860077"
"'332","'LINE","'C","'86.66673279"
"'332","'LINE","'(CH₂)₁₆CH₃","'76.28636932"
"'332","'LINE","'CH₂","'86.15752411"
"'332","'LINE","'O","'70.06905365"
"'332","'LINE","'C","'88.20501709"
"'332","'LINE","'C₁₇H₃₃","'88.98756409"
"'332","'LINE","'O","'64.18965149"
"'332","'LINE","'CH","'93.42693329"
"'332","'LINE","'O","'79.54560089"
"'332","'LINE","'C","'88.67028046"
"'332","'LINE","'(CH₂)₁₆CH₃","'76.75811005"
"'332","'LINE","'CH","'94.34490967"
"'332","'LINE","'O","'70.90481567"
"'332","'LINE","'C","'85.25888824"
"'332","'LINE","'C₁₇H₃₃","'90.34100342"
"'332","'LINE","'O","'76.25727844"
"'332","'LINE","'CH₂","'87.99765015"
"'332","'LINE","'O","'73.40930176"
"'332","'LINE","'C","'86.23554993"
"'332","'LINE","'(CH₂)₁₆CH₃","'67.92659760"
"'332","'LINE","'CH₂","'88.75897217"
"'332","'LINE","'O","'73.21189880"
"'332","'LINE","'C","'80.23297882"
"'332","'LINE","'C₁₇H₃₃","'86.71157074"
"'332","'LINE","'Glyceryl tristearate (stearin) fat","'99.71689606"
"'332","'LINE","'Glyceryl trioleate (olein) oil","'99.78031921"
"'332","'LINE","'322","'99.81445313"
"'332","'LINE","'UNIT 6","'99.24685669"
"'333","'LINE","'Fats and Oils","'99.96093750"
"'333","'LINE","'Exercise 6.15","'99.85351563"
"'333","'LINE","'1. Write the structure of the following compounds","'99.98046875"
"'333","'LINE","'a. Glyceryl trimyristate","'99.64883423"
"'333","'LINE","'b. Glyceryl palmitooleostreate","'99.69328308"
"'333","'LINE","'2. Calculate oxidation numbers of the various carbon atoms in both fats","'99.97267914"
"'333","'LINE","'and oils and use oxidation number as an indicator of energy content;","'99.96216583"
"'333","'LINE","'the lower the oxidation number the higher the energy content of the","'99.98671722"
"'333","'LINE","'substance. Reference could also be made to the type of hybridization of","'99.97186279"
"'333","'LINE","'the carbon atoms.","'99.98345947"
"'333","'LINE","'6.6.3","'99.65182495"
"'333","'LINE","'Physical Properties of Fats and Oils","'99.95362854"
"'333","'LINE","'Activity 6.15","'99.88281250"
"'333","'LINE","'From a group and compare vegetable oils with mineral oils.","'99.81630707"
"'333","'LINE","'1. Do they behave in a similar fashion? Explain.","'99.80484009"
"'333","'LINE","'2. Present your responses to the whole class.","'99.99511719"
"'333","'LINE","'Fats and oils have common physical properties, including they are greasy to the touch,","'99.96187592"
"'333","'LINE","'and have lubricating properties; they are not readily volatile; and may be burned without","'99.95665741"
"'333","'LINE","'leaving any residue, that is, ash.","'99.84893036"
"'333","'LINE","'Fats like butter, lard and tallow are solids at room temperature. On the other hand, oils","'99.96796417"
"'333","'LINE","'which are mainly obtained from plants, e.g., corn oil, peanut oil, cotton seed oil, olive oil and","'97.96228790"
"'333","'LINE","'soybeanoi are liquids at room temperature. All oils and fats are colorless, odorless and","'99.88935852"
"'333","'LINE","'neutral substances in their pure form. They are lighter than water and immiscible with it.","'99.94228363"
"'333","'LINE","'They are soluble in organic solvents e.g. benzene, ether and chloroform etc.","'99.84363556"
"'333","'LINE","'UNIT 6","'99.57320404"
"'333","'LINE","'323","'99.97070313"
"'334","'LINE","'CHEMISTRY GRADE 11","'99.76888275"
"'334","'LINE","'6.6.4","'99.87224579"
"'334","'LINE","'Hardening of Oils","'99.91755676"
"'334","'LINE","'Activity 6.16","'99.57519531"
"'334","'LINE","'Form a group and classify the following fatty acids as saturated or","'99.89782715"
"'334","'LINE","'unsaturated fatty acids.","'99.99349213"
"'334","'LINE","'-Myristic acid","'99.79741669"
"'334","'LINE","'- Oleic acid","'97.48837280"
"'334","'LINE","'-Linolic acid","'99.85680389"
"'334","'LINE","'- Lauric acid","'97.64030457"
"'334","'LINE","'-Palmitic acid","'99.85192108"
"'334","'LINE","'- Linolenic acid and","'97.98668671"
"'334","'LINE","'-Stearic acid.","'99.82671356"
"'334","'LINE","'Can you suggest a method of converting unsaturated fatty acids to","'99.84269714"
"'334","'LINE","'saturated fatty acids? Present your findings to the whole class.","'99.99218750"
"'334","'LINE","'Oils can be converted to fats by addition of hydrogen (hydrogenation) at high pressure","'99.92363739"
"'334","'LINE","'in the presence of nickel or palladium as a catalyst. The process of converting oils","'99.93925476"
"'334","'LINE","'to hard fats is known as hardening of oils. This reaction is used in the preparation of","'99.98434448"
"'334","'LINE","'margarine. Hydrogenation of vegetable oils results in the formation of solid fat (eg.","'99.95719910"
"'334","'LINE","'Sheno Lega) which is not different in composition from animal fat.","'99.96494293"
"'334","'LINE","'Example 6.41","'99.18666840"
"'334","'LINE","'A glyceryl tristearate (found in animal fat) can be prepared by hydrogenation","'98.95180511"
"'334","'LINE","'of glyoryl trioleate (oil found in olive oil and whole oil) is shown in the","'99.96783447"
"'334","'LINE","'equation below:","'99.74569702"
"'334","'LINE","'O","'56.24790955"
"'334","'LINE","'O","'52.62814713"
"'334","'LINE","'CH₂0-ε-(CH₂)-CH=CH-(CH₂)7-CH3;","'19.65969849"
"'334","'LINE","'CH₂·O-E-(CH₂)₁₆-CH₃","'18.95537758"
"'334","'LINE","'Heat","'91.60156250"
"'334","'LINE","'CH-O-E-(CH2)₁₆-CH₃","'25.81015015"
"'334","'LINE","'CH₂·O-C-(CH₂)₁₆-CH₃","'25.45719147"
"'334","'LINE","'O","'20.96928787"
"'334","'LINE","'Glyceryl trioleate","'99.66517639"
"'334","'LINE","'Glyceryl tristearate","'99.06468964"
"'334","'LINE","'Exercise 6.16","'99.79003906"
"'334","'LINE","'Write the equation for the hydrogenation of:","'99.98303223"
"'334","'LINE","'a. Glyceryl trilinoleate, and","'99.58734894"
"'334","'LINE","'b. Glyceryl tripalmitoleate","'99.23230743"
"'334","'LINE","'324","'99.91210938"
"'334","'LINE","'UNIT 6","'99.27614594"
"'335","'LINE","'Fats and Oils","'99.95442963"
"'335","'LINE","'The various carbon atoms in fats and oils have different oxidation numbers, which","'99.97246552"
"'335","'LINE","'are used as indicators of their energy contents. The lower the oxidation number the","'99.97599792"
"'335","'LINE","'higher the energy content of the substance. In oils double bonded carbon atoms have","'99.98367310"
"'335","'LINE","'sp² hybridization, while in fats all carbon atoms in the hydrocarbon tails have sp³","'97.07128143"
"'335","'LINE","'hybridization.","'99.71121216"
"'335","'LINE","'Vegetable oils differ from animal fats in possessing a higher degree of unsaturation,","'99.70457458"
"'335","'LINE","'but could have double bonds. The number of fats also contain sites of unsaturation like","'99.96301270"
"'335","'LINE","'vegetable oils. Unsaturation in fat tends to lower its melting point and thus tends to","'99.97217560"
"'335","'LINE","'make it a liquid at room temperature.","'99.92677307"
"'335","'LINE","'Saturated fat is found in many foods including:","'99.98891449"
"'335","'LINE","'Animal foods (like beef, chicken, lamb, pork, and veal)","'99.96916962"
"'335","'LINE","'Coconut, palm, and palm kernel oils","'99.97681427"
"'335","'LINE","'Dairy products (like butter, cheese, and whole milk) and lard.","'99.95964050"
"'335","'LINE","'Unsaturated fats are found in two main types: mono or polyunsaturated fats (oils):","'99.96745300"
"'335","'LINE","'Monounsaturated fat, which can be found in avocados, nuts and seeds (like","'96.98326874"
"'335","'LINE","'cashews, pecans, almonds, and peanuts), vegetable oils (like canola, olive,","'99.94028473"
"'335","'LINE","'peanut, safflower, sesame, and sunflower).","'99.93231964"
"'335","'LINE","'Polyunsaturated fat, which can be found in fatty fish (like herring, mackerel,","'99.97525024"
"'335","'LINE","'salmon, trout and smelt), fish oils, nuts and seeds (like cashews, pecans,","'99.96936035"
"'335","'LINE","'almonds and peanuts), vegetable oils (like canola, corn, flaxseed, soybean and","'99.94593811"
"'335","'LINE","'sunflower).","'99.77140808"
"'335","'LINE","'6.6.5","'99.87145233"
"'335","'LINE","'Rancidity","'99.92028046"
"'335","'LINE","'Activity 6.17","'99.72656250"
"'335","'LINE","'Perform the following activity in groups, then present your findings to the","'99.99592590"
"'335","'LINE","'whole class.","'99.98046875"
"'335","'LINE","'Obtain two packets of fried potato chips from the market. Open one packet","'99.99161530"
"'335","'LINE","'and smell it. Now place half the contents in a close tight container and other","'99.92737579"
"'335","'LINE","'half in an open container. Let the second packet be kept as such. After 15","'99.97444916"
"'335","'LINE","'days, smell the chips kept in the open container, closed container and sealed","'99.98854828"
"'335","'LINE","'packet. Record your observations and find out what is the best method to keep","'99.98157501"
"'335","'LINE","'such items.","'99.97518921"
"'335","'LINE","'UNIT 6","'99.42711639"
"'335","'LINE","'325","'99.97070313"
"'336","'LINE","'CHEMISTRY GRADE 11","'99.86952209"
"'336","'LINE","'Fats and oils are quite reactive substances. When stored for any considerable length of","'99.93887329"
"'336","'LINE","'time, especially when the temperature is high and the air has free access to them, they","'99.98764038"
"'336","'LINE","'deteriorate and spoil. Among the various fats, spoilage takes the form of rancidity.","'99.98773193"
"'336","'LINE","'Fats and oils develop an unpleasant odor due to rancidity. It is caused mainly due to","'99.98769379"
"'336","'LINE","'the hydrolysis of ester linkage and oxidation across the double bonds. In this respect,","'99.98867035"
"'336","'LINE","'different fats differ markedly. Some spoil very much more rapidly than others. The","'99.99161530"
"'336","'LINE","'fat acquires a peculiarly disagreeable odor and flavor.","'99.89444733"
"'336","'LINE","'The rancidity of a given fat is not necessarily the result of long storage under","'99.93508148"
"'336","'LINE","'unfavorable conditions. The fat may have been spoiled and rancid from the moment","'99.96858978"
"'336","'LINE","'of its production. This will inevitably be true when the materials from which it was","'99.97884369"
"'336","'LINE","'produced have undergone decomposition. In other words, to obtain a sound and sweet","'99.92127228"
"'336","'LINE","'fat, the raw material must be sound and sweet; it must be processed speedily before","'99.99213409"
"'336","'LINE","'it gets time to decompose; and this must be done under clean and sanitary conditions.","'99.96887207"
"'336","'LINE","'The fat obtained must be stored under favorable conditions and its consumption","'99.99091339"
"'336","'LINE","'should not be delayed.","'99.99003601"
"'336","'LINE","'326","'99.97070313"
"'336","'LINE","'UNIT 6","'99.59313202"
"'337","'LINE","'Fats and Oils","'99.95117188"
"'337","'LINE","'Unit Summary","'99.98046875"
"'337","'LINE","'Alcohols are compounds containing the hydroxyl (-OH) group as their functional","'99.69233704"
"'337","'LINE","'group and represented by the general formula CH₂ₙ⁺₁OH.","'90.98597717"
"'337","'LINE","'Alcohols are classified depending on the number of hydroxyl groups they contain","'99.93564606"
"'337","'LINE","'as monohydric, dihydric and trihydric alcohols.","'99.93423462"
"'337","'LINE","'The names of alcohols contain the suffix '-ol' which indicates the presence of","'99.92359161"
"'337","'LINE","'-OH group in the molecule.","'93.03089142"
"'337","'LINE","'Primary alcohols oxidize to give aldehydes and then carboxylic acids, and","'99.97921753"
"'337","'LINE","'secondary alcohols yield ketones on oxidation.","'99.94874573"
"'337","'LINE","'The functional group of ether is an atom of oxygen bonded to two carbon atoms.","'99.98426819"
"'337","'LINE","'Ethers are used as solvents and in medicine as inhalation anesthetics.","'99.97116089"
"'337","'LINE","'Ethers are weakly polar compounds. Their boiling points are close to those of","'99.96639252"
"'337","'LINE","'hydrocarbons with comparable molecular weight.","'99.96014404"
"'337","'LINE","'An aldehyde contains a carbonyl group bonded to a hydrogen atom and a carbon","'99.37652588"
"'337","'LINE","'atom, whereas, a ketone contains a carbonyl group bonded to two carbons.","'99.70422363"
"'337","'LINE","'Aldehydes and ketones have higher boiling points and are more soluble in water","'99.98110199"
"'337","'LINE","'than non-polar compounds of comparable molecular weight.","'99.97198486"
"'337","'LINE","'Carboxylic acids are compounds with a -COOH functional group.","'98.72787476"
"'337","'LINE","'Because of the -COOH functional group, carboxylic acids are polar compounds","'99.39297485"
"'337","'LINE","'and can form hydrogen bonding with water and among themselves.","'99.98519135"
"'337","'LINE","'Esters are mildly polar compounds that are widely distributed in nature.","'99.98032379"
"'337","'LINE","'Fats are saturated fatty acids, whereas oils are unsaturated fatty acids.","'99.97573853"
"'337","'LINE","'The process of converting oils into hard fats is known as hardening of oils.","'99.98744202"
"'337","'LINE","'UNIT 6","'99.50115967"
"'337","'LINE","'327","'99.87304688"
"'338","'LINE","'CHEMISTRY GRADE 11","'99.94113922"
"'338","'LINE","'CHECKLIST","'100.00000000"
"'338","'LINE","'KEY TERMS","'100.00000000"
"'338","'LINE","'Addition reaction","'100.00000000"
"'338","'LINE","'Fermentation","'100.00000000"
"'338","'LINE","'Alcohol","'100.00000000"
"'338","'LINE","'Hardening of oils","'99.97342682"
"'338","'LINE","'Aldehyde","'99.95037079"
"'338","'LINE","'Hydrogenation","'100.00000000"
"'338","'LINE","'Carboxyl group","'99.98046875"
"'338","'LINE","'Ketone","'100.00000000"
"'338","'LINE","'Carboxylic acid","'99.99511719"
"'338","'LINE","'&","'31.74954033"
"'338","'LINE","'Lipid","'100.00000000"
"'338","'LINE","'Ester","'100.00000000"
"'338","'LINE","'&","'32.41918564"
"'338","'LINE","'Oil","'100.00000000"
"'338","'LINE","'Esterification","'100.00000000"
"'338","'LINE","'&","'39.88998795"
"'338","'LINE","'Ozonolysis","'99.97070313"
"'338","'LINE","'Ether","'99.96014404"
"'338","'LINE","'Rancidity","'100.00000000"
"'338","'LINE","'Fat","'100.00000000"
"'338","'LINE","'Substitution reaction","'99.97518921"
"'338","'LINE","'Triglycerides","'99.99023438"
"'338","'LINE","'328 UNIT 6","'99.87224579"
"'339","'LINE","'Fats and Oils","'99.93814850"
"'339","'LINE","'REVIEW EXERCISE","'99.95077515"
"'339","'LINE","'Part I: Multiple choice Type Questions","'99.50543976"
"'339","'LINE","'1.","'99.81445313"
"'339","'LINE","'Which one is the least soluble in water?","'99.96440125"
"'339","'LINE","'a. methanol","'99.80189514"
"'339","'LINE","'c. hexane","'92.23463440"
"'339","'LINE","'b. butanal","'99.96093750"
"'339","'LINE","'d. hexanedioic acid","'99.70902252"
"'339","'LINE","'2.","'99.97070313"
"'339","'LINE","'Which of the following compounds is ether?","'99.97767639"
"'339","'LINE","'a. CH₁CH₂COOCH₃","'64.67973328"
"'339","'LINE","'c. CH1CH2CH2CHO","'60.01195908"
"'339","'LINE","'b. CH₂CH₂CH₂COOH","'69.08721161"
"'339","'LINE","'d. CH₂CH₂OCH₃","'69.07176971"
"'339","'LINE","'3.","'99.91210938"
"'339","'LINE","'The compounds CH3OH and CH2COOH react in the presence of an acid catalyst","'92.31353760"
"'339","'LINE","'to form:","'99.98535156"
"'339","'LINE","'a. a carboxylic acid b. an aldehyde c. a ketone d. an ester","'98.93418121"
"'339","'LINE","'4.","'99.92187500"
"'339","'LINE","'Alcohols that yield ketones on oxidation are classified as:","'99.93788910"
"'339","'LINE","'a. primary alcohols","'99.92134857"
"'339","'LINE","'c. dihydric alcohols","'93.94995880"
"'339","'LINE","'b. secondary alcohols","'99.96419525"
"'339","'LINE","'d. trihydric alcohols","'99.86600494"
"'339","'LINE","'5.","'99.89257813"
"'339","'LINE","'What is the product of the reduction of 3-methyl-2-pentanone?","'99.88354492"
"'339","'LINE","'a. 3-methyl-2-pentanol","'99.42761993"
"'339","'LINE","'c. 3-methyl-2-pentanal","'94.03768921"
"'339","'LINE","'b. 2-methyl-3-pentanol","'99.54719543"
"'339","'LINE","'d. 3-methyl-2-pentene","'98.72608185"
"'339","'LINE","'6.","'99.96093750"
"'339","'LINE","'Acetic acid is manufactured by the fermentation of:","'99.95668030"
"'339","'LINE","'a.","'99.83318329"
"'339","'LINE","'ethanol","'100.00000000"
"'339","'LINE","'b. methanol","'99.92636108"
"'339","'LINE","'c. ethanal","'93.74481964"
"'339","'LINE","'d. methanal","'99.90234375"
"'339","'LINE","'7.","'99.95117188"
"'339","'LINE","'Fats and oils are:","'99.96582031"
"'339","'LINE","'a. acids","'99.87184906"
"'339","'LINE","'b. alcohols","'99.95117188"
"'339","'LINE","'c. esters","'94.94259644"
"'339","'LINE","'d. hydrocarbons","'99.90194702"
"'339","'LINE","'8.","'99.95117188"
"'339","'LINE","'Which pair of compounds can react to form a hemiacetal?","'99.89707947"
"'339","'LINE","'a. CH,CH2CHO and CH3CH2OH","'69.09597778"
"'339","'LINE","'b. CH3COCH3 and CH,CH2CHO","'69.95306396"
"'339","'LINE","'b. CH,CH2CHO and CH2COOH","'71.26997375"
"'339","'LINE","'d. CH3COCH3 and CH2COOH","'74.21820068"
"'339","'LINE","'Part II: Answer the following questions:","'99.89314270"
"'339","'LINE","'9.","'99.92187500"
"'339","'LINE","'Why is there a large difference in the boiling points of butanal and 1-butanol?","'99.90150452"
"'339","'LINE","'10. Write a test to differentiate between 2-pentanone and pentanal.","'99.88504791"
"'339","'LINE","'11. Why are carboxylic acids more acidic than alcohols or phenols although all of","'99.96989441"
"'339","'LINE","'them have hydrogen atom attached to an oxygen atom (-O-H)?","'96.61003113"
"'339","'LINE","'12. Draw the structural formula for the ester formed when each of the following","'99.98796844"
"'339","'LINE","'reacts with methyl alcohol:","'99.97558594"
"'339","'LINE","'a. Acetic acid b. Benzoic acid c. Formic acid d. Propionic acid","'98.75415039"
"'339","'LINE","'UNIT 6","'99.26638031"
"'339","'LINE","'329","'99.88281250"
"'340","'LINE","'CHEMISTRY GRADE 11","'99.89583588"
"'340","'LINE","'13. Give the IUPAC and common names, if any, for each of the following:","'99.98941803"
"'340","'LINE","'O","'81.80963135"
"'340","'LINE","'a. H-C-O-CH₃","'81.03057098"
"'340","'LINE","'O","'79.37898254"
"'340","'LINE","'h.CHj-CH₂-0-0-CH₂-CH₂-CH,","'20.02879906"
"'340","'LINE","'c.","'88.02913666"
"'340","'LINE","'CH₃-CH₂-C-O-CH₂-CH₃","'28.09510612"
"'340","'LINE","'d.","'99.58007813"
"'340","'LINE","'14. Draw the structural formula for each of the following reactions:","'99.97833252"
"'340","'LINE","'O","'82.19627380"
"'340","'LINE","'CH₃","'93.83769226"
"'340","'LINE","'H+","'69.48799896"
"'340","'LINE","'a. CH₃-CH₂-CH₂-CH₂-C-OH + OH-CH-CH₂-CH₃","'69.98848724"
"'340","'LINE","'Heat","'99.71679688"
"'340","'LINE","'O","'76.44182587"
"'340","'LINE","'C-OH","'73.18538666"
"'340","'LINE","'H⁺","'55.19829941"
"'340","'LINE","'b.","'99.91210938"
"'340","'LINE","'+ HO-CH₂-CH₂-CH₂-CH₃","'60.96012115"
"'340","'LINE","'Heat","'98.75000000"
"'340","'LINE","'c. + H₂O H₃O⁺","'79.06568909"
"'340","'LINE","'d. O + NaOH","'89.53227234"
"'340","'LINE","'H₃O⁺","'65.45699310"
"'340","'LINE","'e. + H₂O","'89.21436310"
"'340","'LINE","'15. Identify each of the following as a saturated, monounsaturated, polyunsaturated:","'99.84735870"
"'340","'LINE","'O","'74.11999512"
"'340","'LINE","'a. CH₃-(CH₂)₁-CH=CH-(CH₂)₁⁻C-OH","'59.60304642"
"'340","'LINE","'O","'66.15244293"
"'340","'LINE","'O","'72.70587921"
"'340","'LINE","'c. CH₃⁻(CH₂)₁₄⁻C⁻OH","'63.75926590"
"'340","'LINE","'330 UNIT 6","'99.49138641"
