'Page Number,'Type,'Text,'Confidence Score % (Line),
"'1","'LINE","'STATE","'10.06860924"
"'1","'LINE","'CHEMISTRY","'99.93164063"
"'1","'LINE","'STUDENT TEXTBOOK","'82.12292480"
"'1","'LINE","'GRADE 10","'99.93124390"
"'1","'LINE","'MINISTRY VIICATION EDUCA OF","'61.97385025"
"'1","'LINE","'4","'85.44642639"
"'1","'LINE","'13","'88.72259521"
"'1","'LINE","'Temperature","'98.54252625"
"'1","'LINE","'12","'90.70930481"
"'1","'LINE","'Exothermic","'99.61834717"
"'1","'LINE","'Surroundings","'99.97070313"
"'1","'LINE","'Heat","'98.05982971"
"'1","'LINE","'10","'86.59040070"
"'1","'LINE","'System","'98.77451324"
"'1","'LINE","'6","'90.92016602"
"'1","'LINE","'8","'96.72213745"
"'1","'LINE","'Temperature","'99.38078308"
"'1","'LINE","'Endothermic","'99.67693329"
"'1","'LINE","'9","'93.27188110"
"'1","'LINE","'Surroundings","'99.95117188"
"'1","'LINE","'Heat","'99.67693329"
"'1","'LINE","'5","'87.15830231"
"'1","'LINE","'FEDERAL DEMOCRATIC REPUBLIC OF ETHIOPIA","'99.96257782"
"'1","'LINE","'MINISTRY OF EDUCATION","'99.97694397"
"'1","'LINE","'System","'98.66868591"
"'1","'LINE","'CH3","'76.21183777"
"'1","'LINE","'0","'37.81578827"
"'1","'LINE","'CHEMISTRY STUDENT TEXTBOOK GRADE 10","'91.78650665"
"'1","'LINE","'ISBN 978-99990-0-017-8","'97.65146637"
"'1","'LINE","'9 789999 000178>","'68.08683014"
"'2","'LINE","'This textbook is the property of your school.","'99.99135590"
"'2","'LINE","'Take good care not to damage or lose it.","'99.98046875"
"'2","'LINE","'Here are 10 ideas to help take care of the book:","'99.97322083"
"'2","'LINE","'1. Cover the book with protective material, such as plastic,","'99.94792175"
"'2","'LINE","'old newspapers or magazines.","'99.94061279"
"'2","'LINE","'Students","'99.99023438"
"'2","'LINE","'2. Always keep the book in a clean dry place.","'99.92263031"
"'2","'LINE","'3. Be sure your hands are clean when you use the book.","'99.75358582"
"'2","'LINE","'4. Do not write on the cover or inside pages.","'99.98039246"
"'2","'LINE","'5. Use a piece of paper or cardboard as a bookmark.","'99.68398285"
"'2","'LINE","'CHEMISTRY","'99.95117188"
"'2","'LINE","'6. Never tear or cut out any pictures or pages.","'99.94369507"
"'2","'LINE","'STUDENT TEXTBOOK","'87.52999115"
"'2","'LINE","'7. Repair any torn pages with paste or tape.","'99.96935272"
"'2","'LINE","'8. Pack the book carefully when you place it in your","'99.63785553"
"'2","'LINE","'school bag.","'100.00000000"
"'2","'LINE","'9. Handle the book with care when passing it to another","'99.98135376"
"'2","'LINE","'person.","'100.00000000"
"'2","'LINE","'10. When using a new book for the first time, lay it on its","'99.87843323"
"'2","'LINE","'back. Open only a few pages at a time. Press lightly","'99.75343323"
"'2","'LINE","'FEDERAL DEMOCRATIC REPUBLIC OF ETHIOPIA","'97.53770447"
"'2","'LINE","'MINISTRY OF EDUCATION","'97.57327271"
"'2","'LINE","'along the bound edge as you turn the pages. This will","'99.69664764"
"'2","'LINE","'keep the cover in good condition.","'99.97857666"
"'3","'LINE","'CHEMISTRY","'99.99023438"
"'3","'LINE","'STUDENT TEXTBOOK","'80.44882202"
"'3","'LINE","'GRADE 10","'99.94100952"
"'3","'LINE","'Writers:","'99.96014404"
"'3","'LINE","'Alemayehu Paulos (Ph.D.)","'99.91051483"
"'3","'LINE","'Adelew Estifanos (Ph.D.)","'99.55828857"
"'3","'LINE","'Editors:","'100.00000000"
"'3","'LINE","'Tesfaye Semela (Ph.D.) (Curriculum Editor)","'99.65151215"
"'3","'LINE","'Kenenisa Beresa (M.A.) (Language Editor)","'99.40617371"
"'3","'LINE","'Ahmed Awel (M.Sc.) (Content Editor)","'99.80102539"
"'3","'LINE","'Illustrator:","'99.48181915"
"'3","'LINE","'Abinet Tilahun Nigusie (M.Sc.)","'99.84320068"
"'3","'LINE","'Designer:","'99.96014404"
"'3","'LINE","'Konno B. Hirbaye (M.Sc.)","'93.65518188"
"'3","'LINE","'Evaluators:","'99.88042450"
"'3","'LINE","'Amare Aregahegn Dubale (Ph.D.) (Reviewer)","'99.83063507"
"'3","'LINE","'Nega Gichile (B.Sc., M.A.) (Evaluator)","'95.84498596"
"'3","'LINE","'Sefiw Melesse (M.Sc.) (Evaluator)","'99.74599457"
"'3","'LINE","'Tolessa Mergo (B.Sc., M.Sc.) (Evaluator)","'99.47222137"
"'3","'LINE","'ФЕНДУС","'17.91464043"
"'3","'LINE","'UPA","'74.81963348"
"'3","'LINE","'RZACA","'20.98772430"
"'3","'LINE","'MINISTRY OF EDUCATION","'91.39754486"
"'3","'LINE","'NSSVMVH UNIVERSITY","'48.51737213"
"'3","'LINE","'Federal Democratic Republic of Ethiopia","'99.98210144"
"'3","'LINE","'Hawassa University","'99.99511719"
"'3","'LINE","'Ministry of Education","'99.98345947"
"'4","'LINE","'First Published August 2023 by the Federal Democratic Republic of Ethiopia,","'99.96842194"
"'4","'LINE","'Ministry of Education, under the General Education Quality Improvement Program for","'99.96568298"
"'4","'LINE","'Equity (GEQIP-E) supported by the World Bank, UK's Department for International","'99.93943024"
"'4","'LINE","'Development/DFID-now merged with the Foreign, Common wealth and Development","'99.53151703"
"'4","'LINE","'Office/FCDO, Finland Ministry for Foreign Affairs, the Royal Norwegian Embassy,","'99.83257294"
"'4","'LINE","'United Nations Children's Fund/UNICEF), the Global Partnership for Education (GPE),","'99.35951233"
"'4","'LINE","'and Danish Ministry of Foreign Affairs, through a Multi Donor Trust Fund.","'99.84610748"
"'4","'LINE","'© 2023 by the Federal Democratic Republic of Ethiopia, Ministry of Education. All","'99.76151276"
"'4","'LINE","'rights reserved. The moral rights of the author have been asserted. No part of this","'99.98882294"
"'4","'LINE","'textbook reproduced, copied in a retrieval system or transmitted in any form or by","'99.85629272"
"'4","'LINE","'any means including electronic, mechanical, magnetic, photocopying, recording or","'99.92080688"
"'4","'LINE","'otherwise, without the prior written permission of the Ministry of Education or licensing","'99.96582794"
"'4","'LINE","'in accordance with the Federal Democratic Republic of Ethiopia as expressed in the","'99.96438599"
"'4","'LINE","'Federal Negarit Gazeta, Proclamation No. 410/2004 - Copyright and Neighboring","'99.11429596"
"'4","'LINE","'Rights Protection.","'99.88082123"
"'4","'LINE","'The Ministry of Education wishes to thank the many individuals, groups and other","'99.97252655"
"'4","'LINE","'bodies involved - directly or indirectly - in publishing this Textbook. Special thanks","'98.65829468"
"'4","'LINE","'are due to Hawassa University for their huge contribution in the development of this","'99.97111511"
"'4","'LINE","'textbook in collaboration with Addis Ababa University, Bahir Dar University and","'99.98107147"
"'4","'LINE","'Jimma University.","'99.90563202"
"'4","'LINE","'Copyrighted materials used by permission of their owners. If you are the owner of","'99.83247375"
"'4","'LINE","'copyrighted material not cited or improperly cited, please contact the Ministry of","'99.97531891"
"'4","'LINE","'Education, Head Office, Arat Kilo, (P.O.Box 1367), Addis Ababa Ethiopia.","'99.70206451"
"'4","'LINE","'Printed by:","'99.95077515"
"'4","'LINE","'GRAVITY GROUP IND LLC","'99.93612671"
"'4","'LINE","'13th Industrial Area,","'98.91940308"
"'4","'LINE","'Sharjah, UNITED ARAB EMIRATES","'99.86333466"
"'4","'LINE","'Under Ministry of Education Contract no. : MOE/GEQIP-E/LICB/G-01/23","'97.00659180"
"'4","'LINE","'ISBN: 978-99990-0-017-8","'99.92595673"
"'5","'LINE","'CONTENTS","'100.00000000"
"'5","'LINE","'Unit","'99.79492188"
"'5","'LINE","'1","'99.48162079"
"'5","'LINE","':","'94.79492188"
"'5","'LINE","'CHEMICAL REACTIONS AND STOICHIOMETRY","'99.97538757"
"'5","'LINE","'1","'99.40270233"
"'5","'LINE","'1.1 Introduction","'99.83687592"
"'5","'LINE","'2","'99.96093750"
"'5","'LINE","'Volume of","'99.70503998"
"'5","'LINE","'Gas (STP)","'98.84895325"
"'5","'LINE","'1.2 Chemical Equations","'99.94764709"
"'5","'LINE","'3","'99.05393219"
"'5","'LINE","'22.4L","'94.59602356"
"'5","'LINE","'1 mot","'51.78870392"
"'5","'LINE","'22.4L","'74.27674866"
"'5","'LINE","'1.3 Types of Chemical Reactions","'99.98632813"
"'5","'LINE","'11","'99.16772461"
"'5","'LINE","'1 mol","'75.20407867"
"'5","'LINE","'1.4 Oxidation and Reduction Reactions","'99.98828125"
"'5","'LINE","'20","'99.99023438"
"'5","'LINE","'Moles","'99.96093750"
"'5","'LINE","'1 mol","'68.60790253"
"'5","'LINE","'6.02 particles","'63.36485672"
"'5","'LINE","'molar","'84.39463043"
"'5","'LINE","'mass","'87.92401123"
"'5","'LINE","'1 mol","'62.75011826"
"'5","'LINE","'1.5","'99.95117188"
"'5","'LINE","'1 mol","'68.11463928"
"'5","'LINE","'molar mass","'83.57163239"
"'5","'LINE","'Molecular and Formula Masses, the Mole","'99.94685364"
"'5","'LINE","'moil","'51.90021515"
"'5","'LINE","'10"" particles","'68.82015228"
"'5","'LINE","'Mass","'99.83398438"
"'5","'LINE","'Concept and Chemical Formulas","'99.96014404"
"'5","'LINE","'28","'99.99023438"
"'5","'LINE","'1.6 Stoichiometry","'99.66687012"
"'5","'LINE","'34","'99.88042450"
"'5","'LINE","'Unit Summary","'99.98007202"
"'5","'LINE","'47","'99.96014404"
"'5","'LINE","'Review Exercises","'99.98007202"
"'5","'LINE","'48","'99.99023438"
"'5","'LINE","'Unit 2:","'99.11003113"
"'5","'LINE","'SOLLUTIONS","'99.96093750"
"'5","'LINE","'51","'99.91131592"
"'5","'LINE","'2.1 Heterogeneous and Homogeneous Mixtures","'99.84267426"
"'5","'LINE","'53","'99.99023438"
"'5","'LINE","'Step 2","'95.30990601"
"'5","'LINE","'Step","'97.42606354"
"'5","'LINE","'2.2 The Solution Process","'99.98759460"
"'5","'LINE","'59","'99.97070313"
"'5","'LINE","'2.3 Solubility as an Equilibrium Process","'99.93884277"
"'5","'LINE","'73","'99.93164063"
"'5","'LINE","'Step 3","'93.26500702"
"'5","'LINE","'Step","'97.99804688"
"'5","'LINE","'3","'86.01612091"
"'5","'LINE","'2.4 Ways of Expressing Concentration of Solution","'99.98152161"
"'5","'LINE","'Solution","'98.91522217"
"'5","'LINE","'81","'99.84215546"
"'5","'LINE","'2.5 Preparation of Solutions","'99.96014404"
"'5","'LINE","'94","'99.97070313"
"'5","'LINE","'2.6 Solution Stoichiometry","'99.75759125"
"'5","'LINE","'98","'99.99023438"
"'5","'LINE","'2.7 Describing Reactions in Solution","'99.94842529"
"'5","'LINE","'101","'99.72337341"
"'5","'LINE","'Unit Summary","'99.98007202"
"'5","'LINE","'103","'99.93164063"
"'5","'LINE","'Review Exercises","'99.98007202"
"'5","'LINE","'105","'99.91131592"
"'5","'LINE","'Unit","'99.87304688"
"'5","'LINE","'3:","'79.64465332"
"'5","'LINE","'IMPORTANT INORGANIC COMPOUNDS","'99.94764709"
"'5","'LINE","'109","'99.81445313"
"'5","'LINE","'3.1","'99.97070313"
"'5","'LINE","'Introduction","'99.84056091"
"'5","'LINE","'110","'99.02124023"
"'5","'LINE","'Stomach","'99.92028046"
"'5","'LINE","'Drain","'99.93083954"
"'5","'LINE","'Battery","'99.96093750"
"'5","'LINE","'Lemon","'99.84135437"
"'5","'LINE","'Tomato","'99.84135437"
"'5","'LINE","'Milk","'99.97070313"
"'5","'LINE","'Blood","'99.99023438"
"'5","'LINE","'Tablets","'99.87145233"
"'5","'LINE","'Soap","'99.97070313"
"'5","'LINE","'Cleaner","'99.97070313"
"'5","'LINE","'3.2 Oxides","'99.99511719"
"'5","'LINE","'111","'96.50988770"
"'5","'LINE","'Decreasing","'99.69407654"
"'5","'LINE","'PH","'97.90277863"
"'5","'LINE","'Increasing","'99.19862366"
"'5","'LINE","'3.3 Acids","'100.00000000"
"'5","'LINE","'122","'99.45312500"
"'5","'LINE","'0","'38.64417267"
"'5","'LINE","'I","'77.28635406"
"'5","'LINE","'2","'94.26478577"
"'5","'LINE","'3","'93.05823517"
"'5","'LINE","'5","'95.22959137"
"'5","'LINE","'6","'93.76535034"
"'5","'LINE","'7","'95.23118591"
"'5","'LINE","'8","'95.35973358"
"'5","'LINE","'9","'91.10272217"
"'5","'LINE","'10","'99.26757813"
"'5","'LINE","'11","'93.56285858"
"'5","'LINE","'12","'98.63281250"
"'5","'LINE","'13","'98.17302704"
"'5","'LINE","'14","'94.82681274"
"'5","'LINE","'Acidic","'99.75505829"
"'5","'LINE","'Neutral","'99.79252625"
"'5","'LINE","'Alkaline","'99.73473358"
"'5","'LINE","'3.4","'100.00000000"
"'5","'LINE","'Bases","'100.00000000"
"'5","'LINE","'140","'99.36782837"
"'5","'LINE","'8","'54.65132523"
"'5","'LINE","'3.5 Salts","'100.00000000"
"'5","'LINE","'148","'99.71520233"
"'5","'LINE","'Stomach Acid","'99.83398438"
"'5","'LINE","'Vinegar","'99.93164063"
"'5","'LINE","'Coffee","'99.97070313"
"'5","'LINE","'Water","'99.83318329"
"'5","'LINE","'Baking","'99.93083954"
"'5","'LINE","'Ammonia","'99.93083954"
"'5","'LINE","'Bleach","'99.77300262"
"'5","'LINE","'Soda","'99.79093933"
"'5","'LINE","'Solution","'99.89098358"
"'5","'LINE","'Unit Summary","'99.95525360"
"'5","'LINE","'162","'99.76562500"
"'5","'LINE","'Review Exercises","'99.94020844"
"'5","'LINE","'163","'99.76562500"
"'6","'LINE","'Unit","'99.83398438"
"'6","'LINE","'4:","'60.63158035"
"'6","'LINE","':","'86.59667969"
"'6","'LINE","'ENERGY CHANGES AND ELECTROCHEMISTRY","'99.95605469"
"'6","'LINE","'166","'99.92187500"
"'6","'LINE","'4.1","'99.87145233"
"'6","'LINE","'Introduction","'99.92028046"
"'6","'LINE","'167","'99.48003387"
"'6","'LINE","'4.2 Energy Changes in Electrochemistry","'99.94842529"
"'6","'LINE","'174","'99.97070313"
"'6","'LINE","'4.3 Electrochemical Cells","'99.94061279"
"'6","'LINE","'182","'99.44335938"
"'6","'LINE","'LECTROCHEMIS TRY","'95.60546875"
"'6","'LINE","'4.4 Electrolysis","'99.99023438"
"'6","'LINE","'187","'99.44097137"
"'6","'LINE","'Unit Summary","'99.97518921"
"'6","'LINE","'194","'99.83398438"
"'6","'LINE","'Review Exercises","'99.97518921"
"'6","'LINE","'195","'99.91210938"
"'6","'LINE","'Unit 5 :","'81.93641663"
"'6","'LINE","'METALS AND NONMETALS","'99.98371887"
"'6","'LINE","'198","'99.95117188"
"'6","'LINE","'5.1","'99.96093750"
"'6","'LINE","'Introduction","'99.84056091"
"'6","'LINE","'199","'99.92187500"
"'6","'LINE","'5.2 General Properties of Metals and Production of","'99.97386932"
"'6","'LINE","'Some Metals","'100.00000000"
"'6","'LINE","'200","'100.00000000"
"'6","'LINE","'5.3 Production of Some Important Nonmetals","'99.90876007"
"'6","'LINE","'218","'99.95117188"
"'6","'LINE","'Unit Summary","'99.98007202"
"'6","'LINE","'230","'99.99023438"
"'6","'LINE","'Lead","'99.97070313"
"'6","'LINE","'Gold","'99.99023438"
"'6","'LINE","'Diamond","'99.99023438"
"'6","'LINE","'Carbon","'99.95037079"
"'6","'LINE","'Review Exercises","'99.98007202"
"'6","'LINE","'231","'99.95117188"
"'6","'LINE","'Silver","'99.95037079"
"'6","'LINE","'Copper","'99.99023438"
"'6","'LINE","'Sulfur Phosphorus","'99.94548798"
"'6","'LINE","'Unit","'99.85351563"
"'6","'LINE","'6:","'86.09195709"
"'6","'LINE","'HYDROCARBONS AND THEIR NATURAL SOURCES 234","'99.98371887"
"'6","'LINE","'6.1","'99.91210938"
"'6","'LINE","'Introduction","'99.76084137"
"'6","'LINE","'235","'100.00000000"
"'6","'LINE","'6.2 Saturated Hydrocarbons: Alkanes (CₙH₂ₙ₊₂)","'84.95806885"
"'6","'LINE","'240","'99.99023438"
"'6","'LINE","'6.3 Unsaturated Hydrocarbons: Alkenes, Alkynes","'99.88854980"
"'6","'LINE","'and Aromatic Hydrocarbons","'99.98671722"
"'6","'LINE","'262","'99.99023438"
"'6","'LINE","'6.4 Aromatic Hydrocarbons: Benzene","'99.89791107"
"'6","'LINE","'285","'100.00000000"
"'6","'LINE","'6.5 Natural Sources of Hydrocarbons","'99.96224976"
"'6","'LINE","'290","'99.99023438"
"'6","'LINE","'Unit Summary","'99.98007202"
"'6","'LINE","'295","'99.99023438"
"'6","'LINE","'Review Exercises","'99.98007202"
"'6","'LINE","'295","'99.99023438"
"'7","'LINE","'Volume of","'99.93124390"
"'7","'LINE","'Gas (STP)","'99.80838013"
"'7","'LINE","'22.4L","'98.98039246"
"'7","'LINE","'1 mol","'80.30691528"
"'7","'LINE","'1 mol","'93.09012604"
"'7","'LINE","'22.4L","'60.99908447"
"'7","'LINE","'1","'88.84038544"
"'7","'LINE","'Moles","'100.00000000"
"'7","'LINE","'1 mol","'88.02236176"
"'7","'LINE","'6.02 X 10"" particles","'82.63781738"
"'7","'LINE","'molar mass (g)","'98.96271515"
"'7","'LINE","'1 mol","'86.40485382"
"'7","'LINE","'1 mol","'86.68387604"
"'7","'LINE","'molar mass (g)","'99.24625397"
"'7","'LINE","'1 mol","'89.48660278"
"'7","'LINE","'6.02 10"" particles","'97.16690826"
"'7","'LINE","'Mass","'99.97070313"
"'7","'LINE","'Number of","'99.23339844"
"'7","'LINE","'UNIT","'98.64257813"
"'7","'LINE","'Particles","'99.75505829"
"'7","'LINE","'CHEMICAL REACTIONS AND STOICHIOMETRY","'99.49482727"
"'7","'LINE","'Unit Outcomes","'99.98046875"
"'7","'LINE","'At the end of this unit, you will be able to","'99.94127655"
"'7","'LINE","'define the basics of chemical reaction;","'100.00000000"
"'7","'LINE","'describe the four major types of reactions;","'99.98721313"
"'7","'LINE","'develop skills in writing and balancing chemical equations;","'99.99135590"
"'7","'LINE","'define oxidation - reduction reactions","'98.59933472"
"'7","'LINE","'analyse redox reactions by specifying the oxidizing agent, the reducing","'99.99600983"
"'7","'LINE","'agent, the substance reduced or oxidized;","'99.96366119"
"'7","'LINE","'explain molecular mass, formula mass, molar mass, empirical and","'99.98797607"
"'7","'LINE","'molecular formulas;","'99.99511719"
"'7","'LINE","'determine molecular mass, formula mass, molar mass, empirical and","'99.99231720"
"'7","'LINE","'molecular formulas","'100.00000000"
"'7","'LINE","'describe the mole concept","'100.00000000"
"'7","'LINE","'solve problems related to moles of substances","'99.99442291"
"'7","'LINE","'develop skills in solving problems based on chemical equations (mole-","'99.97030640"
"'7","'LINE","'mole, mass - mass, volume - volume and mass - volume problems);","'98.10833740"
"'7","'LINE","'develop skills in determining the limiting reactant, theoretical yield, actual","'99.98120880"
"'7","'LINE","'yield and percentage yield;","'99.99267578"
"'7","'LINE","'demonstrate scientific inquiry skills: observing, inferring, predicting,","'99.96014404"
"'7","'LINE","'classifying comparing and contrasting, communicating, measuring, asking","'99.94178009"
"'7","'LINE","'questions designing experiments, interpreting data, drawing conclusions,","'99.94166565"
"'7","'LINE","'applying concepts, relating cause and effect and problem - solving.","'99.18000793"
"'8","'LINE","'Chemistry Grade 10","'99.94439697"
"'8","'LINE","'Start-up Activity","'99.79492188"
"'8","'LINE","'Discuss the following questions in groups of three or four","'99.97640228"
"'8","'LINE","'students, then share your findings with the class.","'99.95516205"
"'8","'LINE","'1. Changes in our daily lives include fruit ripening, which","'99.90576935"
"'8","'LINE","'involves the transformation of raw fruit (containing","'99.94317627"
"'8","'LINE","'starting substance) into ripe fruit (containing new","'99.92028046"
"'8","'LINE","'substance), and the fermentation of injera (new","'99.87194061"
"'8","'LINE","'material) from teff flour (starting material).","'99.92556000"
"'8","'LINE","'a. What are the differences between the raw","'99.30965424"
"'8","'LINE","'and ripened fruit?","'99.99674225"
"'8","'LINE","'b. What are the differences between the","'99.96338654"
"'8","'LINE","'fermented injera and the teff flour?","'99.93546295"
"'8","'LINE","'c. Are these changes reversible? Make a list of","'94.98381042"
"'8","'LINE","'at least three more changes that occur in your","'99.94829559"
"'8","'LINE","'day-to-day activities, and note the differences","'99.92094421"
"'8","'LINE","'between the starting materials and new","'100.00000000"
"'8","'LINE","'materials in each.","'99.93383026"
"'8","'LINE","'2. Are the following changes reversible?","'99.97694397"
"'8","'LINE","'a. Dough is changed to bread through baking.","'99.43778229"
"'8","'LINE","'b. Firewood changed to ash through burning.","'99.96350098"
"'8","'LINE","'3. Explain whether the following refer to the quality or","'99.97151947"
"'8","'LINE","'quantity of substances.","'99.97342682"
"'8","'LINE","'a. A farmer determines the amount of fertilizer","'97.59539032"
"'8","'LINE","'for his farm.","'99.99023438"
"'8","'LINE","'b. A nurse calculates the dose of a medicine for","'98.35443115"
"'8","'LINE","'a patient.","'99.42851257"
"'8","'LINE","'c. A chef mixes the right amounts of ingredients","'94.50640869"
"'8","'LINE","'for cooking food.","'100.00000000"
"'8","'LINE","'1.1 Introduction","'99.32048798"
"'8","'LINE","'At the end of this section, students will be able to","'99.97478485"
"'8","'LINE","'define chemical reaction;","'99.97017670"
"'8","'LINE","'give some examples of chemical reactions.","'99.96691895"
"'8","'LINE","'explain physical and chemical changes using examples","'99.98721313"
"'8","'LINE","'Change is the law of nature. We observe various types of changes around US. The","'99.59690094"
"'8","'LINE","'growth of seed in to a plant, the burning of wood in a fire place, the rusting of iron","'99.89257050"
"'8","'LINE","'articles in moist air, the rotting of food and the evaporation of liquids are some","'99.98155975"
"'8","'LINE","'of the changes that we see taking place around US. Scientists categorize changes as","'99.63957214"
"'8","'LINE","'physical and chemical changes. A physical change is a change that does not involve","'98.79187775"
"'8","'LINE","'2","'99.44335938"
"'9","'LINE","'Chemical Reactions and Stoichiometry","'99.85581207"
"'9","'LINE","'the formation of a new substance with a new chemical composition. Examples of","'99.57403564"
"'9","'LINE","'physical changes are evaporation of liquids, powdering of sugar and melting of ice.","'99.96720886"
"'9","'LINE","'The change which results in the formation of one or more new substances with new","'99.96712494"
"'9","'LINE","'chemical composition is known as a chemical change. Examples of chemical changes","'99.83058167"
"'9","'LINE","'are turning of milk into curd, photosynthesis by green plants and rotting of egg by","'99.95845795"
"'9","'LINE","'bacteria. Chemical changes occur due to chemical reactions between substances.","'99.92751312"
"'9","'LINE","'In general, a change is called a chemical reaction if it exhibits all or part of the","'99.66186523"
"'9","'LINE","'following characteristics.","'99.56682587"
"'9","'LINE","'i.","'99.33693695"
"'9","'LINE","'Formation of new substances","'99.96521759"
"'9","'LINE","'ii.","'99.07425690"
"'9","'LINE","'Production of heat or light or both","'99.95791626"
"'9","'LINE","'iii.","'99.19543457"
"'9","'LINE","'Change in color","'99.97721100"
"'9","'LINE","'iv.","'99.91210938"
"'9","'LINE","'Change in temperature and etc.","'99.95655060"
"'9","'LINE","'Chemical reaction is the process in which reacting substances, called reactants, are","'99.94644165"
"'9","'LINE","'converted into new substances, called products. The characteristics of the products are","'99.94122314"
"'9","'LINE","'completely different from those of the reactants.","'99.95735168"
"'9","'LINE","'For example, if you burn sulphur with oxygen, the sulphur and oxygen are completely","'99.78326416"
"'9","'LINE","'converted to sulphur dioxide. Sulphur dioxide is a colourless gas with a pungent","'99.60151672"
"'9","'LINE","'odour. These characteristics of sulphur dioxide are completely different from the","'99.95939636"
"'9","'LINE","'characteristics of the original substances, sulphur and oxygen. A chemical reaction is","'98.63432312"
"'9","'LINE","'represented by a short hand notation called chemical equation as:","'99.85932922"
"'9","'LINE","'Reactants","'99.95037079"
"'9","'LINE","'Products","'99.95037079"
"'9","'LINE","'A chemical equation uses chemical symbols to show what happens during a chemical","'99.05492401"
"'9","'LINE","'reaction. A balanced chemical equation can be used to describe the relationships","'99.09515381"
"'9","'LINE","'between the amounts of reactants and products. The quantitative study of reactants","'99.95275116"
"'9","'LINE","'and products in a chemical reaction is called reaction's stoichiometry. In this unit you will","'99.70578003"
"'9","'LINE","'study, the types of chemical reactions, chemical equations, redox reactions, chemical","'99.96295166"
"'9","'LINE","'formulas, masses of compounds, mole concepts, and reaction's stoichiometry.","'99.73770142"
"'9","'LINE","'Exercise 1.1","'99.57479858"
"'9","'LINE","'a. What is a chemical reaction?","'99.36749268"
"'9","'LINE","'b. Explain the meanings of chemical and physical changes using examples.","'99.95673370"
"'9","'LINE","'C. Give two examples of evidences for chemical reactions not mentioned in the","'98.31694031"
"'9","'LINE","'text.","'99.89098358"
"'9","'LINE","'1.2","'99.87224579"
"'9","'LINE","'Chemical Equations","'99.94589233"
"'9","'LINE","'At the end of this section, students will be able to","'99.96589661"
"'9","'LINE","'explain the conventions used to write chemical equation;","'99.95780182"
"'9","'LINE","'write the chemical equations of varieties of chemical reactions;","'99.96023560"
"'9","'LINE","'3","'98.01977539"
"'10","'LINE","'Chemistry Grade 10","'99.94439697"
"'10","'LINE","'balance chemical equations using;","'99.97274780"
"'10","'LINE","'The Inspection method,","'99.93031311"
"'10","'LINE","'The Least Common Multiple (LCM) method,","'99.91878510"
"'10","'LINE","'The Algebraic method.","'99.96366119"
"'10","'LINE","'Form a group and discuss each of the following and","'99.86088562"
"'10","'LINE","'present your conclusion to the rest of the class.","'99.97686005"
"'10","'LINE","'1. How can you show chemical symbols, physical","'99.68759918"
"'10","'LINE","'states and quantities of substances involved in a","'99.69696045"
"'10","'LINE","'?","'95.67223358"
"'10","'LINE","'chemical reaction?","'99.84095764"
"'10","'LINE","'2. What is the difference between a chemical","'99.87511444"
"'10","'LINE","'equation and a chemical reaction?","'99.65003204"
"'10","'LINE","'3. Which law is applied when a chemical equation","'99.90318298"
"'10","'LINE","'Activity 1.1","'98.97142029"
"'10","'LINE","'is balanced?","'99.95565796"
"'10","'LINE","'A chemical equation is a shorthand representation of an actual chemical reaction in","'98.27982330"
"'10","'LINE","'terms of chemical symbols and formulas. In a chemical equation the starting substances","'99.88923645"
"'10","'LINE","'are called reactants; and the new substances produced are known as products.","'99.96067047"
"'10","'LINE","'In a chemical equation, reactants are written on the left side and products on the","'99.87644196"
"'10","'LINE","'right side of the equation. An arrow","'99.97187042"
"'10","'LINE","'()","'66.23214722"
"'10","'LINE","'is placed between the two sides to indicate","'99.97914886"
"'10","'LINE","'transformation of reactants into products.","'99.95021820"
"'10","'LINE","'Reactants","'99.96014404"
"'10","'LINE","'products","'100.00000000"
"'10","'LINE","'1.2.1 Writing Chemical Equation","'99.69342804"
"'10","'LINE","'In writing chemical equation, instead of using words, chemical symbols and formulas","'99.97600555"
"'10","'LINE","'are used to represent the reaction.","'99.96568298"
"'10","'LINE","'Steps to write a chemical equation","'99.84799957"
"'10","'LINE","'1.","'99.16593170"
"'10","'LINE","'Write a word equation: A word equation is stated in words. For example, the","'99.50075531"
"'10","'LINE","'word equation for the reaction between hydrogen and nitrogen to produce","'99.97737122"
"'10","'LINE","'ammonia is written as:","'99.88101959"
"'10","'LINE","'Hydrogen + Nitrogen","'99.22174072"
"'10","'LINE","'Ammonia (Word equation)","'99.92433167"
"'10","'LINE","'Note that we read the '+' sign as 'reacts with' and the arrow can be read as 'to","'99.57353210"
"'10","'LINE","'produce', 'to form', 'to give' or 'to yield'.","'98.82812500"
"'10","'LINE","'2.","'99.97070313"
"'10","'LINE","'Write the symbols and formulas for the reactants and products in the word","'99.98091125"
"'10","'LINE","'equation.","'99.92028046"
"'10","'LINE","'H2 + N2","'89.25405884"
"'10","'LINE","'NH3 (Unbalanced equation)","'92.48930359"
"'10","'LINE","'3.","'99.93164063"
"'10","'LINE","'Balance the equation","'99.97342682"
"'10","'LINE","'4","'99.81285858"
"'11","'LINE","'Chemical Reactions and Stoichiometry","'99.86557007"
"'11","'LINE","'3H2 + N2","'81.16961670"
"'11","'LINE","'2NH3 (Balanced equation)","'94.30902863"
"'11","'LINE","'Chemically reactive substances might be solids, liquids, gases, or they can dissolve in a","'99.85344696"
"'11","'LINE","'solvent. Particularly ionic compounds commonly react in aqueous solution, or dissolve in","'99.94562531"
"'11","'LINE","'water. Sometimes this information is added to an equation by placing the appropriate","'99.95894623"
"'11","'LINE","'symbols after the formulas:","'99.95769501"
"'11","'LINE","'(s) - Solid","'97.08446503"
"'11","'LINE","'(I) - Liquid","'94.29886627"
"'11","'LINE","'(g) - Gas","'96.44724274"
"'11","'LINE","'(aq) - Aqueous solution","'98.07582855"
"'11","'LINE","'Example 1.1: Write the chemical equation for the reaction that occurs between","'99.79513550"
"'11","'LINE","'calcium carbonate and sulfuric acid.","'99.95428467"
"'11","'LINE","'1.","'99.43936920"
"'11","'LINE","'Word equation:","'99.95037079"
"'11","'LINE","'Calcium carbonate + Sulphuric acid","'99.43522644"
"'11","'LINE","'Calcium sulphate + Water + Carbon dioxide","'99.41500092"
"'11","'LINE","'2.","'99.97070313"
"'11","'LINE","'Chemical equation: CaCO₃(s) + H2SO4(I)","'79.73748779"
"'11","'LINE","'CaSO₄(s) + H₂O(I) + CO₂(g)","'74.67878723"
"'11","'LINE","'3.","'99.89178467"
"'11","'LINE","'The equation is balanced","'99.95341492"
"'11","'LINE","'Example 1.2: Write the chemical equation for the reaction of sodium chloride","'99.96067047"
"'11","'LINE","'and silver nitrate.","'99.91051483"
"'11","'LINE","'1. Word equation:","'99.81311798"
"'11","'LINE","'Silver nitrate + Sodium chloride","'99.61069489"
"'11","'LINE","'Silver chloride + Sodium nitrate","'99.58920288"
"'11","'LINE","'2. Chemical equation: AgNO₃(aq) + NaCl (aq)","'92.80353546"
"'11","'LINE","'AgCI(s) + NaNO₃ (aq)","'85.10677338"
"'11","'LINE","'3. The equation is balanced.","'99.95085907"
"'11","'LINE","'Generally, any chemical equation must fulfill the following conditions:","'99.98020172"
"'11","'LINE","'A. An equation must represent a true and possible chemical reaction.","'96.45394897"
"'11","'LINE","'B. The symbols and formulas must be written correctly. The elements - hydrogen,","'96.49011230"
"'11","'LINE","'nitrogen, oxygen, fluorine, chlorine, bromine and iodine exist as diatomic","'99.93060303"
"'11","'LINE","'molecules. For example, these elements should be written as molecules in the","'99.97708130"
"'11","'LINE","'equation. The equation must be balanced.","'99.97355652"
"'11","'LINE","'A chemical equation has both qualitative and quantitative meanings. Qualitatively, a","'98.89773560"
"'11","'LINE","'chemical equation indicates the types of the reactants and products in the reaction.","'99.96183014"
"'11","'LINE","'Quantitatively, a chemical equation expresses the relative number (amount) of moles,","'99.81208038"
"'11","'LINE","'molecules or masses of the reactants and products. For example, the balanced","'99.96202850"
"'11","'LINE","'chemical equation : 2H₂ + O2","'82.55611420"
"'11","'LINE","'2H2O has both qualitative and quantitative meaning.","'95.08914185"
"'11","'LINE","'Qualitatively, it shows that the reaction between hydrogen and oxygen forms water.","'99.94650269"
"'11","'LINE","'Quantitatively, it indicates that two units of hydrogen combine with one unit of oxygen","'99.94055176"
"'11","'LINE","'to form two units of water. The quantities may be expressed in terms of grams, number","'99.95729065"
"'11","'LINE","'of moles or number of molecules ( see for more details in subsection 1.6.1).","'99.22009277"
"'11","'LINE","'5","'99.65820313"
"'12","'LINE","'Chemistry Grade 10","'99.94113922"
"'12","'LINE","'1.2.2 Balancing Chemical Equations","'99.69647217"
"'12","'LINE","'At the end of this section, students will be able to","'99.96508026"
"'12","'LINE","'balance chemical equations using:","'99.97763062"
"'12","'LINE","'The Inspection method","'99.96040344"
"'12","'LINE","'The Least Common Multiple (LCM) method","'99.90224457"
"'12","'LINE","'The Algebraic method","'99.97369385"
"'12","'LINE","'According to the Law of Conservation of Mass, atoms are neither created nor destroyed","'99.95367432"
"'12","'LINE","'during a chemical reaction (refer to grade 9 chemistry). As a result, the number of","'99.69585419"
"'12","'LINE","'atoms of each element should remain the same before and after the reaction. To","'98.95162201"
"'12","'LINE","'balance a chemical equation means to equalize the number of atoms on both sides of","'99.85709381"
"'12","'LINE","'the equation by putting appropriate coefficients in front of the formulas.","'99.90689087"
"'12","'LINE","'A. Balancing Chemical Equations by Inspection Method","'94.20337677"
"'12","'LINE","'The most common way to balance chemical equations is to use inspection method. It","'99.89946747"
"'12","'LINE","'is exactly what the name states. You balance the equation by inspecting it. It is also","'99.93760681"
"'12","'LINE","'known as a trial and error method or a hit and trial method.","'99.55669403"
"'12","'LINE","'Follow four easy steps, given below, to balance a chemical equation by inspection","'99.84418488"
"'12","'LINE","'method:","'100.00000000"
"'12","'LINE","'1. Write the word equation.","'99.86802673"
"'12","'LINE","'2. Write the correct symbols or formulas for the reactants and products (unbalanced","'99.95362854"
"'12","'LINE","'equation).","'99.79093933"
"'12","'LINE","'3. Start with the most complicated compound count and tabulate the number of each","'99.98738861"
"'12","'LINE","'type of atoms on the two sides of the unbalanced equation.","'99.96767426"
"'12","'LINE","'4. Make the number of each type of atoms on the left side equal to the number of","'99.97202301"
"'12","'LINE","'corresponding atoms on the right side of the equation.","'99.96257782"
"'12","'LINE","'Example 1.3: Balance the chemical reaction that takes place between iron and","'99.94039917"
"'12","'LINE","'water to form iron (IV) oxide and hydrogen gas by the inspection method.","'99.97132874"
"'12","'LINE","'Step 1: Iron + Water","'98.60781860"
"'12","'LINE","'Iron (IV) oxide + Hydrogen (word equation)","'99.45734406"
"'12","'LINE","'Step 2: Fe + H2O","'94.54728699"
"'12","'LINE","'Fe3O₄ + H2 (Unbalanced equation)","'84.54582214"
"'12","'LINE","'Let US count and tabulate the number of various types of atoms on the reactant","'99.90612030"
"'12","'LINE","'and product sides of the expression","'99.99186707"
"'12","'LINE","'Fe + H2O","'90.10011292"
"'12","'LINE","'Fe3O4 + H2","'75.15615082"
"'12","'LINE","'Atom","'99.93083954"
"'12","'LINE","'Reactant side","'99.97030640"
"'12","'LINE","'Product side","'99.94589233"
"'12","'LINE","'Equation","'99.99023438"
"'12","'LINE","'Number of Fe atoms","'99.97294617"
"'12","'LINE","'1","'98.97061920"
"'12","'LINE","'3","'99.87145233"
"'12","'LINE","'Number of O atoms","'87.13095093"
"'12","'LINE","'1","'99.02263641"
"'12","'LINE","'4","'99.91131592"
"'12","'LINE","'Number of H atoms","'97.18072510"
"'12","'LINE","'2","'99.93164063"
"'12","'LINE","'2","'99.95117188"
"'12","'LINE","'Total no. of atoms","'99.95585632"
"'12","'LINE","'4","'99.87224579"
"'12","'LINE","'9","'99.92107391"
"'12","'LINE","'Unbalanced","'99.99023438"
"'12","'LINE","'6","'98.58159637"
"'13","'LINE","'Chemical Reactions and Stoichiometry","'99.85072327"
"'13","'LINE","'Balancing Fe atoms: There is one Fe atom on the left side while there are three","'99.96379089"
"'13","'LINE","'Fe atoms on the right side. Therefore, a suitable coefficient of Fe on the left side","'99.86255646"
"'13","'LINE","'is 3. Thus,","'99.79113007"
"'13","'LINE","'3Fe + H2O","'88.88864136"
"'13","'LINE","'Fe₃O₄ + H₂","'28.20970154"
"'13","'LINE","'(2)","'99.89098358"
"'13","'LINE","'Balancing O atoms. There is one o atom (in H2O) on the left side and there are","'92.15748596"
"'13","'LINE","'four o atoms on the right side. Therefore, a proper coefficient of H2O is 4 as H₂O.","'92.86925507"
"'13","'LINE","'3Fe + 4H2O","'89.37433624"
"'13","'LINE","'Fe3O4 + H2","'75.83412933"
"'13","'LINE","'(3)","'99.85112762"
"'13","'LINE","'Balancing H atoms. There are eight H atoms (in 4H2O) on the left side, but only","'95.87118530"
"'13","'LINE","'two H atoms (in H₂) on the right side. Therefore, an appropriate coefficient of H","'96.62231445"
"'13","'LINE","'is 4 as 4H2. Thus,","'92.53595734"
"'13","'LINE","'3Fe + 4H2O","'87.46827698"
"'13","'LINE","'Fe3O4 + 4H2","'75.06457520"
"'13","'LINE","'(4)","'99.95037079"
"'13","'LINE","'Equation 4 is a balanced chemical equation. Note that number of atoms of each","'99.72404480"
"'13","'LINE","'element is conserved (no. of atoms reactant side = no. of atoms product side).","'99.83202362"
"'13","'LINE","'How?","'99.83318329"
"'13","'LINE","'These are shown below:","'99.98046875"
"'13","'LINE","'Atom","'99.96014404"
"'13","'LINE","'Reactant side","'99.95605469"
"'13","'LINE","'Product side","'99.93124390"
"'13","'LINE","'Equation","'99.99023438"
"'13","'LINE","'Number of Fe atoms","'99.97802734"
"'13","'LINE","'3","'99.83159637"
"'13","'LINE","'3","'99.87145233"
"'13","'LINE","'Number of o atoms","'86.61296844"
"'13","'LINE","'4","'99.85271454"
"'13","'LINE","'4","'99.88201141"
"'13","'LINE","'Number of H atoms","'99.50050354"
"'13","'LINE","'8","'99.95117188"
"'13","'LINE","'8","'99.96093750"
"'13","'LINE","'Total number of atoms","'99.98779297"
"'13","'LINE","'15","'99.88281250"
"'13","'LINE","'15","'99.89257813"
"'13","'LINE","'Balanced","'99.99023438"
"'13","'LINE","'NB: Inspection method works best for simple equations.","'99.97274780"
"'13","'LINE","'B. Balancing chemical equations by the LCM method","'95.21591949"
"'13","'LINE","'By taking the LCM of the total valency of the reactants and products and dividing it","'99.85590363"
"'13","'LINE","'by the total valency of the reactants and products, the coefficients for the balanced","'99.94322968"
"'13","'LINE","'chemical equation are derived. This is known as The LCM method. The following","'99.96595001"
"'13","'LINE","'examples show all of the steps required to balance a chemical equation using the","'99.82916260"
"'13","'LINE","'LCM Method.","'99.95077515"
"'13","'LINE","'Examples:","'99.87065887"
"'13","'LINE","'i. When aluminum reacts with oxygen, aluminum oxide is formed. Write the balanced","'99.85887909"
"'13","'LINE","'chemical equation for the reaction","'99.97217560"
"'13","'LINE","'Step 1: Represent the reaction by a word equation:","'99.18157196"
"'13","'LINE","'Aluminum + Oxygen","'98.97354889"
"'13","'LINE","'Aluminum Oxide","'99.94061279"
"'13","'LINE","'Step 2: Write the correct symbols or formulas for the reactants and products","'99.95537567"
"'13","'LINE","'AI + O₂","'34.51969147"
"'13","'LINE","'AI2O₃","'28.54372597"
"'13","'LINE","'Step 3: Place the total valency of each atom above it.","'99.95731354"
"'13","'LINE","'7","'99.30504608"
"'14","'LINE","'Chemistry Grade 10","'99.92785645"
"'14","'LINE","'3","'99.22692108"
"'14","'LINE","'4","'99.61834717"
"'14","'LINE","'66","'95.46424866"
"'14","'LINE","'Al + O₂","'74.26970673"
"'14","'LINE","'AI2O₃","'31.82079124"
"'14","'LINE","'From the equation we see that the valency of aluminum is 3. The total valency of","'99.95687866"
"'14","'LINE","'oxygen is 2 x 2 = 4. The total valency of aluminum in AI2O₃ is 3 X 2 = 6.","'93.71846008"
"'14","'LINE","'The total valency of oxygen in AI₂O₃ is 2 X 3 = 6, LCM is 12.","'94.90264130"
"'14","'LINE","'Step 4: Find the LCM of each total valency and place it above the arrow, here LCM","'99.97415161"
"'14","'LINE","'is 12.","'99.70703125"
"'14","'LINE","'3","'99.75505829"
"'14","'LINE","'4","'97.91753387"
"'14","'LINE","'12","'96.12304688"
"'14","'LINE","'66","'96.13967133"
"'14","'LINE","'Al + O₂ LCM AI2O₃","'66.71546173"
"'14","'LINE","'Step 5: Divide the LCM by each total valency number to obtain the coefficients for","'99.93685913"
"'14","'LINE","'each of the reactants and products. Place the obtained coefficients in front of the","'99.94543457"
"'14","'LINE","'respective chemical formulas","'99.95037079"
"'14","'LINE","'4AI + 30₂","'79.05632019"
"'14","'LINE","'2AI₂O₃ (Balanced)","'77.61888123"
"'14","'LINE","'Checking: There are 4 aluminum and 6 oxygen atoms on both sides of the equation.","'99.93160248"
"'14","'LINE","'Hence, the chemical equation is correctly balanced","'99.93630981"
"'14","'LINE","'ii. The reaction of sodium sulphate with aluminum nitrate would form aluminum sulphate","'99.88674164"
"'14","'LINE","'and sodium nitrate. Write the balanced chemical equation.","'99.96532440"
"'14","'LINE","'Step 1: Sodium sulphate + Aluminum nitrate","'99.20738983"
"'14","'LINE","'Aluminum sulphate + Sodium nitrate","'99.50394440"
"'14","'LINE","'(word equation)","'99.84663391"
"'14","'LINE","'Step 2: Na₂SO₄ + AI(NO₃)₃","'81.93479156"
"'14","'LINE","'A12(SO₄)₃ + NaNO₃","'68.36090088"
"'14","'LINE","'22","'96.25318909"
"'14","'LINE","'3","'95.77965546"
"'14","'LINE","'3","'96.60973358"
"'14","'LINE","'6","'98.05424500"
"'14","'LINE","'6","'97.38042450"
"'14","'LINE","'11","'92.91501617"
"'14","'LINE","'Step 3: Na 2SO₄ + AI(NO₃)₃","'85.91116333"
"'14","'LINE","'A12(SO₄)₃ + NaNO₃","'70.28353882"
"'14","'LINE","'2","'94.69726563"
"'14","'LINE","'2","'95.28320313"
"'14","'LINE","'3","'97.77263641"
"'14","'LINE","'3","'97.10778046"
"'14","'LINE","'6","'95.77965546"
"'14","'LINE","'6","'95.66246796"
"'14","'LINE","'6","'95.41832733"
"'14","'LINE","'11","'91.53806305"
"'14","'LINE","'Step 4: Na₂ SO₄ + AI(NO₃)₃ LCM AI₂(SO₄)₃ + NaNO₃","'76.71248627"
"'14","'LINE","'Step 5: 3Na 2SO₄ + 2AI(NO₃)₃","'89.18921661"
"'14","'LINE","'AI₂(SO₄)₃ + 6NaNO₃ (Balanced)","'76.27870178"
"'14","'LINE","'There are 6 nitrogen, 6 sodium, 3 sulphur, 30 oxygen and 2 aluminum atoms on both","'99.89993286"
"'14","'LINE","'sides of the equation. Thus, the equation is correctly balanced.","'99.95541382"
"'14","'LINE","'iii. The reaction of magnesium nitrate with ammonium phosphate would form ammonium","'99.88827515"
"'14","'LINE","'nitrate and magnesium phosphate. Write the balanced equation.","'99.95291901"
"'14","'LINE","'Step 1: Magnesium nitrate + Ammonium phosphate","'99.21666718"
"'14","'LINE","'Magnesium phosphate +","'99.45857239"
"'14","'LINE","'Ammonium nitrate","'99.86576843"
"'14","'LINE","'Step 2: Mg(NO₃)₂ + (NH₄)₃PO₄","'89.59446716"
"'14","'LINE","'NH₄NO₃ + Mg₃(PO₄)₂","'69.41678619"
"'14","'LINE","'22","'94.69036865"
"'14","'LINE","'3","'98.58318329"
"'14","'LINE","'3","'98.25035858"
"'14","'LINE","'11","'93.02455139"
"'14","'LINE","'3","'98.40740204"
"'14","'LINE","'3","'98.73863983"
"'14","'LINE","'Step 3: Mg(NO₃)₂ + (NH₄)₃PO₄","'87.16194916"
"'14","'LINE","'NH₄NO₃ + Mg₃(PO₄)₂","'73.24816895"
"'14","'LINE","'22","'94.81823730"
"'14","'LINE","'3","'98.71751404"
"'14","'LINE","'3","'98.30974579"
"'14","'LINE","'6","'96.59917450"
"'14","'LINE","'11","'91.37085724"
"'14","'LINE","'3","'99.06827545"
"'14","'LINE","'3","'98.65653229"
"'14","'LINE","'Step 4: Mg(NO₃)₂ + (NH₄),PO₄ LCM -> NH₄NO₃ + Mg₃(PO₄)₂","'80.76818848"
"'14","'LINE","'8","'99.60937500"
"'15","'LINE","'Chemical Reactions and Stoichiometry","'99.85581207"
"'15","'LINE","'Step 5: 3 Mg(NO₃)₂ + 2 (NH₄),PO","'86.41407776"
"'15","'LINE","'6NH₄NO₃ + Mg₃(PO₄)₂ (Balanced)","'81.74938965"
"'15","'LINE","'There are 12 nitrogen, 24 hydrogen, 3 magnesium, 2 phosphorous and 26 oxygen","'99.85791779"
"'15","'LINE","'atoms on both sides of the equation. Thus, the equation is correctly balanced.","'99.95594025"
"'15","'LINE","'B. Balancing Chemical Equations Using Algebraic Method","'96.71906281"
"'15","'LINE","'This method of balancing chemical equations involves assigning algebraic variables","'99.97616577"
"'15","'LINE","'as stoichiometric coefficients to each species in the unbalanced chemical equation.","'99.86273956"
"'15","'LINE","'These variables are used in mathematical equations and are solved to obtain the","'99.97809601"
"'15","'LINE","'values of each stoichiometric coefficient. Consider the formation of ammonia from","'99.91407013"
"'15","'LINE","'hydrogen and nitrogen as an example.","'99.94914246"
"'15","'LINE","'Step 1: Write the unbalanced equation with the correct symbols of the reactants &","'99.79148102"
"'15","'LINE","'products:","'99.96014404"
"'15","'LINE","'N2 + H2","'88.65207672"
"'15","'LINE","'NH3 (unbalanced equation)","'92.38015747"
"'15","'LINE","'Step 2: Assign algebraic variables to each species as coefficients (a, b, c) in the","'99.53456879"
"'15","'LINE","'unbalanced equation:","'99.94020844"
"'15","'LINE","'aN2 + bH2","'74.34211731"
"'15","'LINE","'cNH3","'64.56732178"
"'15","'LINE","'Then, set equations for each element so that it is equal in both the right and left hand","'99.12953949"
"'15","'LINE","'side.","'100.00000000"
"'15","'LINE","'N: 2a = c (subscript of N is 2 in the left side and 1 in the right side)","'97.15770721"
"'15","'LINE","'H: 2b = 3c (subscript of H is 2 in the left side and 3 in the right side)","'99.50924683"
"'15","'LINE","'Step 3: Choose the smallest variable and assign arbitrary number in order to determine","'99.95367432"
"'15","'LINE","'the remaining variables.","'99.95362854"
"'15","'LINE","'In the above case, a is the smallest coefficient. Assuming a = 1, the values of b and c","'97.72573090"
"'15","'LINE","'can be obtained as follows. c = 2 X 1 = 2, 2b = 3c = 3 X 2 = 6; b = 6/2 = 3","'95.22142029"
"'15","'LINE","'Since a, b, and C have no common multiples, they can be substituted into the equation","'97.84134674"
"'15","'LINE","'as follows.","'99.92636108"
"'15","'LINE","'N2 + 3H2","'82.44453430"
"'15","'LINE","'2NH3 ( balanced equation)","'89.26035309"
"'15","'LINE","'Example 1.4: Balance the reaction: Al + O2","'87.75386810"
"'15","'LINE","'AI2O3 using the algebraic method.","'87.37483978"
"'15","'LINE","'Assign variables for each element","'99.98616791"
"'15","'LINE","'aAl + bO2","'76.66221619"
"'15","'LINE","'cAl2O3","'67.57274628"
"'15","'LINE","'The equation for Aluminum: a = 2c (subscript of Al is 2 in the left side and 2 in the","'98.17670441"
"'15","'LINE","'right side). The equation for oxygen: 2b = 3c (subscript of o is 2 in the left side","'97.04099274"
"'15","'LINE","'and 3 in the right side)","'99.95565796"
"'15","'LINE","'9","'95.53710938"
"'16","'LINE","'Chemistry Grade 10","'99.93110657"
"'16","'LINE","'Assuming a = 1, we get:","'97.98538971"
"'16","'LINE","'c = a/2; c= 1/2","'26.98700333"
"'16","'LINE","'2b= x(1/2) = 3/2 ; b = 3/4","'24.18188095"
"'16","'LINE","'Since fractional values of b and c are obtained, the lowest common multiple","'97.64144135"
"'16","'LINE","'denominator between the variables a, b, and c must be found and multiplied with","'97.42083740"
"'16","'LINE","'each variable.","'99.98007202"
"'16","'LINE","'Since the lowest common multiple denominator is 4, each of the variables must be","'99.95850372"
"'16","'LINE","'multiplied by 4.","'99.95767975"
"'16","'LINE","'Therefore, a = 4 X 1 = 4; b = (3/4) X 4 = 3; c = (1/2) X 4 = 2","'93.36521149"
"'16","'LINE","'Substituting the values of a, b, and c in the unbalanced equation, the following","'96.56388092"
"'16","'LINE","'balanced chemical equation is obtained.","'99.97835541"
"'16","'LINE","'4AI + 30₂","'77.42778778"
"'16","'LINE","'2AI2O3","'32.32282257"
"'16","'LINE","'Example 1.5: Balance the equation: PCI₅ + H2O","'92.53425598"
"'16","'LINE","'H3PO4 + HCI","'77.31126404"
"'16","'LINE","'Step 1: PCI₅ + H2O","'84.39596558"
"'16","'LINE","'H3PO4 + HCI","'78.07251740"
"'16","'LINE","'Step 2: aPCl₅ + bH2O","'81.23397827"
"'16","'LINE","'cH₃PO₄ + dHCl","'78.77119446"
"'16","'LINE","'P: a = c (subscript of P is 1 in the left side and 1 in the right side)","'96.32958221"
"'16","'LINE","'CI : 5a = d (subscript of CI is 5 in the left side and 1 in the right side)","'98.42023468"
"'16","'LINE","'H: 2b = 3c + d (subscript of H is 2 in the left side and 3 in H3PO4 in 1 in HCI)","'96.61149597"
"'16","'LINE","'o : b = 4c (subscript of O is 1 in the left side and 4 in the right side)","'95.02848053"
"'16","'LINE","'Assume a =1, therefore c=1, 5a = d","'94.66227722"
"'16","'LINE","'d =5, b =4.","'96.72881317"
"'16","'LINE","'Substituting the values of a, b, c and d in the unbalanced equation:","'97.35119629"
"'16","'LINE","'PCI₅ + 4H2O","'82.76885223"
"'16","'LINE","'H3PO4 + 5HCI (balanced)","'89.96811676"
"'16","'LINE","'Exercise 1.2","'99.68710327"
"'16","'LINE","'1. Balance the following chemical equations, using the inspection method:","'99.93709564"
"'16","'LINE","'a. Na + H2O","'90.93271637"
"'16","'LINE","'NaOH + H2","'92.92855835"
"'16","'LINE","'b. KCIO₃","'89.92376709"
"'16","'LINE","'KCI + O2","'83.57917023"
"'16","'LINE","'C. H2O2","'67.98410034"
"'16","'LINE","'H2O","'76.89134216"
"'16","'LINE","'+","'95.98553467"
"'16","'LINE","'O2","'57.94871902"
"'16","'LINE","'d. AI + H₃PO₄","'73.79294586"
"'16","'LINE","'AIPO4 + H2","'79.03087616"
"'16","'LINE","'e. HNO3 + H2S NO + S + H2O","'84.94886780"
"'16","'LINE","'2. Write the balanced chemical equation to represent the following reactions.","'99.97122955"
"'16","'LINE","'a. Sodium bromide reacts with chlorine to form sodium chloride and bromine","'99.87580109"
"'16","'LINE","'10","'99.77220154"
"'17","'LINE","'Chemical Reactions and Stoichiometry","'99.88550568"
"'17","'LINE","'b. Hydrochloric acid reacts with sodium carbonate to form sodium chloride,","'99.95030212"
"'17","'LINE","'water and carbondioxide","'99.85385132"
"'17","'LINE","'C. Potassium chlorate when heated produces potassium chloride and oxygen","'96.52845764"
"'17","'LINE","'d. Calcium carbonate reacts with hydrochloric acid to form water, carbon","'99.95577240"
"'17","'LINE","'dioxide and calcium chloride","'99.98759460"
"'17","'LINE","'e. Silver oxide decomposes to silver and oxygen gas.","'99.70705414"
"'17","'LINE","'3. Balance the following equations using the LCM method.","'99.98028564"
"'17","'LINE","'a. Al + HCI","'87.48196411"
"'17","'LINE","'AICI₃ + H₂","'64.61714172"
"'17","'LINE","'b. Fe₂(SO₄)₃ + KOH","'84.48336792"
"'17","'LINE","'K2SO₄ + Fe(OH)₃","'75.40955353"
"'17","'LINE","'C. CaCl₂ + Na₃PO₄","'54.67972565"
"'17","'LINE","'Ca₃(PO₄)₂ + NaCl","'83.13303375"
"'17","'LINE","'d. FeCl₃ + NH₄OH","'80.31698608"
"'17","'LINE","'Fe(OH)₃ + NH₄CI","'81.27883148"
"'17","'LINE","'4. Balance the following equations using the algebraic method.","'99.98028564"
"'17","'LINE","'a. PCI₅ + H2O","'82.52859497"
"'17","'LINE","'H3PO4 + HCI","'82.37437439"
"'17","'LINE","'b. Mg + H2O","'89.60125732"
"'17","'LINE","'Mg(OH)₂ + H2","'77.19879150"
"'17","'LINE","'C. Zn(NO₃)₂","'81.40664673"
"'17","'LINE","'ZnO + NO₂ +","'83.14605713"
"'17","'LINE","'d. H2SO₄ + NaOH Na₂SO₄ + H2O","'79.39244843"
"'17","'LINE","'e. NH3 + O2","'76.66832733"
"'17","'LINE","'NO + H2O","'87.75191498"
"'17","'LINE","'f.","'99.65820313"
"'17","'LINE","'C₆H₁₂O₆+O₂","'16.54974556"
"'17","'LINE","'CO2 + H2O","'79.55004883"
"'17","'LINE","'g. FeCl₃ + MgO","'91.05458832"
"'17","'LINE","'Fe2O3 + MgCl₂","'62.34663773"
"'17","'LINE","'h. BaCl₂ + K3PO₄","'79.57604218"
"'17","'LINE","'Ba₃(PO₄)₂ + 6KCI","'86.13188171"
"'17","'LINE","'i. P₄O₁₀+H₂O₂O","'64.46668243"
"'17","'LINE","'H3PO4","'62.62217331"
"'17","'LINE","'1.3 Types of Chemical Reactions","'99.95296478"
"'17","'LINE","'At the end of this section, students will be able to","'99.97751617"
"'17","'LINE","'list the four types of chemical reactions;","'99.98872375"
"'17","'LINE","'define combination reaction and give examples;","'99.96515656"
"'17","'LINE","'conduct experiments on combination reactions in groups;","'99.95037079"
"'17","'LINE","'define decomposition reaction and give examples;","'99.99335480"
"'17","'LINE","'conduct some experiments on decomposition reactions in groups;","'99.96166229"
"'17","'LINE","'define single - displacement reaction and give examples;","'98.83560181"
"'17","'LINE","'conduct some experiments on simple displacement reactions in groups;","'99.93048859"
"'17","'LINE","'define double - displacement reaction and give examples;","'98.64761353"
"'17","'LINE","'conduct some experiments on double - displacement reactions in group.","'99.02127075"
"'17","'LINE","'11","'99.38157654"
"'18","'LINE","'Chemistry Grade 10","'99.93761444"
"'18","'LINE","'In your group, discuss about the following processes","'99.98515320"
"'18","'LINE","'and share your conclusion with the rest of the class.","'99.98316193"
"'18","'LINE","'1. What are the final products of digestive protein","'99.93753052"
"'18","'LINE","'and starch? Is protein and starch digestion a","'99.43431854"
"'18","'LINE","'building up or breaking down process ?","'99.41748047"
"'18","'LINE","'2. What is alcohol fermentation and its process?","'99.92556000"
"'18","'LINE","'What are the two important chemical compounds","'99.97326660"
"'18","'LINE","'produced during the fermentation of ""Teji"" or","'99.40965271"
"'18","'LINE","'""Tella""? What is the main ingredient (starting","'99.91074371"
"'18","'LINE","'material) for the production of ""Teji"" and ""Tella""?","'99.61186981"
"'18","'LINE","'3. What are the two major chemical reactants and","'99.97142792"
"'18","'LINE","'the two chemical products of photosynthesis? Is","'99.96338654"
"'18","'LINE","'photosynthesis a breaking down or a building","'99.47655487"
"'18","'LINE","'up process? Compare this process with cellular","'99.88623047"
"'18","'LINE","'?","'89.50683594"
"'18","'LINE","'respiration.","'99.84056091"
"'18","'LINE","'4. What are the combustion products of kerosene?","'99.94681549"
"'18","'LINE","'Is the combustion of kerosene a building up or a","'99.32276917"
"'18","'LINE","'breaking down process?","'99.98671722"
"'18","'LINE","'Activity 1.2","'99.42343140"
"'18","'LINE","'Different elements and compounds react in different ways to produce different kinds","'99.96535492"
"'18","'LINE","'of new substances. Many chemical reactions can be classified as one of the four","'99.97396851"
"'18","'LINE","'basic types of reactions. By analyzing the reactants and products of a particular","'99.70295715"
"'18","'LINE","'reaction, you can classify them into one of these categories. Some reactions may","'99.85369873"
"'18","'LINE","'be categorized into more than one category. A complete understanding of these","'98.69892883"
"'18","'LINE","'reaction types will help predict the products of unknown reactions. The four basic","'99.98930359"
"'18","'LINE","'types of chemical reactions are combinations, decompositions, single displacement,","'99.84181976"
"'18","'LINE","'and double displacement reactions, which are described in the next section.","'99.94490051"
"'18","'LINE","'Such reactions are generally classified as shown in Figure 1.1.","'99.67874908"
"'18","'LINE","'Types of Chemical Reactions","'99.97314453"
"'18","'LINE","'Direct combination","'99.98535156"
"'18","'LINE","'Decomposition","'99.99023438"
"'18","'LINE","'Single displacement","'97.13777161"
"'18","'LINE","'Double displacement","'94.36224365"
"'18","'LINE","'A+B AB","'92.38879395"
"'18","'LINE","'AB A+B","'82.98828125"
"'18","'LINE","'A + BC AB+C","'80.19860077"
"'18","'LINE","'AB + CD","'96.32280731"
"'18","'LINE","'AD + BC","'93.31320190"
"'18","'LINE","'Figure 1.1 Classification of chemical reactions.","'99.57862091"
"'18","'LINE","'12","'99.73632813"
"'19","'LINE","'Chemical Reactions and Stoichiometry","'99.86801910"
"'19","'LINE","'A. Direct Combination Reactions","'91.27091980"
"'19","'LINE","'Combination reactions are those reactions in which two types of pure substances react","'99.95731354"
"'19","'LINE","'directly and form a single substance. In a combination reaction, two elements, two","'99.71221161"
"'19","'LINE","'compounds, or an element and a compound react to form a single compound. In","'99.68744659"
"'19","'LINE","'general, a combination reaction may be represented by the equation.","'99.85787964"
"'19","'LINE","'A + B","'89.62106323"
"'19","'LINE","'AB","'98.98218536"
"'19","'LINE","'where the reactants A and B are elements or compounds, the product AB is a compound.","'98.84288025"
"'19","'LINE","'Such type of reaction is also known as synthesis or composition reaction.","'99.97132111"
"'19","'LINE","'Examples","'99.95037079"
"'19","'LINE","'2Na","'99.53702545"
"'19","'LINE","'+","'98.51482391"
"'19","'LINE","'CI2","'49.74967957"
"'19","'LINE","'2NaCl","'86.28288269"
"'19","'LINE","'Element","'99.95037079"
"'19","'LINE","'+","'98.70037079"
"'19","'LINE","'Element","'99.89098358"
"'19","'LINE","'Compound","'99.99023438"
"'19","'LINE","'CaO","'94.80927277"
"'19","'LINE","'+","'98.98278046"
"'19","'LINE","'CO2","'83.49868774"
"'19","'LINE","'CaCO3","'64.24266815"
"'19","'LINE","'Compound","'100.00000000"
"'19","'LINE","'+","'98.36754608"
"'19","'LINE","'Compound","'99.99023438"
"'19","'LINE","'Compound","'99.99023438"
"'19","'LINE","'Note that in the above reactions, there is a single product.","'99.85001373"
"'19","'LINE","'Experiment 1.1","'99.70543671"
"'19","'LINE","'Investigation of Combination Reaction","'99.99755859"
"'19","'LINE","'Objective: To investigate the reaction between sulphur and iron.","'99.34796143"
"'19","'LINE","'Apparatus: Test tube, stand, burner, watch glass","'99.97872925"
"'19","'LINE","'Chemicals: Sulphur powder, iron filings","'99.97819519"
"'19","'LINE","'Procedure:","'99.95037079"
"'19","'LINE","'1. Mix about 3 g of iron filings and 2 g of powdered sulphur in a watch glass.","'99.77594757"
"'19","'LINE","'2. Transfer the mixture in a glass test tube.","'99.83783722"
"'19","'LINE","'3. Mount the test tube in a sloping position on a stand as shown in Figure 1.2.","'99.73043060"
"'19","'LINE","'4. Heat the test tube until the mixture in the glass glows red hot.","'99.98529816"
"'19","'LINE","'5. Remove the test tube from the flame and observe the result.","'99.98772430"
"'19","'LINE","'13","'99.25541687"
"'20","'LINE","'Chemistry Grade 10","'99.94764709"
"'20","'LINE","'Iron fillings","'99.76442719"
"'20","'LINE","'+","'94.02263641"
"'20","'LINE","'sulphur","'99.89257813"
"'20","'LINE","'Bunsen","'100.00000000"
"'20","'LINE","'burner","'100.00000000"
"'20","'LINE","'Figure 1.2 The reaction between iron and sulphur.","'99.82118225"
"'20","'LINE","'Questions","'99.97070313"
"'20","'LINE","'1. What were the colors of iron filings and sulphur before the reaction?","'99.95224762"
"'20","'LINE","'2. What was the color of the resulting compound after the reaction?","'99.97857666"
"'20","'LINE","'3. Write a balanced chemical equation for the reaction.","'99.65616608"
"'20","'LINE","'B. Decomposition Reactions","'89.31135559"
"'20","'LINE","'A decomposition reaction (or analysis) is a reaction that involves the breaking","'98.72509003"
"'20","'LINE","'down of a single compound into two or more elements or simpler compounds. A","'98.21961212"
"'20","'LINE","'decomposition reaction can be carried out using heat (thermal decomposition), light","'99.89595032"
"'20","'LINE","'(photo decomposition), electricity (electrical decomposition) or a catalyst. But most","'99.71861267"
"'20","'LINE","'decomposition reactions are carried out when heat is supplied and this heat energy is","'99.95903015"
"'20","'LINE","'indicated by a 'delta' () symbol above the arrow. The general form of equation for","'96.75582123"
"'20","'LINE","'a decomposition reaction is:","'99.67295074"
"'20","'LINE","'AB","'99.12946320"
"'20","'LINE","'A+B","'66.51786041"
"'20","'LINE","'where the reactant AB must be a compound and the products A and B could be","'98.20539093"
"'20","'LINE","'elements or compounds.","'99.91728973"
"'20","'LINE","'The simplest kind of decomposition reaction is when a binary compound decomposes","'99.86095428"
"'20","'LINE","'into its elements. For example, mercury (II) oxide, a red solid, decomposes when heated","'99.75002289"
"'20","'LINE","'to produce mercury and oxygen gas, similarly a colorless potassium perchlorate","'99.83560181"
"'20","'LINE","'decomposes to potassium chloride and oxygen gas.","'99.94467926"
"'20","'LINE","'2HgO(s)","'96.80265045"
"'20","'LINE","'2Hg(I) + O₂(g)","'85.74411011"
"'20","'LINE","'2KCIO₃(s)","'65.84482574"
"'20","'LINE","'2KCI(s) + 302(g)","'79.67494202"
"'20","'LINE","'14","'99.87224579"
"'21","'LINE","'Chemical Reactions and Stoichiometry","'99.86048889"
"'21","'LINE","'Experiment 1.2","'99.79940796"
"'21","'LINE","'Investigation of Decomposition Reaction","'99.98515320"
"'21","'LINE","'Objective: To investigate the decomposition of copper (II) carbonate(CuCO₃).","'96.05322266"
"'21","'LINE","'Apparatus: Test tube, stand, burner, cork, delivery tube.","'99.99003601"
"'21","'LINE","'Chemicals: CuCO3 and lime water.","'91.48266602"
"'21","'LINE","'Procedure:","'99.96014404"
"'21","'LINE","'Put 1g of CuCO3 powder in a glass test-tube. Mount the test tube in a sloping","'96.53629303"
"'21","'LINE","'position on a stand as shown in Figure 1.3. Fit a cork and a delivery tube to the","'99.61064148"
"'21","'LINE","'test tube. Put another test tube containing lime water at the end of the delivery","'99.98876953"
"'21","'LINE","'tube. Heat the CuCO3 with a burner.","'94.11787415"
"'21","'LINE","'Delivery tube","'99.98046875"
"'21","'LINE","'Stand","'100.00000000"
"'21","'LINE","'Lime water","'99.99511719"
"'21","'LINE","'Clamp","'100.00000000"
"'21","'LINE","'Copper(II)","'99.29309082"
"'21","'LINE","'carbonate","'99.85112762"
"'21","'LINE","'Bunsen burner","'99.98535156"
"'21","'LINE","'Figure 1.3 Decomposition of copper (II) carbonate.","'99.72095490"
"'21","'LINE","'Questions","'100.00000000"
"'21","'LINE","'1. What was the color of copper (II) carbonate before heating?","'99.75498962"
"'21","'LINE","'2. What was the color during heating and after cooling?","'99.97819519"
"'21","'LINE","'3. What change did you observe in the lime water?","'99.62345123"
"'21","'LINE","'4. Write a balanced chemical equation for the reaction.","'99.74383545"
"'21","'LINE","'C. Single Displacement Reactions","'99.02119446"
"'21","'LINE","'A reaction in which one element displaces another element from its compound is known","'99.30831909"
"'21","'LINE","'as single displacement or replacement reaction. Such a reaction is represented by the","'99.80131531"
"'21","'LINE","'following two general forms.","'99.98759460"
"'21","'LINE","'15","'99.87224579"
"'22","'LINE","'Chemistry Grade 10","'99.93436432"
"'22","'LINE","'A + BC","'81.15660858"
"'22","'LINE","'B + AC","'76.88137817"
"'22","'LINE","'If A is a metal, it will displace B to form AC, provided A is a more active metal than B.","'95.18647766"
"'22","'LINE","'A + BC","'76.31504822"
"'22","'LINE","'BA+C","'57.60869980"
"'22","'LINE","'If A is a non-metal, it will displace C to form BA, provided A is a more active non-","'93.68775177"
"'22","'LINE","'metal than C. In general, a more reactive element displaces a less reactive element","'98.85503387"
"'22","'LINE","'from a compound.","'99.33699799"
"'22","'LINE","'Examples of single-displacement reactions","'99.85336304"
"'22","'LINE","'1. Active metals displace hydrogen from acids","'99.94245911"
"'22","'LINE","'Reactive metals such as potassium, calcium, sodium, and zinc displace hydrogen gas","'99.92061615"
"'22","'LINE","'from dilute acids. For example, zinc is an active metal, and it displaces hydrogen from","'99.96045685"
"'22","'LINE","'hydrochloric acid; but copper metal cannot do so.","'97.23126984"
"'22","'LINE","'Zn + 2HCI","'97.45090485"
"'22","'LINE","'ZnCl₂ + H₂","'69.56373596"
"'22","'LINE","'Cu + HCI","'96.12125397"
"'22","'LINE","'No reaction","'99.88690186"
"'22","'LINE","'2. Reactive metals, such as potassium, calcium, and sodium react vigorously with","'99.91396332"
"'22","'LINE","'water to displace hydrogen:","'99.98271179"
"'22","'LINE","'2Na + 2H2O","'91.80909729"
"'22","'LINE","'2NaOH + H2","'92.53089142"
"'22","'LINE","'Ca + 2H2O","'90.66871643"
"'22","'LINE","'Ca(OH)₂ + H2","'81.58096313"
"'22","'LINE","'3. A more active metal displaces a less active metal","'98.31977844"
"'22","'LINE","'Zinc displaces copper from copper (II) sulphate solutions","'99.76460266"
"'22","'LINE","'Zn + CuSO4","'84.17244720"
"'22","'LINE","'ZnSO₄ + Cu","'91.43096161"
"'22","'LINE","'Iron displaces copper from copper (II) sulphate solutions","'99.78086853"
"'22","'LINE","'Fe + CuSO4","'87.03290558"
"'22","'LINE","'FeSO₄ + Cu","'89.38815308"
"'22","'LINE","'after","'100.00000000"
"'22","'LINE","'sometime","'99.99023438"
"'22","'LINE","'Cu deposits on","'99.64179230"
"'22","'LINE","'Iron nail","'99.91131592"
"'22","'LINE","'the iron nail","'99.97070313"
"'22","'LINE","'CuSO₄ solution","'79.09986877"
"'22","'LINE","'FeSO₄ solution","'88.69648743"
"'22","'LINE","'Figure 1.4 Replacement of copper by iron metal from copper sulphate solution.","'99.90101624"
"'22","'LINE","'16","'99.84295654"
"'23","'LINE","'Chemical Reactions and Stoichiometry","'99.86048889"
"'23","'LINE","'Experiment 1.3","'99.77947235"
"'23","'LINE","'Investigation of Single Displacement Reaction","'99.99804688"
"'23","'LINE","'Objective: To investigate the displacement reaction between iron and copper (II)","'98.72729492"
"'23","'LINE","'Sulphate (CuSO₄)","'81.53559875"
"'23","'LINE","'Apparatus: Iron rod and beaker","'99.95639038"
"'23","'LINE","'Chemicals: CuSO4","'76.91047668"
"'23","'LINE","'Procedure:","'100.00000000"
"'23","'LINE","'1. Clean a piece of iron rod or iron knife with emery paper to remove any rust.","'99.83719635"
"'23","'LINE","'2. Take saturated CuSO4 solution in a beaker.","'94.26596069"
"'23","'LINE","'3. Dip the iron rod into the CuSO₄ solution as shown in Figure 1.5 and wait for a","'97.79611206"
"'23","'LINE","'few minutes. What did you observe on the iron rod?","'99.67037964"
"'23","'LINE","'4. Allow the reactants to stand for one day and observe any change on the iron","'99.98525238"
"'23","'LINE","'rod.","'100.00000000"
"'23","'LINE","'Iron rod","'99.83687592"
"'23","'LINE","'Questions","'100.00000000"
"'23","'LINE","'1. What did you observe","'99.31568909"
"'23","'LINE","'on the iron rod after one","'99.98046875"
"'23","'LINE","'day?","'99.89257813"
"'23","'LINE","'2. Write a balanced","'99.49786377"
"'23","'LINE","'Beaker","'100.00000000"
"'23","'LINE","'chemical equation for the","'99.98759460"
"'23","'LINE","'reaction.","'100.00000000"
"'23","'LINE","'3. Write the conclusion for","'99.95037079"
"'23","'LINE","'CuSO₄ Solution","'76.61043549"
"'23","'LINE","'the experiment.","'99.94020844"
"'23","'LINE","'Figure 1.5 Reaction between iron and copper (II)","'99.64836121"
"'23","'LINE","'sulphate.","'99.96014404"
"'23","'LINE","'Exercise 1.3","'99.84863281"
"'23","'LINE","'Complete the following single displacement reactions:","'99.89709473"
"'23","'LINE","'4. CI2 + KI","'86.00546265"
"'23","'LINE","'1. Zn + H2SO4","'85.18838501"
"'23","'LINE","'5. F2 + CaCl₂","'86.35189056"
"'23","'LINE","'2. Zn + Cu(NO₃)₂","'92.00421906"
"'23","'LINE","'3. Cu + AgNO₃","'86.13946533"
"'23","'LINE","'17","'99.61834717"
"'24","'LINE","'Chemistry Grade 10","'99.96717834"
"'24","'LINE","'D. Double Displacement Reactions","'99.95789337"
"'24","'LINE","'A double displacement reaction is a reaction in which two compounds react together","'99.00925446"
"'24","'LINE","'to form two new compounds by exchange of the positive and negative ions of each","'99.97282410"
"'24","'LINE","'reactant. Such a reaction is also known as double replacement reaction or metathesis.","'99.84574127"
"'24","'LINE","'This type of reaction can be written in the following general form of equation:","'99.97734070"
"'24","'LINE","'AB + CD","'98.93674469"
"'24","'LINE","'AD + CB","'88.47968292"
"'24","'LINE","'Experiment 1.4","'99.76483154"
"'24","'LINE","'Investigation of Double Displacement Reaction","'99.98812103"
"'24","'LINE","'Objective: To observe the displacement reaction between Na₂SO₄ and Ba(NO₃)₂:","'88.20858765"
"'24","'LINE","'Apparatus: Beaker, stirrer, filter paper, filter funnel.","'99.94875336"
"'24","'LINE","'Chemicals: Na₂SO₄, Ba(NO₃)₂ and water.","'89.46775055"
"'24","'LINE","'Procedure:","'99.96014404"
"'24","'LINE","'1. Take solution of Ba(NO₃)₂ into a beaker and add drop-wise Na2SO₄ solution","'94.37400055"
"'24","'LINE","'as shown in Figure 1.6. Then stir it continuously.","'99.86268616"
"'24","'LINE","'2. Filter the precipitate using a filter paper and funnel. Collect the filtrate or the","'99.79109955"
"'24","'LINE","'solution in a clean beaker.","'99.57405853"
"'24","'LINE","'Questions","'99.99023438"
"'24","'LINE","'1. Write the names of the compounds that are formed as a precipitate and as","'99.87600708"
"'24","'LINE","'solution at the end of the reaction.","'99.98872375"
"'24","'LINE","'2. What was the colour of the precipitate.","'99.98769379"
"'24","'LINE","'3. Write the balanced chemical equation for the reaction.","'99.96908569"
"'24","'LINE","'Na2SO₄ solution","'73.47925568"
"'24","'LINE","'Stirrer","'99.99023438"
"'24","'LINE","'Ba(NO₃)₂ solution","'95.43526459"
"'24","'LINE","'Figure 1.6 Double displacement reaction between Na2SO₄ and Ba(NO₃)₂","'92.01723480"
"'24","'LINE","'18","'99.32457733"
"'25","'LINE","'Chemical Reactions and Stoichiometry","'99.87045288"
"'25","'LINE","'Example 1.6:","'99.87184906"
"'25","'LINE","'The two soluble compounds AgNO₃ and NaCl react to produce an in soluble","'96.61934662"
"'25","'LINE","'precipitate of AgCl and a soluble NaNO₃ solution.","'95.10378265"
"'25","'LINE","'AgNO3","'64.87005615"
"'25","'LINE","'+","'98.42694092"
"'25","'LINE","'NaCl","'85.48928070"
"'25","'LINE","'AgCl","'84.80687714"
"'25","'LINE","'+","'98.60271454"
"'25","'LINE","'NaNO₃","'70.54766846"
"'25","'LINE","'Soluble","'99.95037079"
"'25","'LINE","'Soluble","'99.93083954"
"'25","'LINE","'Insoluble","'99.96014404"
"'25","'LINE","'Soluble","'99.95037079"
"'25","'LINE","'When aqueous solutions of BaCl₂ and Na₂SO₄ react, a precipitate of BaSO₄ is","'94.83079529"
"'25","'LINE","'formed.","'99.99023438"
"'25","'LINE","'BaCl₂","'76.58322144"
"'25","'LINE","'+","'97.69451904"
"'25","'LINE","'Na2SO₄","'48.92358780"
"'25","'LINE","'BaSO₄","'67.48405457"
"'25","'LINE","'+","'99.05113983"
"'25","'LINE","'2NaCl","'85.10921478"
"'25","'LINE","'Soluble","'99.92107391"
"'25","'LINE","'Soluble","'99.93083954"
"'25","'LINE","'Insoluble","'99.95037079"
"'25","'LINE","'Soluble","'99.95037079"
"'25","'LINE","'When dilute hydrochloric acid is added to sodium carbonate double displacement","'99.97307587"
"'25","'LINE","'reaction takes place. In this reaction carbondioxide gas is produced.","'99.98234558"
"'25","'LINE","'Na2CO3 + 2HCI","'84.69514465"
"'25","'LINE","'2NaCl + H2O + CO2","'89.27355957"
"'25","'LINE","'Exercise 1.4","'99.89706421"
"'25","'LINE","'Give the correct answers for the following questions.","'99.98515320"
"'25","'LINE","'1. What type of reaction does usually take place in each of the following","'99.95996094"
"'25","'LINE","'reactions?","'99.65182495"
"'25","'LINE","'a. An active metal reacting with water","'99.67459869"
"'25","'LINE","'b. A metal reacting with a non-metal","'96.98202515"
"'25","'LINE","'C. An acid reacting with a metal hydroxide","'97.32765198"
"'25","'LINE","'d. Heating of a metal hydrogen carbonate","'99.67622375"
"'25","'LINE","'2. Classify the following reactions as combination, decomposition, single or","'99.92466736"
"'25","'LINE","'double displacement reactions.","'99.88042450"
"'25","'LINE","'a. FeO + C","'90.29695129"
"'25","'LINE","'Fe + CO","'84.41465759"
"'25","'LINE","'b. 2NH3 + H2SO4","'79.57983398"
"'25","'LINE","'(NH₄)₂SO₄","'74.73014832"
"'25","'LINE","'C. CaCO₃ + 2HCI CaCl₂ + CO2 + H2O","'82.32285309"
"'25","'LINE","'d.","'99.92187500"
"'25","'LINE","'2Cu(NO₃)₂","'81.50809479"
"'25","'LINE","'2CuO + 4NO₂ + O2","'81.67653656"
"'25","'LINE","'e. 2Na₃PO₄ + 3Ca(OH)₂ Ca₃(PO₄)₂ + 6NaOH","'86.25437164"
"'25","'LINE","'f.","'99.68750000"
"'25","'LINE","'CuSO₄.5H₂O","'37.90716553"
"'25","'LINE","'CuSO₄ + 5H2O","'76.03250122"
"'25","'LINE","'19","'99.80388641"
"'26","'LINE","'Chemistry Grade 10","'99.92459869"
"'26","'LINE","'1.4 Oxidation and Reduction Reactions","'99.94271851"
"'26","'LINE","'Form a group and discuss the following phenomenon","'99.75524139"
"'26","'LINE","'and present your conclusion to the class.","'99.95316315"
"'26","'LINE","'When you dry your meal dishes with a towel, the towel","'99.59747314"
"'26","'LINE","'can be termed as a drying agent and the dish as","'99.80311584"
"'26","'LINE","'wetting agent. Assume that the meal dishes were wet","'99.99783325"
"'26","'LINE","'?","'93.70117188"
"'26","'LINE","'with water, which one would gain water, the towel or","'99.98046875"
"'26","'LINE","'the wetting agent and which one would lose the water,","'99.98616791"
"'26","'LINE","'the wetting agent or the towel, after cleaning? Relate","'99.95489502"
"'26","'LINE","'this idea with oxidizing agent and reducing agent,","'99.97264862"
"'26","'LINE","'oxidation and reduction of substances.","'99.95819092"
"'26","'LINE","'Activity 1.3","'99.49138641"
"'26","'LINE","'At the end of this section, students will be able to","'99.97307587"
"'26","'LINE","'define redox reactions;","'99.99349213"
"'26","'LINE","'define the terms oxidation and reduction in terms of electron transfer;","'99.97116089"
"'26","'LINE","'define oxidation number (oxidation state);","'99.81517029"
"'26","'LINE","'state oxidation number rules.;","'99.93797302"
"'26","'LINE","'determine the oxidation number of an element in a given formula.","'99.83751678"
"'26","'LINE","'In our day to day activity, we are familiar with the chemical processes like rusting of","'99.95926666"
"'26","'LINE","'iron, burning of substances, respiration, digestion of food and so on. All such types","'98.41943359"
"'26","'LINE","'of processes or reactions are known as oxidation and reduction or redox reactions.","'99.94040680"
"'26","'LINE","'Additionally, most metallic and nonmetallic elements are obtained from their ores by","'99.92794037"
"'26","'LINE","'the process of oxidation or reduction. What are oxidation and reduction reactions?","'99.93132019"
"'26","'LINE","'Oxidation-Reduction","'99.53463745"
"'26","'LINE","'An oxidation is defined as the loss of one or more electrons by an atom, and a reduction","'99.75919342"
"'26","'LINE","'is the gain of one or more electrons. Oxidation and reduction occur simultaneously.","'99.92840576"
"'26","'LINE","'Thus, an oxidation reduction reaction, or redox reaction, is one in which electrons are","'99.95983887"
"'26","'LINE","'transferred from one atom to another.","'99.96040344"
"'26","'LINE","'For example, when metallic zinc is added to a solution containing copper(II) sulphate","'99.80824280"
"'26","'LINE","'(CuSO₄), zinc reduces Cu²⁺ by donating two electrons to it. Therefore, Zn is oxidized","'96.34433746"
"'26","'LINE","'and copper is reduced and oxidation - reduction or redox reaction takes place as","'99.37422943"
"'26","'LINE","'shown in the following chemical equation:","'99.96691895"
"'26","'LINE","'Zn + CuSO₄","'79.70642853"
"'26","'LINE","'ZnSO₄ + Cu","'89.54573059"
"'26","'LINE","'Zn + Cu2+","'76.15187836"
"'26","'LINE","'Zn²⁺ + Cu","'85.34615326"
"'26","'LINE","'Oxidation and reduction reactions can also be defined in terms of oxidation number.","'99.97102356"
"'26","'LINE","'20","'99.77379608"
"'27","'LINE","'Chemical Reactions and Stoichiometry","'99.85581207"
"'27","'LINE","'Oxidation is an increase in the oxidation number of an element and reduction is a","'99.87584686"
"'27","'LINE","'decrease in the oxidation number. For example,","'99.96176147"
"'27","'LINE","'Cu° + 2Ag⁺ Cu2⁺ + 2Ag°","'61.69003296"
"'27","'LINE","'The oxidation number of copper is increased from 0 to +2 and thus copper is oxidized.","'98.45688629"
"'27","'LINE","'The oxidation number of silver is decreased from +1 to O, and therefore silver is reduced.","'96.08171844"
"'27","'LINE","'1.4.1 Oxidation Number or Oxidation State","'99.88690186"
"'27","'LINE","'At the end of this section, students will be able to","'99.96042633"
"'27","'LINE","'define oxidation number (oxidation state);","'99.82916260"
"'27","'LINE","'state oxidation number rules.;","'99.93045044"
"'27","'LINE","'determine the oxidation number of an element in a given formula.","'99.75054932"
"'27","'LINE","'Oxidation number or oxidation state is the number of electrons that an atom appears","'99.97832489"
"'27","'LINE","'to have gained or lost when it is combined with other atoms. Oxidation number could","'99.98111725"
"'27","'LINE","'be integers including zero and fractional numbers.","'99.92330170"
"'27","'LINE","'Rules for Assigning Oxidation Numbers","'99.99023438"
"'27","'LINE","'Rule 1: The oxidation state of an uncombined element is zero. This applies for poly","'99.78377533"
"'27","'LINE","'atomic molecules, S₈, P₄ and large structures of carbon or silicon each have an","'94.02957916"
"'27","'LINE","'oxidation state of zero.","'99.95301056"
"'27","'LINE","'Example 1.7: The oxidation number of Be = O, Cu = O, Br in Br₂ = O, o in","'87.96392822"
"'27","'LINE","'O3 = O, S in S₈ = O. P in P4 = O, O in O2 = o","'73.62693787"
"'27","'LINE","'Rule 2: The oxidation number of a monatomic ion is equal to the charge on the","'99.73538971"
"'27","'LINE","'ion.","'99.93164063"
"'27","'LINE","'Example 1.8: Na+ = +1, Mg²⁺ = +2, S²⁻ = -2.","'87.88342285"
"'27","'LINE","'Rule 3: The oxidation number of oxygen in a compound is usually -2 except in","'99.07129669"
"'27","'LINE","'the following cases:","'99.98697662"
"'27","'LINE","'Exceptions","'100.00000000"
"'27","'LINE","'The oxidation number of oxygen in:","'99.97531891"
"'27","'LINE","'A. peroxides is -1.","'87.21614838"
"'27","'LINE","'Example: Na₂O₂","'80.56600952"
"'27","'LINE","'B. superoxides is -1/2.","'88.76624298"
"'27","'LINE","'Example: KO₂","'76.23525238"
"'27","'LINE","'C. oxygen diflouride is +2 Example: OF2","'89.93856049"
"'27","'LINE","'Rule 4: The oxidation number of hydrogen in its entire compounds is +1 except","'99.45249939"
"'27","'LINE","'in metal hydrides, (like NaH, CaH₂ and AIH₃), where its oxidation number is -1.","'94.48194122"
"'27","'LINE","'Rule 5: The sum of the oxidation number of all the atoms in a neutral compound","'99.79742432"
"'27","'LINE","'is zero.","'99.90154266"
"'27","'LINE","'21","'99.67693329"
"'28","'LINE","'Chemistry Grade 10","'99.94764709"
"'28","'LINE","'Example 1.9:","'99.65581512"
"'28","'LINE","'+1 +6-2","'55.96829224"
"'28","'LINE","'H2SO4, (+2) + (+6) + (-8) = 0","'38.99134827"
"'28","'LINE","'Rule 6: In a polyatomic ion, the sum of the oxidation numbers of the constituent","'99.72421265"
"'28","'LINE","'atoms equals the charge on the ion.","'99.98325348"
"'28","'LINE","'Example 1.10:","'98.25115967"
"'28","'LINE","'-2","'80.95902252"
"'28","'LINE","'(SO₄)⁻², (+6)+ (-8) = -2","'31.99587440"
"'28","'LINE","'Rule 7: Elements of group IA have +1 and group IIA have +2 oxidation states in","'99.39053345"
"'28","'LINE","'all of their compounds","'99.99267578"
"'28","'LINE","'Rule 8: In a compound, the more electronegative element is assigned a negative","'99.61621094"
"'28","'LINE","'oxidation number, and the less electronegative element is assigned a positive","'99.83560181"
"'28","'LINE","'oxidation number.","'99.97518921"
"'28","'LINE","'Example 1.11: Assign oxidation number to all elements in","'99.57511902"
"'28","'LINE","'i. HNO3","'80.57637024"
"'28","'LINE","'ii. Cr2O₇²⁻","'64.65292358"
"'28","'LINE","'iii. MnO₄⁻","'74.80648041"
"'28","'LINE","'iv. Ca(H₂PO₄)₂.","'87.85823822"
"'28","'LINE","'i. HNO₃: According to rule 4 oxidation number of H = + 1. Thus the other group","'94.58506775"
"'28","'LINE","'(the nitrate ion) must have a net oxidation number of -1. Oxygen has an","'99.32678223"
"'28","'LINE","'oxidation number of -2, and if we use X to represent the oxidation number","'99.28988647"
"'28","'LINE","'of nitrogen, then the nitrate ion can be written as","'99.94589233"
"'28","'LINE","'[N(x)O₃(²⁻)]⁻ or","'62.22447205"
"'28","'LINE","'ii. Cr₂O₇²⁻: From rule 6 we see that the sum of the oxidation numbers in the","'95.16803741"
"'28","'LINE","'dichromate ion Cr2O₇²⁻ must be -2. We know that the oxidation number of o","'91.11104584"
"'28","'LINE","'is -2, so what remains is to determine the oxidation number of Cr, which we","'96.66250610"
"'28","'LINE","'call y. The dichromate ion can be written as","'97.69976044"
"'28","'LINE","'2y + 7 X-2=-2 y=+6","'14.66206932"
"'28","'LINE","'iii. MnO₄⁻: Let the oxidation number of Mn be X. MnXO₄²⁻. The sum of the","'89.23139954"
"'28","'LINE","'oxidation numbers of Mn and o in MnO⁻₄ is - 1 (Rule 6)","'91.55516052"
"'28","'LINE","'x + (-2 x 4) = - 1, 8 = X = +7","'75.90216064"
"'28","'LINE","'Therefore, the oxidation number of Mn in MnO₄⁻ is +7.","'96.06638336"
"'28","'LINE","'iv. Ca(H₂PO₄)₂: The oxidation number of Ca is +2. Let, the oxidation number of","'95.82292938"
"'28","'LINE","'P be X.","'88.71253204"
"'28","'LINE","'22","'99.93164063"
"'29","'LINE","'Chemical Reactions and Stoichiometry","'99.86557007"
"'29","'LINE","'+2 +1 X -2","'90.51074982"
"'29","'LINE","'Ca(H2PO₄)₂","'55.01773834"
"'29","'LINE","'+ (4 X (+1)) + (2 X + (8 X (-2)) = 0","'88.41967773"
"'29","'LINE","'2+4 + 2x - 16 =0","'21.94724464"
"'29","'LINE","'2x 10 = 0 or X = +5","'83.19281006"
"'29","'LINE","'Hence, the oxidation number of P in Ca(H2PO₄)₂ is +5.","'93.73078918"
"'29","'LINE","'Exercise 1.5","'99.78475952"
"'29","'LINE","'1. Find the oxidation numbers to the underlined species for the following","'99.94399261"
"'29","'LINE","'compounds or ions.","'99.91157532"
"'29","'LINE","'a. K₄[Fe(CN)₆]","'88.52578735"
"'29","'LINE","'d. Na2S406","'65.54637909"
"'29","'LINE","'g. H2SO4","'80.16621399"
"'29","'LINE","'b. K₂Cr₂O₇","'74.12727356"
"'29","'LINE","'e. S2O8⁻²","'64.46627808"
"'29","'LINE","'h. HAuCI","'81.29962921"
"'29","'LINE","'C. H2PtCl₆","'58.87486267"
"'29","'LINE","'f.","'99.57031250"
"'29","'LINE","'i. Fe2(SO₄)₃","'72.96296692"
"'29","'LINE","'2. Determine whether the following processes are oxidation or reduction reactions","'99.93408966"
"'29","'LINE","'a. Cu²⁺+ 2e⁻","'76.30397797"
"'29","'LINE","'Cu","'98.79922485"
"'29","'LINE","'d. S²⁻ S+2e⁻","'71.99028778"
"'29","'LINE","'b.","'99.91210938"
"'29","'LINE","'K","'80.25131989"
"'29","'LINE","'K⁺ + e⁻","'30.60925674"
"'29","'LINE","'e. Fe²⁺ Fe³⁺ + e-","'75.73003387"
"'29","'LINE","'C. O + 2e⁻","'52.97496796"
"'29","'LINE","'O²⁻","'68.36396027"
"'29","'LINE","'f. N + 3e⁻","'83.20477295"
"'29","'LINE","'N³⁻","'76.51287079"
"'29","'LINE","'1.4.2 Oxidizing and Reducing Agents","'99.90090942"
"'29","'LINE","'At the end of this section, students will be able to","'99.98565674"
"'29","'LINE","'define the terms reducing and oxidizing agent;","'99.98581696"
"'29","'LINE","'identify reducing and oxidizing agents from a given redox reaction;","'99.83982086"
"'29","'LINE","'compare and contrast oxidizing and reducing agents.","'99.98581696"
"'29","'LINE","'Whenever one substance loses an electron (is oxidized), another substance must","'99.96117401"
"'29","'LINE","'gain that electron (be reduced). The substance that gives up an electron and causes","'99.89402008"
"'29","'LINE","'reduction is called a reducing agent. The substance that gains an electron and causes","'99.90708160"
"'29","'LINE","'the oxidation is called an oxidizing agent. The following comparison shows the","'99.96942139"
"'29","'LINE","'characteristics of reducing and oxidizing agents.","'99.95349884"
"'29","'LINE","'Reducing agent","'99.98007202"
"'29","'LINE","'Oxidizing agent","'99.97518921"
"'29","'LINE","'1. Loses one or more electrons","'99.94439697"
"'29","'LINE","'1. Gains one or more electrons","'99.91280365"
"'29","'LINE","'2. Causes reduction","'99.99023438"
"'29","'LINE","'2. Causes oxidation","'99.96040344"
"'29","'LINE","'3. Undergoes oxidation","'99.89723206"
"'29","'LINE","'3. Undergoes reduction","'99.90400696"
"'29","'LINE","'4. Becomes more positive","'99.96806335"
"'29","'LINE","'4. Becomes more negative","'99.96542358"
"'29","'LINE","'Tests for an oxidizing agent are accomplished by mixing it with a substance that is","'99.70156097"
"'29","'LINE","'easily oxidized to give a visible color change when the reaction takes place.","'99.83091736"
"'29","'LINE","'23","'99.76562500"
"'30","'LINE","'Chemistry Grade 10","'99.93110657"
"'30","'LINE","'Example 1.12:","'99.06090546"
"'30","'LINE","'I. Permanganate ion (MnO₄⁻) in acidic solution changes color from purple to","'97.54452515"
"'30","'LINE","'colorless","'100.00000000"
"'30","'LINE","'MnO₄⁻","'51.17167664"
"'30","'LINE","'Mn²⁺","'55.27044678"
"'30","'LINE","'MnO₄⁻ (purple)","'68.01808167"
"'30","'LINE","'Mn²⁺ (colorless)","'86.15458679"
"'30","'LINE","'2MnO₄ +16H+ + 10e-","'80.03535461"
"'30","'LINE","'2Mn²⁺ + 8H2O","'85.34465790"
"'30","'LINE","'Figures 1.7 The reduction of Mn⁷⁺ to Mn²⁺ in acidic media.","'95.32077789"
"'30","'LINE","'II. Dichromate in acidic solution changes color from orange to green","'99.86717987"
"'30","'LINE","'Cr2O₇2-","'17.29312897"
"'30","'LINE","'Cr³⁺","'57.25027847"
"'30","'LINE","'Cr2O₇²⁻ (orange)","'60.13791656"
"'30","'LINE","'Cr³⁺(Green)","'80.12017822"
"'30","'LINE","'Cr2O₇²⁻ + 14H+ + 6e-","'74.48172760"
"'30","'LINE","'2Cr³⁺ + 7H2O","'76.10570526"
"'30","'LINE","'Figures 1.8 The reduction of Cr6+ to Cr³⁺ in acidic media.","'95.02942657"
"'30","'LINE","'Other common oxidizing agents are chlorine, potassium chromate, sodium chlorate","'99.95330811"
"'30","'LINE","'and manganese (IV) oxide. Similarly, certain reducing agents undergo a visible colour","'99.61440277"
"'30","'LINE","'change with a substance which is easily reduced.","'99.70795441"
"'30","'LINE","'I. A moist starch solution changes potassium iodide paper to blue-black to show that","'98.00600433"
"'30","'LINE","'iodine is formed, 21-","'92.16851807"
"'30","'LINE","'12. That is potassium iodide is a reducing agent.","'94.32714844"
"'30","'LINE","'II. Hydrogen sulphide bubbled through a solution of an oxidizing agent forms a","'99.65162659"
"'30","'LINE","'yellow precipitate, S²⁻","'96.35855103"
"'30","'LINE","'S. Thus, H2S is a reducing agent.","'94.49990082"
"'30","'LINE","'Other common reducing agents are carbon, carbon monoxide, sodium thiosulphate,","'99.91246796"
"'30","'LINE","'sodium sulphite and iron (II) salts. The oxidizing or reducing ability of substances","'99.84068298"
"'30","'LINE","'depend on many factors. Some of these are:","'99.98036957"
"'30","'LINE","'Electronegativity: Elements with high electronegativity such as F2, O₂, N2 and Cl₂","'88.26963806"
"'30","'LINE","'are good oxidizing agents. Elements with low electronegativity for example, metallic","'99.91954041"
"'30","'LINE","'24","'99.95117188"
"'31","'LINE","'Chemical Reactions and Stoichiometry","'99.86312866"
"'31","'LINE","'elements like Na, K, Mg and Al are good reducing agents.","'97.72583771"
"'31","'LINE","'Oxidation states: In a compound or ion, if one of its elements is in its higher oxidation","'99.87528229"
"'31","'LINE","'state, then it is an oxidizing agent. Similarly, if an element of a compound or ion is in","'99.79828644"
"'31","'LINE","'its lower oxidation state, then it is a reducing agent.","'99.77262115"
"'31","'LINE","'Example 1.13: Oxidizing agents","'99.45740509"
"'31","'LINE","'Reducing agents Fe⁺²S, C+2O, Na2S⁺⁴O₃","'79.57337952"
"'31","'LINE","'1.4.3 Analyzing Redox Reactions","'99.92391968"
"'31","'LINE","'At the end of this section, students will be able to explain why every reduction reaction","'99.96730042"
"'31","'LINE","'is accompained by oxidation reaction.","'99.95249176"
"'31","'LINE","'Oxidation and reduction or redox reactions occur simultaneously in a given reaction.","'99.81702423"
"'31","'LINE","'Form a group and discuss the following and present","'99.88085938"
"'31","'LINE","'your conclusion to the class.","'99.97428894"
"'31","'LINE","'1. How can you identify an oxidizing agent and","'99.71762085"
"'31","'LINE","'?","'90.53710938"
"'31","'LINE","'reducing agent in a reaction?","'99.62659454"
"'31","'LINE","'2. Why a reducing agent undergoes oxidation and","'99.78635406"
"'31","'LINE","'an oxidizing agent undergoes reduction?","'99.94061279"
"'31","'LINE","'3. Why must every redox reaction involve both an","'99.97377777"
"'31","'LINE","'Activity 1.4","'99.35427094"
"'31","'LINE","'oxidizing agent and a reducing agent?","'99.74157715"
"'31","'LINE","'Example 1.14: Identify the reducing and oxidizing agents in the following","'99.91611481"
"'31","'LINE","'balanced redox reactions:","'99.98345947"
"'31","'LINE","'2Fe + 302","'79.35613251"
"'31","'LINE","'Fe2O3","'59.83657074"
"'31","'LINE","'Assign oxidation states of the reactants and products, then identify the species","'99.97763062"
"'31","'LINE","'oxidized and reduced.","'99.98671722"
"'31","'LINE","'2Fe + 30₂ 2Fe2O3 +3 -2","'66.59899902"
"'31","'LINE","'Fe is oxidized from 0 to +3","'95.21797180"
"'31","'LINE","'o is reduced from o to -2","'83.19894409"
"'31","'LINE","'Therefore, Fe is reducing agent and O2 is oxidizing agent.","'97.27803802"
"'31","'LINE","'Mg + 2HCI","'94.95223999"
"'31","'LINE","'MgCl₂ + H₂","'60.71329117"
"'31","'LINE","'Mg°","'56.18164063"
"'31","'LINE","'+","'92.10778046"
"'31","'LINE","'2H+1CI-1","'19.45302582"
"'31","'LINE","'Mg⁺²Cl₂⁻⁻ + H₂⁰","'15.94816303"
"'31","'LINE","'Mg is oxidized from 0 to +2, therefore Mg is reducing agent.","'95.82112122"
"'31","'LINE","'H is reduced from +1 to 0, therefore HCI is the oxidizing agent.","'95.17829895"
"'31","'LINE","'25","'99.85351563"
"'32","'LINE","'Chemistry Grade 10","'99.93761444"
"'32","'LINE","'Exercise 1.6","'99.71151733"
"'32","'LINE","'1. Where do the most easily reduced and oxidized elements found in the","'99.94998932"
"'32","'LINE","'periodic table of the elements?","'99.97023010"
"'32","'LINE","'2. For the following substances, tell whether the oxidation number increases or","'99.94630432"
"'32","'LINE","'decreases in a redox reaction:","'99.71803284"
"'32","'LINE","'a. An oxidizing agent","'99.49522400"
"'32","'LINE","'b. A reducing agent","'96.34835052"
"'32","'LINE","'C. A substance undergoing oxidation","'90.62173462"
"'32","'LINE","'d. A substance undergoing reduction","'96.45898438"
"'32","'LINE","'3. In the following reactions, label the oxidizing agent and the reducing agent.","'99.95800781"
"'32","'LINE","'a. ZnO+C","'79.91310120"
"'32","'LINE","'Zn + CO","'83.65839386"
"'32","'LINE","'b. 8Fe + S₈","'93.77117920"
"'32","'LINE","'8FeS","'99.40350342"
"'32","'LINE","'C. Fe2O3 + 3CO","'68.21298981"
"'32","'LINE","'2Fe + 3CO₂","'78.60119629"
"'32","'LINE","'d. PbS + 4H2O2","'82.31026459"
"'32","'LINE","'PbSO₄ + 4H2O","'78.22949982"
"'32","'LINE","'1.4.4 Balancing Redox Reactions: Oxidation-Number-Change Method","'98.75527954"
"'32","'LINE","'At the end of this section, students will be able to balance redox reactions using","'99.98812103"
"'32","'LINE","'oxidation change method.","'99.94685364"
"'32","'LINE","'One way to balance redox reactions is by keeping track electron transfer, by using","'99.98593140"
"'32","'LINE","'the oxidation numbers of each of the atoms. It is based on the difference in oxidation","'99.93247223"
"'32","'LINE","'number of oxidizing agent and the reducing agent.","'99.97895050"
"'32","'LINE","'For the oxidation-number-change method, start with the unbalanced equation. The","'99.93083954"
"'32","'LINE","'example below is for the reaction of iron (III) oxide with carbon monoxide.","'99.89518738"
"'32","'LINE","'Fe₂O₃+CO","'37.48664474"
"'32","'LINE","'Fe + CO2","'85.97042084"
"'32","'LINE","'Step 1: Assign oxidation numbers to each of the atoms in the equation and write the","'99.74732208"
"'32","'LINE","'numbers above the atom.","'99.99511719"
"'32","'LINE","'+3 -2","'89.64534760"
"'32","'LINE","'+2 -2","'50.50452423"
"'32","'LINE","'0","'91.81819916"
"'32","'LINE","'+4 -2","'87.24868011"
"'32","'LINE","'Fe2O3 + CO","'60.21693420"
"'32","'LINE","'Fe + CO2","'37.52610779"
"'32","'LINE","'Step 2: Identify the atoms that are oxidized and those that are reduced. In the above","'99.95184326"
"'32","'LINE","'equation, the C atom is being oxidized from +2 to +4. The Fe atom is being reduced","'96.42968750"
"'32","'LINE","'from +3 to O.","'90.67295074"
"'32","'LINE","'Step 3: Use a line to connect the atoms that are undergoing a change in oxidation","'99.70088196"
"'32","'LINE","'number. On the line, write the oxidation-number change.","'99.95047760"
"'32","'LINE","'26","'99.89257813"
"'33","'LINE","'Chemical Reactions and Stoichiometry","'99.86312866"
"'33","'LINE","'- 3","'90.40662384"
"'33","'LINE","'+3 -2","'94.26937103"
"'33","'LINE","'+2 -2","'52.58300781"
"'33","'LINE","'0","'95.25091553"
"'33","'LINE","'+4 -2","'86.87838745"
"'33","'LINE","'Fe2O3 + CO","'66.82583618"
"'33","'LINE","'Fe + CO2","'89.60841370"
"'33","'LINE","'+2","'96.56169891"
"'33","'LINE","'Step 4: Use coefficients to make the total increase in oxidation number equal to the","'99.93990326"
"'33","'LINE","'total decrease in oxidation number. In this case, the least common multiple of 2 and 3","'99.95204163"
"'33","'LINE","'is 6. So the oxidation-number increase should be multiplied by 3, while the oxidation-","'99.86621094"
"'33","'LINE","'number decrease should be multiplied by 2. The coefficient is also applied to the","'99.95687866"
"'33","'LINE","'formulas in the equation. So 3 is placed in front of the CO and in front of the CO₂.","'95.32559967"
"'33","'LINE","'2 is placed in front of the Fe on the right side of the equation. The Fe2O₃ does not","'96.50407410"
"'33","'LINE","'require a coefficient because the subscript of 2 after the Fe indicates that there are","'99.67710114"
"'33","'LINE","'already two iron atoms.","'99.99023438"
"'33","'LINE","'- - 3*2=6","'77.03538513"
"'33","'LINE","'+3 -2","'94.07405853"
"'33","'LINE","'+2 -2","'54.82192612"
"'33","'LINE","'0","'83.54651642"
"'33","'LINE","'+4-2","'64.11392212"
"'33","'LINE","'Fe2O3","'47.27180481"
"'33","'LINE","'+","'96.29723358"
"'33","'LINE","'CO","'54.68849564"
"'33","'LINE","'Fe + CO2","'88.57063293"
"'33","'LINE","'+2*3=6","'95.74677277"
"'33","'LINE","'Step 5: Check whether each element is balanced. Occasionally, a coefficient may","'99.41557312"
"'33","'LINE","'need to be placed in front of a molecular formula that was not involved in the redox","'99.76839447"
"'33","'LINE","'process. In the current example, the equation is now balanced.","'99.96549988"
"'33","'LINE","'Fe2O3 + 3CO","'70.29442596"
"'33","'LINE","'2Fe","'99.52069092"
"'33","'LINE","'+","'99.22772217"
"'33","'LINE","'3CO₂","'49.78973770"
"'33","'LINE","'Example 1.15: Balance the chemical equation:","'99.46073151"
"'33","'LINE","'HNO3 + H3AsO3","'80.47486115"
"'33","'LINE","'NO + H3AsO4 + H2O","'88.37356567"
"'33","'LINE","'1.","'99.59721375"
"'33","'LINE","'Identify the oxidation number of each atom.","'99.96327209"
"'33","'LINE","'Reactant side: H= +1; N= +5; o = -2; As= +3","'89.65531921"
"'33","'LINE","'Product side: N= +2; o = -2; H= +1; As= +5","'89.75490570"
"'33","'LINE","'2.","'99.97070313"
"'33","'LINE","'Determine the change in oxidation number for each atom that changes.","'99.97929382"
"'33","'LINE","'N: +5","'97.72909546"
"'33","'LINE","'+2;","'99.63548279"
"'33","'LINE","'Change = -3","'96.70738983"
"'33","'LINE","'As: +3","'98.68413544"
"'33","'LINE","'+5;","'99.46208954"
"'33","'LINE","'Change = +2","'96.34585571"
"'33","'LINE","'3. Make the total increase in oxidation number equal to the total decrease in","'99.97605896"
"'33","'LINE","'oxidation number. We need 2 atoms of N for every 3 atoms of As. This gives","'99.96007538"
"'33","'LINE","'US total changes of -6 and +6.","'99.44031525"
"'33","'LINE","'4.","'99.95117188"
"'33","'LINE","'Place these numbers (2 & 3) as coefficients in front of the formulas containing","'99.43430328"
"'33","'LINE","'those atoms","'99.99511719"
"'33","'LINE","'2HNO3 + 3H3AsO3","'87.29890442"
"'33","'LINE","'2NO + 3H3AsO4 + H2O (balanced)","'93.85818481"
"'33","'LINE","'27","'99.79492188"
"'34","'LINE","'Chemistry Grade 10","'99.96717834"
"'34","'LINE","'Exercise 1.7","'99.45561981"
"'34","'LINE","'Balance the following using oxidation number change method","'99.97264862"
"'34","'LINE","'a. Al + H2SO4","'79.11042786"
"'34","'LINE","'AI₂(SO₄)₃ + H2","'72.85016632"
"'34","'LINE","'b. KCIO₃","'81.31327820"
"'34","'LINE","'KCI + O2","'79.58359528"
"'34","'LINE","'C. MnO2 + Al","'78.63042450"
"'34","'LINE","'Mn + Al2O3","'88.91542053"
"'34","'LINE","'d. Cu + H2SO4","'85.96276093"
"'34","'LINE","'CuSO₄ + SO₂ + H2O","'72.42898560"
"'34","'LINE","'Non-redox Reactions","'99.95117188"
"'34","'LINE","'At the end of this section, students will be able to identify redox and non redox","'99.95672607"
"'34","'LINE","'reactions.","'99.92028046"
"'34","'LINE","'What are non redox reactions? non redox reactions are chemical reactions where the","'99.93402863"
"'34","'LINE","'oxidation states of chemical elements remain unchanged in reactants and products.","'99.97833252"
"'34","'LINE","'Therefore, reactions in which neither oxidation nor reduction takes place or no species","'99.94667816"
"'34","'LINE","'either gains or loses electrons are non-redox reactions. Neutralization and double","'99.95339966"
"'34","'LINE","'displacement reactions are examples of non-redox reactions.","'99.91945648"
"'34","'LINE","'Example 1.16:","'98.31503296"
"'34","'LINE","'Na2SO₄ + CaCl₂","'63.82742691"
"'34","'LINE","'CaSO4 + 2NaCl","'79.97428894"
"'34","'LINE","'CaCO3","'55.77168274"
"'34","'LINE","'CaO+CO2","'58.80082321"
"'34","'LINE","'KOH + HNO3","'86.03787994"
"'34","'LINE","'KNO3 + H2O","'80.32505798"
"'34","'LINE","'1.5 Molecular and Formula Masses, the Mole Concept and","'99.94864655"
"'34","'LINE","'Chemical Formulas","'99.99511719"
"'34","'LINE","'Discuss the following in your group and present your","'99.97460175"
"'34","'LINE","'conclusion to the class.","'99.91051483"
"'34","'LINE","'1. Is it possible to count 'teff' seeds for practical","'99.84793854"
"'34","'LINE","'purposes? If not, why? How do you quantify 'teff'","'99.46672058"
"'34","'LINE","'?","'94.34570313"
"'34","'LINE","'for practical purposes such as in markets?","'99.96047974"
"'34","'LINE","'2. Molecules, atoms or ions are extremely small entities.","'99.90860748"
"'34","'LINE","'How can we express their quantities for practical","'99.93542480"
"'34","'LINE","'purposes such as in the laboratory reactions and in","'99.96374512"
"'34","'LINE","'Activity 1.5","'99.77499390"
"'34","'LINE","'industrial applications?","'99.76084137"
"'34","'LINE","'28","'99.72656250"
"'35","'LINE","'Chemical Reactions and Stoichiometry","'99.86069489"
"'35","'LINE","'At the end of this section, students will be able to","'99.96959686"
"'35","'LINE","'explain and determine molecular mass, formula mass, molar mass, empirical and","'99.92426300"
"'35","'LINE","'molecular formulas;","'99.87065887"
"'35","'LINE","'describe the mole concept and solve problems related to moles of substances.","'99.93200684"
"'35","'LINE","'1.5.1 Molecular mass (MM) and Formula Mass (FM)","'99.43660736"
"'35","'LINE","'At the end of this topic, students will be able to explain and determine molecular","'99.97824860"
"'35","'LINE","'mass, formula mass.","'99.93083954"
"'35","'LINE","'The molecular mass or formula mass of a compound is used to calculate the percentage","'99.78777313"
"'35","'LINE","'of its constituents. For example, the molecular mass of H2O is used to determine the","'97.42821503"
"'35","'LINE","'percentage of hydrogen, and the formula mass of NaCl is used to determine the","'98.67021179"
"'35","'LINE","'percentage of sodium. What is molecular mass or formula mass?","'99.94280243"
"'35","'LINE","'Molecular Mass (MM) is the sum of masses of all the atoms present in a molecule.","'99.54719543"
"'35","'LINE","'Example 1.17:","'98.85094452"
"'35","'LINE","'MM of H2O = 2 X 1 amu (2 hydrogen atoms) + 16 amu (1 oxygen atom) = 18","'96.45436096"
"'35","'LINE","'amu,","'99.91131592"
"'35","'LINE","'MM of CO2 =12 amu carbon atom) +2 X 16 amu (2 oxygen atoms) = 44 amu","'96.07592010"
"'35","'LINE","'lonic compounds are not comprised of discrete molecules, but rather, ions. The","'97.90512085"
"'35","'LINE","'smallest unit of an ionic compound that retains the identity of an ionic compound","'99.90499115"
"'35","'LINE","'is called a formula unit. The mass of a formula unit is called its formula mass.","'99.61302185"
"'35","'LINE","'Fomula Mass ( FM) is the sum of the atomic masses of all atoms present in the","'99.52262878"
"'35","'LINE","'formula unit of the compound, whether it is molecular or ionic. But FM is used","'99.96061707"
"'35","'LINE","'mostly for ionic compounds.","'99.95769501"
"'35","'LINE","'Example 1.18:","'98.83709717"
"'35","'LINE","'FM of NaCl = 23 amu (1Na) + 35.5 amu (CI) = 58.5 amu.","'97.43101501"
"'35","'LINE","'FM of Ca(OH₂)₂ = 40 amu (1Ca) + 2 X [16 amu( (10) + 2 amu (2H)] = 76 amu","'95.63594055"
"'35","'LINE","'1.5.2 The Mole Concept","'99.75282288"
"'35","'LINE","'At the end of this topic, students will be able to","'99.95783997"
"'35","'LINE","'define mole and explain the concept using examples;","'99.99511719"
"'35","'LINE","'define molar mass;","'99.98046875"
"'35","'LINE","'calculate the molar masses of substances.","'99.87892151"
"'35","'LINE","'29","'99.77539063"
"'36","'LINE","'Chemistry Grade 10","'99.90506744"
"'36","'LINE","'It is the concept adopted as a convenient way to deal with the tremendous amount of","'99.80677795"
"'36","'LINE","'molecules or ions. A mole is defined as the amount of a substance that contains the","'99.37615967"
"'36","'LINE","'same number of entities as there are atoms in exactly 12 g of carbon-12. 12 g of","'99.12432098"
"'36","'LINE","'carbon-12 contains 6.022x10²³ atoms. This number is known as Avogadro's number","'97.55661774"
"'36","'LINE","'(NA), in honor of Amedeo Avogadro (1776-1856, who first proposed the concept).","'99.92466736"
"'36","'LINE","'The term mole, like a dozen or a gross, refers to a particular number of things. A","'99.14037323"
"'36","'LINE","'dozen of eggs equals 12 eggs, a gross of pencils equals 144 pencils, and a mole of","'99.75135803"
"'36","'LINE","'any substance equals 6.02x10²³ units of the substance.","'97.10135651"
"'36","'LINE","'Example 1.19: 1 mole of H2O equals 6.02 X 10²³ molecules of H2O","'91.76708221"
"'36","'LINE","'1 mole of NaCl equals 6.02 X 10²³ formula units of NaCl","'93.91616821"
"'36","'LINE","'Molar mass is the molecular mass or formula mass expressed in grams. It is the","'99.90675354"
"'36","'LINE","'mass of 1 mole of a substance.","'99.66312408"
"'36","'LINE","'Molar mass of substance A = mass of one mole of A = 6.02 x10²³ units of","'96.90149689"
"'36","'LINE","'substance A","'93.10257721"
"'36","'LINE","'Example 1.20: molar mass of H2O = 18 g = mass of 1 mole of H2O = 6.02 X","'94.87091064"
"'36","'LINE","'10²³ molecules of H2O","'86.17691040"
"'36","'LINE","'Molar mass of NaCl = 58.5 g = mass of one mole of NaCl =6.02 X 10²³","'96.37660217"
"'36","'LINE","'formula units of NaCl","'96.16410065"
"'36","'LINE","'1.5.3 Chemical Formulas - Empirical and Molecular Formulas","'93.13632202"
"'36","'LINE","'At the end of this topic, students will be able to","'99.95687866"
"'36","'LINE","'define empirical and molecular formulas;","'99.94630432"
"'36","'LINE","'determine empirical and molecular formulas;","'99.91637421"
"'36","'LINE","'calculate percentage composition of an element in a substance.","'99.78839111"
"'36","'LINE","'Chemical formulas are used to express the composition of compounds in terms of","'99.96813965"
"'36","'LINE","'chemical symbols. By composition we mean not only the elements present but also the","'99.88854980"
"'36","'LINE","'ratios in which the atoms are combined. Here, you deal with two types of formulas,","'99.78768158"
"'36","'LINE","'empirical formulas and molecular formulas.","'99.88448334"
"'36","'LINE","'Empirical formula (or simplest formula) for a compound is the formula of a substance","'99.79648590"
"'36","'LINE","'written with the smallest ratio (whole number ratio) subscripts. The molecular formula","'99.96196747"
"'36","'LINE","'is the actual formula that tells you the exact number of atoms of different elements","'99.70584869"
"'36","'LINE","'present in a molecule.","'99.43663788"
"'36","'LINE","'Example 1.21:","'99.72008514"
"'36","'LINE","'Empirical formula","'99.89058685"
"'36","'LINE","'Molecular formula","'99.93532562"
"'36","'LINE","'Benzene","'99.95037079"
"'36","'LINE","'CH","'99.81126404"
"'36","'LINE","'C₆H₆","'71.01948547"
"'36","'LINE","'Glucose","'100.00000000"
"'36","'LINE","'CH2O","'74.46488190"
"'36","'LINE","'C₆H₁₂O₆","'62.49123383"
"'36","'LINE","'30","'99.35646820"
"'37","'LINE","'Chemical Reactions and Stoichiometry","'99.85581207"
"'37","'LINE","'Note that the empirical formula, merely tells you the ratio of numbers of atoms in the","'99.73307800"
"'37","'LINE","'compound.","'99.84056091"
"'37","'LINE","'Percent Composition by Mass (%)","'99.88608551"
"'37","'LINE","'Percent composition by mass tells you what percent of each element is present in a","'99.70448303"
"'37","'LINE","'compound. Thus, it helps in chemical analysis of the given compound. The percentage","'99.94911194"
"'37","'LINE","'composition of a given compound is defined as the ratio of the amount of individual","'99.86782837"
"'37","'LINE","'elements present in the compound multiplied by 100. Mathematically,","'99.93970490"
"'37","'LINE","'Percent composition of an element =","'99.11691284"
"'37","'LINE","'n X molar mass of the element X 100%","'95.26307678"
"'37","'LINE","'molar mass of compound","'99.64843750"
"'37","'LINE","'where n is the number of moles of the element in 1 mole of the compound. For example,","'99.71440125"
"'37","'LINE","'in 1 mole of hydrogen peroxide (H₂O₂) there are 2 moles of H atoms and 2 moles of","'98.76489258"
"'37","'LINE","'o atoms. The molar masses of H₂O₂, H, and o are 34.02 g, 1.008 g, and 16.00 g,","'94.25302887"
"'37","'LINE","'respectively. Therefore, the percent composition of H2O2 is calculated as follows:","'95.34277344"
"'37","'LINE","'% H = 34.02 2x1.00gH H2O2 = 5.926%","'69.35089111"
"'37","'LINE","'% O = 2 x 16 94.06%","'68.39453888"
"'37","'LINE","'Determination of Empirical and Molecular Formulas","'99.95864868"
"'37","'LINE","'Steps to determine empirical formula are:","'99.90413666"
"'37","'LINE","'Step 1: Derive the number of moles of each element from its mass. Masses of elements","'99.79433441"
"'37","'LINE","'may be given in terms of percent composition of elements or grams.","'99.96975708"
"'37","'LINE","'Step 2: Divide each element's molar amount by the smallest molar amount to yield","'99.92062378"
"'37","'LINE","'subscripts for a tentative empirical formula.","'99.59718323"
"'37","'LINE","'Step 3: Multiply all coefficients by an integer, if necessary, to ensure that the smallest","'99.92292786"
"'37","'LINE","'whole number ratio of subscripts is obtained","'99.96478271"
"'37","'LINE","'Example 1.22: What is the empirical formula of a compound that contains 43.6%","'99.67597198"
"'37","'LINE","'P and 56.4% o ?","'89.55201721"
"'37","'LINE","'Step 1: Derivation of moles of each element,","'99.60337067"
"'37","'LINE","'Given mass of the element","'99.62663269"
"'37","'LINE","'Number of moles each element =","'98.94654083"
"'37","'LINE","'Molar mass of the element","'99.84326935"
"'37","'LINE","'Number of moles of P = 43.6 g/mol = 1.41 mol","'93.53369141"
"'37","'LINE","'Number of moles of o = 56.4 16.0 g/mol = 3.53 mol","'90.64904785"
"'37","'LINE","'31","'99.44834137"
"'38","'LINE","'Chemistry Grade 10","'99.96067047"
"'38","'LINE","'Step 2: Smallest molar amount is 1.41","'99.92723083"
"'38","'LINE","'P: 1.41/1.41=1.00, O: 3.53/1.41 = 2.50","'96.31211853"
"'38","'LINE","'Step 3. Multiply both by 2 to convert into whole number, P: 2 X 1 =2, O: 2 X","'96.57978058"
"'38","'LINE","'2.5 = 5","'98.78852844"
"'38","'LINE","'Empirical formula is P2O5","'85.22007751"
"'38","'LINE","'Example 1.23: A compound contains 79.9% carbon and 20.1 % of hydrogen by","'97.70441437"
"'38","'LINE","'mass. What is the empirical formula of the compound?","'99.95949554"
"'38","'LINE","'Step 1: C= (79.9 g)/(12 g/mol) = 6.7 mol, H = 20.1g/(1g/mol) = 20.1 mol","'96.38784790"
"'38","'LINE","'Step 2: C= 6.7/6.7 = 1, H = 20.1/6.7 = 3","'96.20354462"
"'38","'LINE","'Step 3: Empirical formula = CH₃","'95.03992462"
"'38","'LINE","'Molecular formula = Empirical formula xn","'96.76857758"
"'38","'LINE","'molar mass of molecular formula","'99.92546082"
"'38","'LINE","'n=","'92.39517212"
"'38","'LINE","'molar mass of empirical formula","'99.93733978"
"'38","'LINE","'Example 1.24: What is the molecular formula of the oxide of phosphorus that has","'99.95355988"
"'38","'LINE","'the empirical formula P2O5 if it's molecular mass is 284?","'94.31183624"
"'38","'LINE","'Molar mass of P₂O₅ = 142,","'90.58251190"
"'38","'LINE","'n = 284/142 = 2","'93.48144531"
"'38","'LINE","'Therefore, molecular formula = (P₂O₅)₂ = P₄O₁₀","'89.26123047"
"'38","'LINE","'Example 1.25: The compound ethylene glycol is often used as antifreeze. It","'99.85972595"
"'38","'LINE","'contains 38.7% carbon, 9.75% hydrogen, and the rest oxygen. The molecular","'99.95776367"
"'38","'LINE","'weight of ethylene glycol is 62.07 g. What is the molecular formula of ethylene","'99.94390869"
"'38","'LINE","'glycol?","'99.81285858"
"'38","'LINE","'1. Calculate the empirical formula. Assume 100 g of the compound, which will","'99.83017731"
"'38","'LINE","'contain 38.70 g carbon, 9.75 g hydrogen and the rest oxygen.","'99.75942993"
"'38","'LINE","'Mass of o = 100 g - - (38.7 g of C+ 9.75 g H) = 51.55 g","'93.08853149"
"'38","'LINE","'2. Calculate the moles of each element present:","'99.96776581"
"'38","'LINE","'No of moles of C = 12.01 38.70 g C g C = 3.22 mol C","'85.68745422"
"'38","'LINE","'No of moles of H = 9.75 gH = 9.67 mol H","'94.79531860"
"'38","'LINE","'1.008 g H","'80.62818909"
"'38","'LINE","'No of moles of o = 51.55 g O = 3.22 mol","'90.69651031"
"'38","'LINE","'16.01 g o","'80.66213989"
"'38","'LINE","'32","'99.81365967"
"'39","'LINE","'Chemical Reactions and Stoichiometry","'99.86557007"
"'39","'LINE","'Next, calculate the ratio of molecular weight to empirical formula weight. The","'99.95444489"
"'39","'LINE","'molecular weight is given. The empirical formula is CH₃O, so the empirical formula","'94.73162079"
"'39","'LINE","'weight is 12.01 + 3(1.008) + 16.00 = 31.03.","'98.72668457"
"'39","'LINE","'= empirical formula mass mass = 62.07 31.03 = 2","'95.37037659"
"'39","'LINE","'Molecular","'98.99414063"
"'39","'LINE","'n","'91.59697723"
"'39","'LINE","'Therefore, the molecular formula is twice the empirical formula: C2H6O2.","'96.42821503"
"'39","'LINE","'Exercise 1.8","'99.47714233"
"'39","'LINE","'1. Define and discuss each of the following terms: mole, Avogadro's number,","'99.95728302"
"'39","'LINE","'molar mass, molecular mass, formula mass, percentage composition","'99.96664429"
"'39","'LINE","'2. Distinguish between","'99.97043610"
"'39","'LINE","'a. Formula mass and molecular mass of a compound","'99.44953918"
"'39","'LINE","'b. Empirical and molecular formula","'99.94045258"
"'39","'LINE","'3. How many atoms and ions are there in one formula unit of","'99.94899750"
"'39","'LINE","'a. K2CO₃","'66.30201721"
"'39","'LINE","'b. Ba₃(PO₄)₂","'70.46118164"
"'39","'LINE","'4. How many moles of each element are present in","'99.90790558"
"'39","'LINE","'a. 1.00 mole of Cu₃(PO₄)₂","'90.80413055"
"'39","'LINE","'b. 2.5 mole of Na2CO3","'89.75920868"
"'39","'LINE","'C. 2 moles of AI₂(SO₄)₃","'85.48593140"
"'39","'LINE","'5. Calculate the empirical formula for:","'99.89600372"
"'39","'LINE","'a. 39.3% Na, 60.7% CI","'98.19826508"
"'39","'LINE","'b. 56.5% K, 8.7% C, 34.8% O","'90.24884033"
"'39","'LINE","'6. A. A compound of carbon and hydrogen contains 92.3% C and has a molar","'95.29022217"
"'39","'LINE","'mass of 78.1g/mol. What is its molecular formula?","'99.69241333"
"'39","'LINE","'B. A compound of carbon, hydrogen and chlorine has a molar mass of 99","'97.84884644"
"'39","'LINE","'g/mol. Analysis of a sample shows that it contains 24.3% carbon and 4.1%","'99.65818787"
"'39","'LINE","'hydrogen. What is its molecular formula?","'99.92230225"
"'39","'LINE","'7. Calculate the molar mass of a compound if 0.372 mole of it has a mass of","'99.75670624"
"'39","'LINE","'152 g.","'98.03063202"
"'39","'LINE","'8. Calculate the molecular mass or formula mass (in amu) of each of the following","'99.92134857"
"'39","'LINE","'substances:","'99.73154449"
"'39","'LINE","'a. CH₄","'91.97225952"
"'39","'LINE","'C. SO₃","'81.82328033"
"'39","'LINE","'e. Na₂SO₄","'79.99800110"
"'39","'LINE","'b. NO₂","'81.58571625"
"'39","'LINE","'d. C6H6","'76.75531769"
"'39","'LINE","'f. Ca₃(PO₄)₂","'91.40884399"
"'39","'LINE","'9. Calculate the percentage composition by mass of the following compounds:","'99.90511322"
"'39","'LINE","'a. C2H₅OH","'75.46097565"
"'39","'LINE","'C. H2SO4","'55.84811401"
"'39","'LINE","'e. K2Cr₂O₇","'73.19156647"
"'39","'LINE","'b. Na₃PO4","'74.52248383"
"'39","'LINE","'d. CaCO₃","'79.43737793"
"'39","'LINE","'33","'99.65501404"
"'40","'LINE","'Chemistry Grade 10","'99.92785645"
"'40","'LINE","'1.6","'99.85271454"
"'40","'LINE","'Stoichiometry","'99.89098358"
"'40","'LINE","'Refer to grade 9 chemistry and revise the three","'99.96492004"
"'40","'LINE","'fundamental laws of chemical reactions. Discuss in class","'99.85936737"
"'40","'LINE","'using the following and give your own examples for","'99.98671722"
"'40","'LINE","'each law.","'99.99511719"
"'40","'LINE","'a. Carbon forms two types of oxides namely carbon","'99.90092468"
"'40","'LINE","'monoxide and carbon dioxide.","'99.97763062"
"'40","'LINE","'?","'90.11718750"
"'40","'LINE","'b. The ratio of the mass of hydrogen to the mass of","'99.97212982"
"'40","'LINE","'oxygen in water is always 1:8.","'99.84933472"
"'40","'LINE","'C. The total masses of calcium, carbon and oxygen","'96.86472321"
"'40","'LINE","'are the same before and after the decomposition","'99.98159027"
"'40","'LINE","'Activity 1.6","'99.74041748"
"'40","'LINE","'of calcium carbonate.","'99.98345947"
"'40","'LINE","'At the end of this section, students will be able to","'99.98032379"
"'40","'LINE","'deduce mole ratios from balanced chemical equations;","'99.99430847"
"'40","'LINE","'solve mass-mass problems based on the given chemical equation;","'99.95333862"
"'40","'LINE","'define molar volume;","'99.93383026"
"'40","'LINE","'state Avogadro's principle;","'99.95688629"
"'40","'LINE","'solve mass-mass problems based on the given chemical equation;","'99.95659637"
"'40","'LINE","'solve mass-volume problems based on the given chemical equation;","'99.93336487"
"'40","'LINE","'solve volume-volume problems based on the given chemical equation;","'99.93978882"
"'40","'LINE","'describe limiting and excess reactants.","'99.92044067"
"'40","'LINE","'Stoichiometry is the study of the quantitative composition of substances and the","'99.93119049"
"'40","'LINE","'relationship that exists between the reactants and the products involved in chemical","'99.97600555"
"'40","'LINE","'reactions. In other words, stoichiometry is the study of the amount or ratio of moles,","'99.93789673"
"'40","'LINE","'mass, or volumes (for gases) of reactants and products. Stoichiometric calculations are","'99.93064117"
"'40","'LINE","'based on the following two major principles.","'99.97884369"
"'40","'LINE","'A.","'64.23608398"
"'40","'LINE","'The composition of any substance in the chemical equation should be expressed","'99.97850800"
"'40","'LINE","'by a definite formula.","'99.53000641"
"'40","'LINE","'B.","'72.20961761"
"'40","'LINE","'The law of conservation of mass must be obeyed (the mass of reactants equals","'99.95897675"
"'40","'LINE","'the mass of products)","'99.87593842"
"'40","'LINE","'?","'89.40837860"
"'40","'LINE","'Form a group and discuss the following phenomenon.","'99.83129883"
"'40","'LINE","'When wood burns, the ash weighs much less than the","'99.98909760"
"'40","'LINE","'original wood. Where did the ""lost mass"" go? How can","'99.71922302"
"'40","'LINE","'you estimate the mass of the wood that is no longer","'99.74205780"
"'40","'LINE","'Activity 1.7","'99.47225952"
"'40","'LINE","'present? Present your conclusion to the class.","'99.92759705"
"'40","'LINE","'Note that stoichiometric calculations are done for balanced chemical equations.","'99.93630981"
"'40","'LINE","'34","'99.77458954"
"'41","'LINE","'Chemical Reactions and Stoichiometry","'99.85581207"
"'41","'LINE","'1.6.1 Molar Ratios in Balanced Chemical Equation","'99.87968445"
"'41","'LINE","'At the end of this section, students will be able to deduce mole ratios from balanced","'99.98525238"
"'41","'LINE","'chemical equations.","'99.97518921"
"'41","'LINE","'Stoichiometry problems of this type are called either mass-mass or mole-mole problems.","'99.86154175"
"'41","'LINE","'A balanced chemical equation provides information about the nature, masses, number","'98.07444763"
"'41","'LINE","'of moles, number of molecules/atoms of reactants and products.","'99.62480927"
"'41","'LINE","'For example, consider the reaction of hydrogen with nitrogen to produce ammonia.","'99.95789337"
"'41","'LINE","'The equation shows that 3 molecules of hydrogen and 1 molecule of N2 react to","'97.69828033"
"'41","'LINE","'produce 2 molecules of ammonia. The equation can also represent the reaction of 3","'99.93897247"
"'41","'LINE","'moles (3x6.02x10²³ molecules) of H2 with 1 mole (6.02 X 10²³ molecules) of N2 to","'91.95339966"
"'41","'LINE","'yield 2 moles (2x6.02 X 10²³ molecules ) of NH₃. The same equation can also tell US the","'96.00515747"
"'41","'LINE","'combination of 6 g of H2 with 28 g of N2 to yield 34 g of NH3. This can be further","'94.48806763"
"'41","'LINE","'interpreted as follows:","'99.92513275"
"'41","'LINE","'N2","'89.47604370"
"'41","'LINE","'+","'98.23242188"
"'41","'LINE","'3H2","'58.82094955"
"'41","'LINE","'2NH3","'65.15564728"
"'41","'LINE","'1 molecule N2 +","'88.50052643"
"'41","'LINE","'3 molecules H2","'90.21796417"
"'41","'LINE","'2 molecules NH₃ (Molecular interpretation)","'93.81608582"
"'41","'LINE","'1mol N2","'74.29089355"
"'41","'LINE","'+","'97.29492188"
"'41","'LINE","'3 mol H2","'88.02056885"
"'41","'LINE","'2 mol NH₃ (Molar interpretation)","'93.82872772"
"'41","'LINE","'28.0 g N2","'85.91384888"
"'41","'LINE","'+","'96.92382813"
"'41","'LINE","'3 X 2.02 g H₂","'87.72313690"
"'41","'LINE","'2 X 17.0 g NH₃ ( mass interpretation)","'93.80104828"
"'41","'LINE","'Calculations based on chemical equations (stoichiometric problems) are classified into","'99.87886810"
"'41","'LINE","'mass-mass, volume-volume and mass-volume problems.","'99.82131195"
"'41","'LINE","'1.6.2 Mass - Mass Relationships","'92.51873779"
"'41","'LINE","'At the end of this section, students will be able to solve mass-mass problems based on","'99.95458984"
"'41","'LINE","'the given chemical equation or using the conversion factor.","'99.97260284"
"'41","'LINE","'There are two methods for solving mass-mass problems. These are mass-ratio and","'99.89849091"
"'41","'LINE","'mole-ratio methods.","'99.56224060"
"'41","'LINE","'A. The Mass - ratio Method","'89.76901245"
"'41","'LINE","'In this method, the mass of one substance is determined from the given mass of the","'99.96669006"
"'41","'LINE","'other substance using the following steps.","'99.98345947"
"'41","'LINE","'Step 1: Write the balanced chemical equation.","'99.61131287"
"'41","'LINE","'Step 2: Place the given mass above the corresponding formula, and X above the","'99.60143280"
"'41","'LINE","'formula of the substance whose mass is to be determined","'99.97144318"
"'41","'LINE","'Step 3: Write the total molar mass of the substances below the formula of each","'99.95259857"
"'41","'LINE","'substance. (Total molar mass is the molar mass of the substance multiplied by its","'99.95919800"
"'41","'LINE","'coefficient).","'99.56233978"
"'41","'LINE","'Step 4: Set up the proportion.","'99.83621216"
"'41","'LINE","'Step 5: Solve for the unknown mass, X.","'95.78784943"
"'41","'LINE","'35","'99.85192108"
"'42","'LINE","'Chemistry Grade 10","'99.93761444"
"'42","'LINE","'Example 1.26: How many grams of aluminum metal must be heated to produce","'99.94611359"
"'42","'LINE","'20.4 g of aluminium oxide?","'99.74154663"
"'42","'LINE","'Solution:","'100.00000000"
"'42","'LINE","'Step 1: 4AI + 302","'88.72412872"
"'42","'LINE","'2AI2O3","'57.09522247"
"'42","'LINE","'X","'88.59753418"
"'42","'LINE","'20.4 g","'94.88729858"
"'42","'LINE","'Step 2: 4AI + 302","'88.14002991"
"'42","'LINE","'2AI2O3","'56.78192902"
"'42","'LINE","'X","'87.20344543"
"'42","'LINE","'20.4 g","'93.69589233"
"'42","'LINE","'Step 3: 4AI + 302","'89.11312103"
"'42","'LINE","'2AI2O3","'49.20380020"
"'42","'LINE","'108","'99.40429688"
"'42","'LINE","'204","'99.76562500"
"'42","'LINE","'Step 4: x/(108 g) = (20.4 g)/(204 g)","'95.16445160"
"'42","'LINE","'Step 5:","'99.77011108"
"'42","'LINE","'X","'94.44415283"
"'42","'LINE","'= (20.4 g)/(204 g) X 108 g = 10.8 g","'97.97699738"
"'42","'LINE","'Therefore, 10.8 g of aluminum metal is needed to produce 20.4 g of aluminum","'99.80988312"
"'42","'LINE","'oxide.","'99.96014404"
"'42","'LINE","'Note that stoichiometric problems can also be solved using the mole ratio or molar mass","'99.95204926"
"'42","'LINE","'as conversion factors. The numbers in a conversion factor come from the coefficients of","'99.75211334"
"'42","'LINE","'the balanced chemical equation.","'99.97763062"
"'42","'LINE","'In general, for mole - mole problems,","'98.58560944"
"'42","'LINE","'mole A X mole ratio = mole B","'95.54183960"
"'42","'LINE","'Mass-Mass problems,","'99.87224579"
"'42","'LINE","'1mole A","'79.55656433"
"'42","'LINE","'mole","'99.61914063"
"'42","'LINE","'B","'96.06923676"
"'42","'LINE","'molar mass B","'97.32421875"
"'42","'LINE","'gram A X","'90.13791656"
"'42","'LINE","'X","'91.60713959"
"'42","'LINE","'X","'89.99282837"
"'42","'LINE","'= gram B","'97.29950714"
"'42","'LINE","'molar mass A","'91.90914917"
"'42","'LINE","'mole A","'87.66601563"
"'42","'LINE","'mole B","'97.23084259"
"'42","'LINE","'In the above example, coefficients of Al and AI2O₃ are 4 and 2 respectively","'92.97372437"
"'42","'LINE","'Therefore, conversion factor = mole ratio = 4 mol AI/2 mol O₂. Given molar masses,","'95.20862579"
"'42","'LINE","'1 mole AI2O₃ = 102 g, 1 mole Al = 27 g","'89.72079468"
"'42","'LINE","'The conversion steps are summarized as follows:","'99.95490265"
"'42","'LINE","'grams of AI2O₃","'77.37092590"
"'42","'LINE","'moles of AI2O3","'78.09337616"
"'42","'LINE","'moles of Al","'89.76662445"
"'42","'LINE","'grams of Al","'93.00907135"
"'42","'LINE","'Conversion factor: molar mass of AI2O₃ mole ratio","'91.58462524"
"'42","'LINE","'molar mass of Al","'92.97308350"
"'42","'LINE","'20.4 g X 1 mol AI₂O₃/102 g AI2O₃ X 4 mol Al /2 mol AI2O₃ X 27 g Al/1mol","'86.30571747"
"'42","'LINE","'Al = 10.8 g","'88.92070007"
"'42","'LINE","'Example 1.27: What mass of magnesium sulfate will be produced if 4.8 g of","'99.82841492"
"'42","'LINE","'magnesium reacts with excess sulfuric acid?","'99.95362854"
"'42","'LINE","'Step 1: Mg + H2SO4","'91.28523254"
"'42","'LINE","'MgSO4 + H2","'85.75673676"
"'42","'LINE","'36","'99.68350983"
"'43","'LINE","'Chemical Reactions and Stoichiometry","'99.86069489"
"'43","'LINE","'4.8g","'95.15625000"
"'43","'LINE","'X","'85.80735779"
"'43","'LINE","'Step 2: Mg + H2SO4","'90.88265228"
"'43","'LINE","'MgSO4 + H2","'84.99521637"
"'43","'LINE","'4.8g","'94.84375000"
"'43","'LINE","'X","'86.90529633"
"'43","'LINE","'Step 3: Mg + H2SO4","'89.91931915"
"'43","'LINE","'MgSO4 + H2","'84.41692352"
"'43","'LINE","'24g","'99.25781250"
"'43","'LINE","'120g","'99.09996796"
"'43","'LINE","'Step 4:","'99.79003906"
"'43","'LINE","'X = (4.8 g)/(24 g) X 120 g = 24 g","'94.43803406"
"'43","'LINE","'Therefore, 13.6 g MgSO₄ will be produced. Check the result using conversion","'96.82932281"
"'43","'LINE","'factor. Hint: mole ratio = 1mole Mg/1mole MgSO4","'90.98831940"
"'43","'LINE","'B. The Mole - ratio Method","'94.10847473"
"'43","'LINE","'In this method, calculations are made in terms of moles; therefore the given mass is","'99.96257782"
"'43","'LINE","'converted into mole. The obtained mole can be converted back to mass if required.","'99.98041534"
"'43","'LINE","'Follow the steps given below to solve problems of mass-mass relationships using mole","'99.96913910"
"'43","'LINE","'ratio method:","'99.97518921"
"'43","'LINE","'Step 1: Write the balanced chemical equation.","'99.58793640"
"'43","'LINE","'Step 2: Convert the given mass to moles and write the obtained moles and the required","'99.96582031"
"'43","'LINE","'quantity, x, above the formulas of the respective substances.","'95.56768799"
"'43","'LINE","'Step 3: Place the coefficients as the number of moles under the formula of each","'99.93003082"
"'43","'LINE","'substance involved.","'99.98535156"
"'43","'LINE","'Step 4: Set up the proportion.","'99.82617950"
"'43","'LINE","'Step 5: Solve for the unknown value, x; and convert the moles obtained into mass.","'98.95912933"
"'43","'LINE","'Example 1.28: How many grams of calcium oxide are needed to react completely","'99.94052887"
"'43","'LINE","'with 22.0 g of carbon dioxide?","'99.76631927"
"'43","'LINE","'Solution:","'99.97070313"
"'43","'LINE","'Step 1: CaO + CO2","'93.12802887"
"'43","'LINE","'CaCO3","'56.97126389"
"'43","'LINE","'Step 2: moles of CO2 = given mass/molar mass = 22 g/44 g/mol = 0.5 mol","'96.77349091"
"'43","'LINE","'X 0.5mol","'97.41819000"
"'43","'LINE","'Step 3: CaO + CO2","'92.22030640"
"'43","'LINE","'CaCO3","'61.57146835"
"'43","'LINE","'1mol","'83.22524261"
"'43","'LINE","'1mol","'67.33099365"
"'43","'LINE","'Step 4: x/1 = 0.5mol/1mol","'92.41934204"
"'43","'LINE","'X = 0.5 mol","'97.44564056"
"'43","'LINE","'Step 5: Convert the moles into grams of CaO","'99.25862885"
"'43","'LINE","'Mass of CaO produced = No. of moles CaO X molar mass CaO","'97.89356232"
"'43","'LINE","'= 0.5mol X 56 g/mol = 28 g","'96.74237061"
"'43","'LINE","'Solve the above problem using conversion factor,","'99.97164154"
"'43","'LINE","'gram CO2","'88.26191711"
"'43","'LINE","'Mole CO2","'89.34869385"
"'43","'LINE","'mole CaO","'95.42869568"
"'43","'LINE","'gram CaO","'98.25912476"
"'43","'LINE","'37","'99.06170654"
"'44","'LINE","'Chemistry Grade 10","'99.90859222"
"'44","'LINE","'22 g CO2 X","'88.34320831"
"'44","'LINE","'1mol CO2 X 1mol CaO X 56 g CaO 28 g of CaO","'90.83551788"
"'44","'LINE","'44 g CO2 1mol CO2 1mol CaO","'83.47049713"
"'44","'LINE","'Example 1.29: How many grams of carbon monoxide must react with excess iron","'99.92295074"
"'44","'LINE","'oxide to produce 28 grams of iron?","'99.97058868"
"'44","'LINE","'Step 1: Fe2O3 + 3CO","'79.40727234"
"'44","'LINE","'2Fe + 3CO2","'86.60462189"
"'44","'LINE","'given mass","'98.26660156"
"'44","'LINE","'Step 2: No. of moles Fe","'99.67610931"
"'44","'LINE","'=","'94.60778046"
"'44","'LINE","'molar mass","'99.33593750"
"'44","'LINE","'= 28 g/ 56 g/mol = 0.5 mol","'94.03373718"
"'44","'LINE","'X","'90.27024841"
"'44","'LINE","'0.5 mol","'97.89272308"
"'44","'LINE","'Step 3: Fe2O3 + 3CO","'81.48850250"
"'44","'LINE","'2Fe + 3CO2","'84.52553558"
"'44","'LINE","'3 mol 2 mol","'98.87097168"
"'44","'LINE","'Step 4: x/(3 mol) = 0.5 mol/(2 mol)","'95.34062958"
"'44","'LINE","'X = 0.5 X 3 mol/2 = 0.75 mol of CO","'93.42427063"
"'44","'LINE","'Step 5: Convert the moles into grams of CO","'95.29666901"
"'44","'LINE","'Mass of CO required = no. of moles CO X molar mass CO","'89.74255371"
"'44","'LINE","'= 0.75 mol X 28 g/mol =21 g (check the result using the conversion factor)","'98.78565216"
"'44","'LINE","'Note that although mass-mass and mole-mole stoichiometric problems are more","'99.94116211"
"'44","'LINE","'common, there are also mass-mole and mole-mass problems.","'99.86928558"
"'44","'LINE","'In mole-mass problems, the amount of one substance is given in moles and the mass","'99.12099457"
"'44","'LINE","'of another substance is determined, usually in grams and in mass-mole problems, the","'99.93791199"
"'44","'LINE","'mass of one substance is given, usually in grams and the amount of another substance","'99.95731354"
"'44","'LINE","'is determined in moles. Refer to relevant sources and solve Exercise 1.9 (a,b). You may","'99.88347626"
"'44","'LINE","'use the general sequence of conversions","'99.85424805"
"'44","'LINE","'for a mole-mass calculation follow the following sequence:","'99.80169678"
"'44","'LINE","'mol 1st substance","'96.38937378"
"'44","'LINE","'mol 2nd substance","'94.71513367"
"'44","'LINE","'mass 2nd substance","'96.83148956"
"'44","'LINE","'Example: What mass of Fe₂O₃ must be reacted to generate 3 moles of AI2O3?","'92.11246490"
"'44","'LINE","'Fe₂O₃ + 2AI","'37.74553680"
"'44","'LINE","'2Fe + AI2O₃","'72.62884521"
"'44","'LINE","'Given: Moles of AI2O₃ = 3, Molar mass of AI2O₃ = 102 g Required: Mass of Fe₂O₃,","'88.68675232"
"'44","'LINE","'molar mass of Fe2O₃ = 160 g","'87.90813446"
"'44","'LINE","'Solution: Follow the sequence, Gram AI2O₃","'85.01011658"
"'44","'LINE","'mole AI2O3","'64.93861389"
"'44","'LINE","'mole Fe2O₃","'70.64612579"
"'44","'LINE","'Gram Fe₂O₃","'76.24332428"
"'44","'LINE","'3 moles of AI2O₃ X 1 1 mole mol AI₂O₃⁻ Fe2O₃ X 1 160 mol g Fe2O₃ = 480 g of Fe2O₃","'80.40116119"
"'44","'LINE","'for mass- mole calculation follow the following sequence:","'99.95097351"
"'44","'LINE","'38","'99.79332733"
"'45","'LINE","'Chemical Reactions and Stoichiometry","'99.86069489"
"'45","'LINE","'mass 1st substance","'96.21299744"
"'45","'LINE","'mol 2nd substance","'95.80629730"
"'45","'LINE","'mol 2nd substance","'96.45787048"
"'45","'LINE","'Example: How many moles of C2H₅OH are needed to generate 106.7 g of H₂O?","'93.37160492"
"'45","'LINE","'C2H₅OH + 30₂","'66.86380768"
"'45","'LINE","'2CO₂ + 3H2O","'71.50297546"
"'45","'LINE","'Given: mass of H2O = 106.7 g, molar mass of H2O = 18 g Required: No. of mole","'96.07048798"
"'45","'LINE","'of C2H₅OH","'79.97708130"
"'45","'LINE","'Solution: follow the steps: Gram H2O","'93.17868042"
"'45","'LINE","'moleH₂O","'74.55416870"
"'45","'LINE","'mole C2H₅OH","'78.55110168"
"'45","'LINE","'106.7 g X 1mole 18g H2O X mole 3mol C2H₅OH H2O = 1.97 moles of C2H₅OH","'83.10112000"
"'45","'LINE","'Exercise 1.9","'99.63339233"
"'45","'LINE","'1. Which of the following statements is correct for the equation shown here?","'99.94699097"
"'45","'LINE","'4NH₃(g) + 50₂(g)","'78.77630615"
"'45","'LINE","'4NO(g) + 6H₂O(g)","'84.99720764"
"'45","'LINE","'a. 6 g of H2O are produced for every 4 g of NH3 reacted.","'92.10802460"
"'45","'LINE","'b. 1 mole of NO is produced per mole of NH3 reacted.","'97.35353088"
"'45","'LINE","'C. 2 moles of NO are produced for every 3 moles of O2 reacted","'96.03524017"
"'45","'LINE","'2. How many moles of H2O are required to produce 4.5 moles of HNO3 according","'95.93051147"
"'45","'LINE","'to the following reaction?","'99.89322662"
"'45","'LINE","'3NO₂ + H2O","'82.11050415"
"'45","'LINE","'2HNO₃ + NO","'82.67923737"
"'45","'LINE","'3. How many moles of CaO are needed to react with excess water to produce","'99.61305237"
"'45","'LINE","'370 g of calcium hydroxide?","'99.83497620"
"'45","'LINE","'4. In the decomposition of KCIO₃, how many moles of KCI are formed in the","'97.76049805"
"'45","'LINE","'reaction that produces 0.05 moles of O2?","'96.44129944"
"'45","'LINE","'5. How many grams of CaCO₃ are needed to react with 15.2 g of HCI according","'97.46217346"
"'45","'LINE","'to the following equation?","'99.95789337"
"'45","'LINE","'CaCO₃ + 2HCI","'84.59097290"
"'45","'LINE","'CaCl₂ + CO₂ + H₂O","'40.47134399"
"'45","'LINE","'6. What mass of nitrogen dioxide is produced by the decomposition of 182 g","'99.79388428"
"'45","'LINE","'of magnesium nitrate?","'99.86740112"
"'45","'LINE","'7. Solve the following using either mass-mole or mole-mass relations","'99.89616394"
"'45","'LINE","'a. What mass of hydrogen sulphide gas is burned in a reaction that produces","'99.77958679"
"'45","'LINE","'4 mol SO₂ and water vapor: 2H2S+ 302","'84.00997162"
"'45","'LINE","'2SO₂ + 2H2O","'81.91784668"
"'45","'LINE","'b. How many moles of CO2 will be produced when 50 g of CaCO₃ are","'96.73740387"
"'45","'LINE","'reacted according to the chemical equation:","'99.97355652"
"'45","'LINE","'CaCO₃ + 2HCI","'86.33264160"
"'45","'LINE","'CaCl₂ + CO2 + H2O","'84.01912689"
"'45","'LINE","'39","'99.84295654"
"'46","'LINE","'Chemistry Grade 10","'99.93436432"
"'46","'LINE","'1.6.3 Volume - Volume Relationships","'97.75888824"
"'46","'LINE","'At the end of this section, students will be able to solve volume -volume problems","'99.95031738"
"'46","'LINE","'based on the given chemical equation.","'99.97694397"
"'46","'LINE","'At Standard Temperature (0°C) and Pressure (1atm) or STP, one mole of any gas","'97.30792999"
"'46","'LINE","'occupies 22.4 liters. This, 22.4 liters is known as molar volume at STP.","'99.92958832"
"'46","'LINE","'The volume of a gas and its number of molecules are related and explained by","'99.87753296"
"'46","'LINE","'Avogadro's Law. Avogadro's Law states that equal volumes of different gases, under","'99.95519257"
"'46","'LINE","'the same conditions of temperature and pressure, contain equal number of molecules.","'99.96854401"
"'46","'LINE","'According to this law, the volume of a gas is proportional to the number of molecules","'99.86846161"
"'46","'LINE","'(moles) of the gas at STP as shown below:","'99.97504425"
"'46","'LINE","'V ~ n; where V is the volume and n is the number of moles of gas","'98.82985687"
"'46","'LINE","'In Volume - volume problems, the volume of one substance is given and the volume of","'99.47583008"
"'46","'LINE","'the other substance is calculated.","'99.96240997"
"'46","'LINE","'Example 1.30: What volume of oxygen will react with methane to produce 44.8","'99.96057129"
"'46","'LINE","'liters of carbon dioxide at STP?","'99.95389557"
"'46","'LINE","'Step 1: CH₄ + 202","'82.95565796"
"'46","'LINE","'2H2O + 2","'86.90492249"
"'46","'LINE","'Step 2: Place the given volume and the required volume, X above the corresponding","'99.77295685"
"'46","'LINE","'formulas.","'99.89098358"
"'46","'LINE","'X","'80.31787872"
"'46","'LINE","'44.8 L","'91.28288269"
"'46","'LINE","'CH₄","'56.94136810"
"'46","'LINE","'+","'95.35076904"
"'46","'LINE","'202","'65.92016602"
"'46","'LINE","'2H2O","'80.45459747"
"'46","'LINE","'+","'96.45348358"
"'46","'LINE","'CO2","'79.14879608"
"'46","'LINE","'44.8 L","'86.47082520"
"'46","'LINE","'22.4 L","'74.21057892"
"'46","'LINE","'Step 3: Write the total molar volume (22.4 L multiplied by any coefficient) below","'99.66080475"
"'46","'LINE","'the formulas.","'99.96014404"
"'46","'LINE","'Step 4: x/44.8 L=(44.8 L)/(22.4 L) X = 44.8 /22.4 X 44.8 L= 89.6 L","'95.80363464"
"'46","'LINE","'Step 5: Solve for the unknown volume, X","'99.50848389"
"'46","'LINE","'X = 89.6 L of oxygen is needed.","'99.15741730"
"'46","'LINE","'40","'99.87304688"
"'47","'LINE","'Chemical Reactions and Stoichiometry","'99.86557007"
"'47","'LINE","'Exercise 1.10","'99.55566406"
"'47","'LINE","'From","'7.32003355"
"'47","'LINE","'1. What volume of nitrogen reacts with 33.6 litres of oxygen to produce","'99.90856934"
"'47","'LINE","'nitrogen dioxide?","'99.75147247"
"'47","'LINE","'2. How many litres of sulphur trioxide are formed when 4800 cm³ of sulphur","'98.64647675"
"'47","'LINE","'dioxide is burned in air?","'99.96875000"
"'47","'LINE","'3. How many litres of ammonia are required to react with 145 litres of oxygen","'99.94933319"
"'47","'LINE","'according to the following reaction?","'99.93263245"
"'47","'LINE","'4NH3 + 502 4NO + 6H2O","'80.34680939"
"'47","'LINE","'4. Calculate the volume of oxygen produced in the decomposition of 5 moles of","'99.95838928"
"'47","'LINE","'KCIO₃ at STP?","'90.34165955"
"'47","'LINE","'5. How many moles of water vapour are formed when 10 litres of butane gas,","'99.96858978"
"'47","'LINE","'C₄H₁₀ is burned in oxygen at STP?","'96.78061676"
"'47","'LINE","'1.6.4 Mass - - Volume Relationships","'86.51357269"
"'47","'LINE","'At the end of this section, students will be able to solve mass -volume problems based","'99.87402344"
"'47","'LINE","'on the given chemical equation.","'99.97624207"
"'47","'LINE","'In mass-volume problems, either the mass of one substance is given and the volume of","'99.96131897"
"'47","'LINE","'the other is required or the volume of one substance is given and the mass of the other","'99.98371887"
"'47","'LINE","'one is required. The steps to solve such type of problems are the same as the previous","'99.97869873"
"'47","'LINE","'steps except putting the masses on one side and the volumes on the other side of the","'99.98372650"
"'47","'LINE","'equality sign.","'100.00000000"
"'47","'LINE","'Example 1.31: How many grams of magnesium should react with sulphuric acid","'99.93944550"
"'47","'LINE","'to produce 5.6 L of hydrogen at STP?","'99.86624908"
"'47","'LINE","'Solution:","'99.95037079"
"'47","'LINE","'Step 1: Mg + H2SO4","'90.40003204"
"'47","'LINE","'H2","'93.50904846"
"'47","'LINE","'X","'84.37181091"
"'47","'LINE","'5.6 L","'96.13082123"
"'47","'LINE","'Step 2: Mg + H2SO4","'89.69861603"
"'47","'LINE","'MgSO4 + H2","'83.46022034"
"'47","'LINE","'X","'91.67649841"
"'47","'LINE","'5.6 L","'96.93937683"
"'47","'LINE","'Step 3: Mg + H2SO4","'89.10088348"
"'47","'LINE","'MgSO4 + H2","'82.21440125"
"'47","'LINE","'24 g","'89.18880463"
"'47","'LINE","'22.4 L","'86.93877411"
"'47","'LINE","'Step 4: x/24 g = 5.6 L/22.4 L","'94.46276093"
"'47","'LINE","'X = 6 g","'96.00112152"
"'47","'LINE","'Step 5: X = 6 g of magnesium is needed","'98.77263641"
"'47","'LINE","'41","'99.81365967"
"'48","'LINE","'Chemistry Grade 10","'99.90805817"
"'48","'LINE","'Exercise 1.11","'98.77890015"
"'48","'LINE","'1. How many litres of oxygen are required to react with 156 g of benzene","'99.86193848"
"'48","'LINE","'according to the chemical equation:","'99.98421478"
"'48","'LINE","'2C6H6 + 150₂","'61.90010834"
"'48","'LINE","'12CO₂ + 6H2O","'76.05694580"
"'48","'LINE","'2. What mass of iron metal would be completely oxidized by 89.6 L of oxygen","'99.80480957"
"'48","'LINE","'to produce 2 3 at STP?","'97.43506622"
"'48","'LINE","'3. Calculate the mass of calcium carbide that is needed to produce 100 cm³ of","'98.71279907"
"'48","'LINE","'acetylene according to the equation:","'99.95459747"
"'48","'LINE","'CaC2 + 2H2O","'79.58827972"
"'48","'LINE","'C2H2 + Ca(OH)₂","'78.73917389"
"'48","'LINE","'4. How many milliliters of sulphur dioxide are formed when 12.5 g of iron","'99.88957977"
"'48","'LINE","'sulphide ore (pyrite) reacts with oxygen (at STP) according to the equation","'99.86325073"
"'48","'LINE","'4FeS₂ + 110₂","'67.46621704"
"'48","'LINE","'2Fe2O3 + 8SO₂","'59.13846588"
"'48","'LINE","'1.6.5 Limiting and Excess Reactants","'99.80780029"
"'48","'LINE","'At the end of this section, students will be able to describe limiting and excess reactants.","'99.95001221"
"'48","'LINE","'calculate the limiting and excess reactants of a reaction.","'99.82988739"
"'48","'LINE","'Consider a dance contest at a club. If there are 14","'99.61202240"
"'48","'LINE","'men and only 9 women, then only 9 female/male pairs","'99.17181396"
"'48","'LINE","'can compete.","'99.92636108"
"'48","'LINE","'1. How many men will be left without partners?","'99.88626862"
"'48","'LINE","'2. Who (men or women) are in excess?","'99.91009521"
"'48","'LINE","'3. Who (men or women) limits the number of female/","'99.55165863"
"'48","'LINE","'?","'94.28630829"
"'48","'LINE","'male pair that can dance in the contest?","'99.97040558"
"'48","'LINE","'4. How can you relate this analogue with the chemical","'99.81395721"
"'48","'LINE","'reactions involving two or more reactants?","'99.93233490"
"'48","'LINE","'Discuss in your group and present in class your","'99.95262909"
"'48","'LINE","'Activity 1.8","'99.62402344"
"'48","'LINE","'conclusion.","'99.80069733"
"'48","'LINE","'In a chemical reaction involving two reactants, the reaction will stop when all of one","'99.88040924"
"'48","'LINE","'reactant has been completely consumed no matter how much of the second reactant","'99.95106506"
"'48","'LINE","'remains. The reactant completely consumed first in a reaction is called the limiting","'99.37055969"
"'48","'LINE","'reactant, because it limits or determines the amount of product that can be formed.","'99.95565796"
"'48","'LINE","'When the limiting reactant is completely consumed, no more product can be formed","'99.92233276"
"'48","'LINE","'and thus the other reactant remains excess. Excess reactants are the reactants present","'99.98635864"
"'48","'LINE","'42","'99.95117188"
"'49","'LINE","'Chemical Reactions and Stoichiometry","'99.85092163"
"'49","'LINE","'in quantities greater than necessary to react with the quantity of the limiting reactant.","'99.94892120"
"'49","'LINE","'Suppose you want to make some cheese sandwiches. Each is made from two slices of","'99.78041077"
"'49","'LINE","'bread and a slice of cheese.","'99.81478119"
"'49","'LINE","'2 slices bread + 1 slice cheese","'99.24468994"
"'49","'LINE","'1 cheese sandwich","'99.53669739"
"'49","'LINE","'If you have 7 slices of bread and 2 slices cheese, you can make 2 cheese sandwiches.","'99.71253967"
"'49","'LINE","'3 slices of bread is excess. The number of sandwiches is limited by the number of slices","'99.97635651"
"'49","'LINE","'of cheese. Hence, slices of cheese are the limiting ingredient and slices of bread are","'99.96110535"
"'49","'LINE","'excess ingredient.","'99.84095764"
"'49","'LINE","'Note that: Yield of the product is the one calculated using the limiting reactant and it","'99.97243500"
"'49","'LINE","'is the smallest.","'99.96717834"
"'49","'LINE","'Example 1.32: Magnesium metal reacts with hydrochloric acid by the following","'99.96685791"
"'49","'LINE","'reaction:","'99.99023438"
"'49","'LINE","'Mg + 2HCI","'97.85641479"
"'49","'LINE","'MgCl2 + H2","'74.35845947"
"'49","'LINE","'If 0.30 mol Mg is added to hydrochloric acid containing 0.52 mol HCI, how many","'99.17979431"
"'49","'LINE","'moles of H2 are produced?","'95.32788086"
"'49","'LINE","'Solution:","'99.93083954"
"'49","'LINE","'Here there are 0.3 mol of Mg and 0.52 mol of HCI. Therefore, first determine the","'99.65436554"
"'49","'LINE","'limiting reactant. Calculate the yield of H2 (product) using both reactants, the reactant","'97.81481934"
"'49","'LINE","'that gives lower yield is the limiting reactant and the amount obtained by the limiting","'99.97374725"
"'49","'LINE","'reactant is the yield of the product.","'95.66585541"
"'49","'LINE","'A. Using the quantity of Mg","'96.65570068"
"'49","'LINE","'B. Using the quantity of HCI","'96.41993713"
"'49","'LINE","'0.3mol/1mo = x/1mol","'90.92195892"
"'49","'LINE","'0.52 mol/2 mol = x/1mol","'95.19004822"
"'49","'LINE","'0.3 mol","'99.05851746"
"'49","'LINE","'X","'90.00717163"
"'49","'LINE","'0.52 mol","'99.05233765"
"'49","'LINE","'X","'89.05712128"
"'49","'LINE","'Mg + 2HCI","'97.98123932"
"'49","'LINE","'MgCl₂ + H2","'80.30891418"
"'49","'LINE","'Mg + 2HCI","'97.14026642"
"'49","'LINE","'MgCl₂ + H2","'78.00468445"
"'49","'LINE","'1 mol","'98.92588043"
"'49","'LINE","'1 mol","'98.74641418"
"'49","'LINE","'2 mol","'99.09099579"
"'49","'LINE","'1 mol","'97.39915466"
"'49","'LINE","'0.3 mol/1 mol = x/1 mol","'98.17741394"
"'49","'LINE","'0.52 mol/2 mol = x/1 mol","'97.94390106"
"'49","'LINE","'X = 0.3 mol of H2","'94.64186096"
"'49","'LINE","'X = 0.26 mol of H2","'93.62085724"
"'49","'LINE","'H2 produced using HCI is less than H2 produced using Mg.","'94.78859711"
"'49","'LINE","'Hence, HCI is the limiting reactant and Mg is the excess reactant. The number of moles","'99.44235992"
"'49","'LINE","'of H2 produced is equal to the quantity of H2 obtained using HCI (limiting reactant)","'95.77334595"
"'49","'LINE","'which is 0.26 mol.","'96.99512482"
"'49","'LINE","'43","'99.80468750"
"'50","'LINE","'Chemistry Grade 10","'99.94764709"
"'50","'LINE","'Example 1.33: In a process for producing acetic acid, oxygen gas is bubbled","'99.84142303"
"'50","'LINE","'into acetaldehyde, CH₃CHO, containing manganese (II) acetate (catalyst) under","'95.82305908"
"'50","'LINE","'pressure at 60 °C.","'94.11222076"
"'50","'LINE","'2CH3CHO + O2","'77.28927612"
"'50","'LINE","'2HC2H₃O₂","'48.97500992"
"'50","'LINE","'In a laboratory test of this reaction, 20.0 g CH₃CHO and 10.0 g O₂ were put into a","'94.05550385"
"'50","'LINE","'reaction vessel. A. How many grams of acetic acid can be produced? B. How many","'95.41612244"
"'50","'LINE","'grams of the excess reactant remain after the reaction is complete?","'99.95325470"
"'50","'LINE","'Solution","'99.95037079"
"'50","'LINE","'1. Convert grams in to moles","'99.90004730"
"'50","'LINE","'given mass","'99.58007813"
"'50","'LINE","'No. of moles of CH₃CHO =","'90.54103088"
"'50","'LINE","'molar mass","'99.47753906"
"'50","'LINE","'= 20g","'87.35401917"
"'50","'LINE","'= 0.454 mol","'97.90583801"
"'50","'LINE","'44 g/mol","'94.45073700"
"'50","'LINE","'No. of moles of O₂ = given mass","'92.84632874"
"'50","'LINE","'molar mass","'98.56445313"
"'50","'LINE","'= 10 g","'92.52986145"
"'50","'LINE","'= 0.312 mol","'97.69750214"
"'50","'LINE","'32 g/mol","'95.78992462"
"'50","'LINE","'2. Calculate the amount of HC2H₃O₂ produced by 0.454 mol. CH₃CHO and 0.312 mol","'93.95025635"
"'50","'LINE","'O₂ in order to decide the limiting reactant.","'94.55458832"
"'50","'LINE","'A. Using the quantity of CH₃CHO","'84.22981262"
"'50","'LINE","'B. Using the quantity of O₂","'89.33889008"
"'50","'LINE","'0.454 mol","'97.96347046"
"'50","'LINE","'X","'91.14875793"
"'50","'LINE","'0.312 mol X","'94.89802551"
"'50","'LINE","'2CH3CHO +O2","'60.38982773"
"'50","'LINE","'2HC₂H₃O₂","'51.03256607"
"'50","'LINE","'2CH3CHO + O2","'71.27414703"
"'50","'LINE","'2HC₂H₃O₂","'54.03858566"
"'50","'LINE","'2 mol","'98.70037079"
"'50","'LINE","'2 mole","'98.69628906"
"'50","'LINE","'1 mol 2 mol","'98.49938202"
"'50","'LINE","'0.454 mol/2 mol = x/2 mol","'95.98350525"
"'50","'LINE","'0.312 mol/1 mol = x/2 mol","'97.27239990"
"'50","'LINE","'X = 0.454 mol of HC2H₃O₂","'88.81038666"
"'50","'LINE","'X = 0.624 mol of HC2H₃O₂","'94.59970856"
"'50","'LINE","'Therefore, the limiting reactant is acetaldehyde, CH₂CHO. It is the reactant that gives","'95.54992676"
"'50","'LINE","'lower yield in the above reaction. Oxygen is the excess reactant in the above reaction","'99.95524597"
"'50","'LINE","'since it gives higher yield.","'99.98046875"
"'50","'LINE","'Number of moles of HC2H₃O₂ produced = 0.454 mol","'96.51416016"
"'50","'LINE","'A. Amount of HC2H₃O₂ produced in grams = 0.454 mol X 60 g/mol = 27.2 g","'94.65570831"
"'50","'LINE","'B.","'70.83406067"
"'50","'LINE","'Calculate the amount of oxygen consumed using the product obtained by the","'99.97369385"
"'50","'LINE","'limiting reactant","'99.90074921"
"'50","'LINE","'X","'94.77738190"
"'50","'LINE","'0.454 mol","'98.50018311"
"'50","'LINE","'2CH3CHO + O2","'79.14703369"
"'50","'LINE","'2HC₂H₃O₂","'53.80979156"
"'50","'LINE","'1 mol","'98.26630402"
"'50","'LINE","'2 mol","'98.16814423"
"'50","'LINE","'44","'99.89257813"
"'51","'LINE","'Chemical Reactions and Stoichiometry","'99.85805511"
"'51","'LINE","'Amount of O2 consumed, X = 0.454 mol X 1 mol/2 mol = 0.227 mol","'95.38365936"
"'51","'LINE","'We started with 10 g of O2 or 0.312 mol, so the excess O2 = 0.312 - 0.227 =","'93.34909058"
"'51","'LINE","'0.085mol or 2.7 g.","'97.21789551"
"'51","'LINE","'Exercise 1.12","'98.99862671"
"'51","'LINE","'1. If 6.5 g of zinc reacts with 5.0 g of HCI, according to the following reaction.","'99.36949921"
"'51","'LINE","'Zn + 2HCI","'98.39611053"
"'51","'LINE","'ZnCl₂ + H2","'86.27796936"
"'51","'LINE","'a. Which substance is the limiting reactant?","'99.57267761"
"'51","'LINE","'b. How many grams of the reactant remain unreacted?","'99.95272064"
"'51","'LINE","'C. How many grams of hydrogen would be produced?","'98.00881195"
"'51","'LINE","'2. What mass of Na₂SO₄ is produced if 49 g of H2SO4 reacts with 80 g of","'93.88711548"
"'51","'LINE","'NaOH?","'97.06413269"
"'51","'LINE","'3. If 20 g of CaCO₃ and 25 g of HCI are mixed, what mass of CO2 is produced?","'96.74642944"
"'51","'LINE","'CaCO₃ + 2HCI","'85.25855255"
"'51","'LINE","'CaCl₂ + CO2 + H2O","'79.38571930"
"'51","'LINE","'4. If 3 moles of calcium react with 3 moles of oxygen, then","'99.83483887"
"'51","'LINE","'a. Which substance is the limiting reactant?","'99.59081268"
"'51","'LINE","'b. How many moles of calcium oxide are formed?","'99.95624542"
"'51","'LINE","'5. For the reaction: 2AI + 3H2SO₄ AI2(SO₄)₃ + 3H₂, how many grams of","'88.44723511"
"'51","'LINE","'hydrogen are produced if 0.8 mole of aluminum reacts with 1.0 mole of","'99.92363739"
"'51","'LINE","'sulphuric acid?","'99.90563202"
"'51","'LINE","'1.6.6 Theoretical, Actual and Percentage Yields","'99.85218811"
"'51","'LINE","'At the end of this section, students will be able to","'99.97676849"
"'51","'LINE","'describe theoretical, Actual and percentage yields;","'99.95864868"
"'51","'LINE","'calculate theoretical, Actual and percentage yields.","'99.93858337"
"'51","'LINE","'By Considering the preparation of 'Shiro' powder","'99.80233002"
"'51","'LINE","'from chickpeas at home, discuss in group the following","'99.96808624"
"'51","'LINE","'questions and present your conclusion to the class.","'99.96034241"
"'51","'LINE","'a. Have you noticed the amount of chickpeas before","'99.50350189"
"'51","'LINE","'and after the preparation of Shiro powder? Is it","'99.95850372"
"'51","'LINE","'possible for the amount of chickpeas to be equal","'99.95706177"
"'51","'LINE","'after and before making the Shiro powder? If not,","'99.97260284"
"'51","'LINE","'?","'90.22460938"
"'51","'LINE","'what is the reason?","'99.97050476"
"'51","'LINE","'b. How could the quantity of the Shiro powder","'99.98580933"
"'51","'LINE","'preparation be maximized?","'99.97369385"
"'51","'LINE","'C. How can you compare this analogy with the yield","'96.63526154"
"'51","'LINE","'of products in a chemical reaction?","'99.54756165"
"'51","'LINE","'Activity 1.9","'99.60937500"
"'51","'LINE","'45","'99.95117188"
"'52","'LINE","'Chemistry Grade 10","'99.94412994"
"'52","'LINE","'Many chemical reactions do not proceed to give 100 % yield for a number of reasons.","'98.85636139"
"'52","'LINE","'Some reactions generate unwanted products due to side reactions. Others are, by","'99.97932434"
"'52","'LINE","'nature incomplete. Some products are difficult to collect without loss which reduces","'99.95362854"
"'52","'LINE","'the yield. As a result, the actual yield (experimentally determined yield) of a product","'99.63957214"
"'52","'LINE","'is usually less than the theoretical yield (calculated yield). The theoretical yield is","'99.96050262"
"'52","'LINE","'the calculated amount of product that would be obtained if the reaction proceeds","'99.99699402"
"'52","'LINE","'completely. The measured amount of product obtained in any chemical reaction is","'99.98935699"
"'52","'LINE","'known as the actual yield.","'99.96452332"
"'52","'LINE","'The percentage yield is the ratio of the actual yield to the theoretical yield multiplied","'99.97564697"
"'52","'LINE","'by 100.","'99.98046875"
"'52","'LINE","'Measured amount","'99.98535156"
"'52","'LINE","'Actual yield","'99.87792969"
"'52","'LINE","'Percentage yield=","'99.72417450"
"'52","'LINE","'X 100%","'93.05335236"
"'52","'LINE","'Theoretical yield","'99.95117188"
"'52","'LINE","'Calculated","'99.93083954"
"'52","'LINE","'Example 1.34: What is the percent yield if 24.8 g of CaCO₃ is heated to give","'98.03735352"
"'52","'LINE","'13.1 g of CaO?","'97.65290833"
"'52","'LINE","'Solution","'100.00000000"
"'52","'LINE","'The actual yield of CaO (given in the problem!) is 13.1 g","'99.35119629"
"'52","'LINE","'Determine the theoretical yield using mass-mass relationship","'99.96372986"
"'52","'LINE","'24.8 g","'98.26132202"
"'52","'LINE","'X","'83.68941498"
"'52","'LINE","'CaCO3","'59.82521820"
"'52","'LINE","'CaO + CO2","'90.81227112"
"'52","'LINE","'100 g","'95.09117889"
"'52","'LINE","'56 g","'96.16659546"
"'52","'LINE","'x/(56 g) = (24.8 g)/(100 g)","'93.38345337"
"'52","'LINE","'X = 13.9 g is the theoretical yield of CaO","'98.68157959"
"'52","'LINE","'Actual yield of CaO","'98.76858521"
"'52","'LINE","'Percentage yield of CaO =","'98.02758026"
"'52","'LINE","'X 100","'93.08115387"
"'52","'LINE","'Theoretical yield of CaO","'99.05168915"
"'52","'LINE","'Percentage yield of CaO = (13.1 g )/(13.9 g) x100 = 94.2%","'96.63618469"
"'52","'LINE","'46","'99.85351563"
"'53","'LINE","'Chemical Reactions and Stoichiometry","'99.86801910"
"'53","'LINE","'Exercise 1.13","'99.40917969"
"'53","'LINE","'1. When 21.6 g of aluminum reacts with oxygen, 20.8 g of aluminum oxide is","'99.64734650"
"'53","'LINE","'produced. What is the percentage yield of aluminum oxide?","'99.89840698"
"'53","'LINE","'2. When 14.5 g of SO₂ reacts with 21 g of O₂, what will be the theoretical","'95.22074127"
"'53","'LINE","'yield and percentage yield of the reaction if the actual yield is 12 g?","'99.49761200"
"'53","'LINE","'3. In the reaction: 2C₈H₁₈ + 250₂","'88.98605347"
"'53","'LINE","'16CO2 + 18H₂, when 52.7 g of octane","'90.90092468"
"'53","'LINE","'(C₈H₁₈) burns in oxygen, the percentage yield of carbon dioxide is 82.5%.","'97.40850067"
"'53","'LINE","'What is the actual yield in grams?","'99.94641876"
"'53","'LINE","'Checklists for Reference","'99.99023438"
"'53","'LINE","'Balancing chemical equations","'99.98671722"
"'53","'LINE","'Oxidation","'100.00000000"
"'53","'LINE","'Chemical reaction","'99.99511719"
"'53","'LINE","'Oxidizing agents","'99.98007202"
"'53","'LINE","'Chemical equation","'99.97518921"
"'53","'LINE","'Percentage yield","'99.91539764"
"'53","'LINE","'Combination reaction","'99.95525360"
"'53","'LINE","'Products","'99.96014404"
"'53","'LINE","'Decomposition reaction","'99.97518921"
"'53","'LINE","'Percentage composition","'99.92028046"
"'53","'LINE","'Double displacement reaction","'99.93031311"
"'53","'LINE","'Redox reaction","'99.96054077"
"'53","'LINE","'Excess reactant","'99.97518921"
"'53","'LINE","'Reducing agents","'100.00000000"
"'53","'LINE","'Empirical formula","'99.87554169"
"'53","'LINE","'Reduction","'100.00000000"
"'53","'LINE","'Formula mass","'99.94100952"
"'53","'LINE","'Reactants","'99.96014404"
"'53","'LINE","'Limiting reactants","'99.95525360"
"'53","'LINE","'Single displacement reaction","'99.85411072"
"'53","'LINE","'Mass-mass problems","'99.92147827"
"'53","'LINE","'Stoichiometry","'99.56153870"
"'53","'LINE","'Mass-volume problems","'99.84175873"
"'53","'LINE","'Theoretical and actual yield","'99.97763062"
"'53","'LINE","'Molecular formula","'99.87554169"
"'53","'LINE","'Volume-volume problems","'99.75794983"
"'53","'LINE","'Mole concept","'99.99511719"
"'53","'LINE","'Unit Summary","'99.95077515"
"'53","'LINE","'Chemical equations are representations of chemical reactions using chemical","'99.98020172"
"'53","'LINE","'symbols and formulas.","'99.96691895"
"'53","'LINE","'In any reaction, the total mass of reactants equals the total mass of products","'99.96542358"
"'53","'LINE","'according to the law of conservation of mass. Thus, we should always balance","'99.94737244"
"'53","'LINE","'chemical equations.","'99.95525360"
"'53","'LINE","'Chemical reactions can be classified as combination, decomposition, single","'99.90852356"
"'53","'LINE","'displacement or double displacement reactions.","'99.82916260"
"'53","'LINE","'When a substance loses electron (s) or increases its oxidation number in a","'99.76744843"
"'53","'LINE","'reaction, the process is oxidation and when a substance gains electron (s) or","'99.79386139"
"'53","'LINE","'decreases its oxidation number, the process is reduction.","'99.95047760"
"'53","'LINE","'Oxidizing agents are substances reduced, and reducing agents are the","'99.94736481"
"'53","'LINE","'substances oxidized in reduction - - oxidation (redox) reaction.","'96.34958649"
"'53","'LINE","'Reactions in which neither oxidation nor reduction takes place are non-redox","'99.96611786"
"'53","'LINE","'reactions. Neutralization and double displacement reactions are examples of","'99.90383148"
"'53","'LINE","'47","'99.67693329"
"'54","'LINE","'Chemistry Grade 10","'99.93110657"
"'54","'LINE","'non-redox reactions.","'99.81854248"
"'54","'LINE","'Molecular mass or formula mass expressed in grams is called molar mass. Molar","'99.93340302"
"'54","'LINE","'mass is the mass of one mole of a substance.","'99.78887939"
"'54","'LINE","'A mole is defined as the amount of a substance that contains the same number","'98.52854156"
"'54","'LINE","'of entities as there are atoms in exactly 12 g of carbon-12. 12 g of carbon-12","'98.95932770"
"'54","'LINE","'contains 6.022x10²³ atoms. This number is known as Avogadro's number (NA).","'98.02688599"
"'54","'LINE","'Empirical formula (or simplest formula) for a compound is the formula of a","'99.61239624"
"'54","'LINE","'substance written with the smallest ratio (whole number ratio) subscripts. The","'99.96575928"
"'54","'LINE","'molecular formula is the actual formula that tells you the exact number of atoms","'99.83654785"
"'54","'LINE","'of different elements present in a molecule.","'99.23207092"
"'54","'LINE","'In chemical reactions, the quantitative relationship between reactants and","'99.94251251"
"'54","'LINE","'products is called stoichiometry. There are mainly mass-mass, mass volume and","'99.91834259"
"'54","'LINE","'volume-volume stoichiometric relations","'99.60160065"
"'54","'LINE","'The reactant completely consumed first in a reaction is called the limiting","'99.78130341"
"'54","'LINE","'reactant. The reactants present in quantities greater than necessary to react","'99.93854523"
"'54","'LINE","'with the quantity of the limiting reactants are excess reactants","'99.97241211"
"'54","'LINE","'In chemical reactions, the actual (experimentally determined) yield of a product","'99.44165039"
"'54","'LINE","'is usually less than the theoretical (calculated) yield. The percentage yield is the","'99.97121429"
"'54","'LINE","'ratio of the actual yield to the theoretical yield multiplied by 100.","'99.97369385"
"'54","'LINE","'Review Exercises","'99.98046875"
"'54","'LINE","'Part I: True-false type questions.","'99.35646820"
"'54","'LINE","'1.","'99.32298279"
"'54","'LINE","'In any chemical reaction, each type of atoms is conserved.","'99.95264435"
"'54","'LINE","'2.","'99.97070313"
"'54","'LINE","'In a balanced chemical equation, both sides of the equation have the same","'99.85944366"
"'54","'LINE","'number of moles.","'99.99674225"
"'54","'LINE","'3.","'99.95117188"
"'54","'LINE","'The oxidizing agent is oxidized by the reducing agent.","'99.97369385"
"'54","'LINE","'4.","'99.95117188"
"'54","'LINE","'Most metallic elements are strong reducing agents, whereas most non-metallic","'99.97550964"
"'54","'LINE","'elements are strong oxidizing agents.","'99.95443726"
"'54","'LINE","'5.","'99.92187500"
"'54","'LINE","'The higher the percentage yields of a chemical reaction, the more efficient the","'99.75131989"
"'54","'LINE","'reaction.","'99.92028046"
"'54","'LINE","'Part II: Write the missing words for each of the following.","'99.89091492"
"'54","'LINE","'6.","'99.91210938"
"'54","'LINE","'The oxidation number of manganese in KMnO₄ is","'99.35598755"
"'54","'LINE","'.","'87.83980560"
"'54","'LINE","'7.","'99.92107391"
"'54","'LINE","'The maximum yield of product is determined by","'99.97914886"
"'54","'LINE","'reactant.","'99.93083954"
"'54","'LINE","'8.","'99.97070313"
"'54","'LINE","'Reactions which do not involve electron transfer are known as","'99.95182800"
"'54","'LINE","'.","'86.98850250"
"'54","'LINE","'9.","'99.92187500"
"'54","'LINE","'The sum of masses of all the atoms present in a molecule is","'99.81163025"
"'54","'LINE","'.","'87.25974274"
"'54","'LINE","'10. The sum of the atomic masses of all atoms present in the formula unit of an ionic","'99.94178772"
"'54","'LINE","'compound is","'99.94140625"
"'54","'LINE","'.","'86.81252289"
"'54","'LINE","'11.","'97.26004791"
"'54","'LINE","'is the formula of a substance written with the smallest integer","'99.74241638"
"'54","'LINE","'(whole number) subscripts.","'99.85790253"
"'54","'LINE","'12.","'99.54101563"
"'54","'LINE","'is the actual formula that tells you the exact number of atoms of","'99.63381195"
"'54","'LINE","'different elements present in a molecule.","'99.76718140"
"'54","'LINE","'48","'99.93164063"
"'55","'LINE","'Chemical Reactions and Stoichiometry","'99.85824585"
"'55","'LINE","'Part III: Multiple choice questions.","'99.91294861"
"'55","'LINE","'13. Which of the following contains the largest number of H2O molecules ?","'97.49707031"
"'55","'LINE","'a. 1 mole of H2O","'92.96484375"
"'55","'LINE","'C. 6.02 X 10²³ molecules of H2O","'89.49346924"
"'55","'LINE","'b. 18 g of H2O","'95.64138031"
"'55","'LINE","'d. 1 kg of H2O","'93.96922302"
"'55","'LINE","'14. The formula mass of Ca₃(PO₄)₂ is","'96.99121857"
"'55","'LINE","'a. 310","'99.57410431"
"'55","'LINE","'d. 120","'99.87673187"
"'55","'LINE","'b. 87","'99.92187500"
"'55","'LINE","'e. none","'99.04576111"
"'55","'LINE","'C. 200","'91.89990997"
"'55","'LINE","'15. One mole of two different substances A and B have equal","'97.73931122"
"'55","'LINE","'a. number of particles","'99.75675201"
"'55","'LINE","'d. molecular mass","'99.93463135"
"'55","'LINE","'b. molar mass","'99.94791412"
"'55","'LINE","'e. percentage composition of the","'99.59439087"
"'55","'LINE","'C. formula mass","'95.09180450"
"'55","'LINE","'elements","'99.99023438"
"'55","'LINE","'Part IV: Problem - solving questions.","'98.05154419"
"'55","'LINE","'Solve the following problems appropriately.","'99.96437073"
"'55","'LINE","'16. Calculate the molecular masses (in amu) of the following compounds:","'99.90761566"
"'55","'LINE","'a. sulphur dioxide (SO₂), a gas that is responsible for acid rain, and","'99.17836761"
"'55","'LINE","'b.","'99.92187500"
"'55","'LINE","'caffeine (C₈H₁₀N₄O₂), a stimulant present in tea, coffee, and cola","'92.63265228"
"'55","'LINE","'beverages.","'99.83079529"
"'55","'LINE","'17. How many moles of CO2 are present in 176 g of CO₂ ?","'93.39655304"
"'55","'LINE","'18. How many grams of oxygen can be prepared by the decomposition of 12","'99.92926025"
"'55","'LINE","'grams of mercury (II) oxide?","'99.64580536"
"'55","'LINE","'19. 25 g of NH₃ is mixed with 4 moles of O₂ in the given reaction:","'94.75676727"
"'55","'LINE","'4NH₃(g) + 50₂(g)","'70.74102783"
"'55","'LINE","'4NO(g) + 6H2O(I)","'77.94303894"
"'55","'LINE","'a. Which is the limiting reactant?","'99.64421844"
"'55","'LINE","'b. What mass of NO is formed?","'99.92828369"
"'55","'LINE","'C. What mass of H2O is formed?","'91.75490570"
"'55","'LINE","'20. Consider the following reaction: 2N2O₅","'92.63269806"
"'55","'LINE","'4NO₂(g)+ O₂(g)","'21.62129211"
"'55","'LINE","'When 40 g of N₂O₅ decomposes, 4.5 g of O2 is formed. What is the percent","'95.52086639"
"'55","'LINE","'yield?","'99.87145233"
"'55","'LINE","'21. Two compounds have the same composition: 85.62% C and 14.38% H.","'94.64008331"
"'55","'LINE","'a. Obtain the empirical formula corresponding to this composition.","'99.81587219"
"'55","'LINE","'b. One of the compounds has a molecular mass of 28.03 amu; the other, of","'99.91576385"
"'55","'LINE","'56.06 amu. Obtain the molecular formulas of both compounds.","'99.92072296"
"'55","'LINE","'22. A borane has the empirical formula BH₃ and a molecular mass of 28 amu. What","'97.50370789"
"'55","'LINE","'is its molecular formula?","'99.89078522"
"'55","'LINE","'23. The percentage composition of acetic acid is found to be 39.9% C, 6.7% H, and","'98.47592926"
"'55","'LINE","'53.4% o and its molecular mass was determined by experiment to be 60 amu.","'98.15352631"
"'55","'LINE","'Calculate the empirical and molecular formula of acetic acid.","'99.89271545"
"'55","'LINE","'49","'99.83398438"
"'56","'LINE","'Chemistry Grade 10","'99.95389557"
"'56","'LINE","'24. Balance the following equations using any method :","'95.17951965"
"'56","'LINE","'a. H3BO3 H₄B₆O₁₁ + H2O","'73.00582123"
"'56","'LINE","'b. P₂I₄ + P₄ + H2O PH 1 + H₃PO₄","'69.83671570"
"'56","'LINE","'C. HCIO₄ + P₄O₁₀ H3PO4 + CI2O₇","'69.13031769"
"'56","'LINE","'d. H₂S + HNO3 S + NO + H2O","'88.33820343"
"'56","'LINE","'e. H2SO4 + HBr SO₂ + Br₂ + H2O","'86.65849304"
"'56","'LINE","'f. KMnO₄ + HCI","'96.21178436"
"'56","'LINE","'MnCl₂ +CI₂ + KCI +H2O","'75.17845154"
"'56","'LINE","'g. K + KNO₃ N2 + K₂O","'84.58944702"
"'56","'LINE","'50","'99.76562500"
"'57","'LINE","'Expanded solute","'99.92107391"
"'57","'LINE","'Solute","'99.99023438"
"'57","'LINE","'Solvent","'99.95037079"
"'57","'LINE","'Expanded solve.","'91.76977539"
"'57","'LINE","'Step 2","'99.56871796"
"'57","'LINE","'Step I","'79.63069916"
"'57","'LINE","'Step 3","'99.23967743"
"'57","'LINE","'Step 3","'99.25840759"
"'57","'LINE","'Solution","'99.97070313"
"'57","'LINE","'Solution","'77.55879211"
"'57","'LINE","'Colloid","'53.61706543"
"'57","'LINE","'UNIT","'98.29101563"
"'57","'LINE","'SOLUTIONS","'99.99023438"
"'57","'LINE","'Unit Outcomes","'99.96542358"
"'57","'LINE","'At the end of this unit, you will be able to","'99.93048096"
"'57","'LINE","'explain the types of solutions;","'99.99202728"
"'57","'LINE","'describe the solution formation process, the rate of dissolution, the heat of","'99.98922729"
"'57","'LINE","'solution and solubility;","'99.97342682"
"'57","'LINE","'describe the dependence of solubility on temperature & pressure of","'99.97924805"
"'57","'LINE","'solution;","'99.95037079"
"'57","'LINE","'solve problems involving concentration of solutions;","'99.98671722"
"'57","'LINE","'express the concentration of solutions in various units;","'99.96888733"
"'57","'LINE","'describe, using the concept of equilibrium, the behavior of ionic solutes in","'99.93776703"
"'57","'LINE","'solutions that are unsaturated, saturated and supersaturated;","'99.95455933"
"'57","'LINE","'prepare solutions of required concentration by dissolving a solute or","'99.31407928"
"'57","'LINE","'diluting a concentrated solution;","'99.12916565"
"'57","'LINE","'demonstrate scientific inquiry skills along this unit: observing, classifying,","'99.95462799"
"'57","'LINE","'comparing & contrasting, communicating, measuring, asking questions,","'99.92608643"
"'57","'LINE","'drawing conclusion, applying concept and problem solving.","'99.97583008"
"'58","'LINE","'Chemistry Grade 10","'99.95090485"
"'58","'LINE","'Start-up Activity","'99.76562500"
"'58","'LINE","'1. Consider a patient whose health condition is","'99.66909027"
"'58","'LINE","'deteriorated and require a quick recovery.","'99.78631592"
"'58","'LINE","'a. If you were a physician treating the patient,","'98.69445801"
"'58","'LINE","'would you recommend an IV fluid or a capsule?","'99.45170593"
"'58","'LINE","'b. Discuss the differences among isotonic,","'99.95701599"
"'58","'LINE","'hypotonic, and hypertonic solutions. Which","'99.99202728"
"'58","'LINE","'solution would you administer to a patient who","'99.50469208"
"'58","'LINE","'is suffering from dehydration due to excessive","'99.98453522"
"'58","'LINE","'diarrhea? Discuss in a group and present your","'99.81370544"
"'58","'LINE","'conclusions to the class.","'99.94284821"
"'58","'LINE","'2. Recall from the previous grades that matter is","'99.98905945"
"'58","'LINE","'classified into pure substances (elements and","'99.96027374"
"'58","'LINE","'compounds) and mixtures. To refresh your memory","'99.26416016"
"'58","'LINE","'of substances and mixtures from the general","'99.99430847"
"'58","'LINE","'sciences, form a group of four students each, discuss","'99.87960052"
"'58","'LINE","'and complete the missing information labeled as A,","'96.64749908"
"'58","'LINE","'B, C, D, E, and F in the concept map shown below.","'94.74043274"
"'58","'LINE","'Matter","'99.99023438"
"'58","'LINE","'Physically","'100.00000000"
"'58","'LINE","'A","'96.45408630"
"'58","'LINE","'B","'67.91533661"
"'58","'LINE","'Combined","'99.96014404"
"'58","'LINE","'Chemically","'99.79173279"
"'58","'LINE","'F","'99.73552704"
"'58","'LINE","'E","'99.44595337"
"'58","'LINE","'D","'99.91131592"
"'58","'LINE","'C","'47.01829529"
"'58","'LINE","'Combined","'99.95037079"
"'58","'LINE","'Solutions","'99.96014404"
"'58","'LINE","'Colloids","'99.96014404"
"'58","'LINE","'Suspensions","'100.00000000"
"'58","'LINE","'O2","'63.13436508"
"'58","'LINE","'CO2","'92.40832520"
"'58","'LINE","'Coke","'100.00000000"
"'58","'LINE","'Water &","'99.88281250"
"'58","'LINE","'Cl2","'44.08501816"
"'58","'LINE","'Paint","'99.93083954"
"'58","'LINE","'Water","'99.95037079"
"'58","'LINE","'Tea","'99.89098358"
"'58","'LINE","'oil","'99.91131592"
"'58","'LINE","'Zn","'99.10255432"
"'58","'LINE","'Fog","'99.95037079"
"'58","'LINE","'NaCl","'73.64456940"
"'58","'LINE","'Cu","'99.12548065"
"'58","'LINE","'Brass","'99.97070313"
"'58","'LINE","'Sand &","'99.79492188"
"'58","'LINE","'Milk","'99.99023438"
"'58","'LINE","'Sugar","'99.97070313"
"'58","'LINE","'Air","'99.96093750"
"'58","'LINE","'water","'99.99023438"
"'58","'LINE","'Pb","'99.84215546"
"'58","'LINE","'Ice cream","'99.85800171"
"'58","'LINE","'amalgam","'99.96014404"
"'58","'LINE","'Honey","'99.99023438"
"'58","'LINE","'Spaghetti","'99.95037079"
"'58","'LINE","'sauce","'99.81285858"
"'58","'LINE","'Note: Mixtures have the following general properties","'99.98152161"
"'58","'LINE","'In a mixture each component keeps its original properties.","'99.89649963"
"'58","'LINE","'The separation of components can be easily done.","'99.97904968"
"'58","'LINE","'The proportion of the components is variable.","'99.97035980"
"'58","'LINE","'Mixtures can be converted into component substances by physical process and vice","'99.96366119"
"'58","'LINE","'versa. Whereas a substance is a single kind of matter that has definite physical","'99.81219482"
"'58","'LINE","'and chemical properties regardless of its source or the way it is made and cannot","'99.97775269"
"'58","'LINE","'be separated into other kinds of matter by any physical process. Thus, substances","'99.97628021"
"'58","'LINE","'(compounds and elements) are inter-converted through chemical process only.","'99.92849731"
"'58","'LINE","'52","'99.84375000"
"'59","'LINE","'Solutions","'99.95037079"
"'59","'LINE","'2.1","'99.75347137"
"'59","'LINE","'Heterogeneous and Homogeneous Mixtures","'99.94833374"
"'59","'LINE","'At the end of this section, students will be able to","'99.98217010"
"'59","'LINE","'define the terms mixture, homogeneous and heterogeneous mixtures;","'99.93919373"
"'59","'LINE","'distinguish between homogeneous and heterogeneous mixtures.","'99.90563202"
"'59","'LINE","'Form a group, perform the following activity and","'99.85224915"
"'59","'LINE","'present your conclusions to the class.","'99.94535828"
"'59","'LINE","'1. Classify each of the mixtures- sand + water, coffee,","'99.49017334"
"'59","'LINE","'tea; seawater, air, brass; steel, natural gas, pizza,","'99.96786499"
"'59","'LINE","'vinegar, vegetable salad, and fruit punch as","'99.91945648"
"'59","'LINE","'a. Homogeneous if it has a uniform composition or","'99.54243469"
"'59","'LINE","'b. Heterogeneous if it is an insoluble mixture of","'99.88374329"
"'59","'LINE","'substances and has non-uniform composition.","'99.88301086"
"'59","'LINE","'C. Where do you categorize blood, milk, butter","'97.32227325"
"'59","'LINE","'Activity 2.1","'99.64843750"
"'59","'LINE","'and cloud: to homo or hetero?","'99.95252991"
"'59","'LINE","'Mixtures are combinations of two or more substances in which the individual substances","'99.93077850"
"'59","'LINE","'keep their own properties. Components of mixtures (unlike those of compounds) can","'99.91560364"
"'59","'LINE","'have variable proportions, can be separated physically, and retain their properties.","'99.97293091"
"'59","'LINE","'Mixtures are part of your daily life. The air you breathe the food you eat, most of the","'99.55023956"
"'59","'LINE","'medications you use, the skin and hair products such as body lotion and shampoo, etc.","'99.72466278"
"'59","'LINE","'are all mixtures. There are two types of mixtures: homogeneous and heterogeneous","'99.93647003"
"'59","'LINE","'mixtures.","'99.92028046"
"'59","'LINE","'A homogeneous mixture is a mixture in which the composition is uniform throughout","'98.42612457"
"'59","'LINE","'the mixture. i.e., it has no visible boundaries the components are evenly distributed","'99.93083954"
"'59","'LINE","'throughout the entire mixture. Often it is easy to confuse a homogeneous mixture","'99.85055542"
"'59","'LINE","'with a pure substance because they are both uniform. The difference is that the","'99.85198975"
"'59","'LINE","'composition of the substance is always the same/constant regardless of the source or","'99.75885010"
"'59","'LINE","'the way it is made. NaCl, for instance, is always formed in a ratio of 23 is to 35.5 by","'99.34270477"
"'59","'LINE","'mass. But a homogeneous mixture of NaCl and water may be formed by combining","'99.18774414"
"'59","'LINE","'them in various proportions; 5 g in 100 g or 10 g in 100 g water; would all give a","'99.71388245"
"'59","'LINE","'homogeneous mixture of NaCl and water called a solution. When a spoonful of sugar","'98.31703949"
"'59","'LINE","'dissolves in water, the composition of the mixture, after sufficient stirring, is the same","'99.94699860"
"'59","'LINE","'throughout the solution. This solution is a homogeneous mixture.","'99.85781097"
"'59","'LINE","'A heterogeneous mixture is a mixture that consists of physically distinct parts, each","'98.73186493"
"'59","'LINE","'with different properties. This type of mixtures has at least two visible phases. Mixture","'99.95606995"
"'59","'LINE","'of oil and water, wood ash and water, sand and water, etc. are good examples.","'99.98101807"
"'59","'LINE","'53","'99.59960938"
"'60","'LINE","'Chemistry Grade 10","'99.92785645"
"'60","'LINE","'2.1.1 Suspensions, Solutions, Colloids","'99.33862305"
"'60","'LINE","'At the end of this section, students will be able to","'99.97403717"
"'60","'LINE","'describe a suspension;","'99.57290649"
"'60","'LINE","'define the terms solute, solvent, solution;","'99.97355652"
"'60","'LINE","'explain the different types of solutions;","'99.96691895"
"'60","'LINE","'give examples for each types of solutions;","'99.98721313"
"'60","'LINE","'present a report on how jewelry gold is made to class after a visit to nearby","'99.77277374"
"'60","'LINE","'goldsmith;","'99.97070313"
"'60","'LINE","'describe a colloid.","'99.04223633"
"'60","'LINE","'A.","'63.89768219"
"'60","'LINE","'Suspensions","'100.00000000"
"'60","'LINE","'Mixtures can further be classified into suspensions, colloids, and solutions. A suspension","'99.32427979"
"'60","'LINE","'is a heterogeneous mixture in which the solid particles are spread throughout the","'99.87402344"
"'60","'LINE","'liquid without dissolving in it. A mixture of chalk and water, sand and water, mixture","'98.88424683"
"'60","'LINE","'of slaked lime (calcium hydroxide) and water, muddy water are some examples.","'99.94542694"
"'60","'LINE","'B.","'65.49207306"
"'60","'LINE","'Solutions","'99.99023438"
"'60","'LINE","'Solutions are all around US. The air we breathe and much of what we drink for","'99.70897675"
"'60","'LINE","'example, soda, coffee, and tea, and the fluids in our body are all solutions. A solution","'98.66189575"
"'60","'LINE","'is a homogeneous mixture of a solute dissolved in a solvent. Because of dissolution of","'99.48934174"
"'60","'LINE","'solute in solvent, the particles in solution are of the size of individual atoms, molecules","'99.96778107"
"'60","'LINE","'or ions. The solvent part of the solution is usually a liquid but can be a gas or a solid","'99.38650513"
"'60","'LINE","'(see types of solutions in subsequent section). Generally, the major component of the","'99.95349884"
"'60","'LINE","'solution is called solvent, and the minor component is called solute. If both components","'99.94839478"
"'60","'LINE","'in a solution are 50%, the term solute can be assigned to either component. When","'99.81262207"
"'60","'LINE","'a gaseous or solid material dissolves in a liquid, the gas or solid material is called","'99.81379700"
"'60","'LINE","'the solute. When two liquids dissolve in each other, the major component is called the","'99.97038269"
"'60","'LINE","'solvent and the minor component is called the solute.","'99.97360229"
"'60","'LINE","'Note that all solutions are homogeneous mixtures but not all homogeneous mixtures","'99.93125916"
"'60","'LINE","'are solutions.","'99.94100952"
"'60","'LINE","'Properties of Solutions","'99.96040344"
"'60","'LINE","'A solution has a single uniform phase and has no visible boundaries because the","'98.94289398"
"'60","'LINE","'components are individual atoms, ions, or molecules. These components do not settle","'99.95715332"
"'60","'LINE","'upon standing or separate by filtration.","'99.83268738"
"'60","'LINE","'The particles of a solution are very small that they can pass through the pores","'99.91484833"
"'60","'LINE","'of even fine filter paper. So, solute cannot be separated from the solvent by","'99.97872925"
"'60","'LINE","'filtration.","'99.36224365"
"'60","'LINE","'The solutions are very stable; the components do not separate, neither coagulate","'99.94129181"
"'60","'LINE","'upon standing.","'99.81575012"
"'60","'LINE","'54","'99.73632813"
"'61","'LINE","'Solutions","'99.95037079"
"'61","'LINE","'Note: Although the components of a solution may not be separated by settling","'99.90919495"
"'61","'LINE","'(sedimentation) or filtration the solute can be separated from the solvent by other","'99.86852264"
"'61","'LINE","'physical processes. For example, a solution of sodium chloride and water can be","'99.89405060"
"'61","'LINE","'separated by distillation or evaporation.","'99.92677307"
"'61","'LINE","'Types of Solutions","'99.98020172"
"'61","'LINE","'Although we usually think of solutions as liquid, they can exist in all three physical","'99.96989441"
"'61","'LINE","'states: solid, liquid, and gas.","'99.98421478"
"'61","'LINE","'i. Gaseous solutions: Gaseous solutions are usually described as gas-gas solutions","'99.89000702"
"'61","'LINE","'where both solute and solvent are gases. The atmosphere is a gaseous solution that","'99.92085266"
"'61","'LINE","'consists of nitrogen, oxygen, argon, carbon dioxide, water (in the form of vapor),","'99.90763092"
"'61","'LINE","'methane, and some other minor components. The major component (Nitrogen) is","'99.95488739"
"'61","'LINE","'regarded as a solvent and the other components are regarded as solute. Other","'99.81319427"
"'61","'LINE","'example is natural gas (See unit 6 for details).","'99.93427277"
"'61","'LINE","'ii. Liquid solutions: Solids, liquids and gases dissolve in a liquid solvent to form","'99.83322906"
"'61","'LINE","'liquid solutions. Some examples include carbonated beverage (gas and liquid),","'99.96322632"
"'61","'LINE","'alcoholic beverage (liquid in liquid), and sea water (solid in liquid). Note that in","'99.95269775"
"'61","'LINE","'liquid solutions the solute can be a solid, a liquid, or a gas but the solvent is always","'99.84383392"
"'61","'LINE","'a liquid.","'99.40977478"
"'61","'LINE","'iii. Solid solutions: Many alloys, ceramics, and polymer blends are solid solutions.","'99.91139984"
"'61","'LINE","'Solid solutions have no restriction on the state of the solute but the solvent has to","'99.96292877"
"'61","'LINE","'be solid. Alloys are solid-solid solutions. Dental filling solution is a good example","'99.89216614"
"'61","'LINE","'of liquid (mercury)-solid (silver) solution. Other examples of solid solutions include","'99.86759186"
"'61","'LINE","'wax, and H2 in Pd (gas in solid; used for hydrogen storage).","'97.41772461"
"'61","'LINE","'Project 2.1","'99.79003906"
"'61","'LINE","'Do you know how jewellery gold is made? Form a self-manged group, pay a visit to","'99.63666534"
"'61","'LINE","'the nearby goldsmith, and report your experiences to the class.","'99.92450714"
"'61","'LINE","'Exercise 2.1","'99.73552704"
"'61","'LINE","'1.","'99.21475983"
"'61","'LINE","'Complete the following table using examples that are not previously","'99.96623993"
"'61","'LINE","'mentioned in this textbook.","'99.97274780"
"'61","'LINE","'55","'99.87224579"
"'62","'LINE","'Chemistry Grade 10","'99.94113922"
"'62","'LINE","'Solute","'100.00000000"
"'62","'LINE","'Solvent","'99.87065887"
"'62","'LINE","'State of the","'99.96745300"
"'62","'LINE","'Example","'99.96014404"
"'62","'LINE","'solution","'99.96014404"
"'62","'LINE","'Gas","'99.95037079"
"'62","'LINE","'Gas","'99.95037079"
"'62","'LINE","'Gas","'99.96014404"
"'62","'LINE","'Gas","'99.96014404"
"'62","'LINE","'Liquid","'99.96014404"
"'62","'LINE","'Liquid","'99.96014404"
"'62","'LINE","'Liquid","'99.96014404"
"'62","'LINE","'Liquid","'99.96014404"
"'62","'LINE","'Liquid","'99.96014404"
"'62","'LINE","'Solid","'100.00000000"
"'62","'LINE","'Liquid","'99.96014404"
"'62","'LINE","'Liquid","'99.96014404"
"'62","'LINE","'Solid","'100.00000000"
"'62","'LINE","'solid","'100.00000000"
"'62","'LINE","'solid","'100.00000000"
"'62","'LINE","'Gas","'99.99023438"
"'62","'LINE","'solid","'100.00000000"
"'62","'LINE","'solid","'100.00000000"
"'62","'LINE","'liquid","'100.00000000"
"'62","'LINE","'solid","'100.00000000"
"'62","'LINE","'solid","'100.00000000"
"'62","'LINE","'Mercury in zinc amalgam","'99.91335297"
"'62","'LINE","'2.","'99.97070313"
"'62","'LINE","'Classify each of the following as homogeneous or heterogeneous mixtures","'99.91799164"
"'62","'LINE","'and discuss their composition.","'99.95018005"
"'62","'LINE","'a) glass b) sand c) Cement d) water gas e) producer gas.","'99.54910278"
"'62","'LINE","'C.","'86.44850159"
"'62","'LINE","'Colloids","'99.96014404"
"'62","'LINE","'A colloid is a heterogeneous mixture in which insoluble particles of one or more","'99.34230042"
"'62","'LINE","'substances are suspended uniformly throughout another substance.","'99.90342712"
"'62","'LINE","'Properties of Colloids","'99.95715332"
"'62","'LINE","'A colloid (or colloidal solution) appears to be homogeneous but actually, it is","'99.39727783"
"'62","'LINE","'heterogeneous upon closer inspection.","'99.79093933"
"'62","'LINE","'The size of particles in a colloid is bigger than those in a true solution but smaller","'99.78264618"
"'62","'LINE","'than those in a suspension. It is between 1 nm and 100 nm in diameter.","'99.66427612"
"'62","'LINE","'The particles of a colloid can pass through a filter paper. So, a colloid cannot be","'99.77236176"
"'62","'LINE","'separated by filtration.","'99.87716675"
"'62","'LINE","'There are two phases in colloidal solution. They are known as the dispersed phase","'99.95216370"
"'62","'LINE","'and the dispersion medium. The component present in smaller proportions is the","'99.96535492"
"'62","'LINE","'dispersed phase while the one present in greater proportion is the dispersion","'99.97702026"
"'62","'LINE","'medium.","'99.96014404"
"'62","'LINE","'Colloids are quite stable. The particles do not separate on keeping.","'99.97758484"
"'62","'LINE","'A colloid (or a colloidal solution) scatters a beam of light passing through it","'98.59379578"
"'62","'LINE","'(because its particles are fairly large). As a result, these rays as well as colloidal","'99.84222412"
"'62","'LINE","'particles become visible. The phenomenon in which the particle in a colliod scatter","'99.90006256"
"'62","'LINE","'the beams of light that are directed at them and make the path of the light beam","'99.97104645"
"'62","'LINE","'visible is called Tyndall effect (Figure 2.1). This effect is not observed in true","'99.82946777"
"'62","'LINE","'solutions. You may expect suspensions to display Tyndall effect. But the Tyndall","'99.95275116"
"'62","'LINE","'effect in suspensions disappear as the particles settle down.","'99.94729614"
"'62","'LINE","'56","'99.76562500"
"'63","'LINE","'Solutions","'99.95037079"
"'63","'LINE","'Solution","'97.43463135"
"'63","'LINE","'Colloid*","'76.13281250"
"'63","'LINE","'Figure 2.1 The light beam is not visible as it passes through true solution (left) but it is","'99.87972260"
"'63","'LINE","'clearly visible when it passes through a colloid (right).","'99.83801270"
"'63","'LINE","'Types of Colloids","'99.99674225"
"'63","'LINE","'Depending upon the state of matter present in the dispersed (internal) and dispersion","'99.96789551"
"'63","'LINE","'(external or continuous) medium there are 8 different types of colloidal solutions","'99.87078857"
"'63","'LINE","'(Table 2.1).","'98.80540466"
"'63","'LINE","'Table 2.1 Types of colloids.","'99.84848785"
"'63","'LINE","'Dispersed","'100.00000000"
"'63","'LINE","'Dispersing","'100.00000000"
"'63","'LINE","'Type","'99.96014404"
"'63","'LINE","'Example","'100.00000000"
"'63","'LINE","'Phase","'100.00000000"
"'63","'LINE","'Medium","'99.96014404"
"'63","'LINE","'Liquid","'99.96014404"
"'63","'LINE","'Gas","'99.96014404"
"'63","'LINE","'Aerosol","'100.00000000"
"'63","'LINE","'Fog, clouds, mist","'99.97369385"
"'63","'LINE","'Solid","'100.00000000"
"'63","'LINE","'Gas","'99.96014404"
"'63","'LINE","'Aerosol","'100.00000000"
"'63","'LINE","'Smoke, automobile exhaust","'99.94685364"
"'63","'LINE","'Gas","'99.96014404"
"'63","'LINE","'Liquid","'100.00000000"
"'63","'LINE","'Foam","'99.92028046"
"'63","'LINE","'Shaving cream","'99.98535156"
"'63","'LINE","'Liquid","'99.96014404"
"'63","'LINE","'Liquid","'99.96014404"
"'63","'LINE","'Emulsion","'100.00000000"
"'63","'LINE","'Milk, face cream","'99.97369385"
"'63","'LINE","'Solid","'100.00000000"
"'63","'LINE","'Liquid","'100.00000000"
"'63","'LINE","'Sol","'99.92028046"
"'63","'LINE","'Milk of magnesia, mud","'99.98027039"
"'63","'LINE","'Gas","'99.96014404"
"'63","'LINE","'Solid","'100.00000000"
"'63","'LINE","'Foam","'99.92028046"
"'63","'LINE","'Foam, rubber, sponge, pumice","'99.95769501"
"'63","'LINE","'Liquid","'100.00000000"
"'63","'LINE","'Solid","'100.00000000"
"'63","'LINE","'Gel","'99.96014404"
"'63","'LINE","'Jelly, cheese, butter","'99.97017670"
"'63","'LINE","'Solid","'100.00000000"
"'63","'LINE","'Solid","'100.00000000"
"'63","'LINE","'Solid sol","'99.81246185"
"'63","'LINE","'Colored Gemstone, milky glass","'99.94773102"
"'63","'LINE","'Form a group and discuss the following phenomenon","'99.80628204"
"'63","'LINE","'?","'89.98046875"
"'63","'LINE","'and present your conclusions to the class.","'99.95304871"
"'63","'LINE","'1. The sky appears blue at day time but red at sunrise","'99.94507599"
"'63","'LINE","'and sunset. Why?","'99.95362854"
"'63","'LINE","'2. How is rainbow formed?","'99.96647644"
"'63","'LINE","'3. Is soap a substance or a mixture?","'99.68872070"
"'63","'LINE","'Activity 2.2","'99.93164063"
"'63","'LINE","'Coagulation","'99.96014404"
"'63","'LINE","'Coagulation is the process by which the dispersed phase of a colloid is made to","'99.93203735"
"'63","'LINE","'aggregate and thereby separate from the continuous phase. The curdling of milk","'99.98257446"
"'63","'LINE","'when it sours is an example of coagulation.","'99.88834381"
"'63","'LINE","'57","'99.15039063"
"'64","'LINE","'Chemistry Grade 10","'99.95090485"
"'64","'LINE","'Project 2.2","'99.88729858"
"'64","'LINE","'Read on ""cloud seeding"" technology and understand the mechanism. Then, prepare","'99.82539368"
"'64","'LINE","'for a conversation to argue for or against on the intervention of this technology on the","'99.89042664"
"'64","'LINE","'natural water cycle to produce artificial rain. You may seek information from Internet.","'99.95562744"
"'64","'LINE","'Your teacher will organize the conversation session.","'99.95304871"
"'64","'LINE","'Association of colloids","'99.99349213"
"'64","'LINE","'When molecules or ions that have both a hydrophobic (nonpolar, water hating) and","'99.87177277"
"'64","'LINE","'a hydrophilic (polar, water loving) end are dispersed in water, they associate, or","'99.85887909"
"'64","'LINE","'aggregate, to form colloidal-sized particles called micelles. The hydrophobic end","'99.95639038"
"'64","'LINE","'point inward toward one another and the hydrophilic ends are on the outside of the","'99.98822784"
"'64","'LINE","'micelle facing the water molecules. A colloid in which the dispersed phase consists of","'98.77944946"
"'64","'LINE","'micelles is called an association colloid. Ordinary soap in water provides an example","'99.96971130"
"'64","'LINE","'of an association colloid. Soap consists of compounds such as sodium stearate,","'99.98371887"
"'64","'LINE","'C H 35 COONa. The stearate ion has a long hydrocarbon end that is hydrophobic","'93.37324524"
"'64","'LINE","'(because it is nonpolar) and a carboxyl group (COO-) at the other end that is","'99.65718079"
"'64","'LINE","'hydrophilic (because it is ionic).","'99.88755798"
"'64","'LINE","'o","'44.77768326"
"'64","'LINE","'Na⁺","'56.48218536"
"'64","'LINE","'Stearate","'99.99023438"
"'64","'LINE","'In water solution, the stearate ions associate into micelles in which the hydrocarbon","'99.95876312"
"'64","'LINE","'end point inward toward one another and away from the water, and ionic carboxyl","'99.98941803"
"'64","'LINE","'groups are on the outside of the micelle facing the water (Figure 2.2). The cleansing","'99.94201660"
"'64","'LINE","'action of soap occurs because oil and grease can be absorbed into the hydrophobic","'99.96396637"
"'64","'LINE","'center of the soap micelles and washed away.","'99.99755859"
"'64","'LINE","'Soap molecules","'99.94061279"
"'64","'LINE","'Soap molecules","'99.96582031"
"'64","'LINE","'Dirt particles","'99.96054077"
"'64","'LINE","'Na⁺","'68.47994995"
"'64","'LINE","'(oil or Grease)","'99.75672150"
"'64","'LINE","'Na⁺","'58.12559891"
"'64","'LINE","'Na+","'55.17378998"
"'64","'LINE","'Na⁺","'50.78982162"
"'64","'LINE","'Na,","'81.10471344"
"'64","'LINE","'Na⁺","'53.16904831"
"'64","'LINE","'Na⁺","'66.75222778"
"'64","'LINE","'Na⁺","'54.78714752"
"'64","'LINE","'Na+","'59.26638412"
"'64","'LINE","'Na+","'57.33319092"
"'64","'LINE","'Water","'99.91210938"
"'64","'LINE","'Na","'97.96794891"
"'64","'LINE","'Na⁺","'68.92856598"
"'64","'LINE","'Na","'94.01766205"
"'64","'LINE","'Na+","'55.03726578"
"'64","'LINE","'Na+","'57.94065094"
"'64","'LINE","'Na⁺","'57.85216141"
"'64","'LINE","'(a) Soap micelle","'99.93436432"
"'64","'LINE","'(a) Soap micelle entraps","'99.97802734"
"'64","'LINE","'the dirt particle","'99.93083954"
"'64","'LINE","'Cleansing action of soap","'99.98779297"
"'64","'LINE","'Figure 2.2 The cleansing action of soap. The soap molecule is represented by a polar","'99.89483643"
"'64","'LINE","'head and zigzag hydrocarbon tail. An oily spot can be removed by soap because","'99.95960999"
"'64","'LINE","'58","'99.68750000"
"'65","'LINE","'Solutions","'99.95037079"
"'65","'LINE","'the nonpolar tail dissolves in the oil, and the entire system becomes soluble in water","'99.96903229"
"'65","'LINE","'because the exterior portion is now ionic..","'99.96350098"
"'65","'LINE","'Project 2.3","'99.90154266"
"'65","'LINE","'Make your own hair gel using locally available materials. You may be assisted with","'99.96170044"
"'65","'LINE","'internet. Write all the procedures you followed including the name of the materials,","'99.82460022"
"'65","'LINE","'the source, the amount and the processing procedures and steps. You may consider","'99.96708679"
"'65","'LINE","'a combination of gelatin or flaxeed with some kind of essential oil. For the essential","'99.84796906"
"'65","'LINE","'oil, ethanol (""areki"") extracts from lavender, rosemary, lomengrass, thyme, or tea tree","'99.71826172"
"'65","'LINE","'can be used.","'99.93164063"
"'65","'LINE","'Exercise 2.2","'99.90234375"
"'65","'LINE","'1. Explain the cleansing action of soap and detergents.","'99.85717010"
"'65","'LINE","'2. Discuss the difference between","'99.94647217"
"'65","'LINE","'a. suspension and colloid","'99.59547424"
"'65","'LINE","'d. compound and homogeneous","'99.95809937"
"'65","'LINE","'b. solution and colloid","'99.97538757"
"'65","'LINE","'mixtures","'99.84056091"
"'65","'LINE","'C. pure substance and mixtures","'96.34769440"
"'65","'LINE","'3. When a corona virus infected patient coughs or sneezes, fine droplets of","'99.85281372"
"'65","'LINE","'respiratory fluid containing the viral particles get dispersed in the atmosphere","'99.96131897"
"'65","'LINE","'as a colloidal particle called","'99.43379211"
"'65","'LINE","'a. emulsion","'99.28083801"
"'65","'LINE","'C. fog","'87.47588348"
"'65","'LINE","'b. aerosol","'99.93124390"
"'65","'LINE","'d. smoke (choose correct answer)","'99.92905426"
"'65","'LINE","'4. Classify each of the following as suspension, solution, or colloid using a vein diagram.","'99.72459412"
"'65","'LINE","'a. Paint","'98.96075439"
"'65","'LINE","'f. sea water","'99.91510010"
"'65","'LINE","'k. juice","'99.79661560"
"'65","'LINE","'b. Yogurt","'99.86617279"
"'65","'LINE","'g. blood","'99.93572998"
"'65","'LINE","'I. vinegar","'96.23525238"
"'65","'LINE","'C. toothpaste","'90.02650452"
"'65","'LINE","'h. ruby","'99.97070313"
"'65","'LINE","'d. honey","'99.97558594"
"'65","'LINE","'i. urine","'99.69856262"
"'65","'LINE","'e. soda water","'99.67892456"
"'65","'LINE","'i. soap suds","'92.91407776"
"'65","'LINE","'5.","'99.92187500"
"'65","'LINE","'Colloidal sulphur particles are negatively charged with thiosulphate ions,","'99.89180756"
"'65","'LINE","'S2O3², and other ions on the surface of the sulphur. Indicate which of the","'94.71219635"
"'65","'LINE","'following would be most effective in coagulating colloidal sulphur, NaCl,","'98.89018250"
"'65","'LINE","'MgCl₂, or AICI₃.","'85.41214752"
"'65","'LINE","'2.2 The Solution Process","'99.92411804"
"'65","'LINE","'At the end of this section students will be able to explain how the ""like dissolves like""","'99.92955017"
"'65","'LINE","'rule depends on inter-particle forces of interactions.","'99.87993622"
"'65","'LINE","'A solution is formed when the solute particles are completely dissolved in the solvent.","'99.23538971"
"'65","'LINE","'59","'99.81365967"
"'66","'LINE","'Chemistry Grade 10","'99.92459869"
"'66","'LINE","'We have noted previously that gases mix freely. But the formation of liquid and solid","'99.98611450"
"'66","'LINE","'solutions requires overcoming the solute-solute and solvent-solvent inter-particle forces","'99.86638641"
"'66","'LINE","'of attraction before the mixing step. Because the solute as well as the solvent particles","'99.96783447"
"'66","'LINE","'are held to each other by intermolecular forces in liquid and solid state. The solution","'99.97494507"
"'66","'LINE","'process thus involves three basic steps;","'99.97193146"
"'66","'LINE","'i.","'99.21655273"
"'66","'LINE","'breaking up the solute-solute inter-particle forces","'99.64963531"
"'66","'LINE","'ii.","'99.23369598"
"'66","'LINE","'breaking up the solvent-solvent inter-particles forces","'99.67066193"
"'66","'LINE","'iii.","'99.37440491"
"'66","'LINE","'formation of solute-solvent interaction.","'99.88854218"
"'66","'LINE","'Thus, the extent of dissolution of a solute in a solvent is governed by intermolecular","'99.66451263"
"'66","'LINE","'forces. The energy change associated with the dissolution process and entropy (the","'99.98759460"
"'66","'LINE","'increase in disorder) that result when molecules of the solute and solvent mix to form","'99.97358704"
"'66","'LINE","'a solution are the forces driving the solution process.","'99.79715729"
"'66","'LINE","'Note that: the formation of a solution from a solute and a solvent is a physical process,","'99.67976379"
"'66","'LINE","'not a chemical change.","'99.60787964"
"'66","'LINE","'2.2.1 Liquid Solutions and Inter-particle Forces of Attractions","'99.83390808"
"'66","'LINE","'When one substance (the solute) dissolves in another (the solvent), particles of the","'99.96351624"
"'66","'LINE","'solute disperse throughout the solvent. The solute particles occupy positions that are","'99.96861267"
"'66","'LINE","'normally taken by solvent molecules.","'99.99202728"
"'66","'LINE","'The ease with which a solute particle replaces a solvent molecule depends on the","'99.68418121"
"'66","'LINE","'relative strengths of inter-particle forces in the three types of interactions (Figure 2.3):","'99.84684753"
"'66","'LINE","'solute-solute interaction","'99.70912170"
"'66","'LINE","'solvent-solvent interaction","'99.82221985"
"'66","'LINE","'solute- solvent interaction","'99.35985565"
"'66","'LINE","'Expanded solute","'100.00000000"
"'66","'LINE","'Solute","'100.00000000"
"'66","'LINE","'Solvent","'100.00000000"
"'66","'LINE","'Expanded Solvent","'99.97518921"
"'66","'LINE","'Step 1","'98.93923187"
"'66","'LINE","'Step 2","'99.93652344"
"'66","'LINE","'Step 3","'99.42402649"
"'66","'LINE","'Step 3","'98.88183594"
"'66","'LINE","'Solution","'99.91051483"
"'66","'LINE","'Figure 2.3 Amolecular view of the solution process, portraye as taking place in three steps.","'97.86714935"
"'66","'LINE","'Solutes dissolve in a solvent when the inter-particle forces of interaction between","'99.77750397"
"'66","'LINE","'solute molecules and solvent molecules are replaced by solute-solvent interactions.","'99.89188385"
"'66","'LINE","'The useful rule-of-thumb ""like dissolves like"" says that substances with similar types of","'99.87758636"
"'66","'LINE","'intermolecular forces dissolve in each other. That means, when the inter-particle forces","'99.90196228"
"'66","'LINE","'within the solute are similar to those within the solvent, the forces replace each other","'99.98876953"
"'66","'LINE","'and a solution forms. Thus, by knowing the forces, we can often predict whether a","'99.83961487"
"'66","'LINE","'60","'99.81365967"
"'67","'LINE","'Solutions","'99.95037079"
"'67","'LINE","'solute will dissolve in a solvent.","'99.55473328"
"'67","'LINE","'Thus, ionic compounds like NaCl (that are extremely polar) and polar compounds like","'98.41917419"
"'67","'LINE","'ethanol (C₂H₅OH) dissolve in polar solvents (e.g. H₂O) and nonpolar compounds and","'92.52845001"
"'67","'LINE","'elements (e.g. hexane, CCI₄, 12, oil) dissolve in nonpolar solvents like hexane (C₆H₁₄),","'91.86006927"
"'67","'LINE","'carbon tetrachloride (CCI₄), and benzene.","'95.72197723"
"'67","'LINE","'How can we Predict the Likeness of a Substance?","'99.42475891"
"'67","'LINE","'One useful classification of materials is polarity. As you read about covalent and ionic","'99.75130463"
"'67","'LINE","'compounds in Grade 9, you learned that ionic compounds have the highest polarity","'99.76521301"
"'67","'LINE","'forming full cations and anions within each formula unit as electrons are transferred","'99.94755554"
"'67","'LINE","'from one atom to another. You also learned that a covalent bond is polar when the","'99.88050842"
"'67","'LINE","'bonded atoms have different electronegativities and, thus, share the bonding electrons","'99.90245056"
"'67","'LINE","'unequally. In diatomic molecules, such as HF, there is only one bond that is polar and","'99.90034485"
"'67","'LINE","'the molecule is also polar. In larger molecules, molecular polarity is determined by the","'99.94786835"
"'67","'LINE","'net dipole moment (imbalance of charge over the molecule); which in turn depends on","'99.91957092"
"'67","'LINE","'both shape and bond polarity. Dipole moment (µ) is a measure of molecular polarity,","'99.07611847"
"'67","'LINE","'given in the unit debye (D) derived from SI units of charge (coulomb, C) and length","'99.94071198"
"'67","'LINE","'(m): 1 D = 3.34 X 10⁻³⁰ C.m.","'92.70143890"
"'67","'LINE","'Substances with zero or low electronegativity difference in between the bonding","'99.91723633"
"'67","'LINE","'atoms and having zero net dipole moment such as H2, O₂, N₂, CH₄, CCI₄ are nonpolar","'91.33129120"
"'67","'LINE","'whereas H₂O, NH3, CH₃OH, NO, CO, HCI, H₂S, PH₃, etc. having high electronegativity","'78.20497894"
"'67","'LINE","'difference in between the bonding atoms and having net dipole moment are polar","'99.95086670"
"'67","'LINE","'compounds. See illustrations below where the dipole moments cancels out in carbon","'99.94304657"
"'67","'LINE","'dioxide (CO₂) but add-up to give a net dipole in water molecule (H₂O). Note that","'96.98806763"
"'67","'LINE","'the presence of polar bonds does not always result in a polar molecule; we must also","'99.90043640"
"'67","'LINE","'consider shape and the atoms surrounding the central atom.","'99.96483612"
"'67","'LINE","'net dipole","'99.91659546"
"'67","'LINE","'(a) CO2","'79.80388641"
"'67","'LINE","'C","'44.70154953"
"'67","'LINE","'(b) H2O","'81.70201111"
"'67","'LINE","'Adding these vectors together cancels","'99.94224548"
"'67","'LINE","'them out. Therefore, CO2 is non-polar.","'95.91889954"
"'67","'LINE","'H","'93.86220551"
"'67","'LINE","'H","'97.92868805"
"'67","'LINE","'The horizontal components of the two dipoles","'99.93468475"
"'67","'LINE","'cancels out each other. But the vertical","'99.96455383"
"'67","'LINE","'components add-up to give a net dipole","'99.51535797"
"'67","'LINE","'moment in H2O molecules.","'93.59873199"
"'67","'LINE","'Inter-particle/Intermolecular Forces","'91.99019623"
"'67","'LINE","'You studied in grade 9 that atoms in a molecule (e.g. CI₂, H2O, NH3, etc) are held","'92.74586487"
"'67","'LINE","'together by covalent bond/s. The covalent bonds are called intramolecular forces-","'99.26489258"
"'67","'LINE","'force within a molecule. You are also familiar with the three states of matter-solid,","'99.84856415"
"'67","'LINE","'liquid and gas. The gaseous state is characterized by absence of interparticle forces","'99.95061493"
"'67","'LINE","'and hence the molecules of a gas are free to move independent of the other molecules.","'99.88757324"
"'67","'LINE","'61","'99.89257813"
"'68","'LINE","'Chemistry Grade 10","'99.95742035"
"'68","'LINE","'However, in liquids and solids, molecules are held together by intermolecular forces","'99.90543365"
"'68","'LINE","'between molecules. Intermolecular forces are also called noncovalent interactions.","'99.94251251"
"'68","'LINE","'They are attractive or repulsive forces between neighboring molecules.","'99.97595215"
"'68","'LINE","'These forces include:","'99.99674225"
"'68","'LINE","'dipole-dipole interaction","'99.90682983"
"'68","'LINE","'dipole-induced dipole interaction","'99.94087219"
"'68","'LINE","'dispersion forces or London forces","'99.97640228"
"'68","'LINE","'ion-dipole interaction","'99.74211121"
"'68","'LINE","'ion-induced dipole","'99.81614685"
"'68","'LINE","'hydrogen bonding","'99.97518921"
"'68","'LINE","'The relative strengths of these forces in order of weakest to strongest is:","'99.98867035"
"'68","'LINE","'Dispersion forces < dipole-induced dipole < dipole-dipole < H - bonding < ion dipole bond","'97.72844696"
"'68","'LINE","'Note: Dipole-dipole, dipole-induced dipole, and dispersion forces make up what","'99.85592651"
"'68","'LINE","'chemists commonly refer to as van der Waals forces, after the Dutch physicist Johannes","'99.95211029"
"'68","'LINE","'van der Waals. lons and dipoles are attracted to one another by electrostatic forces","'99.80179596"
"'68","'LINE","'called ion-dipole forces, that are not van der Waals forces. Hydrogen bonding is a","'99.81294250"
"'68","'LINE","'particularly strong type of dipole-dipole interaction. These forces play a central role","'99.77235413"
"'68","'LINE","'in the formation of solutions. So let's have a brief look at each of them:","'99.89342499"
"'68","'LINE","'Dipole-Dipole Forces","'99.89626312"
"'68","'LINE","'Dipole-dipole forces occur between polar molecules as a result of electrostatic","'99.66188049"
"'68","'LINE","'interactions among dipoles (Figure 2.4(a)). e.g. Solubility of HBr in H₂O.","'95.71096802"
"'68","'LINE","'Dipole-induced Dipole Force","'99.45279694"
"'68","'LINE","'Arise when a polar molecule distorts the electron cloud of a nonpolar molecule (Figure","'99.62678528"
"'68","'LINE","'2.4(b)). The solubility in water of atmospheric O₂, N2, and noble gases, while limited,","'94.66298676"
"'68","'LINE","'is due in part to these forces. Paint thinners and grease solvents also use them.","'99.93784332"
"'68","'LINE","'(a)","'99.71281433"
"'68","'LINE","'(b)","'99.91210938"
"'68","'LINE","'δ-","'94.40229797"
"'68","'LINE","'δ-","'96.25797272"
"'68","'LINE","'δ+","'91.98043060"
"'68","'LINE","'δ-","'95.98353577"
"'68","'LINE","'δ+","'89.87304688"
"'68","'LINE","'δ-","'98.13616180"
"'68","'LINE","'δ+","'91.64919281"
"'68","'LINE","'far apart","'99.90603638"
"'68","'LINE","'δ-","'97.63413239"
"'68","'LINE","'δ+","'94.74709320"
"'68","'LINE","'δ-","'96.54974365"
"'68","'LINE","'δ+","'94.98943329"
"'68","'LINE","'δ+","'73.95667267"
"'68","'LINE","'nonpolar","'100.00000000"
"'68","'LINE","'Polar molecule","'100.00000000"
"'68","'LINE","'molecule","'100.00000000"
"'68","'LINE","'δ-","'97.74134827"
"'68","'LINE","'δ+","'88.08434296"
"'68","'LINE","'δ-","'95.23815918"
"'68","'LINE","'δ+","'91.65258789"
"'68","'LINE","'δ-","'95.67820740"
"'68","'LINE","'δ+","'95.08210754"
"'68","'LINE","'closer","'99.97070313"
"'68","'LINE","'to","'97.42486572"
"'68","'LINE","'δ","'91.11686707"
"'68","'LINE","'δ+","'85.03447723"
"'68","'LINE","'δ-","'94.56712341"
"'68","'LINE","'dipole","'99.96014404"
"'68","'LINE","'induced dipole","'100.00000000"
"'68","'LINE","'Figure 2.4 Dipole-dipole (a) and dipole-induced dipole (b) forces of attraction","'99.78063965"
"'68","'LINE","'between polar and nonpolar molecules.","'99.96810913"
"'68","'LINE","'62","'99.89257813"
"'69","'LINE","'Solutions","'99.95037079"
"'69","'LINE","'Dispersion Forces (London forces)","'99.94080353"
"'69","'LINE","'Dispersion forces occur between all neighboring molecules and arise because the","'99.97655487"
"'69","'LINE","'electron distribution within molecules is constantly changing. This type of force is","'99.96115875"
"'69","'LINE","'also called instantaneous dipole-induced dipole force. It is common to all types of","'99.92002106"
"'69","'LINE","'molecules-polar as well as nonpolar. But it is more important to account for properties","'99.91793060"
"'69","'LINE","'of nonpolar molecules.","'99.94033813"
"'69","'LINE","'Ion-Dipole Forces","'81.84510803"
"'69","'LINE","'lon-dipole forces are the","'97.33772278"
"'69","'LINE","'δ+","'95.07493591"
"'69","'LINE","'δ-","'98.51901245"
"'69","'LINE","'-","'85.79460144"
"'69","'LINE","'principal force involved when an","'99.97640228"
"'69","'LINE","'ionic compound dissolves in water","'99.97640228"
"'69","'LINE","'Polar molecule","'99.63707733"
"'69","'LINE","'Anion","'99.96014404"
"'69","'LINE","'(Figure 2.5). e.g. NaCl dissolves","'95.65071106"
"'69","'LINE","'in H2O via ion-dipole interaction.","'91.06282043"
"'69","'LINE","'+","'96.99138641"
"'69","'LINE","'δ-","'83.27965546"
"'69","'LINE","'δ+","'77.21121979"
"'69","'LINE","'Cation","'99.96014404"
"'69","'LINE","'Polar molecule","'99.40639496"
"'69","'LINE","'Figure 2.5 Two types of ion-dipole interaction","'99.92096710"
"'69","'LINE","'lon-induced dipole forces, one","'91.70225525"
"'69","'LINE","'lon","'76.48517609"
"'69","'LINE","'Nonpolar molecule","'99.94061279"
"'69","'LINE","'type of charge-induced dipole","'99.94853210"
"'69","'LINE","'A","'81.42778015"
"'69","'LINE","'+","'98.60271454"
"'69","'LINE","'force, rely on polarizability.","'99.92819977"
"'69","'LINE","'They arise when an ion's charge","'99.97857666"
"'69","'LINE","'δ-","'89.95515442"
"'69","'LINE","'δ⁺","'57.12591553"
"'69","'LINE","'distorts the electron cloud of","'99.91832733"
"'69","'LINE","'B","'94.92964935"
"'69","'LINE","'+","'97.80193329"
"'69","'LINE","'a nearby nonpolar molecule","'99.66767120"
"'69","'LINE","'(Figure 2.6). This type of force","'99.91104889"
"'69","'LINE","'initiates the binding of the Fe²⁺","'95.45273590"
"'69","'LINE","'Figure 2.6 lon-induced dipole interactions. (A)","'96.23554993"
"'69","'LINE","'ion in hemoglobin to an O2","'92.43090820"
"'69","'LINE","'when the ion and the nonpolar molecules are","'99.93216705"
"'69","'LINE","'molecule entering a red blood","'99.43199921"
"'69","'LINE","'far apart, (B) when the ion and the nonpolar","'99.37922668"
"'69","'LINE","'cell.","'100.00000000"
"'69","'LINE","'molecule get closer-the nonpolar molecule gets","'99.92283630"
"'69","'LINE","'polarized.","'99.92028046"
"'69","'LINE","'The Hydrogen Bond","'99.99023438"
"'69","'LINE","'Definition: The hydrogen bond is an attractive interaction between a hydrogen bonded","'99.66524506"
"'69","'LINE","'to an electronegative O, N, or F atom in one molecule and an unshared electron pair","'99.60382080"
"'69","'LINE","'on O, N, or F atoms of another molecule, Figure 2.7.","'99.00138855"
"'69","'LINE","'Hydrogen bond","'99.97070313"
"'69","'LINE","'in acetic acid","'99.88526917"
"'69","'LINE","'Hydrogen bond","'99.90194702"
"'69","'LINE","'in water","'99.79412842"
"'69","'LINE","'δ-","'95.29714966"
"'69","'LINE","'Hydrogen bond","'99.94628906"
"'69","'LINE","'δ+","'71.09514618"
"'69","'LINE","'in ammonia","'99.76283264"
"'69","'LINE","'δ","'86.70829010"
"'69","'LINE","'O.","'81.11686707"
"'69","'LINE","'H","'91.09116364"
"'69","'LINE","'δ+","'74.23928070"
"'69","'LINE","'H","'95.32027435"
"'69","'LINE","'CH₃","'90.67980957"
"'69","'LINE","'δ+","'61.57216263"
"'69","'LINE","'H","'85.87213135"
"'69","'LINE","'CH₃","'95.96998596"
"'69","'LINE","'N:","'98.05265808"
"'69","'LINE","'H","'91.46942139"
"'69","'LINE","'N","'98.09410858"
"'69","'LINE","'H","'92.24988556"
"'69","'LINE","'H","'90.13372803"
"'69","'LINE","'H","'92.04400635"
"'69","'LINE","'O","'45.83306885"
"'69","'LINE","'H","'87.47478485"
"'69","'LINE","':O:","'65.81204224"
"'69","'LINE","'H","'93.10089111"
"'69","'LINE","'""""H","'25.84831429"
"'69","'LINE","'H","'86.01661682"
"'69","'LINE","'H","'89.88201904"
"'69","'LINE","'Hydrogen bond","'99.91210938"
"'69","'LINE","'in acetic acid","'99.86194611"
"'69","'LINE","'Figure 2.7 Hydrogen bonding in water, acetic acid, and ammonia. Solid lines represent","'99.93766785"
"'69","'LINE","'covalent bonds, and dotted lines represent hydrogen bonds.","'99.93522644"
"'69","'LINE","'63","'99.67613983"
"'70","'LINE","'Chemistry Grade 10","'99.96067047"
"'70","'LINE","'2.2.2 Solutions of lonic Solids in Water","'94.76477051"
"'70","'LINE","'Many ionic compounds are soluble (at least 1 g dissolves in 100 mL water) in water;","'99.80314636"
"'70","'LINE","'however, not all ionic compounds are soluble. Chemists refer to substances as soluble,","'99.96119690"
"'70","'LINE","'slightly soluble, or insoluble in a qualitative sense. For instance, KCI is readily soluble","'99.43254089"
"'70","'LINE","'in water whereas AgCl is insoluble. Ca(OH)₂ is slightly soluble. lonic compounds that","'95.07663727"
"'70","'LINE","'are soluble in water exist in their ionic state as hydrated cations and anions within the","'99.97050476"
"'70","'LINE","'solution (See Figure 2.8).","'99.91374969"
"'70","'LINE","'A.","'98.61746216"
"'70","'LINE","'B.","'94.39273834"
"'70","'LINE","'C.","'98.58418274"
"'70","'LINE","'δ-","'53.81028748"
"'70","'LINE","'O","'33.79005814"
"'70","'LINE","'6-","'34.39552689"
"'70","'LINE","'8","'76.55731964"
"'70","'LINE","'H","'89.85989380"
"'70","'LINE","'H","'87.13488770"
"'70","'LINE","'δ+","'45.87800980"
"'70","'LINE","'O","'44.49697113"
"'70","'LINE","'CI","'81.11029053"
"'70","'LINE","'dipole-ion interaction","'99.24485779"
"'70","'LINE","'CI","'86.62329102"
"'70","'LINE","'CI","'90.61304474"
"'70","'LINE","'CI","'88.00223541"
"'70","'LINE","'H","'86.40445709"
"'70","'LINE","'H","'94.16115570"
"'70","'LINE","'Na","'93.75897217"
"'70","'LINE","'Na","'97.35272217"
"'70","'LINE","'Na","'97.79874420"
"'70","'LINE","'Na","'96.51287079"
"'70","'LINE","'CI","'84.09199524"
"'70","'LINE","'CI","'88.37372589"
"'70","'LINE","'CI","'69.31919098"
"'70","'LINE","'H","'86.57346344"
"'70","'LINE","'H","'92.20404053"
"'70","'LINE","'8+","'35.76679993"
"'70","'LINE","'CI","'75.09247589"
"'70","'LINE","'CI","'71.63066101"
"'70","'LINE","'CI","'81.25299072"
"'70","'LINE","'O","'35.25161362"
"'70","'LINE","'Na","'92.93945313"
"'70","'LINE","'Na","'92.92968750"
"'70","'LINE","'Na","'96.91246796"
"'70","'LINE","'Na","'93.97380829"
"'70","'LINE","'H","'90.98473358"
"'70","'LINE","'H","'93.71333313"
"'70","'LINE","'CI","'79.16115570"
"'70","'LINE","'o","'55.24184799"
"'70","'LINE","'+5","'67.32701111"
"'70","'LINE","'CI","'80.71009827"
"'70","'LINE","'CI","'81.12882233"
"'70","'LINE","'CI","'74.81126404"
"'70","'LINE","'H","'95.46237183"
"'70","'LINE","'H","'96.68028259"
"'70","'LINE","'Na","'91.93698120"
"'70","'LINE","'0","'35.67024231"
"'70","'LINE","'Na","'92.46013641"
"'70","'LINE","'Na","'97.18750000"
"'70","'LINE","'Na","'94.28630829"
"'70","'LINE","'Na","'94.89177704"
"'70","'LINE","'Na","'93.02515411"
"'70","'LINE","'H","'86.00625610"
"'70","'LINE","'CI","'81.91007233"
"'70","'LINE","'CI","'75.09964752"
"'70","'LINE","'CI","'81.86962128"
"'70","'LINE","'Na","'91.25976563"
"'70","'LINE","'Na","'92.04998779"
"'70","'LINE","'Na","'95.06597137"
"'70","'LINE","'Na","'91.64958954"
"'70","'LINE","'δ-","'62.04629517"
"'70","'LINE","'CI","'67.63173676"
"'70","'LINE","'CI","'85.19212341"
"'70","'LINE","'CI","'81.06843567"
"'70","'LINE","'CI","'75.48249817"
"'70","'LINE","'CI","'83.88632202"
"'70","'LINE","'H","'81.37287140"
"'70","'LINE","'H","'79.46907043"
"'70","'LINE","'CI","'82.75510406"
"'70","'LINE","'Na","'87.11685181"
"'70","'LINE","'Na","'94.49139404"
"'70","'LINE","'Na","'92.94921875"
"'70","'LINE","'Na","'96.79448700"
"'70","'LINE","'Na","'95.47771454"
"'70","'LINE","'CI","'74.90573120"
"'70","'LINE","'CI","'73.08135986"
"'70","'LINE","'H","'84.77479553"
"'70","'LINE","'δ-","'46.30530548"
"'70","'LINE","'CI","'53.47496796"
"'70","'LINE","'CI","'75.16422272"
"'70","'LINE","'O","'33.56953430"
"'70","'LINE","'Na","'92.53906250"
"'70","'LINE","'Na","'93.08513641"
"'70","'LINE","'Na","'96.56250000"
"'70","'LINE","'Na","'95.50542450"
"'70","'LINE","'CI","'73.04588318"
"'70","'LINE","'H","'86.74824524"
"'70","'LINE","'H","'92.87208557"
"'70","'LINE","'CI","'61.84012222"
"'70","'LINE","'CI","'79.71799469"
"'70","'LINE","'CI","'79.37121582"
"'70","'LINE","'CI","'68.39445496"
"'70","'LINE","'Na","'88.12500000"
"'70","'LINE","'Na","'89.82830811"
"'70","'LINE","'Na","'92.37145233"
"'70","'LINE","'Na","'94.72496796"
"'70","'LINE","'CI","'82.21799469"
"'70","'LINE","'Na","'90.90341949"
"'70","'LINE","'Na","'93.27806091"
"'70","'LINE","'CI","'80.05740356"
"'70","'LINE","'CI","'85.01634216"
"'70","'LINE","'CI","'84.30744171"
"'70","'LINE","'Na","'91.94335938"
"'70","'LINE","'Na","'95.15625000"
"'70","'LINE","'Na","'93.52060699"
"'70","'LINE","'Na","'95.86914063"
"'70","'LINE","'H","'89.28671265"
"'70","'LINE","'6-","'54.75396347"
"'70","'LINE","'H","'84.49447632"
"'70","'LINE","'$H","'33.74810791"
"'70","'LINE","'H","'86.67699432"
"'70","'LINE","'Na","'90.63078308"
"'70","'LINE","'+","'86.42986298"
"'70","'LINE","'NaCl and water mixture","'91.08014679"
"'70","'LINE","'NaCl crystal","'89.84664154"
"'70","'LINE","'Na⁺ and CI ions sorrounded by water molecules","'91.63300323"
"'70","'LINE","'Figure 2.8 Hydration of Na⁺ and CIT ions as NaCl dissolves in water.","'93.22639465"
"'70","'LINE","'2.2.3 The Solubility Rules for lonic Solids","'96.01215363"
"'70","'LINE","'At the end of this section students will be able to predict relative solubilities.","'99.98442841"
"'70","'LINE","'Solubility is defined as the maximum amount of a substance that can be dissolved in","'99.80313110"
"'70","'LINE","'a given volume (usually 100 mL) of solvent at a given temperature. The solubility rules","'99.68172455"
"'70","'LINE","'for common ionic compounds are listed below.","'99.97175598"
"'70","'LINE","'i.","'98.52917480"
"'70","'LINE","'All common salts of the Group 1A elements (such as Na⁺, K⁺, Li⁺) and ammonium,","'94.67827606"
"'70","'LINE","'NH₄⁺, are soluble","'90.34484863"
"'70","'LINE","'ii. All common salts containing acetate (CH₃COO⁺), or nitrate (NO₃⁺), and most","'90.40283203"
"'70","'LINE","'perchlorates (CIO ₄) are soluble","'80.07588196"
"'70","'LINE","'iii. All common chlorides (CI⁻), bromides (Br⁻), and iodides (I) are soluble, except those","'92.09783173"
"'70","'LINE","'of Ag⁺, Pb²⁺, Cu²⁺, and Hg₂²⁺. All common fluorides (F⁻) are soluble, except those","'93.70358276"
"'70","'LINE","'of Pb²⁺ and Group 2A.","'95.74354553"
"'70","'LINE","'iv. Most hydroxide salts are only slightly soluble. Hydroxides of GI elements are","'99.89774323"
"'70","'LINE","'soluble. Hydroxides of GII elements (Ca, Sr, and Ba) are slightly soluble. Hydroxide","'98.97264862"
"'70","'LINE","'salts of transition metals and AI³⁺ are insoluble. Thus, Fe(OH)₃, AI(OH)₃, are not","'95.79282379"
"'70","'LINE","'soluble.","'99.95037079"
"'70","'LINE","'v. All compounds containing sulfate (SO₄²⁻) are soluble, except those of barium (Ba),","'92.75965881"
"'70","'LINE","'64","'99.80468750"
"'71","'LINE","'Solutions","'99.96014404"
"'71","'LINE","'strontium (Sr), lead (Pb), calcium (Ca), silver (Ag), and mercury (Hg)","'99.72134399"
"'71","'LINE","'vi. Except for those compounds following rule 1, compounds containing carbonate","'99.87165070"
"'71","'LINE","'(CO₃²⁻), sulfides (S²⁻), oxides (O²⁻), and phosphates (PO₄³⁻) are insoluble.","'85.67460632"
"'71","'LINE","'Form a group, discuss","'99.69452667"
"'71","'LINE","'the following activity and","'99.99755859"
"'71","'LINE","'present your conclusions to","'99.82571411"
"'71","'LINE","'the class. Fluoride (F⁻) has a","'95.69661713"
"'71","'LINE","'significant alleviating effect","'99.91702271"
"'71","'LINE","'against dental caries if the","'99.95850372"
"'71","'LINE","'concentration is approximately","'99.93058014"
"'71","'LINE","'1 mg/l. However, continuing","'97.94254303"
"'71","'LINE","'consumption of higher","'99.98020172"
"'71","'LINE","'Dental fluorosis","'99.89098358"
"'71","'LINE","'concentrations (>1.5 mg/I)","'85.39693451"
"'71","'LINE","'can cause dental fluorosis and","'99.93459320"
"'71","'LINE","'in extreme cases even skeletal","'99.98242188"
"'71","'LINE","'fluorosis.","'99.76084137"
"'71","'LINE","'One of the methods used","'99.99609375"
"'71","'LINE","'for the removal of excess","'99.98421478"
"'71","'LINE","'fluoride from drinking water is","'99.97428894"
"'71","'LINE","'precipitation by employing lime","'99.98515320"
"'71","'LINE","'?","'90.49724579"
"'71","'LINE","'[quicklime (CaO) or slacked","'98.09221649"
"'71","'LINE","'lime (Ca(OH)₂)] followed by","'87.66835785"
"'71","'LINE","'Skeletal fluorosis","'99.82102966"
"'71","'LINE","'sedimentation and/or filtration.","'98.68602753"
"'71","'LINE","'Discuss how lime removes","'99.97294617"
"'71","'LINE","'fluorides from water.","'99.94359589"
"'71","'LINE","'Activity 2.3","'99.78396606"
"'71","'LINE","'The dissolution of molecular solids also follows the same rule. Molecular","'99.98468781"
"'71","'LINE","'solids are made up of atoms or molecules held together by London or","'99.87246704"
"'71","'LINE","'dispersion forces, dipole-dipole forces, or hydrogen bonds. Examples of","'99.93852997"
"'71","'LINE","'molecular solids include ice, solid carbon dioxide, sucrose, sulfur, solid","'99.96315002"
"'71","'LINE","'hydrocarbons (e.g. octadecane, C₁₈H₃₈), etc. Polar molecular solids such","'97.93378448"
"'71","'LINE","'as ice, glucose, and sucrose dissolve in polar solvents like water. Nonpolar","'99.96298218"
"'71","'LINE","'molecular solids such as sulfur, solid hydrocarbons, etc dissolve in nonpolar","'99.92419434"
"'71","'LINE","'solvents like benzene, hexane, etc.","'99.98014832"
"'71","'LINE","'2.2.4 Solution of Liquids in Liquids","'99.87915802"
"'71","'LINE","'In addition to the dissolution of ionic compounds in water, solutions can also be made","'99.96371460"
"'71","'LINE","'by mixing two compatible liquids. The liquid in the lower concentration is termed as","'99.94194794"
"'71","'LINE","'solute, and the one in higher concentration is the solvent. For example, grain alcohol","'99.94113159"
"'71","'LINE","'(CH₃CH₂OH) is a polar covalent molecule that can mix with water. When two similar","'97.11005402"
"'71","'LINE","'liquids (in terms of polarity) are placed together and are able to mix into a solution,","'99.83017731"
"'71","'LINE","'65","'99.95117188"
"'72","'LINE","'Chemistry Grade 10","'99.93788910"
"'72","'LINE","'they are said to be miscible. Liquids that do not share similar characteristics and","'99.97315216"
"'72","'LINE","'cannot mix together, on the other hand, are termed immiscible. For example, oil and","'99.94705963"
"'72","'LINE","'water are immiscible because oil is nonpolar whereas water is polar.","'99.95155334"
"'72","'LINE","'Exercise 2.3","'99.89706421"
"'72","'LINE","'1. Which of the following exists predominantly in the water (H₂O) molecule?","'97.98770142"
"'72","'LINE","'a. van der Waal's force","'99.57011414"
"'72","'LINE","'C. hydrogen bond","'89.74383545"
"'72","'LINE","'b. ion-dipole force","'99.87524414"
"'72","'LINE","'d. none","'99.94140625"
"'72","'LINE","'2. Which of the following has the highest induced dipole interactions in its","'99.97496796"
"'72","'LINE","'molecules?","'99.95037079"
"'72","'LINE","'a. He","'80.61633301"
"'72","'LINE","'C. Ne","'83.62414551"
"'72","'LINE","'b. Ar","'99.92187500"
"'72","'LINE","'d. Kr","'99.88162231"
"'72","'LINE","'3. Oxygen (O) and sulphur (S) are in the same group in the periodic table.","'99.67178345"
"'72","'LINE","'They form compounds with hydrogen, H2O and H2S. However, H2O is a liquid","'92.60479736"
"'72","'LINE","'whereas H2S is a gas at a room temperature. Explain.","'97.52226257"
"'72","'LINE","'4. Classify each of the following as soluble or insoluble in water:","'99.95924377"
"'72","'LINE","'a. BaCO₃","'89.08731079"
"'72","'LINE","'g. Ca₃(PO₄)₂","'90.60446930"
"'72","'LINE","'b. AICI₃","'91.08677673"
"'72","'LINE","'h. PbCl₂","'82.17763519"
"'72","'LINE","'C. MgO","'85.69714355"
"'72","'LINE","'i. AgNO₃","'80.58643341"
"'72","'LINE","'d. AI(OH)₃","'83.37313080"
"'72","'LINE","'i. (NH₄)NO₃","'87.19028473"
"'72","'LINE","'e. KI","'98.98227692"
"'72","'LINE","'k. NH₄CI","'90.42649841"
"'72","'LINE","'f. AI₂(SO₄)₃","'73.67078400"
"'72","'LINE","'5. Classify each of the following pairs as miscible or immiscible:","'99.93933868"
"'72","'LINE","'a. Water and grain alcohol","'99.58461761"
"'72","'LINE","'d. Water and honey","'99.95585632"
"'72","'LINE","'b. ""Tej"" and water","'93.98970795"
"'72","'LINE","'e. Water and petrol","'99.68456268"
"'72","'LINE","'C. Water and oil","'92.20578766"
"'72","'LINE","'f. Gasoline and ""naphtha""","'99.85700226"
"'72","'LINE","'6. What type (s) of intermolecular (interparticle) forces exist when the following","'99.85979462"
"'72","'LINE","'pairs interact:","'99.94061279"
"'72","'LINE","'a. HBr and H2S b. Cl2 and CBr₄","'87.42835236"
"'72","'LINE","'C. I2 and NO₃; d. NH3 and H₈(Benzene)","'71.45744324"
"'72","'LINE","'2.2.5 The Rate of Dissolution","'99.88053894"
"'72","'LINE","'At the end of this section students will be able to define rate of dissolution","'99.97694397"
"'72","'LINE","'Dissolution is defined as the process through which a solute dissolves in a solvent (e.g.","'99.81033325"
"'72","'LINE","'water) to produce a solution. How fast does a solute dissolve in a given solvent? What","'99.76086426"
"'72","'LINE","'are the major factors that affect the rate of dissolution? The rate of dissolution is the","'99.96786499"
"'72","'LINE","'speed with which a solute dissolves in a solvent to form a solution.. This largely depends","'99.76213837"
"'72","'LINE","'upon two factors-the inter-particle forces discussed so far and, to a lesser extent on","'98.89347839"
"'72","'LINE","'conditions such as the surface area of the solid solute, and the temperature and the","'99.96246338"
"'72","'LINE","'66","'99.80229950"
"'73","'LINE","'Solutions","'99.93083954"
"'73","'LINE","'pressure (for gaseous solutes) of the system. When the solvent-solute interactions are","'99.92935181"
"'73","'LINE","'stronger than those between solute-solute and solvent-solvent particles, the dissolution","'99.87567902"
"'73","'LINE","'process becomes faster. A good example is dissolution of ethanol (alcohol) in water.","'99.25849152"
"'73","'LINE","'The increasing surface area of the solute will increase the rate of dissolution because it","'99.96538544"
"'73","'LINE","'increases the number of solute particles in contact with the solvent. Stirring or agitation","'99.97547150"
"'73","'LINE","'of the mixture can also increase rate of dissolution.","'99.96826935"
"'73","'LINE","'2.2.6 Energy Changes in Solution Process","'99.87985229"
"'73","'LINE","'At the end of this section students will be able to","'99.97684479"
"'73","'LINE","'define heat of solution, solvation energy and hydration energy;","'99.97595215"
"'73","'LINE","'apply the concept of heat of solution to the solution of ammonium nitrate crystal;","'99.94979095"
"'73","'LINE","'apply the concept of heat of solution to the solution of sodium hydroxide crystal;","'99.97471619"
"'73","'LINE","'explain how heat of solution is influenced by the inter particle interaction forces.","'99.97052002"
"'73","'LINE","'For instance, if you mix ammonium chloride in water in a flask, the flask gets cold.","'99.73541260"
"'73","'LINE","'But when sodium hydroxide (NaOH) is mixed in water, the flask gets hot. Why? The","'99.79180145"
"'73","'LINE","'reason is attributed to the energy changes that accompany the dissolution process.","'99.96717834"
"'73","'LINE","'As discussed earlier, the solution process involves three steps: breaking solute-solute","'99.93276978"
"'73","'LINE","'interaction, breaking solvent-solvent interaction, and forming solute-solvent interactions","'99.83961487"
"'73","'LINE","'or the mixing step. When the energy released during the third step in solution process,","'99.97656250"
"'73","'LINE","'i.e. the mixing step is larger than the energy required to break the solute-solute and","'99.95101166"
"'73","'LINE","'solvent-solvent forces, energy is released-the process is exothermic. This energy heats","'99.91774750"
"'73","'LINE","'up the surrounding and that is why the flask gets hot. On the contrary, if the energy","'99.90366364"
"'73","'LINE","'released in the mixing step is less than the energy required to break the solute-solute","'99.95025635"
"'73","'LINE","'and solvent-solvent forces, the dissolution process absorbs energy from the surrounding","'99.92552185"
"'73","'LINE","'and the surrounding (the flask) gets cold-the dissolution process is endothermic. The","'99.89367676"
"'73","'LINE","'energy involved in the mixing step is called solvation energy. Solvation refers to the","'99.97412872"
"'73","'LINE","'process of attraction and association of molecules of a solute and a solvent. Solvation","'99.85308838"
"'73","'LINE","'energy is the energy released when solute molecules are solvated by solvent molecules.","'99.96838379"
"'73","'LINE","'Solvation in water is called hydration. Thus, hydration energy is the energy released","'99.96207428"
"'73","'LINE","'when solute molecules or ions are solvated by water molecules.","'99.95663452"
"'73","'LINE","'The heat of solution or enthalpy of solution is defined as the amount of heat released or","'99.94993591"
"'73","'LINE","'absorbed during the dissolution process and can be calculated using the equation","'99.97870636"
"'73","'LINE","'q = m x Cg x AT","'46.48527145"
"'73","'LINE","'Eq 2.1","'98.50276947"
"'73","'LINE","'Where q is the amount of energy released or absorbed in Joules (J), m is mass of","'99.75956726"
"'73","'LINE","'the solution, T is the temperature change (T₁-Tₜ), Cg is the specific heat of solution","'92.17987061"
"'73","'LINE","'(J/g.°C) (can be assumed to be the same as that of water, 4.184 J/g.°C for dilute","'98.28437805"
"'73","'LINE","'solutions). The unit of heat of solution is Joule or kJ. Heat (Enthalpy) of solution can","'99.89672852"
"'73","'LINE","'either be positive (endothermic) or negative (exothermic) depending on the observed","'99.87368011"
"'73","'LINE","'temperature change.","'99.95525360"
"'73","'LINE","'67","'99.37500000"
"'74","'LINE","'Chemistry Grade 10","'99.93436432"
"'74","'LINE","'The molar heat of solution (AHₛₒIₙ) of a substance is the heat absorbed or released","'94.47546387"
"'74","'LINE","'when one mole of the substance is dissolved in water at constant pressure:","'99.96901703"
"'74","'LINE","'ДН","'58.83181000"
"'74","'LINE","'q","'89.64863586"
"'74","'LINE","'=","'92.44878387"
"'74","'LINE","'Eq 2.2","'99.06070709"
"'74","'LINE","'solution","'90.31887817"
"'74","'LINE","'the number of moles of solute","'99.98860931"
"'74","'LINE","'The enthalpy changes are expressed in kJ/mol for a reaction taking place at standard","'99.74132538"
"'74","'LINE","'conditions (a temperature of 298.15 K and a pressure 1 atm).","'97.49153900"
"'74","'LINE","'Example 2.1: When 5.19 g of NaCO₃ was dissolved in 75.0 g of water, the","'98.09430695"
"'74","'LINE","'temperature of the water rose by 3.8°C. Calculate the heat of solution and the","'98.27803040"
"'74","'LINE","'molar heat of solution. Take c of the solution as 3.820 J/g.°C and molar mass of","'97.48753357"
"'74","'LINE","'NaCO₃ as 105.99 g/mol.","'91.19758606"
"'74","'LINE","'Given","'99.97070313"
"'74","'LINE","'Required","'99.99023438"
"'74","'LINE","'Solution","'99.97070313"
"'74","'LINE","'Mass solution = mass solute + mass solvent","'99.61376190"
"'74","'LINE","'q and HₛₒI","'69.36104584"
"'74","'LINE","'q = mcAT = 80.19 g X","'95.38028717"
"'74","'LINE","'= 5.19 g + 75.0 g = 80.19 g","'97.69334412"
"'74","'LINE","'3.820 J/g.°C X (-3.80°C)","'93.21020508"
"'74","'LINE","'An increase of temperature means","'99.96858978"
"'74","'LINE","'= -1164.0 Joules","'97.48957062"
"'74","'LINE","'Tf > Ti. Thus,","'98.48757172"
"'74","'LINE","'H sol = q/n","'79.03340149"
"'74","'LINE","'T = Ti - Tf = -3.80°C","'85.57697296"
"'74","'LINE","'=-1164.0 J/0.0489 moles","'96.92893982"
"'74","'LINE","'Number of moles of solute = given","'99.72901154"
"'74","'LINE","'= -23,803.70 J/mole","'97.35842896"
"'74","'LINE","'mass divided by molar mass","'99.97070313"
"'74","'LINE","'= 5.19 g/105.99 g/mol","'96.45124054"
"'74","'LINE","'Exothermic","'99.95117188"
"'74","'LINE","'= 0.0489 mole","'98.95753479"
"'74","'LINE","'To understand the enthalpy changes involved during the dissolution, let's consider the","'99.65481567"
"'74","'LINE","'hypothetical three-step process happening between two substances: solute and solvent.","'99.94198608"
"'74","'LINE","'The three processes are solute-solute, solvent-solvent, and solute-solvent interactions","'99.84297943"
"'74","'LINE","'each accompanied by an enthalpy change:","'99.97694397"
"'74","'LINE","'Step 1: Solute particles separate from each other. This step involves overcoming","'99.81712341"
"'74","'LINE","'intermolecular attractions, so it is endothermic.","'95.92507172"
"'74","'LINE","'Solute (aggregated) + Heat","'99.38705444"
"'74","'LINE","'Solute (separated)","'99.93612671"
"'74","'LINE","'H solute >0","'60.30442810"
"'74","'LINE","'Step 2: Solvent particles separate from each other. This step also involves overcoming","'99.97727966"
"'74","'LINE","'attractions, so it is endothermic, too.","'97.21739197"
"'74","'LINE","'Solvent (aggregated) + Heat","'99.42124176"
"'74","'LINE","'Solvent (separated)","'99.90603638"
"'74","'LINE","'solvent >0","'75.75318909"
"'74","'LINE","'Step 3: Solute and solvent particles mix and form a solution. The different particles","'99.76576233"
"'74","'LINE","'attract each other and come together, so this step is exothermic:","'98.21665955"
"'74","'LINE","'Solute (separated) + Solvent (separated)","'99.67677307"
"'74","'LINE","'Solution + Heat","'99.45910645"
"'74","'LINE","'mix <0","'82.90815735"
"'74","'LINE","'We combine the three individual enthalpy changes to find the enthalpy of solution","'99.98635864"
"'74","'LINE","'68","'99.81445313"
"'75","'LINE","'Solutions","'99.95037079"
"'75","'LINE","'(AHsoln), the total enthalpy change that occurs when solute and solvent form a solution:","'94.67007446"
"'75","'LINE","'=","'88.26420593"
"'75","'LINE","'H","'26.02887726"
"'75","'LINE","'+","'88.09001923"
"'75","'LINE","'+","'93.17303467"
"'75","'LINE","'soln","'92.68176270"
"'75","'LINE","'solute","'89.20091248"
"'75","'LINE","'solvent","'87.61011505"
"'75","'LINE","'Hmix","'42.11176682"
"'75","'LINE","'Endothermic and Exothermic Dissolution Processes","'99.96663666"
"'75","'LINE","'Depending on the relative magnitude of H solute + solvent & mix' the H soln can be","'89.08586884"
"'75","'LINE","'zero (ideal solution), negative (exothermic) or positive (endothermic).","'99.82426453"
"'75","'LINE","'Ideal Solutions (ДН soln = H solute + solvent + mix = 0)","'83.74327850"
"'75","'LINE","'When the strengths of the intermolecular forces of attraction in solute-solute and","'99.91802216"
"'75","'LINE","'solvent-solvent are similar to solute-solvent the solution is formed with no accompanying","'99.89991760"
"'75","'LINE","'energy change. Such a solution is called an ideal solution. A mixture of ideal gases","'98.78739166"
"'75","'LINE","'(or gases such as helium and argon, which closely approach ideal behavior) is an","'99.96425629"
"'75","'LINE","'example of an ideal solution, since the entities comprising these gases experience no","'99.95587921"
"'75","'LINE","'significant intermolecular attractions. Ideal solutions may also form when structurally","'99.88546753"
"'75","'LINE","'similar liquids are mixed. For example, mixtures of the alcohols - methanol (CH₃OH)","'96.36076355"
"'75","'LINE","'and ethanol (C₂H₅OH) form ideal solutions, as do mixtures of the hydrocarbons","'96.61058044"
"'75","'LINE","'pentane, C₅H₁₂, and hexane, C₆H₁₄·","'87.19622803"
"'75","'LINE","'Enthalpy of Hydration (lonic Solids in Water)","'98.34098053"
"'75","'LINE","'Therefore, H soln = solute + H solvent + H mix lat hydr","'90.25842285"
"'75","'LINE","'Where ДН lat' Lattice energy, is the energy required to break up the ions apart from","'94.36914063"
"'75","'LINE","'crystal lattice. ДН solv solvation energy, is the energy released or absorbed when solute","'92.77986145"
"'75","'LINE","'particles are completely surrounded by solvent molecules. When water is used as the","'99.97058105"
"'75","'LINE","'solvent, we use the term hydration energy, Hyd' rather than the more general term","'93.54385376"
"'75","'LINE","'solvation energy. Hydration is usually exothermic, so heat is released when water","'98.58287048"
"'75","'LINE","'molecules completely surround solute particles.","'99.98210144"
"'75","'LINE","'How does Lattice Energy affect the Solubility of lonic Solids?","'96.20664978"
"'75","'LINE","'Breaking up the lattice is an endothermic process. Hydration of ions favors the","'99.90588379"
"'75","'LINE","'dissolution of an ionic solid in water. Thus, Lattice energy works against the solution","'99.97309113"
"'75","'LINE","'process (Figure 2.9), so an ionic solid with relatively large lattice energy is usually","'98.23831177"
"'75","'LINE","'insoluble.","'99.92028046"
"'75","'LINE","'Hydration energy","'99.84375000"
"'75","'LINE","'+","'90.79021454"
"'75","'LINE","'Lattice energy","'99.94100952"
"'75","'LINE","'Figure 2.9 The effects of lattice energy and hydration energy on the solution process","'99.96681976"
"'75","'LINE","'of ionic solids.","'99.93735504"
"'75","'LINE","'69","'99.50195313"
"'76","'LINE","'Chemistry Grade 10","'99.90859222"
"'76","'LINE","'Lattice energies depend on the charge on the ions and also the distance between","'99.96478271"
"'76","'LINE","'the centers of the neighboring positive and negative ions. As the magnitude of the","'99.97524261"
"'76","'LINE","'charge on the ions increases the lattice energy also increases. For this reason, you can","'99.74743652"
"'76","'LINE","'expect substances with single charged ions to be more comparatively soluble, and","'99.96698761"
"'76","'LINE","'those with multiple charged ions to be less soluble in water. Lattice energy is inversely","'99.96853638"
"'76","'LINE","'proportional to the inter-particle distance between the centers of the two ions. Thus,","'99.93346405"
"'76","'LINE","'CsCI has less lattice energy than NaCl.","'94.24969482"
"'76","'LINE","'Examples of Endothermic and Exothermic Processes","'99.97545624"
"'76","'LINE","'When sodium hydroxide is dissolved in water, the solution becomes hot (the solution","'99.97126770"
"'76","'LINE","'process is exothermic). On the other hand, when ammonium nitrate is dissolved in water,","'99.91538239"
"'76","'LINE","'the solution becomes very cold (the solution process is endothermic). This cooling effect","'99.95819092"
"'76","'LINE","'from the dissolving of ammonium nitrate in water is exploited in instant cold packs","'99.94194794"
"'76","'LINE","'used in hospitals. An instant cold pack consists of a bag of NH₄NO₃ crystals inside a","'97.18302155"
"'76","'LINE","'bag of water (Figure 2.10). When the inner bag is broken, NH₄NO₃ dissolves in the","'97.31353760"
"'76","'LINE","'water. Heat is absorbed, so the bag feels cold. Hot packs, by contrast, containing","'99.03301239"
"'76","'LINE","'either CaCl₂ or MgSO₄, produce heat when the salts dissolve in water (Figure 2.10).","'94.62628937"
"'76","'LINE","'INSTANT HOT COMPRESS","'99.74861908"
"'76","'LINE","'Disposable Squeeze Bag","'99.93814850"
"'76","'LINE","'INSTANT","'99.99023438"
"'76","'LINE","'SINGLE USE ONLY","'99.90234375"
"'76","'LINE","'COLD PACK","'99.50972748"
"'76","'LINE","'INSTRUCTIONS:","'99.95037079"
"'76","'LINE","'DIRECTION FOR USE:","'99.85351563"
"'76","'LINE","'1. Shake","'99.36035156"
"'76","'LINE","'2. Locate inner","'99.70052338"
"'76","'LINE","'3. Shake","'99.42831421"
"'76","'LINE","'4. Wrap in","'99.66146088"
"'76","'LINE","'contents to pouch.","'99.87277985"
"'76","'LINE","'briefly","'99.99023438"
"'76","'LINE","'soft cloth","'99.87304688"
"'76","'LINE","'1. Locate","'99.44824219"
"'76","'LINE","'2. Shake content","'99.82747650"
"'76","'LINE","'3.wrap with a light towel","'99.81576538"
"'76","'LINE","'bottom of","'99.91210938"
"'76","'LINE","'squeeze firmly","'99.94140625"
"'76","'LINE","'to mix","'99.86328125"
"'76","'LINE","'and apply","'99.93164063"
"'76","'LINE","'inner liquid","'99.48650360"
"'76","'LINE","'breifly","'99.91051483"
"'76","'LINE","'or cloth, then apply to","'99.87827301"
"'76","'LINE","'bag","'99.87304688"
"'76","'LINE","'to rupture inner","'99.84348297"
"'76","'LINE","'contents","'99.97070313"
"'76","'LINE","'pack.squeeze","'99.28710938"
"'76","'LINE","'injured area.","'99.87304688"
"'76","'LINE","'fluid pouch","'99.92187500"
"'76","'LINE","'firmly to rupture","'99.88281250"
"'76","'LINE","'WARNING: AVOID DIRECT SKIN CONTACT","'99.55062103"
"'76","'LINE","'Figure 2.10 The instant cold compress and hot compresses","'99.84023285"
"'76","'LINE","'Note: Enthalpy of solution is only one part of the driving force in the formation of","'99.97975922"
"'76","'LINE","'solutions; the other part is the entropy of solution. You will learn about entropy at","'99.94776917"
"'76","'LINE","'higher levels.","'99.99511719"
"'76","'LINE","'Enthalpy (heat) of solution can be determined in the laboratory by measuring the","'99.97196198"
"'76","'LINE","'temperature change of the solvent when solute is added. A calorimeter is a device","'99.40290833"
"'76","'LINE","'used to measure the amount of heat involved in a chemical or physical process.","'99.92381287"
"'76","'LINE","'70","'99.73632813"
"'77","'LINE","'Solutions","'99.95037079"
"'77","'LINE","'Discuss the following questions and present finding to","'99.97640991"
"'77","'LINE","'the class","'99.99511719"
"'77","'LINE","'1. Discuss how people traditionally alleviate","'99.86208344"
"'77","'LINE","'inflammation (tenderness), and pains caused by","'99.88042450"
"'77","'LINE","'?","'92.17694092"
"'77","'LINE","'muscle or joint damage in relation to the medical","'99.96609497"
"'77","'LINE","'uses of cold packs and hot packs.","'99.96036530"
"'77","'LINE","'2. The process of dissolution is always accompanied","'99.98403168"
"'77","'LINE","'by energy change. (True/False).","'99.02702332"
"'77","'LINE","'Activity 2.4","'99.86288452"
"'77","'LINE","'Exercise 2.4","'99.88729858"
"'77","'LINE","'1. Which one of the following pairs of ions has greater enthalpy of hydration?","'99.94449615"
"'77","'LINE","'i. Na⁺ or Cs⁺?","'86.19499207"
"'77","'LINE","'ii. Mg²⁺ or Cs⁺?","'85.73665619"
"'77","'LINE","'iii. F- or Cl⁻? Explain.","'86.10801697"
"'77","'LINE","'2. A student added 4.00 g of NaOH(s) to 100 g of water in a polystyrene foam","'98.80777740"
"'77","'LINE","'cup. The temperature of the water rose by 10.0°C. Assuming the polystyrene","'98.63935852"
"'77","'LINE","'foam cup is well insulated and the specific heat capacity of water is 4.18","'99.91734314"
"'77","'LINE","'J/°C.g, determine the molar enthalpy of solution of sodium hydroxide in kJ","'98.75211334"
"'77","'LINE","'mol⁻¹. Answer: ДН soln = -43.5 kJ mol-¹, verify this!","'81.91664124"
"'77","'LINE","'3. The molar heat of solution, H soln of NaOH is -445.1 kJ/mol. In a certain","'92.53737640"
"'77","'LINE","'experiment, 5.00 g of NaOH is completely dissolved in 1.000 L of water at","'99.70431519"
"'77","'LINE","'20.0°C in a foam cup calorimeter. Assuming no heat loss, calculate the final","'99.35559082"
"'77","'LINE","'temperature of the water. Answer: Tf = 33.2°C, verify this!","'98.48742676"
"'77","'LINE","'71","'98.42613983"
"'78","'LINE","'Chemistry Grade 10","'99.96717834"
"'78","'LINE","'Experiment 2.1","'99.76442719"
"'78","'LINE","'Investigation of Heat of Solution","'99.98812103"
"'78","'LINE","'Objective: To investigate the heat of solution of calcium chloride and ammonium","'99.15298462"
"'78","'LINE","'nitrate.","'99.83079529"
"'78","'LINE","'Apparatus: Erlenmeyer flask, thermometer, cork.","'99.96615601"
"'78","'LINE","'Chemicals: Calcium chloride, ammonium nitrate and water.","'99.93736267"
"'78","'LINE","'Procedure:","'99.96014404"
"'78","'LINE","'1. Weigh out accurately about 4 g of calcium chloride in a weighing boat (or","'99.59752655"
"'78","'LINE","'weighing paper) and record the mass on your results sheet.","'99.98226166"
"'78","'LINE","'2. Using graduated cylinder, accurately measure 40 mL of distilled water;","'99.96391296"
"'78","'LINE","'record your measurement to one decimal place on your results sheet.","'99.97389221"
"'78","'LINE","'3. Pour the water into an Erlenmeyer flask and stopper it with a cork as shown","'99.81680298"
"'78","'LINE","'in Figure 2.11.","'99.23741913"
"'78","'LINE","'Thermometer","'99.99023438"
"'78","'LINE","'Cork","'99.97070313"
"'78","'LINE","'Insulated vessel","'99.97518921"
"'78","'LINE","'Reaction mixture","'100.00000000"
"'78","'LINE","'Figure 2.11 Apparatus to measure the heat of solution.","'99.89702606"
"'78","'LINE","'4. Insert a thermometer through a hole in the cork and record initial temperature,","'99.75373840"
"'78","'LINE","'again recording your results to one decimal place in the table below.","'99.98345947"
"'78","'LINE","'5. Remove the cork along with the thermometer and quickly transfer the weight","'99.99023438"
"'78","'LINE","'calcium chloride and replace the cork; not the thermometer.","'99.99557495"
"'78","'LINE","'6. Insert the stirrer and stir to dissolve the salt.","'99.97924805"
"'78","'LINE","'7. Insert the thermometer and record the final temperature of the solution","'99.98596191"
"'78","'LINE","'(highest or lowest temperature attained) in the table","'99.94050598"
"'78","'LINE","'72","'99.65820313"
"'79","'LINE","'Solutions","'99.95037079"
"'79","'LINE","'Chemical","'100.00000000"
"'79","'LINE","'Initial temperature","'99.96054077"
"'79","'LINE","'Maximum","'99.96014404"
"'79","'LINE","'Heat of solution","'99.97721100"
"'79","'LINE","'of the solvent","'99.97694397"
"'79","'LINE","'temperature of the","'99.96717834"
"'79","'LINE","'solution","'100.00000000"
"'79","'LINE","'CaCl₂","'55.33482361"
"'79","'LINE","'NH4NO3","'51.67171478"
"'79","'LINE","'8. Repeat the procedure using ammonium nitrate.","'99.96187592"
"'79","'LINE","'9. Calculate the total amount of heat in Joules (J) absorbed or liberated.","'99.93553925"
"'79","'LINE","'10. Calculate the amount of heat in Joules (J) absorbed or liberated per mole of","'99.90279388"
"'79","'LINE","'salt and determine whether the process is endothermic or exothermic.","'99.96460724"
"'79","'LINE","'Insulate the vessel, if you can, or assume the heat exchange with surrounding","'99.73524475"
"'79","'LINE","'negligible. Assume that the specific heat of the solution is the same as the","'99.96983337"
"'79","'LINE","'specific heat of water (4.184 J/g.°C) and molar mass of calcium chloride","'98.28179932"
"'79","'LINE","'110.98 g/mol.","'96.75701141"
"'79","'LINE","'Project 2.4","'99.83847046"
"'79","'LINE","'Your teacher will arrange a visit to nearby hospital or other health center. Your role is","'99.90537262"
"'79","'LINE","'to contact the professionals on the usage of instant cold packs and instant hot packs.","'99.96366119"
"'79","'LINE","'Ask them to get one each, discuss the usage, working principle, and the composition.","'99.96524811"
"'79","'LINE","'Write the dissolution equation in each case. Report your answers to the class","'99.96889496"
"'79","'LINE","'2.3 Solubility as an Equilibrium Process","'99.88865662"
"'79","'LINE","'At the end of this section students will be able to","'99.98224640"
"'79","'LINE","'define solubility;","'99.90074921"
"'79","'LINE","'describe the distinctions among unsaturated, saturated and supersaturated","'99.94407654"
"'79","'LINE","'solutions;","'99.96014404"
"'79","'LINE","'prepare unsaturated and saturated solutions of sodium sulphate;","'99.97895050"
"'79","'LINE","'prepare supersaturated solution of sodium thiosulphate;","'99.91227722"
"'79","'LINE","'explain the equilibrium nature of saturated solution.","'99.92318726"
"'79","'LINE","'We have already defined solubility as the maximum amount of a substance that can","'99.85640717"
"'79","'LINE","'be dissolved in a given volume (usually 100 mL) of solvent at a given temperature.","'99.73704529"
"'79","'LINE","'When an ionic solid dissolves, ions leave the solid and enter the solvent. Suppose that","'99.96566772"
"'79","'LINE","'you have a beaker of water to which you add some salt (Figure 2.12) and stir the","'99.32734680"
"'79","'LINE","'mixture until the NaCl dissolves. You keep adding more and more salt and continue","'98.72320557"
"'79","'LINE","'stirring. Eventually, you reach a point where no more of the salt will dissolve no matter","'99.61953735"
"'79","'LINE","'how long or how vigorously you stir it. Why? At the molecular level, we know that action","'99.79719543"
"'79","'LINE","'of the water causes the individual ions to break apart from the salt crystal and enter","'99.97406769"
"'79","'LINE","'the solution, where they remain hydrated by the water molecules. What also happens","'99.98091125"
"'79","'LINE","'73","'99.18945313"
"'80","'LINE","'Chemistry Grade 10","'99.94113922"
"'80","'LINE","'is that some of the dissolved ions collide back again with the undissolved solute and","'99.98226166"
"'80","'LINE","'crystallize. Recrystallization is the process of dissolved solute returning to the solid","'99.91892242"
"'80","'LINE","'state. At some point the rate at which the solid salt is dissolving becomes equal to the","'99.97511292"
"'80","'LINE","'rate at which the dissolved solute is recrystallizing. When that point is reached, the","'99.89784241"
"'80","'LINE","'total amount of dissolved salt remains unchanged-equilibrium is established. Solution","'99.26038361"
"'80","'LINE","'equilibrium is the physical state described by the opposing processes of dissolution","'99.97281647"
"'80","'LINE","'and recrystallization occurring at the same rate.","'99.90505219"
"'80","'LINE","'Dissolution","'100.00000000"
"'80","'LINE","'Solid (solute)","'99.92107391"
"'80","'LINE","'Dissolved ions","'99.88201141"
"'80","'LINE","'Crystallization","'99.96014404"
"'80","'LINE","'a","'97.77263641"
"'80","'LINE","'b","'99.37340546"
"'80","'LINE","'c","'66.15413666"
"'80","'LINE","'d","'91.36738586"
"'80","'LINE","'Figure 2.12 Illustrates the formation of saturated solution. (a) excess solid added to a","'99.73803711"
"'80","'LINE","'solvent (b) The solute starts to dissolve (c) The solute continues to dissolve (d) No more","'99.79174805"
"'80","'LINE","'solute is dissolving indicating that the process has reached a dynamic equilibrium","'99.80461884"
"'80","'LINE","'where the rate of dissolution is equal to the rate of crystallization.","'99.89655304"
"'80","'LINE","'2.3.1 Unsaturated, Saturated, and Supersaturated Solutions","'99.86331177"
"'80","'LINE","'A saturated solution is a solution that is at equilibrium and contains the maximum","'98.70443726"
"'80","'LINE","'amount of dissolved solute at a given temperature in the presence of undissolved","'99.75995636"
"'80","'LINE","'solute. Therefore, if you filter off the solution and add more solute, it doesn't dissolve.","'99.81842804"
"'80","'LINE","'A simple analogy is ""when you have eaten your feel, you are saturated!""","'99.00468445"
"'80","'LINE","'Unsaturated solution is the solution that has not reached its maximum solubility. This","'99.97402954"
"'80","'LINE","'means that more solute could still be added to the solution and dissolving would still","'99.97819519"
"'80","'LINE","'occur.","'99.75186920"
"'80","'LINE","'Supersaturated solutions are solutions that have dissolved solute beyond the normal","'99.99467468"
"'80","'LINE","'saturation point. Usually a condition such as increased temperature or pressure is","'99.84331512"
"'80","'LINE","'required to create a supersaturated solution. For example, sodium acetate has a very","'99.50432587"
"'80","'LINE","'high solubility at 273 K. When cooled, such a solution stays dissolved in what is called","'97.53631592"
"'80","'LINE","'a meta-stable state. However, when a seeding crystal is added to the solution, the","'99.81990814"
"'80","'LINE","'extra solute will rapidly solidify, leaving a saturated solution (Figure 2.13). During the","'99.60167694"
"'80","'LINE","'crystallization process, heat is evolved, and the solution becomes warm. Common hand","'99.94799805"
"'80","'LINE","'warmers use this chemical process to generate heat.","'99.90969086"
"'80","'LINE","'74","'99.84375000"
"'81","'LINE","'Solutions","'99.95037079"
"'81","'LINE","'(a)","'99.51271057"
"'81","'LINE","'(b)","'99.95117188"
"'81","'LINE","'(c)","'96.89253235"
"'81","'LINE","'Figure 2.13 (a) a hot supersaturated solution (formed at elevated temperature) (b) the","'99.68491364"
"'81","'LINE","'scenario when the supersaturated solution is cooled (c) cold supersaturated solution","'99.84166718"
"'81","'LINE","'after seeding.","'99.98007202"
"'81","'LINE","'Experiment 2.2","'99.94628906"
"'81","'LINE","'Preparation of Unsaturated, Saturated and Supersaturate Solutions","'99.96734619"
"'81","'LINE","'Objectives: To prepare unsaturated, saturated and supersaturate solutions","'98.71950531"
"'81","'LINE","'Materials required: 100 g of Na₂S₂O₃, sodium thiosulfate, beaker, balance, filter","'95.92623138"
"'81","'LINE","'paper, spatula, stirring rod","'99.98027039"
"'81","'LINE","'Procedure:","'100.00000000"
"'81","'LINE","'1. Pour 100 mL water in a beaker.","'99.53833008"
"'81","'LINE","'2. Add some crystal (about 5 g) of Na₂S₂O₃ into the water using spatula and stir","'97.13722229"
"'81","'LINE","'until it dissolves.","'99.94412994"
"'81","'LINE","'a) What do you call this type of solution?","'99.45091248"
"'81","'LINE","'3. Continue adding more and more Na₂S₂O₃ while stirring to dissolve.","'95.69641876"
"'81","'LINE","'b) What do you observe after addition of large (about 70 g) amount of","'99.46685791"
"'81","'LINE","'solute?","'99.85112762"
"'81","'LINE","'c) Why does the excess solute remains undissolved?","'99.18053436"
"'81","'LINE","'4. Filter the undissolved solute. Collect the filtrate or the solution.","'99.96664429"
"'81","'LINE","'d) What is the name of such a solution?","'99.84570313"
"'81","'LINE","'5. Add spatula-full more solute to the filtrate while heating the mixture and stir.","'99.93996429"
"'81","'LINE","'e) Does the additional solute dissolve in absence of heating? What about","'99.95695496"
"'81","'LINE","'while heating?","'99.93532562"
"'81","'LINE","'f) What is the name of such a solution?","'99.76290131"
"'81","'LINE","'Prepare your report and discuss your findings with rest of the class.","'99.98590088"
"'81","'LINE","'75","'99.44335938"
"'82","'LINE","'Chemistry Grade 10","'99.93110657"
"'82","'LINE","'Discuss the following questions in group and present","'99.98769379"
"'82","'LINE","'your conclusions to the class.","'99.92841339"
"'82","'LINE","'1. Discuss the differences among saturated,","'99.85693359"
"'82","'LINE","'unsaturated, and supersaturated solutions in","'99.91848755"
"'82","'LINE","'relation to your life experiences.","'99.96224976"
"'82","'LINE","'2. Consider three beakers A, B, and C containing","'91.99993896"
"'82","'LINE","'100 mL each of unsaturated, saturated, and","'99.82800293"
"'82","'LINE","'supersaturated solutions of a salt. What would","'99.60370636"
"'82","'LINE","'?","'91.52263641"
"'82","'LINE","'happen if a few crystals of the salt is added to","'99.86288452"
"'82","'LINE","'each? Which solution would be able to dissolve,","'99.98261261"
"'82","'LINE","'which not? In which case would you expect even","'99.82428741"
"'82","'LINE","'more than added amount of solid to precipitate?","'99.96156311"
"'82","'LINE","'Activity 2.5","'99.90722656"
"'82","'LINE","'2.3.2 Factors Affecting Solubility of Substances","'99.95904541"
"'82","'LINE","'At the end of this section students will be able to","'99.97211456"
"'82","'LINE","'describe the factors that affect solubility of substances;","'99.97264862"
"'82","'LINE","'investigate the effect of temperature on solubility of sodium sulphate;","'99.95134735"
"'82","'LINE","'conduct an experiment to determine solubility of table salt and sugar.","'99.96849060"
"'82","'LINE","'Solubility of a substance in a given solvent depends on","'99.69200134"
"'82","'LINE","'inter-particle forces,","'99.78276825"
"'82","'LINE","'temperature, and","'99.83567810"
"'82","'LINE","'pressure (for gases only).","'99.89990234"
"'82","'LINE","'A. Effect of Temperature on Solubility of Solids","'94.89704132"
"'82","'LINE","'You know that more sugar dissolves in hot tea than in cold tea. Generally, the solubility","'99.96287537"
"'82","'LINE","'of most of solid solutes increases with temperature. For instance, the solubility of","'99.94950104"
"'82","'LINE","'sodium sulfate, Na₂SO₄, rises more than tenfold when the temperature rises from 0°C","'96.49621582"
"'82","'LINE","'to 32.4°C, where it reaches a maximum of 49.7 g Na₂SO₄ per 100 g water. The","'96.17933655"
"'82","'LINE","'solubility of NaCl is 36 g/100 mL of water at 25°C and 39 g/100 mL of water at","'97.31106567"
"'82","'LINE","'100°C.","'92.63552094"
"'82","'LINE","'76","'99.63867188"
"'83","'LINE","'Solutions","'99.95037079"
"'83","'LINE","'Experiment 2.3","'99.87633514"
"'83","'LINE","'Determination of the Solubility of NaCl","'96.79006195"
"'83","'LINE","'Objective: To determine the solubility of NaCl","'96.17358398"
"'83","'LINE","'Apparatus: Beaker, evaporating dish, measuring cylinder, glass rod, filter paper,","'99.98510742"
"'83","'LINE","'analytical balance, and Bunsen burner.","'99.98421478"
"'83","'LINE","'Chemicals: Sodium chloride and water.","'99.98405457"
"'83","'LINE","'Procedure:","'100.00000000"
"'83","'LINE","'1. Take an evaporating dish and weigh it.","'99.88323212"
"'83","'LINE","'2. Take 100 mL of water in a beaker and add about 20 g of sodium chloride","'99.81561279"
"'83","'LINE","'to it. Stir the solution vigorously with a glass rod, add more sodium chloride","'99.88796997"
"'83","'LINE","'while stirring and continue this process until undissolved sodium chloride is left","'99.97437286"
"'83","'LINE","'in the beaker.","'99.98697662"
"'83","'LINE","'3. Take 50 mL of the supernatant saturated solution (assume that 50 mL of","'99.90203094"
"'83","'LINE","'solution is equal to 50 mL of the solvent) and transfer it to an evaporating","'99.94527435"
"'83","'LINE","'dish.","'99.96014404"
"'83","'LINE","'4. Heat the solution in the evaporating dish as shown in the Figure, till all the","'99.98347473"
"'83","'LINE","'water has evaporated and dry sodium chloride is left in the evaporating dish.","'99.97490692"
"'83","'LINE","'5. Cool the evaporating dish containing dry sodium chloride to room temperature","'99.96968842"
"'83","'LINE","'and weigh it again.","'99.96073914"
"'83","'LINE","'Observations and analysis:","'99.99674225"
"'83","'LINE","'1. Volume of the NaCl solution","'97.27419281"
"'83","'LINE","'2. Weight of the empty evaporating","'99.99349213"
"'83","'LINE","'dish","'100.00000000"
"'83","'LINE","'3. Weight of the evaporating dish +","'99.76889801"
"'83","'LINE","'NaCl collected after evaporating","'96.23345947"
"'83","'LINE","'the solvent","'99.92147827"
"'83","'LINE","'4. Calculate the solubility of NaCl in","'97.74414063"
"'83","'LINE","'water and express the results in","'99.99349213"
"'83","'LINE","'grams of NaCI/100 g of water","'94.61894226"
"'83","'LINE","'(assume that 100 mL of water =","'99.70987701"
"'83","'LINE","'100 g of water).","'99.58172607"
"'83","'LINE","'5. Repeat the experiment with sugar.","'99.96894073"
"'83","'LINE","'B. Effect of Temperature on Solubility of Gases","'94.90202332"
"'83","'LINE","'The solubility of gases in liquids decreases with increasing temperature. The molecules","'99.94861603"
"'83","'LINE","'in the gaseous state are so far apart because attractive intermolecular interactions in","'98.43508148"
"'83","'LINE","'77","'99.06250000"
"'84","'LINE","'Chemistry Grade 10","'99.97070313"
"'84","'LINE","'the gas phase are essentially zero for most substances. When a gas dissolves, it does","'99.88777924"
"'84","'LINE","'so because its molecules interact with solvent molecules. Heat is released when these","'98.84900665"
"'84","'LINE","'new attractive forces form. Thus, if external heat is added to the system, it breaks","'99.97450256"
"'84","'LINE","'the attractive forces between the gas and the solvent molecules and decreases the","'99.98391724"
"'84","'LINE","'solubility of the gas.","'99.99267578"
"'84","'LINE","'Perform the following activities in group and present","'99.98637390"
"'84","'LINE","'your conclusions to the class.","'99.90254211"
"'84","'LINE","'(Effect of climate change and pollution on environment)","'99.91203308"
"'84","'LINE","'a. Discuss the effect of climate change (rise in","'99.81396484"
"'84","'LINE","'temperature of the environment) on aquatic life.","'99.91492462"
"'84","'LINE","'b. As nations shift from agriculture-led to industry-","'99.87207794"
"'84","'LINE","'led economy, environmental pollution becomes a","'99.80312347"
"'84","'LINE","'serious concern. Water bodies, for instance, can be","'99.97538757"
"'84","'LINE","'polluted by chemicals released to the environment","'99.98442841"
"'84","'LINE","'by industries along with wastes. Discuss how pollution","'99.98891449"
"'84","'LINE","'of water bodies by chemicals can affect aquatic","'99.99389648"
"'84","'LINE","'?","'90.39879608"
"'84","'LINE","'life such as fish and its productivity. From this lesson,","'99.95940399"
"'84","'LINE","'what precautions would you make when disposing","'99.60140228"
"'84","'LINE","'wastes of personal hygiene materials such as","'99.97058868"
"'84","'LINE","'sanitary pads (Modess) or hair gel containers and","'99.93807220"
"'84","'LINE","'Activity 2.6","'99.91699219"
"'84","'LINE","'other plastic materials?","'99.95037079"
"'84","'LINE","'C. Effect of Pressure on Solubility of Gases: Henry's Law","'99.36069489"
"'84","'LINE","'At the end of this section students will be able to","'99.97758484"
"'84","'LINE","'state Henry's law","'99.97017670"
"'84","'LINE","'use Henry's law to calculate concentration of gaseous solute in a solution.","'99.81275940"
"'84","'LINE","'1. Do you know why (a)","'99.49996185"
"'84","'LINE","'Carbonated beverages such","'100.00000000"
"'84","'LINE","'as coke, Pepsi, fizzes (sparkles,","'99.92889404"
"'84","'LINE","'Figure to the right) when the","'99.97694397"
"'84","'LINE","'cap is removed (b) Multicellular","'99.87926483"
"'84","'LINE","'organisms need hemoglobin","'99.98345947"
"'84","'LINE","'in red blood cells to bind and","'99.97035980"
"'84","'LINE","'?","'90.75195313"
"'84","'LINE","'carry O2 to support the energy","'92.14674377"
"'84","'LINE","'needs. Why this mechanism of","'99.99202728"
"'84","'LINE","'replenishing O2 in biological","'90.97013855"
"'84","'LINE","'fluid is necessary? What would","'99.92334747"
"'84","'LINE","'Activity 2.7","'99.73593140"
"'84","'LINE","'happen if hemoglobin is absent?","'99.90936279"
"'84","'LINE","'78","'98.70117188"
"'85","'LINE","'Solutions","'99.95037079"
"'85","'LINE","'Pressure has virtually no effect on the solubility of solids or liquids in liquid solvents","'99.95780182"
"'85","'LINE","'because they are incompressible. In contrast, the solubility of gases increases as the","'99.93453979"
"'85","'LINE","'partial pressure of the gas above a solution increases (Henry's Law). As you can see","'99.73143768"
"'85","'LINE","'in Figure 2.14, more and more gaseous particles enter the solution when the pressure","'99.37350464"
"'85","'LINE","'is increased from P1 to P₂ and then P3.","'91.77433014"
"'85","'LINE","'P1","'62.26143646"
"'85","'LINE","'P2","'76.64321899"
"'85","'LINE","'P3","'69.85829926"
"'85","'LINE","'Gas above","'99.91210938"
"'85","'LINE","'liquid","'100.00000000"
"'85","'LINE","'Dissolved","'99.99023438"
"'85","'LINE","'gas","'99.84375000"
"'85","'LINE","'a) Dynamic equilibrium","'99.84135437"
"'85","'LINE","'b) Pgas increased c)A new dynamic equilibrium at P3","'94.43824005"
"'85","'LINE","'Figure 2.14 A model depicting why the solubility of a gas increases as the partial","'99.14119720"
"'85","'LINE","'pressure increases at constant temperature.","'99.90074921"
"'85","'LINE","'Henry's Law: Relating Pressure to the Solubility of a Gas in a Liquid","'99.20760345"
"'85","'LINE","'The quantitative relationship between pressure and the solubility of a gas is described","'99.81044769"
"'85","'LINE","'quantitatively by Henry's law, which is named for its discoverer, the English chemist,","'99.97252655"
"'85","'LINE","'William Henry (1775 - 1836):","'97.07282257"
"'85","'LINE","'CαP or C = kP","'79.42340088"
"'85","'LINE","'where C is the concentration of dissolved gas at equilibrium, P is the partial pressure","'96.47071075"
"'85","'LINE","'of the gas, and k is the Henry's law constant, which must be determined experimentally","'99.88401794"
"'85","'LINE","'for each combination of gas, solvent, and temperature. Although the gas concentration","'99.93119049"
"'85","'LINE","'may be expressed in any convenient units, we will use molarity here. The units of the","'99.90995789"
"'85","'LINE","'Henry's law constant are therefore mol/(L.atm) = M/atm.","'93.70463562"
"'85","'LINE","'The partial pressure of a gas can be expressed as concentration by writing Henry's","'99.86385345"
"'85","'LINE","'Law as","'99.88241577"
"'85","'LINE","'P = k","'86.86214447"
"'85","'LINE","'Eg 2.3","'99.27834320"
"'85","'LINE","'Since partial pressure and concentration are directly proportional, if the partial pressure","'99.95321655"
"'85","'LINE","'of a gas changes while the temperature remains constant, the new concentration of","'99.90456390"
"'85","'LINE","'the gas within the liquid can be easily calculated using the following equation:","'99.98328400"
"'85","'LINE","'P1 = C2 P2","'76.58514404"
"'85","'LINE","'Eg 2.4","'99.26897430"
"'85","'LINE","'Where C₁ and P₁ are the concentration and partial pressure, respectively, of the gas","'96.22527313"
"'85","'LINE","'at the initial condition, and C2 and P₂ are the concentration and partial pressure,","'96.22160339"
"'85","'LINE","'respectively, of the gas at the final condition.","'99.95922089"
"'85","'LINE","'79","'99.61914063"
"'86","'LINE","'Chemistry Grade 10","'99.94764709"
"'86","'LINE","'Note: Gases that form strong intermolecular forces such as H-bonding or react","'99.95227051"
"'86","'LINE","'chemically with water, such as HCI and the other hydrogen halides, H2S, and NH3, do","'95.57319641"
"'86","'LINE","'not obey Henry's law; all of these gases are much more soluble than predicted by","'99.98882294"
"'86","'LINE","'Henry's law.","'99.97030640"
"'86","'LINE","'Example 2.2","'99.94140625"
"'86","'LINE","'The partial pressure of carbon dioxide gas inside a bottle of cola is 4 atm at","'99.86373138"
"'86","'LINE","'25°C. What is the solubility of CO2? The Henry's law constant for CO2 in water is","'95.36278534"
"'86","'LINE","'3.3 X 10⁻² mol/L.atm at 25°C.","'90.44224548"
"'86","'LINE","'Given","'99.99023438"
"'86","'LINE","'Required","'100.00000000"
"'86","'LINE","'Solution","'100.00000000"
"'86","'LINE","'Pco2 = 4 atm","'79.12515259"
"'86","'LINE","'Solubility","'99.96014404"
"'86","'LINE","'The relation between solubility of a","'99.42987823"
"'86","'LINE","'of carbon","'99.99511719"
"'86","'LINE","'gas and its partial pressure is given","'99.98186493"
"'86","'LINE","'kH = 3.3x10⁻² mol/L.atm","'89.59951019"
"'86","'LINE","'dioxide","'100.00000000"
"'86","'LINE","'by Henry's law:","'99.96691895"
"'86","'LINE","'Temperature = 293","'98.71638489"
"'86","'LINE","'C = kH X P","'82.06279755"
"'86","'LINE","'K = constant","'98.30330658"
"'86","'LINE","'Substituting the values of kH and P in","'98.50745392"
"'86","'LINE","'the above equation gives:","'99.98535156"
"'86","'LINE","'C = 3.3 X 10-2(mol/(L.atm) X 4 atm","'86.07608795"
"'86","'LINE","'= 0.132 mol/L","'96.92841339"
"'86","'LINE","'= 0.1mol/L; when rounded to","'98.93447113"
"'86","'LINE","'one significant figure.","'99.92433167"
"'86","'LINE","'Example 2.3","'99.95117188"
"'86","'LINE","'The solubility of nitrogen gas at 25°C and 1 atm is 6.8x10⁻⁴ mol/L. What is the","'96.60526276"
"'86","'LINE","'concentration of nitrogen dissolved in water under atmospheric conditions? The","'99.97135925"
"'86","'LINE","'partial pressure of nitrogen gas in the atmosphere is 0.78 atm.","'99.94303894"
"'86","'LINE","'Given","'99.99023438"
"'86","'LINE","'Required","'99.99023438"
"'86","'LINE","'Solution","'99.99023438"
"'86","'LINE","'P1 = 1 atm","'88.38414001"
"'86","'LINE","'C2","'88.72309113"
"'86","'LINE","'C₁/P₁=C₂/P₂","'43.21030045"
"'86","'LINE","'C₁= 6.8 X 10⁻⁴ mol/L","'87.32573700"
"'86","'LINE","'P2 X C₁/P₁ = C2","'79.71815491"
"'86","'LINE","'P2 = 0.78 atm","'88.74282074"
"'86","'LINE","'Note: atmospheric condition means the","'99.98030853"
"'86","'LINE","'0.78 atm X 6.8x10⁻⁴ mol","'89.59984589"
"'86","'LINE","'pressure is 1 atm. Since air is 78% N2,","'96.85588837"
"'86","'LINE","'C2=","'89.43956757"
"'86","'LINE","'L","'98.69798279"
"'86","'LINE","'78% of 1 atm is exerted by N2.","'96.61952209"
"'86","'LINE","'(1 atm)","'97.83502197"
"'86","'LINE","'78% X 1 atm = 0.78 atm","'98.27789307"
"'86","'LINE","'C2=5.3 x10⁻⁴ mol/L","'63.69565582"
"'86","'LINE","'Therefore, the partial pressure of N2","'98.05401611"
"'86","'LINE","'under atmospheric condition is 0.78","'99.96257782"
"'86","'LINE","'atm","'100.00000000"
"'86","'LINE","'Note that the decrease in solubility is the result of lowering the pressure from 1","'99.90083313"
"'86","'LINE","'atm to 0.78 atm.","'99.94364929"
"'86","'LINE","'80","'99.61834717"
"'87","'LINE","'Solutions","'99.95037079"
"'87","'LINE","'Exercise 2.5","'99.90682983"
"'87","'LINE","'1. Why are carbonated beverages such as Coca Cola are packed under","'99.89421844"
"'87","'LINE","'pressure?","'99.93083954"
"'87","'LINE","'2. The concentration of CO2 in a solution is 0.032 M at 3.0 atm. What is the","'96.72228241"
"'87","'LINE","'concentration of CO2 at 5.0 atm of pressure?","'97.47010803"
"'87","'LINE","'3. Which of the following gases has the greatest Henry's law constant in water","'99.96675873"
"'87","'LINE","'at 25°C?","'79.97030640"
"'87","'LINE","'a. CH₄","'90.36740875"
"'87","'LINE","'b. Ne","'99.90194702"
"'87","'LINE","'C. NH3","'72.33358765"
"'87","'LINE","'d. H2","'96.34376526"
"'87","'LINE","'2.4 Ways of Expressing Concentration of Solutions","'99.95490265"
"'87","'LINE","'At the end of this section students will be able to","'99.98387909"
"'87","'LINE","'define concentration of a solution;","'99.48847961"
"'87","'LINE","'define mass percentage, ppm and ppb of a solute in a solution;","'99.71113586"
"'87","'LINE","'calculate the mass percentage, ppm and ppb of a solute in a solution from a given","'99.52268219"
"'87","'LINE","'information.","'99.84056091"
"'87","'LINE","'Solution Concentration","'99.97518921"
"'87","'LINE","'In chemistry, concentration is defined as the relative quantity of a solute against a total","'99.53067017"
"'87","'LINE","'quantity of solution or solvent. There are different ways of expressing concentration","'99.95464325"
"'87","'LINE","'of solutions, e.g. percent by mass or volume, mole fraction, molarity, molality, and","'99.93672943"
"'87","'LINE","'normality.","'99.95037079"
"'87","'LINE","'2.4.1 Percent by Mass/Volume","'99.66149139"
"'87","'LINE","'The percent by mass (also called the percent by weight or the weight percent) is","'99.97043610"
"'87","'LINE","'defined as","'99.94140625"
"'87","'LINE","'mass of solute","'99.96745300"
"'87","'LINE","'Percent by mass of solute =","'99.50155640"
"'87","'LINE","'X 100%","'95.77158356"
"'87","'LINE","'mass of solute + mass of solvent","'99.72342682"
"'87","'LINE","'= mass of solute","'99.28671265"
"'87","'LINE","'X 100%","'96.22757721"
"'87","'LINE","'mass of solution","'99.96419525"
"'87","'LINE","'Eq 2.5","'98.85612488"
"'87","'LINE","'The percent by mass is a unitless number because it is a ratio of two similar quantities.","'99.78087616"
"'87","'LINE","'81","'99.69726563"
"'88","'LINE","'Chemistry Grade 10","'99.96717834"
"'88","'LINE","'Example 2.4: A solution is made by dissolving 13.5 g of glucose, C₆H₁₂O₆, in","'94.11645508"
"'88","'LINE","'0.100 kg of water. What is the mass percentage of solute in this solution?","'99.83741760"
"'88","'LINE","'Given","'100.00000000"
"'88","'LINE","'Required","'99.99023438"
"'88","'LINE","'Solution","'99.96014404"
"'88","'LINE","'Mass of solute (glucose)","'99.94773102"
"'88","'LINE","'%(w/w)","'96.52523041"
"'88","'LINE","'%(w/w)","'92.53028870"
"'88","'LINE","'solute","'87.74822235"
"'88","'LINE","'= 13.5 g","'98.97680664"
"'88","'LINE","'Mass of solvent","'99.98671722"
"'88","'LINE","'=","'95.62340546"
"'88","'LINE","'Mass of solute X 100%","'98.00733185"
"'88","'LINE","'= 0.100 kg =100 g","'98.28503418"
"'88","'LINE","'Mass of solution","'99.85677338"
"'88","'LINE","'But Mass solution = mass solute + mass solvent","'97.96343231"
"'88","'LINE","'Substituting the values of masses of","'99.97030640"
"'88","'LINE","'glucose (solute) and solution in the","'99.98847198"
"'88","'LINE","'above equation gives:","'99.98345947"
"'88","'LINE","'%(w/w) solute = (13.5 g/113.5 g) x100%","'92.94565582"
"'88","'LINE","'=11.9%","'97.80293274"
"'88","'LINE","'Parts by Volume: The most common parts-by-volume term is volume percent, % (v/v),","'99.44487762"
"'88","'LINE","'the volume of solute in 100 volumes of solution:","'99.95480347"
"'88","'LINE","'Volume percent = Volume of solute x100%","'97.79043579"
"'88","'LINE","'Volume of solution","'99.90234375"
"'88","'LINE","'Example 2.5","'99.95117188"
"'88","'LINE","'A rubbing alcohol usually contains 70 mL of isopropanol in 100 mL of solution.","'98.82105255"
"'88","'LINE","'What is the %(v/v) of this solution","'99.67477417"
"'88","'LINE","'%(v/v) isopropanol = (70/100) X 100% = 70%","'97.82854462"
"'88","'LINE","'Example 2.6","'99.93652344"
"'88","'LINE","'An iostonic solution contains 0.9 g of NaCl in 100 mL of aqueous solution. What","'98.79052734"
"'88","'LINE","'is the % (w/v) of NaCl of this solution?","'98.04645538"
"'88","'LINE","'Given","'100.00000000"
"'88","'LINE","'Required","'99.99023438"
"'88","'LINE","'Solution","'99.93083954"
"'88","'LINE","'Mass (w) of NaCl = 0.9 g","'96.38053894"
"'88","'LINE","'% (w/v)","'97.13996887"
"'88","'LINE","'% (w/v)","'96.91983795"
"'88","'LINE","'solute","'91.25737762"
"'88","'LINE","'solute","'93.64018250"
"'88","'LINE","'Volume solution = 100 mL","'99.62081146"
"'88","'LINE","'Mass of solute","'99.90234375"
"'88","'LINE","'=","'97.58629608"
"'88","'LINE","'X 100%","'98.71093750"
"'88","'LINE","'Volume of solution","'99.94439697"
"'88","'LINE","'= (0.9 g)/(100 mL) X 100%","'97.10984039"
"'88","'LINE","'= 0.9%","'99.41366577"
"'88","'LINE","'Note that mass of 100 mL of solution is equal to 100 g if density of solution is","'99.91172028"
"'88","'LINE","'assumed to be equal to density of water; the case for dilute solutions.","'99.96952057"
"'88","'LINE","'82","'99.79492188"
"'89","'LINE","'Solutions","'99.93083954"
"'89","'LINE","'When making a percent solution, it is important to indicate what units (w/w, or, v/v,","'97.68520355"
"'89","'LINE","'or, w/v) are being used, so that others can also make the solution properly. Also,","'98.29321289"
"'89","'LINE","'recall that mass of solution is the sum of both the solvent and the solute when you are","'99.80186462"
"'89","'LINE","'performing percent calculations.","'99.95688629"
"'89","'LINE","'For more dilute solutions, parts per million (10⁶ ppm) and parts per billion (109 ppb)","'95.81958008"
"'89","'LINE","'are used. These terms are widely employed to express the amounts of trace pollutants","'99.94734192"
"'89","'LINE","'in the environment.","'99.92407227"
"'89","'LINE","'The mass-based definitions of ppm and ppb are given here:","'99.82769012"
"'89","'LINE","'ppm = Mass of solute X 106","'90.99205017"
"'89","'LINE","'Mass of solution","'99.87304688"
"'89","'LINE","'Eq 2.6","'98.58946991"
"'89","'LINE","'ppb =","'97.11266327"
"'89","'LINE","'Mass of solute","'99.90234375"
"'89","'LINE","'X 109","'81.78761292"
"'89","'LINE","'Mass of solution","'99.92838287"
"'89","'LINE","'Eq 2.7","'98.69887543"
"'89","'LINE","'Note that, 1 ppm = 1 g solute per 1,000,000 g solution = 1/(1,000.000)","'98.49560547"
"'89","'LINE","'Example 2.7","'99.90194702"
"'89","'LINE","'A 2.5 g sample of ground water was found to contain 5.4 µg of Pb²⁺. What is the","'95.83731842"
"'89","'LINE","'concentration of Pb²⁺, in parts per million?","'98.05519104"
"'89","'LINE","'Given","'99.99023438"
"'89","'LINE","'Required","'99.97070313"
"'89","'LINE","'Solution","'99.96093750"
"'89","'LINE","'Mass of solute (Pb²⁺) =","'97.61722565"
"'89","'LINE","'Concentration","'99.97070313"
"'89","'LINE","'ppm = Mass of solute X 106","'89.61666107"
"'89","'LINE","'5.4 µg = 5.4x10⁻⁶ g","'84.00801086"
"'89","'LINE","'in ppm","'99.52925110"
"'89","'LINE","'Mass of solution","'98.69792175"
"'89","'LINE","'= [(5.4 X 10⁻⁶ g)/(2.5 g)] X 106","'89.53989410"
"'89","'LINE","'Mass solution = 2.5 g","'98.44662476"
"'89","'LINE","'= 2.16 ppm","'97.73032379"
"'89","'LINE","'Note that the sum of 2.5 g and 5.4 µg is approximately equal to 2.5 g. When","'98.86937714"
"'89","'LINE","'reporting contaminants like lead in drinking water, ppm and ppb concentrations are","'99.89078522"
"'89","'LINE","'often reported in mixed unit values of mass/volume. This can be very useful as it","'99.78753662"
"'89","'LINE","'is easier for US to think about water in terms of its volume, rather than by its mass.","'99.86336517"
"'89","'LINE","'In addition, the density of water is 1.0 g/mL or 1.0 mg/0.001 mL which makes the","'99.40490723"
"'89","'LINE","'conversion between the two units easier. For example, if we find that there is lead","'99.94467163"
"'89","'LINE","'contamination in water of 4 ppm, this would mean that there are:","'97.40991211"
"'89","'LINE","'4","'94.52069092"
"'89","'LINE","'4 ppm =","'97.25213623"
"'89","'LINE","'mg","'96.61132813"
"'89","'LINE","'lead","'97.81250000"
"'89","'LINE","'1,000,000 mg solution","'99.66146088"
"'89","'LINE","'This is a very dilute solution, so the sum of masses of solute and solvent can be","'99.00320435"
"'89","'LINE","'approximately equal to the mass of the solvent","'99.94437408"
"'89","'LINE","'Now, let's convert 1,000,000 mg of water into volume:","'99.92668152"
"'89","'LINE","'V = density mass","'95.77487183"
"'89","'LINE","'= [(1,000,000 mg)/(1 mg/0.001 mL)] = 1,000 mL = 1L","'95.94962311"
"'89","'LINE","'83","'99.54021454"
"'90","'LINE","'Chemistry Grade 10","'99.90180969"
"'90","'LINE","'Substituting in the above equation yields,","'99.95376587"
"'90","'LINE","'4 ppm = 1L 4 mg solution lead","'94.30162048"
"'90","'LINE","'Therefore, for dilute solutions","'99.96278381"
"'90","'LINE","'1 ppm = 1 mg/L","'97.38555908"
"'90","'LINE","'Exercise 2.6","'99.91210938"
"'90","'LINE","'1. A sample of 0.892 g of potassium chloride, KCI, is dissolved in 54.6 g of","'98.14218903"
"'90","'LINE","'water. What is the percent, by mass, of KCI in the solution?","'99.47483063"
"'90","'LINE","'2. a) If 150 g of orange juice contains 120 mg of ascorbic acid (Vitamin C),","'99.68086243"
"'90","'LINE","'what is the concentration of ascorbic acid, expressed in ppm?","'99.84494781"
"'90","'LINE","'b) Express the concentration of ascorbic acid given in (a) in ppb.","'99.90339661"
"'90","'LINE","'3. What is the (w/v)% of a solution if 24.0 g of sucrose is dissolved in a total","'99.59331512"
"'90","'LINE","'solution of 243 mL?","'99.18093109"
"'90","'LINE","'4. How many grams of NaCl are required to make 625 mL of a 13.5% solution?","'99.16204834"
"'90","'LINE","'5. Find the concentration of calcium ion (in ppm) in a 3.50 g pill that contains","'99.59047699"
"'90","'LINE","'40.5 mg of Ca²⁺.","'95.26217651"
"'90","'LINE","'6. The label on a 300 mL beer bottle indicates 5.0 % alcohol by volume. How","'97.28187561"
"'90","'LINE","'many milliliters of alcohol does the bottle of beer contain?","'99.94150543"
"'90","'LINE","'2.4.2 Mole Fraction","'99.85245514"
"'90","'LINE","'At the end of this section students will be able to","'99.98128510"
"'90","'LINE","'define mole fraction;","'99.97043610"
"'90","'LINE","'calculate mole fraction of a solute and a solvent in a solution.","'99.44696045"
"'90","'LINE","'A mole fraction of a component substance A (XA) in a solution is defined as the moles","'94.90254211"
"'90","'LINE","'of component substance divided by the total moles of solution (that is, moles of solute","'99.96707153"
"'90","'LINE","'plus solvent).","'99.88121796"
"'90","'LINE","'Mole fraction (XA) = moles of substance A","'92.40623474"
"'90","'LINE","'total moles of solution","'99.62158203"
"'90","'LINE","'Eq 2.8","'98.89758301"
"'90","'LINE","'Mole fraction (Xβ) = moles of substance B","'90.20084381"
"'90","'LINE","'total moles of solution","'99.79248047"
"'90","'LINE","'Eq 2.9","'98.32469940"
"'90","'LINE","'Note: Usually a solution composed of solute and solvent. So X solute + X solvent = 1,","'96.16259003"
"'90","'LINE","'Therefore, if mole fraction of the solute is 0.25, then mole fraction of solvent = 0.25","'99.58975983"
"'90","'LINE","'= 0.75. In other words, if solute is 25% by mole, then solvent is 75%.","'99.43072510"
"'90","'LINE","'84","'99.79492188"
"'91","'LINE","'Solutions","'99.96014404"
"'91","'LINE","'Put another way, the mole fraction gives the proportion of solute (or solvent) particles","'99.95537567"
"'91","'LINE","'in solution. The mole percent is the mole fraction expressed as a percentage:","'99.75751495"
"'91","'LINE","'Mole % =","'97.55753326"
"'91","'LINE","'amount (mol) of solute","'99.93896484"
"'91","'LINE","'x100%","'89.84136200"
"'91","'LINE","'amount (mol) of solute + amount (mol) of solvent","'99.60684967"
"'91","'LINE","'Eq 2.10","'98.72050476"
"'91","'LINE","'Example 2.8","'99.93164063"
"'91","'LINE","'What is the mole fraction of I₂ in a solution containing 30 g of I₂ in 400 g of CCI ₄","'92.15486908"
"'91","'LINE","'Given","'100.00000000"
"'91","'LINE","'Required","'99.99023438"
"'91","'LINE","'Solution","'99.99023438"
"'91","'LINE","'Mass solute (I₂) 30 g","'91.62611389"
"'91","'LINE","'mole","'100.00000000"
"'91","'LINE","'Mass solvent (CCI₄)","'95.49638367"
"'91","'LINE","'fraction","'99.95037079"
"'91","'LINE","'Number of moles of = Molar Mass I2 mass of I2","'89.46920776"
"'91","'LINE","'= 400 g","'99.03513336"
"'91","'LINE","'of I2","'77.75410461"
"'91","'LINE","'= (30 g)/(254 g/mol) = 0.12 mol I2","'92.96707916"
"'91","'LINE","'Mass of CCI₄","'92.15721130"
"'91","'LINE","'Number of moles of CCI₄= Molar mass of CCI₄","'91.21372986"
"'91","'LINE","'= (400g)/(154g/mol)","'97.46552277"
"'91","'LINE","'= 2.6 mol CCI₄","'91.87699890"
"'91","'LINE","'= (0.12 mol)/(0.12 mol + 2.6 mol)","'95.53936005"
"'91","'LINE","'= 0.044","'98.03143311"
"'91","'LINE","'XCCI₄ 4 = 0.044 = 0.96","'88.09776306"
"'91","'LINE","'Exercise 2.7","'99.78884125"
"'91","'LINE","'1. A sample of rubbing alcohol contains 142 g of isopropyl alcohol (C₃H₂OH)","'96.05816650"
"'91","'LINE","'and 58.0 g of water. What are the mole fractions of alcohol and water? M.wt","'99.80818176"
"'91","'LINE","'C₃H₇OH = 60.0 g/mol, H2O = 18 g/mol.","'84.93495941"
"'91","'LINE","'2. In a solution composed of A, B, and C, if we have 1 mole of A, 1 mole of B","'95.86031342"
"'91","'LINE","'and 2 moles of C. Find the mole fraction of each of them.","'98.59626007"
"'91","'LINE","'2.4.3 Molarity","'99.89706421"
"'91","'LINE","'At the end of this section students will be able to","'99.97478485"
"'91","'LINE","'define molarity;","'99.96054077"
"'91","'LINE","'prepare molar solutions of different substances;","'99.95525360"
"'91","'LINE","'calculate molarity of a solution from a given information.","'99.75712585"
"'91","'LINE","'85","'99.95117188"
"'92","'LINE","'Chemistry Grade 10","'99.95742035"
"'92","'LINE","'The most common unit of concentration is molarity, which is also the most useful for","'99.94396973"
"'92","'LINE","'calculations involving the stoichiometry of reactions in solution.","'99.94538879"
"'92","'LINE","'Definition: The molarity (M) of a solution is the number of moles of solute present in","'99.30412292"
"'92","'LINE","'exactly 1 L of solution.","'99.52447510"
"'92","'LINE","'Molarity = number of moles of solute","'98.91169739"
"'92","'LINE","'volume of solution in litre","'99.93865204"
"'92","'LINE","'Eq 2.11","'98.91342163"
"'92","'LINE","'1 M = (1 mole of solute)/(1 L of solution)","'94.24302673"
"'92","'LINE","'Given mass of solute or mass of solute dissolved","'99.94683075"
"'92","'LINE","'Number of moles of a solute =","'99.43564606"
"'92","'LINE","'Molar mass of the solute","'99.96875000"
"'92","'LINE","'Eq 2.11","'99.02812195"
"'92","'LINE","'The units of molarity are therefore moles per liter of solution (mol/L), abbreviated as","'99.82579041"
"'92","'LINE","'M.","'73.12560272"
"'92","'LINE","'Molarity has two drawbacks that affect its use in precise work:","'99.90341187"
"'92","'LINE","'Effect of temperature. A liquid expands when heated, so a unit volume of hot","'97.17558289"
"'92","'LINE","'solution contains less solute than that of cold solution; thus, the molarity is different.","'99.95263672"
"'92","'LINE","'Effect of mixing. Because of solute-solvent interactions that are difficult to predict,","'99.89782715"
"'92","'LINE","'volumes may not be additive: adding 500 mL of one solution to 500 mL of another","'99.85737610"
"'92","'LINE","'may not give 1000 mL of final solution.","'99.86342621"
"'92","'LINE","'Example 2.9","'99.90234375"
"'92","'LINE","'1. What is the molar concentration of a solution containing 16.0 g of CH3OH in","'97.81503296"
"'92","'LINE","'200 mL of solution?","'99.83647156"
"'92","'LINE","'Given","'100.00000000"
"'92","'LINE","'Required","'99.99023438"
"'92","'LINE","'Solution","'100.00000000"
"'92","'LINE","'Mass of solute","'99.98697662"
"'92","'LINE","'Molarity","'100.00000000"
"'92","'LINE","'Molarity =","'98.13845062"
"'92","'LINE","'Number of moles of CH3OH","'94.72871399"
"'92","'LINE","'(CH₃OH) = 16 g","'87.61693573"
"'92","'LINE","'Volume of solution in liter","'99.95101166"
"'92","'LINE","'Volume of solution","'99.98020172"
"'92","'LINE","'Mass of CH₃OH","'81.58976746"
"'92","'LINE","'=","'94.25462341"
"'92","'LINE","'= 200 mL = 0.20 L","'98.74501801"
"'92","'LINE","'Molar mass of CH3OH X Volume of solution in L","'97.20703125"
"'92","'LINE","'Molar mass of","'99.95442963"
"'92","'LINE","'= (16 g )/(32 g/mol X 0.2 L)","'95.41678619"
"'92","'LINE","'CH3OH","'75.42072296"
"'92","'LINE","'= 2.50 mol/L = 2.50 M","'94.36194611"
"'92","'LINE","'= 32 g/mol","'97.78512573"
"'92","'LINE","'2. Calculate the number of moles of sodium hydroxide (NaOH) needed to make","'99.82634735"
"'92","'LINE","'2.50 L of 0.100 M NaOH.","'92.88716888"
"'92","'LINE","'Given","'100.00000000"
"'92","'LINE","'Required","'99.99023438"
"'92","'LINE","'Solution","'99.96014404"
"'92","'LINE","'Molarity =0.1 M","'86.26096344"
"'92","'LINE","'Number","'100.00000000"
"'92","'LINE","'Molarity =","'98.31423187"
"'92","'LINE","'Number of moles of CH3OH n","'95.92833710"
"'92","'LINE","'II","'85.68319702"
"'92","'LINE","'I","'73.66659546"
"'92","'LINE","'Volume solution","'99.97518921"
"'92","'LINE","'of moles","'99.98535156"
"'92","'LINE","'Volume of solution in liter","'99.96663666"
"'92","'LINE","'V","'98.09790039"
"'92","'LINE","'= 2.50 L","'98.80400848"
"'92","'LINE","'of solute","'99.96542358"
"'92","'LINE","'Rearranging the above equation gives:","'99.98030853"
"'92","'LINE","'(NaOH)","'97.88005829"
"'92","'LINE","'n = M X V = 0.1Mx2.5 L = 0.1 mole/L x2.5 L","'91.92597198"
"'92","'LINE","'= 0.25 mole","'99.31235504"
"'92","'LINE","'86","'99.87304688"
"'93","'LINE","'Solutions","'99.95037079"
"'93","'LINE","'Exercise 2.8","'99.86288452"
"'93","'LINE","'1. 5.85 g of sodium chloride (NaCl) is dissolved in in water to make 250 mL","'97.92969513"
"'93","'LINE","'of solution. Assuming the density of the solution as 1 g/mL, calculate","'99.42451477"
"'93","'LINE","'a. the molarity of the solution.","'99.69045258"
"'93","'LINE","'b. the mass percentage of the solute.","'99.97058868"
"'93","'LINE","'2. How would 250 ml of 0.15 M KNO₃ solution be prepared?","'93.32486725"
"'93","'LINE","'3. A solution of hydrochloric acid contains 36 percent HCI, by mass. Calculate","'98.04411316"
"'93","'LINE","'the mole fraction of HCI in the solution.","'99.43595886"
"'93","'LINE","'2.4.4 Molality","'99.62123108"
"'93","'LINE","'At the end of this section students will be able to","'99.98838806"
"'93","'LINE","'define molality;","'99.90074921"
"'93","'LINE","'prepare molal solutions of different substances;","'99.94522095"
"'93","'LINE","'calculate molality of a solution from a given information.","'99.58439636"
"'93","'LINE","'Molality (m) does not contain volume in its ratio; it is the number of moles of solute","'99.96334076"
"'93","'LINE","'dissolved in a given mass of solvent (Kg):","'99.84878540"
"'93","'LINE","'amount (mol) of solute","'99.37255859"
"'93","'LINE","'Molality (m) =","'96.84437561"
"'93","'LINE","'(mass (kg) of solvent","'99.53269196"
"'93","'LINE","'Eq 2.13","'98.43849182"
"'93","'LINE","'Note that molality includes the quantity of solvent, not solution. Molality has two","'99.97164917"
"'93","'LINE","'advantages over molarity for precise work:","'99.96528625"
"'93","'LINE","'Effect of temperature. Molal solutions are based on masses of components, not","'99.94644165"
"'93","'LINE","'volume. And since mass does not change with temperature, neither does molality.","'99.93539429"
"'93","'LINE","'Effect of mixing. Unlike volumes, masses are additive: adding 500 g of one solution","'99.88148499"
"'93","'LINE","'to 500 g of another does give 1000 g of final solution.","'99.85896301"
"'93","'LINE","'For these reasons, molality is the preferred term when temperature, and hence density,","'99.94805908"
"'93","'LINE","'may change, as in a study of physical properties. Note that, in the case of water, 1 L","'99.73396301"
"'93","'LINE","'has a mass of 1 kg, so molality and molarity are nearly the same for dilute aqueous","'99.10372162"
"'93","'LINE","'solutions.","'99.96014404"
"'93","'LINE","'87","'99.54101563"
"'94","'LINE","'Chemistry Grade 10","'99.93761444"
"'94","'LINE","'Example 2.10","'99.41366577"
"'94","'LINE","'Calculate the molality of a solution prepared by dissolving 32.0 g of CaCl₂ in","'97.88587952"
"'94","'LINE","'271g of water.","'97.99127197"
"'94","'LINE","'Given","'99.99023438"
"'94","'LINE","'Required","'99.97070313"
"'94","'LINE","'Solution","'99.96093750"
"'94","'LINE","'Mass of CaCl₂ =","'92.03871918"
"'94","'LINE","'Molality(m)","'96.59917450"
"'94","'LINE","'Number of moles of solute","'99.93945313"
"'94","'LINE","'=?","'77.80073547"
"'94","'LINE","'Molality (m) =","'96.80583954"
"'94","'LINE","'32.0 g","'99.26677704"
"'94","'LINE","'Mass of solvent in kg","'99.67155457"
"'94","'LINE","'Mass of H2O =","'91.51117706"
"'94","'LINE","'mass of CaCl₂","'89.06661987"
"'94","'LINE","'271 g = 0.271","'99.02976990"
"'94","'LINE","'II","'83.27427673"
"'94","'LINE","'Molar mass CaCl₂ X Mass (kg)of of H2O","'92.54663849"
"'94","'LINE","'kg","'99.97070313"
"'94","'LINE","'= (32.0 g)/(111 g/mol X 0.271 kg)","'95.01384735"
"'94","'LINE","'= 1.06 m CaCl₂","'90.50054169"
"'94","'LINE","'Exercise 2.9","'99.87265015"
"'94","'LINE","'1. How many grams of glucose (C₆H₁₂O₆) must be dissolved in 563 g of ethanol","'97.61296844"
"'94","'LINE","'(C2H₅OH) to prepare a 2.40 X 10⁻² m solution? Ans: mass of glucose = 2.43","'95.58605194"
"'94","'LINE","'g (Verify this)","'99.46076202"
"'94","'LINE","'2.4.5 Normality","'99.82302094"
"'94","'LINE","'At the end of this section students will be able to","'99.98483276"
"'94","'LINE","'define the terms equivalent weight, number of equivalents and normality;","'99.95118713"
"'94","'LINE","'calculate normality of a solution from a given information.","'99.71743774"
"'94","'LINE","'The normality of a solution is the gram equivalent weight of a solute per liter of","'99.89601135"
"'94","'LINE","'solution. One gram equivalent of a solute per liter of solution is expressed as 1","'99.76962280"
"'94","'LINE","'normal. It is indicated using the symbol N, eq/L, or meq/L (= 0.001 N) for units of","'99.32114410"
"'94","'LINE","'concentration.","'99.52168274"
"'94","'LINE","'N =","'97.47927094"
"'94","'LINE","'number of gram equivalents of solute","'99.86573792"
"'94","'LINE","'volume of solution in litre","'99.96045685"
"'94","'LINE","'Eq 2.14","'98.58378601"
"'94","'LINE","'mass of solute","'99.80142975"
"'94","'LINE","'Where number of gram equivalents of solute =","'99.66033936"
"'94","'LINE","'equivalent weight","'99.84095764"
"'94","'LINE","'Eq 2.15","'99.17042542"
"'94","'LINE","'but equivalent weight= mass","'99.27943420"
"'94","'LINE","'molar of solute","'99.66770172"
"'94","'LINE","'Z","'81.92502594"
"'94","'LINE","'Eq 2.16","'99.35915375"
"'94","'LINE","'Substituting eq 2.16 in eq 2.15 gives:","'99.59650421"
"'94","'LINE","'88","'99.38476563"
"'95","'LINE","'Solutions","'99.95037079"
"'95","'LINE","'mass of solute","'99.63216400"
"'95","'LINE","'number of gram equivalents of solute =","'99.61509705"
"'95","'LINE","'XZ","'69.62838745"
"'95","'LINE","'molar mass","'99.89178467"
"'95","'LINE","'eq 2.17","'99.08701324"
"'95","'LINE","'Substituting eq 2.17 in eq 2.14 gives:","'99.40261841"
"'95","'LINE","'N","'90.45738983"
"'95","'LINE","'= mass of solute","'97.97323608"
"'95","'LINE","'X Z","'93.21717834"
"'95","'LINE","'molar mass X volume of solution in litre","'99.56301117"
"'95","'LINE","'Eq 2.18","'99.20789337"
"'95","'LINE","'Where 'z' is the number of transferable H⁺ or OH- ions in acid-base reaction, positive","'93.63908386"
"'95","'LINE","'or negative charges carried by the cations or anions in precipitation reaction, or","'99.95744324"
"'95","'LINE","'electrons in redox reactions.","'99.96278381"
"'95","'LINE","'Thus, z= 1 for HCI, 2 H2SO4 (because 1 H2SO4 releases 2 H+ ions in aqueous solution),","'87.73413086"
"'95","'LINE","'3 for H3PO4, 1 for 1 NaOH, 2 for Ca(OH)₂, 2 for Na2CO₃, and 6 for A12(SO₄)₃","'88.47396088"
"'95","'LINE","'(because A12(SO₄)₃ dissociates to give 2AI³⁺ = 6 positive charges).","'90.68570709"
"'95","'LINE","'Example 2.11","'99.75546265"
"'95","'LINE","'Calculate the number of gram equivalent or simply equivalents in each of the","'99.97802734"
"'95","'LINE","'following","'100.00000000"
"'95","'LINE","'(a) 18.25 g HCI (b) 20 g NaOH (c) 98 g H2SO4","'94.61621857"
"'95","'LINE","'Given","'99.99023438"
"'95","'LINE","'Required","'99.99023438"
"'95","'LINE","'Solution","'99.99023438"
"'95","'LINE","'(a) Mass solute (HCI)","'99.41511536"
"'95","'LINE","'eq","'99.69328308"
"'95","'LINE","'The reaction: HCI","'97.41941833"
"'95","'LINE","'H+ + Cl⁻","'72.07084656"
"'95","'LINE","'= 18.25 g","'99.32862854"
"'95","'LINE","'HCI produces one H⁺; thus Z =1.","'92.98842621"
"'95","'LINE","'Molar mass (HCI)","'99.45252228"
"'95","'LINE","'number of gram equivalents of solute","'99.98847198"
"'95","'LINE","'= 36.5 g/mol","'96.86065674"
"'95","'LINE","'=(8.25/36.5) X = 0.5 eq","'95.65585327"
"'95","'LINE","'(b) Mass solute (NaOH)","'99.52736664"
"'95","'LINE","'eq","'99.65341949"
"'95","'LINE","'The reaction: NaOH","'99.20572662"
"'95","'LINE","'Na⁺ + OH-","'71.40997314"
"'95","'LINE","'= 20 g","'98.83357239"
"'95","'LINE","'NaOH produces one OH; Z =1.","'89.73596191"
"'95","'LINE","'Molar mass (NaOH)","'99.38636017"
"'95","'LINE","'number of gram equivalents of solute","'99.96366119"
"'95","'LINE","'= 40 g/mol","'97.98342896"
"'95","'LINE","'=(20/40) X 1 = 0.5 eq","'96.30676270"
"'95","'LINE","'(c) Mass solute (H₂SO₄)","'87.06099701"
"'95","'LINE","'eq","'99.67454529"
"'95","'LINE","'The reaction: H2SO4","'80.52422333"
"'95","'LINE","'2H+ + SO 4²⁻","'65.73847198"
"'95","'LINE","'= 98 g","'98.57368469"
"'95","'LINE","'H2SO4 releases two H+ ions in this case;","'91.58008575"
"'95","'LINE","'Molar mass = 98 g/mol","'98.40692902"
"'95","'LINE","'Z =2.","'91.03765106"
"'95","'LINE","'number of gram equivalents of solute","'99.94712067"
"'95","'LINE","'=(98/98) X 2 = 2 eq","'97.88451385"
"'95","'LINE","'89","'99.68750000"
"'96","'LINE","'Chemistry Grade 10","'99.96067047"
"'96","'LINE","'Example 2.12","'99.53125000"
"'96","'LINE","'(i) Calculate the number of equivalents present in 0.50 mol H3PO4 if the acid is","'97.47783661"
"'96","'LINE","'a. completely neutralized to give PO 4 3-","'87.18666840"
"'96","'LINE","'b. converted to H2PO 4","'82.16368866"
"'96","'LINE","'C. converted to HPO 4²⁻","'72.13488770"
"'96","'LINE","'(ii) Calculate the Normality of each of the solutions described in Q(i) a to C if the","'97.92166138"
"'96","'LINE","'solution volume was 100 mL each.","'99.86631012"
"'96","'LINE","'(iii) What is the mass of Na2CO3 required to prepare 100 mL of 0.1 N Na2CO₃","'93.18115997"
"'96","'LINE","'(Given: Molar mass Na2CO₃= = 106 g/mol).","'91.53081512"
"'96","'LINE","'Given","'100.00000000"
"'96","'LINE","'Required","'99.99023438"
"'96","'LINE","'Solution","'99.96014404"
"'96","'LINE","'(a)","'99.41266632"
"'96","'LINE","'number of","'99.98535156"
"'96","'LINE","'The appropriate equation is","'99.96806335"
"'96","'LINE","'Mole H3PO4 =","'84.81651306"
"'96","'LINE","'equivalents","'99.95037079"
"'96","'LINE","'0.5","'99.96014404"
"'96","'LINE","'H3PO4","'55.42510223"
"'96","'LINE","'3H+ + PO4³⁻","'66.62092590"
"'96","'LINE","'H3PO4 releases 3 H+ ions in this case; Z = 3","'92.21933746"
"'96","'LINE","'equivalents = (mass of solute)/(molar mass) X Z","'98.61761475"
"'96","'LINE","'equivalents = n X Z= 0.5 X 3 =1.5 eq","'93.24593353"
"'96","'LINE","'Where, n = (mass solute)/(molar mass solute)","'92.91274261"
"'96","'LINE","'=moles of solute","'97.18025970"
"'96","'LINE","'(b)","'99.97070313"
"'96","'LINE","'eq","'99.28472137"
"'96","'LINE","'The appropriate equation is","'99.97558594"
"'96","'LINE","'Mole H3PO4 =","'86.29988861"
"'96","'LINE","'0.5","'99.96014404"
"'96","'LINE","'H3PO4 H⁺ + H₂PO₄¹⁻","'47.73666382"
"'96","'LINE","'H3PO4 releases 1 H+ ion in this case; Z =1 =","'90.46588898"
"'96","'LINE","'equivalents = (mass of solute)/(molar mass) X Z","'98.20852661"
"'96","'LINE","'equivalents = n X z=0.5 X 1=0.5 eq","'96.45119476"
"'96","'LINE","'(c)","'85.82051086"
"'96","'LINE","'eq","'99.33274841"
"'96","'LINE","'The appropriate equation is","'99.97802734"
"'96","'LINE","'Mole H3PO4 =","'86.96222687"
"'96","'LINE","'H3PO4","'57.49900436"
"'96","'LINE","'2H+ + H2PO ₄²","'63.36515427"
"'96","'LINE","'0.5","'99.96014404"
"'96","'LINE","'H3PO4 releases 2 H+ ion in this case; Z =2","'89.36038971"
"'96","'LINE","'equivalents=(mass of solute)/(molar mass) XZ","'91.05174255"
"'96","'LINE","'equivalents=n X z=0.5 X 2=1 eq","'96.96186066"
"'96","'LINE","'Normality is the only concentration unit that is reaction dependent. For example, in","'99.93284607"
"'96","'LINE","'a multistep dissociation of diprotic (e.g. H₂SO₄) and polyprotic acids (e.g. H₃PO₄),","'91.33739471"
"'96","'LINE","'the value of 'z' depends on the actual number of H⁺ released; not just the one in the","'97.58612061"
"'96","'LINE","'formula.","'99.88042450"
"'96","'LINE","'90","'99.58007813"
"'97","'LINE","'Solutions","'99.96014404"
"'97","'LINE","'ii) Calculate the Normality of each of the solutions described in Q(i) a to c if the","'98.17896271"
"'97","'LINE","'solution volume was 100 mL each.","'99.84976196"
"'97","'LINE","'Given","'100.00000000"
"'97","'LINE","'Required","'100.00000000"
"'97","'LINE","'Solution","'100.00000000"
"'97","'LINE","'(a)","'99.29309082"
"'97","'LINE","'Normality","'99.99023438"
"'97","'LINE","'a) N=Eq/L= (1.5 Eq)/(0.1 L)=15 Eq/L=15 N","'96.51094055"
"'97","'LINE","'Mole H3PO4 = 0.5","'88.97740173"
"'97","'LINE","'b) N=Eq/L= (0.5 Eq)/(0.1 L)=5 Eq/L=5 N","'97.10942841"
"'97","'LINE","'V = 100 mL = 0.1 L","'97.96692657"
"'97","'LINE","'c) N=Eq/L= (1 Eq)/(0.1 L)=15 Eq/L=10 N","'95.62665558"
"'97","'LINE","'(iii) What is the mass of Na2CO3 required to prepare 100 mL of 0.1 N Na2CO₃","'93.26193237"
"'97","'LINE","'(Given: Molar mass Na2CO₃= 106 g/mol)","'90.88634491"
"'97","'LINE","'Given","'99.99023438"
"'97","'LINE","'Required","'100.00000000"
"'97","'LINE","'Solution","'99.99023438"
"'97","'LINE","'N = 0.1 eq/L","'97.97233582"
"'97","'LINE","'Mass?","'99.97070313"
"'97","'LINE","'Na2CO3 release 2Na⁺; z= 2","'73.51546478"
"'97","'LINE","'V = 100 mL = 0.1 L","'98.25032806"
"'97","'LINE","'Thus","'99.97070313"
"'97","'LINE","'Molar mass Na2CO3","'79.97847748"
"'97","'LINE","'N = mass of solute","'97.88201141"
"'97","'LINE","'X Z","'94.38426208"
"'97","'LINE","'= 106 g/mol","'98.79424286"
"'97","'LINE","'molar mass X volume of solution in litre","'98.19428253"
"'97","'LINE","'Mass = [0.1 eq/Lx106 g/mol X 0.1 L]/2","'97.54890442"
"'97","'LINE","'= 0.53 g","'98.34827423"
"'97","'LINE","'The easiest way to find normality is from molarity. All you need to know is the","'99.77609253"
"'97","'LINE","'value of 'z'.","'97.96848297"
"'97","'LINE","'N = M.z; where N is normality and M is molarity","'94.95113373"
"'97","'LINE","'Example 2.13","'99.67285156"
"'97","'LINE","'Calculate the normality of 0.5 M H2SO4 solution (assume complete dissociation).","'91.36776733"
"'97","'LINE","'Given","'100.00000000"
"'97","'LINE","'Required","'100.00000000"
"'97","'LINE","'Solution","'99.97070313"
"'97","'LINE","'M = 0.5","'86.30912018"
"'97","'LINE","'N","'99.95117188"
"'97","'LINE","'N = Mz","'98.49131012"
"'97","'LINE","'= 0.5 X 2 = 1 N","'98.40097046"
"'97","'LINE","'Exercise 2.10","'99.79492188"
"'97","'LINE","'1. How many equivalents of solute is contained in1 L of 2 N solution?","'97.41886902"
"'97","'LINE","'2. Calculate the mass of AI₂(SO₄)₃ in 250 mL of solution if the concentration is","'96.79187775"
"'97","'LINE","'0.48 N.","'99.41894531"
"'97","'LINE","'3. Calculate the molarity and normality of a solution that contains 16.2 g of the","'99.82001495"
"'97","'LINE","'salt Fe₂(SO₄)₃ in 200 mL of solution.","'93.08570862"
"'97","'LINE","'4. Calculate the normality of","'99.92482758"
"'97","'LINE","'a. 0.1381 M NaOH","'88.87067413"
"'97","'LINE","'b. 0.0521 M H3PO4 assuming complete dissociation.","'88.32145691"
"'97","'LINE","'91","'99.58007813"
"'98","'LINE","'Chemistry Grade 10","'99.93761444"
"'98","'LINE","'2.4.6 Conversion of Concentration Units","'99.96257782"
"'98","'LINE","'At the end of this section students will be able to inter convert various concentration","'99.97093201"
"'98","'LINE","'expressions.","'99.92028046"
"'98","'LINE","'The interconversion of concentration units is very simple. Because they are intrinsic","'99.94040680"
"'98","'LINE","'units. That means, any amount of liquid taken from a 5% (v/v) ethanol solution, for","'99.47148895"
"'98","'LINE","'instance, always contains ethanol to solution in ratio of 5 is to 100 regardless of the","'99.47342682"
"'98","'LINE","'volume taken. Therefore, 5% (v/v) read as 5 mL of ethanol per 100 mL of solution. 5","'99.48277283"
"'98","'LINE","'ppm glucose means 5 g of glucose per 10⁶ g of solution. Similarly, 5 ppb of glucose","'98.51847076"
"'98","'LINE","'means 5 g of glucose per 109 g of solution. If percent is given in (v/v), convert the mL","'97.43394470"
"'98","'LINE","'of solute into moles by converting volume to mass by multiplying with density followed","'99.97826385"
"'98","'LINE","'by calculating moles using the formula (mole = mass/molar mass). And convert mL of","'99.66900635"
"'98","'LINE","'solution into liter.","'99.99349213"
"'98","'LINE","'Example 2.14","'99.58007813"
"'98","'LINE","'Converting Mole Fractions to Molality","'99.97428894"
"'98","'LINE","'The mole fractions of glucose, C₆H₁₂O₆, and water are 0.150 and 0.850,","'94.42110443"
"'98","'LINE","'respectively. What is the molality of glucose in the solution?","'99.96842957"
"'98","'LINE","'Given","'99.99023438"
"'98","'LINE","'Required","'99.99023438"
"'98","'LINE","'Solution","'99.99023438"
"'98","'LINE","'X","'95.48369598"
"'98","'LINE","'= 0.15","'94.79781342"
"'98","'LINE","'Molality","'99.91051483"
"'98","'LINE","'solute(glucose)","'95.08111572"
"'98","'LINE","'Molality = m = number of moles of solute","'98.83718872"
"'98","'LINE","'X","'95.36412048"
"'98","'LINE","'= 0.85","'94.48650360"
"'98","'LINE","'=m","'61.81441498"
"'98","'LINE","'mass of solvent in kg","'99.81835938"
"'98","'LINE","'solvent(water)","'95.73660278"
"'98","'LINE","'Let's consider 0.15 moles of glucose and 0.85","'99.85424042"
"'98","'LINE","'moles of water which is consistent with the","'99.97152710"
"'98","'LINE","'given mole fractions. Thus, to calculate the mass","'99.96918488"
"'98","'LINE","'of solvent in kg we convert the mole solvent into","'99.97550964"
"'98","'LINE","'mass solvent as follows:","'99.93388367"
"'98","'LINE","'Mass. H2O = mole X molar mass","'91.41775513"
"'98","'LINE","'= 0.85 mole X 18 g/mole","'94.17339325"
"'98","'LINE","'=15.3 g = 0.0153 kg","'96.93757629"
"'98","'LINE","'Substituting the values in the above equation","'99.96745300"
"'98","'LINE","'gives:","'99.99023438"
"'98","'LINE","'Molality = m = 0.15 0.0153 mole kg =9.8 m","'92.96568298"
"'98","'LINE","'92","'99.53125000"
"'99","'LINE","'Solutions","'99.96014404"
"'99","'LINE","'Example 2.15","'99.79980469"
"'99","'LINE","'1. An aqueous solution is 0.273 m KCI. What is the molar concentration of","'98.95543671"
"'99","'LINE","'potassium chloride, KCI? The density of the solution is 1.011 X 10³ g/L.","'95.07596588"
"'99","'LINE","'Given","'100.00000000"
"'99","'LINE","'Required","'100.00000000"
"'99","'LINE","'Solution","'100.00000000"
"'99","'LINE","'Molality =","'99.20738983"
"'99","'LINE","'Molarity","'100.00000000"
"'99","'LINE","'Molarity = M = number of moles of solute","'94.97962952"
"'99","'LINE","'0.273 m","'99.58456421"
"'99","'LINE","'= M","'77.12850952"
"'99","'LINE","'Volume of solution in litre","'99.97038269"
"'99","'LINE","'Density solution =","'99.59581757"
"'99","'LINE","'but molality : = 0.273 m means 0.273 mole of","'94.88110352"
"'99","'LINE","'1.011 X 10³ g/L","'96.04821014"
"'99","'LINE","'KCI per 1 kg (=1000 g) of solution.","'98.36936951"
"'99","'LINE","'solute = KCI","'96.51001740"
"'99","'LINE","'Now, we know number of moles of solute.","'99.99145508"
"'99","'LINE","'To determine volume of solution in liter we","'99.44216919"
"'99","'LINE","'Molar mass KCI =","'97.11679840"
"'99","'LINE","'proceed as follows:","'99.96419525"
"'99","'LINE","'74.6 g/mole","'96.76598358"
"'99","'LINE","'V solution = mass solution solution","'92.19958496"
"'99","'LINE","'= (mass solute + mass solvent )/d solution","'95.56869507"
"'99","'LINE","'= (0.273 mole X 74.6 g/mole) + (1000g)/","'97.37887573"
"'99","'LINE","'(1.011 X 10³ g/L)","'95.26261902"
"'99","'LINE","'=1.01 L","'96.82627106"
"'99","'LINE","'Substituting the values in the above equation","'99.98303223"
"'99","'LINE","'gives:","'99.99023438"
"'99","'LINE","'Molarity = M = 0.273 mole =0.270 M","'88.91629028"
"'99","'LINE","'1.01 L","'97.73318481"
"'99","'LINE","'Example 2.16: Converting (w/w) percent to Molarity","'99.75970459"
"'99","'LINE","'Calculate the molarity of 36.5%(w/w) HCI solution (density of solution = 1.20 g/","'98.22764587"
"'99","'LINE","'mL; molar mass HCI = 36.5 g/moL)","'97.16310120"
"'99","'LINE","'Given","'100.00000000"
"'99","'LINE","'Required","'100.00000000"
"'99","'LINE","'Solution","'100.00000000"
"'99","'LINE","'%(w/w) = 36.5","'98.18445587"
"'99","'LINE","'Convert","'100.00000000"
"'99","'LINE","'Molarity = M = number of moles of solute","'93.75077820"
"'99","'LINE","'Density solution =","'99.56679535"
"'99","'LINE","'% into","'99.70175171"
"'99","'LINE","'Volume of solution in litre","'99.95850372"
"'99","'LINE","'1.20 g/mL","'95.19182587"
"'99","'LINE","'Molarity","'99.96014404"
"'99","'LINE","'but %(w/w) = 36.5% means 36.5 g of HCI","'98.82068634"
"'99","'LINE","'Molar mass (HCI) =","'99.16214752"
"'99","'LINE","'in 100 g of solution. Thus, number of moles of","'99.86889648"
"'99","'LINE","'36.5 g/mole","'97.30229187"
"'99","'LINE","'HCI is calculated as follows:","'98.98429871"
"'99","'LINE","'Number of moles of HCI = mass/molar mass","'98.33065033"
"'99","'LINE","'= 36.5 g/36.5 g.mol⁻¹=1 mol","'85.41119385"
"'99","'LINE","'volume of solution = msol/dsoln","'84.20870209"
"'99","'LINE","'= 100 g/1.2","'96.55964661"
"'99","'LINE","'= 83.3 mL = 0.0833 L","'98.89070129"
"'99","'LINE","'Substituting the values in the above equation","'99.99442291"
"'99","'LINE","'gives:","'99.99023438"
"'99","'LINE","'Molarity = M = 1 mole =12.0 M","'91.11950684"
"'99","'LINE","'0.0833 L","'95.90700531"
"'99","'LINE","'93","'99.50195313"
"'100","'LINE","'Chemistry Grade 10","'99.92459869"
"'100","'LINE","'Exercise 2.11","'99.33513641"
"'100","'LINE","'Hydrogen peroxide is a powerful oxidizing agent: it is used in concentrated","'99.86270142"
"'100","'LINE","'solution in rocket fuel. But in dilute solution in hair bleach. An aqueous solution of","'99.92466736"
"'100","'LINE","'H2O2 is 30.0% by mass and has a density of 1.11 g/mL; molar mass of H2O2 is","'96.32778931"
"'100","'LINE","'34.02 g/mol. Calculate the","'97.42949677"
"'100","'LINE","'i. molality","'99.62492371"
"'100","'LINE","'iii. molarity","'99.54320526"
"'100","'LINE","'ii. mole fraction of H2O2","'94.59554291"
"'100","'LINE","'2.5 Preparation of Solutions","'99.96054077"
"'100","'LINE","'At the end of this section students will be able to prepare molar, molal, or normal","'99.94747162"
"'100","'LINE","'solutions of different substances.","'99.91803741"
"'100","'LINE","'Note that in the example above, we still don't have enough information to actually","'99.96687317"
"'100","'LINE","'make the solution in the laboratory. There is no piece of equipment that can measure","'99.91549683"
"'100","'LINE","'out the moles of a substance. For this, we need to convert the number of moles of the","'99.89115906"
"'100","'LINE","'sample into the number of grams represented by that number. We can then easily use","'99.93339539"
"'100","'LINE","'a balance to weigh the amount of substance needed for the solution. In this section,","'99.77297211"
"'100","'LINE","'we will consider preparation of stock solutions using a standard solid compounds and","'99.68717957"
"'100","'LINE","'preparation of dilute solutions using stock solutions.","'99.97024536"
"'100","'LINE","'2.5.1 Preparation of Stock Solutions from Pure Compound","'99.93114471"
"'100","'LINE","'A) preparation of liquid solution using a solid solute","'99.55023193"
"'100","'LINE","'The solution preparation generally involves 6 steps; part of which are shown in (Figure","'99.91973877"
"'100","'LINE","'2.15):","'98.87216949"
"'100","'LINE","'Step 1: Calculate the required amount (mass). When you are asked to prepare a","'99.35211182"
"'100","'LINE","'solution that consisted of a dissolved solid, you usually need to calculate the mass","'99.56018829"
"'100","'LINE","'required to be dissolved in a suggested volume. But mass can be calculated by using","'99.88252258"
"'100","'LINE","'number of moles (n) as;","'99.88365173"
"'100","'LINE","'Mass required = n X molar mass","'97.34332275"
"'100","'LINE","'Step 2: Weigh the required mass using balance.","'99.93632507"
"'100","'LINE","'Step 3: Transfer the measured amount into a beaker of enough capacity. Add some","'99.71282196"
"'100","'LINE","'solvent and mix (shake) to dissolve. The amount of solvent added at this stage should","'99.95986176"
"'100","'LINE","'not exceed half the final volume of the solution to be prepared. Heating over a hot","'99.87064362"
"'100","'LINE","'plate may be required if the solid is not readily soluble.","'99.95983124"
"'100","'LINE","'Step 4: Transfer the dissolved mixture into volumetric flask of desired capacity and","'99.95443726"
"'100","'LINE","'shake to mix.","'99.94061279"
"'100","'LINE","'Step 5: Dilute to the mark by filling the remaining portion of the flask with the solvent.","'99.95376587"
"'100","'LINE","'The solvent is usually water as we often prepare aqueous solutions.","'99.92107391"
"'100","'LINE","'Step 6: Cap it and label your flask containing the prepared solution with the key","'99.80985260"
"'100","'LINE","'information (concentration, name of solute, date of preparation, and owner (your","'99.90792084"
"'100","'LINE","'94","'99.83398438"
"'101","'LINE","'Solutions","'99.95037079"
"'101","'LINE","'name). This step is very important even if you need the solution immediately.","'99.71058655"
"'101","'LINE","'Transferring","'99.92028046"
"'101","'LINE","'Diluting to","'99.93572998"
"'101","'LINE","'Dissolution","'100.00000000"
"'101","'LINE","'the mark","'99.96093750"
"'101","'LINE","'Measurement","'99.52168274"
"'101","'LINE","'cap and label","'99.07558441"
"'101","'LINE","'500 mL","'92.19835663"
"'101","'LINE","'500 mL","'94.11022949"
"'101","'LINE","'500 mL","'92.77428436"
"'101","'LINE","'Hot plate","'98.19296265"
"'101","'LINE","'Figure 2.15 Illustration of steps involved in making a 500 mL liquid solution of given","'99.82339478"
"'101","'LINE","'concentration by dissolving a solid solute in a liquid solvent.","'99.55151367"
"'101","'LINE","'B) Preparation of a liquid solution using a liquid solute","'98.65084839"
"'101","'LINE","'A solution may also be prepared by dissolving a liquid in another liquid. In this case","'98.71089935"
"'101","'LINE","'you need to calculate the volume of the solute that is required. If number of moles is","'99.90538788"
"'101","'LINE","'known, then volume (v) can be calculated using;","'99.44303894"
"'101","'LINE","'V= m/d = (n X molar mass)/d; where d density of the solute.","'96.96452332"
"'101","'LINE","'Similar steps are followed. But in this case we use measuring cylinder instead of","'99.93427277"
"'101","'LINE","'balance to measure the volume of liquid and the measured volume of liquid is directly","'99.98036194"
"'101","'LINE","'transferred to a volumetric flask of desired capacity using a funnel followed by step","'99.75158691"
"'101","'LINE","'5 and step 6.","'99.91435242"
"'101","'LINE","'Example 2.17","'99.15975952"
"'101","'LINE","'Prepare 100 mL of 1 M NaOH using pure NaOH solid.","'95.28170013"
"'101","'LINE","'Given","'99.99023438"
"'101","'LINE","'Required","'99.97070313"
"'101","'LINE","'Solution","'99.97070313"
"'101","'LINE","'Molarity = 1 M","'89.39169312"
"'101","'LINE","'Mass","'100.00000000"
"'101","'LINE","'Molarity = M","'83.78295135"
"'101","'LINE","'=","'95.74059296"
"'101","'LINE","'number of moles of solute = n","'97.45029449"
"'101","'LINE","'= 1 mol/L","'97.45728302"
"'101","'LINE","'NaOH","'97.74493408"
"'101","'LINE","'Volume of solution in litre","'99.96273041"
"'101","'LINE","'V","'96.13659668"
"'101","'LINE","'Volume of","'99.98535156"
"'101","'LINE","'This is a liquid solution to be prepared by","'99.61648560"
"'101","'LINE","'solution = 100","'99.53669739"
"'101","'LINE","'dissolving appropriate mass of the solute","'99.98196411"
"'101","'LINE","'mL = 0.1 L","'98.46874237"
"'101","'LINE","'(NaOH) in distilled water to form 0.1 L of","'99.68468475"
"'101","'LINE","'molar mass of","'99.96745300"
"'101","'LINE","'solution.","'99.92028046"
"'101","'LINE","'NaOH = 40 g/","'94.65743256"
"'101","'LINE","'Thus, we need to calculate mass of NaOH","'99.70907593"
"'101","'LINE","'mol","'99.89098358"
"'101","'LINE","'required to be dissolved in water to form 0.1","'99.86465454"
"'101","'LINE","'L of the solution.","'99.84783173"
"'101","'LINE","'But mass = number of moles X molar mass","'98.70048523"
"'101","'LINE","'Number of moles is obtained by rearranging","'99.99163055"
"'101","'LINE","'the molarity equation as:","'99.95097351"
"'101","'LINE","'Number of moles = MV","'99.26614380"
"'101","'LINE","'mass = (1 mol/L)x0.1Lx40 g/mole = 4 g","'95.88057709"
"'101","'LINE","'Therefore, the solution is prepared by dissolving 4 g of NaOH in 100 mL volumetric flask,","'99.70633698"
"'101","'LINE","'and diluting to the mark by filling the remaining portion of the flask with distilled water.","'99.98764038"
"'101","'LINE","'95","'99.73632813"
"'102","'LINE","'Chemistry Grade 10","'99.95742035"
"'102","'LINE","'2.5.2 Diluting a Solution","'99.06972504"
"'102","'LINE","'At the end of this section students will be able to","'99.97389221"
"'102","'LINE","'explain dilution process;","'99.97017670"
"'102","'LINE","'calculate the volume or concentration changes during dilution of solution;","'99.94842529"
"'102","'LINE","'prepare a dilute solution from concentrated solution.","'99.86239624"
"'102","'LINE","'Concentrated solutions are often stored in the laboratory stockroom for use as needed.","'99.89868164"
"'102","'LINE","'Frequently we dilute these ""stock"" solutions before working with them.","'99.94736481"
"'102","'LINE","'Dilution is the procedure for preparing a less concentrated solution from a more","'99.73416901"
"'102","'LINE","'concentrated one by simply adding more solvent. Often, a small portion (Vi) of stock","'99.85252380"
"'102","'LINE","'solution is withdrawn from the more concentrated solution and diluted to final volume","'99.96726990"
"'102","'LINE","'Vf by simply adding more solvent. Imagine we have an aqueous salt solution with 18","'99.94287872"
"'102","'LINE","'particles in a certain volume V1 of solution and that it has a certain concentration M1.","'98.93914795"
"'102","'LINE","'That means we have 18 particles (18/(6.02x10²³ moles)) dissolved in the volume V¹","'96.85490417"
"'102","'LINE","'of the solution. Let's dilute this solution by adding more water to double the volume of","'99.98083496"
"'102","'LINE","'the solution to V₂ = 2V₁ as illustrated in Figure 2.16. What stays the same and what is","'96.87326813"
"'102","'LINE","'changed when more water is added? Did the number of particles (number of moles)","'99.96955109"
"'102","'LINE","'change? What about the concentration?","'99.92434692"
"'102","'LINE","'2h","'99.68750000"
"'102","'LINE","'h","'99.18785858"
"'102","'LINE","'Solution I","'91.25398254"
"'102","'LINE","'Solution II","'80.89126587"
"'102","'LINE","'Before dilution; volume = V₁,","'92.60734558"
"'102","'LINE","'After dilution; volume = V₂,","'92.20567322"
"'102","'LINE","'Concentration = M₁","'78.79995728"
"'102","'LINE","'Concentration = M₂","'84.99342346"
"'102","'LINE","'Figure 2.16. The dilution of a more concentrated solution (solution I) to a less","'99.29334259"
"'102","'LINE","'concentrated one (solution II) by doubling the volume of solution by adding more","'99.74431610"
"'102","'LINE","'solvent does not change the total number of solute particles.","'99.98307800"
"'102","'LINE","'The molarity of solution I is","'97.87498474"
"'102","'LINE","'M₁= Moles₁/V₁","'15.15206528"
"'102","'LINE","'96","'99.42382813"
"'103","'LINE","'Solutions","'99.95037079"
"'103","'LINE","'And the molarity of solution II is","'94.15394592"
"'103","'LINE","'M₂=Moles₂/V₂","'25.93849564"
"'103","'LINE","'Rearranging the equations to find moles we obtain","'99.96450043"
"'103","'LINE","'Moles₁=M₁ V₁ V₁","'25.35415268"
"'103","'LINE","'And","'99.76562500"
"'103","'LINE","'Moles₂=M₂ V₂","'57.15321732"
"'103","'LINE","'As you can see in Figure 2.16, adding more solvent changed the volume of the solution.","'99.77233887"
"'103","'LINE","'Doing so we also changed its concentration because the number of particles (number","'98.61203766"
"'103","'LINE","'of moles) per unit volume (per unit litre or per unit mL) is changed. However, the","'99.94020081"
"'103","'LINE","'number of particles (number of moles) of solute did not change. So,","'99.97355652"
"'103","'LINE","'Moles = Moles₂","'48.18598557"
"'103","'LINE","'M₁V₁=M₂V₂","'17.25037766"
"'103","'LINE","'This formula is known as dilution formula. It is used to prepare dilute solutions. For","'99.92682648"
"'103","'LINE","'instance, to prepare a dilute solution having a volume V₂ and concentration M₂ using","'96.09658051"
"'103","'LINE","'a more concentrated solution having concentration M₁, we withdraw the volume V₁","'95.70533752"
"'103","'LINE","'from the more concentrated (stock) solution having the concentration M1 and add","'95.59874725"
"'103","'LINE","'more water to raise the volume from V₁ to V₂. We often need to calculate V₁ using","'96.83798981"
"'103","'LINE","'the formula:","'99.94548798"
"'103","'LINE","'Caution! When preparing dilutions of concentrated acids such as sulfuric acid, the","'99.95220184"
"'103","'LINE","'directions usually call for adding the acid slowly to water with frequent stirring. If","'99.93259430"
"'103","'LINE","'water were added to acid, the water would quickly heat and splatter, causing harm","'99.98727417"
"'103","'LINE","'to the person making the solution.","'99.96542358"
"'103","'LINE","'Example 2.18","'99.52636719"
"'103","'LINE","'Describe how you would prepare 2.50 X 10² mL of a 2.25 M H2SO4 solution,","'93.67173004"
"'103","'LINE","'starting with a 7.41 M stock solution of H2SO ₄.","'87.25694275"
"'103","'LINE","'Given","'99.93164063"
"'103","'LINE","'Required","'99.97070313"
"'103","'LINE","'Solution","'99.64764404"
"'103","'LINE","'M1 = 7.41 M","'72.90427399"
"'103","'LINE","'V₁","'89.91609955"
"'103","'LINE","'M₁V₁ = M₂V₂","'19.58486176"
"'103","'LINE","'V₁ = ? =","'68.86116028"
"'103","'LINE","'M₂=2.25 M","'58.68607712"
"'103","'LINE","'V1 = M2V2","'16.19917870"
"'103","'LINE","'V₂ = 250 mL","'90.38240051"
"'103","'LINE","'V₁=(2.25 M X 250 mL)/(7.41 M)","'78.42487335"
"'103","'LINE","'=75.9 mL","'94.19114685"
"'103","'LINE","'Thus, we must withdraw 75.9 mL from the 7.41 M H2SO4 solution, transfer it to a 250","'94.84205627"
"'103","'LINE","'mL volumetric flask half-filled with distlled water, and dilute it with sufficient amount","'99.73854828"
"'103","'LINE","'of water to the mark.","'99.98421478"
"'103","'LINE","'97","'99.53125000"
"'104","'LINE","'Chemistry Grade 10","'99.93788910"
"'104","'LINE","'Exercise 2.12","'99.46777344"
"'104","'LINE","'1. How would you prepare 2.00 X 10² mL of a 0.866 M KOH solution, starting","'96.05637360"
"'104","'LINE","'with a 5.07 M stock solution?","'93.87565613"
"'104","'LINE","'2. What is the difference between dilute and unsaturated? Or concentrated","'99.92781830"
"'104","'LINE","'and saturated?","'99.95037079"
"'104","'LINE","'3. Prepare a 100 mL of 0.1 M sucrose from 1M sucrose solution by dilution.","'96.83536530"
"'104","'LINE","'Exercise 2.13","'99.32128906"
"'104","'LINE","'Outline the preparation of 100 mL of (a) hypotonic (0.1 M) and (b) hypertonic","'99.48988342"
"'104","'LINE","'(0.25 M) aqueous NaCl solution and (c) 0.1 M H2SO4 using a stock solution of","'93.22637939"
"'104","'LINE","'98% (w/w) H2SO ₄. Density = 1.84 g/ml. (Hint: First calculate the molarity of","'93.38909912"
"'104","'LINE","'the 98%(w/w) H2SO4 solution as shown in example 2.16. Then use the dilution","'95.90976715"
"'104","'LINE","'formula). Show all the necessary steps and let your teacher check it!","'99.92990112"
"'104","'LINE","'2.6 Solution Stoichiometry","'99.88227844"
"'104","'LINE","'At the end of this section students will be able to","'99.97307587"
"'104","'LINE","'use stoichiometrically equivalent molar ratios to calculate amounts of reactants","'99.78694916"
"'104","'LINE","'and products in a reaction of pure and dissolved substance.","'99.83615875"
"'104","'LINE","'In Unit 3 you studied about stoichiometric calculations in terms of the mole method,","'99.73695374"
"'104","'LINE","'which treats the coefficients in a balanced equation as the number of moles of reactants","'99.81884766"
"'104","'LINE","'and products. Solving stoichiometry problems for reactions in solution requires the","'99.95658875"
"'104","'LINE","'additional step of converting the volume of reactant or product in solution to amount","'99.96821594"
"'104","'LINE","'(mole) using the relationship MV = number of moles of solute.","'99.86898804"
"'104","'LINE","'Generally, we follow these steps:","'99.97428894"
"'104","'LINE","'1. Balance the equation. Note that the coefficients in chemical equation indicate","'99.86366272"
"'104","'LINE","'number of moles.","'99.99674225"
"'104","'LINE","'2. Find the amount (mol) of one substance from the volume and molarity.","'99.96877289"
"'104","'LINE","'3. Relate it to the stoichiometrically equivalent amount of another substance.","'99.89897919"
"'104","'LINE","'4. Convert to the desired units.","'99.96717834"
"'104","'LINE","'98","'99.18945313"
"'105","'LINE","'Solutions","'99.95037079"
"'105","'LINE","'Mole-Mole Calculation","'99.83358765"
"'105","'LINE","'Example 2.19","'99.81405640"
"'105","'LINE","'What is the concentration of sodium hydroxide required to react completely with equal","'99.97721863"
"'105","'LINE","'volume of 0.104 M sulfuric acid?","'95.01388550"
"'105","'LINE","'Given","'99.92187500"
"'105","'LINE","'Required","'99.96093750"
"'105","'LINE","'Solution","'100.00000000"
"'105","'LINE","'VNaOH⁻VH₂SO₄","'16.27192307"
"'105","'LINE","'MNaOH = 2 =","'57.98793411"
"'105","'LINE","'Equation: H2SO4 + 2NaOH","'89.92810059"
"'105","'LINE","'Na₂SO₄ + 2H2O","'69.87889099"
"'105","'LINE","'Stoichiometry","'99.85112762"
"'105","'LINE","'1 mole","'98.31383514"
"'105","'LINE","'2 mole","'99.61914063"
"'105","'LINE","'MH2SO₄⁻ = 0.104 M","'64.71321106"
"'105","'LINE","'Equation","'99.92028046"
"'105","'LINE","'H2SO4","'68.89369202"
"'105","'LINE","'+ 2NaOH","'97.80184174"
"'105","'LINE","'Na2SO₄","'45.44104767"
"'105","'LINE","'+ 2H2O","'74.88529968"
"'105","'LINE","'Given","'99.97070313"
"'105","'LINE","'nH₂SO₄=0.104","'59.32696915"
"'105","'LINE","'nNaOH=MNaOH","'96.77535248"
"'105","'LINE","'mol/L x VH2SO₄","'34.71300888"
"'105","'LINE","'X VNaOH","'93.02405548"
"'105","'LINE","'Stoichiometry=nww/nuso,=1","'19.22751999"
"'105","'LINE","'=","'92.21440887"
"'105","'LINE","'=","'95.08550262"
"'105","'LINE","'Since volume is the same, it cancels out and the equation","'99.88888550"
"'105","'LINE","'becomes: 2/1 = MNaOH/0.104 M","'78.08370972"
"'105","'LINE","'= 0.208 M","'86.03116608"
"'105","'LINE","'Exercise 2.14","'99.57519531"
"'105","'LINE","'What is the concentration of sodium hydroxide that is required to react","'99.96535492"
"'105","'LINE","'completely with equal volume of 0.104 M hydrochloric acid?","'94.51393127"
"'105","'LINE","'Mole - Mass","'94.79422760"
"'105","'LINE","'Example 2.20","'99.90234375"
"'105","'LINE","'What mass of solid magnesium hydroxide can be produced if 45 mL of a 0.63 M","'96.82324219"
"'105","'LINE","'Mg(NO₃)₂ solution reacts completely with excess NaOH?","'97.72603607"
"'105","'LINE","'Given","'99.89257813"
"'105","'LINE","'Required","'99.97070313"
"'105","'LINE","'Solution","'99.99023438"
"'105","'LINE","'V","'91.71456909"
"'105","'LINE","'=","'87.31854248"
"'105","'LINE","'45","'90.18554688"
"'105","'LINE","'mL","'95.25410461"
"'105","'LINE","'Stoichiometry","'99.65501404"
"'105","'LINE","'1 mole","'97.81050873"
"'105","'LINE","'58.321 g","'91.91206360"
"'105","'LINE","'MMg(NO3)2","'49.96462631"
"'105","'LINE","'= 0.63","'85.69934082"
"'105","'LINE","'M","'59.71639633"
"'105","'LINE","'Equation","'99.92107391"
"'105","'LINE","'Mg(OH)_(s) +2NaNO,(aq)","'16.38123894"
"'105","'LINE","'Note that M and","'90.20273590"
"'105","'LINE","'Given","'99.95117188"
"'105","'LINE","'0.63 M, 45 mL","'55.02870178"
"'105","'LINE","'Mass =?","'86.27137756"
"'105","'LINE","'V are given means","'99.50658417"
"'105","'LINE","'number of moles","'99.99674225"
"'105","'LINE","'=1 mole/58.321 g","'92.05340576"
"'105","'LINE","'(n) is known: n=MV","'98.75084686"
"'105","'LINE","'=0.63 mol/L X 0.045","'88.85523224"
"'105","'LINE","'mass","'91.26953125"
"'105","'LINE","'= 0.63 mol/L X 0.045L X 58.321 g/1 mole","'92.08475494"
"'105","'LINE","'=1.65g","'95.90341949"
"'105","'LINE","'99","'99.01367188"
"'106","'LINE","'Chemistry Grade 10","'99.96392822"
"'106","'LINE","'Mass - Volume","'89.29065704"
"'106","'LINE","'Example 2.21","'99.91699219"
"'106","'LINE","'What volume of 0.0995 M AI(NO₃)₃ will react with 3.66 g of Ag according to the","'95.27560425"
"'106","'LINE","'following chemical equation?","'99.98671722"
"'106","'LINE","'Given","'99.96093750"
"'106","'LINE","'Required","'99.97070313"
"'106","'LINE","'Solution","'100.00000000"
"'106","'LINE","'MASSING 0.0995 M","'53.76145935"
"'106","'LINE","'WAg=3.66g","'27.55161858"
"'106","'LINE","'VAI(NO₃)₃⁻?","'25.12535667"
"'106","'LINE","'Stoichiometry","'99.80149841"
"'106","'LINE","'3x107.97 g","'92.98379517"
"'106","'LINE","'1 mole","'98.43879700"
"'106","'LINE","'Equation","'99.92028046"
"'106","'LINE","'3Ag(s)","'99.45233154"
"'106","'LINE","'+ Al(NO₃),(aq)","'24.72337341"
"'106","'LINE","'3 AgNO₃(aq)","'88.18139648"
"'106","'LINE","'+ Al(s)","'95.71987152"
"'106","'LINE","'Experimental","'99.89098358"
"'106","'LINE","'3.66 g","'92.24489594"
"'106","'LINE","'n AI(NO3)3","'22.23752403"
"'106","'LINE","'=","'96.10112000"
"'106","'LINE","'3x107.97g/1mole=3.66g/(0.0995MxV) where","'64.81285858"
"'106","'LINE","'MV = mole","'96.42936707"
"'106","'LINE","'VAI(NO3)3 = 3.66 g x1 mole/3x107.97 g x0.0995 mol/L=0.114L","'83.33930206"
"'106","'LINE","'Exercise 2.15","'99.71191406"
"'106","'LINE","'What volume of 0.512 M NaOH will react with 17.9 g of H₂C₂O₄(s) according","'93.73500061"
"'106","'LINE","'to the following chemical equation?","'99.97233582"
"'106","'LINE","'H₂C₂O₄(s) + 2NaOH(aq)","'79.84999084"
"'106","'LINE","'Na₂C₂O₄(aq) + 2H₂O(I)","'65.89345551"
"'106","'LINE","'Mole - Volume Calculation","'96.36103821"
"'106","'LINE","'Example 2.22","'99.92675781"
"'106","'LINE","'What volume of a 0.35 M AgNO₃ is required to react completely with 55mL of","'95.19149780"
"'106","'LINE","'a 0.24 M NaCl solution?","'88.51885223"
"'106","'LINE","'Given","'99.99023438"
"'106","'LINE","'Required","'99.99023438"
"'106","'LINE","'Solution","'100.00000000"
"'106","'LINE","'VNacl=55 mL","'70.13173676"
"'106","'LINE","'VAgNO₃⁻?","'32.34394836"
"'106","'LINE","'Stoichiometry","'99.92107391"
"'106","'LINE","'1 mole","'98.41069794"
"'106","'LINE","'1 mole","'98.45992279"
"'106","'LINE","'MNaci=0.24 M","'44.38287354"
"'106","'LINE","'Equation","'99.93083954"
"'106","'LINE","'NaCl(aq) + AgNO₃(aq)","'83.67214203"
"'106","'LINE","'NaNO₃(aq) + AgCI(s)","'85.49851227"
"'106","'LINE","'Note that M and","'88.74367523"
"'106","'LINE","'Experimental","'99.97070313"
"'106","'LINE","'0.24 M, 55 mL","'89.52990723"
"'106","'LINE","'0.35 M, V=?","'83.42248535"
"'106","'LINE","'V are given means","'99.64101410"
"'106","'LINE","'Stoichiometry: =","'94.75017548"
"'106","'LINE","'number of moles","'100.00000000"
"'106","'LINE","'= (0.24 mol/L x0.055L)/(0.35 mol/L VAgNO3)","'86.38288116"
"'106","'LINE","'(n) is known:","'99.91483307"
"'106","'LINE","'=1","'91.92063904"
"'106","'LINE","'n=MV","'94.87245178"
"'106","'LINE","'V AgNO3 = (0.24 mol/L x0.055L)/(0.35 mol/L) = 0.0377","'91.39759064"
"'106","'LINE","'L=37.7 mL","'95.78294373"
"'106","'LINE","'100","'99.49955750"
"'107","'LINE","'Solutions","'99.95037079"
"'107","'LINE","'Mole - Number of Particles","'91.18936920"
"'107","'LINE","'Example 2.23","'99.90722656"
"'107","'LINE","'1. How many HCI particles are there in 0.1 mole of the HCI solution?","'98.83927155"
"'107","'LINE","'Strategy: 1 mole HCI contains Avogadro's number of HCI particles, then 0.1 mole","'98.87391663"
"'107","'LINE","'contains how many?","'99.98697662"
"'107","'LINE","'Answer: 0.6022 X 10²³ particles = 6.022 X 10²² HCI particles","'91.67876434"
"'107","'LINE","'Exercise 2.16","'99.52636719"
"'107","'LINE","'What volume of 0.5 M glucose (C₆H₁₂O₆) contains 3.01 X 10²² molecules of","'91.83866119"
"'107","'LINE","'glucose?","'99.88201141"
"'107","'LINE","'2.7 Describing Reactions in Solution","'99.94499207"
"'107","'LINE","'At the end of this section students will be able to","'99.98039246"
"'107","'LINE","'explain the relationship between reacting ions, spectator ions, precipitation and","'99.97616577"
"'107","'LINE","'solubility;","'99.64604187"
"'107","'LINE","'write net ionic equations.","'99.96786499"
"'107","'LINE","'Molecular Equation","'99.91539764"
"'107","'LINE","'A molecular equation is a chemical equation in which the reactants and the products","'99.01406860"
"'107","'LINE","'are written as if they were molecular substances, even though they may actually","'99.93021393"
"'107","'LINE","'exist in solution as ions. The state (solid, liquid, gas) of each substance is indicated in","'99.96012878"
"'107","'LINE","'parentheses after formula. (aq) is used to indicate the that molecule is dissolved in","'99.92631531"
"'107","'LINE","'water.","'100.00000000"
"'107","'LINE","'Consider the reaction between silver nitrate, AgNO₃, and sodium chloride, NaCl, in","'97.18212128"
"'107","'LINE","'aqueous solution to give solid silver chloride, AgCl, and aqueous sodium nitrate. The","'98.77947998"
"'107","'LINE","'equation for this reaction may be written as:","'99.96674347"
"'107","'LINE","'AgNO₃(aq) + NaCl(aq)","'80.85731506"
"'107","'LINE","'AgCI(s) + NaNO₃(aq)","'81.78431702"
"'107","'LINE","'This is just a molecular equation. Note from the solubility rules (Table 2.1) that all","'99.77639771"
"'107","'LINE","'common nitrates and chlorides of Group 1A are soluble. That is why (aq) is used after","'99.37658691"
"'107","'LINE","'these formulae. The solubility rule also taught US that AgCl is insoluble in water. That","'97.46215057"
"'107","'LINE","'is why (s) to indicate that it is precipitated out from the solution to the bottom of the","'99.94028473"
"'107","'LINE","'reaction flask/test tube as a solid.","'99.26933289"
"'107","'LINE","'101","'99.83318329"
"'108","'LINE","'Chemistry Grade 10","'99.92459869"
"'108","'LINE","'lonic Equation","'80.60905457"
"'108","'LINE","'Although a molecular equation is useful in describing the actual reactants and products,","'99.86282349"
"'108","'LINE","'it does not give any information about what is happening at the level of ions. Since","'99.97064972"
"'108","'LINE","'this kind of information is very useful, you often need to write the molecular equation","'99.78051758"
"'108","'LINE","'as an ionic equation. Consider the reaction of silver nitrate and sodium chloride. Both","'99.95414734"
"'108","'LINE","'are soluble ionic substances and are strong electrolytes. When they dissolve in water,","'99.95912933"
"'108","'LINE","'they go into solution as ions giving on the reactant side of the reaction:","'99.95925903"
"'108","'LINE","'Ag⁺(aq) + NO₃⁻(aq) + Na⁺(aq) + Cl⁻(aq)","'73.75481415"
"'108","'LINE","'On the product side of the equation, AgCI(s) is an ionic compound that doesn't dissolve","'98.60112762"
"'108","'LINE","'in water, but the ions are held together in particular sites in the crystalline solid. We","'99.96374512"
"'108","'LINE","'leave the formula as AgCI(s) to convey this information in the equation. On the other","'98.90926361"
"'108","'LINE","'hand, NaNO₃ is a soluble ionic compound and is a strong electrolyte. Also it dissolves","'98.65451813"
"'108","'LINE","'in aqueous solution to give freely moving ions. Therefore, we can write it as","'99.94257355"
"'108","'LINE","'Na⁺(aq) + NO₃⁻(aq)","'26.99677086"
"'108","'LINE","'The complete equation is","'99.91903687"
"'108","'LINE","'Ag⁺(aq) + NO₃⁻(aq) + Na⁺(aq) + Cl⁻(aq)","'72.31594849"
"'108","'LINE","'AgCI(s) + Na⁺(aq) + NO₃⁻(aq),","'77.07521057"
"'108","'LINE","'The ions appearing on both sides of the equation (Na⁺ and NO₃⁻) are called spectator","'95.05232239"
"'108","'LINE","'ions, as they do not take part in the reaction and they can be canceled on both sides","'99.96631622"
"'108","'LINE","'to express the essential reaction that occurs.","'99.93235779"
"'108","'LINE","'Ag⁺(aq) + NO + Na+(aq) + Cl⁻(aq)","'76.68606567"
"'108","'LINE","'AgCI(s) + Na + NO 3 (aq)","'91.89912415"
"'108","'LINE","'The resulting equation is:","'99.96318054"
"'108","'LINE","'Ag+ (aq) + Cl⁻(aq)","'76.71920013"
"'108","'LINE","'AgCI(s)","'84.59084320"
"'108","'LINE","'This net ionic equation, is without spectator ions and the reaction that actually occurs at","'99.94678497"
"'108","'LINE","'an ionic level is between silver ions and chloride ions which forms solid silver chloride.","'99.97374725"
"'108","'LINE","'Steps for writing a net ionic equation","'99.69085693"
"'108","'LINE","'1. Write the balanced molecular equation","'99.87849426"
"'108","'LINE","'2. Write the balanced complete ionic equation","'99.95909119"
"'108","'LINE","'3. Cancel out the spectator ions. What remains is the net ionic equation.","'99.95681763"
"'108","'LINE","'102","'99.77539063"
"'109","'LINE","'Solutions","'99.95037079"
"'109","'LINE","'Exercise 2.17","'99.19882202"
"'109","'LINE","'1. Discuss the difference between molecular equations and ionic equations?","'99.87844849"
"'109","'LINE","'What are spectator ions?","'99.92859650"
"'109","'LINE","'2. Consider the reaction between sodium carbonate and calcium chloride in","'99.96213531"
"'109","'LINE","'aqueous solution:","'99.87104797"
"'109","'LINE","'a. How are sodium carbonate and calcium chloride found in water solution,","'99.80970001"
"'109","'LINE","'dissociated to give ions or as solid? (Refer to solubility rule). Write","'99.92873383"
"'109","'LINE","'dissociation reaction for each of them.","'99.94033813"
"'109","'LINE","'b. Write the ionic equation for the reaction between sodium carbonate and","'99.95965576"
"'109","'LINE","'calcium chloride. Are the products formed soluble in water?","'99.96700287"
"'109","'LINE","'C. Write the soluble product in ionic form. Are there the same ions in the","'98.42930603"
"'109","'LINE","'reactant and product side? If yes, cancel them out!","'99.93627167"
"'109","'LINE","'d. Write the net ionic equation.","'99.95728302"
"'109","'LINE","'3. For the following molecular equation, write ionic equation, net ionic equation,","'99.97451019"
"'109","'LINE","'and identify the spectator ions:","'99.95443726"
"'109","'LINE","'2AgNO3 (aq) + Na2CrO₄ (aq)","'78.32740784"
"'109","'LINE","'Ag2CrO₄ (s) + 2NaNO₃ (aq)","'77.93343353"
"'109","'LINE","'Key Terms of the Unit","'99.97054291"
"'109","'LINE","'Concentrated","'99.97070313"
"'109","'LINE","'Mass percentage","'99.99023438"
"'109","'LINE","'Parts per billion","'99.94791412"
"'109","'LINE","'Colloids","'100.00000000"
"'109","'LINE","'Miscible","'100.00000000"
"'109","'LINE","'Saturated","'99.95037079"
"'109","'LINE","'Dilute","'99.96014404"
"'109","'LINE","'Molality","'99.84056091"
"'109","'LINE","'Solvation","'99.96014404"
"'109","'LINE","'Electrolyte solution","'99.92595673"
"'109","'LINE","'Molarity","'99.88042450"
"'109","'LINE","'Supersaturated","'99.97070313"
"'109","'LINE","'Henry's law","'99.94061279"
"'109","'LINE","'Mole fraction","'99.84624481"
"'109","'LINE","'Suspension","'99.92028046"
"'109","'LINE","'Heterogeneous solution","'99.71161652"
"'109","'LINE","'Nonelectrolyte","'99.93083954"
"'109","'LINE","'Unsaturated","'99.96014404"
"'109","'LINE","'Homogeneous solution","'99.90074921"
"'109","'LINE","'Normality","'100.00000000"
"'109","'LINE","'Unit Summary","'99.95077515"
"'109","'LINE","'To ensure that you understand the material in this chapter, you should review the","'99.68059540"
"'109","'LINE","'meanings of the bold terms in the following summary and ask yourself how they","'99.97750854"
"'109","'LINE","'relate to the topics in the chapter.","'99.96617126"
"'109","'LINE","'A heterogeneous mixture is a mixture that consists of physically distinct parts,","'99.06734467"
"'109","'LINE","'each with different properties.","'99.97518921"
"'109","'LINE","'A homogeneous mixture is a mixture in which the composition is the same","'99.39138794"
"'109","'LINE","'throughout. i.e., it has no visible boundaries because the components are mixed as","'99.89691162"
"'109","'LINE","'individual atoms, ions and molecules.","'99.95443726"
"'109","'LINE","'A suspension is a heterogeneous mixture that consists of a dispersion of fine solid","'98.97467041"
"'109","'LINE","'particles in a liquid or gas, removable by filtration.","'99.74861908"
"'109","'LINE","'A colloid is a heterogeneous mixture in which insoluble particles of one or more","'99.14375305"
"'109","'LINE","'substances are suspended uniformly throughout another substance.","'99.92620087"
"'109","'LINE","'Scattering of a beam of light by colloidal particles is called Tyndall effect.","'99.84793854"
"'109","'LINE","'103","'99.67454529"
"'110","'LINE","'Chemistry Grade 10","'99.86600494"
"'110","'LINE","'A colloid can be a gel, an emulsion, a sol, foam, or aerosol.","'98.98701477"
"'110","'LINE","'Coagulation is the process by which the dispersed phase of a colloid is made to","'99.90524292"
"'110","'LINE","'aggregate and thereby separate from the continuous phase.","'99.96156311"
"'110","'LINE","'A colloid in which the dispersed phase consists of micelles is called an association","'98.82557678"
"'110","'LINE","'colloid.","'99.95037079"
"'110","'LINE","'A solution is a homogeneous mixture. The major component is the solvent, while","'98.15973663"
"'110","'LINE","'the minor component is the solute. The terms miscible and immiscible, instead of","'99.95744324"
"'110","'LINE","'soluble and insoluble, are used for liquid solutes and solvents. The statement like","'99.95519257"
"'110","'LINE","'dissolves like is a useful guide to predicting whether a solute will dissolve in a","'99.53536987"
"'110","'LINE","'given solvent.","'99.98046875"
"'110","'LINE","'For liquid solutions formed from a solvent A and solute B, an ideal solution results","'97.77558899"
"'110","'LINE","'when the A-B attractions are the same as the A-A and B-B attractions and for such","'99.60755920"
"'110","'LINE","'a solution, H soln = O.","'80.75862885"
"'110","'LINE","'When the A-B attractions are greater than the A-A and B-B attractions, ДН soln <0","'92.26230621"
"'110","'LINE","'and the solution process is exothermic.","'99.89788818"
"'110","'LINE","'When the A-B attractions are weaker than the A-A and B-B attractions, H soln > 0","'92.76403809"
"'110","'LINE","'and the solution process is endothermic.","'99.83972931"
"'110","'LINE","'Dissolving occurs by solvation, the process in which particles of a solvent surround","'99.88446808"
"'110","'LINE","'the individual particles of a solute, separating them to make a solution. For water","'99.85727692"
"'110","'LINE","'solutions, the word hydration is used. If the solute is molecular, it dissolves into","'99.93548584"
"'110","'LINE","'individual molecules. If the solute is ionic it dissolves into ions. The individual ions","'99.94257355"
"'110","'LINE","'separate from each other, forming a solution that conducts electricity. Such solutions","'99.72943878"
"'110","'LINE","'are called electrolytes. If the dissociation of ions is complete, the solution is a strong","'99.80831909"
"'110","'LINE","'electrolyte. If the dissociation is only partial, the solution is a weak electrolyte. If a","'99.70900726"
"'110","'LINE","'solution is made up of molecules only, it does not conduct electricity and is called","'99.88197327"
"'110","'LINE","'nonelectrolyte.","'99.65182495"
"'110","'LINE","'The amount of solute in a solution is represented by the concentration of the","'99.86924744"
"'110","'LINE","'solution. The maximum amount of solute that can be dissolved in a given amount of","'99.89677429"
"'110","'LINE","'solvent is called the solubility of the solute. Such solutions are saturated. Solutions","'99.95455933"
"'110","'LINE","'that have less than the maximum amount that it can dissolve are unsaturated.","'99.89323425"
"'110","'LINE","'Most solutions are unsaturated, and there are various ways of stating their","'99.92230225"
"'110","'LINE","'concentrations.","'99.19303894"
"'110","'LINE","'A dilute solution is one in which there is a relatively small amount of solute dissolved","'99.37030792"
"'110","'LINE","'in the solution.","'99.95063782"
"'110","'LINE","'A concentrated solution contains a relatively large amount of solute.","'99.45301056"
"'110","'LINE","'These two terms do not tell US whether or not the solution is saturated or unsaturated.","'99.87028503"
"'110","'LINE","'They are used for comparing concentrations of two solutions in a more general","'99.85061646"
"'110","'LINE","'qualitative sense.","'99.85112762"
"'110","'LINE","'Solubility depends on two factors, predominantly intermolecular forces of","'99.88411713"
"'110","'LINE","'attraction and to some extent conditions (surface area, temperature, pressure).","'99.87316895"
"'110","'LINE","'Increasing the temperature usually increases the solubility of solids in water","'99.95495605"
"'110","'LINE","'and liquids in water while it decreases the solubility of gases in water. Increasing","'99.94944000"
"'110","'LINE","'104","'99.41406250"
"'111","'LINE","'Solutions","'99.95037079"
"'111","'LINE","'pressure increases solubility of gases in liquid. Henry's law says that the solubility","'99.97045898"
"'111","'LINE","'of a gas is directly proportional to its partial pressure above the solution.","'99.86876678"
"'111","'LINE","'Review Exercise","'99.99023438"
"'111","'LINE","'Part I: Multiple Choice Questions","'99.33677673"
"'111","'LINE","'1. Soda water is an example of:","'99.92420959"
"'111","'LINE","'a. liquid-liquid solution","'99.17563629"
"'111","'LINE","'C. solid-liquid solution","'92.47242737"
"'111","'LINE","'b. liquid-gas solution","'99.86600494"
"'111","'LINE","'d. gas-gas solution","'99.79140472"
"'111","'LINE","'2. Which of the following type of matter can exhibit Tyndall effect?","'99.96304321"
"'111","'LINE","'a. aerosol","'99.26050568"
"'111","'LINE","'b. soda water","'99.92160797"
"'111","'LINE","'C. brass","'81.75641632"
"'111","'LINE","'3. A solution that is formed when NaCl dissolves in water has the properties of","'97.66387939"
"'111","'LINE","'a. Sodium Chloride","'99.52652740"
"'111","'LINE","'C. both NaCl and water","'90.99103546"
"'111","'LINE","'b. Water","'99.97558594"
"'111","'LINE","'d. neither NaCl nor water","'95.11643219"
"'111","'LINE","'4. A simple way of determining whether a mixture is colliodial or not is through the use of","'98.86091614"
"'111","'LINE","'a. particle size b. Tyndall effect C. non-uniform appearance d. a & b","'98.16973114"
"'111","'LINE","'5. A suspension is","'96.17341614"
"'111","'LINE","'......","'82.86441803"
"'111","'LINE","'a. a homogenous mixture of a solute and a solvent","'99.17916870"
"'111","'LINE","'b. a heterogeneous mixture of one phase dispersed in another phase","'99.79240417"
"'111","'LINE","'C. a heterogeneous mixture that exhibits Tyndall effect","'96.55831146"
"'111","'LINE","'d. a mixture that contain smaller particle size than a solution","'99.67687988"
"'111","'LINE","'6. Which properties of colloids is applied in the cloud seeding mechanism to produce","'99.95803070"
"'111","'LINE","'artificial rain?","'99.96054077"
"'111","'LINE","'a. Association","'99.40937805"
"'111","'LINE","'C. Coagulation","'89.13454437"
"'111","'LINE","'b. Dispersion","'99.96093750"
"'111","'LINE","'d. Scattering","'99.90642548"
"'111","'LINE","'7. The cleansing action of soaps and detergents are related to which property of a","'99.76213074"
"'111","'LINE","'colloid?","'99.95037079"
"'111","'LINE","'a. Association","'99.49886322"
"'111","'LINE","'C. Coagulation","'88.84088135"
"'111","'LINE","'b. Dispersion","'99.96093750"
"'111","'LINE","'d. Scattering","'99.92636108"
"'111","'LINE","'8. The continuous and dispersed phase in fog is","'99.94069672"
"'111","'LINE","'and","'99.97070313"
"'111","'LINE","', respectively.","'89.46159363"
"'111","'LINE","'a. gas, solid","'99.33427429"
"'111","'LINE","'C. gas, liquid","'92.78971863"
"'111","'LINE","'b. liquid, gas","'99.92107391"
"'111","'LINE","'d. liquid, liquid","'99.92785645"
"'111","'LINE","'9. How many grams of NaOH is required to prepare 100 mL of 1 M NaOH solution?","'96.50659180"
"'111","'LINE","'a. 4","'99.31291962"
"'111","'LINE","'b. 40","'99.87265015"
"'111","'LINE","'C. 0.4","'91.35732269"
"'111","'LINE","'d. 400","'99.90234375"
"'111","'LINE","'10. A solution that contain 4.9 g H2SO4 in 1 liter of solution has the same","'95.84142303"
"'111","'LINE","'and","'100.00000000"
"'111","'LINE","'. Assume the solution has the same density as water.","'98.71691132"
"'111","'LINE","'a. molarity and molality","'99.71953583"
"'111","'LINE","'C. normality and molality","'93.67551422"
"'111","'LINE","'b. molarity and normality","'99.97070313"
"'111","'LINE","'d. none of the above","'99.96663666"
"'111","'LINE","'11. When the molarity of a sulfuric acid solution is doubled, its normality is","'99.77583313"
"'111","'LINE","'a. halved b. doubled C. quadrupled d. remain the same","'97.24987793"
"'111","'LINE","'12. Mole fraction and percentage differ by a factor of","'99.76184082"
"'111","'LINE","'a. 1 b. 10 C. 100 d. 0.1","'95.51259613"
"'111","'LINE","'105","'99.88201141"
"'112","'LINE","'Chemistry Grade 10","'99.93788910"
"'112","'LINE","'13. Which of the following substances are not readily miscible within each other?","'99.93214417"
"'112","'LINE","'a. C₆H₆ and CCI₄","'90.17428589"
"'112","'LINE","'C. C2H₅ OH and H2O","'72.61238098"
"'112","'LINE","'b. H2O and CCI₄","'86.89906311"
"'112","'LINE","'d. CH₃ OH and H2O","'76.33215332"
"'112","'LINE","'14. Rate of dissolution is largely dependent upon:","'99.80491638"
"'112","'LINE","'a. the inter-particle forces","'99.59666443"
"'112","'LINE","'b. the surface area of solid solute","'99.97058868"
"'112","'LINE","'C. the temperature of the system","'95.01467896"
"'112","'LINE","'d. the pressure of the system","'99.96568298"
"'112","'LINE","'15. Which of the following statements is not correct?","'99.93029022"
"'112","'LINE","'a. pressure has little effect on the solubility of liquids and solids","'99.88196564"
"'112","'LINE","'b. the solubility of most solids increases with increasing temperature","'99.96842957"
"'112","'LINE","'C. the solubility of gases in water increases with increasing temperature.","'97.51382446"
"'112","'LINE","'d. none of the above","'99.96289063"
"'112","'LINE","'16. The quantitative relationship between gas solubility and pressure is given by:","'99.93055725"
"'112","'LINE","'a. Raoult's law","'99.62957001"
"'112","'LINE","'C. Henry's law","'84.33281708"
"'112","'LINE","'b. Hess's law","'99.94412994"
"'112","'LINE","'d. Dalton's law","'99.87770081"
"'112","'LINE","'17. A solution that has a capacity to dissolve more solute is called","'98.49903870"
"'112","'LINE","'solution","'100.00000000"
"'112","'LINE","'a. dilute","'98.47306824"
"'112","'LINE","'C. supersaturated","'87.66990662"
"'112","'LINE","'b. unsaturated","'99.94589233"
"'112","'LINE","'d. concentrated","'99.91659546"
"'112","'LINE","'18. A concentrated solution is","'96.38480377"
"'112","'LINE","'a. same as supersaturated solution","'99.51953125"
"'112","'LINE","'b. contain less solute than solvent","'99.95050812"
"'112","'LINE","'C. contains relatively large amount of solute","'94.68772888"
"'112","'LINE","'d. a saturated solution","'99.65586090"
"'112","'LINE","'19. Which of the following solutions is the most dilute?","'99.84199524"
"'112","'LINE","'a. 0.1 M NaCl","'89.04316711"
"'112","'LINE","'C. 0.001 M NaCl","'84.51465607"
"'112","'LINE","'b. 0.01 M NaCl","'91.52244568"
"'112","'LINE","'d. 10.0 mM NaCl","'95.99868774"
"'112","'LINE","'20. Which of the following is a saturated NaCl solution at 20°C? Solubility of NaCl is","'95.73192596"
"'112","'LINE","'36 g/100 mL.","'97.83667755"
"'112","'LINE","'a. 0.615 M","'90.98041534"
"'112","'LINE","'C. 36.0 M","'82.70208740"
"'112","'LINE","'b. 6.15 M","'68.19196320"
"'112","'LINE","'d. 0.0615 M","'91.90881348"
"'112","'LINE","'21. The ratio of the number of moles of solute divided by the total number of moles","'99.94787598"
"'112","'LINE","'gives:","'99.99023438"
"'112","'LINE","'a. the mole fraction of the solute","'99.78569794"
"'112","'LINE","'C. the molality of the solution","'96.59605408"
"'112","'LINE","'b. the molarity of the solution","'99.96243286"
"'112","'LINE","'d. the normality of the solution","'99.94412994"
"'112","'LINE","'22. Phosphoric acid reacts with calcium hydroxide to form calcium hydrogen phosphate","'99.96975708"
"'112","'LINE","'(CaHPO₄) and water. The equivalent weight of phosphoric acid in this reaction will","'97.19879913"
"'112","'LINE","'be:","'99.93164063"
"'112","'LINE","'a. 98 g/eq","'98.33040619"
"'112","'LINE","'C. 32.6 g/eq","'88.85276794"
"'112","'LINE","'b. 49 g/eq","'98.83118439"
"'112","'LINE","'d. 14 g/eq","'98.34588623"
"'112","'LINE","'106","'99.80468750"
"'113","'LINE","'Solutions","'99.95037079"
"'113","'LINE","'23. Which of the following is the balanced net ionic equation for the reaction between","'99.96202850"
"'113","'LINE","'H2SO₄ (a) and NaOH (aq)?","'86.40010834"
"'113","'LINE","'a. HSO₄⁻(aq)","'71.48372650"
"'113","'LINE","'H⁺(aq) + SO₄² (aq)","'78.77877045"
"'113","'LINE","'b. H⁺(aq) + OH-(aq)","'91.61930084"
"'113","'LINE","'H₂O(I)","'81.39987183"
"'113","'LINE","'C. ²⁻(aq) + 2Na⁺(aq)","'70.09327698"
"'113","'LINE","'NaSO ²⁻(aq)","'26.84540367"
"'113","'LINE","'d. H₂SO₄(aq) + 2OH⁻(aq)","'75.49349213"
"'113","'LINE","'2H₂O(I) + ²⁻(aq)","'71.91336823"
"'113","'LINE","'24. When a given volume of concentrated solution is diluted 100 fold, which one of","'99.75674438"
"'113","'LINE","'the following is true?","'99.94609070"
"'113","'LINE","'a. the dilute solution has more number of moles of solute per unit volume than that","'99.90339661"
"'113","'LINE","'of concentrated solution","'99.93383026"
"'113","'LINE","'b. the number of moles of solute per unit volume of the dilute solution is equal to","'99.95888519"
"'113","'LINE","'that of the concentrated solution","'99.97038269"
"'113","'LINE","'C. the number of moles of solute in a given volume of a solution is the same before","'98.96181488"
"'113","'LINE","'and after dilution","'99.99023438"
"'113","'LINE","'d. all of the above","'99.97460938"
"'113","'LINE","'Part II: Short Answer Questions","'99.78619385"
"'113","'LINE","'25. Give one example of each: a gaseous solution, a liquid solution, a solid solution.","'99.73709869"
"'113","'LINE","'26. What are the two factors needed to explain the differences in solubilities of ionic","'99.94673157"
"'113","'LINE","'solids in water?","'99.96366119"
"'113","'LINE","'27. Explain in terms of intermolecular attractions why octane is immiscible in water.","'99.87969971"
"'113","'LINE","'28. Give the type of colloid (aerosol, foam, emulsion, sol, or gel) that each of the","'99.93887329"
"'113","'LINE","'following represents.","'99.97518921"
"'113","'LINE","'a. rain cloud","'99.54114532"
"'113","'LINE","'b. milk of magnesia","'99.93368530"
"'113","'LINE","'C. soapsuds","'88.85633087"
"'113","'LINE","'d. silt in water","'99.75450897"
"'113","'LINE","'29. Concrete is a mixture of","'99.49494934"
"'113","'LINE","',","'81.33230591"
"'113","'LINE","',","'83.51144409"
"'113","'LINE","', and","'92.80731964"
"'113","'LINE","'.","'89.77060699"
"'113","'LINE","'30. Explain on the basis that ""like dissolves like"" why glycerol, CH₂ OHCHOHCH2 OH, is","'91.59663391"
"'113","'LINE","'miscible in water but benzene, C₆H₆, has very limited solubility in water.","'95.95118713"
"'113","'LINE","'31. Explain why ionic substances show a wide range of solubilities in water.","'99.77539063"
"'113","'LINE","'32. Indicate the type of solute-solvent interaction that is most important in each of the","'99.91992950"
"'113","'LINE","'following solutions:","'99.97030640"
"'113","'LINE","'a. KBr in water","'99.66054535"
"'113","'LINE","'C. ammonia in water","'95.42240906"
"'113","'LINE","'b. hexane, C₆ H₁₄, in gasoline","'87.03928375"
"'113","'LINE","'33. Describe the characteritics of endothermic and exothermic dissolution processes.","'99.95370483"
"'113","'LINE","'34. Consider the following solutions. In each case, predict whether the solubility of the","'99.96762848"
"'113","'LINE","'solute should be high or low. Justify your answer.","'99.92741394"
"'113","'LINE","'a. KCI in H2O","'90.86730194"
"'113","'LINE","'d. H2O in CH₃ OH","'85.65435791"
"'113","'LINE","'b. HF in H2O","'89.94200134"
"'113","'LINE","'e. CCI₄ in H2O","'84.51037598"
"'113","'LINE","'C. KCI in CCI₄","'88.26894379"
"'113","'LINE","'35. What is the usual solubility behavior of an ionic compound in water when the","'99.96327972"
"'113","'LINE","'temperature is raised? Give an example of an exception to this behavior.","'99.93504333"
"'113","'LINE","'36. Give one example of each: a salt whose heat of solution is exothermic and a salt","'99.86743164"
"'113","'LINE","'whose heat of solution is endothermic.","'99.91905212"
"'113","'LINE","'107","'99.72417450"
"'114","'LINE","'Chemistry Grade 10","'99.92486572"
"'114","'LINE","'37. What do you expect to happen to a concentration of dissolved gas in a solution","'99.47013855"
"'114","'LINE","'as the solution is heated?","'99.91162872"
"'114","'LINE","'38. Explain why a carbonated beverage must be stored in a closed container.","'99.60273743"
"'114","'LINE","'39. Pressure has an effect on the solubility of oxygen in water but a negligible effect","'99.80113220"
"'114","'LINE","'on the solubility of sugar in water. Why?","'99.95087433"
"'114","'LINE","'40. Which of the following ions would be expected to have the greater energy of","'99.95877075"
"'114","'LINE","'hydration, Mg²⁺ or Al³⁺?","'86.66643524"
"'114","'LINE","'41. Which of the following ions would be expected to have the greater energy of","'99.95416260"
"'114","'LINE","'hydration, F⁻ or CIT?","'80.88323975"
"'114","'LINE","'Part III: Work Out Problems","'99.84410858"
"'114","'LINE","'42. The solubility of carbon dioxide in water is 0.161 g CO2 in 100 mL of water at","'98.09274292"
"'114","'LINE","'20oC and 1.00 atm. A soft drink is carbonated with carbon dioxide gas at 5.50","'99.12355042"
"'114","'LINE","'atm pressure. What is the solubility of carbon dioxide in water at this pressure?","'99.93874359"
"'114","'LINE","'43. Calculate the molarity of each of the following solutions:","'99.95452118"
"'114","'LINE","'a. 10.5 g NaCl in 350.0 mL of solution","'96.43381500"
"'114","'LINE","'b. 40.7 g LiCIO₄ 3H2O in 125 mL of solution","'90.37734222"
"'114","'LINE","'44. What mass of solution containing 5.00% potassium iodide, KI, by mass contains","'99.10160828"
"'114","'LINE","'258 mg KI?","'95.11997986"
"'114","'LINE","'45. Caffeine, C₈H₁₀N₄O₂, is a stimulant found in tea and coffee. A sample of the","'95.60797882"
"'114","'LINE","'substance was dissolved in 45.0 g of chloroform, CHCI₃, to give a 0.0946 m","'98.57495880"
"'114","'LINE","'solution. How many grams of caffeine were in the sample? Molar mass caffeine","'99.92614746"
"'114","'LINE","'= 194.19 g/mol","'95.25583649"
"'114","'LINE","'46. A 100.0-g sample of a brand of rubbing alcohol contains 65.0 g of isopropyl","'99.04714203"
"'114","'LINE","'alcohol, C₃H₇OH, and 35.0 g of water. What is the mole fraction of isopropyl","'97.02741241"
"'114","'LINE","'alcohol in the solution? What is the mole fraction of water?","'99.92736816"
"'114","'LINE","'47. A bleaching solution contains sodium hypochlorite, NaCIO, dissolved in water. The","'97.49239349"
"'114","'LINE","'solution is 0.650 m NaCIO. What is the mole fraction of sodium hypochlorite?","'97.79347229"
"'114","'LINE","'48. The concentrated sulfuric acid we use in the laboratory is 98.0% H2SO4, by mass.","'95.05308533"
"'114","'LINE","'Calculate the molality and molarity of the acid solution. The density of the solution","'99.93566895"
"'114","'LINE","'is 1.83 g/mL.","'96.43461609"
"'114","'LINE","'49. Calculate the approximate volume of water that must be added to 250 mL of","'99.90508270"
"'114","'LINE","'1.25 N solution to make it 0.500 N.","'99.56391144"
"'114","'LINE","'50. An antiseptic solution contains hydrogen peroxide, H₂O₂, in water. The solution is","'96.58427429"
"'114","'LINE","'0.610 m H₂O₂. What is the mole fraction of hydrogen peroxide?","'96.07646179"
"'114","'LINE","'51. Citric acid, H3C6H₅O₇, occurs in plants. Lemons contain 5% to 8% citric acid by","'95.97075653"
"'114","'LINE","'mass. The acid is added to beverages and candy. An aqueous solution is 0.688 m","'99.87577057"
"'114","'LINE","'citric acid. The density is 1.049 g/mL. What is the molar concentration?","'99.42985535"
"'114","'LINE","'52. A solution of vinegar is 0.763 M acetic acid, HC2H₃O₂. The density of the vinegar","'94.95298004"
"'114","'LINE","'is 1.004 g/mL. What is the molal concentration of acetic acid?","'99.19831085"
"'114","'LINE","'108","'99.54021454"
"'115","'LINE","'Stomach","'99.96014404"
"'115","'LINE","'Drain","'99.93083954"
"'115","'LINE","'Battery","'99.96014404"
"'115","'LINE","'Lemon","'99.89098358"
"'115","'LINE","'Tomato","'99.80069733"
"'115","'LINE","'Milk","'99.91051483"
"'115","'LINE","'Blood","'99.93083954"
"'115","'LINE","'Tablets","'99.85112762"
"'115","'LINE","'Soap","'100.00000000"
"'115","'LINE","'Cleaner","'99.85112762"
"'115","'LINE","'3","'85.72694397"
"'115","'LINE","'Decreasing","'99.73313904"
"'115","'LINE","'PH","'96.88755798"
"'115","'LINE","'Increasing","'99.68431091"
"'115","'LINE","'0","'44.92566299"
"'115","'LINE","'I","'64.08502197"
"'115","'LINE","'2","'97.27379608"
"'115","'LINE","'3","'94.43618774"
"'115","'LINE","'5","'90.05819702"
"'115","'LINE","'6","'97.47449493"
"'115","'LINE","'7","'98.66130829"
"'115","'LINE","'8","'98.89648438"
"'115","'LINE","'9","'97.48943329"
"'115","'LINE","'10","'99.72656250"
"'115","'LINE","'11","'98.27965546"
"'115","'LINE","'12","'99.76562500"
"'115","'LINE","'13","'99.84375000"
"'115","'LINE","'14","'98.50505829"
"'115","'LINE","'Acidic","'99.76243591"
"'115","'LINE","'Neutral","'99.89098358"
"'115","'LINE","'Alkaline","'99.85192108"
"'115","'LINE","'UNIT","'97.64648438"
"'115","'LINE","'Stomach Acid Vinegar Coffee Water Baking Soda Ammonia Bleach","'99.93301392"
"'115","'LINE","'Solution","'99.91051483"
"'115","'LINE","'IMPORTANT INORGANIC COMPOUNDS","'99.98046875"
"'115","'LINE","'Unit Outcomes","'99.98046875"
"'115","'LINE","'At the end of this unit, you will be able to","'99.93314362"
"'115","'LINE","'classify inorganic compounds on the basis of their composition and/ or their","'99.01488495"
"'115","'LINE","'chemistry;","'99.93083954"
"'115","'LINE","'discuss types of oxides and their chemical properties;","'100.00000000"
"'115","'LINE","'explain the Arrhenius concept of acids and bases;","'100.00000000"
"'115","'LINE","'mention the classification of acids and salts;","'99.98581696"
"'115","'LINE","'describe the general properties, preparation and uses of common acids,","'99.96713257"
"'115","'LINE","'bases and salts;","'99.98671722"
"'115","'LINE","'distinguish the differences between strong and weak acids/ bases; and","'99.77217865"
"'115","'LINE","'concentrated and dilute acids/ bases;","'98.47680664"
"'115","'LINE","'recognize the corrosive nature of acids and bases, and exercise the","'100.00000000"
"'115","'LINE","'necessary precautions in handling and using them;","'99.98442841"
"'115","'LINE","'develop skills for identifying acidic, basic and neutral compounds;","'99.97351837"
"'115","'LINE","'demonstrate scientific inquiry skills: observing, classifying, comparing","'99.94735718"
"'115","'LINE","'and contrasting, inferring, predicting, communicating, measuring, asking","'99.92028046"
"'115","'LINE","'questions, interpreting data, drawing conclusion, applying concepts,","'99.94735718"
"'115","'LINE","'relating cause and effect and problem solving.","'99.98152161"
"'116","'LINE","'Chemistry Grade 10","'99.93137360"
"'116","'LINE","'Start-up Activity","'99.77050781"
"'116","'LINE","'Discuss the following in groups and present your","'99.98393250"
"'116","'LINE","'conclusion to the class.","'99.95545959"
"'116","'LINE","'1. Which flavour (salty, sour, bitter or none) each","'99.90371704"
"'116","'LINE","'of the following substances does have? Coffee,","'99.98721313"
"'116","'LINE","'unripe orange, cheese, outer peel of lemon, kosso,","'99.95780182"
"'116","'LINE","'water, common salt, vinegar.","'99.96054077"
"'116","'LINE","'2. Consider the following: carbohydrates, proteins,","'99.98020172"
"'116","'LINE","'urea, oils, diamond, salt, water, baking soda.","'99.91179657"
"'116","'LINE","'Classify them into organic and inorganic and","'100.00000000"
"'116","'LINE","'analyze the source of each substance.","'99.98033905"
"'116","'LINE","'3. Can you identify organic and inorganic compounds","'99.57738495"
"'116","'LINE","'using their melting points?","'99.98515320"
"'116","'LINE","'3.1 Introduction","'99.68222046"
"'116","'LINE","'By the end of this section, students will be able to","'99.92145538"
"'116","'LINE","'define inorganic compounds;","'99.95688629"
"'116","'LINE","'classify inorganic compounds as oxides, acids, bases and salts.","'99.91864014"
"'116","'LINE","'The term inorganic compound refers to all compounds that do not contain carbon","'99.97328186"
"'116","'LINE","'except simpler compounds of carbon like oxides (eg CO₂), carbonates (eg CaCO₃)","'96.66027069"
"'116","'LINE","'and carbides (eg SiC). Inorganic compounds are compounds consisting of mineral","'99.90429688"
"'116","'LINE","'constituents of the earth or generally found in nonliving things. Compounds found in","'99.95663452"
"'116","'LINE","'living things are generally organic compounds (see unit 6 for the details). The majority","'99.95919800"
"'116","'LINE","'of metal compounds are inorganic.","'99.90481567"
"'116","'LINE","'Inorganic compounds are mostly found in nature as silicates, oxides, carbonates,","'99.90348816"
"'116","'LINE","'sulphides, sulphates, chlorides, nitrates, etc.","'99.80281830"
"'116","'LINE","'Inorganic compounds are generally classified into four groups namely oxides, acids,","'99.94497681"
"'116","'LINE","'bases and salts.","'99.99349213"
"'116","'LINE","'We are familiar with the utility and importance of oxides, acids, bases and salts in","'99.97222900"
"'116","'LINE","'our daily life. For example, we know that the carbon dioxide (CO₂) gas in CO₂-fire","'95.46224976"
"'116","'LINE","'extinguisher is an oxide, the sour taste of vinegar is due to acetic acid (CH₃COOH),","'98.47219849"
"'116","'LINE","'sodium hydroxide (NaOH) is a base used in the preparation of soaps, and sodium","'99.61975098"
"'116","'LINE","'chloride (NaCl) is common salt which is useful as a food ingredient. This unit deals with","'98.03419495"
"'116","'LINE","'the chemical nature and formation of more oxides, acids, bases and salts.","'99.98515320"
"'116","'LINE","'110","'99.45970154"
"'117","'LINE","'Important Inorganic Compounds","'99.84407806"
"'117","'LINE","'Exercise 3.1","'99.87753296"
"'117","'LINE","'1. List some inorganic compounds with which you are familiar. Write on the board.","'99.78749084"
"'117","'LINE","'2. Lime stone (CaCO₃) and common salt (NaCl) are inorganic substances. Why?","'96.51274109"
"'117","'LINE","'3. Which branch of chemistry is concerned with the study of all elements?","'99.96495056"
"'117","'LINE","'4. What is the source of inorganic compounds ?","'99.81717682"
"'117","'LINE","'3.2 Oxides","'99.89178467"
"'117","'LINE","'Form a group and discuss the following and present","'99.68708038"
"'117","'LINE","'your findings to the class;","'99.95835114"
"'117","'LINE","'?","'90.82031250"
"'117","'LINE","'1. Why oxygen is the most abundant element on the","'99.89649963"
"'117","'LINE","'earth's crust?","'99.92067719"
"'117","'LINE","'2. How oxygen exists in nature?","'99.95877838"
"'117","'LINE","'3. Which elements react with oxygen?","'99.88069153"
"'117","'LINE","'4. What do you call the product when oxygen reacts","'99.80582428"
"'117","'LINE","'Activity 3.1","'99.74569702"
"'117","'LINE","'with an element?","'99.93735504"
"'117","'LINE","'At the end of this section, students will be able to","'99.98750305"
"'117","'LINE","'define and classify oxides as acidic, basic, neutral, amphoteric and peroxides","'99.93869019"
"'117","'LINE","'define and give examples of acidic oxides, basic oxides, amphoteric oxides","'99.97374725"
"'117","'LINE","'and neutral oxides","'99.99674225"
"'117","'LINE","'explain the chemical properties of acidic oxides, basic oxides, amphoteric","'99.97608948"
"'117","'LINE","'oxides and neutral oxides","'99.98759460"
"'117","'LINE","'differentiate basic oxides from acidic oxides using experimental results","'99.95020294"
"'117","'LINE","'compare and contrast acidic and basic oxides","'99.97722626"
"'117","'LINE","'explain the salt-forming nature of acidic oxide, basic oxide and amphoteric","'99.97382355"
"'117","'LINE","'oxide","'100.00000000"
"'117","'LINE","'define neutral oxides and peroxides and give examples for each of them","'99.97925568"
"'117","'LINE","'discuss the chemical properties of peroxides","'99.97180176"
"'117","'LINE","'differentiate peroxides from other oxides by conducting an experiment","'99.92705536"
"'117","'LINE","'Oxygen reacts directly with almost all elements except the noble gases and inactive","'99.96783447"
"'117","'LINE","'metals like gold, platinum, and palladium. Such compounds of oxygen are called","'99.92712402"
"'117","'LINE","'oxides. Oxides are binary compounds containing oxygen and any other element","'99.94134521"
"'117","'LINE","'(metal, non-metal or metalloid). Note that binary compounds are those consisting of","'99.91396332"
"'117","'LINE","'only two elements.","'99.95688629"
"'117","'LINE","'Oxygen + Element (Metal, Non-metal or Metalloid)","'99.59035492"
"'117","'LINE","'Oxide","'99.91051483"
"'117","'LINE","'111","'99.09917450"
"'118","'LINE","'Chemistry Grade 10","'99.98371887"
"'118","'LINE","'Example 3.1: magnesium oxide, MgO, aluminium oxide, AI2O3, carbon dioxide,","'94.27698517"
"'118","'LINE","'CO2, and sulphur dioxide, SO₂ and carbon monoxide, CO are examples of oxides.","'91.58874512"
"'118","'LINE","'Exercise 3.2","'99.92636108"
"'118","'LINE","'Classify the following compounds as oxides or not oxides.","'99.95941162"
"'118","'LINE","'A. Na₂O","'73.22784424"
"'118","'LINE","'F. SO₃","'86.27311707"
"'118","'LINE","'B. N2O₅","'50.96241379"
"'118","'LINE","'G. H3PO4","'84.04586029"
"'118","'LINE","'C. Na2CO3","'66.08418274"
"'118","'LINE","'H. AI2O3","'69.61495209"
"'118","'LINE","'D. P4O10","'70.86445618"
"'118","'LINE","'I. H2O","'88.08494568"
"'118","'LINE","'E. KNO₃","'63.76484680"
"'118","'LINE","'J. H2SO4","'78.14553070"
"'118","'LINE","'Oxides, based on their properties are classified as shown in Figure 3.1.","'99.82499695"
"'118","'LINE","'Acidic Oxides","'99.97518921"
"'118","'LINE","'Basic Oxides","'99.97518921"
"'118","'LINE","'Oxides","'99.96014404"
"'118","'LINE","'Neutral Oxides","'99.98007202"
"'118","'LINE","'Amphoteric Oxides","'99.98007202"
"'118","'LINE","'Peroxides","'99.96014404"
"'118","'LINE","'Figure 3.1 Classification of oxides.","'99.92140198"
"'118","'LINE","'A. Acidic Oxides","'87.74327850"
"'118","'LINE","'Discuss in your group and present your conclusions to","'99.96682739"
"'118","'LINE","'the class.","'100.00000000"
"'118","'LINE","'1. What is acid rain and what are the major causes","'99.94363403"
"'118","'LINE","'of acid rain?","'99.99674225"
"'118","'LINE","'2. What would be the pH (decreases, increases or","'99.73561859"
"'118","'LINE","'remains unchanged) of solution when carbon","'99.95349884"
"'118","'LINE","'dioxide (CO₂), dinitrogen pentoxide (N₂O₅),","'89.42494202"
"'118","'LINE","'?","'97.41130829"
"'118","'LINE","'tetraphosphorous decaoxide (P₄O₁₀), sulfur","'95.21409607"
"'118","'LINE","'dioxide (SO₂) and dichlorine heptoxide (CI₂O₇)","'90.94869232"
"'118","'LINE","'are dissolved in water? What can you conclude","'99.80212402"
"'118","'LINE","'regarding the acid-base behavior of oxides of","'99.98314667"
"'118","'LINE","'nonetallic elements like C, N, S, CI, and P?","'92.99478912"
"'118","'LINE","'Activity 3.2","'99.86696625"
"'118","'LINE","'112","'99.75585938"
"'119","'LINE","'Important Inorganic Compounds","'99.89749146"
"'119","'LINE","'Acidic oxides are the oxides formed by the chemical combination of oxygen with non-","'99.95124054"
"'119","'LINE","'metals (Groups 14 -17).","'97.66412354"
"'119","'LINE","'These oxides are also called acid anhydrides, since they form acidic solutions when","'99.98704529"
"'119","'LINE","'reacted or dissolved in water. Acid anhydride means acid without water. Generally","'99.97463989"
"'119","'LINE","'speaking, acidic oxides are non-metal oxides. Examples of acidic oxides include","'99.96227264"
"'119","'LINE","'carbon dioxide, CO2, nitrogen dioxide, NO₂, and sulphur dioxide, SO₂. However, it","'92.33569336"
"'119","'LINE","'is very important to note that all non-metal oxides are not necessarily acidic oxides.","'99.97053528"
"'119","'LINE","'For example, carbon monoxide, CO, and di-nitrogen monoxide, N₂O, are non-metal","'92.02646637"
"'119","'LINE","'oxides, but they are neutral oxides which will be discussed later (D). There are acidic","'99.96908569"
"'119","'LINE","'oxides that do not react directly with water. The acids of such oxides are formed","'99.99279022"
"'119","'LINE","'by other methods. For example; SiO₂ is not soluble in water, but it neutralizes basic","'99.46737671"
"'119","'LINE","'oxides, thus it is acidic.","'99.94499207"
"'119","'LINE","'SiO₂ + Na₂O","'72.95114136"
"'119","'LINE","'Na2SiO₃ (sodium silicate)","'80.89325714"
"'119","'LINE","'The acid of SiO₂ (H2SiO₃) is prepared by the reaction of HCI with Na2SiO₃ as shown","'93.31881714"
"'119","'LINE","'below:","'99.99023438"
"'119","'LINE","'Na2SiO3 (aq) + HCI (aq)","'83.61174774"
"'119","'LINE","'H2SiO3 (aq) + 2NaCl (aq)","'85.69688416"
"'119","'LINE","'Chemical properties of acidic oxides","'99.98226166"
"'119","'LINE","'1. Acidic oxides (acid anhydrides) dissolve in water to form acidic solution (acid).","'99.90950012"
"'119","'LINE","'Acid anhydride + Water","'99.14979553"
"'119","'LINE","'Acid","'100.00000000"
"'119","'LINE","'CO2 + H2O","'69.63807678"
"'119","'LINE","'H2CO3 (Carbonic acid)","'90.96566772"
"'119","'LINE","'SO₂ + H2O","'77.34706879"
"'119","'LINE","'H2SO3 (Sulphurous acid)","'82.12126160"
"'119","'LINE","'2. Acidic oxides react with basic or metallic oxides to form salt.","'99.98203278"
"'119","'LINE","'Acidic oxide + Basic oxide","'99.43490601"
"'119","'LINE","'Salt","'99.99023438"
"'119","'LINE","'CO2 + Na₂O","'79.47750854"
"'119","'LINE","'Na2CO₃ (sodium carbonate)","'81.41641235"
"'119","'LINE","'SO₃ + CaO","'91.12211609"
"'119","'LINE","'CaSO₄ (calcium sulphate)","'87.86511230"
"'119","'LINE","'3. Acidic oxides react with bases to form salt and water. This reaction is called","'99.98757935"
"'119","'LINE","'neutralization reaction.","'99.92028046"
"'119","'LINE","'Acidic oxide + Base","'99.36239624"
"'119","'LINE","'Salt + Water","'99.12029266"
"'119","'LINE","'SO₂ + 2NaOH","'91.67184448"
"'119","'LINE","'Na2SO₃ + H2O","'67.24050903"
"'119","'LINE","'CO2 + 2LiOH","'85.13333130"
"'119","'LINE","'Li2CO₃ + H₂O","'29.23569107"
"'119","'LINE","'113","'99.54021454"
"'120","'LINE","'Chemistry Grade 10","'99.93436432"
"'120","'LINE","'Exercise 3.3","'99.90194702"
"'120","'LINE","'1. List some examples of acidic oxides.","'99.79563141"
"'120","'LINE","'2. Give two examples of non-metallic oxides which are not acidic oxides.","'99.96230316"
"'120","'LINE","'3. Complete and balance the following equations.","'99.97035980"
"'120","'LINE","'a. N2O5 + H2O","'77.86471558"
"'120","'LINE","'d. Ca(OH)₂ + SO₃","'85.59737396"
"'120","'LINE","'b. P₄O₁₀ + H2O","'80.89723969"
"'120","'LINE","'e. KOH + CO2","'90.26989746"
"'120","'LINE","'C. MgO + CO2","'85.74716949"
"'120","'LINE","'f. SrO + SO₂","'88.59719086"
"'120","'LINE","'B.","'66.86682892"
"'120","'LINE","'Basic Oxides","'99.96054077"
"'120","'LINE","'Basic oxides are oxides that are composed of metals and oxygen. Most metals form","'99.95118713"
"'120","'LINE","'oxides which exhibit basic properties and dissolve in water to give alkaline solutions.","'99.98710632"
"'120","'LINE","'But, all metal oxides are not necessarily basic oxides; for example AI2O₃ and ZnO","'95.27462006"
"'120","'LINE","'are amphoteric oxides, which will be discussed in part (C). Oxides of metals that","'99.82096863"
"'120","'LINE","'dissolve in water and react with it to form basic or alkaline solutions are called basic","'99.97675323"
"'120","'LINE","'anhydrides. There are metallic oxides which have basic properties but are insoluble in","'99.95124817"
"'120","'LINE","'water. These oxides react with acids to give salt and water","'99.98654175"
"'120","'LINE","'Example:","'99.93083954"
"'120","'LINE","'FeO + 2HCI","'97.74892426"
"'120","'LINE","'FeCl₂ + H2O","'76.61684418"
"'120","'LINE","'The oxides of active metals, group IA and heavier members of group IIA, dissolve in","'99.83556366"
"'120","'LINE","'water and readily form bases. The term base is used to describe both soluble and","'99.98562622"
"'120","'LINE","'insoluble basic oxides. Some examples of basic oxides are Li₂O, Na₂O, K₂O, MgO,","'90.43945313"
"'120","'LINE","'CaO, BaO, and CuO.","'86.90459442"
"'120","'LINE","'Discuss the following questions in your group and","'99.98393250"
"'120","'LINE","'present your conclusion to the class.","'99.97030640"
"'120","'LINE","'a. What products do basic oxides form in their","'99.83132172"
"'120","'LINE","'?","'90.74059296"
"'120","'LINE","'reactions with water, acidic oxides and acids?","'99.98303223"
"'120","'LINE","'b. What is the type of reaction that takes place","'99.97640228"
"'120","'LINE","'between lime (CaO) and carbon dioxide (CO₂)?","'95.13925171"
"'120","'LINE","'C. Write the balanced chemical equation for each of","'97.42827606"
"'120","'LINE","'Activity 3.3","'99.71440125"
"'120","'LINE","'the chemical reactions that occur in (a) and (b).","'99.87444305"
"'120","'LINE","'Chemical properties of basic oxides","'99.98226166"
"'120","'LINE","'1.","'99.44993591"
"'120","'LINE","'Basic oxides dissolve in water to form alkaline solutions. As they dissolve, they","'99.96639252"
"'120","'LINE","'react with water to form the corresponding metal hydroxides.","'99.92931366"
"'120","'LINE","'Basic oxide + Water","'99.55974579"
"'120","'LINE","'Base (Alkali)","'99.93164063"
"'120","'LINE","'Examples:","'99.85112762"
"'120","'LINE","'Li₂O + H2O","'71.70260620"
"'120","'LINE","'2LiOH","'97.53348541"
"'120","'LINE","'CaO + H2O","'87.22430420"
"'120","'LINE","'Ca(OH)₂","'82.67398834"
"'120","'LINE","'114","'99.40350342"
"'121","'LINE","'Important Inorganic Compounds","'99.84733582"
"'121","'LINE","'2.","'99.97070313"
"'121","'LINE","'Basic oxides react with acidic oxides to form salts.","'99.98020172"
"'121","'LINE","'Basic oxide + Acidic oxide","'99.73616791"
"'121","'LINE","'Salt","'100.00000000"
"'121","'LINE","'Examples:","'99.85112762"
"'121","'LINE","'BaO + SO₃","'87.61585999"
"'121","'LINE","'BaSO₄","'82.68813324"
"'121","'LINE","'Na₂O + CO2","'79.39984894"
"'121","'LINE","'Na2CO₃","'43.38747406"
"'121","'LINE","'3.","'99.93164063"
"'121","'LINE","'Basic oxides react with acids to form a salt and water.","'99.85290527"
"'121","'LINE","'Basic oxide + Acid","'99.45476532"
"'121","'LINE","'Salt + Water","'99.27408600"
"'121","'LINE","'Examples:","'99.89098358"
"'121","'LINE","'CaO + 2HCI","'96.05993652"
"'121","'LINE","'CaCl₂ + H2O","'78.15834808"
"'121","'LINE","'CuO + H2SO₄","'73.98184967"
"'121","'LINE","'CuSO₄ + H2O","'70.27875519"
"'121","'LINE","'Table 3.1 Some common indicators and the colour they develop in acidic and basic","'99.95803070"
"'121","'LINE","'solutions","'99.99023438"
"'121","'LINE","'Indicator","'99.95037079"
"'121","'LINE","'Colour in aqueous solution of","'99.95443726"
"'121","'LINE","'Colour in aqueous","'99.91403961"
"'121","'LINE","'acidic oxide","'99.99511719"
"'121","'LINE","'solution of basic oxide","'99.99755859"
"'121","'LINE","'Universal","'100.00000000"
"'121","'LINE","'Yellow - orange (in weakly acidic)","'98.11589813"
"'121","'LINE","'Blue (in weakly basic) and","'99.96468353"
"'121","'LINE","'Indicator","'99.96014404"
"'121","'LINE","'and red (in strongly acidic)","'99.94124603"
"'121","'LINE","'purple (in strongly basic)","'99.94140625"
"'121","'LINE","'Litmus","'99.96014404"
"'121","'LINE","'Red","'100.00000000"
"'121","'LINE","'Blue","'100.00000000"
"'121","'LINE","'Phenolphthalein","'99.52248383"
"'121","'LINE","'Colourless","'99.92028046"
"'121","'LINE","'Pink (red)","'99.96093750"
"'121","'LINE","'Methyl orange","'99.93532562"
"'121","'LINE","'Red","'100.00000000"
"'121","'LINE","'Yellow","'99.95037079"
"'121","'LINE","'Note that acidic and basic oxides can be identified either by their effects on indicators","'99.98632813"
"'121","'LINE","'or chemical interaction they have with one another. Acidic oxides react with bases","'99.98328400"
"'121","'LINE","'while basic oxides react with acids. But acidic oxides do not react with acids and basic","'99.98759460"
"'121","'LINE","'oxides do not react with bases.","'99.99837494"
"'121","'LINE","'Experiment 3.1","'99.78475952"
"'121","'LINE","'Test for Acidity and Basicity of Oxides","'99.98732758"
"'121","'LINE","'Objective: To identify basic and acidic oxides.","'98.06256104"
"'121","'LINE","'Apparatus: Deflagrating spoon, gas jar and gas jar lid, test tubes.","'99.86450958"
"'121","'LINE","'Chemicals: Sulphur, magnesium or calcium metal, water, universal indicator, litmus","'99.94134521"
"'121","'LINE","'paper (blue and red).","'99.98046875"
"'121","'LINE","'Procedure:","'99.91051483"
"'121","'LINE","'1.","'99.37021637"
"'121","'LINE","'Take a small amount of powdered sulphur in a deflagrating spoon and","'99.56925201"
"'121","'LINE","'heat it.","'99.89746094"
"'121","'LINE","'115","'99.80388641"
"'122","'LINE","'Chemistry Grade 10","'99.93110657"
"'122","'LINE","'As soon as sulphur starts burning, introduce the spoon into a gas jar. Cover","'99.77110291"
"'122","'LINE","'the gas jar with a lid to ensure that the gas produced does not escape.","'99.81538391"
"'122","'LINE","'Remove the spoon after some time. Add 10 mL of water into the gas jar","'99.89440155"
"'122","'LINE","'and quickly replace the lid. Shake the gas jar well. Take two test tubes and","'99.94728088"
"'122","'LINE","'pour 5 mL of the solution to each test tube. Add a few drops of universal","'99.77047729"
"'122","'LINE","'indicator solution to the first test tube and blue litmus paper in the second.","'99.96478271"
"'122","'LINE","'2. Ignite a small amount of magnesium or calcium metal on a deflagrating","'99.47679901"
"'122","'LINE","'spoon and insert in to a gas jar. Add 10 mL water to the ash formed and","'99.80187225"
"'122","'LINE","'shake. Take two test tubes and pour 5 mL of the solution to each of the","'99.94950104"
"'122","'LINE","'test tubes. Add a few drops of universal indicator in the first and red litmus","'99.74949646"
"'122","'LINE","'paper to the second test tube.","'99.97545624"
"'122","'LINE","'Questions","'99.97070313"
"'122","'LINE","'a. What compounds are formed by the combustion of sulphur and magnesium","'99.68524170"
"'122","'LINE","'or calcium? Write chemical equations to show the reactions.","'99.97043610"
"'122","'LINE","'b. What happens when water is added to the gas jars in which sulphur was","'99.95666504"
"'122","'LINE","'burnt?","'100.00000000"
"'122","'LINE","'c. What colours are observed by adding drops of universal indicator and","'96.66133881"
"'122","'LINE","'blue or red litmus to the solutions in the test tubes?","'99.95798492"
"'122","'LINE","'d. Why does the change in the colour of indicators occur in the various","'99.95216370"
"'122","'LINE","'solutions? Write a laboratory report and submit to your teacher.","'99.76636505"
"'122","'LINE","'Note: Universal indicator and litmus paper serve as indicators. Indicators are","'99.95162201"
"'122","'LINE","'substances used to identify whether a given solution is acidic or basic by showing","'99.68325806"
"'122","'LINE","'colour changes.","'99.94548798"
"'122","'LINE","'Exercise 3.4","'99.81405640"
"'122","'LINE","'1. Complete and balance the following chemical equations:","'99.81214142"
"'122","'LINE","'a. K₂O + H₂O","'34.81046677"
"'122","'LINE","'d. Li2O + SO₂","'75.32401276"
"'122","'LINE","'b. MgO + H2O","'88.55847168"
"'122","'LINE","'e. BaO + H2SO4","'81.00865173"
"'122","'LINE","'C. Na₂O + CO₂","'57.22576523"
"'122","'LINE","'f. CuO + HCI","'93.16585541"
"'122","'LINE","'2. Classify the following oxides as basic or acidic:","'99.94891357"
"'122","'LINE","'a. MgO","'97.93487549"
"'122","'LINE","'d. N2O₅","'68.84616089"
"'122","'LINE","'g. K2O","'83.36090851"
"'122","'LINE","'b. BaO","'92.50857544"
"'122","'LINE","'e. Cu2O","'85.52864075"
"'122","'LINE","'h. SO₂","'75.85439301"
"'122","'LINE","'C. P₄O₁₀","'66.24810791"
"'122","'LINE","'f. Fe2O3","'71.31038666"
"'122","'LINE","'116","'99.60937500"
"'123","'LINE","'Important Inorganic Compounds","'99.89723206"
"'123","'LINE","'C.","'73.34522247"
"'123","'LINE","'Amphoteric Oxides","'99.95037079"
"'123","'LINE","'?","'96.33789063"
"'123","'LINE","'What trend do you observe in the properties of","'99.68238831"
"'123","'LINE","'oxides of the elements in a period as you go from left","'99.71562195"
"'123","'LINE","'to right in the periodic table? Which elements form","'99.98472595"
"'123","'LINE","'a basic oxide, which elements form acidic oxides?","'99.77414703"
"'123","'LINE","'Discuss this in your group and present to the class.","'99.98421478"
"'123","'LINE","'Activity 3.4","'99.72088623"
"'123","'LINE","'An oxide which shows both acidic and basic behavior is called amphoteric oxide (see","'99.98099518"
"'123","'LINE","'Figure 3.1).","'99.35756683"
"'123","'LINE","'Acid","'100.00000000"
"'123","'LINE","'Salt + Water","'99.17291260"
"'123","'LINE","'Amphoteric Oxide","'99.91091156"
"'123","'LINE","'Salt + Water","'99.36170959"
"'123","'LINE","'Base","'99.97070313"
"'123","'LINE","'Figure 3.1 The reaction of amphoteric oxide with acids and bases.","'99.91714478"
"'123","'LINE","'For example, oxides of aluminium (AI₂O₃) and zinc (ZnO) are amphoteric. These oxides","'97.94219971"
"'123","'LINE","'react with strong bases as well as strong acids.","'99.96410370"
"'123","'LINE","'A.","'73.80241394"
"'123","'LINE","'Reactions showing amphoteric nature of aluminium oxide (AI₂O₃)","'96.27274323"
"'123","'LINE","'HCI","'96.93399048"
"'123","'LINE","'AICI₃ + H₂O","'49.16394424"
"'123","'LINE","'AI2O₃","'30.77347946"
"'123","'LINE","'NaAIO₂ + H₂O","'67.83761597"
"'123","'LINE","'NaOH","'96.94615173"
"'123","'LINE","'B.","'77.91931915"
"'123","'LINE","'Reactions showing amphoteric nature of zinc oxide (ZnO)","'99.95037079"
"'123","'LINE","'HCI","'95.81792450"
"'123","'LINE","'ZnCl₂ + H₂O","'66.92601776"
"'123","'LINE","'ZnO","'99.51351166"
"'123","'LINE","'Na₂ZnO₂ + H₂O","'47.32202530"
"'123","'LINE","'NaOH","'96.21153259"
"'123","'LINE","'Some other examples of amphoteric oxides are PbO, PbO₂, SnO, and SnO₂. It is","'97.36782074"
"'123","'LINE","'also important to realize that hydroxides which react with both acids and bases are","'99.97814941"
"'123","'LINE","'described as amphoteric hydroxides. For example, aluminium hydroxide, AI(OH)₃,","'97.26653290"
"'123","'LINE","'reacts with both acids and bases to form salt and water. So, AI(OH)₃, is amphoteric","'97.76868439"
"'123","'LINE","'in nature.","'99.97558594"
"'123","'LINE","'What is the common characteristic of acidic, basic and amphoteric oxides? Acidic","'99.95525360"
"'123","'LINE","'oxides form salts when reacted with basic oxides and bases. Basic oxides also produce","'99.99151611"
"'123","'LINE","'117","'99.77379608"
"'124","'LINE","'Chemistry Grade 10","'99.95090485"
"'124","'LINE","'salts in their reactions with acidic oxides and acids. Amphoteric oxides form salts when","'99.98796844"
"'124","'LINE","'they react with acids and bases. Thus, acidic oxides, basic oxides and amphoteric","'99.98160553"
"'124","'LINE","'oxides are salt-forming oxides.","'99.81614685"
"'124","'LINE","'Exercise 3.5","'99.91659546"
"'124","'LINE","'1. Write the chemical equations to show the amphoteric properties of, AI2O3 and","'95.28619385"
"'124","'LINE","'PbO when they react with:","'99.04352570"
"'124","'LINE","'a. NaOH","'98.34452820"
"'124","'LINE","'C. KOH","'78.97520447"
"'124","'LINE","'b. HNO3","'85.45479584"
"'124","'LINE","'d. H2SO4","'83.79354858"
"'124","'LINE","'Experiment 3.2","'99.91659546"
"'124","'LINE","'Investigating Amphoteric Behaviour of Oxides","'99.98226166"
"'124","'LINE","'Objective: To observe the amphoteric behaviour of AI2O3.","'91.81591034"
"'124","'LINE","'Apparatus: Spatula, reagent bottles, beakers, and glass rod.","'99.98017120"
"'124","'LINE","'Chemicals: AI2O3, HCI, NaOH, Universal indicator and water.","'90.92539215"
"'124","'LINE","'Procedure:","'100.00000000"
"'124","'LINE","'1. Mix 20 mL concentrated HCI and 80 mL water in one reagent bottle;","'99.39093018"
"'124","'LINE","'2. Dissolve 8 g NaOH in 100 mL water in another reagent bottle.","'99.71670532"
"'124","'LINE","'3. Add universal indicator to the acid and base, and observe the colour change.","'99.97448730"
"'124","'LINE","'4. Take two beakers and place a spatula full of AI2O3 in each of the beakers.","'96.73193359"
"'124","'LINE","'5. Pour the HCI solution (which you prepared) into one of the beakers and NaOH","'99.12937164"
"'124","'LINE","'solution into the other. Stir the mixture with a glass rod.","'99.66876221"
"'124","'LINE","'6. Add universal indicator in the solutions of beakers and observe the colour","'99.98028564"
"'124","'LINE","'change.","'100.00000000"
"'124","'LINE","'Questions","'99.99023438"
"'124","'LINE","'1. Does AI2O3 react with the solutions in both beakers?","'95.95310974"
"'124","'LINE","'2. What does the change in colour of the indicator in the mixtures indicate?","'99.96309662"
"'124","'LINE","'3. Write the chemical equations to show what has happened?","'99.97225952"
"'124","'LINE","'Write a laboratory report and present to the class.","'99.66728210"
"'124","'LINE","'118","'98.94371796"
"'125","'LINE","'Important Inorganic Compounds","'99.92379761"
"'125","'LINE","'D.","'99.92107391"
"'125","'LINE","'Neutral Oxides","'99.93045044"
"'125","'LINE","'1. Explain the acid-base behavior of oxides according","'99.88963318"
"'125","'LINE","'to the electropositive character (oxidation state) of","'99.90911865"
"'125","'LINE","'the oxide's central atom. Consider all nitrogen oxides","'99.97020721"
"'125","'LINE","'a. Assign oxidation state for each.","'99.47598267"
"'125","'LINE","'b. Classify them as soluble and in soluble in water.","'99.97656250"
"'125","'LINE","'C.","'73.26630402"
"'125","'LINE","'Which oxidation state (higher or lower) favors","'99.96768188"
"'125","'LINE","'solubility in water?","'99.97043610"
"'125","'LINE","'d. Which of the nitrogen oxides produce acidic","'99.97904968"
"'125","'LINE","'solution in water?","'99.98697662"
"'125","'LINE","'?","'92.35351563"
"'125","'LINE","'2. In general, oxides of nonmetals are acidic whereas","'99.94052124"
"'125","'LINE","'oxides of metals are basic or amphoteric. Can an","'99.94078827"
"'125","'LINE","'oxide be neither acidic nor basic?","'99.97708130"
"'125","'LINE","'Discuss in your group and present to the class","'99.98355103"
"'125","'LINE","'Activity 3.5","'99.83318329"
"'125","'LINE","'Neutral oxides react neither with acids nor with bases to form salt and water. Hence,","'99.96826935"
"'125","'LINE","'neutral oxides do not show basic and acidic properties. Examples of neutral oxides","'99.97396851"
"'125","'LINE","'are water, H2O, carbon monoxide, CO, dinitrogen monoxide, N₂O, and nitrogen","'89.39190674"
"'125","'LINE","'monoxide, NO. Neutral oxides are very few in number. Neutral oxides are not salt-","'99.92562103"
"'125","'LINE","'forming oxides.","'99.97518921"
"'125","'LINE","'E.","'61.05787659"
"'125","'LINE","'Peroxides","'99.88042450"
"'125","'LINE","'Discuss the following in your group and present your","'99.97135162"
"'125","'LINE","'conclusion to the class.","'99.94793701"
"'125","'LINE","'?","'90.36132813"
"'125","'LINE","'a. Oxides contain O2- ions or the group -0- or =0.","'88.53356171"
"'125","'LINE","'What is the oxidation state of oxygen in oxides?","'99.94738770"
"'125","'LINE","'b. What is the oxidation state of oxygen in AI2O3,","'93.66401672"
"'125","'LINE","'N₂O₅, P4O 10' KO₂ and SO₂?","'58.99616623"
"'125","'LINE","'C. What kind of bonds form oxygen in these oxides?","'96.04534149"
"'125","'LINE","'Activity 3.6","'99.82830048"
"'125","'LINE","'Compounds which contain oxygen with oxidation number -1 are called peroxides. In","'98.82523346"
"'125","'LINE","'peroxides, the two oxygen atoms are linked to each other and with atoms of other","'99.98486328"
"'125","'LINE","'elements. Thus, peroxides contain the peroxide, ""-0-0-"" link. Some examples of","'99.47486877"
"'125","'LINE","'peroxides are hydrogen peroxide, H₂O₂, sodium peroxide, Na₂O₂, calcium peroxide,","'92.42089844"
"'125","'LINE","'CaO₂, barium peroxide, BaO₂, and strontium peroxide, SrO₂.","'91.89206696"
"'125","'LINE","'Most peroxides of metals are formed by burning the metals in a sufficient amount of","'99.94787598"
"'125","'LINE","'oxygen.","'99.57210541"
"'125","'LINE","'119","'99.64843750"
"'126","'LINE","'Chemistry Grade 10","'99.94738770"
"'126","'LINE","'Example 3.2:","'99.86208344"
"'126","'LINE","'2Na (s) + O2 (g)","'91.23323822"
"'126","'LINE","'Na2O2 (s)","'67.93148041"
"'126","'LINE","'Ca (s) + O2 (g)","'89.30488586"
"'126","'LINE","'CaO2 (s)","'89.78256226"
"'126","'LINE","'There are many organic peroxides (ROOR') which are important activators in a","'99.77635193"
"'126","'LINE","'process called polymerization, which creates plastic polymers.","'99.97872925"
"'126","'LINE","'Chemical Properties of Peroxides","'99.97518921"
"'126","'LINE","'1. Peroxides are powerful oxidizing agents; they react with different substances","'99.93542480"
"'126","'LINE","'by losing oxygen.","'99.88719940"
"'126","'LINE","'Example 3.3:","'99.82183075"
"'126","'LINE","'PbS (s) + 4H₂O₂(aq)","'86.61461639"
"'126","'LINE","'PbSO4 (s) + 4H₂O (I)","'76.41551208"
"'126","'LINE","'2KI (aq) + H2SO4 (aq) + H2O2 (aq)","'90.83496094"
"'126","'LINE","'I2 (s) + K2SO₄ (aq) + 2H2O (I)","'83.90148926"
"'126","'LINE","'2. Peroxides react with aqueous acids to form hydrogen peroxide.","'99.96826935"
"'126","'LINE","'Example 3.4:","'99.87145233"
"'126","'LINE","'Na2O₂ (s) + 2HCI (aq)","'86.87806702"
"'126","'LINE","'2NaCl (aq) + H2O2 (aq)","'92.21364594"
"'126","'LINE","'CaO2 (s) + H2SO4 (aq)","'86.13974762"
"'126","'LINE","'CaSO4 (s) + H2O2 (aq)","'87.30799866"
"'126","'LINE","'Hydrogen Peroxide","'99.98007202"
"'126","'LINE","'Hydrogen peroxide, H₂O₂, is a colorless liquid whose solutions are usually used as","'97.21283722"
"'126","'LINE","'bleach and an antiseptic. Hydrogen peroxide decomposes to release oxygen. This","'99.89424133"
"'126","'LINE","'reaction is slow but can be speed up by the addition of catalysts like MnO₂ or Pt.","'99.31739044"
"'126","'LINE","'2H₂O₂(aq)","'42.77882004"
"'126","'LINE","'2H2O (I) + (g)","'89.53373718"
"'126","'LINE","'Hydrogen peroxide is a strong oxidizing agent. Its oxidizing power is responsible","'99.80123138"
"'126","'LINE","'for its effectiveness as an antiseptic for mouthwash and cleansing wounds. When","'99.95043945"
"'126","'LINE","'hydrogen peroxide is added to a colored dye, the molecule responsible for the color","'99.92288208"
"'126","'LINE","'will oxidize and so the color will disappear, showing its bleaching action. For example,","'98.26622009"
"'126","'LINE","'if hydrogen peroxide is added to a black dye (paint) that contains lead sulphide, PbS,","'99.78339386"
"'126","'LINE","'the black colour turns white. This is due to the oxidation of PbS to PbSO₄. The equation","'98.67560577"
"'126","'LINE","'for this process is:","'99.97538757"
"'126","'LINE","'PbS (s) + 4H2O2","'84.62960052"
"'126","'LINE","'PbSO4 + 4H2O (I)","'63.66682816"
"'126","'LINE","'120","'99.45890045"
"'127","'LINE","'Important Inorganic Compounds","'99.90048218"
"'127","'LINE","'Experiment 3.3","'99.90074921"
"'127","'LINE","'Distinguishing Peroxides from Other Oxides","'99.96810913"
"'127","'LINE","'Objective: To identify peroxides from other oxides.","'98.06686401"
"'127","'LINE","'Chemicals: CaO or MgO, AI2O3 or ZnO or PbO, Na2O₂ or BaO₂, P₄O₁₀' KI, dilute","'86.54576111"
"'127","'LINE","'H2SO4, starch, water.","'80.81366730"
"'127","'LINE","'Materials: Reagent bottle, six beakers, dropper, and spatula.","'99.95769501"
"'127","'LINE","'Procedure:","'99.96014404"
"'127","'LINE","'1. Take three beakers. In the first beaker, dissolve 20 g KI in water to prepare","'99.87841797"
"'127","'LINE","'a 250 mL solution. Dilute 2 mL concentrated H2SO4 by pouring it in 18 mL of","'97.61950684"
"'127","'LINE","'water in the second beaker.","'99.99414063"
"'127","'LINE","'2. Prepare starch solution in the third beaker by boiling 1g starch in 100 mL","'99.10028839"
"'127","'LINE","'water.","'99.96014404"
"'127","'LINE","'3. Take four beakers and pour 50 mL KI solution to each of them. Acidify the","'99.88133240"
"'127","'LINE","'solutions in each of the beakers by adding 5-10 drops of dilute H2SO ₄.","'94.73695374"
"'127","'LINE","'4. Add a spatula full of CaO or MgO in the first, AI2O3 or ZnO or PbO in the","'96.96626282"
"'127","'LINE","'second, Na2O₂ or BaO₂ in the third and P4O10 in the fourth beaker and then","'90.83265686"
"'127","'LINE","'add about 5 mL starch solution to each of the four beakers.","'99.94487762"
"'127","'LINE","'Questions","'99.99023438"
"'127","'LINE","'1. In which beaker do you see a color change?","'99.50360870"
"'127","'LINE","'2. What is the cause of the colour change?","'99.97052765"
"'127","'LINE","'3. Write a balanced chemical equation for the change?","'99.69711304"
"'127","'LINE","'4. Write a laboratory report and present to the class.","'99.76823425"
"'127","'LINE","'Exercise 3.6","'99.96093750"
"'127","'LINE","'1. Classify the following oxides as acidic, basic, amphoteric, neutral and","'99.89570618"
"'127","'LINE","'peroxides","'99.96014404"
"'127","'LINE","'a. Na₂O","'84.47834015"
"'127","'LINE","'f. N2O5","'71.21133423"
"'127","'LINE","'k. Li2O","'90.39749908"
"'127","'LINE","'b. NO","'99.69198608"
"'127","'LINE","'g. CaO","'95.55544281"
"'127","'LINE","'I. H3PO₄","'66.70320892"
"'127","'LINE","'C. CO2","'79.00002289"
"'127","'LINE","'h. CO","'78.18538666"
"'127","'LINE","'m. AI2O3","'73.51661682"
"'127","'LINE","'d. ZnO","'99.39463043"
"'127","'LINE","'i. CaO2","'80.83565521"
"'127","'LINE","'n. SO₂","'80.25839233"
"'127","'LINE","'e. MgO","'98.87037659"
"'127","'LINE","'i. Na₂O₂","'70.62789154"
"'127","'LINE","'121","'99.69567108"
"'128","'LINE","'Chemistry Grade 10","'99.93436432"
"'128","'LINE","'2. Write an acidic oxide that should react with water to form each of the","'99.97559357"
"'128","'LINE","'following acids?","'99.97070313"
"'128","'LINE","'a. H2SO3","'82.60652161"
"'128","'LINE","'C. HNO3","'68.65752411"
"'128","'LINE","'e. H3PO3","'86.08199310"
"'128","'LINE","'b. H2SO4","'79.20738983"
"'128","'LINE","'d. H2CO3","'90.73699951"
"'128","'LINE","'f. H3PO4","'83.39385223"
"'128","'LINE","'3. Identify the basic anhydrides that react with water to form each of the following","'99.94543457"
"'128","'LINE","'bases:","'99.99023438"
"'128","'LINE","'a. Ca(OH)₂","'89.98684692"
"'128","'LINE","'C. Mg(OH)₂","'76.21233368"
"'128","'LINE","'e. Sr(OH)₂","'89.21028137"
"'128","'LINE","'b. KOH","'97.20972443"
"'128","'LINE","'d. NaOH","'99.03838348"
"'128","'LINE","'f. Ba(OH)₂","'91.95552063"
"'128","'LINE","'4. Complete and write the balanced equation for each of the following","'99.97300720"
"'128","'LINE","'a. MgO + H2SO4","'85.84547424"
"'128","'LINE","'C. AI2O3 + HNO3","'66.08054352"
"'128","'LINE","'e. NaOH + CO2","'91.20570374"
"'128","'LINE","'b. CaO + H3PO4","'85.91889191"
"'128","'LINE","'d. K₂O + H2SO4","'72.72669983"
"'128","'LINE","'f. ZnO + H3PO4","'88.19495392"
"'128","'LINE","'5. How peroxides differ from oxides? Write the structures of H2O2' Na₂O₂, CaO2","'89.66945648"
"'128","'LINE","'6. How can you identify whether an oxide is acidic, basic or neutral?","'99.81144714"
"'128","'LINE","'3.3 Acids","'99.74977875"
"'128","'LINE","'Discuss in your group and present it to the class.","'99.97249603"
"'128","'LINE","'a. Describe the reason why unripe citrus fruits or","'99.70423889"
"'128","'LINE","'?","'91.44531250"
"'128","'LINE","'lemon juice give sour taste?","'99.89277649"
"'128","'LINE","'b. List as many sour foods as possible which you have","'99.79513550"
"'128","'LINE","'ever tasted.","'99.97070313"
"'128","'LINE","'C. Give some examples of acids that you have","'96.47715759"
"'128","'LINE","'Activity 3.7","'99.61834717"
"'128","'LINE","'encountered in your everyday life?","'99.97054291"
"'128","'LINE","'By the end of this section, students will be able to","'99.88536835"
"'128","'LINE","'define acids in terms of the concepts of Arrhenius;","'99.97694397"
"'128","'LINE","'give examples of acids based on Arrhenius;","'99.97734070"
"'128","'LINE","'categorize acids as monoprotic and poly protic based on the number of","'99.97870636"
"'128","'LINE","'ionizable(replaceable) hydrogen atom;","'97.31937408"
"'128","'LINE","'group acids as binary and ternary based on the number of elements, they contain","'99.95983887"
"'128","'LINE","'define strong and weak acids;","'99.99609375"
"'128","'LINE","'differentiate between strong and weak acids;","'99.89885712"
"'128","'LINE","'define concentrated and dilute acids;","'99.97023010"
"'128","'LINE","'describe the conceptual difference between strong and concentrated acids;","'99.93492126"
"'128","'LINE","'explain the conceptual difference between weak and dilute acids;","'99.93699646"
"'128","'LINE","'apply the necessary precautions while working with acids;","'99.98261261"
"'128","'LINE","'define pH;","'99.64166260"
"'128","'LINE","'describe the pH scale;","'99.26808167"
"'128","'LINE","'identify a given pH-labelled solution as acidic, basic or neutral;","'99.72023010"
"'128","'LINE","'122","'99.73632813"
"'129","'LINE","'Important Inorganic Compounds","'99.92407227"
"'129","'LINE","'perform activities to determine the pH of some common substances using universal","'99.73567963"
"'129","'LINE","'indicators or pH meter;","'98.79544067"
"'129","'LINE","'calculate the pH of a given acidic solution;","'99.19099426"
"'129","'LINE","'calculate the concentration of hydrogen ion from the given information;","'99.94182587"
"'129","'LINE","'perform activities to investigate some physical properties of acids;","'99.95597839"
"'129","'LINE","'do activities to investigate some chemical properties of acids;","'99.95932007"
"'129","'LINE","'discuss the direct combination of elements, the reaction of acidic oxides with","'99.96353149"
"'129","'LINE","'water and formation of volatile acids from non -volatile acids as the three","'99.94316864"
"'129","'LINE","'methods of preparation of acids;","'99.99414063"
"'129","'LINE","'carry out simple experiment to prepare acids in laboratory;","'99.95272064"
"'129","'LINE","'describe the uses of the three common laboratory acids;","'99.96257782"
"'129","'LINE","'explain the general properties of acids.","'99.96881104"
"'129","'LINE","'Acids play key roles in our bodies, in our homes, and in the laboratories. We seem to","'99.95697784"
"'129","'LINE","'like the sour taste of acids; we add them to salad dressings, and spices. Many foods,","'99.97345734"
"'129","'LINE","'including citrus fruits and some vegetables, contain acids.","'99.92414093"
"'129","'LINE","'Acetic acid in vinegar, citric acid in lemons and other citrus fruits, are among the","'99.97168732"
"'129","'LINE","'acids that we encounter every day. Hydrochloric acid is the acid in gastric juice; it is","'99.91767883"
"'129","'LINE","'essential to digestion. Phosphoric acid gives flavour to many carbonated beverages.","'99.94948578"
"'129","'LINE","'In Latin the word acidus is used for sour. In the study of chemistry the term acid has","'99.95272064"
"'129","'LINE","'been used to name a group of compounds which have a sour taste.","'99.75863647"
"'129","'LINE","'Arrhenius Definition of Acids","'99.99267578"
"'129","'LINE","'The simplest definition of acids is suggested by Savante Arrhenius, a Swedish Chemist.","'99.81376648"
"'129","'LINE","'Arrhenius defined an acid as a substance that releases hydrogen ion or proton, H⁺,","'97.28985596"
"'129","'LINE","'or hydronium ion, H3O+, in aqueous solution. In general, the ionization of acids takes","'96.30967712"
"'129","'LINE","'place as follows.","'99.92134857"
"'129","'LINE","'HA(aq)","'97.21839142"
"'129","'LINE","'H⁺(aq) + A⁻ (aq) or HA(aq) + H₂O(I)","'84.08187866"
"'129","'LINE","'H₃O⁺(aq) + A⁻(aq)","'62.76799011"
"'129","'LINE","'Example 3.5:","'99.63508606"
"'129","'LINE","'HCl(aq)","'69.57569122"
"'129","'LINE","'H⁺(aq) + Cl⁻(aq) or HCl(aq) + H₂O(I)","'75.96269989"
"'129","'LINE","'H3O⁺(aq) + Cl⁻(aq)","'62.45455933"
"'129","'LINE","'H2SO₄(aq)","'48.83789063"
"'129","'LINE","'2H⁺(aq) + SO, ²-(aq) or H₂SO₄(aq) + 2H₂O(I)","'69.99858856"
"'129","'LINE","'2H₃O⁺(aq) + SO₄²⁻(aq)","'70.29074097"
"'129","'LINE","'According to this definition, for a substance to be an Arrhenius acid, it should contain","'99.85719299"
"'129","'LINE","'ionizable hydrogen. Some examples of Arrhenius acids are HNO3, H2SO4, H3PO4,","'84.82839203"
"'129","'LINE","'HBr, HI and HF.","'99.26094818"
"'129","'LINE","'Although the Arrhenius concept has limited scope yet, it led to the development of","'99.96687317"
"'129","'LINE","'more general theories of acid-base behavior. Broader Acid-base definitions will be","'99.93742371"
"'129","'LINE","'dealt in grade 12 chemistry.","'99.75163269"
"'129","'LINE","'123","'99.67773438"
"'130","'LINE","'Chemistry Grade 10","'99.92459869"
"'130","'LINE","'Classification of Acids","'99.96717834"
"'130","'LINE","'?","'91.86363983"
"'130","'LINE","'Sulphuric acid, H2SO4, has two hydrogen atoms and","'92.69324493"
"'130","'LINE","'it is a diprotic acid. Propionic acid, 2 COOH, has","'95.69747162"
"'130","'LINE","'six hydrogen atoms but is classified as a monoprotic","'99.78847504"
"'130","'LINE","'acid.","'100.00000000"
"'130","'LINE","'Discuss the reason in your group and present it to the","'99.96604919"
"'130","'LINE","'Activity 3.8","'99.73593140"
"'130","'LINE","'class.","'100.00000000"
"'130","'LINE","'A.","'68.24238586"
"'130","'LINE","'Classification of Acids Based on the Number of lonizable Hydrogen","'97.52495575"
"'130","'LINE","'Acids are classified as monoprotic, diprotic and polyprotic depending upon the","'99.94245911"
"'130","'LINE","'number of replaceable hydrogen ions (H⁺) or hydronium ions (H₃O⁺ ions) per molecule","'97.24266052"
"'130","'LINE","'of the acid.","'99.98697662"
"'130","'LINE","'An acid that contains only one ionisable hydrogen atom per molecule is called","'99.91207886"
"'130","'LINE","'monoprotic.","'99.88042450"
"'130","'LINE","'Example 3.6: Hydrochloric acid (HCI) and nitric acid (HNO₃) are monoprotic","'98.31116486"
"'130","'LINE","'acids because each give only one H+ ion upon dissociation in aqueous solution.","'97.38799286"
"'130","'LINE","'HCI (aq)","'95.06985474"
"'130","'LINE","'H+ (aq) + Cl- (aq)","'81.77487183"
"'130","'LINE","'HNO3 (aq)","'91.55213928"
"'130","'LINE","'H+ (aq) + NO3- - (aq)","'80.81548309"
"'130","'LINE","'Polyprotic acids are those acids containing more than one ionizable (replaceable)","'99.85090637"
"'130","'LINE","'hydrogen ion in aqueous solution. Polyprotic acids which contain two ionizable hydrogen","'99.76491547"
"'130","'LINE","'atoms such as H2SO4, H₂S, and H2CO3 are called diprotic acids; those containing three","'89.99697113"
"'130","'LINE","'ionizable hydrogen atoms like H3PO4 are called triprotic acids. The dissociation of","'94.82186127"
"'130","'LINE","'polyprotic acids in aqueous solution is shown in the following chemical equations:","'99.95314789"
"'130","'LINE","'H2SO4 (aq)","'81.73897552"
"'130","'LINE","'2H+ (aq) + SO₄²⁻ (aq)","'78.40097046"
"'130","'LINE","'H2CO3 (aq)","'90.48618317"
"'130","'LINE","'2H+ (aq) + CO3²⁻ (aq)","'85.22927094"
"'130","'LINE","'H3PO4 (aq)","'84.39961243"
"'130","'LINE","'3H+ (aq) + PO4³⁻ (aq)","'81.75745392"
"'130","'LINE","'?","'93.87695313"
"'130","'LINE","'Ammonia (NH₃) and phosphoric acid (H₃PO₄) have","'89.51438904"
"'130","'LINE","'three hydrogen atoms but ammonia does not behave","'99.98637390"
"'130","'LINE","'as a triprotic acid. It is a base. Why? Discuss in your","'99.66415405"
"'130","'LINE","'group and present it to the class.","'99.97489166"
"'130","'LINE","'Activity 3.9","'99.76522827"
"'130","'LINE","'B.","'84.37580109"
"'130","'LINE","'Classification of Acids Based on the Number of Elements they Contain","'99.97929382"
"'130","'LINE","'Acids can also be classified depending on the number of their constituent elements","'99.93504333"
"'130","'LINE","'as binary and ternary acids. Binary acids are those acids composed of only two","'99.97106171"
"'130","'LINE","'different elements. The two elements are hydrogen and a non-metal.","'99.73170471"
"'130","'LINE","'124","'99.64764404"
"'131","'LINE","'Important Inorganic Compounds","'99.87742615"
"'131","'LINE","'Examples of binary acids are HCI, HBr, HF, HI, and H2S.","'95.67018890"
"'131","'LINE","'Ternary acids also called oxy-acids are acids composed of three different elements.","'99.93761444"
"'131","'LINE","'The three elements usually are hydrogen, oxygen and a non-metal. Examples are","'99.90759277"
"'131","'LINE","'H₂SO₄, H2CO3, HCIO₄, and H3PO4","'57.55249405"
"'131","'LINE","'1. Add a drop of lemon juice on your tongue and try","'99.79212952"
"'131","'LINE","'to identify its taste. Repeat your observation with","'99.96278381"
"'131","'LINE","'?","'89.68750000"
"'131","'LINE","'orange juice. Try to classify them as acid or base,","'99.95167542"
"'131","'LINE","'depending on their taste.","'99.98291016"
"'131","'LINE","'2. Why should curd and acid-containing substances","'99.95606995"
"'131","'LINE","'not be kept in brass and copper vessels? (Brass is","'99.97933197"
"'131","'LINE","'Activity 3.10","'99.19393921"
"'131","'LINE","'an alloy of copper and Zinc). Discuss in class.","'99.98254395"
"'131","'LINE","'Acids generally have the following properties:","'99.98671722"
"'131","'LINE","'General Properties of Acids","'99.98271179"
"'131","'LINE","'I. Acids have a sour taste. Aqueous solutions of acids have a sour taste. Lemon juice","'99.03867340"
"'131","'LINE","'and orange juice taste sour due to the presence of citric acid. Citric acid in lemon","'99.94600677"
"'131","'LINE","'juice and orange juice is harmless. However, concentrated acids are corrosive and","'99.94542694"
"'131","'LINE","'poisonous. So the test 'taste' is never allowed to identify acids especially in the","'99.80592346"
"'131","'LINE","'laboratories.","'99.72098541"
"'131","'LINE","'II. Acids change the color of certain acid-base indicators. The common indicators","'99.89159393"
"'131","'LINE","'available in high school laboratories are litmus, phenolphthalein, methyl orange","'99.86772156"
"'131","'LINE","'or methyl red and universal indicator. Note that natural dyes like red extract of","'99.96530914"
"'131","'LINE","'cabbage leaves, petals of some colored flowers and turmeric also act as indicators","'99.95437622"
"'131","'LINE","'to test the presence of acid or base.","'99.97680664"
"'131","'LINE","'Experiment 3.4","'99.89626312"
"'131","'LINE","'Effect of Acids on Indicators","'99.98046875"
"'131","'LINE","'Objective: To detect the acidity of a solution using indicators.","'98.02824402"
"'131","'LINE","'Chemicals: Lemon juice, dilute HCI, dilute HNO3' dilute H2SO4","'89.74956512"
"'131","'LINE","'phenolphthalein, litmus, methyl red, universal indicator","'99.92204285"
"'131","'LINE","'Apparatus: Test tubes, test tube rack, test tube holder, and reagent bottles.","'99.98596191"
"'131","'LINE","'125","'99.67693329"
"'132","'LINE","'Chemistry Grade 10","'99.94087219"
"'132","'LINE","'Procedure:","'99.96014404"
"'132","'LINE","'Take four clean test tubes and place some lemon juice in the first, dilute HCI in","'99.42227936"
"'132","'LINE","'the second, dilute HNO3 in the third and dilute H2SO4 in the fourth. Dip a strip of","'97.14382935"
"'132","'LINE","'blue litmus paper into each of the four test tubes and observe. Follow the same","'99.98361969"
"'132","'LINE","'procedure and repeat the experiment until each acid has been tested by each","'99.98629761"
"'132","'LINE","'indicator. Record your observation.","'99.96766663"
"'132","'LINE","'Questions","'99.97070313"
"'132","'LINE","'1. What colours have you observed when each indicator was added to each of","'99.78982544"
"'132","'LINE","'the four acid solutions? Record the colour change of each indicator in each","'99.98472595"
"'132","'LINE","'solution (lemon juice, dilute HCI, HNO3 and H2SO 4) using the following table.","'91.42031860"
"'132","'LINE","'2. Why do all the acids show similar color changes in the same indicator?","'99.98104858"
"'132","'LINE","'3. What can you say about the acid-base behavior of indicators? Are indicators","'99.72879028"
"'132","'LINE","'acidic or basic ?","'99.22956085"
"'132","'LINE","'Table 3.2 Colour of indicators in lemon juice, dilute HCI, HNO3 and H2SO4","'93.79300690"
"'132","'LINE","'Indicator","'100.00000000"
"'132","'LINE","'Colour of indicator in","'99.97782898"
"'132","'LINE","'Lemon juice","'99.87104797"
"'132","'LINE","'Dilute HNO3","'89.05024719"
"'132","'LINE","'Dilute HCI","'96.63753510"
"'132","'LINE","'Dilute H2SO4","'80.30542755"
"'132","'LINE","'III. Acids react with active metals to yield hydrogen gas. Acids react explosively","'99.94423676"
"'132","'LINE","'with metals like sodium, potassium and calcium. The reaction is very dangerous and","'99.96044922"
"'132","'LINE","'should not be performed. However, dilute acids (HCI, H2SO 4) react moderately","'93.26633453"
"'132","'LINE","'with reactive metals like: Mg, Zn, Fe and Al to form their respective salts with the","'98.41282654"
"'132","'LINE","'evolution of hydrogen gas.","'99.98027039"
"'132","'LINE","'Example 3.7:","'99.75715637"
"'132","'LINE","'H2SO4 + Zn","'85.21597290"
"'132","'LINE","'ZnSO₄ + H2","'79.45957184"
"'132","'LINE","'6HCI + 2AI","'93.00628662"
"'132","'LINE","'2AICI₃ + 3H2","'81.89678955"
"'132","'LINE","'Concentrated nitric acid and hot concentrated sulphuric acid react with copper","'99.98010254"
"'132","'LINE","'producing nitrogen dioxide and sulphur dioxide gases, respectively, instead","'99.98345947"
"'132","'LINE","'of hydrogen. This is because concentrated HNO3 and hot concentrated H2SO4","'93.49007416"
"'132","'LINE","'are oxidizing acids. The reactions of these acids with copper are given by the","'99.97889709"
"'132","'LINE","'following equations:","'99.96014404"
"'132","'LINE","'Cu + 4HNO3","'87.68494415"
"'132","'LINE","'Cu(NO₃)₂ + 2NO2 + 2H2O","'83.94606781"
"'132","'LINE","'Cu + 2H2SO₄","'78.31313324"
"'132","'LINE","'CuSO4 + SO2 + 2H2O","'75.22325134"
"'132","'LINE","'126","'99.72576141"
"'133","'LINE","'Important Inorganic Compounds","'99.89723206"
"'133","'LINE","'Experiment 3.5","'99.90642548"
"'133","'LINE","'Investigating the Reactions of Metals with Dilute Acids","'99.99633789"
"'133","'LINE","'Objective: To investigate the reaction between active metals and dilute acids.","'99.72645569"
"'133","'LINE","'Chemicals: Dilute H2SO4, dilute HCI, zinc, magnesium and iron","'92.21066284"
"'133","'LINE","'Apparatus: Test tubes, test tube holder, test tube rack, burner, match, cork and","'99.96865082"
"'133","'LINE","'spatula.","'99.88042450"
"'133","'LINE","'Procedure:","'100.00000000"
"'133","'LINE","'Take three test tubes and place a spatula-full of powdered zinc in the first,","'99.88314056"
"'133","'LINE","'powdered magnesium in the second and iron filings in the third. Pour dilute HCI","'99.67844391"
"'133","'LINE","'into each of the test tubes until the metals are completely covered by the acid. To","'99.70313263"
"'133","'LINE","'test the type of gas evolved, cover one of the test tubes with a cork which has a","'99.86390686"
"'133","'LINE","'glass delivery (jet tube as shown in Figure 3.2). Bring a burning match stick close","'99.84358215"
"'133","'LINE","'to the glass tube mouth, the gas burns with a pale blue flame with a characteristic","'99.79077911"
"'133","'LINE","'sound. Repeat the experiment with dilute H2SO4 after placing each of the three","'97.59049225"
"'133","'LINE","'metals in three different test tubes.","'99.97531891"
"'133","'LINE","'Questions:","'99.99023438"
"'133","'LINE","'A. What does the formation of bubbles indicate?","'96.85880280"
"'133","'LINE","'B. What sound do you hear when the burning splint is close to the mouth of the","'99.19303894"
"'133","'LINE","'test tube?","'99.98535156"
"'133","'LINE","'C. Which gas is evolved during the reaction?","'95.24581146"
"'133","'LINE","'D. Which metal's reaction with dilute HCI or H2SO4 is the most violent?","'96.12960815"
"'133","'LINE","'E. Write a laboratory report on your observations and present to the class.","'96.88842773"
"'133","'LINE","'Blue flame","'99.97518921"
"'133","'LINE","'Narrow jet tube","'99.95389557"
"'133","'LINE","'Cork","'99.99023438"
"'133","'LINE","'Clamp","'99.99023438"
"'133","'LINE","'Liquid HCI or","'98.92810822"
"'133","'LINE","'dil. H2SO₄","'69.88271332"
"'133","'LINE","'Zinc granules or","'99.90805817"
"'133","'LINE","'Magnesium metal","'99.94548798"
"'133","'LINE","'Figure 3.2 Action of dilute acids on relatively active metals.","'99.97331238"
"'133","'LINE","'Acids react with carbonates and hydrogen carbonates to form salt, water and carbon","'99.97941589"
"'133","'LINE","'dioxide gas","'99.97558594"
"'133","'LINE","'127","'99.32138824"
"'134","'LINE","'Chemistry Grade 10","'99.93761444"
"'134","'LINE","'Acid + Hydrogen carbonate","'99.58212280"
"'134","'LINE","'Salt + Water + Carbon dioxide","'99.37473297"
"'134","'LINE","'Acid + Carbonate","'99.60585022"
"'134","'LINE","'Salt + Water + Carbon dioxide","'99.46574402"
"'134","'LINE","'Example 3.8","'99.94140625"
"'134","'LINE","'2HCI + CaCO3","'84.36835480"
"'134","'LINE","'CaCl₂ + H2O + CO2","'82.26598358"
"'134","'LINE","'HCI + NaHCO3","'80.50243378"
"'134","'LINE","'NaCl + H2O + CO2","'89.80309296"
"'134","'LINE","'Experiment 3.6","'99.93612671"
"'134","'LINE","'Reactions of Acids with Carbonates and Hydrogen Carbonates","'99.99633789"
"'134","'LINE","'Objective: To investigate the reaction between acids and carbonates and","'98.45742798"
"'134","'LINE","'bicarbonates.","'99.93083954"
"'134","'LINE","'Chemicals: Dil. H2SO4, dil. HCI, Zinc, Magnesium, iron","'90.26578522"
"'134","'LINE","'Apparatus: Test tubes , test tube holder, test tube rack, burner, match, cork and","'94.53414917"
"'134","'LINE","'spatula","'99.96014404"
"'134","'LINE","'Procedure:","'99.96014404"
"'134","'LINE","'1. Take three conical flasks and add powdered Na2CO3 in the first, powdered","'96.82558441"
"'134","'LINE","'CaCO3 to the second and powdered sodium bicarbonate to the third. Pour","'96.63040924"
"'134","'LINE","'dilute HCI into each of the three conical flasks until the acid covers the","'99.55445862"
"'134","'LINE","'carbonates and bicarbonate. Hold damp blue litmus paper close to the mouth","'99.98677826"
"'134","'LINE","'of the conical flasks. Repeat this with damp red litmus paper and record your","'99.98227692"
"'134","'LINE","'observations. Bubble the gas through limewater as shown in Figure 3.3.","'99.81111908"
"'134","'LINE","'2. Repeat the experiment using the same carbonates and hydrogencarbonate","'99.98316193"
"'134","'LINE","'with dilute H2SO4 and dilute HNO3","'88.60178375"
"'134","'LINE","'HCI","'94.30165863"
"'134","'LINE","'Thistle","'100.00000000"
"'134","'LINE","'funnel","'100.00000000"
"'134","'LINE","'Double","'100.00000000"
"'134","'LINE","'bore cork","'99.96054077"
"'134","'LINE","'CO2","'87.78479767"
"'134","'LINE","'Na2CO3","'65.52196503"
"'134","'LINE","'Lime water","'99.99511719"
"'134","'LINE","'Figure 3.3 Test for Carbon dioxide.","'99.91566467"
"'134","'LINE","'128","'99.05193329"
"'135","'LINE","'Important Inorganic Compounds","'99.91728973"
"'135","'LINE","'Questions","'99.97070313"
"'135","'LINE","'A. What does the formation of bubbles in the conical flasks indicate?","'97.62197113"
"'135","'LINE","'B. Did the colour of the damp blue litmus paper change when you held it close","'99.15582275"
"'135","'LINE","'to the mouth of the conical flasks? What about the colour of damp red litmus?","'99.96717834"
"'135","'LINE","'C. What happened to the colour of lime water when you bubbled the gas","'96.80360413"
"'135","'LINE","'through it? If there was any change, what did it prove? Write a balanced","'99.77883911"
"'135","'LINE","'chemical equation for the change?","'99.98210144"
"'135","'LINE","'Write a laboratory report on your observation and present to the class.","'99.74143982"
"'135","'LINE","'IV. Concentrated acids react with sulphites to form salts with the liberation of sulphur","'99.96611786"
"'135","'LINE","'dioxide gas.","'99.98046875"
"'135","'LINE","'Sulphite + Acid","'98.96079254"
"'135","'LINE","'Sulphur dioxide + Salt + Water","'99.12680817"
"'135","'LINE","'CaSO₃ + H2SO4","'74.08767700"
"'135","'LINE","'SO₂ + CaSO4 + H2O","'77.34291840"
"'135","'LINE","'NaHSO₃ + HCI","'87.68913269"
"'135","'LINE","'SO₂ + NaCl + H2O","'83.44941711"
"'135","'LINE","'Experiment 3.7","'99.84703827"
"'135","'LINE","'Neutralization Reaction","'99.98535156"
"'135","'LINE","'Objective: To investigate the reaction between acids and bases","'99.44313812"
"'135","'LINE","'Chemicals: 1 M HCI, 1 M NaOH, 0.5 M Ca(OH)₂, red and blue litmus papers","'88.27096558"
"'135","'LINE","'Apparatus: Four 150 mL beakers, two droppers, stirring rod, two watch glasses.","'99.94393158"
"'135","'LINE","'Procedure","'99.99023438"
"'135","'LINE","'1. Make 1 M NaOH solution by dissolving 4.0 g NaOH in enough water to make","'96.69615936"
"'135","'LINE","'100 mL solution.","'99.77870941"
"'135","'LINE","'2. Make a 1 M HCI solution by dissolving 8.3 mL of concentrated HCI in enough","'96.34727478"
"'135","'LINE","'distilled water until the volume of the solution is 100 mL.","'99.93638611"
"'135","'LINE","'3. Dissolve 3.7 g of Ca(OH)₂ in enough distilled water to make 100 mL solution.","'97.85548401"
"'135","'LINE","'4. To a 150 mL beaker add 10 mL HCI solution and 9.5 mL NaOH solution","'98.71413422"
"'135","'LINE","'and stir thoroughly and test with blue and red litmus paper. Continue adding","'99.97796631"
"'135","'LINE","'NaOH solution dropwise using a dropper, stirring after each addition and","'99.73886871"
"'135","'LINE","'checking with red and blue litmus until the blue remains blue and the red stays","'99.97699738"
"'135","'LINE","'red. Put 2 mL of the neutral solution in a watch glass and allow the water to","'99.89452362"
"'135","'LINE","'evaporate until the next day.","'99.98014832"
"'135","'LINE","'5. To another 150 mL beaker add 10 mL Ca(OH)₂ solution and 9.5 mL HCI","'96.89062500"
"'135","'LINE","'solution. Repeat all the steps, which you followed in procedure 4.","'99.71150970"
"'135","'LINE","'129","'99.69726563"
"'136","'LINE","'Chemistry Grade 10","'99.93110657"
"'136","'LINE","'Questions","'99.99023438"
"'136","'LINE","'A. Is there any colour change, when you dip blue and red litmus papers into the","'97.88905334"
"'136","'LINE","'solution of the acid and the base?","'99.99302673"
"'136","'LINE","'B. Why is it necessary to add NaOH solution dropwise (one drop at a time) in","'99.04741669"
"'136","'LINE","'procedure 4?","'99.56233978"
"'136","'LINE","'C. During this experiment, under what conditions does the blue litmus remain","'96.76485443"
"'136","'LINE","'blue and the red remain red?","'99.97884369"
"'136","'LINE","'D. What are the products formed in procedures 4 and 5? Write balanced","'99.93553925"
"'136","'LINE","'chemical equations for the reactions?","'99.97217560"
"'136","'LINE","'F. Write a laboratory report on your observations and submit to your teacher.","'99.65844727"
"'136","'LINE","'V. Acids react with bases (oxides and hydroxides of metal and ammonium hydroxide)","'99.56459045"
"'136","'LINE","'to form salts and water. The reaction of acids with basic oxides or bases to form","'99.98901367"
"'136","'LINE","'salt and water is called neutralization reaction","'99.97605896"
"'136","'LINE","'Acid + Base (basic oxides or hydroxides of metal)","'99.73914337"
"'136","'LINE","'Salt + Water","'99.28684235"
"'136","'LINE","'Example 3.9: reaction of acids with basic oxides","'99.91761780"
"'136","'LINE","'2HCI + MgO","'93.71093750"
"'136","'LINE","'MgCl₂ + H2O","'74.67076111"
"'136","'LINE","'H2SO4 + CaO","'81.81407928"
"'136","'LINE","'CaSO₄ + H2O","'77.35032654"
"'136","'LINE","'Example 3.10: Reaction of acids with hydroxides of metals","'99.54066467"
"'136","'LINE","'H2SO4 + 2NaOH","'85.57677460"
"'136","'LINE","'Na2SO₄ + 2H2O","'72.00646973"
"'136","'LINE","'HNO3 + KOH","'89.85424805"
"'136","'LINE","'KNO3 + H2O","'78.50154114"
"'136","'LINE","'VI. Aqueous solutions of acids are electrolytes, meaning that they conduct electrical","'99.94291687"
"'136","'LINE","'current. Some acids are strong electrolytes because they ionize completely in","'99.96760559"
"'136","'LINE","'water, yielding a great number of ions. Other acids are weak electrolytes that","'99.85969543"
"'136","'LINE","'exist primarily in a non-ionized form when dissolved in water.","'99.90814209"
"'136","'LINE","'Example 3.11: A solution of hydrochloric acid (HCI) conducts electricity as it","'98.68584442"
"'136","'LINE","'contains replaceable H atom which is furnished in solution as H+ ion and carries","'97.44906616"
"'136","'LINE","'the current.","'99.99023438"
"'136","'LINE","'HCI (aq)","'94.39632416"
"'136","'LINE","'H+ (aq) + Cl- (aq)","'80.28748322"
"'136","'LINE","'HCI is a strong electrolyte because it gives large amount of ions in aqueous","'99.59005737"
"'136","'LINE","'solution.","'99.96014404"
"'136","'LINE","'Strong electrolytes give bright light. CH₃ COOH gives few ions in aqueous solution;","'96.45350647"
"'136","'LINE","'hence it is a weak electrolyte. Weak electrolytes give dim light.","'99.78781891"
"'136","'LINE","'130","'99.49138641"
"'137","'LINE","'Important Inorganic Compounds","'99.87390900"
"'137","'LINE","'Experiment 3.8","'99.92595673"
"'137","'LINE","'Can Aqueous Acid Solution Conduct Electricity?","'99.94373322"
"'137","'LINE","'Objectives: To investigate the conductivity of acids","'97.90173340"
"'137","'LINE","'Chemicals: 1 M HCI, 1 M HNO3, 1 M CH₃ COOH,","'75.44217682"
"'137","'LINE","'Apparatus: Three 150 mL beakers, two graphite electrodes, insulated electric","'99.93255615"
"'137","'LINE","'wires, two dry cells, and bulb","'99.98684692"
"'137","'LINE","'Procedure:","'100.00000000"
"'137","'LINE","'Take about 100 mL of 1 M HCI in the first beaker, the same volume and concentration","'95.86527252"
"'137","'LINE","'of HNO3 and CH₃COOH in the second and third beakers respectively.","'94.66070557"
"'137","'LINE","'Arrange the set up as shown in Figure 3.4. First test the conduction of electricity","'99.83767700"
"'137","'LINE","'through HCI solution by inserting the two graphite electrodes. See whether the","'99.06329346"
"'137","'LINE","'bulb glows or not. Is the light bright or dim? Record your observation. Repeat the","'99.96663666"
"'137","'LINE","'same activity with HNO3 and CH2COOH. Rinse the electrodes after use in each","'98.18617249"
"'137","'LINE","'of the acid solutions. Compare the intensity of light produced with HNO3 and","'99.38413239"
"'137","'LINE","'CH3COOH.","'41.48297882"
"'137","'LINE","'AC plug","'81.05847168"
"'137","'LINE","'230 volt","'99.89665985"
"'137","'LINE","'Bulb","'100.00000000"
"'137","'LINE","'Beaker","'100.00000000"
"'137","'LINE","'dil.HCI solution","'82.65924072"
"'137","'LINE","'Graphite rods","'99.99511719"
"'137","'LINE","'Figure 3.4 Conductivity of acid solutions.","'99.93396759"
"'137","'LINE","'Questions","'100.00000000"
"'137","'LINE","'A. In which of the acid solutions does the bulb produce?","'97.52522278"
"'137","'LINE","'I) bright light? II) dim light?","'98.34688568"
"'137","'LINE","'B. What conclusions can you draw from your observations?","'98.45911407"
"'137","'LINE","'Write a laboratory report on your observations and present to the class.","'99.77296448"
"'137","'LINE","'131","'99.67693329"
"'138","'LINE","'Chemistry Grade 10","'99.93110657"
"'138","'LINE","'Strength of Acids (Strong and Weak Acids)","'99.95769501"
"'138","'LINE","'Discuss in your group and present your conclusion to","'99.96916962"
"'138","'LINE","'the class.","'99.96542358"
"'138","'LINE","'1. Add a few drops of citric acid solution and","'99.81694031"
"'138","'LINE","'hydrochloric acid separately on a piece of waste","'99.63199615"
"'138","'LINE","'cotton cloth; What happens? Based on your","'99.95478821"
"'138","'LINE","'?","'95.96599579"
"'138","'LINE","'observations, can you classify these acids as weak","'99.69280243"
"'138","'LINE","'acid or strong acid?","'99.97558594"
"'138","'LINE","'2. Why is it safe to put acetic acid-containing vinegar","'99.95085907"
"'138","'LINE","'on food yet extremely dangerous to use dilute nitric","'99.82220459"
"'138","'LINE","'acid for the same purpose?","'99.97835541"
"'138","'LINE","'Activity 3.11","'98.96892548"
"'138","'LINE","'Based on their degree of dissociation, acids are divided into strong acids and weak","'99.97599792"
"'138","'LINE","'acids. If an acid completely dissociates in an aqueous solution, it is called a strong","'99.80155182"
"'138","'LINE","'acid. Strong acids produce large amount of H+ ions in the aqueous solution as they","'97.68740845"
"'138","'LINE","'dissociate completely. Hydrochloric acid (HCI), nitric acid (HNO₃), and sulfuric acid","'97.66025543"
"'138","'LINE","'(H₂SO₄) are some examples of acids that dissociate completely in aqueous solution.","'97.85588074"
"'138","'LINE","'Their dissociation is indicated by a single arrow","'99.68334198"
"'138","'LINE","'(-)","'42.75159454"
"'138","'LINE","'as shown below:","'99.93814850"
"'138","'LINE","'HCI (aq)","'94.87822723"
"'138","'LINE","'H+ (aq) + Cl⁻ (aq)","'82.61543274"
"'138","'LINE","'HNO3 (aq)","'82.72730255"
"'138","'LINE","'H+ (aq) + NO3- - (aq)","'79.96621704"
"'138","'LINE","'H2SO4 (aq)","'81.81381989"
"'138","'LINE","'2H+ (aq) + SO₄ 2- (aq)","'82.71059418"
"'138","'LINE","'A dilute aqueous solution of strong acids contains predominantly the ions derived","'99.29940033"
"'138","'LINE","'from the acids instead of the acid molecules. For example, HCI and HNO3 are almost","'97.39443970"
"'138","'LINE","'completely ionized in water.","'99.94793701"
"'138","'LINE","'An acid is called weak if it dissociates only partially in aqueous solution. Weak acids","'99.95991516"
"'138","'LINE","'release few hydrogen ions in aqueous solution. The aqueous solution of a weak acid","'99.70295715"
"'138","'LINE","'contains hydronium ions, anions and dissolved molecules of the acid. Examples of weak","'99.96883392"
"'138","'LINE","'acids are acetic acid (CH₃COOH), oxalic acid (H₂C₂O₄), carbonic acid (H2CO₃). These","'93.37244415"
"'138","'LINE","'acids dissociate only partially as indicated by the double arrow","'99.95761108"
"'138","'LINE","'(=)","'73.93672180"
"'138","'LINE","'shown below:","'99.91699219"
"'138","'LINE","'CH3COOH","'51.24860382"
"'138","'LINE","'H+ + CH3COO⁻","'73.28709412"
"'138","'LINE","'H2C2O4","'82.76785278"
"'138","'LINE","'2H+","'74.94100952"
"'138","'LINE","'+","'93.85582733"
"'138","'LINE","'C2O₄²⁻","'26.55014420"
"'138","'LINE","'H2CO3","'86.22787476"
"'138","'LINE","'2H+ + CO3²⁻","'72.18305206"
"'138","'LINE","'Organic acids which contain the acidic carboxyl group - COOH, are generally weak","'96.73941803"
"'138","'LINE","'acids.","'99.96014404"
"'138","'LINE","'132","'99.79492188"
"'139","'LINE","'Important Inorganic Compounds","'99.89723206"
"'139","'LINE","'Exercise 3.7","'99.83807373"
"'139","'LINE","'1.","'97.97612762"
"'139","'LINE","'a. Give examples of organic acids and inorganic acids.","'99.85021210"
"'139","'LINE","'b. Classify your examples as strong and weak acids","'99.95850372"
"'139","'LINE","'2. Why do HCI, HNO3, etc. Show acidic characteristics in aqueous solutions while","'97.24095917"
"'139","'LINE","'solutions of compounds like alcohol and glucose do not show acidic property ?","'99.86811066"
"'139","'LINE","'Concentrated and Dilute Acids","'99.97518921"
"'139","'LINE","'Discuss in your group and present your conclusion to","'99.96700287"
"'139","'LINE","'?","'94.38396454"
"'139","'LINE","'the class.","'99.98535156"
"'139","'LINE","'a. In a solution, if there is 96% H2O and the rest is","'97.60751343"
"'139","'LINE","'H2SO4, what kind of solution is it?","'91.31288910"
"'139","'LINE","'b. In a solution, if there is 96% H2SO4 and the rest is","'95.72046661"
"'139","'LINE","'H2O, what kind of solution is it?","'93.81423187"
"'139","'LINE","'Activity 3.12","'99.28182983"
"'139","'LINE","'The terms ""concentrated"" and ""dilute"" are used to describe the relative amount of","'99.75057220"
"'139","'LINE","'acid present in a given solution. A concentrated acid has a relatively large amount of","'99.65534973"
"'139","'LINE","'solute dissolved in the solvent. A dilute acid has a relatively smaller amount of solute","'98.65202332"
"'139","'LINE","'dissolved in the solvent. Both strong acid and a weak acid may be concentrated or","'99.89635468"
"'139","'LINE","'diluted depending on the number of moles of acid present.","'99.97144318"
"'139","'LINE","'Precautions in Handling Acid","'99.91803741"
"'139","'LINE","'Concentrated acids are corrosive and may cause visible destruction or irreversible","'99.93624115"
"'139","'LINE","'alterations to living tissue by chemical action at the site of contact. Hence, the following","'99.93459320"
"'139","'LINE","'safety precautions should be taken when handling acids:","'99.95647430"
"'139","'LINE","'a. Wear goggles, gloves and a laboratory coat","'99.72380066"
"'139","'LINE","'b. If a concentrated acid is spilled or splashed on your body, first wash the affected","'99.89677429"
"'139","'LINE","'part with running water and then with 10% Na2CO₃ solution","'93.83497620"
"'139","'LINE","'C. To dilute concentrated acids, pour the concentrated acid in to water and not water","'98.32441711"
"'139","'LINE","'in to the acid.","'99.93572998"
"'139","'LINE","'d. If corrosive acids are swallowed, administer weak bases such as Mg(OH)₂ or","'97.99140930"
"'139","'LINE","'AI(OH)₃.","'80.06935883"
"'139","'LINE","'e. Use bellows to pipette acid instead of sucking using yours lips","'99.93240356"
"'139","'LINE","'f. If an acid enters your eye, wash with water repeatedly and then consult a doctor","'99.83845520"
"'139","'LINE","'g. If concentrated acid is spilled on to cloth, immediately wash it with running water","'99.93898010"
"'139","'LINE","'pH and pH scale","'93.86504364"
"'139","'LINE","'The molar concentrations of H3O+ in aqueous solutions are generally very small and","'97.67622375"
"'139","'LINE","'expressing acidity as the concentration of H3O+ becomes cumbersome. Instead, a","'98.08559418"
"'139","'LINE","'133","'99.73632813"
"'140","'LINE","'Chemistry Grade 10","'99.93436432"
"'140","'LINE","'more convenient quantity called pH is used as a measure of the acid strength of a","'99.50636292"
"'140","'LINE","'solution. pH scale is used to rank solutions in terms of acidity or basicity (alkalinity).","'99.66349030"
"'140","'LINE","'Concentration of hydrogen ion [H⁺] in pure water is the basis for the pH scale. Water","'99.24656677"
"'140","'LINE","'is a weak electrolyte because it ionizes very slightly into ions in a process called","'99.78881073"
"'140","'LINE","'autoionization or self-ionization; H2O 1L H+ + OH-","'77.10021973"
"'140","'LINE","'The ionic product constant of water 'Kw' is given as","'98.79394531"
"'140","'LINE","'Kw = [H⁺][OH⁻] = 1.0 X 10⁻¹⁴ at 25 °C","'89.66782379"
"'140","'LINE","'It is known that the amount of [H⁺] and [OH⁻] in pure water are equal","'97.90563965"
"'140","'LINE","'[H⁺] = [OH⁻] or","'87.51838684"
"'140","'LINE","'[H⁺]² = 1.0 X 10⁻¹⁴","'86.90808105"
"'140","'LINE","'[H⁺] = 1.0 x10⁻⁷","'79.89828491"
"'140","'LINE","'at 25 °C","'84.92848206"
"'140","'LINE","'As it is difficult to deal with such small figures having negative exponents, it is convenient","'99.89677429"
"'140","'LINE","'to convert these figures into a positive figure using a numerical system. It is taking","'99.47350311"
"'140","'LINE","'the common (base-10) logarithm of the figure and multiplying it with -1. 'p' before","'99.39595795"
"'140","'LINE","'a symbol means' negative logarithm of the symbol. Therefore, pH is the negative","'99.64719391"
"'140","'LINE","'logarithm of molar concentration of the hydrogen ions.","'99.97152710"
"'140","'LINE","'pH = log[H⁺]","'81.93698120"
"'140","'LINE","'With reference to this equation, a scale develops according to the molar concentration","'99.83065796"
"'140","'LINE","'of H⁺ ions that is called pH scale. It ranges from o to 14. According to this scale, pH","'95.19094849"
"'140","'LINE","'of water is calculated as: pH =- - log[H⁺] = -log (1x10⁻⁷) = 7,","'87.32817841"
"'140","'LINE","'similarly pOH = - log[OH⁻] = -log(1x10⁻⁷) = 7","'89.67147827"
"'140","'LINE","'pH value normally varies from O to 14. Therefore:","'92.97415924"
"'140","'LINE","'pH + pOH = 14","'87.11906433"
"'140","'LINE","'UNIVERSAL INDICATOR","'99.96093750"
"'140","'LINE","'COLOUR CHART","'99.98046875"
"'140","'LINE","'O 1 2 3 4 5 6 7 8 9 10 11 12 13 14","'89.60482025"
"'140","'LINE","'ACIDIC","'99.99023438"
"'140","'LINE","'NEUTRAL","'99.87065887"
"'140","'LINE","'ALKALINE","'99.97070313"
"'140","'LINE","'UNIVERSAL INDICATOR","'99.97070313"
"'140","'LINE","'UNIVERSAL INDICATOR","'99.97070313"
"'140","'LINE","'CHANGING COLOUR TO","'99.87470245"
"'140","'LINE","'CHANGING COLOUR TO","'99.88526917"
"'140","'LINE","'ORANGE (PH=1)","'99.81854248"
"'140","'LINE","'YELLOW GREEN (PH=4)","'96.09620667"
"'140","'LINE","'SOLUTION OF","'99.88241577"
"'140","'LINE","'SOLUTION OF","'99.93164063"
"'140","'LINE","'0. 1mol dm⁻³ CH₂COOH","'62.82228851"
"'140","'LINE","'0.1 mol dm⁻³ HCL","'91.79921722"
"'140","'LINE","'Figure 3.5 Measurement of pH using a universal indicator.","'99.44836426"
"'140","'LINE","'Hence, the sum of the pH and pOH of the solution is always 14 at 25 °C. The pH of","'97.58911896"
"'140","'LINE","'a solution can be measured using a universal indicator solution (see Figure 3.5). When","'99.70520782"
"'140","'LINE","'134","'99.87304688"
"'141","'LINE","'Important Inorganic Compounds","'99.83106232"
"'141","'LINE","'universal indicator solution is added to an acid solution, it develops different colors","'99.94529724"
"'141","'LINE","'depending on the pH of the solution. In order to identify the pH, we need to compare","'98.80458832"
"'141","'LINE","'the color is developed with the standard color chart. A solution of a compound with","'98.38879395"
"'141","'LINE","'pH 7 or pOH 7 is considered as a neutral solution. Solutions of pH less than 7 are","'97.75199127"
"'141","'LINE","'acidic and those more than 7 are basic. pH values of some common items are given","'99.73383331"
"'141","'LINE","'in Figure 3.6 as examples.","'99.91342163"
"'141","'LINE","'Car","'100.00000000"
"'141","'LINE","'Stomach","'100.00000000"
"'141","'LINE","'Drain","'100.00000000"
"'141","'LINE","'Battery","'99.99023438"
"'141","'LINE","'Lemon","'100.00000000"
"'141","'LINE","'Tomato","'99.92028046"
"'141","'LINE","'Milk","'100.00000000"
"'141","'LINE","'Blood","'100.00000000"
"'141","'LINE","'Tablets","'99.99023438"
"'141","'LINE","'Soap","'99.99023438"
"'141","'LINE","'Cleaner","'99.99023438"
"'141","'LINE","'Decreasing","'99.36383820"
"'141","'LINE","'PH","'98.53236389"
"'141","'LINE","'Increasing","'99.91131592"
"'141","'LINE","'o","'39.51450729"
"'141","'LINE","'1","'94.19782257"
"'141","'LINE","'2","'98.07557678"
"'141","'LINE","'3","'97.92171478"
"'141","'LINE","'4","'95.18076324"
"'141","'LINE","'5","'98.24876404"
"'141","'LINE","'6","'95.54707336"
"'141","'LINE","'7","'99.76322937"
"'141","'LINE","'8","'97.26562500"
"'141","'LINE","'9","'99.59881592"
"'141","'LINE","'10","'99.26757813"
"'141","'LINE","'11","'98.13476563"
"'141","'LINE","'12","'98.91601563"
"'141","'LINE","'13","'98.68164063"
"'141","'LINE","'14","'99.16992188"
"'141","'LINE","'Acidic","'99.93083954"
"'141","'LINE","'Neutral","'99.93083954"
"'141","'LINE","'Alkaline","'99.93083954"
"'141","'LINE","'Stomach Acid Vinegar Coffee","'99.99267578"
"'141","'LINE","'Water","'99.97070313"
"'141","'LINE","'Baking","'100.00000000"
"'141","'LINE","'Ammonia","'100.00000000"
"'141","'LINE","'Bleach","'100.00000000"
"'141","'LINE","'Soda","'100.00000000"
"'141","'LINE","'Solution","'99.96014404"
"'141","'LINE","'Figure 3.6 pH values of some common items.","'99.63433838"
"'141","'LINE","'As the pH value decreases the acidity of the solution increases. For example, if two","'99.86403656"
"'141","'LINE","'solutions A and B have pH values of 4 and 6, respectively, then we can conclude that","'98.31501007"
"'141","'LINE","'solution A is more acidic than solution B. The hydrogen ion concentration in solution A","'96.26424408"
"'141","'LINE","'is one hundred times greater than that in B.","'97.78610229"
"'141","'LINE","'Example 3.12: Calculate the pH value of a solution when hydrogen ion","'99.39723969"
"'141","'LINE","'concentration is 1.0 X 10⁻⁵mo L⁻¹","'90.03803253"
"'141","'LINE","'Solution: pH is related to hydrogen ion concentration by an equation","'99.80963135"
"'141","'LINE","'pH = - log[H⁺]","'89.19214630"
"'141","'LINE","'It is given that","'99.82282257"
"'141","'LINE","'[H⁺] = 1.0 X 10⁻⁵ mol L-¹ = 10⁻⁵ mol L⁻¹","'80.01583862"
"'141","'LINE","'pH = - log[H⁺] =. log(10⁻⁵)","'86.63756561"
"'141","'LINE","'= -(-5 log (10) = 5 X 1=5","'93.47396851"
"'141","'LINE","'Example 3.13: Calculate the hydrogen ion concentration of an aqueous solution","'99.78421021"
"'141","'LINE","'when its pH is 9.","'98.69124603"
"'141","'LINE","'Solution: The concentration of hydrogen ion and the pH value of an aqueous","'99.68599701"
"'141","'LINE","'solution are related by pH = - log [H⁺]","'95.86995697"
"'141","'LINE","'-pH = log [H⁺]","'80.48778534"
"'141","'LINE","'[H⁺] = antilog (-pH) = 10⁻⁹ = 1.0 X 10⁻⁹ mol L⁻¹","'86.73775482"
"'141","'LINE","'The Relationship Between pH and Concentration","'99.42555237"
"'141","'LINE","'Since the pH scale is logarithmic, a solution of pH 1 has 10 times higher concentration","'99.44637299"
"'141","'LINE","'of [H⁺] than that of a solution of pH 2; 100 times than that of a solution of pH 3 and","'98.64604950"
"'141","'LINE","'135","'99.84375000"
"'142","'LINE","'Chemistry Grade 10","'99.96717834"
"'142","'LINE","'so on. Hence, low pH value means strong acid while high pH value means a strong","'98.27793884"
"'142","'LINE","'base and vice versa.","'99.98759460"
"'142","'LINE","'Example 3.14: A solution of hydrochloric acid is 0.01M. What is its pH value?","'96.49221039"
"'142","'LINE","'Solution: Hydrochloric acid is a strong acid so it ionizes completely.","'97.95235443"
"'142","'LINE","'That is: HCl(aq)","'88.78221893"
"'142","'LINE","'H+ (aq) + Cl⁻ (aq)","'85.17427063"
"'142","'LINE","'0.01","'99.92187500"
"'142","'LINE","'0.01","'99.93164063"
"'142","'LINE","'0.01","'99.95117188"
"'142","'LINE","'pH = - log[H⁺]","'88.09814453"
"'142","'LINE","'By putting the values of H+ ions in the above equation:","'97.17926025"
"'142","'LINE","'pH = - log[H⁺] = - log(1.0 X 10⁻²) = 2","'92.29824066"
"'142","'LINE","'Example 3.15: The hydrogen ion concentration in a dilute solution of citric acid is","'99.74670410"
"'142","'LINE","'1 X 10⁻⁶ M. What is the pH of the solution?","'95.13237000"
"'142","'LINE","'Solution:","'99.95037079"
"'142","'LINE","'pH = - log[H⁺] = -log 1 X 10⁻⁶ = 6","'94.25964355"
"'142","'LINE","'Example 3.16: Calculate the pH value of 0.05 M H₂SO₄. Assume that H2SO4 is","'90.38700867"
"'142","'LINE","'completely ionized.","'99.94020844"
"'142","'LINE","'Solution: H2SO4 is a strong acid and ionizes as","'94.44918060"
"'142","'LINE","'H2SO4 (aq)","'83.43560791"
"'142","'LINE","'2H⁺(aq) + SO, 4 -(aq)","'73.68893433"
"'142","'LINE","'0.05","'99.99023438"
"'142","'LINE","'2 X 0.05","'97.31113434"
"'142","'LINE","'Molarity of","'99.97518921"
"'142","'LINE","'H+ = [H⁺] = 0.1 mol L⁻¹","'88.01416016"
"'142","'LINE","'pH =-log(H⁺)= -log(0.1) = 1","'94.17414856"
"'142","'LINE","'Exercise 3.8","'99.92675781"
"'142","'LINE","'1. Find the pH of 0.01. M sulphuric acid?","'90.12693024"
"'142","'LINE","'2. HCI and H2SO₄ are strong acids. Why do the equimolar solutions of the two","'96.42657471"
"'142","'LINE","'acids have different pH?","'97.80303192"
"'142","'LINE","'3. Two solutions A and B have pH values of 2 and 6 respectively. How many times","'98.75744629"
"'142","'LINE","'greater is the hydrogen ion concentration in solution A than that of solution B?","'97.89858246"
"'142","'LINE","'136","'99.69647217"
"'143","'LINE","'Important Inorganic Compounds","'99.91051483"
"'143","'LINE","'Experiment 3.9","'99.88690186"
"'143","'LINE","'pH of Solutions of Common Substances","'97.89109039"
"'143","'LINE","'Objective: To determine the pH of different substances","'96.25836945"
"'143","'LINE","'Chemicals: Lemon juice, vinegar, tonic water, tomato juice","'99.92282104"
"'143","'LINE","'Materials: Beakers, and universal indicator solution or pH indicator paper","'98.93289948"
"'143","'LINE","'Procedure:","'99.96014404"
"'143","'LINE","'Take four beakers and place lemon juice in the first, vinegar solution in the second,","'99.95628357"
"'143","'LINE","'tonic water in the third and filtered tomato juice solution in the fourth. Then add","'99.97287750"
"'143","'LINE","'a few drops of universal indicator solution or dip a piece of pH indicator paper","'98.97084808"
"'143","'LINE","'into each of the solutions. Compare the colour developed with standard colour","'99.99423981"
"'143","'LINE","'chart to decide the pH of each solution.","'98.68360901"
"'143","'LINE","'Questions:","'99.99023438"
"'143","'LINE","'a. What is your conclusion based on your observations?","'99.44493103"
"'143","'LINE","'b. Were the substances used in this experiment acidic or neutral? Why?","'99.96467590"
"'143","'LINE","'c. Record your observations using the following Table:","'94.90700531"
"'143","'LINE","'Table 3.3 Colour and corresponding pH.","'96.45613861"
"'143","'LINE","'Substance","'99.96014404"
"'143","'LINE","'Color developed","'99.99511719"
"'143","'LINE","'pH","'87.93307495"
"'143","'LINE","'Lemon juice","'99.83079529"
"'143","'LINE","'Vinegar solution","'99.99023438"
"'143","'LINE","'Tomato Juice","'99.98007202"
"'143","'LINE","'Tonic water","'99.98046875"
"'143","'LINE","'Write a laboratory report on your observations and present to the class.","'99.77784729"
"'143","'LINE","'Preparation of Acids","'99.98345947"
"'143","'LINE","'Acids can be prepared by:","'99.98437500"
"'143","'LINE","'1. The reaction of oxides of non-metals (acidic oxides) and water:","'99.90118408"
"'143","'LINE","'Acidic oxide + Water","'99.72148132"
"'143","'LINE","'Acid","'100.00000000"
"'143","'LINE","'Example 3.17: N2O5 (s) + H2O (I)","'89.60356903"
"'143","'LINE","'2HNO3 (aq)","'81.52503204"
"'143","'LINE","'P4O10 (s) + 6H2O (I)","'82.78164673"
"'143","'LINE","'4H₃PO₄(aq)","'63.62324524"
"'143","'LINE","'2.","'99.97070313"
"'143","'LINE","'Direct combination of some non-metals like S and CI with hydrogen:","'99.30284882"
"'143","'LINE","'This method is mostly used to prepare binary acids (acids consisting only two elements","'99.97245789"
"'143","'LINE","'Nonmetal + Hydrogen","'99.16587067"
"'143","'LINE","'Binary acid","'99.99511719"
"'143","'LINE","'137","'99.63628387"
"'144","'LINE","'Chemistry Grade 10","'99.93110657"
"'144","'LINE","'Example 3.18: H2 (g) + CI2 (g)","'91.39713287"
"'144","'LINE","'2HCI (g)","'96.21662140"
"'144","'LINE","'H2(g) + S (s) )","'85.21945190"
"'144","'LINE","'H2S (g)","'93.21717834"
"'144","'LINE","'When gaseous hydrogen chloride and hydrogen sulphide dissolve in water, they form","'99.98515320"
"'144","'LINE","'hydrochloric acid, and hydrosulphuric acid respectively.","'99.96542358"
"'144","'LINE","'3. Using a non-volatile acid: Volatile acids can be prepared by heating their","'99.89411163"
"'144","'LINE","'salts with a non-volatile acid .For example, concentrated sulphuric acid (H₂SO₄) is a","'96.22308350"
"'144","'LINE","'nonvolatile acid and it is used for the preparation of volatile acids Hydrochloric acid","'99.97042084"
"'144","'LINE","'(HCI) and nitric acid (HNO₃) according to the following equations:","'98.00065613"
"'144","'LINE","'NaCl (s) + H2SO4 (I)","'87.14804077"
"'144","'LINE","'NaHSO₄ (s) + HCI (I)","'89.72109985"
"'144","'LINE","'Nonvolatile acid","'99.94628906"
"'144","'LINE","'Volatile acid","'99.94140625"
"'144","'LINE","'NaNO₃ (s) + H2SO4 (I)","'86.29264832"
"'144","'LINE","'NaHSO₄ (s) + HNO3(I)","'82.31604767"
"'144","'LINE","'Nonvolatile acid","'99.94100952"
"'144","'LINE","'Volatile acid","'99.90603638"
"'144","'LINE","'Experiment 3.10","'99.00310516"
"'144","'LINE","'Preparation of Chlorous Acid","'99.99511719"
"'144","'LINE","'Objective: To investigate the product formed from Ba(CIO₂)₂ and H2SO4","'94.24415588"
"'144","'LINE","'Chemicals: Ba(CIO₂)₂, concentrated H2SO₄, water, blue, red litmus papers, methyl","'91.82078552"
"'144","'LINE","'red.","'100.00000000"
"'144","'LINE","'Materials: Two 250 mL beakers, glass rod, dropper, test tubes, test tube rack.","'99.94061279"
"'144","'LINE","'Procedure:","'99.99023438"
"'144","'LINE","'1. Dissolve 12 g Ba(CIO₂)₂ to prepare 100 mL solution in one beaker. Dilute 2 mL","'98.73846436"
"'144","'LINE","'concentrated H2SO4 with water to prepare 50 mL of dilute H2SO4 solution in the","'95.58024597"
"'144","'LINE","'second beaker.","'99.99511719"
"'144","'LINE","'2. Add 80 mL of Ba(CIO₂)₂ solution to the dilute solution of H2SO4 in the second","'96.76948547"
"'144","'LINE","'beaker. Is there any formation of the white precipitate? What do you think is","'99.74061584"
"'144","'LINE","'the precipitate formed? Wait for some time till the precipitate settles. Continue","'99.97349548"
"'144","'LINE","'adding Ba(CIO₂)₂ solution using a dropper, one drop at a time until formation of","'98.22069550"
"'144","'LINE","'white precipitate stops. After all the precipitate settles, take 5 mL of the clear","'99.94839478"
"'144","'LINE","'liquid in a test tube and test with litmus or methyl red.","'99.84122467"
"'144","'LINE","'Questions:","'99.99023438"
"'144","'LINE","'a. Is the final solution acidic or basic?","'99.49492645"
"'144","'LINE","'b. Which acid is formed?","'99.96663666"
"'144","'LINE","'c. Write a balanced chemical equation for the reaction.","'96.00488281"
"'144","'LINE","'Write a laboratory report as a group and present to the class","'99.51108551"
"'144","'LINE","'138","'99.49138641"
"'145","'LINE","'Important Inorganic Compounds","'99.89723206"
"'145","'LINE","'Use of Some Important Acid","'99.96240997"
"'145","'LINE","'?","'94.71600342"
"'145","'LINE","'1. List uses of some common acids in your daily life.","'99.90495300"
"'145","'LINE","'2. High consumption of sulphuric acid in a country","'99.72594452"
"'145","'LINE","'indicates the economic growth of the country. What is","'99.96166992"
"'145","'LINE","'the reason? Discuss in groups and present to the class.","'99.97128296"
"'145","'LINE","'Activity 3.13","'99.28591156"
"'145","'LINE","'Table 3.4 Uses of the common acids H2SO4, HCI and HNO3","'91.33426666"
"'145","'LINE","'Acid","'100.00000000"
"'145","'LINE","'Use","'100.00000000"
"'145","'LINE","'Sulphuric acid,","'99.88121796"
"'145","'LINE","'H2SO₄ is the leading industrial chemical. It is used:","'94.05851746"
"'145","'LINE","'H2SO₄","'40.32107162"
"'145","'LINE","'In production of sulphate and phosphate fertilizers, synthetic,","'99.82957458"
"'145","'LINE","'fibers, paints, drugs, detergents, paper and dyes","'99.91888428"
"'145","'LINE","'In petroleum refining","'99.90726471"
"'145","'LINE","'In production of metals","'99.95037079"
"'145","'LINE","'As electrolyte in car batteries","'99.95069885"
"'145","'LINE","'Hydrochloric","'99.92107391"
"'145","'LINE","'It is present naturally in the gastric juice of our body and helps","'99.92227173"
"'145","'LINE","'Acid, HCI","'99.00958252"
"'145","'LINE","'in the digestion of food","'99.96437073"
"'145","'LINE","'Industrially, HCI is used for pickling of iron and steel (to remove","'99.75968170"
"'145","'LINE","'surface impurities) before galvanizing and tin plating","'99.89761353"
"'145","'LINE","'Used to produce aniline dyes, drugs, photographic films, plas-","'99.63032532"
"'145","'LINE","'tics like polyvinyl chloride (PVC)","'99.72927856"
"'145","'LINE","'Used to recover magnesium from sea water","'99.97628021"
"'145","'LINE","'Nitric Acid,","'99.94589233"
"'145","'LINE","'Used industrially in the manufacture of","'99.94386292"
"'145","'LINE","'HNO3","'56.81919479"
"'145","'LINE","'*","'85.93431091"
"'145","'LINE","'Explosives such as trinitrotoluene (TNT) and trinitroglycerine","'99.35723877"
"'145","'LINE","'Fertilizers such as KNO, 3 and NH₄NO₃","'93.58867645"
"'145","'LINE","'Rubber, chemicals, plastics, dyes and drugs.","'99.94047546"
"'145","'LINE","'Reading Assignment","'99.96014404"
"'145","'LINE","'Read from reliable sources the uses of common acids H3PO4, H2CO3, CH3COOH and","'89.25325775"
"'145","'LINE","'discuss in class with your group","'99.97857666"
"'145","'LINE","'Exercise 3.9","'99.88281250"
"'145","'LINE","'1. Which one of the following substances are Arrhenius acids:","'99.89365387"
"'145","'LINE","'a. HBrO₄","'91.96588135"
"'145","'LINE","'e. HBr","'98.93873596"
"'145","'LINE","'b. BCI₃","'85.71010590"
"'145","'LINE","'f. PCI₅","'86.81420898"
"'145","'LINE","'C. H2S","'81.89811707"
"'145","'LINE","'d. HF","'98.49211121"
"'145","'LINE","'139","'99.63787079"
"'146","'LINE","'Chemistry Grade 10","'99.93110657"
"'146","'LINE","'2. Classify the following acids as monoprotic, diprotic or triprotic, binary or","'99.92221832"
"'146","'LINE","'ternary, strong or weak acids. (give three answers for each type):","'99.94889069"
"'146","'LINE","'a. HCIO₄","'86.69513702"
"'146","'LINE","'d. H2SO3","'87.90447998"
"'146","'LINE","'g. HCI","'97.48674774"
"'146","'LINE","'i. HCN","'94.09329224"
"'146","'LINE","'b. H2SO4","'80.05261230"
"'146","'LINE","'e. HF","'98.69020844"
"'146","'LINE","'h. H3PO4","'83.84695435"
"'146","'LINE","'k. HNO3","'82.90846252"
"'146","'LINE","'C. H2CO3","'77.21490479"
"'146","'LINE","'f. H2S","'89.92426300"
"'146","'LINE","'i.HNO₂","'70.67063904"
"'146","'LINE","'I. CH3COOH","'66.61511993"
"'146","'LINE","'3. A reagent bottle (labelled as A) is filled with HCI solution and the other","'98.32115173"
"'146","'LINE","'(labelledas B) is filled with water. Both liquids in the bottles are colourless. What","'99.58511353"
"'146","'LINE","'method do you recommend to identify the acid and water?","'99.80394745"
"'146","'LINE","'4. What is the basis for the classification of acids as strong and weak?","'99.96076965"
"'146","'LINE","'5. What is the pH of a solution having the following hydrogen ion concentrations?","'99.42572021"
"'146","'LINE","'a. 5 X 10⁻³ M","'86.93626404"
"'146","'LINE","'C. 2.0 X 10⁻⁶ M","'80.80241394"
"'146","'LINE","'b. 0.003 M","'88.48194122"
"'146","'LINE","'6. Calculate the hydrogen ion concentrations in solutions having the following pH","'99.59386444"
"'146","'LINE","'values:","'99.95037079"
"'146","'LINE","'a. 4","'98.90694427"
"'146","'LINE","'b. 2","'99.79980469"
"'146","'LINE","'C. 5","'81.00595856"
"'146","'LINE","'7. How many moles of H2SO4 are present in 0.500 L of a 0.150 M H2SO4 solution?","'90.72517395"
"'146","'LINE","'8. Identify the following solutions as acidic or basic, estimate [H₃O⁺] values for","'97.88150024"
"'146","'LINE","'each, and rank them in order of increasing acidity:","'99.97251892"
"'146","'LINE","'a. Saliva, pH =6.5","'97.40623474"
"'146","'LINE","'b. Orange juice, pH = 3.7","'98.53800964"
"'146","'LINE","'C. Pancreatic juice, pH = 7.9","'94.17752838"
"'146","'LINE","'d. Wine, pH = 3.5","'97.99346161"
"'146","'LINE","'3.4","'99.76403046"
"'146","'LINE","'Bases","'99.93164063"
"'146","'LINE","'Discuss the following questions in your group and","'99.97650909"
"'146","'LINE","'present your conclusions to the class.","'99.95877838"
"'146","'LINE","'1. What is the main ingredient in stomach antacid ?","'99.83197021"
"'146","'LINE","'2. Make a list of some bitter-tasting foods and","'99.64701843"
"'146","'LINE","'beverages.","'99.85112762"
"'146","'LINE","'?","'90.88867188"
"'146","'LINE","'3. Have you ever wondered about the origin of the","'99.79109955"
"'146","'LINE","'saying ""it is a bitter pill (kosso) to swallow""? Discuss","'99.54263306"
"'146","'LINE","'and give a meaning to the saying.","'99.65355682"
"'146","'LINE","'4. Have you ever had soap in your mouth? How does","'99.79750824"
"'146","'LINE","'it taste?","'99.91171265"
"'146","'LINE","'Activity 3.14","'99.19921875"
"'146","'LINE","'After completing this section, you should be able to","'99.72558594"
"'146","'LINE","'define bases in terms of the concepts of Arrhenius;","'99.95254517"
"'146","'LINE","'give examples of bases based on Arrhenius;","'99.92631531"
"'146","'LINE","'discuss the general properties of bases;","'99.98020172"
"'146","'LINE","'140","'99.83398438"
"'147","'LINE","'Important Inorganic Compounds","'99.87444305"
"'147","'LINE","'define strong and weak bases;","'99.97851563"
"'147","'LINE","'distinguish between strong and weak alkalis (soluble bases);","'99.95330811"
"'147","'LINE","'define concentrated and dilute alkalis;","'99.93849182"
"'147","'LINE","'distinguish between concentrated and dilute alkalis (soluble bases);","'99.92352295"
"'147","'LINE","'use the necessary precautions while working with bases;","'99.87828064"
"'147","'LINE","'define pOH;","'93.85303497"
"'147","'LINE","'show the mathematical relationship between pH and pOH;","'98.63154602"
"'147","'LINE","'calculate the pOH of a given basic solution;","'96.38360596"
"'147","'LINE","'calculate the concentration of hydroxide ion from the given information;","'99.93596649"
"'147","'LINE","'carry out activities to investigate some chemical properties of bases;","'99.94459534"
"'147","'LINE","'discuss the reaction of active metals with water, the reaction of basic oxides with","'99.98459625"
"'147","'LINE","'water and double displacement reactions as the three methods of preparation","'99.94608307"
"'147","'LINE","'of bases;","'99.98535156"
"'147","'LINE","'carry out simple experiments to prepare bases in laboratory;","'99.92181396"
"'147","'LINE","'explain the uses of the two common laboratory bases.","'99.94829559"
"'147","'LINE","'Bases are either oxides or hydroxides of metals, which are therefore called basic","'99.95530701"
"'147","'LINE","'oxides and hydroxides respectively. They are of great importance in chemical","'99.95591736"
"'147","'LINE","'industries and in our daily lives, directly or indirectly. For example, sodium hydroxide,","'99.95224762"
"'147","'LINE","'NaOH is used in the production of soap, paper, textile etc.","'99.68568420"
"'147","'LINE","'Potassium hydroxide, KOH is used to produce soft soap, fertilizers etc. Calcium","'98.93585205"
"'147","'LINE","'hydroxide, Ca(OH)₂, is used to manufacture mortar and bleaching powder, to remove","'98.98073578"
"'147","'LINE","'soil acidity etc.","'99.95742035"
"'147","'LINE","'Arrhenius Definition of Bases","'99.98535156"
"'147","'LINE","'According to the Arrhenius theory, a base is a substance that produces a hydroxide ion","'99.67739105"
"'147","'LINE","'(OH⁻) when it is dissolved in water. Soluble bases are called alkalis.","'95.13957214"
"'147","'LINE","'For example, sodium hydroxide and potassium hydroxide are bases because they","'99.96398163"
"'147","'LINE","'produce OH- ion when dissolved in water.","'99.30738068"
"'147","'LINE","'NaOH (aq)","'98.26620483"
"'147","'LINE","'Na (aq)+ + OH⁻(aq)","'76.14486694"
"'147","'LINE","'KOH (aq)","'95.50342560"
"'147","'LINE","'K⁺ (aq) + OH- (aq)","'78.39779663"
"'147","'LINE","'Note that the ions produced by the base can come from either of two sources. Metal","'99.96928406"
"'147","'LINE","'hydroxides, such as NaOH, KOH, and Ba(OH)₂, are ionic compounds that already","'98.24472809"
"'147","'LINE","'contain ions and merely release those ions when they dissolve in water. Ammonia,","'99.96344757"
"'147","'LINE","'however, is not ionic and contains no ions in its structure. Nonetheless, ammonia is a","'99.86038208"
"'147","'LINE","'base because it undergoes a reaction with water when it dissolves, producing NH₄⁺","'97.57010651"
"'147","'LINE","'and OH- ions:","'79.78754425"
"'147","'LINE","'NH3 (aq) + H2O (I)","'87.33549500"
"'147","'LINE","'1L","'85.68170166"
"'147","'LINE","'NH₄OH(aq)","'43.57242584"
"'147","'LINE","'NH₄⁺ (aq) + OH⁻(aq)","'68.60675049"
"'147","'LINE","'The reaction of ammonia with water is a reversible process whose equilibrium strongly","'99.88954163"
"'147","'LINE","'favors unreacted ammonia.","'99.92379761"
"'147","'LINE","'141","'99.64764404"
"'148","'LINE","'Chemistry Grade 10","'99.94466400"
"'148","'LINE","'General Properties of Bases","'99.97294617"
"'148","'LINE","'1. What is the taste of carbonated beverage, coffee","'99.93463135"
"'148","'LINE","'and tonic water? How can it be differ from the taste","'99.97602844"
"'148","'LINE","'of lemon juice or vinegar?","'99.86901855"
"'148","'LINE","'2. Explain the reason why a dilute solution of sodium","'99.80728149"
"'148","'LINE","'?","'91.82617188"
"'148","'LINE","'bicarbonate can be used to treat bee stings,","'99.96806335"
"'148","'LINE","'whereas a dilute solution of acetic acid can be","'99.59342957"
"'148","'LINE","'used to treat wasp stings.","'99.97851563"
"'148","'LINE","'Discuss with your group and present your conclusion to","'99.97135162"
"'148","'LINE","'Activity 3.15","'98.60271454"
"'148","'LINE","'the class.","'99.98535156"
"'148","'LINE","'1. Alkalis have a soapy feeling and a bitter taste: Bases have a bitter taste; feel","'99.65399170"
"'148","'LINE","'slippery like soap to the skin in dilute aqueous solutions. Strong bases such as","'99.95409393"
"'148","'LINE","'NaOH and KOH are very corrosive and poisonous. So they should be neither","'99.28815460"
"'148","'LINE","'brought into contact with the skin nor tasted.","'99.98281097"
"'148","'LINE","'2. Alkalis change the color of indicators: Aqueous solutions of bases turn the color","'99.96240234"
"'148","'LINE","'of red litmus to blue, phenolphthalein to pink (red), methyl red to yellow and","'99.88576508"
"'148","'LINE","'universal indicator blue (purple). This property is because of the OH- ion given by","'96.05072784"
"'148","'LINE","'the base.","'99.98535156"
"'148","'LINE","'3. Alkalis release hydroxide ion in aqueous solution: The characteristic properties","'99.92522430"
"'148","'LINE","'of bases in aqueous solutions are due to the presence of the hydroxide ion, OH-","'96.29203796"
"'148","'LINE","'which they release on dissolution.","'99.97233582"
"'148","'LINE","'Example 3.19: NaOH (aq)","'98.33879089"
"'148","'LINE","'Na (aq)⁺ + OH- (aq)","'80.80915070"
"'148","'LINE","'KOH (aq)","'97.41549683"
"'148","'LINE","'K+ (aq) + OH- (aq)","'83.48624420"
"'148","'LINE","'4. Bases neutralize acids or acidic oxides to form salt and water:","'99.97864532"
"'148","'LINE","'Example 3.20: Base + Acid (or Acidic Oxide)","'99.59647369"
"'148","'LINE","'Salt + Water","'99.33241272"
"'148","'LINE","'NaOH (aq) + HCI (aq)","'97.30022430"
"'148","'LINE","'NaCl (aq) + H2O (I)","'91.47960663"
"'148","'LINE","'2NaOH (aq) + CO2 (aq)","'93.25498199"
"'148","'LINE","'Na2CO3 (aq) + H₂O(I)","'73.81093597"
"'148","'LINE","'5. Aqueous solutions of bases conduct electricity: Soluble bases are electrolytes.","'99.91812897"
"'148","'LINE","'Solutions of strong bases are good conductors while solutions of weak bases are poor","'99.97257233"
"'148","'LINE","'conductors","'99.95037079"
"'148","'LINE","'142","'99.88281250"
"'149","'LINE","'Important Inorganic Compounds","'99.82455444"
"'149","'LINE","'Discuss with your group and present your conclusion","'99.95159149"
"'149","'LINE","'to the class.","'99.97721100"
"'149","'LINE","'1. What is the difference between concentrated base","'99.83431244"
"'149","'LINE","'and strong base, dilute base and weak base? Can","'99.97043610"
"'149","'LINE","'?","'90.33203125"
"'149","'LINE","'a strong base be a dilute base and a weak base","'99.30326843"
"'149","'LINE","'concentrated base? Discuss in class.","'99.96858978"
"'149","'LINE","'2. Why solutions of weak bases give dim light and","'99.96835327"
"'149","'LINE","'solutions of strong bases give bright light? Discuss","'99.94172668"
"'149","'LINE","'Activity 3.16","'98.90585327"
"'149","'LINE","'in class.","'99.95565796"
"'149","'LINE","'Strength of Bases (Strong and Weak Bases)","'99.94920349"
"'149","'LINE","'A strong base is almost completely ionized in aqueous solution to give its constituent","'99.29222107"
"'149","'LINE","'cations and anions. That is the extent of ionization of a strong base is very high. Thus,","'99.67067719"
"'149","'LINE","'the amount of hydroxide ions ( OH⁻) in the solution of a strong base is large.","'97.12800598"
"'149","'LINE","'KOH (aq)","'95.17378998"
"'149","'LINE","'K+ (aq) + OH- (aq)","'74.88034058"
"'149","'LINE","'Hydroxides of alkali (Group IA) metals and lower members of alkaline earth metals","'99.89693451"
"'149","'LINE","'such as LiOH, NaOH, KOH, and Ba(OH)₂ are examples of strong bases. Strong bases","'97.91667175"
"'149","'LINE","'are strong electrolytes as they produce large amount of ions and conduct high current.","'99.94612122"
"'149","'LINE","'A weak base is only partially ionized into its cations and anions in aqueous solution.","'99.15203857"
"'149","'LINE","'That is, the extent of ionization of a weak base is small. Thus, the amount of hydroxide","'99.76221466"
"'149","'LINE","'ions (OH⁻) in the solution of a strong base is small.","'94.99943542"
"'149","'LINE","'NH 4 OH (aq)","'83.88021851"
"'149","'LINE","'1L","'87.23094177"
"'149","'LINE","'NH₄⁺ (aq) + OH- (aq)","'77.27650452"
"'149","'LINE","'The double arrow shows that the dissociation of a weak base does not proceed to","'99.89028168"
"'149","'LINE","'completion. This means an aqueous solution of a weak base contains only a small","'99.62758636"
"'149","'LINE","'amount of ions derived from the dissociation of the base and a large amount of the","'99.87110138"
"'149","'LINE","'non-ionized base. For example, a solution of ammonia containing 0.1 mole NH3 per","'97.20095825"
"'149","'LINE","'litre of solution ionizes only to the extent of 1.3%. Weak bases are weak electrolytes","'99.37410736"
"'149","'LINE","'as they allow low current. Examples of weak bases include Mg(OH)₂ and Ca(OH)₂.","'96.77081299"
"'149","'LINE","'Concentrated and Dilute Bases","'99.96542358"
"'149","'LINE","'The concentration of an alkali is a measure of the number of moles of the alkali","'99.93347931"
"'149","'LINE","'dissolved in 1 litre of solution and is therefore expressed in mol per liter. Concentrated","'99.81257629"
"'149","'LINE","'bases contain relatively large amounts of a base in a given volume of solution","'99.59295654"
"'149","'LINE","'while dilute base solutions contain only a small amount of base. The concentration is","'99.85333252"
"'149","'LINE","'expressed in terms of mole per litre (Molarity).","'99.93582153"
"'149","'LINE","'The greater the number of moles of the base per liter of the solution, the more","'99.97406769"
"'149","'LINE","'concentrated is the solution. For example, a solution containing ten moles of NaOH","'99.56039429"
"'149","'LINE","'per litre is more concentrated than the solution containing two moles of NaOH per","'99.70835114"
"'149","'LINE","'143","'99.84375000"
"'150","'LINE","'Chemistry Grade 10","'99.91809082"
"'150","'LINE","'liter. The latter solution is more dilute than the former. Thus, both a strong base and a","'99.79026031"
"'150","'LINE","'weak base may be concentrated or dilute depending on the number of moles of the","'99.97645569"
"'150","'LINE","'base present per liter.","'99.95809937"
"'150","'LINE","'Precautions in Handling Bases","'99.90563202"
"'150","'LINE","'Strong bases like NaOH and KOH are known as caustic alkalis. The word ""caustic""","'99.29325867"
"'150","'LINE","'refers to a substance that can cause burning. Thus, it is very important to avoid contact","'99.83845520"
"'150","'LINE","'of these bases with any part of our body or clothing. Not only strong bases but also","'99.97051239"
"'150","'LINE","'weak bases are corrosive. For example, concentrated ammonia solution can cause","'99.95148468"
"'150","'LINE","'blindness if splashed into the eye.","'99.96093750"
"'150","'LINE","'The following safety precautions are useful in handling bases in school laboratories or","'99.93228149"
"'150","'LINE","'anywhere while working with them","'99.97656250"
"'150","'LINE","'a. Wear eye goggles, gloves and a laboratory coat.","'99.65587616"
"'150","'LINE","'b. If bases are spilled on your working tables wipe the spillages immediately.","'99.95375061"
"'150","'LINE","'C. Whenever bases are splashed on your cloth, wash the affected part with running","'98.14134216"
"'150","'LINE","'water.","'100.00000000"
"'150","'LINE","'d. If a base enters your eyes, wash with water repeatedly as first aid treatment and","'99.83699036"
"'150","'LINE","'seek medical advice.","'99.99674225"
"'150","'LINE","'e. If a base is swallowed by accident, drink 1-2% acetic acid or lemon juice","'99.58120728"
"'150","'LINE","'immediately.","'99.76084137"
"'150","'LINE","'f. Whenever bases come into contact with your skin, wash the affected part with","'99.96698761"
"'150","'LINE","'plenty of water and then wash the affected part with a very dilute solution (about","'99.77737427"
"'150","'LINE","'1%) of a weak acid such as acetic acid.","'99.63526154"
"'150","'LINE","'pOH (note that 'p' is small, O and H are capitals!)","'92.11850739"
"'150","'LINE","'1. Since water, H2O, has H+ and OH-, it is both acidic","'90.59488678"
"'150","'LINE","'?","'93.85742188"
"'150","'LINE","'and basic. Do you agree?","'99.68371582"
"'150","'LINE","'2. Why pure water doesn't change the color of either","'99.97144318"
"'150","'LINE","'red litmus or blue litmus?","'99.85502625"
"'150","'LINE","'3. If [OH⁻] increases in a solution what happens to its","'98.58795166"
"'150","'LINE","'[H⁺]? Share your comments with your group.","'97.57345581"
"'150","'LINE","'Activity 3.17","'99.10644531"
"'150","'LINE","'pOH is a measure of the concentration of hydroxide ions in an acidic or a basic","'97.69789124"
"'150","'LINE","'solution. It is defined as the negative logarithm of hydroxide, OH- ion concentration.","'94.88859558"
"'150","'LINE","'pOH = - [OH⁻]","'78.45655823"
"'150","'LINE","'Relationship Between pH and pOH","'95.54121399"
"'150","'LINE","'The pH and pOH are related mathematically as pH + pOH = 14","'94.27831268"
"'150","'LINE","'This equation can be derived using the ionic product of water, Kw, as follows:","'99.94223022"
"'150","'LINE","'The ionic product of water, Kw is the product of the concentration of [H⁺] or [H₃O⁺]","'97.85172272"
"'150","'LINE","'and [OH⁻].","'95.84074402"
"'150","'LINE","'144","'99.80468750"
"'151","'LINE","'Important Inorganic Compounds","'99.91077423"
"'151","'LINE","'Electrical conductivity measurements of pure water such as distilled water show that","'99.97538757"
"'151","'LINE","'concentrations of H3O and OH are 1.0 X 10⁻⁷ M at 25°. Therefore, the ionic product","'92.32383728"
"'151","'LINE","'of pure water is Kw = [H⁺] or [H₃O⁺] X [OH⁻]","'95.62403870"
"'151","'LINE","'= (1.0 X 10⁻⁷) X (1.0 X 10⁻⁷) = 1.0 X 10⁻¹⁴","'93.06285095"
"'151","'LINE","'[H⁺][OH⁻] = 1.0 X 10⁻¹⁴","'88.00699615"
"'151","'LINE","'Taking the logarithm of both sides of the equation g10{[H⁺][OH⁻]} = log1.0 X 10⁻¹⁴","'92.09329224"
"'151","'LINE","'We get {-log₁₀ [H⁺]} + {- log₁₀ [OH⁻]} = 14","'86.77705383"
"'151","'LINE","'Hence, pH + pOH = 14","'88.78856659"
"'151","'LINE","'Example 3.21: Find out the pH and pOH of a 0.0001M solution of NaOH?","'96.07798004"
"'151","'LINE","'Solution: Potassium hydroxide solution is a strong base. It ionizes completely such","'99.86027527"
"'151","'LINE","'that one mole of NaOH gives one mole of OH ions.","'96.10697937"
"'151","'LINE","'NaOH(aq)","'94.24426270"
"'151","'LINE","'Na⁺(aq) + OH-","'78.52047729"
"'151","'LINE","'0.0001M","'93.18459320"
"'151","'LINE","'0.0001M 0.0001M","'93.90306091"
"'151","'LINE","'Therefore, 0.0001M solution of NaOH produces 0.0001M OH ions","'94.01473236"
"'151","'LINE","'[OH⁻] = 0.0001M= 1 X 10⁻⁴","'92.00072479"
"'151","'LINE","'pOH = -log[OH⁻] = - log1 X 10⁻⁴ = 4","'87.84897614"
"'151","'LINE","'pH = 14 - 4= 10","'94.23798370"
"'151","'LINE","'Exercise 3.10","'99.00350952"
"'151","'LINE","'1. Which solution has a higher [H₃O⁺] concentration, one with pH =5, or with pH","'97.23347473"
"'151","'LINE","'=9? Which solution has the higher OH concentration?","'94.37425232"
"'151","'LINE","'2. Give the pH and pOH for each solution with the following concentrations:","'97.35240936"
"'151","'LINE","'a.","'98.78049469"
"'151","'LINE","'[H₃O⁺] = 1.0 X 10⁻⁵","'87.28531647"
"'151","'LINE","'b.","'99.87304688"
"'151","'LINE","'[OH] = 1.0 X 10⁻⁹ M","'73.89804840"
"'151","'LINE","'3. Give the hydroxide ion concentrations of solutions with the following values of","'99.90931702"
"'151","'LINE","'pH. Which of the solutions is most acidic? Which is most basic?","'99.57347107"
"'151","'LINE","'a. pH 13.0","'98.89243317"
"'151","'LINE","'b. pH 3.0","'98.91229248"
"'151","'LINE","'C. pH 8.0","'90.03813171"
"'151","'LINE","'Preparation of Bases","'99.98020172"
"'151","'LINE","'Bases containing hydroxide ion (hydroxide bases) can be prepared by the following","'99.93904877"
"'151","'LINE","'methods:","'100.00000000"
"'151","'LINE","'I. By the reaction of highly reactive metals from Group IA and Group IIA (below","'99.22925568"
"'151","'LINE","'magnesium) with water. This reaction produces the metal hydroxide with the liberation","'99.88793945"
"'151","'LINE","'of hydrogen gas","'99.96717834"
"'151","'LINE","'2Li (s) + 2H2O (I)","'83.45583344"
"'151","'LINE","'2LiOH (aq) + H2 (g)","'95.24378204"
"'151","'LINE","'145","'99.95117188"
"'152","'LINE","'Chemistry Grade 10","'99.90832520"
"'152","'LINE","'2Na (s) + 2H2O( (I)","'87.26965332"
"'152","'LINE","'2NaOH (aq) + H2 (g)","'95.00211334"
"'152","'LINE","'Ca (s) + 2H2O (I)","'93.29516602"
"'152","'LINE","'Ca(OH)₂ (aq) + H2 (g)","'90.95751190"
"'152","'LINE","'II. By the reaction of Group IA or Group IIA metal oxides with water, which gives the","'99.75427246"
"'152","'LINE","'metal hydroxides?","'99.97518921"
"'152","'LINE","'Metal oxide + Water","'99.65312195"
"'152","'LINE","'Metal hydroxide","'99.96582031"
"'152","'LINE","'Na₂O (s) + 2H2O (I)","'85.88508606"
"'152","'LINE","'2NaOH (aq)","'97.00972748"
"'152","'LINE","'BaO (s) + 2H2O (I)","'91.87699890"
"'152","'LINE","'Ba(OH)₂ (aq)","'85.58454895"
"'152","'LINE","'III. By double displacement reaction","'99.66956329"
"'152","'LINE","'The reaction of an aqueous solution of a soluble base and a soluble salt, gives another","'99.30813599"
"'152","'LINE","'soluble base and an insoluble salt as products","'99.96806335"
"'152","'LINE","'Ba(OH)₂ (aq) + K2SO₄ (aq)","'84.77918243"
"'152","'LINE","'2KOH (aq) + BaSO₄ (s)","'90.65082550"
"'152","'LINE","'Ca(OH)₂ (aq) + Na2CO3 (aq)","'83.63512421"
"'152","'LINE","'2NaOH (aq) + CaCO3 (s)","'90.04228973"
"'152","'LINE","'Common uses of NaOH and Ca(OH)₂","'94.27505493"
"'152","'LINE","'Sodium hydroxide, NaOH (lye or caustic soda) is used in the manufacture of soaps","'98.72615051"
"'152","'LINE","'and detergents, degreasers and as the main ingredient in oven and drain cleaners.","'99.92684174"
"'152","'LINE","'Calcium hydroxide, Ca(OH)₂ (slaked lime) is used in the manufacture of cement and","'98.47498322"
"'152","'LINE","'lime water. It is usually added to neutralize acidic soil. Ca(OH)₂ is used also for lime","'98.99290466"
"'152","'LINE","'water test for carbon dioxide.","'99.98226166"
"'152","'LINE","'Experiment 3.11","'99.64315796"
"'152","'LINE","'Chemical Behavior of Bases","'99.98535156"
"'152","'LINE","'Objectives: To investigate the thermal stability and reaction of bases with acids.","'98.73540497"
"'152","'LINE","'Chemicals: NaOH or KOH, Ca(OH)₂, HNO3, water, blue and red litmus papers,","'96.37532806"
"'152","'LINE","'cobalt chloride","'99.95077515"
"'152","'LINE","'Apparatus: Test-tube, test-tube rack, test-tube holder, Bunsen burner, three bea-","'99.92221832"
"'152","'LINE","'kers, dropper, measuring cylinder, glass rod and watch glass.","'99.99015045"
"'152","'LINE","'Procedure:","'99.95037079"
"'152","'LINE","'1. Place 4.5 g NaOH or KOH in one test-tube and the same amount of Ca(OH)₂","'96.91834259"
"'152","'LINE","'in another test-tube. Heat the test-tube containing NaOH or KOH gently using","'99.35604858"
"'152","'LINE","'a Bunsen burner, by holding the test tube with a test tube holder. Hold the","'99.67790985"
"'152","'LINE","'cobalt chloride paper partly inserted in the test tube. See whether the cobalt","'99.99549103"
"'152","'LINE","'chloride paper shows a colour change or not. Repeat the same experiment","'99.88162994"
"'152","'LINE","'with the second test tube that contains Ca(OH)₂.","'96.66880035"
"'152","'LINE","'146","'99.87304688"
"'153","'LINE","'Important Inorganic Compounds","'99.91728973"
"'153","'LINE","'2. Dissolve 3.6 g KOH in distilled water to prepare 100 mL solution in one","'99.50951385"
"'153","'LINE","'beaker. Dilute 2 mL concentrated HNO3 to make a 50 mL solution in another","'98.78689575"
"'153","'LINE","'beaker. Add 10 mL KOH solution and 9.5 mL HNO3 to the third beaker, stir","'98.40707397"
"'153","'LINE","'thoroughly and test with blue and red litmus papers. Continue adding HNO3","'98.57591248"
"'153","'LINE","'using a dropper, one drop at a time stirring after each addition and checking","'99.72131348"
"'153","'LINE","'with red and blue litmus until the blue remains blue and the red remains red.","'99.97634888"
"'153","'LINE","'3. Put 5 mL of the neutral solution on a watch glass and allow the water to","'99.75402832"
"'153","'LINE","'evaporate until the next day.","'99.98226166"
"'153","'LINE","'Questions:","'99.99023438"
"'153","'LINE","'1. What type of reaction occurred between the KOH and HNO3? Write the","'96.58503723"
"'153","'LINE","'balanced chemical equation for the reaction.","'99.98508453"
"'153","'LINE","'2. What was left on the watch glass?","'99.93460846"
"'153","'LINE","'3. Which hydroxide was melted on heating? Which base was decomposed on","'99.91957855"
"'153","'LINE","'heating to give metal oxide and water? How do you know this? Write the","'99.57601166"
"'153","'LINE","'balanced chemical equation for the reaction. Write a laboratory report and","'99.74862671"
"'153","'LINE","'present it to the class.","'99.94124603"
"'153","'LINE","'Experiment 3.12","'98.74960327"
"'153","'LINE","'Preparation of Bases","'99.98697662"
"'153","'LINE","'Objective: To prepare bases from metal oxides and using double displacement","'99.01082611"
"'153","'LINE","'reaction","'100.00000000"
"'153","'LINE","'Chemicals: Water, MgO, K2SO₄, Ba(OH)₂ solution","'85.17348480"
"'153","'LINE","'Apparatus: Spatula, balance, three beakers, measuring cylinder, dropper, glass","'99.98454285"
"'153","'LINE","'rod.","'100.00000000"
"'153","'LINE","'Procedure:","'99.91051483"
"'153","'LINE","'1. Add a half a spatula measure of MgO to a test tube containing clean water.","'99.60762024"
"'153","'LINE","'Shake well and then test whether the solution is acidic or basic using red litmus","'99.95595551"
"'153","'LINE","'paper. Does the colour of the red litmus paper change?","'99.96851349"
"'153","'LINE","'2. Add 7 g K2SO₄ to the first and 7 g Ba(OH)₂ to the second beaker. Add water","'95.30001068"
"'153","'LINE","'to each beaker and stir with a glass rod to prepare a 100 mL solution of each","'99.67649078"
"'153","'LINE","'sample. After dissolution is complete, take 20 mL Ba(OH)₂ solution and pour it","'97.49623871"
"'153","'LINE","'into the third beaker. Measure 20 mL K2SO₄ solution, mix it with the solution in","'96.47148895"
"'153","'LINE","'the third beaker and shake well. Observe what is happening. Continue add-","'99.96054077"
"'153","'LINE","'ing K2SO₄ solution drop by drop using a dropper while shaking the solution","'95.86757660"
"'153","'LINE","'after the addition of each drop.","'99.98860931"
"'153","'LINE","'147","'99.32617188"
"'154","'LINE","'Chemistry Grade 10","'99.92785645"
"'154","'LINE","'When the formation of a white precipitate does not occur anymore stop adding","'99.78511047"
"'154","'LINE","'K2SO₄ solution and test whether the solution in the third beaker is acidic or basic","'96.69329834"
"'154","'LINE","'using litmus paper.","'99.94386292"
"'154","'LINE","'Questions:","'99.99023438"
"'154","'LINE","'1. Did the colour of red litmus paper change when dipped into the solutions","'99.94798279"
"'154","'LINE","'obtained in procedure 1. Is the solutions acidic or basic?","'99.81510925"
"'154","'LINE","'2. Why do you think is the white precipitate formed in procedure 2?","'99.68618011"
"'154","'LINE","'3. What is the nature of the final solution in the third beaker?","'99.95975494"
"'154","'LINE","'4. Write balanced chemical equations for the reactions 1 and 2.","'99.79299927"
"'154","'LINE","'Write a laboratory report on your observations and present to the class.","'99.80644226"
"'154","'LINE","'3.5 Salts","'99.88201141"
"'154","'LINE","'Discuss the following in class and present your conclusion","'99.95262909"
"'154","'LINE","'to the class.","'99.98697662"
"'154","'LINE","'1. List as many salts as you can that are used in home,","'99.78527832"
"'154","'LINE","'medicine or agriculture.","'99.92080688"
"'154","'LINE","'2. What is the natural source of salts? How can you","'99.84728241"
"'154","'LINE","'?","'93.54492188"
"'154","'LINE","'define salts?","'99.95077515"
"'154","'LINE","'3. Make a list of coloured salts available in your school","'99.67208099"
"'154","'LINE","'laboratory.","'99.80069733"
"'154","'LINE","'4. What is the most common salt in seawater such as in","'99.96819305"
"'154","'LINE","'Red Sea?","'99.88649750"
"'154","'LINE","'Activity 3.18","'99.19353485"
"'154","'LINE","'By the end of this section, students will be able to","'99.92234802"
"'154","'LINE","'define salts;","'99.97070313"
"'154","'LINE","'give examples of salts;","'99.97030640"
"'154","'LINE","'classify salts as acidic and normal salts;","'99.97338104"
"'154","'LINE","'discuss the direct combination of elements, the reaction of acids with bases,","'99.96929169"
"'154","'LINE","'neutralization and the reaction between acids and metals as the methods of salt","'99.95812988"
"'154","'LINE","'preparation;","'99.96014404"
"'154","'LINE","'carry out simple experiment to prepare a salt by neutralization;","'99.68981171"
"'154","'LINE","'list some important salts;","'99.93816376"
"'154","'LINE","'explain the uses of some important salts;","'99.94908905"
"'154","'LINE","'discuss the properties of salts;","'99.98226166"
"'154","'LINE","'explain the chemical tests of some salts by conducting activities.","'99.98909760"
"'154","'LINE","'Salts are ionic compounds generally formed by the neutralization of an acid with a","'99.82916260"
"'154","'LINE","'base. A salt gets its name from the names of the metal ion (derived from the base)","'98.71500397"
"'154","'LINE","'148","'99.75585938"
"'155","'LINE","'Important Inorganic Compounds","'99.80800629"
"'155","'LINE","'and the acid radical derived from the acid. For example, NaCl is formed from Na⁺","'96.27562714"
"'155","'LINE","'derived from NaOH and CIT is derived from HCI. Hence, NaCl (sodium cloride) is a","'94.08937836"
"'155","'LINE","'salt of NaOH and HCI. Similarly, KNO₃ (potasium nitrate) is a salt of KOH and HNO3.","'94.41884613"
"'155","'LINE","'Salt formation","'99.92636108"
"'155","'LINE","'Na⁺OH⁻","'62.35670471"
"'155","'LINE","'+","'95.32147217"
"'155","'LINE","'H+CI-","'50.70551682"
"'155","'LINE","'Na+Cl⁻ + H2O","'68.26191711"
"'155","'LINE","'Base","'99.96093750"
"'155","'LINE","'Acid","'99.97070313"
"'155","'LINE","'Salt","'99.96093750"
"'155","'LINE","'Water","'99.93164063"
"'155","'LINE","'Salt formation","'95.85250092"
"'155","'LINE","'K+OH-","'61.20276642"
"'155","'LINE","'+","'91.89373016"
"'155","'LINE","'H+NO3⁻","'28.43052483"
"'155","'LINE","'KNO3 + H2O","'79.02104950"
"'155","'LINE","'Base","'99.96093750"
"'155","'LINE","'Acid","'99.97070313"
"'155","'LINE","'Salt","'99.95117188"
"'155","'LINE","'Water","'99.89178467"
"'155","'LINE","'During neutralization reaction, the cation of the base combines with the anion of the","'99.98157501"
"'155","'LINE","'acid and a salt is formed (while H+ and OH combine to form H₂O) as shown above.","'92.33769226"
"'155","'LINE","'Salts are also defined as ionic compounds formed when the ionizable hydrogen of","'99.90237427"
"'155","'LINE","'acids are partly or completely replaced by metal ions or ammonium ion.","'99.93334961"
"'155","'LINE","'Classification of Salts","'99.95037079"
"'155","'LINE","'Discuss in your group and present the conclusion to the","'99.97331238"
"'155","'LINE","'class.","'100.00000000"
"'155","'LINE","'Recall the concept of the neutralization reaction","'99.99151611"
"'155","'LINE","'between an acid and a base to give a salt and water.","'99.45116425"
"'155","'LINE","'?","'93.28125000"
"'155","'LINE","'a. What would be the nature of the salt, if all the acid","'99.85981750"
"'155","'LINE","'hydrogen ions are not replaced by metal ions or","'99.95850372"
"'155","'LINE","'ammonium ions?","'99.83607483"
"'155","'LINE","'b. What would be the nature of the salt, if all the","'99.97952271"
"'155","'LINE","'base hydroxide ions are not replaced by the anions","'99.97260284"
"'155","'LINE","'Activity 3.19","'98.12948608"
"'155","'LINE","'of the acid?","'99.98371887"
"'155","'LINE","'Salts can be classified into three main groups as shown below in Figure 3.7:","'99.55142212"
"'155","'LINE","'Normal Salts","'99.98535156"
"'155","'LINE","'Salts","'99.99023438"
"'155","'LINE","'Acidic Salts","'99.95117188"
"'155","'LINE","'Basic Salts","'99.96582031"
"'155","'LINE","'Figure 3.7 Classification of Salts","'99.94303894"
"'155","'LINE","'I.","'94.98086548"
"'155","'LINE","'Normal Salts","'99.98535156"
"'155","'LINE","'A salt formed by the complete replacement of ionizable H+ ions of an acid by a","'97.47664642"
"'155","'LINE","'positive metal ion or NH₄⁺ + ions is called normal or neutral salt. These salts are neutral","'97.47472382"
"'155","'LINE","'to litmus.","'99.88082123"
"'155","'LINE","'149","'99.81445313"
"'156","'LINE","'Chemistry Grade 10","'99.92785645"
"'156","'LINE","'HCI (aq) + KOH (aq)","'95.74474335"
"'156","'LINE","'KCI (aq) + H2O (I)","'90.08053589"
"'156","'LINE","'H2SO4 (aq) + ZnO (aq)","'93.37519836"
"'156","'LINE","'ZnSO (aq) + H2O (I)","'90.16356659"
"'156","'LINE","'HNO₃(aq) + NH₄OH (aq)","'75.36515808"
"'156","'LINE","'NH₄NO₃( aq) + H2O (I)","'84.74456024"
"'156","'LINE","'II. Acidic salts","'99.67540741"
"'156","'LINE","'These salts are formed by the partial replacement of replaceable H⁺ ions of an acid","'97.49542999"
"'156","'LINE","'by a positive metal ion.","'99.54328918"
"'156","'LINE","'H2SO4 (aq) + КОН(аq)","'82.40035248"
"'156","'LINE","'KHSO₄(aq) + H₂O(I)","'74.53317261"
"'156","'LINE","'H3PO₄(aq) + NaOH(aq)","'78.27002716"
"'156","'LINE","'NaH₂PO₄(aq) + H₂O(I)","'66.75761414"
"'156","'LINE","'These salts KHSO₄ and NaH₂PO₄ turn blue litmus red. For example, when KHSO₄","'94.94918060"
"'156","'LINE","'dissolves in aqueous solution, it releases the ions K⁺, H⁺, SO ⁴². It releases hydrogen","'89.85257721"
"'156","'LINE","'ions hence it is acidic.","'99.95280457"
"'156","'LINE","'Acidic salts react with bases to form normal salts, K2SO₄ and Na₃PO₄","'92.83596802"
"'156","'LINE","'KHSO (aq) + KOH (aq)","'88.34191895"
"'156","'LINE","'K2SO₄ (aq)+ H2O (I)","'82.34698486"
"'156","'LINE","'NaH₂PO₄(aq) + 2NaOH (aq)","'85.18985748"
"'156","'LINE","'Na₃PO₄(aq) + H2O (I)","'78.79339600"
"'156","'LINE","'III. Basic Salts","'99.81803894"
"'156","'LINE","'These are salts in which not all of the hydroxide ions in a base have been replaced","'99.88677216"
"'156","'LINE","'by the anions of the acid. Basic salts are formed by the incomplete neutralization of","'99.97955322"
"'156","'LINE","'a polyhydroxy base by an acid.","'99.79349518"
"'156","'LINE","'AI(OH)₃ (aq) + HCI (aq)","'85.55345154"
"'156","'LINE","'AI(OH)₂CI (aq) + H₂O(I)","'74.23838043"
"'156","'LINE","'Zn(OH)₂ (aq) + HNO3 (aq)","'85.45918274"
"'156","'LINE","'Zn(OH)NO₃(aq) + H₂O(I)","'74.46036530"
"'156","'LINE","'The above basic salts further react with acids to form normal salts.","'99.99267578"
"'156","'LINE","'AI(OH)CI (aq) + HCI (aq)","'95.71823120"
"'156","'LINE","'AICI₃ (aq) + H₂O(I)","'84.12751770"
"'156","'LINE","'Zn(OH) (aq) + 2HNO3 (aq)","'89.38919067"
"'156","'LINE","'Zn(NO₃)₂ (aq) + 2H₂O(I)","'82.09352875"
"'156","'LINE","'General Methods for the Preparation of Salts","'99.98453522"
"'156","'LINE","'?","'96.88476563"
"'156","'LINE","'How salts could be prepared? List a few methods to","'99.75350189"
"'156","'LINE","'prepare sodium chloride in the laboratory? Discuss in","'99.93797302"
"'156","'LINE","'your group and present it to the class.","'99.96796417"
"'156","'LINE","'Activity 3.20","'99.86288452"
"'156","'LINE","'Usually soluble salts are prepared by methods that involve crystallization, while","'99.92131805"
"'156","'LINE","'insoluble salts are prepared by methods that involve precipitation.","'99.97686005"
"'156","'LINE","'1. Preparation of Soluble Salts","'99.85630798"
"'156","'LINE","'A. The reaction of an acid and a metal (Direct Displacement method)","'96.78362274"
"'156","'LINE","'This is direct displacement method in which hydrogen ion of acid is replaced by a","'99.88273621"
"'156","'LINE","'reactive metal. Such as calcium, magnesium, zinc and iron, e.g.","'99.90864563"
"'156","'LINE","'150","'99.76562500"
"'157","'LINE","'Important Inorganic Compounds","'99.83757019"
"'157","'LINE","'Active metal + Acid","'99.39433289"
"'157","'LINE","'Salt + Hydrogen","'99.12734222"
"'157","'LINE","'Mg(s) + 2HCI (aq)","'98.24059296"
"'157","'LINE","'MgCl₂(aq) + H₂(g)","'74.17995453"
"'157","'LINE","'Zn (s) + H2SO4 (aq)","'91.97094727"
"'157","'LINE","'ZnSO₄ (aq) + H2 (g)","'90.85212708"
"'157","'LINE","'Note that the reactions of Group IA metals like sodium and potassium are very","'99.96327209"
"'157","'LINE","'vigorous and it is not advisable to use the metals of Group IA for the preparation of","'99.90778351"
"'157","'LINE","'salts by this method.","'99.99511719"
"'157","'LINE","'B. The reaction of an acid and a base (Neutralization method)","'96.54476166"
"'157","'LINE","'It is a neutralization reaction in which acid and base react to produce a salt and water","'99.75173187"
"'157","'LINE","'Acid + Base","'99.59609222"
"'157","'LINE","'Salt + Water","'99.37799072"
"'157","'LINE","'HCI (aq) + NaOH(aq)","'96.04960632"
"'157","'LINE","'NaCl(aq) + H₂O(g)","'84.76017761"
"'157","'LINE","'Exercise 3.11","'99.47265625"
"'157","'LINE","'Identify the base and the acid used for the formation of each of the following","'99.97428894"
"'157","'LINE","'salts","'99.99023438"
"'157","'LINE","'a. Zinc sulphate (ZnSO₄)","'97.19836426"
"'157","'LINE","'C. Silver acetate (CH₃COOAg)","'88.54970551"
"'157","'LINE","'b. Calcium phosphate Ca₃(PO₄)₂","'95.82086182"
"'157","'LINE","'d. Sodium carbonate (Na2CO₃)","'87.66821289"
"'157","'LINE","'C. By the reaction of an acid and metallic oxide","'98.41097260"
"'157","'LINE","'Mostly the insoluble metallic oxides react with dilute acids to form salt and water","'99.98448181"
"'157","'LINE","'Metallic oxide + Dilute Acid","'99.61084747"
"'157","'LINE","'Salt + Water","'99.54726410"
"'157","'LINE","'CuO(s) + H2SO4 (aq)","'83.98098755"
"'157","'LINE","'CuSO₄(aq) + H₂O(aq)","'66.65723419"
"'157","'LINE","'ZnO (s) + 2HNO3 (aq)","'91.24353790"
"'157","'LINE","'Zn(NO₃)₂ (aq) + H2O (I)","'89.76745605"
"'157","'LINE","'D. The reaction of an acid and a carbonate or bicarbonate:","'99.80327606"
"'157","'LINE","'Dilute acids react with metallic carbonates to produce salts, water and carbon dioxide","'99.97640991"
"'157","'LINE","'gas.","'99.97070313"
"'157","'LINE","'Metal carbonates or Bicarbonates + Dilute acid","'99.72855377"
"'157","'LINE","'Salt + Water + Carbon dioxide","'99.31112671"
"'157","'LINE","'Na2CO3 (aq) + 2HNO3 (aq)","'81.28571320"
"'157","'LINE","'NaNO₃(aq) + H₂O(I) + CO₂(g)","'79.32090759"
"'157","'LINE","'Ca(HCO₃)₂ (s) + 2HCI (aq)","'92.51495361"
"'157","'LINE","'CaCl₂ (aq) + 2H2O (I) + 2CO2 (g)","'85.66814423"
"'157","'LINE","'2.","'99.96093750"
"'157","'LINE","'Preparation of Insoluble Salts by Double Decomposition (Precipitation)","'99.85814667"
"'157","'LINE","'In this method, usually solutions of soluble salts are mixed. During the reaction,","'99.96414185"
"'157","'LINE","'exchange of ionic radicals (i.e., metallic radicals exchange with acidic radicals) takes","'99.96453857"
"'157","'LINE","'place to produce two new salts. One of the salts is insoluble and the other is soluble.","'99.97793579"
"'157","'LINE","'The insoluble salt precipitates (solidify in solution).","'99.76815796"
"'157","'LINE","'AgNO₃(aq)","'68.06501007"
"'157","'LINE","'+","'97.33318329"
"'157","'LINE","'NaCl(aq)","'87.15003204"
"'157","'LINE","'AgCI(s) + NaNO₃(aq)","'83.07823181"
"'157","'LINE","'Na2CO₃(aq) + CuSO₄(aq)","'68.74488831"
"'157","'LINE","'CuCO₃ (s) + Na2SO₄ (aq)","'77.35646057"
"'157","'LINE","'151","'99.65820313"
"'158","'LINE","'Chemistry Grade 10","'99.92785645"
"'158","'LINE","'Experiment 3.13","'99.42831421"
"'158","'LINE","'Preparation of Sodium Chloride","'99.98779297"
"'158","'LINE","'Objective: to prepare sodium chloride from sodium bicarbonate","'99.99013519"
"'158","'LINE","'Chemicals: Sodium bicarbonate, concentrated hydrochloric acid.","'99.98183441"
"'158","'LINE","'Apparatus: Evaporating dish, graduated cylinder, Burner.","'99.98671722"
"'158","'LINE","'Procedure","'99.96014404"
"'158","'LINE","'1. Add to the dish about 5 g of NaHCO₃ and weigh again. Record the mass in","'97.41410828"
"'158","'LINE","'blank (a) in the table below.","'99.74971771"
"'158","'LINE","'2. Add 5 to 6 mL of distilled water to the dish to wet the bicarbonate. Cover the","'99.91194916"
"'158","'LINE","'dish with a watch glass.","'99.55421448"
"'158","'LINE","'3. Move the watch glass aside slightly and add, in small portions, about 6 mL of","'99.89820862"
"'158","'LINE","'concentrated hydrochloric acid from a 10 mL graduated cylinder. These small","'99.77088165"
"'158","'LINE","'portions of acid should be added so that the acid runs down the inside wall of","'98.80873108"
"'158","'LINE","'the evaporating dish. After the addition of 6 mL of acid, continue adding acid","'99.93055725"
"'158","'LINE","'only as long as CO2 (gas) continues to be evolved. Remove the watch glass","'98.68489075"
"'158","'LINE","'and evaporate to dryness over a water bath (the evaporating dish is placed","'99.74149323"
"'158","'LINE","'on top of a beaker containing boiling water).","'99.81014252"
"'158","'LINE","'4. Next, heat the dish on wire gauze with the burner for about 3 minutes. Allow","'99.94107056"
"'158","'LINE","'the dish to cool and weigh accurately. Again, heat the dish, cool, and weigh.","'99.97158813"
"'158","'LINE","'Continue heating and weighing until the dish reaches constant mass. Record","'99.98919678"
"'158","'LINE","'this constant mass in blank (d) in the table below.","'99.97941589"
"'158","'LINE","'Questions:","'99.99023438"
"'158","'LINE","'1. What is the product formed? Write the balanced chemical equation for the","'99.93878937"
"'158","'LINE","'reaction.","'100.00000000"
"'158","'LINE","'2. What is the change as the reaction occurs? What does this show?","'99.96895599"
"'158","'LINE","'Write a laboratory report and present to the class.","'99.69611359"
"'158","'LINE","'Some of the most important bases are listed corresponding to their uses in the","'99.96246338"
"'158","'LINE","'following table.","'99.98535156"
"'158","'LINE","'152","'99.68750000"
"'159","'LINE","'Important Inorganic Compounds","'99.92379761"
"'159","'LINE","'Table 3.5 Some important salts and their uses.","'99.93816376"
"'159","'LINE","'Salts","'100.00000000"
"'159","'LINE","'Uses","'100.00000000"
"'159","'LINE","'Sodium chloride (common","'99.93083954"
"'159","'LINE","'1. Preparation and preservation of food","'99.86072540"
"'159","'LINE","'salt, NaCI)","'85.45479584"
"'159","'LINE","'2. Raw material for the manufacture of sodium,","'99.95413208"
"'159","'LINE","'chlorine, and sodium hydroxide","'99.98515320"
"'159","'LINE","'3. Component of Oral Rehydration Salt (ORS)","'99.93492126"
"'159","'LINE","'4. Manufacture of baking soda (NaHCO₃) and","'98.09194183"
"'159","'LINE","'Na2CO₃","'46.19439697"
"'159","'LINE","'5. In making a freezing mixture which is used by ice","'99.81347656"
"'159","'LINE","'cream vendors","'99.95117188"
"'159","'LINE","'Ammonium nitrate,","'99.63229370"
"'159","'LINE","'Nitrogenous fertilizer and in explosives","'99.87878418"
"'159","'LINE","'(NH₄NO₃","'87.80552673"
"'159","'LINE","'Copper (II) sulphate,","'99.27980042"
"'159","'LINE","'1. Used to make Bordeaux mixture (mixture of CuSO₄","'96.80558014"
"'159","'LINE","'(CuSO₄)","'86.28408051"
"'159","'LINE","'and Ca(OH)₂ and other fungicides. Bordeaux","'97.17956543"
"'159","'LINE","'mixture is used to prevent fungal attack of leaves","'99.96609497"
"'159","'LINE","'and vines","'99.98535156"
"'159","'LINE","'2. Useful in electroplating and dyeing","'99.97545624"
"'159","'LINE","'Iron (III) chloride, (FeCl₃)","'90.71956635"
"'159","'LINE","'1. Used in the treatment of waste water","'99.92758179"
"'159","'LINE","'2. Used for etching printed circuits","'99.97030640"
"'159","'LINE","'Potassium nitrate, (KNO₃)","'96.31742859"
"'159","'LINE","'1. Used in making gun powder ((mixture of KNO₃,","'94.59278870"
"'159","'LINE","'carbon and sulphur) and other explosives","'99.94861603"
"'159","'LINE","'2. Used as fertilizer in agriculture","'99.88786316"
"'159","'LINE","'Calcium sulphate,","'99.89138031"
"'159","'LINE","'Used for plastering walls and supporting fractured","'99.97013092"
"'159","'LINE","'(CaSO₄.2H₂O, Gypsum)","'67.61250305"
"'159","'LINE","'bones.","'100.00000000"
"'159","'LINE","'Barium sulphate, (BaSO₄)","'98.08779907"
"'159","'LINE","'1. Given to patients as a ""barium meal"" before","'99.18309784"
"'159","'LINE","'gastrointestinal x-ray photography","'99.54307556"
"'159","'LINE","'2. Used as a white pigment","'99.56436920"
"'159","'LINE","'Iron (II) sulphate (FeSO₄)","'95.95907593"
"'159","'LINE","'Given as iron tablets to patients who suffer from","'99.96935272"
"'159","'LINE","'anemia","'99.87065887"
"'159","'LINE","'Properties of Salts","'99.94033813"
"'159","'LINE","'Salts can be classified depending on the anion (negative ion) they possess, because","'99.59107208"
"'159","'LINE","'the anion is partly responsible for the solubility of the salt.","'99.97033691"
"'159","'LINE","'1. Solubility of salts","'99.84539032"
"'159","'LINE","'When salts are added to water or water is added to salt, different types of actions","'99.95687866"
"'159","'LINE","'take place. Some salts are soluble in water; some are insoluble while some salts are","'99.97380066"
"'159","'LINE","'only slightly soluble.","'99.97342682"
"'159","'LINE","'2. Tendency to absorb water from the atmosphere or release water to the atmosphere.","'99.95914459"
"'159","'LINE","'Salts can be classified as hygroscopic, deliquescent and efflorescent depending","'99.85494995"
"'159","'LINE","'on their tendency to absorb water from or release water to the atmosphere.","'99.96351624"
"'159","'LINE","'153","'99.56791687"
"'160","'LINE","'Chemistry Grade 10","'99.92459869"
"'160","'LINE","'Hygroscopic salts are those which absorb water from the atmosphere but remain","'99.96447754"
"'160","'LINE","'solid.","'100.00000000"
"'160","'LINE","'Example: Anhydrous copper (II) sulphate, CuSO₄","'94.78797913"
"'160","'LINE","'Deliquescent salts absorb water from the atmosphere to form a solution. The process","'99.78592682"
"'160","'LINE","'of absorbing water from the atmosphere by a solid to form a solution is called","'99.78414917"
"'160","'LINE","'deliquescence.","'99.33294678"
"'160","'LINE","'Example: Calcium chloride(CaCl₂), Sodium nitrate (NaNO₃), Iron(III) chloride (FeCl₃)","'91.40222168"
"'160","'LINE","'Efflorescent salts lose their water of crystallization to the atmosphere. The loss of","'99.93886566"
"'160","'LINE","'water of crystallization by solid crystals to the atmosphere is known as efflorescence.","'99.88484955"
"'160","'LINE","'It is very important to note that all deliquescent substances are hygroscopic, but all","'99.90586090"
"'160","'LINE","'hygroscopic substances are not necessarily deliquescent.","'99.78605652"
"'160","'LINE","'Example 3.22: Hydrated sodium carbonate (Na₂CO₃₁⁰H₂O), Hydrated sodium","'88.86544037"
"'160","'LINE","'sulphate (Na₂SO₄ 10H2O)","'68.69755554"
"'160","'LINE","'3. Aqueous solutions of soluble salts are good conductors of electricity, because","'99.95803070"
"'160","'LINE","'they release mobile positive and negative ions in solution.","'99.96031189"
"'160","'LINE","'NaNO₃ (aq)","'86.54814911"
"'160","'LINE","'Na+ (aq) + NO3- (aq)","'73.84496307"
"'160","'LINE","'CaCl₂ (aq)","'78.09779358"
"'160","'LINE","'Ca2 (aq) + (aq)","'78.83836365"
"'160","'LINE","'4. Thermal stability of salts: Thermal stability of a salt is the property of a salt to","'99.60411072"
"'160","'LINE","'resist irreversible change in its chemical or physical structure, often by resisting","'99.97789001"
"'160","'LINE","'decomposition at a high relative temperature. When different salts containing","'99.81728363"
"'160","'LINE","'the same anion are heated, they may not show similar behavior. Some salts are","'99.97901917"
"'160","'LINE","'thermally stable while others undergo decomposition. The following examples","'99.92028046"
"'160","'LINE","'illustrate this fact.","'99.89749146"
"'160","'LINE","'A. Thermal decomposition of carbonates","'96.44467163"
"'160","'LINE","'All the carbonates of Group IIA undergo thermal decomposition to the metal oxide","'99.78092194"
"'160","'LINE","'and carbon dioxide gas. The term ""thermal decomposition"" describes splitting up a","'99.41448975"
"'160","'LINE","'compound by heating it. Carbonates are salts containing a carbonate, CO₃², as an","'97.43893433"
"'160","'LINE","'anion.","'99.96014404"
"'160","'LINE","'If ""M"" represents any one of the elements, the following describes this decomposition:","'98.74945068"
"'160","'LINE","'MCO₃(s)","'67.59168243"
"'160","'LINE","'MO(s) + CO₂","'59.15935516"
"'160","'LINE","'The carbonates of Group IIA are: MgCO₃, CaCO₃, SrCO₃, BaCO₃","'88.42251587"
"'160","'LINE","'The carbonates become more thermally stable down the group. In Group IA, lithium","'99.90213013"
"'160","'LINE","'carbonate behaves in the same way, producing lithium oxide and carbon dioxide:","'99.97274780"
"'160","'LINE","'Li2CO₃(s)","'43.63819504"
"'160","'LINE","'Li₂O(s)+CO₂","'55.02849960"
"'160","'LINE","'The rest of the Group IA carbonates do not decompose at laboratory temperatures,","'99.89611816"
"'160","'LINE","'154","'99.71600342"
"'161","'LINE","'Important Inorganic Compounds","'99.89723206"
"'161","'LINE","'although at higher temperatures this becomes possible. The decomposition temperatures","'99.87063599"
"'161","'LINE","'again increase down the group.","'99.99414063"
"'161","'LINE","'Most transition metals decompose on heating to give the metal oxides and carbon","'99.98710632"
"'161","'LINE","'dioxide:","'99.95037079"
"'161","'LINE","'Example 3.23:","'99.83727264"
"'161","'LINE","'CuCO3 (s)","'76.40744781"
"'161","'LINE","'CuO (s) + CO2 (g)","'91.63385010"
"'161","'LINE","'B. Thermal decomposition of nitrates","'98.21054077"
"'161","'LINE","'Nitrates are salts containing a nitrate, NO₃⁻, as an anion. The Group IIA and most","'96.13238525"
"'161","'LINE","'transition metal nitrates undergo thermal decomposition to the metal oxide, nitrogen","'99.91310883"
"'161","'LINE","'dioxide and oxygen gas.","'99.89970398"
"'161","'LINE","'Nitrate","'99.93083954"
"'161","'LINE","'Metal oxide + Nitrogen dioxide + Oxygen","'99.39535522"
"'161","'LINE","'Example 3.24: 2Mg(NO₃)₂ (s)","'93.48243713"
"'161","'LINE","'2MgO (s) + 4NO2 (g) + O2 (g)","'89.02616882"
"'161","'LINE","'2Pb(NO₃)₂ (s)","'74.62591553"
"'161","'LINE","'2PbO (s) + 4NO2 (g) + O2 (g)","'87.47189331"
"'161","'LINE","'Nitrates of sodium and potassium decompose on heating to give nitrites (instead of","'99.92509460"
"'161","'LINE","'the oxides) and oxygen gas;","'99.94077301"
"'161","'LINE","'2NaNO3 (s)","'76.02658844"
"'161","'LINE","'2NaNO₂ (s) + O2 2 (g)","'83.97514343"
"'161","'LINE","'2KNO3 (s)","'76.38223267"
"'161","'LINE","'2KNO₂ (s) + (g)","'84.43144989"
"'161","'LINE","'The carbonate and nitrate of lithium differ from those of sodium and potassium; they","'99.94950867"
"'161","'LINE","'decompose on heating in the following manner:","'99.96488953"
"'161","'LINE","'4LiNO3 (s)","'82.89411163"
"'161","'LINE","'2Li2O (s) + 4NO2 (s) + O2 (g)","'83.85189056"
"'161","'LINE","'Li2CO3 (s)","'89.68879700"
"'161","'LINE","'Li2O (s) + CO2 (g)","'88.57472229"
"'161","'LINE","'Note that both the nitrates and carbonates of lithium are thermally unstable similar to","'99.93038940"
"'161","'LINE","'Group IIA. This reveals that lithium behaves more like Group IIA rather than Group IA.","'99.69722748"
"'161","'LINE","'Chemical Tests of Some lons in Salt","'97.54170990"
"'161","'LINE","'?","'94.67773438"
"'161","'LINE","'1. Do you know why fireworks give different colors?","'99.76615906"
"'161","'LINE","'Consult books in your library, and discuss in your","'99.93374634"
"'161","'LINE","'group. Explain to the class.","'99.97249603"
"'161","'LINE","'2. How do chemists know of the presence of certain","'99.99113464"
"'161","'LINE","'ions in a compound?","'99.38825226"
"'161","'LINE","'Activity 3.21","'99.79860687"
"'161","'LINE","'155","'99.79412842"
"'162","'LINE","'Chemistry Grade 10","'99.95389557"
"'162","'LINE","'Experiment 3.14","'99.43319702"
"'162","'LINE","'Test for Cations-I","'95.54275513"
"'162","'LINE","'Objective: To identify the presence of Li⁺, Na⁺, K+, Ca²⁺, Sr²⁺ and Ba²⁺ in salts","'85.69335938"
"'162","'LINE","'by flame tests.","'99.98345947"
"'162","'LINE","'Chemicals: Distilled water, salts containing Li+, Na⁺, K+, Ca²⁺, Sr²⁺ and Ba²⁺.","'86.15777588"
"'162","'LINE","'Apparatus: Platinum or nichrome wire, watch glass, Bunsen burner.","'99.98680115"
"'162","'LINE","'Procedure:","'99.96014404"
"'162","'LINE","'1. Place a small amount of the salt containing a Li+ ion on a watch glass, moisten","'98.67857361"
"'162","'LINE","'it with pure concentrated HCI, dip the tip of the platinum or Nichrome wire","'99.05509949"
"'162","'LINE","'into the moist salt and then bring to the Bunsen flame.","'99.98203278"
"'162","'LINE","'2. Observe the colour produced.","'99.99804688"
"'162","'LINE","'3. Repeat the same step for salts containing Na+, K+, Ca²⁺, Sr²⁺ and Ba²⁺ and","'89.35165405"
"'162","'LINE","'record your observations. Rinse the platinum or nichrome wire with distilled","'99.98203278"
"'162","'LINE","'water after each test.","'99.99003601"
"'162","'LINE","'Question:","'99.99023438"
"'162","'LINE","'a. Write the colour of the flame produced in the following table.","'99.35681152"
"'162","'LINE","'Table 3.6 Metal ion and corresponding flame colour","'99.95199585"
"'162","'LINE","'Metal ion in the salt","'99.90039063"
"'162","'LINE","'Colour of flame produced","'99.97030640"
"'162","'LINE","'Lithium (Li+)","'84.98345947"
"'162","'LINE","'Sodium (Na⁺)","'87.04111481"
"'162","'LINE","'Potassium (K+)","'82.65486145"
"'162","'LINE","'Calcium (Ca²⁺)","'81.53559875"
"'162","'LINE","'Strontium (Sr²⁺)","'94.30205536"
"'162","'LINE","'Barium (Ba²⁺)","'91.40206909"
"'162","'LINE","'b. Write a laboratory report and present to the class.","'99.71454620"
"'162","'LINE","'Flame tests are used to identify the presence of a relatively small number of metal","'99.81642151"
"'162","'LINE","'ions in a compound. Certain metals give a characteristic color to a Bunsen flame when","'99.74233246"
"'162","'LINE","'their solid salts or moist salts are heated directly in the flame. A flame test is commonly","'99.40769958"
"'162","'LINE","'used to identify the presence of lithium, sodium, potassium, calcium, strontium and","'99.88380432"
"'162","'LINE","'barium ions in salts.","'99.96542358"
"'162","'LINE","'156","'99.75585938"
"'163","'LINE","'Important Inorganic Compounds","'99.90048218"
"'163","'LINE","'Experiment 3.15","'99.09628296"
"'163","'LINE","'Test for Cations - II","'91.37017822"
"'163","'LINE","'Objectives: To identify the presence of Cu²⁺, Fe2⁺ and Fe³⁺ in salts.","'90.88721466"
"'163","'LINE","'Chemicals: Ammonia solution, sodium hydroxide solution, salts containing each of","'99.99707031"
"'163","'LINE","'Cu²⁺, Fe2⁺ and Fe³⁺ ions","'81.73859406"
"'163","'LINE","'Apparatus: Beakers, test tubes, test tube rack, glass rod.","'99.97586060"
"'163","'LINE","'Procedure:","'99.96014404"
"'163","'LINE","'1. Dissolve a salt containing Cu²⁺ in the first beaker, Fe2⁺ in the second and Fe³⁺ in","'92.94898224"
"'163","'LINE","'the third. Take three test tubes and add a 2 mL solution of (each ion) Cu²⁺ salt","'97.31533813"
"'163","'LINE","'to the first, Fe2⁺ salt solution to the second and Fe³⁺ salt solution to the third.","'95.73812866"
"'163","'LINE","'2. Add aqueous ammonia in small quantities until it is in excess, to the first test","'99.94371033"
"'163","'LINE","'tube containing a copper (II) salt solution and record your observations.","'99.66979980"
"'163","'LINE","'3. Add sodium hydroxide solution in small quantities, until it is present in excess, to","'99.95324707"
"'163","'LINE","'the second and third test tubes, and record your observations.","'99.98609161"
"'163","'LINE","'Questions:","'100.00000000"
"'163","'LINE","'1. What does the formation of a blue precipitate in the first indicate? Write the","'99.78153992"
"'163","'LINE","'chemical equation for the blue precipitate formation.","'99.96025848"
"'163","'LINE","'2. Observe the colours of the precipitates formed and complete the following","'99.98684692"
"'163","'LINE","'Table 3.7 Colour observed and its indication.","'99.93943787"
"'163","'LINE","'Colour observed","'99.97518921"
"'163","'LINE","'Confirms the presence of","'99.97030640"
"'163","'LINE","'Write balanced chemical equations for the reactions. Write a laboratory report","'99.84550476"
"'163","'LINE","'in group and present to the class.","'99.98175049"
"'163","'LINE","'Experiment 3.16","'99.37460327"
"'163","'LINE","'Test for Sulphates","'99.96392822"
"'163","'LINE","'Objective: To identify for the presence of sulphate using barium salts.","'99.55252075"
"'163","'LINE","'Chemicals: Any soluble sulphate salt (such as sodium sulphate), barium chloride","'99.94586182"
"'163","'LINE","'or barium nitrate solution, and dilute HCI.","'98.71623230"
"'163","'LINE","'Apparatus: Beakers, test tubes, and test tube rack,","'99.97396851"
"'163","'LINE","'Procedure: Add some sodium sulphate solution to a test tube and acidify the solu-","'99.74444580"
"'163","'LINE","'tion by adding a few drops of dilute HCI. Then add BaCl₂ or Ba(NO₃)₂ solution","'96.35852814"
"'163","'LINE","'and note if a white precipitate is formed.","'99.63331604"
"'163","'LINE","'Questions:","'99.99023438"
"'163","'LINE","'1. Name the white precipitate formed?","'99.92609406"
"'163","'LINE","'2. Why is it necessary to add a few drops of dilute HCI?","'98.00399780"
"'163","'LINE","'3. Write a balanced chemical equation for the reaction.","'99.87100983"
"'163","'LINE","'Write a laboratory report and present to the class","'99.74474335"
"'163","'LINE","'157","'99.37420654"
"'164","'LINE","'Chemistry Grade 10","'99.93436432"
"'164","'LINE","'Experiment 3.17","'99.15975952"
"'164","'LINE","'Test for Carbonates and Hydrogen Carbonates","'99.99186707"
"'164","'LINE","'Objective: To distinguish between carbonates and hydrogen carbonates","'99.38969421"
"'164","'LINE","'Chemicals: Na2CO₃, NaHCO₃, dilute HCI, lime water","'88.57627106"
"'164","'LINE","'Apparatus: Conical flasks, Beaker","'99.97274780"
"'164","'LINE","'Procedure:","'99.95037079"
"'164","'LINE","'1. Take 20 mL solution of Na2CO3 and add it to one conical flask and 20 mL","'97.30422211"
"'164","'LINE","'NaHCO3 solution to another. Add the same amount of dilute HCI to each of the","'96.57964325"
"'164","'LINE","'conical flasks; Fit a rubber stopper to which a delivery tube is inserted to each","'99.70236969"
"'164","'LINE","'conical flask. Allow the gas produced to pass through lime water and observe the","'99.98099518"
"'164","'LINE","'changes.","'99.92028046"
"'164","'LINE","'2. Again take Na2CO3 solution in one conical flask and NaHCO3 solution in the","'94.29444885"
"'164","'LINE","'other. Add the same amount of CaCl₂ solution to each of the conical flasks.","'97.61490631"
"'164","'LINE","'Questions:","'99.99023438"
"'164","'LINE","'1 What happened to the lime water in each case?","'99.77702332"
"'164","'LINE","'2. Which solution formed a white precipitate upon the addition of CaCl₂ solution?","'96.65708923"
"'164","'LINE","'3. Write balanced chemical equations for all the reactions.","'99.96808624"
"'164","'LINE","'Write a laboratory report and present it to the class.","'99.85234070"
"'164","'LINE","'Experiment 3.18","'99.34042358"
"'164","'LINE","'Test for Nitrates (Brown Ring Test)","'99.95742035"
"'164","'LINE","'Objectives: To identify the presence of nitrate in a solution.","'99.27210236"
"'164","'LINE","'Chemicals: Nitrate solution, iron (II) sulphate solution, concentrated H2SO4","'96.31605530"
"'164","'LINE","'Apparatus: Test tube, test tube rack, beaker,","'99.97884369"
"'164","'LINE","'Procedure:","'99.95037079"
"'164","'LINE","'Take 2 mL of nitrate solution in a test tube and add an equal volume of freshly","'99.85408783"
"'164","'LINE","'prepared iron (II) sulphate solution. Hold the test tube in an inclined position and","'99.87210846"
"'164","'LINE","'carefully pour concentrated sulphuric acid down along the inclined side of the","'99.98433685"
"'164","'LINE","'test tube. The acid sinks to the bottom. Carefully observe the changes in test tube.","'99.96978760"
"'164","'LINE","'Questions:","'99.99023438"
"'164","'LINE","'1. Where is the brown ring formed?","'99.89875793"
"'164","'LINE","'2. Write the chemical equation for the formation of the brown ring.","'99.98772430"
"'164","'LINE","'3. What does the formation of brown ring in the solution indicate? Write a","'99.84647369"
"'164","'LINE","'laboratory report","'99.94020844"
"'164","'LINE","'158","'99.50195313"
"'165","'LINE","'Important Inorganic Compounds","'99.92379761"
"'165","'LINE","'Exercise 3.12","'99.44824219"
"'165","'LINE","'1. You are provided separate solutions of NaCl, HCI, NaOH and Phenolphtha-","'98.35502625"
"'165","'LINE","'lein (Marked 1). All the solutions are colorless. How would you recognize the","'99.70101929"
"'165","'LINE","'solutions of acid, base and salt?","'99.96528625"
"'165","'LINE","'2. Suggest at least three methods for the preparation of salts.","'99.95939636"
"'165","'LINE","'3. Classify the following salts as soluble or insoluble in water:","'99.95524597"
"'165","'LINE","'a. NH₄CI","'89.35696411"
"'165","'LINE","'e. AgNO₃","'82.45475769"
"'165","'LINE","'i. CaSO₄","'81.10092163"
"'165","'LINE","'b. K₃PO₄","'78.62702942"
"'165","'LINE","'f. CaCl₂","'86.99099731"
"'165","'LINE","'i. BaCO₃","'84.23120117"
"'165","'LINE","'C. FeCO3","'68.98467255"
"'165","'LINE","'g. PbSO₄","'88.33506012"
"'165","'LINE","'d. AgCl","'90.58204651"
"'165","'LINE","'h. Na₂S","'85.73211670"
"'165","'LINE","'4. Why do aqueous solutions of soluble salts conduct electricity?","'99.92459106"
"'165","'LINE","'5. Which carbonates do not decompose on heating?","'99.89576721"
"'165","'LINE","'6. Nitrates mostly decompose by heat to give metal oxide, nitrogen dioxide and","'99.95500183"
"'165","'LINE","'oxygen. Which nitrates do not give these products on heating?","'99.88757324"
"'165","'LINE","'7. What reagents do you use to identify the presence of the following ions in","'99.80899048"
"'165","'LINE","'salts?","'99.93083954"
"'165","'LINE","'a. Halide ions","'99.04655457"
"'165","'LINE","'C. Sulphate, SO 4²⁻ ions?","'68.29191589"
"'165","'LINE","'b. Fe²⁺ and Fe³⁺ ion","'88.79169464"
"'165","'LINE","'Plant Nutrients","'99.91539764"
"'165","'LINE","'By the end of this topic, students will be able to","'99.93048096"
"'165","'LINE","'explain the applications of some salts as fertilizers, pesticides and herbicides;","'99.90148926"
"'165","'LINE","'give examples of salts used for fertilizers, herbicides and pesticides.","'99.86154938"
"'165","'LINE","'Form groups, discuss the following questions in class","'99.99013519"
"'165","'LINE","'and present it to the class.","'99.96894073"
"'165","'LINE","'1. Plants need nitrogen for their growth, and there is","'99.93018341"
"'165","'LINE","'plenty of nitrogen in the air. If this is so, why do we","'99.93453979"
"'165","'LINE","'apply nitrogenous fertilizers to the soil to support","'99.92790222"
"'165","'LINE","'?","'96.02539063"
"'165","'LINE","'plants growth?","'99.97518921"
"'165","'LINE","'2. Some people prefer to eat organic food that has","'99.98323822"
"'165","'LINE","'been grown without fertilizers and pesticides.","'99.84896851"
"'165","'LINE","'Does eating organic food overcome the problems","'99.99011993"
"'165","'LINE","'Activity 3.22","'99.78515625"
"'165","'LINE","'caused by artificial fertilizers?","'99.83811951"
"'165","'LINE","'Essential plant nutrients could be either macronutrients or micronutrients, depending on","'99.93957520"
"'165","'LINE","'the amount required by plants.","'99.99007416"
"'165","'LINE","'159","'99.56054688"
"'166","'LINE","'Chemistry Grade 10","'99.94113922"
"'166","'LINE","'Table 3.8 Essential plant nutrients","'99.90366364"
"'166","'LINE","'Macronutrients","'99.60140228"
"'166","'LINE","'Micronutrients","'99.27275848"
"'166","'LINE","'These are the elements required","'99.96858978"
"'166","'LINE","'These are the elements required by plants in","'99.97406769"
"'166","'LINE","'in relatively large amounts by","'99.98226166"
"'166","'LINE","'relatively small (trace) amounts.","'99.95809937"
"'166","'LINE","'plants.","'99.99023438"
"'166","'LINE","'These elements are iron, cobalt, zinc, manganese,","'99.96059418"
"'166","'LINE","'These elements are nitrogen,","'99.92331696"
"'166","'LINE","'molybdenum, copper, boron and chlorine. The","'99.95539093"
"'166","'LINE","'phosphorus, potassium, calcium,","'99.85385132"
"'166","'LINE","'elements carbon, hydrogen and oxygen are","'99.97206116"
"'166","'LINE","'magnesium, sulphur, carbon,","'99.92705536"
"'166","'LINE","'obtained by plants from air and water. These are","'99.98589325"
"'166","'LINE","'hydrogen and oxygen.","'99.87742615"
"'166","'LINE","'not considered as mineral nutrients.","'99.90122986"
"'166","'LINE","'Nitrogen, phosphorous and potassium are said to be primary mineral nutrients. What","'99.94956207"
"'166","'LINE","'are the roles of nitrogen, phosphorus and potassium in plant growth?","'99.95325470"
"'166","'LINE","'Nitrogen (N)","'99.93572998"
"'166","'LINE","'is a very important plant nutrient and absorbed by plants in the form of nitrate","'99.81977844"
"'166","'LINE","'ions (NO₃⁻).","'84.98017120"
"'166","'LINE","'is utilized in the synthesis of amino acids, proteins, coenzymes and nucleic acids","'99.96432495"
"'166","'LINE","'which are taking place in the growth and development of plants","'99.97862244"
"'166","'LINE","'is also involved in the synthesis of chlorophyll to produce a deep green color.","'99.87181091"
"'166","'LINE","'Phosphorus (P)","'99.89586639"
"'166","'LINE","'is absorbed by plants mainly in the form of H2PO₄⁻ - and HPO3²⁻ in small amounts.","'92.73153687"
"'166","'LINE","'facilitates early growth and root formation, quick maturity and promotes seed","'99.95488739"
"'166","'LINE","'or fruit production.","'99.91104889"
"'166","'LINE","'has a role in the formation of some amino acids and proteins, coenzymes, nucleic","'99.83892822"
"'166","'LINE","'acids and high energy phosphate compounds like Adenosine Triphosphate (ATP).","'99.61157227"
"'166","'LINE","'Potassium (K)","'99.81126404"
"'166","'LINE","'is absorbed by plants in the form of the K⁺ ion.","'97.78130341"
"'166","'LINE","'is a component of enzymes that facilitate the process of photosynthesis protein","'99.74903107"
"'166","'LINE","'synthesis, and adjusts stomata movement.","'99.98014832"
"'166","'LINE","'is the most important ion in controlling the turgidity of plant cells.","'99.93511200"
"'166","'LINE","'increases in the solute potential (sap concentration) within the cells which leads to","'99.89374542"
"'166","'LINE","'an increase in the amount of water that enters the cells osmotically.","'99.95877838"
"'166","'LINE","'Exercise 3.13","'99.44296265"
"'166","'LINE","'1. What is the importance of the following elements for the growth of food crops?","'99.93110657"
"'166","'LINE","'A. Nitrogen","'81.16140747"
"'166","'LINE","'B. Phosphorus","'91.31138611"
"'166","'LINE","'C. Potassium","'89.41475677"
"'166","'LINE","'2. In what form do plants absorb these elements?","'99.94486237"
"'166","'LINE","'3. Why nitrogen is not absorbed by plants in the form of N2? And phosphorous","'98.94770050"
"'166","'LINE","'not in the form of P ₄²","'85.82021332"
"'166","'LINE","'160","'99.68750000"
"'167","'LINE","'Important Inorganic Compounds","'99.84461212"
"'167","'LINE","'Fertilizers","'99.83079529"
"'167","'LINE","'Fertilizers are materials that are added to soils to increase the growth, yield or","'99.95362091"
"'167","'LINE","'nutritional value of crops. There are organic( natural) and synthetic (artificial)","'99.88899231"
"'167","'LINE","'fertilizers.","'99.59163666"
"'167","'LINE","'Organic (natural) fertilizers are fertilizers derived from animals and plants.","'99.87984467"
"'167","'LINE","'Organic fertilizers provide readily available nutrients to plants after some","'99.96232605"
"'167","'LINE","'period of decay and decomposition and can supply the elements nitrogen,","'99.95133209"
"'167","'LINE","'phosphorus, potassium and various trace elements to the soil.","'99.95380402"
"'167","'LINE","'Synthetic (artificial) fertilizers contain nitrogen, phosphorous and potassium, and","'99.84859467"
"'167","'LINE","'are known as complete fertilizers.","'99.80815887"
"'167","'LINE","'A mixed artificial fertilizer may contain nitrogen, phosphorus and potassium.","'97.97040558"
"'167","'LINE","'Such type of fertilizer is called a complete fertilizer.","'99.76064301"
"'167","'LINE","'The term NPK is used to describe fertilizers containing the elements nitrogen,","'99.94718170"
"'167","'LINE","'phosphorus and potassium.","'99.90400696"
"'167","'LINE","'Examples of artificial fertilizers are ammonium sulphate, (NH₄)₂SO₄, potassium nitrate","'94.84783173"
"'167","'LINE","'(KNO₃), ammonium nitrate (NH₄NO₃), and diammonium hydrogen phosphate, DAP","'95.67586517"
"'167","'LINE","'(NH₄)₂HPO₄). The most important mineral nutrients that need to be added to the soil","'93.82395172"
"'167","'LINE","'are usually nitrogen, phosphorus and potassium.","'99.88460541"
"'167","'LINE","'All three elements are needed in large quantities. Commercial fertilizers are","'99.89911652"
"'167","'LINE","'normally given a ""grade"", which reflects the percentages they contain of N,","'99.80732727"
"'167","'LINE","'P and K by dry weight. For example, a NPK fertilizer may be described as","'98.94196320"
"'167","'LINE","'10:10:10 indicating that there is 10% of each element in the fertilizer.","'99.70278168"
"'167","'LINE","'The suitable proportions are best determined in relation to the tested fertility of","'99.95061493"
"'167","'LINE","'the soil and the requirements of the particular crop that is being grown on it. This","'99.95346832"
"'167","'LINE","'means fertilizers of the same composition are not used for different purposes.","'99.93240356"
"'167","'LINE","'In nitrogen-deficient soil, a fertilizer containing a higher percentage of nitrogen","'99.42558289"
"'167","'LINE","'than phosphorus and potassium must be used. In addition to this, all fertilizers","'99.92140198"
"'167","'LINE","'are not used for the treatment of all kinds of soil. For example, ammonium","'99.95972443"
"'167","'LINE","'sulphate is more suitable for use in basic soils than in acidic or neutral soils.","'99.91880798"
"'167","'LINE","'Exercise 3.14","'98.94531250"
"'167","'LINE","'1. Explain the terms mixed fertilizer, complete fertilizer and fertilizer grade","'97.40591431"
"'167","'LINE","'2. Classify the following as organic or synthetic fertilizers:","'99.87244415"
"'167","'LINE","'A. NH₄NO₃","'70.34538269"
"'167","'LINE","'B. Urea","'80.53990173"
"'167","'LINE","'C. (NH₄)₂SO₄","'80.13293457"
"'167","'LINE","'3. Can the same fertilizer be applied to all types of soil? Explain.","'99.89955139"
"'167","'LINE","'Pesticides","'99.95037079"
"'167","'LINE","'Pesticides are chemicals that can be applied to crops to kill pests that affect","'99.94130707"
"'167","'LINE","'plant growth and development.","'99.95281982"
"'167","'LINE","'161","'99.69726563"
"'168","'LINE","'Chemistry Grade 10","'99.95416260"
"'168","'LINE","'Herbicides","'99.96014404"
"'168","'LINE","'Herbicides (weed killers) are chemicals used to manipulate or control","'99.94280243"
"'168","'LINE","'undesirable plants. Some examples of herbicidal salts are: Common salt ( NaCI),","'95.86349487"
"'168","'LINE","'copper sulphate ( CuSO₄), sodium arsenite (NaAsO₂), Ammonium sulphamate","'94.11210632"
"'168","'LINE","'(NH₄SO₃NH₂), sodium chlorate (NaCIO₃).","'79.10868835"
"'168","'LINE","'Reading Assignment","'99.97518921"
"'168","'LINE","'Read about the use of more salts as pesticides and herbicides from a reliable source","'99.64873505"
"'168","'LINE","'and present it to your class.","'99.96392822"
"'168","'LINE","'Check List for Reference","'99.98046875"
"'168","'LINE","'Key Terms of the Unit","'99.99218750"
"'168","'LINE","'Alkalis","'100.00000000"
"'168","'LINE","'for water (kw)","'99.97721100"
"'168","'LINE","'Non-volatile acid","'99.93612671"
"'168","'LINE","'Acid salt","'99.96093750"
"'168","'LINE","'Dilute acid","'99.95565796"
"'168","'LINE","'Normal salt","'99.98535156"
"'168","'LINE","'Acidic oxide","'99.98046875"
"'168","'LINE","'Electrolyte","'99.97070313"
"'168","'LINE","'pH","'98.28683472"
"'168","'LINE","'Acid, basic and","'99.97694397"
"'168","'LINE","'Efflorescent","'99.67135620"
"'168","'LINE","'Peroxide","'99.92028046"
"'168","'LINE","'normal salt","'99.98046875"
"'168","'LINE","'Fertilizer","'99.96014404"
"'168","'LINE","'pOH","'73.93335724"
"'168","'LINE","'Amphoteric oxide","'99.93532562"
"'168","'LINE","'Flame test","'99.96093750"
"'168","'LINE","'Pesticide","'99.80069733"
"'168","'LINE","'Arrhenius acid","'99.99511719"
"'168","'LINE","'Hygroscopic","'99.80069733"
"'168","'LINE","'Polyprotic acid","'99.93083954"
"'168","'LINE","'Arrhenius base","'99.99511719"
"'168","'LINE","'Litmus","'99.96014404"
"'168","'LINE","'Salt","'100.00000000"
"'168","'LINE","'Basic salt","'99.94140625"
"'168","'LINE","'Macronurient","'99.56153870"
"'168","'LINE","'Strong acid","'99.96542358"
"'168","'LINE","'Basic oxide","'99.98046875"
"'168","'LINE","'Molarity","'99.88042450"
"'168","'LINE","'Strong base","'99.97518921"
"'168","'LINE","'Binary acid","'99.95037079"
"'168","'LINE","'Micronutrient","'99.20280457"
"'168","'LINE","'Ternary acid","'99.99511719"
"'168","'LINE","'Concentrated acid","'99.97518921"
"'168","'LINE","'Monoprotic acid","'99.89546204"
"'168","'LINE","'Universal indicator","'99.97518921"
"'168","'LINE","'Deliquescent","'99.84056091"
"'168","'LINE","'Neutral oxide","'99.95037079"
"'168","'LINE","'Weak acid","'99.95077515"
"'168","'LINE","'Dissociation constant","'99.84584808"
"'168","'LINE","'Neutralization","'99.83079529"
"'168","'LINE","'Weak base","'99.96582031"
"'168","'LINE","'Unit Summary","'99.95565796"
"'168","'LINE","'Inorganic compounds are those compounds that originate from mineral constituents","'96.97180176"
"'168","'LINE","'of the earth's crust. Inorganic compounds may be classified as oxides, acids, bases","'99.93598175"
"'168","'LINE","'and salts.","'99.96542358"
"'168","'LINE","'Oxides are binary compounds consisting of oxygen and any other element. Most","'99.95783234"
"'168","'LINE","'common oxides are classified as acidic, basic, amphoteric, neutral oxides and","'99.94075012"
"'168","'LINE","'peroxides. Acidic oxides are oxides of non-metallic elements. Basic oxides are","'99.97137451"
"'168","'LINE","'oxides of metals. These metal oxides which dissolve in water are also called basic","'99.98384094"
"'168","'LINE","'anhydrides. Amphoteric oxides are those oxides which show the properties of","'99.95761871"
"'168","'LINE","'both acids and bases. Neutral oxides are those oxides which do not show basic","'99.98941803"
"'168","'LINE","'or acidic properties. Peroxides are oxides containing a peroxide (-0-0-) link and","'96.17098236"
"'168","'LINE","'the oxidation state of oxygen is -1.","'98.97816467"
"'168","'LINE","'Arrhenius acids are substances that release hydrogen ions or protons in aqueous","'99.93816376"
"'168","'LINE","'162","'99.83398438"
"'169","'LINE","'Important Inorganic Compounds","'99.88447571"
"'169","'LINE","'solution. Arrhenius bases are substances that release hydroxide (OH-) ions in","'99.15613556"
"'169","'LINE","'aqueous solution. Strong acids and strong bases ionize almost completely in","'99.94756317"
"'169","'LINE","'aqueous solution. Weak acids and weak bases ionize only slightly in aqueous","'99.94861603"
"'169","'LINE","'solution.","'99.96014404"
"'169","'LINE","'pH is the negative logarithm of hydrogen ion concentration pH = -log [H⁺].","'98.30643463"
"'169","'LINE","'pOH is the negative logarithm of hydroxide ion concentration pOH = -log[OH⁻].","'94.51251984"
"'169","'LINE","'KW = [H⁺][OH⁻] = 1 X 10⁻¹⁴ at 25°C.","'90.75266266"
"'169","'LINE","'pKw = pH+ pOH = 14 at 25°C","'88.24652100"
"'169","'LINE","'Salt is an ionic compound containing a cation derived from a base and anion","'99.67674255"
"'169","'LINE","'derived from an acid. Salts may be classified as acidic, normal and basic salts.","'99.96488953"
"'169","'LINE","'An acid salt is formed when ionizable hydrogen atoms of an acid are replaced","'99.93991089"
"'169","'LINE","'partly by a metal ion or ammonium ion. A normal salt is formed when all ionizable","'99.05955505"
"'169","'LINE","'hydrogen atoms of an acid are completely replaced by a metal or ammonium ion.","'99.83385468"
"'169","'LINE","'A basic salt is a salt containing ionizable hydroxide ion.","'98.20645142"
"'169","'LINE","'Hygroscopic salt absorb water from the atmosphere. Deliquescent salt absorb","'99.94126892"
"'169","'LINE","'water from the atmosphere and dissolve in the water absorbed to form solutions.","'99.97796631"
"'169","'LINE","'Deliquescent salt absorb water from the atmosphere and dissolve in the water","'99.98101807"
"'169","'LINE","'absorbed to form solutions. Efflorescent salt lose their water of crystallization to","'99.93045044"
"'169","'LINE","'the atmosphere.","'99.92556000"
"'169","'LINE","'Plant nutrients are minerals required by plants for their growth and development.","'99.97118378"
"'169","'LINE","'The elements plants need for their growth and development are classified as","'99.96575165"
"'169","'LINE","'Macronutrients and micronutrients depending on the amount utilized by them.","'99.83380127"
"'169","'LINE","'Fertilizers are natural products or synthetic chemicals that are added to the soil","'99.95762634"
"'169","'LINE","'to increase its crop producing potential. Synthetic fertilizers are classified as","'99.92625427"
"'169","'LINE","'nitrogen, phosphorus and potassium fertilizers. Pesticides are chemicals used in","'99.86268616"
"'169","'LINE","'agriculture to kill pests that reduce crop yields.","'99.90431213"
"'169","'LINE","'Review Exercises","'99.97070313"
"'169","'LINE","'Part I: Match the substances in column X with those properties in column Y","'99.47684479"
"'169","'LINE","'Column X","'98.74571228"
"'169","'LINE","'Column Y","'99.88729858"
"'169","'LINE","'1.","'99.41087341"
"'169","'LINE","'Apple (pH = 3.3)","'97.81893158"
"'169","'LINE","'A.","'69.71719360"
"'169","'LINE","'Strongly Acidic","'99.99511719"
"'169","'LINE","'2.","'99.96093750"
"'169","'LINE","'Tomato (pH =4.4)","'97.00932312"
"'169","'LINE","'B.","'63.64955139"
"'169","'LINE","'Strongly Alkaline","'99.86576843"
"'169","'LINE","'3.","'99.95117188"
"'169","'LINE","'Household ammonia (pH = 11.9)","'97.84765625"
"'169","'LINE","'C.","'84.62551880"
"'169","'LINE","'Neutral","'99.96014404"
"'169","'LINE","'4.","'99.95117188"
"'169","'LINE","'Distilled water (pH =7)","'97.75933838"
"'169","'LINE","'D.","'99.95117188"
"'169","'LINE","'Weakly acidic","'99.97518921"
"'169","'LINE","'5.","'99.91210938"
"'169","'LINE","'Hydrochloric acid (pH = 0.0)","'98.07525635"
"'169","'LINE","'E.","'94.45053101"
"'169","'LINE","'Weakly alkaline","'99.92067719"
"'169","'LINE","'6.","'99.89257813"
"'169","'LINE","'Grapes (pH = 4.5)","'97.46865845"
"'169","'LINE","'7.","'99.91131592"
"'169","'LINE","'Milk of magnesia (pH = 10.5)","'98.90146637"
"'169","'LINE","'8.","'99.97070313"
"'169","'LINE","'Dish-washing powder (pH = 12)","'97.76718140"
"'169","'LINE","'163","'99.71679688"
"'170","'LINE","'Chemistry Grade 10","'99.92459869"
"'170","'LINE","'Part II: Match the ions or molecules in column X with the correct test reagent in","'99.80856323"
"'170","'LINE","'column Y","'99.95077515"
"'170","'LINE","'Column X","'99.21366882"
"'170","'LINE","'Column Y","'99.87753296"
"'170","'LINE","'9.","'99.88281250"
"'170","'LINE","'Iron (II) ion","'99.24771118"
"'170","'LINE","'a.","'98.76913452"
"'170","'LINE","'Silver nitrate","'99.88082123"
"'170","'LINE","'10.","'99.68590546"
"'170","'LINE","'lodide ion","'98.21109772"
"'170","'LINE","'b.","'99.92187500"
"'170","'LINE","'Acidified barium nitrate","'99.91728973"
"'170","'LINE","'11.","'98.69798279"
"'170","'LINE","'Sulphate ion","'99.70992279"
"'170","'LINE","'C.","'76.44531250"
"'170","'LINE","'Heat with aluminium","'99.88420868"
"'170","'LINE","'12.","'99.52148438"
"'170","'LINE","'Carbon dioxide","'99.96582031"
"'170","'LINE","'d.","'99.96093750"
"'170","'LINE","'Iron (II) sulphate & sulphuric acid","'99.67282104"
"'170","'LINE","'13.","'99.65820313"
"'170","'LINE","'Nitrate ion","'99.74001312"
"'170","'LINE","'e.","'98.49748230"
"'170","'LINE","'Sodium hydroxide","'99.93083954"
"'170","'LINE","'f.","'99.88281250"
"'170","'LINE","'Limewater","'99.95037079"
"'170","'LINE","'Part III: Fill in the blanks by using the correct words /terms given in the brackets","'99.83848572"
"'170","'LINE","'14. The pH value of an acid is","'99.71455383"
"'170","'LINE","'than 7. (greater/less)","'98.82679749"
"'170","'LINE","'15. A solution is said to have","'97.65650940"
"'170","'LINE","'character when its pH value is greater than seven","'99.76037598"
"'170","'LINE","'(basic/acidic)","'93.12679291"
"'170","'LINE","'16. The pH value of a neutral solution is","'99.63373566"
"'170","'LINE","'at 298K. (Zero/7)","'97.98774719"
"'170","'LINE","'17. The pH of 10⁻⁶ is","'98.08334351"
"'170","'LINE","'than the pH of 10⁻⁴ HCI. (greater/less)","'96.65984344"
"'170","'LINE","'18. The pH of water decreases when","'99.70341492"
"'170","'LINE","'is dissolved in it. (NH₃/SO₂)","'93.36563110"
"'170","'LINE","'19. The hydrogen ion concentration of a solution with pH = 3 is","'99.05469513"
"'170","'LINE","'than the solution","'99.96392822"
"'170","'LINE","'with pH = 6. (greater/less)","'98.18119812"
"'170","'LINE","'20. An acid produces","'99.96318054"
"'170","'LINE","'ions in aqueous solution. (Hydrogen/hydroxide)","'99.78049469"
"'170","'LINE","'21. The concentration of H+ ions given by HCI is","'96.25322723"
"'170","'LINE","'than that given by equal","'99.98210144"
"'170","'LINE","'concentration of CH₃COOH (greater/less).","'85.67816162"
"'170","'LINE","'Part IV: Select the correct answer from the given choices","'99.97453308"
"'170","'LINE","'22. Which one of the following is a diprotic acid?","'99.82728577"
"'170","'LINE","'a. Hydrochloric acid","'99.69600677"
"'170","'LINE","'C. Sulfuric acid","'93.33798218"
"'170","'LINE","'b. Phosphoric acid","'99.96419525"
"'170","'LINE","'d. Acetic acid","'99.97396088"
"'170","'LINE","'23. Which of the following is not the characteristic of an acid:","'99.97551727"
"'170","'LINE","'a. An acid changes the color of an indicator","'99.86558533"
"'170","'LINE","'b. An acid has a bitter taste","'99.53199005"
"'170","'LINE","'C. An acid ionizes in water","'95.84535980"
"'170","'LINE","'d. An acid produces hydronium ions in water","'99.95585632"
"'170","'LINE","'24. When an acid reacts with an active metal:","'99.97486115"
"'170","'LINE","'a. Hydronium ion concentration increases","'99.70890045"
"'170","'LINE","'b. Hydrogen gas is produced","'99.94921875"
"'170","'LINE","'C. Metal forms anions","'94.24839783"
"'170","'LINE","'d. Carbon dioxide gas is produced","'99.96093750"
"'170","'LINE","'25. The pH of a solution is 8. What is the pOH of the solution?","'98.12878418"
"'170","'LINE","'a.","'99.41665649"
"'170","'LINE","'8","'99.92187500"
"'170","'LINE","'C.","'71.78252411"
"'170","'LINE","'6","'99.72496796"
"'170","'LINE","'b.","'99.92187500"
"'170","'LINE","'8 X 10⁻⁷","'82.69192505"
"'170","'LINE","'d. 2.1 X 10⁻⁶","'97.10494232"
"'170","'LINE","'26. Which of the following solutions would have a pH value greater than 7?","'99.35611725"
"'170","'LINE","'a. [OH⁻] = 2.4 X 10⁻² M","'91.09773254"
"'170","'LINE","'d. [OH] = 4.4 X 10⁻⁹ M","'83.92916870"
"'170","'LINE","'b. 0.0001 M HCI","'91.62203979"
"'170","'LINE","'C. [H₃O⁺] = 1.53 X 10⁻² M","'86.62553406"
"'170","'LINE","'164","'99.69726563"
"'171","'LINE","'Important Inorganic Compounds","'99.93708801"
"'171","'LINE","'Part V: Give Short Answers","'99.90756226"
"'171","'LINE","'27. The hydrogen ion concentration in an acidic solution is 10⁻⁵ ? What is the pH","'98.98101044"
"'171","'LINE","'value of the solution?","'99.97030640"
"'171","'LINE","'28. An element combines with oxygen to form an oxide. This oxide dissolves in","'99.96257782"
"'171","'LINE","'water. This aqueous solution changes blue litmus to red. Write: A. the nature of","'97.31179047"
"'171","'LINE","'the aqueous solution (alkaline or acidic) B. the nature of the element (metal or","'98.48247528"
"'171","'LINE","'nonmetal)","'99.61196899"
"'171","'LINE","'29. What do you understand by the statement 'acetic acid' CH₃ COOH, is a monoprotic","'95.63961792"
"'171","'LINE","'acid?","'99.96093750"
"'171","'LINE","'30. Write the balanced equations for the reaction of zinc oxide with:","'99.96698761"
"'171","'LINE","'a. hydrochloric acid","'98.42780304"
"'171","'LINE","'b. aqueous sodium hydroxide","'99.94568634"
"'171","'LINE","'31. How many times will the hydrogen ion concentration change when the pH value","'99.78268433"
"'171","'LINE","'of an aqueous solution is changed from 6 to 5?","'99.87445831"
"'171","'LINE","'32. Write the balanced chemical equations for the preparation of the following salts:","'99.99098969"
"'171","'LINE","'a. A soluble sulphate by the action of an acid on a metal","'98.79148865"
"'171","'LINE","'b. A soluble sulphate by the action of an acid on an insoluble metal oxide","'99.21862793"
"'171","'LINE","'C. An insoluble sulphate by the action of an acid on another salt","'98.02896881"
"'171","'LINE","'33. Calcium oxide reacts with hydrochloric acid to form calcium chloride and water.","'99.96576691"
"'171","'LINE","'a. Write a balanced equation for this reaction.","'99.40584564"
"'171","'LINE","'b. Farmers often add calcium oxide to the soil. Explain why they do this.","'99.96675873"
"'171","'LINE","'34. Fertilizers are spread on fields by farmers.","'99.94061279"
"'171","'LINE","'a. Why do farmers use fertilizers?","'99.52274323"
"'171","'LINE","'b. State the names of three elements most commonly found in fertilizers.","'99.91233826"
"'171","'LINE","'C. Ammonium sulphate is a fertilizer. Describe how you can make ammonium","'97.52705383"
"'171","'LINE","'sulphate in the laboratory from aqueous ammonia and sulphuric acid.","'99.89749908"
"'171","'LINE","'d. Ammonium nitrate is also a fertilizer. Write a word equation to show how","'99.68139648"
"'171","'LINE","'ammonium nitrate can be produced.","'99.91668701"
"'171","'LINE","'35. State the names of a suitable acid and alkali you can use to make each of the","'99.80561829"
"'171","'LINE","'following fertilizers:","'99.76123810"
"'171","'LINE","'a. Ammonium sulphate","'99.19789124"
"'171","'LINE","'b. Potassium phosphate","'99.81452179"
"'171","'LINE","'C. Ammonium nitrate","'94.34098816"
"'171","'LINE","'36. A classmate states, ""All compounds containing H atoms are acids, and all","'99.19290161"
"'171","'LINE","'compounds containing OH groups are bases."" Do you agree? Give examples","'97.14577484"
"'171","'LINE","'and explanations.","'99.85560608"
"'171","'LINE","'165","'99.76562500"
"'172","'LINE","'4","'93.19176483"
"'172","'LINE","'ELECTROCHEMISTRY","'96.37615967"
"'172","'LINE","'UNIT","'100.00000000"
"'172","'LINE","'ENERGY CHANGES AND ELECTROCHEMISTRY","'99.97538757"
"'172","'LINE","'Unit Outcomes","'99.97558594"
"'172","'LINE","'At the end of this unit, you will be able to","'99.92256165"
"'172","'LINE","'describe energy changes in chemical reactions;","'99.99511719"
"'172","'LINE","'describe how a chemical reaction produces electric current and how electricity","'99.61537170"
"'172","'LINE","'brings about a chemical reaction in electrochemical cells;","'99.28576660"
"'172","'LINE","'distinguish the difference between metallic conduction and electrolytic","'99.99135590"
"'172","'LINE","'conduction;","'100.00000000"
"'172","'LINE","'develop skills in writing the oxidation half-reaction, reduction half-reaction","'99.96184540"
"'172","'LINE","'and cell reaction for the electrolysis of molten electrolytes that occur in","'99.96359253"
"'172","'LINE","'electrolytic cells;","'99.96582031"
"'172","'LINE","'describe the three types of Voltaic cells;","'99.99151611"
"'172","'LINE","'explain the difference between electrolytic cells and voltaic cells and","'99.98706818"
"'172","'LINE","'demonstrate scientific inquiry skills: observing, classifying, comparing and","'99.95892334"
"'172","'LINE","'contrasting, inferring, predicting, communicating, measuring, asking questions,","'99.92458344"
"'172","'LINE","'interpreting data, drawing conclusion, applying concepts, relating cause and","'99.96908569"
"'172","'LINE","'effect and problem solving.","'99.98759460"
"'173","'LINE","'Energy Changes and Electrochemistry","'99.91031647"
"'173","'LINE","'Start-up Activity","'99.83398438"
"'173","'LINE","'1. Describe the different types of chemical reactions","'99.92889404"
"'173","'LINE","'and their characteristics.","'99.84056091"
"'173","'LINE","'2. Argue for or against this idea ""without energy, there","'99.90391541"
"'173","'LINE","'is no development!""","'99.23668671"
"'173","'LINE","'3. Describe the energy sources of our country","'99.92932129"
"'173","'LINE","'Ethiopia? Compare their relative importance to the","'99.95595551"
"'173","'LINE","'country's development. Which one is the principal","'99.97175598"
"'173","'LINE","'source? Which one is the most important source that","'99.97486115"
"'173","'LINE","'is underutilized? What are the different forms of","'99.95545959"
"'173","'LINE","'energy contained in each of these sources?","'99.99302673"
"'173","'LINE","'4. Discuss the relevance of hydroelectric dams such","'99.98393250"
"'173","'LINE","'as the GERD (The Grand Ethiopian Renaissance","'99.94061279"
"'173","'LINE","'Dam) to the country's development vis-à-vis climate","'99.88864899"
"'173","'LINE","'change? What energy changes are involved? What","'99.97745514"
"'173","'LINE","'about batteries? How do they generate electrical","'99.98291779"
"'173","'LINE","'energy and how light bulbs convert it into light? Can","'99.95663452"
"'173","'LINE","'you make a battery? Some people do not want to","'99.65873718"
"'173","'LINE","'think about these types of questions. They just spend","'99.99123383"
"'173","'LINE","'money to buy one and gratify their needs. But","'99.97351837"
"'173","'LINE","'others are very curious to learn new things and want","'99.98128510"
"'173","'LINE","'to create their own device named in honor of their","'99.98519135"
"'173","'LINE","'names (Made by Mr/Miss ""X""). Which category are","'98.56863403"
"'173","'LINE","'you from?","'98.95876312"
"'173","'LINE","'4.1 Introduction","'99.75097656"
"'173","'LINE","'At the end of this section, students will be able to describe energy changes in chemical","'99.98647308"
"'173","'LINE","'reactions.","'99.92028046"
"'173","'LINE","'1. We feel warm when we stand in the sunlight.","'99.90170288"
"'173","'LINE","'Discuss the reason.","'99.97694397"
"'173","'LINE","'2. Your body sweats when you take a hot shower after","'99.57839203"
"'173","'LINE","'an intensive physical exercise?","'99.94061279"
"'173","'LINE","'3. Why do you burn wood, or charcoal at your home?","'99.66425323"
"'173","'LINE","'?","'90.94726563"
"'173","'LINE","'What energy change is involved?","'99.96240997"
"'173","'LINE","'4. The major component of dynamite is nitroglycerin,","'99.60984802"
"'173","'LINE","'a very unstable material, mixed with diatomaceous","'99.67761993"
"'173","'LINE","'earth. What type of energy change occurs when","'99.94905853"
"'173","'LINE","'Activity 4.1","'99.72167969"
"'173","'LINE","'dynamite explodes?","'99.96014404"
"'173","'LINE","'167","'99.60778046"
"'174","'LINE","'Chemistry Grade 10","'99.94140625"
"'174","'LINE","'You have studied in unit 1 that chemical reactions almost always involve energy","'99.83332825"
"'174","'LINE","'change. This means, the energy of the reaction mixture is different before and after","'99.98030090"
"'174","'LINE","'the reaction. For example, coke is mainly carbon, and the combustion of carbon in","'99.97385406"
"'174","'LINE","'oxygen, which can be represented by the chemical equation","'99.96374512"
"'174","'LINE","'C(s) + O₂(g)","'39.33862686"
"'174","'LINE","'CO₂(g)","'53.31771851"
"'174","'LINE","'results not only in the formation of gaseous carbon dioxide, but also in the release","'99.98226166"
"'174","'LINE","'of energy in the form of heat and light. During this process, the chemical energy","'99.98557281"
"'174","'LINE","'contained in fossil fuels is converted into heat and light energy. Similarly, natural gas","'99.97680664"
"'174","'LINE","'(principally methane, which has the formula CH₄) bums in oxygen","'97.81929779"
"'174","'LINE","'CH₄(g) + O₂(g)","'39.97768021"
"'174","'LINE","'CO₂(g) + 2H₂O(g)","'40.37936401"
"'174","'LINE","'gives not only the gaseous products carbon dioxide and water, but energy in the form","'99.98763275"
"'174","'LINE","'of heat and light.","'99.95545959"
"'174","'LINE","'To study the energy change, (ДЕ), involved in chemical reactions like the combustion","'96.33766174"
"'174","'LINE","'reaction we have just cited, scientists conceptually divide the universe into two: the","'99.96952057"
"'174","'LINE","'system (the part being studied) and the surroundings (everything else).","'99.93759918"
"'174","'LINE","'Universe = System + Surrounding","'98.55405426"
"'174","'LINE","'A system is part of the universe that is being studied. Surrounding is anything else","'99.37004089"
"'174","'LINE","'than the system in the universe. Each particle in a system under investigation, such as a","'99.69208527"
"'174","'LINE","'reaction mixture in a test tube, has potential energy and kinetic energy, and the sum","'99.77465820"
"'174","'LINE","'of all these energies is the internal energy, E of the system.","'99.52309418"
"'174","'LINE","'Internal energy of a system is the sum of potential energy and kinetic energies of the","'99.92835236"
"'174","'LINE","'components of the system.","'99.99023438"
"'174","'LINE","'(Internal Energy) system = (potential energy + kinetic energy) system","'95.93103790"
"'174","'LINE","'Potential energy is stored energy. It is stored in chemical bonds. Kinetic energy is the","'99.93219757"
"'174","'LINE","'energy due to motion. It causes work to be done through movement.","'99.93409729"
"'174","'LINE","'When the reactants in a chemical system change to products, the system's internal","'99.84024048"
"'174","'LINE","'energy is changed. This change, E, is the difference between the internal energy","'98.17527008"
"'174","'LINE","'after the change (Efinal) and before the change (Eᵢnᵢₜᵢₐ|):","'86.10696411"
"'174","'LINE","'Where A (Greek delta) means ""change (or difference) in"" and refers to the final state","'97.24093628"
"'174","'LINE","'minus the initial state. Thus, E is the final quantity of energy of the system minus the","'97.33032227"
"'174","'LINE","'initial quantity.","'99.95525360"
"'174","'LINE","'168","'99.49218750"
"'175","'LINE","'Energy Changes and Electrochemistry","'99.93024445"
"'175","'LINE","'Note that the total energy of the universe remains constant. When the system loses","'99.97867584"
"'175","'LINE","'a certain amount of energy, the surrounding gains the same amount of energy. This","'99.83666229"
"'175","'LINE","'means, energy is simply being exchanged between the two components of the universe","'99.98110199"
"'175","'LINE","'keeping the total energy of the universe constant (Figure 4.1).","'99.83912659"
"'175","'LINE","'Surroundings","'100.00000000"
"'175","'LINE","'Surroundings","'100.00000000"
"'175","'LINE","'System","'99.84215546"
"'175","'LINE","'Heat","'99.97070313"
"'175","'LINE","'Exothermic","'97.49920654"
"'175","'LINE","'Temperature","'98.35937500"
"'175","'LINE","'System","'99.72576141"
"'175","'LINE","'Heat","'99.97070313"
"'175","'LINE","'Endothermic","'98.75737762"
"'175","'LINE","'Temperature","'97.34873199"
"'175","'LINE","'Figure 4.1 Energy exchange between system and surrounding.","'99.90867615"
"'175","'LINE","'Energy transferred from system to surroundings or vice versa appears in two forms:","'99.97421265"
"'175","'LINE","'heat and work. For instance, the various chemicals that make up gasoline contain a","'99.78605652"
"'175","'LINE","'large amount of chemical (potential) energy that is released when the gasoline is","'99.97102356"
"'175","'LINE","'burned in a controlled way in the engine of the car. The release of that energy does","'99.70317841"
"'175","'LINE","'two things: some of the potential energy is transformed into work, which is used to","'99.97494507"
"'175","'LINE","'move a car; at the same time, some of the potential energy is converted to heat and","'99.87911987"
"'175","'LINE","'makes the car's engine very hot. Therefore, the energy changes of a system occur as","'99.85367584"
"'175","'LINE","'either heat (q) or work (w), or some combination of both.","'99.87456512"
"'175","'LINE","'AE=q+w","'23.73465538"
"'175","'LINE","'4.1.1 Exothermic and Endothermic Chemical Reactions","'99.85976410"
"'175","'LINE","'At the end of this section, students will be able to","'99.98838806"
"'175","'LINE","'define endothermic reaction;","'99.95362854"
"'175","'LINE","'describe endothermic reaction;","'99.95688629"
"'175","'LINE","'define exothermic reaction;","'99.98345947"
"'175","'LINE","'describe exothermic reaction;","'99.99674225"
"'175","'LINE","'elucidate endothermic and exothermic reactions using diagrams;","'99.97722626"
"'175","'LINE","'do simple experiment to demonstrate exothermic and endothermic reactions.","'99.89044952"
"'175","'LINE","'169","'99.53125000"
"'176","'LINE","'Chemistry Grade 10","'99.91483307"
"'176","'LINE","'1. From your discussion on Activity 4.2, you can","'99.63479614"
"'176","'LINE","'conclude that reactions that cause the surrounding","'99.95455933"
"'176","'LINE","'to heat up are called heat releasing reactions and","'99.82645416"
"'176","'LINE","'the process is exothermic. Reactions that take up","'99.82957458"
"'176","'LINE","'energy from the surrounding such as the reaction","'99.96572113"
"'176","'LINE","'flask are called heat absorbing and the process","'99.98036957"
"'176","'LINE","'is endothermic. Based on this information, discuss","'99.94211578"
"'176","'LINE","'whether energy (in the form of heat) is released or","'99.95214844"
"'176","'LINE","'absorbed during","'100.00000000"
"'176","'LINE","'a. baking of bread (consider the heat of stove before","'99.79547882"
"'176","'LINE","'and after the cold dough is loaded)","'99.97477722"
"'176","'LINE","'b. cooking food","'99.97396088"
"'176","'LINE","'C. burning of wood and then classify each of them as","'96.83169556"
"'176","'LINE","'exothermic or endothermic.","'99.87444305"
"'176","'LINE","'What other processes can you cite from your daily life","'99.80410767"
"'176","'LINE","'?","'93.72070313"
"'176","'LINE","'experience that either releases heat or absorbs heat?","'99.96928406"
"'176","'LINE","'2. Is photosynthesis an endothermic or exothermic","'99.93978119"
"'176","'LINE","'reaction? Write the balanced equation and draw","'99.94607544"
"'176","'LINE","'an energy diagram indicating all the necessary","'99.96478271"
"'176","'LINE","'Activity 4.2","'99.83886719"
"'176","'LINE","'information. Repeat this activity for respiration.","'99.91702271"
"'176","'LINE","'All of the combustion reactions mentioned in the previous section release energy in the","'99.96542358"
"'176","'LINE","'form of heat. Such reactions are described as being exothermic (from the Greek exo","'98.97240448"
"'176","'LINE","'meaning outside and therme meaning heat). One of the examples cited earlier is the","'99.98035431"
"'176","'LINE","'combustion of coke in oxygen, which obviously results in the release of a considerable","'99.86611938"
"'176","'LINE","'amount of energy. Similarly, although on a much more modest scale, when NaOH","'99.59757233"
"'176","'LINE","'dissolves in water, the test-tube becomes warm. In other words, the process results in","'99.93124390"
"'176","'LINE","'a temperature rise. This observation indicates that the dissolving process for NaOH is","'99.66213989"
"'176","'LINE","'also exothermic; that is, it is accompanied by the release of energy, which heats up","'99.90210724"
"'176","'LINE","'the solution.","'99.96542358"
"'176","'LINE","'NaOH(s)","'97.68754578"
"'176","'LINE","'Na⁺(aq) + OH (aq)","'15.59281349"
"'176","'LINE","'The other is the reaction between calcium chloride and water:","'99.98323822"
"'176","'LINE","'CaCl₂(s) + 2H₂O(1)","'36.06624603"
"'176","'LINE","'Ca(OH)₂(aq) + 2HCI(g) + heat","'77.05243683"
"'176","'LINE","'In this case too, heat is released during the reaction, elevating the temperature of the","'99.96517181"
"'176","'LINE","'reaction mixture, and thus the reaction flask becomes hot. But, when potassium nitrate,","'99.91370392"
"'176","'LINE","'KNO3, dissolves in water, the mixture gets colder. This process can be represented by","'95.60227966"
"'176","'LINE","'the following equation:","'99.94386292"
"'176","'LINE","'KNO₃(s) + Heat H2O K+ (aq) +","'83.28577423"
"'176","'LINE","'170","'99.67693329"
"'177","'LINE","'Energy Changes and Electrochemistry","'99.93024445"
"'177","'LINE","'Reactions like this are described as being endothermic (from the Greek endo meaning","'99.96601105"
"'177","'LINE","'within).","'99.97070313"
"'177","'LINE","'To study whether the energy being released or absorbed during a chemical reaction,","'99.74681091"
"'177","'LINE","'we need to set the temperature and pressure constant. Thus, if a reaction takes place","'99.87618256"
"'177","'LINE","'at constant temperature and pressure, the heat transferred is called the enthalpy of","'99.96050262"
"'177","'LINE","'reaction, and this is denoted by the symbol H:","'94.44670105"
"'177","'LINE","'AH=HProducts - Hreactonts","'20.14688301"
"'177","'LINE","'reactants","'88.62802887"
"'177","'LINE","'For an exothermic reaction: H is negative, H < O.","'90.14857483"
"'177","'LINE","'For an endothermic reaction: H is positive, H > O.","'86.97434998"
"'177","'LINE","'The relative energies of reactants and products in exothermic and endothermic","'99.98557281"
"'177","'LINE","'reactions can be represented as shown schematically in Figure 4.1 a and b, respectively.","'99.01518250"
"'177","'LINE","'Reactants enthalpy level","'99.97694397"
"'177","'LINE","'(a)","'97.49939728"
"'177","'LINE","'Products enthalpy level","'99.96392822"
"'177","'LINE","'(b)","'99.99023438"
"'177","'LINE","'Reactants","'99.95037079"
"'177","'LINE","'Products","'99.95037079"
"'177","'LINE","'Enthalpy","'99.18785858"
"'177","'LINE","'H < 0","'60.92461395"
"'177","'LINE","'ДН > 0","'33.47417068"
"'177","'LINE","'Enthalpy","'99.21875000"
"'177","'LINE","'Reactants","'98.53575134"
"'177","'LINE","'Products","'99.96014404"
"'177","'LINE","'Products enthalpy level","'99.99349213"
"'177","'LINE","'Reactants enthalpy level","'99.97694397"
"'177","'LINE","'Reaction progress","'99.99511719"
"'177","'LINE","'Reaction progress","'99.99023438"
"'177","'LINE","'Figure 4.1 Enthalpy diagram for (a) exothermic reactions (b) endothermic reactions.","'99.88158417"
"'177","'LINE","'The device used to measure the heat released (or absorbed) by a chemical reaction","'99.91876221"
"'177","'LINE","'is called calorimeter. To find the energy change during chemical reaction, we measure","'99.59638977"
"'177","'LINE","'the change in temperature and determine the quantity of heat released or absorbed","'99.97183990"
"'177","'LINE","'using the following relation:","'99.97763062"
"'177","'LINE","'q α AT or","'65.74403381"
"'177","'LINE","'q = constant X ДТ","'83.23593140"
"'177","'LINE","'or","'99.95117188"
"'177","'LINE","'q/4T = constant","'78.99055481"
"'177","'LINE","'The proportionality constant in the above equation is called heat capacity. Every","'99.93871307"
"'177","'LINE","'object has its own heat capacity. Heat Capacity of a substance is defined as the","'99.83642578"
"'177","'LINE","'quantity of heat required to change its temperature by 1 K.","'99.18602753"
"'177","'LINE","'Heat capacity = q/4T","'88.36804962"
"'177","'LINE","'The unit of heat capacity is Joule per Kelvin (J/K). Heat capacity is related to a","'99.85330200"
"'177","'LINE","'substance's ability to retain heat and the rate at which it will heat up or cool down. For","'99.84827423"
"'177","'LINE","'171","'99.75505829"
"'178","'LINE","'Chemistry Grade 10","'99.90832520"
"'178","'LINE","'example, a substance with a low heat capacity, such as iron, will heat and cool quickly,","'99.70900726"
"'178","'LINE","'while a substance with a high heat capacity, such as water, heats and cools slowly.","'99.74178314"
"'178","'LINE","'A related property is specific heat capacity (c). Specific heat capacity (c) of a","'98.59745026"
"'178","'LINE","'substance is defined as the quantity of heat required to change the temperature of 1","'99.81175995"
"'178","'LINE","'gram of the object by 1 K:","'99.21168518"
"'178","'LINE","'Specific heat capacity (c) = (Heat capacity)/mass = q/(mass X )","'91.47069550"
"'178","'LINE","'If we know c of the object being heated (or cooled), we can measure the mass and the","'97.49036407"
"'178","'LINE","'temperature change and calculate the heat absorbed (or released):","'99.94955444"
"'178","'LINE","'q = c X mass X ДТ","'76.66751862"
"'178","'LINE","'Notice that metals have relatively low values of c and water has a very high value: for","'98.57794952"
"'178","'LINE","'instance, it takes over 30 times as much energy to increase the temperature of a gram","'99.79681396"
"'178","'LINE","'of water by 1 K as it does a gram of gold. This is one of the properties that make","'99.38975525"
"'178","'LINE","'water unique and responsible for its use as a coolant in car radiators and in industries","'99.72573853"
"'178","'LINE","'Exercise 4.1","'99.70214844"
"'178","'LINE","'1. Where does the energy released during chemical reaction come from?","'99.94207764"
"'178","'LINE","'2. How is the energy that you get from food stored in your body? How is it","'99.89314270"
"'178","'LINE","'supplied to the cellular process in your body when needed?","'99.96940613"
"'178","'LINE","'3. Explain the energy changes involved when","'99.97617340"
"'178","'LINE","'a. quicklime or calcium oxide (CaO) reacts with water to form slaked lime","'99.41735840"
"'178","'LINE","'[Ca(OH)₂]?","'88.57302094"
"'178","'LINE","'CaO(s) + H₂O(I)","'88.59322357"
"'178","'LINE","'Ca(OH)₂ (aq)","'89.86786652"
"'178","'LINE","'b. limestone (CaCO₃) decomposes to give quicklime (CaO)","'96.98304749"
"'178","'LINE","'C. nitroglycerine (major component of dynamite) decomposes","'94.45838928"
"'178","'LINE","'4C3H₅ (NO₃)₃(I)","'60.63685989"
"'178","'LINE","'12CO₂(g) + 10H₂O(g) + O2 (g) + 6N2 (g)","'84.85509491"
"'178","'LINE","'Is it exothermic or endothermic? Explain! Draw an enthalpy diagram for each of","'99.94160461"
"'178","'LINE","'these three reactions.","'99.94359589"
"'178","'LINE","'4. On a hot summer day the water in a lake stays cool even though the air above","'99.77143860"
"'178","'LINE","'it heats quickly, and the water stays warm at night after the air has cooled.","'99.95009613"
"'178","'LINE","'Can you explain this?","'99.48730469"
"'178","'LINE","'5. Have you encountered an earthen stove ""Injera Mitad"" that takes longer time","'99.74449921"
"'178","'LINE","'to feel hot? Explain why. Which stove stays warm for longer time after the","'99.95687866"
"'178","'LINE","'heat source is disconnected, the one heats up quickly or slowly?","'99.79129791"
"'178","'LINE","'6. What property of substance is responsible for the observations in Q1 and","'99.88696289"
"'178","'LINE","'Q2?","'99.41585541"
"'178","'LINE","'172","'99.85351563"
"'179","'LINE","'Energy Changes and Electrochemistry","'99.94773102"
"'179","'LINE","'4.1.2 Importance of Chemical Changes","'99.82537842"
"'179","'LINE","'At the end of this section, students will be able to discuss the importance of chemical","'99.98083496"
"'179","'LINE","'changes in the production of new substances and energy.","'99.98020172"
"'179","'LINE","'1. Discuss the importance of chemical changes in your","'99.90940857"
"'179","'LINE","'life process. Consider, for instance, oxidation of glucose","'99.97264862"
"'179","'LINE","'in your body cells. The photosynthesis and combustion","'99.95404053"
"'179","'LINE","'?","'88.59375000"
"'179","'LINE","'reactions, the digestion, etc. Do you think life is possible","'99.79499817"
"'179","'LINE","'without chemical reactions or chemical changes?","'99.94386292"
"'179","'LINE","'2. Can you mention some pharmaceuticals and their use?","'99.69250488"
"'179","'LINE","'How are they made?","'99.96562195"
"'179","'LINE","'3. What two major uses of chemical reactions or changes","'99.95948029"
"'179","'LINE","'Activity 4.3","'99.81854248"
"'179","'LINE","'can you suggest from the above discussion?","'99.72260284"
"'179","'LINE","'Chemical reactions are the most important types of events in the universe. It's through","'99.94257355"
"'179","'LINE","'chemical reactions that plants grow, produce fruit, and become compost for new plants.","'99.97941589"
"'179","'LINE","'It's because of chemical reactions that human beings (and all other animals) reproduce,","'99.90605164"
"'179","'LINE","'digest, grow, hear, and think. Chemical changes are involved during digestion and","'99.96528625"
"'179","'LINE","'respiration. You get energy because of respiration. You get food because of the","'99.96020508"
"'179","'LINE","'chemical change called photosynthesis. Therefore, the two principal advantages of","'99.89937592"
"'179","'LINE","'chemical changes are production energy and useful substances.","'99.91560364"
"'179","'LINE","'Experiment 4.1","'99.72656250"
"'179","'LINE","'Energy Changes in Chemical Reactions","'99.99218750"
"'179","'LINE","'Objective: To explore the energy changes involved in the reaction between acetic","'98.12422180"
"'179","'LINE","'acid and baking soda.","'99.99267578"
"'179","'LINE","'Materials needed: Plastic cup or beaker, vinegar (acetic acid), baking soda","'99.96227264"
"'179","'LINE","'(NaHCO₃), spatula/teaspoon, thermometer.","'94.85636902"
"'179","'LINE","'Procedure:","'99.96014404"
"'179","'LINE","'Pour about 10 mL of vinegar into a small plastic cup. Then, place a thermometer","'99.79249573"
"'179","'LINE","'into the vinegar. Record the initial temperature (Ti).","'93.16456604"
"'179","'LINE","'While the thermometer is in the cup, add about ½ teaspoon of baking soda to","'99.54553223"
"'179","'LINE","'the cup.","'99.95077515"
"'179","'LINE","'Watch the thermometer for any change in temperature. After it has stopped","'99.97043610"
"'179","'LINE","'changing, record the final temperature (Tf).","'98.41494751"
"'179","'LINE","'173","'99.65820313"
"'180","'LINE","'Chemistry Grade 10","'99.94439697"
"'180","'LINE","'1. Based on your observations of the baking soda and vinegar reaction, is the","'99.94036865"
"'180","'LINE","'reaction exothermic or endothermic?","'99.97802734"
"'180","'LINE","'2. Use energy level diagram to visualize the energy changes","'99.94036865"
"'180","'LINE","'3. Repeat the above steps using calcium chloride instead of vinegar. Briefly,","'99.97437286"
"'180","'LINE","'dissolve 1/2 a spoonful of calcium chloride in 20 mL water in a test tube.","'99.51639557"
"'180","'LINE","'Record your observation. In a second test tube, dissolve equal amount of","'99.89159393"
"'180","'LINE","'baking soda and record your observation. Allow both solutions to cool to","'99.97688293"
"'180","'LINE","'equal (room) temperature and record this temperature as Ti. Mix the two","'99.79933929"
"'180","'LINE","'solutions in a plastic cup/beaker and record the final temperature.","'99.74495697"
"'180","'LINE","'4. Discuss the endothermic and exothermic processes observed in the above","'99.98661041"
"'180","'LINE","'procedure.","'99.96014404"
"'180","'LINE","'5. Write the reaction equation and use energy level diagram to visualize the","'99.90682220"
"'180","'LINE","'energy changes during reaction of calcium chloride and baking soda.","'99.99609375"
"'180","'LINE","'4.2 Energy Changes in Electrochemistry","'99.94140625"
"'180","'LINE","'At the end of this section, students will be able to","'99.98572540"
"'180","'LINE","'describe electrochemistry;","'99.85560608"
"'180","'LINE","'define electrical conductivity;","'87.28827667"
"'180","'LINE","'explain metallic conductivity;","'99.95362854"
"'180","'LINE","'explain electrolytic conductivity;","'99.94738770"
"'180","'LINE","'differentiate between metallic conduction and electrolytic conduction.","'99.90191650"
"'180","'LINE","'4.2.1 Electrochemistry","'99.87753296"
"'180","'LINE","'1. You know that metals are good conductors of heat and","'99.91116333"
"'180","'LINE","'electricity. But what is electricity? What are the sources?","'99.90092468"
"'180","'LINE","'What is the analogy between electricity and water flow","'99.98137665"
"'180","'LINE","'via tap to your home? How do metals conduct electricity?","'99.87073517"
"'180","'LINE","'Can you suggest other materials that conduct electricity?","'99.65763092"
"'180","'LINE","'2. What do substances need to possess in order to","'99.96232605"
"'180","'LINE","'?","'89.90722656"
"'180","'LINE","'conduct electricity?","'99.61685181"
"'180","'LINE","'3. What about batteries such as hand batteries and","'99.95606232"
"'180","'LINE","'car batteries? What is the energy change involved?","'99.92850494"
"'180","'LINE","'4. Can you suggest devices that generate electrical","'99.76856995"
"'180","'LINE","'Activity 4.4","'99.73593140"
"'180","'LINE","'energy? Discuss the uses of electrical energy?","'99.95339203"
"'180","'LINE","'174","'99.68669891"
"'181","'LINE","'Energy Changes and Electrochemistry","'99.94529724"
"'181","'LINE","'Electrochemistry is a field of chemistry that deals with the interconversion of electrical","'99.89374542"
"'181","'LINE","'energy and chemical energy. It is concerned with the use of electricity to cause chemical","'99.92607117"
"'181","'LINE","'reactions (changes) to happen or generating electricity from chemical reactions. Thus,","'99.95680237"
"'181","'LINE","'electrical energy and chemical energy are inter-convertible.","'99.91492462"
"'181","'LINE","'4.2.2 Electrical Conductivity","'99.85324860"
"'181","'LINE","'Why do metals conduct electricity? Do you know any non-metal which conducts","'99.80835724"
"'181","'LINE","'electricity? Electrical conductivity is the ability of a substance to transmit electricity.","'99.88251495"
"'181","'LINE","'The materials that allow the passage of electricity through them are called electrical","'99.99167633"
"'181","'LINE","'conductors. Electricity is constituted by movement of charged particles or charge","'99.97766113"
"'181","'LINE","'carriers. Electrons carry negative charge whereas ions may carry positive (cations) or","'99.94142151"
"'181","'LINE","'negative (anions) charges. Depending on the nature of the particles responsible for","'99.96936035"
"'181","'LINE","'the flow of electric charges through conductors, electrical conductivity can be classified","'99.97281647"
"'181","'LINE","'as metallic conductivity and electrolytic conductivity.","'99.93775177"
"'181","'LINE","'a) Metallic conductivity","'99.30936432"
"'181","'LINE","'Electrical conductivity in metals is a result of the movement of electrically charged","'99.88159943"
"'181","'LINE","'particles called electrons. The atoms of metal elements are characterized by the","'99.97850800"
"'181","'LINE","'presence of valence electrons; which are electrons in the outer shell of an atom that","'99.97705078"
"'181","'LINE","'are free to move about. It is these ""free electrons"" that allow metals to conduct an","'99.79519653"
"'181","'LINE","'electric current. Because valence electrons are free to move, they can travel through","'99.95963287"
"'181","'LINE","'the metallic lattice that forms the physical structure of a metal. Silver is the best","'99.93323517"
"'181","'LINE","'electrical conductor.","'99.96014404"
"'181","'LINE","'Metallic lattice can be described as an atmosphere of positive ions in a sea of mobile","'99.91177368"
"'181","'LINE","'electrons (Figure 4.3). The electrons entering the metal displace (repel) the freely","'99.96115875"
"'181","'LINE","'moving electrons at the point of entry. The displaced electrons occupy new positions","'99.96408081"
"'181","'LINE","'by pushing neighboring electrons ahead. This will continue until electrons are forced","'99.97688293"
"'181","'LINE","'out of the wire at the opposite end. The charge carriers in metallic conduction are","'99.97505188"
"'181","'LINE","'electrons. Hence, metallic conductivity is also called electronic conductivity.","'99.94585419"
"'181","'LINE","'+","'86.28258514"
"'181","'LINE","'+","'85.99938202"
"'181","'LINE","'+","'87.08336639"
"'181","'LINE","'Electrons","'99.99023438"
"'181","'LINE","'+","'88.44976044"
"'181","'LINE","'Electrons","'99.99023438"
"'181","'LINE","'+","'86.32164764"
"'181","'LINE","'+","'86.40386200"
"'181","'LINE","'in","'99.97070313"
"'181","'LINE","'out","'99.93083954"
"'181","'LINE","'Free electron","'99.98535156"
"'181","'LINE","'Nucleus","'100.00000000"
"'181","'LINE","'Figure 4.3 Electrical conductivity in metals.","'99.96216583"
"'181","'LINE","'175","'99.76562500"
"'182","'LINE","'Chemistry Grade 10","'99.94087219"
"'182","'LINE","'Non-metals are generally non-conductors of electricity, because they do not have","'99.97854614"
"'182","'LINE","'freely moving electrons. Graphite is a form of carbon in which the carbon atoms are","'99.86690521"
"'182","'LINE","'bonded in trigonal planar fashion to the three other carbon atoms, to form inter-","'99.94392395"
"'182","'LINE","'connected hexagonal rings, as shown in Figure 4.4. Electrons move freely through the","'99.79800415"
"'182","'LINE","'hexagonal layers, making graphite a good conductor of electricity.","'99.76028442"
"'182","'LINE","'Covalent bonds","'99.96054077"
"'182","'LINE","'1.42A","'98.71432495"
"'182","'LINE","'Van der waals forces","'99.93592834"
"'182","'LINE","'3.35A","'94.45690918"
"'182","'LINE","'Figure 4.4 Structure of graphite.","'99.95264435"
"'182","'LINE","'b) Electrolytic conductivity","'99.96067047"
"'182","'LINE","'Electrolytes are substances that transmit electricity in a molten state or in aqueous","'99.69318390"
"'182","'LINE","'solution. Unlike metallic conductivity, the conductivity of electrolytic solutions depends","'99.97714233"
"'182","'LINE","'on the type and concentration of ions in solution. Based on their degree of ionization","'99.92520905"
"'182","'LINE","'or the extent to which they produce anions and cations, electrolytes can be classified","'99.98035431"
"'182","'LINE","'as strong electrolytes or weak electrolytes. Recall from unit 2 that many ionic","'99.95011902"
"'182","'LINE","'compounds such as NaCl dissociate completely in water and are therefore called","'98.50572968"
"'182","'LINE","'strong electrolytes.","'99.95525360"
"'182","'LINE","'NaCl (aq)","'93.31861877"
"'182","'LINE","'Na+ (aq) + CIT (aq)","'80.93104553"
"'182","'LINE","'When electrical potential is applied through an electrolyte solution, the positive ions","'99.96704865"
"'182","'LINE","'(cations) move in one direction and the negative ions (anions) move in the opposite","'99.94328308"
"'182","'LINE","'direction. This movement of ions through the electrolyte, brought about by the","'99.97763062"
"'182","'LINE","'application of electricity, is called electrolytic conductivity. Hence, the charge-carriers","'99.88496399"
"'182","'LINE","'in electrolytic conductivity are ions (anions and cations). That is electrolytic conductors","'99.91241455"
"'182","'LINE","'are also called ionic conductors.","'99.98226166"
"'182","'LINE","'Difference between metallic conduction and electrolytic conduction","'99.98581696"
"'182","'LINE","'Metallic Conduction","'99.98007202"
"'182","'LINE","'Electrolytic Conduction","'99.93083954"
"'182","'LINE","'Conduction through metals is due to","'99.97545624"
"'182","'LINE","'Conduction through electrolytes is due to","'99.96881104"
"'182","'LINE","'the movement of electrons.","'99.98271179"
"'182","'LINE","'the movement of ions.","'99.92800140"
"'182","'LINE","'No change in the chemical properties","'99.96366119"
"'182","'LINE","'It may cause chemical decomposition of","'99.89247894"
"'182","'LINE","'of the conductors is observed.","'99.94842529"
"'182","'LINE","'the electrolytes.","'99.96014404"
"'182","'LINE","'176","'99.87304688"
"'183","'LINE","'Energy Changes and Electrochemistry","'99.92781067"
"'183","'LINE","'It does not involve any transfer of","'99.94200134"
"'183","'LINE","'It involves the transfer of matter as ions.","'99.90592957"
"'183","'LINE","'matter.","'100.00000000"
"'183","'LINE","'The resistance of metals is due to","'99.98732758"
"'183","'LINE","'The resistance of electrolytic solutions is","'99.94738770"
"'183","'LINE","'obstacles of vibrating kernels of","'99.98812103"
"'183","'LINE","'due to factors like concentration inter-ionic","'99.90642548"
"'183","'LINE","'metal atoms.","'99.99023438"
"'183","'LINE","'attractions, the viscosity of solvent etc.","'99.95024109"
"'183","'LINE","'It decreases with the increase in","'99.89925385"
"'183","'LINE","'It increases with the increase in","'99.90251160"
"'183","'LINE","'temperature.","'99.67135620"
"'183","'LINE","'temperature.","'99.65182495"
"'183","'LINE","'Note that metallic conduction is a physical process, but electrolytic conduction is","'99.81038666"
"'183","'LINE","'accompanied by chemical changes that occur on the surface of the electrodes.","'99.96861267"
"'183","'LINE","'Experiment 4.2","'99.94140625"
"'183","'LINE","'Conductivity of Materials","'99.99674225"
"'183","'LINE","'Objectives: To test the conductivity of substances and classify them as strong,","'98.77288055"
"'183","'LINE","'weak or non-conductors of electricity.","'99.95280457"
"'183","'LINE","'Apparatus: Copper wire, light bulb, power supply (DC) or dry cells, scotch tape,","'99.96189117"
"'183","'LINE","'distilled water, 1M NaCl solution, 1 M HCI, 1 M acetic acid solution, 1 M sugar","'87.89897919"
"'183","'LINE","'solution, pencil graphite, wood, magnesium ribbon and an iron nail.","'99.97135925"
"'183","'LINE","'Procedure:","'100.00000000"
"'183","'LINE","'1. Arrange the conductivity apparatus as shown in Figure 4.5.","'99.80619812"
"'183","'LINE","'Beaker","'99.93083954"
"'183","'LINE","'Test metal","'99.96582031"
"'183","'LINE","'Coper wire","'99.93124390"
"'183","'LINE","'Bulb","'99.89257813"
"'183","'LINE","'Bulb","'99.80468750"
"'183","'LINE","'DC source or","'99.90885162"
"'183","'LINE","'Battery","'100.00000000"
"'183","'LINE","'Aqueous","'95.00777435"
"'183","'LINE","'solution","'100.00000000"
"'183","'LINE","'+","'89.93572235"
"'183","'LINE","'DC source or","'99.84321594"
"'183","'LINE","'A","'87.89959717"
"'183","'LINE","'B","'92.46731567"
"'183","'LINE","'Battery","'99.99023438"
"'183","'LINE","'Figure 4.5 Conductivity apparatus for (A) metals and (B) electrolytic solution","'97.90857697"
"'183","'LINE","'2. Pour some distilled water in the beaker (as illustrated in Figure 4.5B), dip the","'99.76858521"
"'183","'LINE","'electrodes into the water and turn the switch on. Set-up the experiments to","'99.97802734"
"'183","'LINE","'test the conductivity of pencil graphite, magnesium ribbon, wood or an iron","'99.98609924"
"'183","'LINE","'nail as illustrated in Figure 4.5A.","'94.46843719"
"'183","'LINE","'177","'98.58398438"
"'184","'LINE","'Chemistry Grade 10","'99.94439697"
"'184","'LINE","'3. Repeat the experiment with separate solutions of table salt, copper sulphate,","'99.95952606"
"'184","'LINE","'hydrochloric acid, sodium hydroxide, acetic acid, ammonia solution, molten","'99.96791840"
"'184","'LINE","'lead bromide and sugar solution. (use 1.0 M solutions of each).","'95.58093262"
"'184","'LINE","'Observations and Analysis:","'99.99674225"
"'184","'LINE","'a. Does the bulb glow when the switch is turned on?","'99.63126373"
"'184","'LINE","'b. Solutions of which substances make the bulb glow and not glow, when you turn","'99.71322632"
"'184","'LINE","'on the switch?","'99.96093750"
"'184","'LINE","'c. Solutions of which substances make the bulb to glow with a: i) bright light? ii)","'97.58290863"
"'184","'LINE","'dim light?","'99.89138031"
"'184","'LINE","'d. Classify the substances used in this experiment as strong conductors, weak","'99.95748138"
"'184","'LINE","'conductors and non-conductors by completing the table below:","'99.98657227"
"'184","'LINE","'Strong Conductors","'100.00000000"
"'184","'LINE","'Weak Conductors","'99.98535156"
"'184","'LINE","'Non-conductors","'99.96093750"
"'184","'LINE","'e. Which substances in the experiment are used as: i strong electrolytes ii weak","'99.08219910"
"'184","'LINE","'electrolytes","'99.99023438"
"'184","'LINE","'Repeat the experiment with lemon juice, and orange juice and answer the","'99.92949677"
"'184","'LINE","'questions.","'99.96014404"
"'184","'LINE","'Note that if the solution contains ions, current flows through the circuit and the","'99.96884918"
"'184","'LINE","'light bulb glows. The brightness of the bulb increases with current strength, which","'99.98935699"
"'184","'LINE","'increases with the number of ions in the solution. Strong electrolytes dissociate","'99.98684692"
"'184","'LINE","'completely and produce more ions in solutions brighter light than weak electrolytes","'99.97721100"
"'184","'LINE","'that dissociate slightly.","'99.97017670"
"'184","'LINE","'f. In your experiment using set-up 4.5 A, what observations did you make?","'97.12895203"
"'184","'LINE","'In which case did the bulb glow and in which case did not? Pencil graphite,","'99.97634888"
"'184","'LINE","'magnesium ribbon, wood, or iron nail?","'99.96582031"
"'184","'LINE","'Write a laboratory report on what you have observed and submit to your teacher.","'99.64856720"
"'184","'LINE","'Exercise 4.2","'99.82910156"
"'184","'LINE","'1. Na and Ca metals conduct electricity in solid state but NaCl and CaCl₂","'97.04454803"
"'184","'LINE","'conduct electricity only when they are dissolved in water or when they are in","'99.96623230"
"'184","'LINE","'the molten form, but not in the solid state. Why?","'99.95932770"
"'184","'LINE","'2. Why are solutions of strong electrolytes better conductors of electricity than","'99.96115875"
"'184","'LINE","'weak electrolytes?","'99.98046875"
"'184","'LINE","'3. Which of the following substances are capable of conducting electricity?","'99.88248444"
"'184","'LINE","'Give reason for your answer.","'99.97835541"
"'184","'LINE","'a. Iron","'99.21127319"
"'184","'LINE","'C.","'72.77742767"
"'184","'LINE","'Solid sodium chloride","'99.96691895"
"'184","'LINE","'b. Sulphur","'99.81654358"
"'184","'LINE","'d. Molten calcium chloride","'99.95545959"
"'184","'LINE","'178","'99.69726563"
"'185","'LINE","'Energy Changes and Electrochemistry","'99.92292023"
"'185","'LINE","'Electrolytes and Nonelectrolytes","'99.84514618"
"'185","'LINE","'At the end of this section, students will be able to","'99.97772980"
"'185","'LINE","'distinguish between strong and weak electrolytes;","'99.98358917"
"'185","'LINE","'use conductivity apparatus to test conductivity of substances.","'99.82967377"
"'185","'LINE","'All solutes that dissolve in water fall into one of two categories: electrolytes and","'99.97663879"
"'185","'LINE","'nonelectrolytes. An electrolyte is a substance that, when dissolved in water, results in a","'99.68151093"
"'185","'LINE","'solution that can conduct electricity. In order to conduct a current, a substance must","'99.63391113"
"'185","'LINE","'contain mobile ions. All ionic compounds are electrolytes. When ionic compounds","'99.94674683"
"'185","'LINE","'dissolve, they dissociate (break apart) into ions, which are then able to conduct a","'99.85176086"
"'185","'LINE","'current. Thus, we can represent sodium chloride dissolving in water as","'99.94555664"
"'185","'LINE","'H2O","'86.63922882"
"'185","'LINE","'NaCl(s)","'58.06919861"
"'185","'LINE","'Na⁺(aq) + Cl⁻(aq)","'12.41161060"
"'185","'LINE","'What this equation says is that all the sodium chloride that enters the aqueous solution","'99.96382141"
"'185","'LINE","'ends up as Na⁺ and Cl⁻ ions; there are no undissociated NaCl units in solution.","'92.92889404"
"'185","'LINE","'Even insoluble ionic compounds, such as CaCO₃, are considered electrolytes because","'97.94458008"
"'185","'LINE","'they can conduct a current in the molten (melted) state. Some polar covalent compounds","'99.84222412"
"'185","'LINE","'such as acetic acid (CH₃COOH) that can, at least partially, dissociate into ions when","'97.09106445"
"'185","'LINE","'dissolved in water are also classified as electrolytes.","'99.92992401"
"'185","'LINE","'A nonelectrolyte is a substance that does not conduct an electric current in either","'98.64626312"
"'185","'LINE","'aqueous solution or in the molten state. Most polar covalent compounds, such as table","'99.94508362"
"'185","'LINE","'sugar (C₁₂H₂₂O₁₁), and all nonpolar covalent compounds are good examples of","'95.18423462"
"'185","'LINE","'nonelectrolytes. When these compounds dissolve in water, they do not produce ions.","'99.95619965"
"'185","'LINE","'An equation can still be written that simply shows the solute going into solution without","'99.97905731"
"'185","'LINE","'dissociating into ions. For example, the process of dissolving sucrose in water can be","'99.96977997"
"'185","'LINE","'written as follows:","'99.95742035"
"'185","'LINE","'C₁₂H₂₂O₁₁(ₛ)","'41.28667068"
"'185","'LINE","'C₁₂H₂₂O₁₁(aq)","'73.39544678"
"'185","'LINE","'Individual C₁₂H₂₂O₁₁","'88.75527954"
"'185","'LINE","'molecules in solution","'99.91157532"
"'185","'LINE","'C₁₂H₂₂O₁₁","'66.49134827"
"'185","'LINE","'crystal","'98.52459717"
"'185","'LINE","'Strong and Weak Electrolytes","'99.95057678"
"'185","'LINE","'A strong electrolyte is a substance that when dissolved in water dissociates completely","'99.15285492"
"'185","'LINE","'into its ions. All ionic compounds are strong electrolytes. NaCl is a good example. A","'98.07825470"
"'185","'LINE","'weak electrolyte is a substance that when dissolved in water dissociates partially into","'99.86032104"
"'185","'LINE","'its ions. For example, acetic acid (CH₃COOH)- the compound in vinegar and nitrous","'98.06680298"
"'185","'LINE","'acid (HNO₂) only partially ionizes into respective ions (H⁺ and CH₃COO- or H+ and","'90.16938782"
"'185","'LINE","'179","'99.81445313"
"'186","'LINE","'Chemistry Grade 10","'99.96392822"
"'186","'LINE","'NO₂-) when dissolved in water. Aqueous nitrous acid is composed of only about 5%","'96.11527252"
"'186","'LINE","'ions and 95% intact (undissociated) nitrous acid molecules. Table 4.1 shows some strong","'99.74945068"
"'186","'LINE","'and weak electrolytes.","'99.98345947"
"'186","'LINE","'HNO2(aq)","'62.44977570"
"'186","'LINE","'1L","'88.13426208"
"'186","'LINE","'H⁺(aq) + NO2⁻(aq)","'69.93785858"
"'186","'LINE","'CH₃COOH(aq)","'64.51750183"
"'186","'LINE","'1L","'90.79898834"
"'186","'LINE","'H⁺(aq) + CH₃COO⁻(aq)","'64.86182404"
"'186","'LINE","'Table 4.1: Classification of Solutes in Aqueous Solutions.","'99.75095367"
"'186","'LINE","'Strong Electrolyte","'99.98535156"
"'186","'LINE","'Weak Electrolyte","'99.96093750"
"'186","'LINE","'Nonelectrolyte","'99.96093750"
"'186","'LINE","'HCI","'98.27706146"
"'186","'LINE","'CH₃COOH","'58.82891846"
"'186","'LINE","'(NH₂)₂CO (urea)","'79.79203796"
"'186","'LINE","'HNO3","'58.99772644"
"'186","'LINE","'HF","'99.76243591"
"'186","'LINE","'CH3OH (methanol)","'82.23114777"
"'186","'LINE","'HCIO₄","'85.58135986"
"'186","'LINE","'HNO₂","'79.16533661"
"'186","'LINE","'C2H₅OH (ethanol)","'77.03075409"
"'186","'LINE","'H2SO₄","'44.32955933"
"'186","'LINE","'NH₃","'71.10949707"
"'186","'LINE","'C₆H₁₂O₆ (glucose)","'83.60700989"
"'186","'LINE","'NaOH","'97.17793274"
"'186","'LINE","'H2O","'75.04802704"
"'186","'LINE","'C₁₂H₂₂O₁₁ (sucrose)","'82.66162872"
"'186","'LINE","'Ba(OH)₂","'91.33550262"
"'186","'LINE","'lonic compounds","'89.41844940"
"'186","'LINE","'Experiment 4.3","'99.94061279"
"'186","'LINE","'The Distinction Between Electrolyte and Nonelectrolyte Solutions","'99.98453522"
"'186","'LINE","'Objective: To distinguish between electrolyte and nonelectrolyte solutions","'99.35237885"
"'186","'LINE","'Chemicals: Water, Table salt","'99.97518921"
"'186","'LINE","'Apparatus: power source, wires, beaker (or water glass) and light bulb","'99.98661041"
"'186","'LINE","'Procedure","'99.96014404"
"'186","'LINE","'1. Construct the light bulb experiment as shown in Figure 4.6.","'99.90377808"
"'186","'LINE","'2. Fill the glass with water as shown in the Figure. Write your observation","'99.97390747"
"'186","'LINE","'3. Add a tea spoonful of fine NaCl in the water and let it dissolve. Make sure","'99.08422089"
"'186","'LINE","'the circuit is complete. Write your observation.","'99.93759155"
"'186","'LINE","'Caution: Bare wires are a hazard! Skin will conduct an electric current and","'99.81652832"
"'186","'LINE","'will cause a shock. Do not touch the bare part of the wires when the light-bulb","'99.80354309"
"'186","'LINE","'apparatus is plugged in.","'99.97802734"
"'186","'LINE","'180","'99.22612000"
"'187","'LINE","'Energy Changes and Electrochemistry","'99.89038849"
"'187","'LINE","'Question","'100.00000000"
"'187","'LINE","'In which case does the light bulb glow? With just water or salt dissolved in it?","'99.84461975"
"'187","'LINE","'Explain your observations. Try the same experiment using table sugar (sucrose)","'99.96649933"
"'187","'LINE","'instead of salt. Apply the concept to test whether the drinking water in your","'99.98367310"
"'187","'LINE","'locality is salty or potable. Note that the brightness of the light bulb depends on","'99.98036194"
"'187","'LINE","'the concentration of the salt.","'99.98405457"
"'187","'LINE","'Figure 4.6 Setup for electrolytic conductivity test.","'99.97895813"
"'187","'LINE","'Exercise 4.3","'99.87753296"
"'187","'LINE","'1. Classify each of the following as electrolytes or nonelectrolytes:","'99.90178680"
"'187","'LINE","'a. air","'98.98796082"
"'187","'LINE","'d. lemon water","'99.93058014"
"'187","'LINE","'g. ammonia","'99.88121796"
"'187","'LINE","'b. pure water","'99.96093750"
"'187","'LINE","'e. sulphuric acid","'98.73883820"
"'187","'LINE","'solution","'99.96014404"
"'187","'LINE","'C. saline solution","'91.44398499"
"'187","'LINE","'f. nitric acid","'99.93083954"
"'187","'LINE","'2. The diagrams show three compounds (a) AB₂, (b) AC2, and (c) AD₂ dissolved","'92.58350372"
"'187","'LINE","'in water. Which is the strongest electrolyte and which is the weakest? (For","'99.98566437"
"'187","'LINE","'simplicity, water molecules are not shown.)","'99.96868134"
"'187","'LINE","'(a)","'99.64205933"
"'187","'LINE","'(b)","'99.99023438"
"'187","'LINE","'(c)","'96.70220947"
"'187","'LINE","'181","'99.01367188"
"'188","'LINE","'Chemistry Grade 10","'99.91184235"
"'188","'LINE","'4.3 Electrochemical Cells","'99.76103973"
"'188","'LINE","'At the end of this section, students will be able to describe the importance of","'99.98421478"
"'188","'LINE","'electrochemical cells in daily life (Votic cell and car battery).","'99.94670868"
"'188","'LINE","'Consider the catabolic biochemical reactions such","'99.98345947"
"'188","'LINE","'as breakdown of glucose during respiration which","'99.96640778"
"'188","'LINE","'releases energy (exothermic) and anabolic reactions","'99.94699097"
"'188","'LINE","'such as joining of amino acids to form proteins","'99.95063782"
"'188","'LINE","'(endothermic). Where do you think these reactions","'99.59001160"
"'188","'LINE","'take place in your body? What about photosynthesis","'99.95800018"
"'188","'LINE","'?","'92.46990967"
"'188","'LINE","'in plants? Where does it take place? Can you","'99.81452179"
"'188","'LINE","'draw analogy between the places (setup) where","'99.99860382"
"'188","'LINE","'biochemical reactions take place in your body to the","'99.97251892"
"'188","'LINE","'setup for redox reactions to produce electrical energy","'99.98525238"
"'188","'LINE","'Activity 4.5","'99.78027344"
"'188","'LINE","'or produce useful compounds?","'99.92840576"
"'188","'LINE","'An electrochemical cell is a system that incorporates a redox reaction to produce","'99.83459473"
"'188","'LINE","'or use electrical energy. It consists of two or more electrodes that are dipped into","'99.89249420"
"'188","'LINE","'an electrolyte (see Figure 4.7 & 4.10) in which a chemical reaction either uses or","'99.26052094"
"'188","'LINE","'generates an electric current, and the electronic circuitry for controlling and measuring","'99.95220184"
"'188","'LINE","'the current and the potential. Electrodes are strips of metal or graphite that allow","'99.96687317"
"'188","'LINE","'electrons to leave or enter the electrolytes. They can be chemically active or inert.","'99.94937897"
"'188","'LINE","'Active electrodes directly take part in reactions. Examples include zinc and magnesium.","'99.94562531"
"'188","'LINE","'Inert electrodes do not directly take part in chemical reactions. They only serve to","'99.95403290"
"'188","'LINE","'transfer electrons. Examples include platinum and graphite.","'99.97443390"
"'188","'LINE","'Depending on the purpose or the types of reactions taking place, electrochemical cells","'99.97589874"
"'188","'LINE","'are divided into two. These are Galvanic (Voltaic) cells and Electrolytic cells.","'99.96216583"
"'188","'LINE","'4.3.1 Galvanic (Voltaic) Cells","'99.80348969"
"'188","'LINE","'What is a galvanic cell?","'98.40947723"
"'188","'LINE","'A Galvanic cell or voltaic cell is an electrochemical cell in which chemical energy","'99.11930084"
"'188","'LINE","'contained in reactants is converted into electrical energy via a spontaneous redox","'99.91280365"
"'188","'LINE","'reaction. Galvanic cell or voltaic cell was so named after the Italian scientists Luigi","'98.86067963"
"'188","'LINE","'Galvani and Alessandro Volta, who constructed early versions of the device.","'99.95023346"
"'188","'LINE","'Examples include the cells we use in our hand batteries (dry cells), flashlight batteries,","'99.87454224"
"'188","'LINE","'wrist watches, cameras and car batteries. The redox reactions between the chemicals","'99.97857666"
"'188","'LINE","'in these cells are responsible for the generation of electricity. The reaction proceeds","'99.98097229"
"'188","'LINE","'on its own and without any external influence. This type of chemical reaction is called","'99.96446991"
"'188","'LINE","'spontaneous redox reaction. Therefore, Galvanic cells are electrochemical cells in","'99.94134521"
"'188","'LINE","'182","'99.72656250"
"'189","'LINE","'Energy Changes and Electrochemistry","'99.92292023"
"'189","'LINE","'which spontaneous redox reactions generate electricity. Galvanic cells are classified","'99.96623993"
"'189","'LINE","'into primary cells, secondary cells, and fuel cells. Here, we shall be concerned with","'99.94456482"
"'189","'LINE","'the primary and secondary cells only. Fuel cells will be discussed in grade 11. Both","'99.84603882"
"'189","'LINE","'primary and secondary cells are batteries that store electrical energy in the form of","'99.97669220"
"'189","'LINE","'chemical energy. The chemical energy is converted into electrical energy when we the","'99.97802734"
"'189","'LINE","'battery is in use.","'99.92576599"
"'189","'LINE","'Primary Cells (Battery Cells)","'99.90603638"
"'189","'LINE","'Primary cells or also known as battery cells are galvanic cells that are not rechargeable.","'99.95014954"
"'189","'LINE","'This is because once the chemicals in the cells that serve as reactants are completely","'99.97586060"
"'189","'LINE","'used up, it is not possible to recover them by charging the cells. Examples of primary","'99.90258026"
"'189","'LINE","'cells include Daniell's cell and zinc-carbon (Leclanche) dry cells. The common feature","'99.89064789"
"'189","'LINE","'of all Galvanic cells is that they contain two electrodes in contact with an electrolyte.","'99.97765350"
"'189","'LINE","'The electrolyte in a Galvanic cell can be in the form of a solution (Daniell cell) or","'99.70824432"
"'189","'LINE","'a paste (Leclanche cell). The cells containing electrolytes in the form of solution are","'99.84403229"
"'189","'LINE","'called wet cells, and those containing electrolytes in the form of paste are called dry","'99.98030853"
"'189","'LINE","'cells.","'100.00000000"
"'189","'LINE","'An example of a wet primary cell is the Daniell cell. It consists of a zinc strip placed","'99.66470337"
"'189","'LINE","'in ZnSO₄ solution in one compartment and a copper strip placed in copper sulphate,","'99.39897156"
"'189","'LINE","'CuSO₄, solution in another compartment (Figure 4.7).","'96.00104523"
"'189","'LINE","'Voltmeter","'99.92028046"
"'189","'LINE","'e⁻","'47.35520935"
"'189","'LINE","'e⁻","'50.07165146"
"'189","'LINE","'Zinc","'99.89098358"
"'189","'LINE","'Copper","'99.97070313"
"'189","'LINE","'anode","'99.93083954"
"'189","'LINE","'CI","'34.37400436"
"'189","'LINE","'K+","'65.98632813"
"'189","'LINE","'cathode","'100.00000000"
"'189","'LINE","'The anode (zinc)","'99.93735504"
"'189","'LINE","'Salt bridge","'99.88769531"
"'189","'LINE","'The cathode (copper)","'99.98697662"
"'189","'LINE","'electrode loses its mass","'99.94120789"
"'189","'LINE","'electrode gains mass","'99.96419525"
"'189","'LINE","'Cotton","'99.93083954"
"'189","'LINE","'plugs","'99.91051483"
"'189","'LINE","'Cu2","'54.72486496"
"'189","'LINE","'Zn²⁺","'30.75115585"
"'189","'LINE","'SO2","'30.68937302"
"'189","'LINE","'ZnSO₄ solution","'88.12679291"
"'189","'LINE","'CuSO₄ solution","'81.03027344"
"'189","'LINE","'2e","'91.61093140"
"'189","'LINE","'2e","'80.35903931"
"'189","'LINE","'Zn","'96.59677887"
"'189","'LINE","'Zn2+","'53.55548096"
"'189","'LINE","'Cu","'98.70774841"
"'189","'LINE","'Zn is oxidized","'99.72715759"
"'189","'LINE","'Net reaction","'99.95605469"
"'189","'LINE","'Cu²⁺ reduced","'74.96054077"
"'189","'LINE","'to Zn²⁺ at anode.","'92.45550537"
"'189","'LINE","'to Cu at cathode.","'99.66274261"
"'189","'LINE","'Zn(s)","'99.38396454"
"'189","'LINE","'Zn²⁺ (aq) + 2e","'75.74243164"
"'189","'LINE","'Zn(s)+ Cu²⁺ (aq)","'85.09977722"
"'189","'LINE","'Zn²⁺ (aq) + Cu(s)","'84.57120514"
"'189","'LINE","'2e+ Cu²⁺ (aq)","'67.27552795"
"'189","'LINE","'Cu(s)","'99.75585938"
"'189","'LINE","'Figure 4.7 The Daniell Cell.","'99.92889404"
"'189","'LINE","'Each compartment is called a half-cell, and the reactions occurring in each compartment","'99.81636810"
"'189","'LINE","'are called half-cell reactions. The solutions in the two compartments are linked by a","'99.82780457"
"'189","'LINE","'183","'98.97380829"
"'190","'LINE","'Chemistry Grade 10","'99.89881897"
"'190","'LINE","'salt bridge. The salt bridge consists of a delivery tube filled with warm mixture of","'99.87438965"
"'190","'LINE","'conc. KCI solution and agar solution, which is then allowed to cool so that it sets in the","'98.53137207"
"'190","'LINE","'form of a gel.","'99.59402466"
"'190","'LINE","'In the anode compartment, the zinc atoms from the zinc electrode lose two electrons","'99.93200684"
"'190","'LINE","'each and become zinc ions, Zn²⁺. The ions enter into the solution, and the electrons","'99.19149780"
"'190","'LINE","'remain on the electrode and flow through the external wire to the copper electrode","'99.97756195"
"'190","'LINE","'(see anode half reaction below). This situation causes the zinc electrode to be negative","'99.94879150"
"'190","'LINE","'and the solution to have an overall positive charge. In the process the anode (zinc)","'99.96061707"
"'190","'LINE","'electrode loses its mass. That is why the anode of the galvanic cell is sometimes called","'99.96322632"
"'190","'LINE","'sacrificial electrode. On the other hand, in the compartment containing the copper","'99.95288086"
"'190","'LINE","'electrode, copper ions, Cu²⁺, from the solution move to the cathode and gain two","'99.35525513"
"'190","'LINE","'electrons each, to become copper atoms and deposit on the surface of the copper","'99.95838928"
"'190","'LINE","'electrode (see cathode half reaction below). This condition causes the electrode to","'99.96962738"
"'190","'LINE","'be positive and the solution to have a negative charge. In addition, the cathode","'99.79487610"
"'190","'LINE","'continuous to grow in mass as more and more copper deposits on it. The electron flows","'99.93927765"
"'190","'LINE","'from anode to cathode in the external conductor.","'99.97304535"
"'190","'LINE","'The half-cell reactions and the cell reaction in Daniell cells are represented as","'99.91812134"
"'190","'LINE","'Anode reaction: Zn(s)","'97.11833954"
"'190","'LINE","'Zn²⁺(aq) + 2e-","'89.24525452"
"'190","'LINE","'Cathode reaction: + 2e-","'95.82430267"
"'190","'LINE","'Cu(s)","'97.01291656"
"'190","'LINE","'Overall (cell) reaction: Zn(s) + Cu²⁺(aq)","'93.38533020"
"'190","'LINE","'+ Cu(s)","'91.39509583"
"'190","'LINE","'Due to the oxidation-reduction reaction in the cell, the Daniell cell generates electricity.","'99.93402863"
"'190","'LINE","'What is the purpose of the salt bridge in Figure 4.7? From the preceding discussion,","'98.18824768"
"'190","'LINE","'it is clear that the solution in which the zinc electrode is placed has an overall positive","'99.95619965"
"'190","'LINE","'charge while the solution in the copper compartment has a negative charge. Unless","'99.76395416"
"'190","'LINE","'the two solutions are neutral, the cell cannot produce electricity. Thus, the purpose of","'99.96681976"
"'190","'LINE","'the salt bridge is to maintain electrical neutrality between the two solutions.","'99.96298218"
"'190","'LINE","'Although, wet cells like the Daniell cell can serve as a source of electricity, they are not","'99.87384796"
"'190","'LINE","'portable since they contain solutions. Due to this practical problem of using wet cells,","'99.94903564"
"'190","'LINE","'dry cells were developed. In a dry cell, a moist electrolyte paste is used instead of","'99.83006287"
"'190","'LINE","'solutions. This cell was invented by Georges Leclanche, a French chemist.","'99.84342194"
"'190","'LINE","'We commonly use Leclanche cells as convenient, portable sources of energy. Flashlights","'99.84305573"
"'190","'LINE","'and radios are examples of devices that are often powered by the zinc-carbon,","'99.84718323"
"'190","'LINE","'or Leclanché, dry cell (Figure 4.8). This voltaic cell has a zinc can as the anode; a","'99.39962006"
"'190","'LINE","'graphite rod in the center, surrounded by a paste of manganese dioxide, ammonium","'99.89173126"
"'190","'LINE","'and zinc chlorides, and carbon black, as the cathode. It produces electricity as a result","'99.78619385"
"'190","'LINE","'of a spontaneous redox reactions:","'99.66677094"
"'190","'LINE","'Anode reaction: Zn(s)","'97.18995667"
"'190","'LINE","'Zn²⁺(aq) + 2e-","'86.90367126"
"'190","'LINE","'Cathode reaction: (aq) + 2MnO₂(s) + 2e","'90.30438995"
"'190","'LINE","'Mn₂O₃(s) + H₂O(I) + 2NH₃(aq)","'72.61163330"
"'190","'LINE","'184","'98.63121796"
"'191","'LINE","'Energy Changes and Electrochemistry","'99.92781067"
"'191","'LINE","'Overall (cell) reaction:","'99.91456604"
"'191","'LINE","'Zn(s) + 2NH₄ (aq) + 2MnO₂(s)","'82.26004028"
"'191","'LINE","'Zn²⁺ (aq) + Mn₂O₃(s) + H₂O(I) + 2NH₃(aq)","'74.85682678"
"'191","'LINE","'Positive terminal","'99.88201141"
"'191","'LINE","'+","'96.67968750"
"'191","'LINE","'Air space","'99.94140625"
"'191","'LINE","'Asphalt seal","'99.97558594"
"'191","'LINE","'Porous paper","'99.96054077"
"'191","'LINE","'Paste of MnO₂, ZnCl₂","'89.09608459"
"'191","'LINE","'NH₄CI, and C","'72.02288055"
"'191","'LINE","'Graphite rod","'99.97558594"
"'191","'LINE","'(cathode)","'99.99023438"
"'191","'LINE","'Zinc can (anode)","'99.90234375"
"'191","'LINE","'Metal jacket","'99.98046875"
"'191","'LINE","'Insulator","'99.95037079"
"'191","'LINE","'Negative terminal","'99.99511719"
"'191","'LINE","'Figure 4.8 Zinc-carbon dry cell (Leclanche cell).","'99.82775116"
"'191","'LINE","'A buildup of ammonia gas around the cathode may disrupt the current. However, this is","'99.08831787"
"'191","'LINE","'prevented by the reaction between Zn²⁺ and NH₃ to form a complex ion, [Zn(NH₃)₂]²⁺","'94.46387482"
"'191","'LINE","'which crystallizes as a chloride salt through reaction with chloride (spectator ion).","'99.84650421"
"'191","'LINE","'Zn²⁺(aq) + 2NH₃(aq) + 2Cl⁻(aq)","'70.41346741"
"'191","'LINE","'Zn(NH₃)2CI₂(s)","'51.29603577"
"'191","'LINE","'Therefore, the overall reaction occurring in a Leclanche cell is often written as:","'99.69794464"
"'191","'LINE","'Zn(s) + 2NH₄CI(aq) + 2MnO₂(s)","'77.25962067"
"'191","'LINE","'The voltage of this dry cell is initially about 1.5 V, but it decreases as current is drawn","'99.26828766"
"'191","'LINE","'off. The voltage also deteriorates rapidly in cold weather. There are other examples","'99.97791290"
"'191","'LINE","'of dry cells, such as the alkaline dry cell, silver oxide cell, and copper oxide cell which","'99.97453308"
"'191","'LINE","'are left for interested students to read.","'99.95048523"
"'191","'LINE","'Exercise 4.4","'99.82910156"
"'191","'LINE","'A voltaic cell is constructed from a half-cell in which a cadmium rod is dipped","'99.28363800"
"'191","'LINE","'into a solution of cadmium nitrate, Cd(NO₃)₂, and another half-cell in which a","'98.69805908"
"'191","'LINE","'silver rod is dipped into a solution of silver nitrate, AgNO₃. The two half-cells are","'99.16893768"
"'191","'LINE","'connected by a salt bridge. Silver ion is reduced during operation of the voltaic cell.","'99.81321716"
"'191","'LINE","'Draw a sketch of the cell.","'99.73167419"
"'191","'LINE","'Label the anode and cathode, showing the corresponding half reactions at","'99.96746063"
"'191","'LINE","'these electrodes.","'99.96014404"
"'191","'LINE","'Indicate the electron flow in the external circuit (with a lightbulb) and the","'99.79361725"
"'191","'LINE","'signs of the electrodes.","'99.96766663"
"'191","'LINE","'185","'99.76562500"
"'192","'LINE","'Chemistry Grade 10","'99.94113922"
"'192","'LINE","'Project 4.1","'99.68669891"
"'192","'LINE","'Constructing Simple Galvanic Cells","'99.98271179"
"'192","'LINE","'Objectives: To construct a simple Galvanic cell.","'98.56584930"
"'192","'LINE","'Direction: Construct a modified zinc-carbon dry cell (Leclanche cell) using your own","'99.74815369"
"'192","'LINE","'materials.","'99.96014404"
"'192","'LINE","'Write a project report and submit to your teacher. Demonstrate the functioning of","'99.86933136"
"'192","'LINE","'the developed cell in the class. Your report should describe the basic features of the","'99.97884369"
"'192","'LINE","'developed cell. The equations for the redox reactions involved. The half-reaction","'99.96154022"
"'192","'LINE","'reactions and where (the electrode) they occur. Compare the performance (light","'99.85794067"
"'192","'LINE","'intensity) of your cell with the commercially available cells.","'99.91810608"
"'192","'LINE","'b. Secondary (Rechargeable) Cells","'99.76876068"
"'192","'LINE","'Unlike primary cells, secondary cells are rechargeable. The electrode reactions can","'99.95954132"
"'192","'LINE","'be reversed, and the original reactants can be regenerated. This can be achieved by","'99.97460175"
"'192","'LINE","'passing a direct current through the cell. The process is called charging or recharging.","'99.79145050"
"'192","'LINE","'A secondary cell needs to be recharged when it stops producing electricity. A lead","'97.85146332"
"'192","'LINE","'storage battery is an example of a secondary cell. A lead storage battery is the","'98.99140930"
"'192","'LINE","'common automobile battery that usually delivers either 6 or 12 volts, depending on","'99.86936951"
"'192","'LINE","'the number of cells used in its construction. The inside of this Voltaic cell consists of","'99.97889709"
"'192","'LINE","'electrodes of lead alloy grids; one electrode is packed with a spongy lead to form","'99.91999817"
"'192","'LINE","'the anode, and the other electrode is packed with lead (IV) oxide to form the cathode","'99.97543335"
"'192","'LINE","'(see Figure 4.9). Both are bathed in an aqueous solution of 35% sulfuric acid, H2SO4.","'95.74749756"
"'192","'LINE","'A single lead-storage cell delivers 2 volts. Therefore, a 12 V battery contains six cells","'98.76582336"
"'192","'LINE","'connected in series (Figure 4.9).","'99.73700714"
"'192","'LINE","'Intercell connectors","'99.85560608"
"'192","'LINE","'-","'67.73427582"
"'192","'LINE","'PbO₂","'71.46046448"
"'192","'LINE","'plates","'98.51323700"
"'192","'LINE","'Pb plates","'99.38317108"
"'192","'LINE","'H₂SO₄(aq)","'71.24940491"
"'192","'LINE","'Intercell connectors","'97.99365997"
"'192","'LINE","'Figure 4.9 A Lead - Storage Battery. Each cell delivers about 2 V, and a battery","'98.29455566"
"'192","'LINE","'consisting of six cells in series gives about 12 V","'99.29426575"
"'192","'LINE","'When a lead-storage battery is in operation (on discharge), the following reactions","'99.89314270"
"'192","'LINE","'occur at the electrodes:","'99.89830780"
"'192","'LINE","'186","'99.45312500"
"'193","'LINE","'Energy Changes and Electrochemistry","'99.92800140"
"'193","'LINE","'Anode reaction: Pb(s) + SO 4 (aq)","'89.47975922"
"'193","'LINE","'PbSO (s) + 2e-","'93.01085663"
"'193","'LINE","'Cathode reaction: PbO₂(s) + 4H⁺(aq) + SO 4 (aq) + 2e-","'86.85059357"
"'193","'LINE","'PbSO (s) + 2H₂O(I)","'85.06160736"
"'193","'LINE","'Overall (cell) reaction: Pb(s) + PbO₂(s) + 4H⁺(aq) + 2SO4 (aq)","'85.57132721"
"'193","'LINE","'2PbSO, (s) + 2H₂O(I)","'77.08409119"
"'193","'LINE","'From the electrode reactions it can be noticed that PbSO₄ is produced at both","'98.05685425"
"'193","'LINE","'electrodes. Lead-storage battery, as a secondary cell, is rechargeable when it runs","'99.78819275"
"'193","'LINE","'down. The electrode reactions can be reversed by applying a potential across the","'99.89411163"
"'193","'LINE","'electrodes that is slightly larger than that which the battery can deliver. The reaction","'99.98390198"
"'193","'LINE","'that takes place on recharging a lead storage battery is given by the following","'99.85757446"
"'193","'LINE","'equation.","'99.92028046"
"'193","'LINE","'2PbSO (s) + 2H₂O(I)","'83.78929138"
"'193","'LINE","'Pb(s) + PbO₂(s) + 2H₂SO₄(aq)","'79.81714630"
"'193","'LINE","'Note: The electrode that served as anode during discharging (use) is forced to behave","'99.96785736"
"'193","'LINE","'as cathode during recharging. Consequently, the direction of the electron flow that","'99.95897675"
"'193","'LINE","'was from left (Pb = anode) to right (PbO₂ = cathode) is changed to right (PbO₂ =","'98.59379578"
"'193","'LINE","'anode) to left (Pb = cathode). Oxidation always takes place at anode and reduction","'99.69105530"
"'193","'LINE","'at cathode. The direction of electron flow is always from anode to cathode.","'99.96964264"
"'193","'LINE","'Project 4.2","'99.82421875"
"'193","'LINE","'Do you know how car batteries are maintained? Your teacher will arrange a visit to","'99.71505737"
"'193","'LINE","'the nearby car battery maintenance center. Before the trip, prepare the following","'99.97538757"
"'193","'LINE","'questions for interview.","'99.95362854"
"'193","'LINE","'Why car battery fails?","'99.93124390"
"'193","'LINE","'What are the components in the car battery?","'99.94345093"
"'193","'LINE","'How are they assembled to a self-contained device?","'99.68759918"
"'193","'LINE","'What is the advantage of car battery over other types of batteries such as dry cells?","'99.95021057"
"'193","'LINE","'Each dry cell can generate 1.5 V. If we assemble 8 of them in series, we can generate","'99.64664459"
"'193","'LINE","'12.0 V. So, why can't we use this option?","'99.35219574"
"'193","'LINE","'How the health or the degree of discharge is tested?","'99.96566010"
"'193","'LINE","'How is the battery recharged?","'99.95639038"
"'193","'LINE","'After getting answers for the above questions, and reaching conclusion after discussion","'99.97437286"
"'193","'LINE","'in group, write a report about what you have learnt during your visit and present it","'99.72219086"
"'193","'LINE","'to the class.","'99.97369385"
"'193","'LINE","'4.4","'99.57031250"
"'193","'LINE","'Electrolysis","'99.93164063"
"'193","'LINE","'At the end of this section students will be able to","'99.97033691"
"'193","'LINE","'define the term electrolysis;","'99.95545959"
"'193","'LINE","'define the terms electrode, anode, cathode, electrolyte, anion, and cation;","'99.97023010"
"'193","'LINE","'describe electrolytic cell;","'99.92407227"
"'193","'LINE","'draw labelled diagram of an electrolytic cell;","'99.94641876"
"'193","'LINE","'define the terms' half-reaction and cell reaction;","'99.70341492"
"'193","'LINE","'187","'98.32569122"
"'194","'LINE","'Chemistry Grade 10","'99.93463135"
"'194","'LINE","'write the oxidation half-reaction, reduction half reaction and cell reaction for the","'99.93830109"
"'194","'LINE","'electrolysis of molten or fused electrolytes;","'99.94589233"
"'194","'LINE","'perform an activity to show electrolysis of molten electrolytes.","'99.96049500"
"'194","'LINE","'1. In the voltaic cells such as primary or secondary","'99.87810516"
"'194","'LINE","'you have just learnt, chemical reaction generates","'99.74666595"
"'194","'LINE","'electricity or chemical energy is converted into","'99.97489166"
"'194","'LINE","'electrical energy. What about the reverse? Which","'99.96884918"
"'194","'LINE","'of the two types of voltaic cells can be adapted to","'99.98572540"
"'194","'LINE","'serve as electrolytic cell; the primary or secondary?","'99.92391968"
"'194","'LINE","'2. Can you infer the meaning of the word ""electrolysis""","'99.73928070"
"'194","'LINE","'by breaking it into 'electro' and 'lysis'? Remember","'99.20584869"
"'194","'LINE","'that you applied an electrical potential across the","'99.74365234"
"'194","'LINE","'electrodes to cause the reaction:","'99.93849182"
"'194","'LINE","'?","'88.59375000"
"'194","'LINE","'2PbSO₄(s) + 2H₂O(I)","'82.31338501"
"'194","'LINE","'Pb(s) + PbO₂(s) + 2H2SO₄","'89.11220551"
"'194","'LINE","'(aq) in secondary cells.","'99.90378571"
"'194","'LINE","'Now, based on the information from the above analysis","'99.96067047"
"'194","'LINE","'can you define electrolysis?","'99.62681580"
"'194","'LINE","'Activity 4.6","'99.67285156"
"'194","'LINE","'In contrast to spontaneous redox reactions, which result in the conversion of chemical","'99.96420288"
"'194","'LINE","'energy into electrical energy, electrolysis is a process by which electrical energy is","'99.88941956"
"'194","'LINE","'used to drive an otherwise nonspontaneous reaction. Electrolysis stands for ""electro""","'99.84816742"
"'194","'LINE","'means electricity and ""lysis"" means to separate or break. So in terms, electrolysis","'99.92314911"
"'194","'LINE","'would mean ""breakdown via electricity"". An electrochemical cell in which electrolysis","'99.23429871"
"'194","'LINE","'occurs is called electrolytic cell (Figure 4.10). It has two components, electrodes (anode","'99.77086639"
"'194","'LINE","'and cathode) and electrolyte.","'99.90055084"
"'194","'LINE","'In electrolytic cell, the electrode connected to the positive terminal of the source (e.g.","'99.95339203"
"'194","'LINE","'battery) is positively charged and is called the anode. It is the electrode through","'99.91858673"
"'194","'LINE","'which electrons leave the cell. The electrode connected to the negative terminal of","'99.97553253"
"'194","'LINE","'the source is negatively charged and is called the cathode. It is the electrode through","'99.92671967"
"'194","'LINE","'which electrons enter the cell (see Figure 4.10).","'99.84447479"
"'194","'LINE","'188","'98.36833954"
"'195","'LINE","'Energy Changes and Electrochemistry","'99.91783905"
"'195","'LINE","'Current flow","'99.95605469"
"'195","'LINE","'+","'97.39257813"
"'195","'LINE","'e- flow","'93.48343658"
"'195","'LINE","'+","'98.20312500"
"'195","'LINE","'-","'78.08045959"
"'195","'LINE","'Z","'98.81935883"
"'195","'LINE","'Z","'98.85921478"
"'195","'LINE","'Anode","'100.00000000"
"'195","'LINE","'Cathode","'99.97070313"
"'195","'LINE","'Z⁺ (aq)","'83.50077820"
"'195","'LINE","'Figure 4.10 A sketch of an electrolytic cell.","'98.44631958"
"'195","'LINE","'During electrolysis, the ions of the electrolyte migrate to the electrodes of the opposite","'99.96461487"
"'195","'LINE","'charge. The positive ions are attracted to the cathode and are called cations. Since","'99.97529602"
"'195","'LINE","'the cathode has excess electrons, the cations will discharge by gaining electrons. This","'99.98472595"
"'195","'LINE","'process of gaining electrons is called reduction. The negative ions are attracted by","'99.96339417"
"'195","'LINE","'the positive electrode (anode) and are called anions. These ions are discharged by","'99.97721863"
"'195","'LINE","'losing electrons (get oxidized) at the anode. This process of losing electrons is called","'99.94119263"
"'195","'LINE","'oxidation. Thus, the cathode is the electrode at which reduction occurs and the anode","'99.92335510"
"'195","'LINE","'is the electrode at which oxidation takes place.","'99.93674469"
"'195","'LINE","'4.4.1 Electrolysis of Molten (Fused) Electrolytes","'99.94290161"
"'195","'LINE","'lonic solids can melt at elevated temperature. NaCl, for instance, melts at 801 °C. The","'94.68242645"
"'195","'LINE","'process is called melting or fusion. When ionic solids melt, they dissociate into positive","'99.94049835"
"'195","'LINE","'and negative ions that are free to move. To understand the chemical reactions that","'99.56531525"
"'195","'LINE","'occur during electrolysis of molten (fused) electrolytes, consider electrolysis of molten","'99.92774963"
"'195","'LINE","'NaCl. Figure 4.11 shows a simple electrolytic cell. Wires from a battery are connected","'99.42774200"
"'195","'LINE","'to electrodes that are dipped into molten sodium chloride. At the electrode connected","'99.97796631"
"'195","'LINE","'to the negative pole of the battery, globules of sodium metal form; chlorine gas","'99.99082184"
"'195","'LINE","'evolves from the other electrode. The half-reactions are","'99.93714905"
"'195","'LINE","'Na⁺(I) + e⁻","'69.07459259"
"'195","'LINE","'Na(I)","'91.71496582"
"'195","'LINE","'CI⁻ (I)","'58.75667953"
"'195","'LINE","'1/2Cl₂(g) + e⁻","'65.80513000"
"'195","'LINE","'189","'99.40350342"
"'196","'LINE","'Chemistry Grade 10","'99.95063782"
"'196","'LINE","'The anion (CI) migrates","'91.74983978"
"'196","'LINE","'The cation (Na⁺) migrates","'94.46273804"
"'196","'LINE","'toward the positively charged","'99.98759460"
"'196","'LINE","'toward the negatively","'99.96366119"
"'196","'LINE","'anode and get discharged.","'99.86821747"
"'196","'LINE","'charged cathode and get","'99.87797546"
"'196","'LINE","'+","'96.00506592"
"'196","'LINE","'Chlorine gas evolves at anode:","'99.71038055"
"'196","'LINE","'discharged. Sodium metal","'99.75186920"
"'196","'LINE","'e","'94.36363983"
"'196","'LINE","'2Cl-(aq)","'60.44144440"
"'196","'LINE","'Cl₂(g) + e","'94.52254486"
"'196","'LINE","'forms at cathode:","'99.66916656"
"'196","'LINE","'e","'97.33238983"
"'196","'LINE","'e","'96.63903046"
"'196","'LINE","'Na⁺(aq) +","'84.44076538"
"'196","'LINE","'e","'93.38628387"
"'196","'LINE","'Na(s)","'99.63309479"
"'196","'LINE","'Cathode","'99.95037079"
"'196","'LINE","'Anode","'99.99023438"
"'196","'LINE","'e","'94.79253387"
"'196","'LINE","'e","'65.93112183"
"'196","'LINE","'e","'95.41832733"
"'196","'LINE","'Cl:","'93.05584717"
"'196","'LINE","'TO","'11.33998299"
"'196","'LINE","'Na+","'79.34471130"
"'196","'LINE","'+","'98.24138641"
"'196","'LINE","'Molten","'99.97070313"
"'196","'LINE","'receiving through Battery","'51.20555878"
"'196","'LINE","'9","'97.91275024"
"'196","'LINE","'NaCl","'81.53759003"
"'196","'LINE","'volt","'99.13982391"
"'196","'LINE","'Electronice leaving through electrode-solution","'55.63004684"
"'196","'LINE","'Figure 4.11 Electrolysis of molten sodium chloride. Sodium metal is produced","'99.91359711"
"'196","'LINE","'commercially this way.","'99.98671722"
"'196","'LINE","'The reduction of Na⁺ to Na occurs at the cathode, and the oxidation of Cl⁻ to CI₂","'94.37826538"
"'196","'LINE","'occurs at the anode (note the labeling of electrodes in Figure 4.11.","'99.73353577"
"'196","'LINE","'You obtain the cell reaction by adding the half-reactions.","'99.92063904"
"'196","'LINE","'Na⁺(I) + e-","'64.80053711"
"'196","'LINE","'Na(I)","'93.21607971"
"'196","'LINE","'CI- (I)","'60.03617096"
"'196","'LINE","'1/2Cl₂(g) + e-","'69.88686371"
"'196","'LINE","'Na⁺(I) + CI- (I)","'73.40190125"
"'196","'LINE","'Na(I) + ½ Cl₂(g)","'85.70516968"
"'196","'LINE","'As you can see from the cell reaction, the electrolysis of molten NaCl is used commercially","'98.59148407"
"'196","'LINE","'to obtain sodium metal from sodium chloride. A number of other reactive metals are","'98.45133209"
"'196","'LINE","'obtained by the electrolysis of a molten salt or ionic compound. Lithium, magnesium,","'99.77729034"
"'196","'LINE","'and calcium metals are all obtained by the electrolysis of the chlorides.","'99.98596191"
"'196","'LINE","'190","'99.80468750"
"'197","'LINE","'Energy Changes and Electrochemistry","'99.86048889"
"'197","'LINE","'Exercise 4.5","'99.89706421"
"'197","'LINE","'1. A lead-storage buttery is an example of","'99.01668549"
"'197","'LINE","'a. an electrolytic cell called secondary cell","'99.67935944"
"'197","'LINE","'b. galvanic cell called secondary cell","'99.96528625"
"'197","'LINE","'C. rechargeable electrolytic cell called secondary cell","'95.88770294"
"'197","'LINE","'d. only b and c","'91.83084106"
"'197","'LINE","'2. How do you know if an electrode is a cathode or an anode in voltaic cells and","'99.83670807"
"'197","'LINE","'in electrolytic cells?","'99.94439697"
"'197","'LINE","'3. Can you suggest why positive and negative ions are named as cations and","'99.83596039"
"'197","'LINE","'anions respectively?","'99.99511719"
"'197","'LINE","'4. Distinguish between Voltaic cells and electrolytic cells.","'99.95789337"
"'197","'LINE","'5. During electrolysis of fused PbBr₂,","'97.65854645"
"'197","'LINE","'a. Which ions are responsible for the conduction of electricity through the","'99.82624817"
"'197","'LINE","'molten salt?","'99.92107391"
"'197","'LINE","'b. What half-cell reactions occur at the anode and cathode?","'99.90642548"
"'197","'LINE","'Experiment 4.4","'99.94140625"
"'197","'LINE","'Electrolysis of Molten (Fused) Lead Bromide","'99.99023438"
"'197","'LINE","'Objectives: To observe substances produced at the electrodes during electrolysis.","'99.26771545"
"'197","'LINE","'Materials required: Stand and clamp, two graphite electrodes, wires, switch,","'99.98007202"
"'197","'LINE","'light bulb, test tube (bigger in size), Bunsen burner, lead bromide crystals (melting","'99.96576691"
"'197","'LINE","'point: 373°C).","'93.32021332"
"'197","'LINE","'Precaution: Bromine causes very severe burn on the skin.","'99.96591949"
"'197","'LINE","'Procedure:","'99.96014404"
"'197","'LINE","'1. Assemble the materials as shown in Figure 4.12.","'99.63957977"
"'197","'LINE","'2. Place small amount of lead bromide crystals in a beaker. Insert the two","'99.92230225"
"'197","'LINE","'electrodes, as shown in Figure 4.12, until they are in contact with the lead","'99.87260437"
"'197","'LINE","'bromide crystals. Then turn on the switch. Does the bulb glow?","'99.97573853"
"'197","'LINE","'3. Heat the lead bromide in a beaker gently, using a Bunsen burner. When the","'99.70914459"
"'197","'LINE","'lead bromide melts, turn on the switch.","'99.95897675"
"'197","'LINE","'191","'99.81445313"
"'198","'LINE","'Chemistry Grade 10","'99.96717834"
"'198","'LINE","'+","'92.54882813"
"'198","'LINE","'Bulb","'99.61914063"
"'198","'LINE","'Switch","'100.00000000"
"'198","'LINE","'Bromine gas","'99.03968048"
"'198","'LINE","'Molten lead","'100.00000000"
"'198","'LINE","'Molten lead","'99.99511719"
"'198","'LINE","'bromide","'100.00000000"
"'198","'LINE","'Figure 4.12 Electrolysis of Fused Lead Bromide.","'99.91862488"
"'198","'LINE","'Observations and Analysis:","'100.00000000"
"'198","'LINE","'1. Does the bulb glow? If yes, what is the reason?","'99.92928314"
"'198","'LINE","'2. Write the dissociation reaction for PbBr₂.","'96.55965424"
"'198","'LINE","'3. Identify the ions which migrate to the respective electrodes","'99.96029663"
"'198","'LINE","'4. Write the products formed at each electrode.","'99.98647308"
"'198","'LINE","'5. Identify the half reactions as oxidation and reduction.","'99.96492004"
"'198","'LINE","'6. Write the cell reaction","'99.97640228"
"'198","'LINE","'Write a laboratory report on your observation and present to the class.","'99.76137543"
"'198","'LINE","'Consider the text entitled 'Energy and Climate'","'96.99343872"
"'198","'LINE","'below and answer the following questions!","'99.97518921"
"'198","'LINE","'1. Discuss the impact of nation's energy demand on","'99.90462494"
"'198","'LINE","'climate.","'99.96014404"
"'198","'LINE","'2. Explain the role of youth in controlling climate","'99.96582794"
"'198","'LINE","'change.","'99.96014404"
"'198","'LINE","'3. Which type of nations do you think contribute largely","'99.66635895"
"'198","'LINE","'?","'92.88085938"
"'198","'LINE","'to climate change, developed or developing?","'99.90061188"
"'198","'LINE","'4. Discuss how Ethiopia should benefit from large-","'99.92658234"
"'198","'LINE","'scale tree planting.","'99.94359589"
"'198","'LINE","'5. Explain the relevance of tree planting in the carbon","'99.97843170"
"'198","'LINE","'capture and sequestration.","'99.94685364"
"'198","'LINE","'Activity 4.7","'99.81893921"
"'198","'LINE","'192","'99.85351563"
"'199","'LINE","'Energy Changes and Electrochemistry","'99.86312866"
"'199","'LINE","'Energy and Climate","'99.99674225"
"'199","'LINE","'Today, no scientific challenge is greater than reversing the climatic effects of our","'99.94216919"
"'199","'LINE","'increasing dependence on the combustion of fossil fuels-coal, petroleum, and","'99.93669891"
"'199","'LINE","'natural gas. Because these fuels form so much more slowly than we consume them,","'98.96056366"
"'199","'LINE","'they are nonrenewable. In contrast, wood and other fuels derived from plant and","'99.96125793"
"'199","'LINE","'animal matter are renewable.","'99.97050476"
"'199","'LINE","'All carbon-based fuels release CO2 when burned. The ability of CO2 to absorb","'97.36700439"
"'199","'LINE","'heat plays a vital temperature-regulating role in the atmosphere. Much of the","'99.16299438"
"'199","'LINE","'sunlight that shines on Earth is absorbed by the land and oceans and converted to","'99.92628479"
"'199","'LINE","'heat. Like the glass of a greenhouse, CO2 traps some of the heat radiating back","'98.97895813"
"'199","'LINE","'from Earth's surface and, thus, warms the atmosphere. This process is called the","'99.97039795"
"'199","'LINE","'natural greenhouse effect which changes Earth's climate.","'99.98152161"
"'199","'LINE","'Scientists are trying to develop alternative energy sources that do not release","'99.96392822"
"'199","'LINE","'greenhouse gases. In addition to developing alternative energy sources to reduce","'99.93365479"
"'199","'LINE","'fossil-fuel consumption, some researchers are studying carbon capture and","'99.92207336"
"'199","'LINE","'sequestration, accomplished by large-scale tree planting and by liquefying CO2","'98.31941986"
"'199","'LINE","'released from coal fired power plants and burying it underground or injecting it","'99.95642853"
"'199","'LINE","'deep into the oceans.","'99.96318054"
"'199","'LINE","'The climate change is a concern to the global nations too. In 1997, the United","'99.84933472"
"'199","'LINE","'Nations Conference on Climate Change in Kyoto, Japan, created an international","'99.89624023"
"'199","'LINE","'treaty that set legally binding limits on release of greenhouse gases. It was","'99.89868164"
"'199","'LINE","'ratified by 189 countries, but not by the largest emitter of CO2, the United States.","'98.54788208"
"'199","'LINE","'The 2005 conference in Montreal, Canada, presented overwhelming scientific","'99.94377136"
"'199","'LINE","'evidence that confirmed the human impact on climate change, but the 2009","'99.98114777"
"'199","'LINE","'conference in Copenhagen, Denmark, which was attended by representatives","'99.90066528"
"'199","'LINE","'from 192 nations, failed to produce a legally binding agreement on emission","'99.81322479"
"'199","'LINE","'targets. In late 2010, however, the conference in Cancun, Mexico, resulted in some","'99.89573669"
"'199","'LINE","'financial commitments to help developing countries rely on alternative energy","'99.91857147"
"'199","'LINE","'sources.","'99.91210938"
"'199","'LINE","'Exercise 4.6","'99.82421875"
"'199","'LINE","'1. Write the half-reactions for the electrolysis of the following molten compounds:","'99.83883667"
"'199","'LINE","'a. KCI; b. KOH.","'91.32942200"
"'199","'LINE","'2. Is the polarity of the electrodes in Galvanic cells similar to that of the electrodes","'99.92778778"
"'199","'LINE","'in electrolytic cells? Explain your answer.","'99.93083954"
"'199","'LINE","'193","'99.79492188"
"'200","'LINE","'Chemistry Grade 10","'99.86600494"
"'200","'LINE","'Key Terms of the Unit","'99.96858978"
"'200","'LINE","'anode","'100.00000000"
"'200","'LINE","'endothermic reaction","'99.98535156"
"'200","'LINE","'heat capacity","'99.98046875"
"'200","'LINE","'cathode","'100.00000000"
"'200","'LINE","'energy","'99.99023438"
"'200","'LINE","'internal energy","'99.97030640"
"'200","'LINE","'conductivity apparatus","'99.95525360"
"'200","'LINE","'energy change","'99.98535156"
"'200","'LINE","'kinetic energy","'99.95037079"
"'200","'LINE","'Daniell cell","'99.98046875"
"'200","'LINE","'enthalpy","'100.00000000"
"'200","'LINE","'Leclanche cell","'99.89058685"
"'200","'LINE","'electrical conductivity","'99.97518921"
"'200","'LINE","'enthalpy change","'100.00000000"
"'200","'LINE","'potential energy","'99.97518921"
"'200","'LINE","'electrochemical cell","'99.95525360"
"'200","'LINE","'exothermic reaction","'99.96054077"
"'200","'LINE","'primary cell","'100.00000000"
"'200","'LINE","'electrochemistry","'99.83079529"
"'200","'LINE","'galvanic cell","'99.97518921"
"'200","'LINE","'salt bridge","'99.98535156"
"'200","'LINE","'electrode","'100.00000000"
"'200","'LINE","'half - cell","'96.42661285"
"'200","'LINE","'secondary cell","'100.00000000"
"'200","'LINE","'electrolysis","'99.97070313"
"'200","'LINE","'half - reaction","'97.59686279"
"'200","'LINE","'specific heat capacity","'99.99023438"
"'200","'LINE","'electrolyte","'99.97070313"
"'200","'LINE","'heat","'100.00000000"
"'200","'LINE","'voltaic (galvanic) cell","'99.87065887"
"'200","'LINE","'electrolytic cell","'99.92595673"
"'200","'LINE","'heat of reaction","'99.99023438"
"'200","'LINE","'work","'99.99023438"
"'200","'LINE","'Unit Summary","'99.96093750"
"'200","'LINE","'All chemical reactions accompany energy change.","'99.99172974"
"'200","'LINE","'There are many forms of energy and they are all interconvertible.","'99.92974091"
"'200","'LINE","'The internal energy of a substance is the sum of its potential energy and kinetic","'99.79651642"
"'200","'LINE","'energy.","'99.89178467"
"'200","'LINE","'Potential energy is stored energy.","'99.95671844"
"'200","'LINE","'Potential energy is stored in chemical bonds and as intermolecular forces.","'99.95347595"
"'200","'LINE","'Chemical energy is a form of potential energy.","'99.85356140"
"'200","'LINE","'The energy change occurs when energy transfer takes place between system","'99.96842194"
"'200","'LINE","'and surrounding.","'99.81575012"
"'200","'LINE","'Energy transfer takes place in the form of heat or work or both.","'99.97440338"
"'200","'LINE","'Any chemical reaction that gives off heat to the surroundings is called an","'99.97971344"
"'200","'LINE","'exothermic reactions; any Chemical reaction that absorbs heat from the","'99.98909760"
"'200","'LINE","'surroundings is called an endothermic reaction.","'99.94412994"
"'200","'LINE","'Enthalpy is a measure of energy change of the system of reactant and products.","'99.90719604"
"'200","'LINE","'Enthalpy change is calculated as enthalpy of products minus enthalpy of","'99.96611786"
"'200","'LINE","'reactants.","'99.88042450"
"'200","'LINE","'Enthalpy change is positive for endothermic reactions and negative for","'99.97624207"
"'200","'LINE","'exothermic reactions.","'99.89546204"
"'200","'LINE","'Like any other reaction, redox reactions also involve energy change.","'99.97518921"
"'200","'LINE","'The energy change in redox reactions is dealt in electrochemistry.","'99.93353271"
"'200","'LINE","'Electrochemistry is a field of chemistry that studies how chemical reactions","'99.89009857"
"'200","'LINE","'produce electricity and how electricity is used to bring about chemical reactions","'99.98027039"
"'200","'LINE","'in electrochemical cells.","'99.79771423"
"'200","'LINE","'Electrical conductivity is the ability of substances to conduct electricity.","'99.93849182"
"'200","'LINE","'Metallic conductivity is the flow of electricity through metals, and the conduction","'99.96196747"
"'200","'LINE","'of electricity through metals is due to the presence of freely moving (delocalized)","'99.95130920"
"'200","'LINE","'valence electrons.","'99.94020844"
"'200","'LINE","'Electrolytes are substances that conduct electricity in solution or in a molten state.","'99.83917236"
"'200","'LINE","'The conduction of electricity through electrolytes is due to the movement of","'99.95959473"
"'200","'LINE","'194","'99.76562500"
"'201","'LINE","'Energy Changes and Electrochemistry","'99.86312866"
"'201","'LINE","'anions and cations towards electrodes of opposite charge, and the charge","'99.98735046"
"'201","'LINE","'carriers in electrolytic conduction are ions.","'99.95402527"
"'201","'LINE","'Cations carry positive charge whereas anions carry negative charge","'99.97360229"
"'201","'LINE","'Electrochemical cells include Galvanic (Voltaic) cells and electrolytic cells.","'99.96474457"
"'201","'LINE","'Galvanic cells convert chemical energy into electrical energy.","'99.97650909"
"'201","'LINE","'Electrolytic cells convert electrical energy into chemical energy.","'99.98515320"
"'201","'LINE","'Electrolysis is a process in which electricity is used to bring about an oxidation-","'99.78511047"
"'201","'LINE","'reduction reaction in an electrolytic cell and produces useful substances.","'99.95541382"
"'201","'LINE","'Electrolysis is also the process of decomposition of an electrolyte, using electrical","'99.95803070"
"'201","'LINE","'energy.","'99.95037079"
"'201","'LINE","'Electrodes are either metal strips or graphite rods.","'99.96440125"
"'201","'LINE","'Primary cells are voltaic cells that are not rechargeable, and the reactions","'99.96704865"
"'201","'LINE","'taking place in them are irreversible.","'99.96555328"
"'201","'LINE","'Secondary cells are voltaic cells that are rechargeable since the reactions taking","'99.96304321"
"'201","'LINE","'place in them are reversible.","'99.95866394"
"'201","'LINE","'Unlike electrolytic cells, the anode is negative and the cathode is positive in","'99.96895599"
"'201","'LINE","'galvanic/voltaic cells.","'99.11122894"
"'201","'LINE","'In voltaic cells, the polarity (charge) of the electrodes is determined by the","'99.97264862"
"'201","'LINE","'redox reactions.","'99.94548798"
"'201","'LINE","'In electrolytic cells the polarity of the electrodes is determined by the external","'99.96733093"
"'201","'LINE","'power source.","'99.97070313"
"'201","'LINE","'An anode is the electrode attached to the positive terminal of a direct current","'99.81539154"
"'201","'LINE","'source in electrolytic cell, at which oxidation (loss of electrons) by anions occurs,","'99.95287323"
"'201","'LINE","'and electrons leave the cell.","'99.99609375"
"'201","'LINE","'A cathode is the electrode attached to the negative terminal of a DC source in","'98.95099640"
"'201","'LINE","'electrolytic cell, the negative electrode at which reduction of cations occurs and","'99.96284485"
"'201","'LINE","'electrons enter the cell.","'99.98779297"
"'201","'LINE","'Oxidation always takes place at anode and accompanied by reduction at","'99.97129822"
"'201","'LINE","'cathode.","'99.96014404"
"'201","'LINE","'During electrolysis, anions move to the anode and cations move to the cathode.","'99.96570587"
"'201","'LINE","'The reaction taking place at each electrode (cathode or anode) is said to be a","'99.85654449"
"'201","'LINE","'half-cell reaction.","'99.78475952"
"'201","'LINE","'Cell reaction is the reaction that takes place in the entire cell and obtained by","'99.98356628"
"'201","'LINE","'adding half reactions.","'99.96014404"
"'201","'LINE","'Review Exercise","'99.97070313"
"'201","'LINE","'Part I: Choose the correct answer from the suggested options","'99.60072327"
"'201","'LINE","'1. The energy released during chemical reactions comes from","'99.92794037"
"'201","'LINE","'a. the bond being formed","'99.74976349"
"'201","'LINE","'b. the bond being broken","'99.99023438"
"'201","'LINE","'C. the heat supplied from the surrounding","'96.46270752"
"'201","'LINE","'d. all","'99.94100952"
"'201","'LINE","'195","'99.87304688"
"'202","'LINE","'Chemistry Grade 10","'99.92811584"
"'202","'LINE","'2. Which of the following is not correct about voltaic cells?","'99.96331024"
"'202","'LINE","'a. the anode is negative","'99.55875397"
"'202","'LINE","'b. the cathode is positive","'99.95085907"
"'202","'LINE","'C. oxidation takes place at the cathode","'97.08232880"
"'202","'LINE","'d. redox reactions produce electricity in the cell","'99.96195984"
"'202","'LINE","'3. Which one of the following is used to produce useful compounds?","'99.95985413"
"'202","'LINE","'a. Voltaic cells","'99.32045746"
"'202","'LINE","'b. Electrolytic cells","'99.95090485"
"'202","'LINE","'C. Daniel's cell","'90.16196442"
"'202","'LINE","'d. Batteries","'99.90642548"
"'202","'LINE","'4. Electrolysis is not used for the:","'99.96221924"
"'202","'LINE","'a. purification of metals","'99.55786133"
"'202","'LINE","'b. production of metals","'99.97314453"
"'202","'LINE","'C. electroplating of metals","'94.60469055"
"'202","'LINE","'d. production of electricity","'99.97314453"
"'202","'LINE","'5. Which substance is not used in the Leclanche cell?","'99.93108368"
"'202","'LINE","'a. H2SO4","'69.41276550"
"'202","'LINE","'b. NH₄CI","'91.12942505"
"'202","'LINE","'C. MnO₂","'82.17803192"
"'202","'LINE","'d. powdered carbon","'99.94439697"
"'202","'LINE","'6. Which one of the following is correct about automobile batteries?","'99.91094971"
"'202","'LINE","'a. the electrodes are graphite electrodes","'99.67228699"
"'202","'LINE","'b. each cell in the battery delivers 1.5 volts","'99.89331055"
"'202","'LINE","'C. the electrolyte is aqueous H2SO4 solution","'88.79401398"
"'202","'LINE","'d. lead (IV) oxide is used as anode","'99.91557312"
"'202","'LINE","'7. Which of the following occurs during electrolysis of the molten binary salt of a","'99.88397980"
"'202","'LINE","'metal:","'99.95037079"
"'202","'LINE","'a. the metal will deposit on the cathode","'99.80677795"
"'202","'LINE","'b. reduction will take place at the anode","'99.96054077"
"'202","'LINE","'C. oxidation will take place at the cathode","'97.10955048"
"'202","'LINE","'d. no current will flow through the molten salt","'99.93618011"
"'202","'LINE","'8. Two copper electrodes dipped in copper sulphate solution are connected to al 2","'98.23735046"
"'202","'LINE","'volt battery. The electrode connected to the end of the battery marked with a""-"" is:","'98.13786316"
"'202","'LINE","'a. anion","'99.30445099"
"'202","'LINE","'C. anode","'87.61987305"
"'202","'LINE","'b. cathode","'99.96093750"
"'202","'LINE","'d. cation","'99.94100952"
"'202","'LINE","'9. The charge-carriers in electrolytic conduction are:","'99.89178467"
"'202","'LINE","'a. anions only","'99.60299683"
"'202","'LINE","'C. cations and anions","'91.64002228"
"'202","'LINE","'b. cations only","'99.94439697"
"'202","'LINE","'d. delocalized electrons","'99.92080688"
"'202","'LINE","'10. During the electrolysis of fused lead bromide, the anode half reaction involves:","'99.94266510"
"'202","'LINE","'a. oxidation of lead atoms to ions","'99.85146332"
"'202","'LINE","'b. reduction of bromine atoms to give bromide ions","'99.96058655"
"'202","'LINE","'C. reduction of lead ions to form free metal","'97.06755066"
"'202","'LINE","'d. oxidation of bromide ions to elemental bromine","'99.92819977"
"'202","'LINE","'196","'99.83398438"
"'203","'LINE","'Energy Changes and Electrochemistry","'99.91560364"
"'203","'LINE","'11. Voltaic cells and electrolytic cells are similar in that:","'99.68783569"
"'203","'LINE","'a. the anode is positive and cathode is negative in both types of cells","'99.80161285"
"'203","'LINE","'b. oxidation half-reaction occurs at the cathode in both types of cells","'99.89442444"
"'203","'LINE","'C. both types of cells contain two electrodes in contact with electrolytes","'97.99426270"
"'203","'LINE","'d. reduction half-reaction occurs at the anode in both types of cells","'99.91896820"
"'203","'LINE","'12. Four different solutions of equal volume (1L) were prepared by dissolving one","'99.68849182"
"'203","'LINE","'mole of each of the following substances. The conduction of electricity is least in","'99.96263123"
"'203","'LINE","'the solution containing:","'99.88394165"
"'203","'LINE","'a. HCI","'97.79296875"
"'203","'LINE","'C. CH₃COOH","'61.91884232"
"'203","'LINE","'b. HNO₃","'80.55892944"
"'203","'LINE","'d. KCI","'95.88299561"
"'203","'LINE","'13. Which of the following is a wet voltaic cell:","'99.57782745"
"'203","'LINE","'a. Leclanche cell","'99.37440491"
"'203","'LINE","'b. cells used in mobile telephones","'99.93423462"
"'203","'LINE","'C. lead-storage cell","'91.47268677"
"'203","'LINE","'Part II: Give short answers to each of the following questions","'99.94029999"
"'203","'LINE","'14. Under what condition is the heat of a reaction equal to the enthalpy change of","'99.85604095"
"'203","'LINE","'the same reaction?","'99.88772583"
"'203","'LINE","'15. Describe at least two exothermic processes and two endothermic processes.","'99.86595917"
"'203","'LINE","'16. Decomposition reactions are usually endothermic, whereas combination reactions","'99.83156586"
"'203","'LINE","'are usually exothermic. Give a qualitative explanation for these trends.","'99.80361176"
"'203","'LINE","'17. Draw an enthalpy diagram for a general exothermic reaction; label the axis,","'99.73937988"
"'203","'LINE","'reactants, products, and H with its sign.","'94.15187073"
"'203","'LINE","'18. Draw an enthalpy diagram for a general endothermic reaction; label the axis,","'99.81336975"
"'203","'LINE","'reactants, products, and H with its sign.","'94.53315735"
"'203","'LINE","'19. Consider these changes.","'99.64315796"
"'203","'LINE","'a. Hg(I)","'98.18578339"
"'203","'LINE","'Hg(g)","'99.48082733"
"'203","'LINE","'b.","'99.73632813"
"'203","'LINE","'30₂(g)","'61.13978577"
"'203","'LINE","'20₃(g)","'45.21225357"
"'203","'LINE","'C. CuSO₄.5H₂O(s)","'69.23748016"
"'203","'LINE","'CuSO (s) + 5H₂O(g)","'76.34586334"
"'203","'LINE","'d. H₂(g) + F₂(g)","'83.98101044"
"'203","'LINE","'2HF(g)","'97.57653046"
"'203","'LINE","'At constant pressure, which of the reactions is exothermic and which is endothermic?","'99.94172668"
"'203","'LINE","'20. Why are ionic compounds like NaCl, KCI, CaCl₂, PbBr₂, etc. non-conductors in the","'94.42923737"
"'203","'LINE","'solid state but conductors in aqueous solutions?","'99.90365601"
"'203","'LINE","'21. Describe the basic features of a galvanic cell. Why are the two components of the","'99.81800079"
"'203","'LINE","'cell separated from each other?","'99.97428894"
"'203","'LINE","'22. Explain the differences between a primary galvanic cell-one that is not","'99.78852844"
"'203","'LINE","'rechargeable-and a storage cell (for example, the lead storage battery), which","'99.80622864"
"'203","'LINE","'is rechargeable.","'99.80189514"
"'203","'LINE","'23. During electrolysis of fused CaCl₂,","'97.34129333"
"'203","'LINE","'a. Which ions are responsible for the conduction of electricity through the molten","'99.86132050"
"'203","'LINE","'salt?","'99.84375000"
"'203","'LINE","'b. Which ion migrates towards anode?","'99.82126617"
"'203","'LINE","'C. Which ion migrates towards cathode?","'96.08910370"
"'203","'LINE","'d. What half-cell reactions occur at the anode and cathode?","'99.86737061"
"'203","'LINE","'197","'99.65820313"
"'204","'LINE","'H.SO.","'19.50045776"
"'204","'LINE","'HNO","'45.64592361"
"'204","'LINE","'00000000000","'8.87934494"
"'204","'LINE","'Lead","'100.00000000"
"'204","'LINE","'Gold","'100.00000000"
"'204","'LINE","'5","'97.29412079"
"'204","'LINE","'Diamond","'100.00000000"
"'204","'LINE","'Carbon","'99.96014404"
"'204","'LINE","'UNIT","'100.00000000"
"'204","'LINE","'Silver","'99.92028046"
"'204","'LINE","'Copper","'100.00000000"
"'204","'LINE","'Sulfur","'99.92028046"
"'204","'LINE","'Phosphorus","'100.00000000"
"'204","'LINE","'I","'75.82110596"
"'204","'LINE","'METALS AND NONMETALS","'100.00000000"
"'204","'LINE","'Unit Outcomes","'99.96542358"
"'204","'LINE","'At the end of this unit, you will be able to","'99.94941711"
"'204","'LINE","'describe the general properties of metals and nonmetals;","'99.98007202"
"'204","'LINE","'describe the extraction, chemical properties and uses of aluminium, iron,","'99.96615601"
"'204","'LINE","'copper, nitrogen, phosphorus, oxygen, sulphur, and chlorine;","'99.85205841"
"'204","'LINE","'demonstrate scientific inquiry skills: observing, classifying, communicating, and","'99.93522644"
"'204","'LINE","'asking questions, applying concepts and problem solving.","'99.98721313"
"'205","'LINE","'Metals and Nonmetals","'99.82753754"
"'205","'LINE","'Start-up Activity","'99.70703125"
"'205","'LINE","'Discuss in your group and explain your ideas to the","'99.97322845"
"'205","'LINE","'class.","'100.00000000"
"'205","'LINE","'1. What properties did you consider when classifying","'99.52479553"
"'205","'LINE","'elements as metalic or non metalic? How are this","'99.89594269"
"'205","'LINE","'properties related to the uses of the elements?","'99.95658112"
"'205","'LINE","'2. Which elements, metals or non metals, are","'99.91171265"
"'205","'LINE","'a. mostly used in electrical wires, cooking utensils,","'99.28464508"
"'205","'LINE","'and boilers?","'99.96054077"
"'205","'LINE","'b. used for breathing, purifying water, and","'99.98035431"
"'205","'LINE","'fertilizers?","'99.84135437"
"'205","'LINE","'3. List at least eight metals and eight non metals","'99.93083954"
"'205","'LINE","'used in our daily lives?","'99.95280457"
"'205","'LINE","'4. How do metals and nonmetals exist in nature?","'99.97811890"
"'205","'LINE","'5.1","'99.58007813"
"'205","'LINE","'Introduction","'99.97070313"
"'205","'LINE","'By the end of this unit, you will be able to","'99.73843384"
"'205","'LINE","'describe the source of metals and non-metals;","'99.97617340"
"'205","'LINE","'explain the natural occurrence of metals and nonmetals.","'99.97274780"
"'205","'LINE","'Natural resources are resources that exist without any actions of human kind such","'99.97571564"
"'205","'LINE","'as sunlight, land, fossil fuels (crude oil, coal, and natural gas), crops, water and air.","'99.95660400"
"'205","'LINE","'Natural resources can be classified as renewable and non-renewable resources.","'99.94815826"
"'205","'LINE","'Renewable resources are resources that can be replenished (replaced) by natural","'99.96227264"
"'205","'LINE","'processes. Examples are water, air and plant materials (biomass). Non-renewable","'99.91294861"
"'205","'LINE","'resources are resources that are found in a fixed amount in nature and cannot be","'99.94287872"
"'205","'LINE","'replenished. Fossil fuels, nuclear energy, metallic and non metallic minerals are","'99.96945190"
"'205","'LINE","'examples of non-renewable resources. Metallic minerals are minerals which contain","'99.95452118"
"'205","'LINE","'one or more metallic elements. Non-metallic minerals are the minerals that do not","'99.95906830"
"'205","'LINE","'contain metals. Metallic minerals occur in rare, naturally formed concentrations known","'99.95126343"
"'205","'LINE","'as mineral deposits.","'99.93463135"
"'205","'LINE","'The principal source of metallic and nonmetallic minerals is the planet Earth. The","'99.93347931"
"'205","'LINE","'majority of metals and non-metals are extracted from their minerals. Minerals such","'99.97457123"
"'205","'LINE","'as iron haematite (Fe₂O₃) or aluminum bauxite (AI₂O₃.2H₂O), sulphides such as zinc","'94.35558319"
"'205","'LINE","'blende (ZnS), or carbonates such as malachite (Cu(OH),.CuCO₃) are examples of","'94.90678406"
"'205","'LINE","'metallic minerals. Diamond, gravel, and mica are examples of nonmetallic minerals.","'99.88514709"
"'205","'LINE","'Metals and non-metals can also be found in seawater. Some non-metallic elements,","'99.94149017"
"'205","'LINE","'such as oxygen and nitrogen, are found in the atmosphere.","'99.86405945"
"'205","'LINE","'199","'99.83398438"
"'206","'LINE","'Chemistry Grade 10","'99.92785645"
"'206","'LINE","'5.2 General Properties of Metals and Production of Some","'99.96076202"
"'206","'LINE","'Metals","'100.00000000"
"'206","'LINE","'At the end of this section, students should be able to","'99.97669983"
"'206","'LINE","'mention general properties of metals;","'99.96437073"
"'206","'LINE","'describe the uses of some common metals.","'99.96036530"
"'206","'LINE","'In this section, you will study the general characteristics and extraction of metals, uses","'99.81649780"
"'206","'LINE","'of some common metals, alloys and production of Aluminium, Copper and Iron.","'99.92794037"
"'206","'LINE","'5.2.1 Properties and Extraction of Metals","'99.88417816"
"'206","'LINE","'Discuss in your group the following metal properties","'99.97396851"
"'206","'LINE","'using an example and present your conclusion to the","'99.96700287"
"'206","'LINE","'class.","'100.00000000"
"'206","'LINE","'a. A metal which is liquid at room temperature. Is","'97.99128723"
"'206","'LINE","'?","'92.81250000"
"'206","'LINE","'there any metal that exists in the gaseous state at","'99.98039246"
"'206","'LINE","'room temperature?","'99.62293243"
"'206","'LINE","'b. A metal which is the best conductor of heat","'98.51566315"
"'206","'LINE","'C. A metal which is the poorest conductor of heat","'96.08137512"
"'206","'LINE","'d. A metal which can be cut with a knife","'98.12754822"
"'206","'LINE","'Activity 5.1","'99.61914063"
"'206","'LINE","'About 80 % of the known elements are metals. These metals have some common","'99.62181091"
"'206","'LINE","'properties","'100.00000000"
"'206","'LINE","'A. Some physical properties of metals","'96.93432617"
"'206","'LINE","'They have a shining appearance( lustrous) and can be polished. Gold is shining","'99.77221680"
"'206","'LINE","'yellow and copper is brown. Iron, aluminum, zinc and silver are lustrous grey or","'99.91870117"
"'206","'LINE","'silvery.","'99.87065887"
"'206","'LINE","'They are malleable, (can be beaten into thin sheets). Aluminum foils, which are","'99.95513153"
"'206","'LINE","'used to wrap cigarettes, medicines, etc., gold and silver ornaments of different","'99.88963318"
"'206","'LINE","'designs, are due to the malleability of these metals.","'99.95163727"
"'206","'LINE","'They are ductile, i.e. they can be drawn into wires. For example copper, gold, iron","'99.95465088"
"'206","'LINE","'and silver are ductile.","'99.96054077"
"'206","'LINE","'They are hard and have tensile strength except lithium, potassium, sodium.","'99.90859985"
"'206","'LINE","'They generally have a high density except lithium, potassium, sodium.","'99.84795380"
"'206","'LINE","'They are usually sonorous-produce metallic sound when struck (e.g. school bell)","'99.89201355"
"'206","'LINE","'B. Chemical properties of metals","'92.09410858"
"'206","'LINE","'Metals possess positive valency and have a tendency to lose electrons.","'99.76156616"
"'206","'LINE","'M(g)","'98.11543274"
"'206","'LINE","'Mⁿ⁺(g) + ne⁻","'64.77684784"
"'206","'LINE","'200","'99.65740204"
"'207","'LINE","'Metals and Nonmetals","'99.77439880"
"'207","'LINE","'They have 1, 2, or 3 valence electrons.","'99.41835022"
"'207","'LINE","'They are oxidized by losing electrons and act as reducing agents","'99.96064758"
"'207","'LINE","'They mostly form basic oxides and some amphoteric oxides ( refer to Unit 3)","'99.24424744"
"'207","'LINE","'They form chlorides that are true salts and electrovalent.","'99.95814514"
"'207","'LINE","'They form hydrides which are ionic, unstable and reactive.","'99.96700287"
"'207","'LINE","'They usually replace hydrogen from dilute non-oxidising acids like HCI and H₂SO₄.","'94.76521301"
"'207","'LINE","'Exceptions are copper, silver and gold.","'99.97030640"
"'207","'LINE","'C. Reactivity series of metals","'98.54129791"
"'207","'LINE","'If we take solution of different metals and place other metals in these solutions, we","'99.96712494"
"'207","'LINE","'can compare the reactivity of metals with respect to each other. The arrangement","'99.97114563"
"'207","'LINE","'of metals in the decreasing order of their activity is known as activity or reactivity","'99.97525787"
"'207","'LINE","'series. The most active metal is at the top and the least active metal is at the bottom","'99.97816467"
"'207","'LINE","'of the reactivity series. The hydrogen, a nonmetal, has been included in the series","'99.81893921"
"'207","'LINE","'only for the comparison of the activity of the metals. The metals above hydrogen like","'99.97814178"
"'207","'LINE","'potassium, sodium, calcium and magnesium in the reactivity series liberate hydrogen","'99.95843506"
"'207","'LINE","'gas when treated with dilute acids. The metals below hydrogen in the reactivity series","'99.97599792"
"'207","'LINE","'like copper, silver, and gold do not liberate hydrogen when treated with dilute acids.","'99.98581696"
"'207","'LINE","'A less reactive metal (low in reactivity series) can be displaced from its compound","'98.96538544"
"'207","'LINE","'or from its salt solution by a more reactive metal (high in reactivity series). Thus,","'99.87834930"
"'207","'LINE","'potassium can displace all the metals from their salt solution","'99.96038055"
"'207","'LINE","'(Most active metal)","'99.89231110"
"'207","'LINE","'Potasium (K)","'99.77300262"
"'207","'LINE","'Sodium (Na)","'99.85112762"
"'207","'LINE","'Calcium (Ca)","'99.79582214"
"'207","'LINE","'Magnesium (Mg)","'99.99511719"
"'207","'LINE","'These metal are","'99.95117188"
"'207","'LINE","'Aluminum (Al)","'87.63412476"
"'207","'LINE","'more reactive","'99.97070313"
"'207","'LINE","'Zine (Zn)","'99.91619873"
"'207","'LINE","'Decreasing","'100.00000000"
"'207","'LINE","'than hydrogen","'99.98535156"
"'207","'LINE","'Iron (Fe)","'99.87184906"
"'207","'LINE","'chemical","'99.99023438"
"'207","'LINE","'Tin (Sn)","'99.84295654"
"'207","'LINE","'reactivity","'100.00000000"
"'207","'LINE","'Lead (Pb)","'99.87712860"
"'207","'LINE","'[Hydrogen] [H] (nonmetal)","'99.71527100"
"'207","'LINE","'Copper (Cu)","'99.77140808"
"'207","'LINE","'These metal are","'99.95442963"
"'207","'LINE","'less reactive","'99.98046875"
"'207","'LINE","'Mercury (Hg)","'99.91091156"
"'207","'LINE","'than hydrogen","'99.99511719"
"'207","'LINE","'Silver (Ag)","'99.96582031"
"'207","'LINE","'Gold (Au)","'99.91171265"
"'207","'LINE","'(Least active metal)","'99.89151001"
"'207","'LINE","'Figure 5.1 Reactivity series of metals.","'99.90519714"
"'207","'LINE","'Metals at the top of the reactivity series are strong reducing agents. Metals at the","'99.97900391"
"'207","'LINE","'bottom in the reactivity series are weak reducing agents. Hence, potassium is the","'99.95118713"
"'207","'LINE","'strongest reducing agent whereas gold is the weakest reducing agent in the above","'99.98335266"
"'207","'LINE","'reactivity series.","'100.00000000"
"'207","'LINE","'201","'99.80388641"
"'208","'LINE","'Chemistry Grade 10","'99.91809082"
"'208","'LINE","'D. Natural occurrence and extraction of metals","'99.93793488"
"'208","'LINE","'Noble metals Ag, Au, Bi, Cu, Pd, Pt exist in nature as uncombined or free state. More","'99.76116180"
"'208","'LINE","'active metals like alkali and alkaline earth metals never exist in uncombined state.","'99.98485565"
"'208","'LINE","'They always exist in compounds. Active metals may exist in the form of carbonates,","'99.93823242"
"'208","'LINE","'halides, oxides, phosphates, silicates, sulphides and sulphates.","'99.87333679"
"'208","'LINE","'The constituents of the earth's crust which contain these metals or their compounds are","'99.94985199"
"'208","'LINE","'known as minerals. For example, sodium exist as the mineral halite (NaCI), potasium","'98.40396881"
"'208","'LINE","'as sylvite (KCI), magnesium as magnesite (MgCO₃), calcium as lime stone (CaCO₃).","'98.01131439"
"'208","'LINE","'At some places minerals contain a high percentage of particular metals and the metal","'99.89801788"
"'208","'LINE","'can be profitably extracted from it, such minerals are called ores. An ore taken out","'99.94554138"
"'208","'LINE","'from the earth contains a lot of impurities in the form of sand and other undesirable","'99.83678436"
"'208","'LINE","'materials called gangue. In fact, metals exist in these ores in the form of compounds.","'99.94050598"
"'208","'LINE","'The science and technology of extracting metals from their ores and of compounding","'99.98172760"
"'208","'LINE","'alloys is called metallurgy.","'99.84867859"
"'208","'LINE","'The three principal steps in the extraction of a metal from its ore are (1) preparation","'99.87680054"
"'208","'LINE","'(concentration) of the ore, example : oil floatation, magnetic separation, (2) production","'98.12252808"
"'208","'LINE","'of the metal. Example: roasting, calcination, and (3) purification of the metal ( last","'99.49856567"
"'208","'LINE","'step), example: chemical reduction, electrolytic reduction, as shown in Figure 5.2.","'99.89563751"
"'208","'LINE","'Metal ore","'99.81893921"
"'208","'LINE","'Concentration of ore","'99.93436432"
"'208","'LINE","'Metals of high reactivity Metals of medium reactivity Metals of low reactivity","'99.95883942"
"'208","'LINE","'Electrolysis","'99.77458954"
"'208","'LINE","'carbonate ore","'99.70713043"
"'208","'LINE","'sulphide ore","'99.75715637"
"'208","'LINE","'Sulphide ores","'99.85601044"
"'208","'LINE","'of pure molten ore","'99.82690430"
"'208","'LINE","'calcination","'100.00000000"
"'208","'LINE","'roasting","'99.99023438"
"'208","'LINE","'Roasting","'100.00000000"
"'208","'LINE","'Pure metal","'99.97070313"
"'208","'LINE","'Oxides of metals","'99.98345947"
"'208","'LINE","'Metal","'100.00000000"
"'208","'LINE","'Reduction to metals","'99.98046875"
"'208","'LINE","'Metal refining","'99.97558594"
"'208","'LINE","'Purification of metal","'99.90074921"
"'208","'LINE","'Figure 5.2 General metallurgical processes of metals.","'99.92085266"
"'208","'LINE","'The most active metals such as K, Na, Ca. Mg are extracted from their compounds","'99.62270355"
"'208","'LINE","'only by electrolysis because there is no economic reducing agent that can reduce them","'99.95054626"
"'208","'LINE","'from their compounds. It is only using electricity (electrolysis) that these metals are","'99.88785553"
"'208","'LINE","'extracted or reduced.","'99.96717834"
"'208","'LINE","'202","'99.85351563"
"'209","'LINE","'Metals and Nonmetals","'99.77439880"
"'209","'LINE","'Project","'99.95037079"
"'209","'LINE","'Read from a reliable source about the uses of some common metals (sodium, potasium,","'99.84677124"
"'209","'LINE","'magnsium, calcium and tantalum) and their common compounds. Submit to your teacher","'99.91058350"
"'209","'LINE","'and discuss in class.","'99.97782898"
"'209","'LINE","'5.2.2 Alloys","'99.94628906"
"'209","'LINE","'Alloys are mixtures of two or more metals or metals and nonmetals when molten and","'99.93870544"
"'209","'LINE","'do not separate when solidified. The constituent elements are melted together and","'99.94366455"
"'209","'LINE","'then allowed to cool to form a solid material called alloy.","'99.85755920"
"'209","'LINE","'The different sized atoms of","'99.98616791"
"'209","'LINE","'other metals stop the layers","'99.99609375"
"'209","'LINE","'sliding over one another.","'99.96318054"
"'209","'LINE","'Pure metal","'99.95605469"
"'209","'LINE","'Alloy","'100.00000000"
"'209","'LINE","'Force","'99.99023438"
"'209","'LINE","'Force","'99.99023438"
"'209","'LINE","'In a pure metal the layers","'99.68109131"
"'209","'LINE","'The addition of the second","'99.99023438"
"'209","'LINE","'can slide over one another","'99.94905853"
"'209","'LINE","'atom makes this sliding difficult","'99.97819519"
"'209","'LINE","'Pure metal atom","'99.97721100"
"'209","'LINE","'Second element","'99.87065887"
"'209","'LINE","'Figure 5.3 Arrangement of metal atoms in pure metal and alloy.","'99.90459442"
"'209","'LINE","'Alloying of metals increases the hardness and strength, modify the color and melting","'99.97941589"
"'209","'LINE","'point, decreases the electrical conductivity and increase the resistance to corrosion of","'99.96766663"
"'209","'LINE","'metals. For example, amalgam is an alloy of mercury and another metal. Gun metal","'99.96891022"
"'209","'LINE","'is an alloy of copper (87 %), tin ( 10 %) and zinc (3 %).","'95.98784637"
"'209","'LINE","'Solder is called fuse metal. Its composition is 67 % tin and 33% lead. It melts at 183","'96.95497131"
"'209","'LINE","'°C which is lower than the melting points of tin (Sn melts at 232 °C). Solder is used to","'98.59360504"
"'209","'LINE","'join wires and electrical resistances, etc.","'99.92379761"
"'209","'LINE","'Gold alloys: Gold is a very soft metal and therefore hardened by alloying it with","'99.83767700"
"'209","'LINE","'copper and silver. The quantity of gold in an alloy is called its gold content. The gold","'99.98731995"
"'209","'LINE","'content of the alloy is expressed either in carats or as mass percent. A carat is equal","'99.47999573"
"'209","'LINE","'to the mass unit of gold in 24 mass units of the alloy. Thus, 24 carat represents pure","'99.95497894"
"'209","'LINE","'gold. It doesn't contain any other metal.","'99.92503357"
"'209","'LINE","'22 carat gold contains 22 parts of pure gold by mass in 24 carats of the alloy.","'99.96865082"
"'209","'LINE","'203","'99.81445313"
"'210","'LINE","'Chemistry Grade 10","'99.94113922"
"'210","'LINE","'Nowadays 22 carat gold is used to make jewelry. 18 carat contains 18 parts of pure","'99.92508698"
"'210","'LINE","'gold by mass in 24 parts of alloy. Thus, the mass percent of gold in different types of","'99.96994019"
"'210","'LINE","'alloys can be calculated as follows:","'99.95605469"
"'210","'LINE","'Mass % of gold in 24 carat gold = 24 X 100/24 = 100.00 (pure gold, no Cu or Ag)","'98.56168365"
"'210","'LINE","'Mass % of gold in 22 carat gold = 22 X 100/24 = 91.67 (alloy, 8.33 % Cu or Ag)","'98.07874298"
"'210","'LINE","'5.2.3 Production of Aluminum, Iron and Copper","'99.86260223"
"'210","'LINE","'At the end of this section, students should be able to","'99.97232819"
"'210","'LINE","'explain Occurrence and extraction of Aluminum, Iron and Copper;","'99.93699646"
"'210","'LINE","'describe the the applications of Aluminum, Iron and Copper.","'99.92597198"
"'210","'LINE","'A. Aluminum","'80.84253693"
"'210","'LINE","'At the end of this section, students should be able to","'99.98032379"
"'210","'LINE","'explain properties, Occurrence and extraction of Aluminum;","'99.96443939"
"'210","'LINE","'describe the the applications of Aluminum.","'99.92543030"
"'210","'LINE","'Occurrence and extraction","'99.93383026"
"'210","'LINE","'Aluminum is the most abundant metal in the earth's crust and the third abundant element","'99.87487793"
"'210","'LINE","'after oxygen and silicon. Approximately eight percent of the earth's crust is aluminum.","'99.90531921"
"'210","'LINE","'In terms of consumption, it is the second most important metal after iron. Aluminum","'99.93712616"
"'210","'LINE","'does not occur in uncombined or free metal state in nature. Its main mineral is bauxite","'99.92957306"
"'210","'LINE","'(AI₂O₃.2H₂O). Other minerals containing aluminum are orthoclase (KAISi₃O₈), cryolite","'85.89739990"
"'210","'LINE","'(Na₃AIF₆), corundum (AI₂O₃), beryl (Be₃Al₂Si₆O) and china clay (AI₂Si₂O₂.,2H₂O).","'74.97094727"
"'210","'LINE","'1. What properties of aluminum make it useful for","'99.88726044"
"'210","'LINE","'packaging cigarettes and medicines?","'99.95281982"
"'210","'LINE","'2. Steel-cored aluminum cables are used for conducting","'99.85932159"
"'210","'LINE","'high-voltage electricity over long distances.","'99.90708923"
"'210","'LINE","'a. give two reasons why aluminum is used for these","'99.80857086"
"'210","'LINE","'cables.","'99.96014404"
"'210","'LINE","'?","'90.86914063"
"'210","'LINE","'b. what is the purpose of the steel core?","'99.97721100"
"'210","'LINE","'3. Can you mention materials, in your home or outside,","'99.72154236"
"'210","'LINE","'that are made of aluminum? What are their","'99.96298218"
"'210","'LINE","'properties for example weight, rusting, shape etc.?","'99.64336395"
"'210","'LINE","'Discuss in groups and give presentation to the class","'99.98363495"
"'210","'LINE","'Activity 5.2","'99.84375000"
"'210","'LINE","'Industrially, aluminum is extracted from bauxite, AI₂O₃ 2H₂O, mainly by the Hall-","'92.34862518"
"'210","'LINE","'Héroult process or simply the Hall process. In this process, the bauxite must be purified","'99.88675690"
"'210","'LINE","'first, because it is often contaminated by silicon dioxide (SiO₂), iron oxide, and titanium","'99.56320953"
"'210","'LINE","'(IV) oxide. To separate the pure AI2O3 from the bauxite, the powdered ore is first","'95.23486328"
"'210","'LINE","'heated with a sodium hydroxide solution to convert the silica to soluble silicate.","'99.83711243"
"'210","'LINE","'204","'99.89257813"
"'211","'LINE","'Metals and Nonmetals","'99.74105072"
"'211","'LINE","'SiO₂ (s) + 2NaOH (aq)","'90.98676300"
"'211","'LINE","'Na2SiO3 (aq) + H2O (I)","'81.98955536"
"'211","'LINE","'Insoluble","'99.93083954"
"'211","'LINE","'soluble","'99.95117188"
"'211","'LINE","'At the same time aluminum oxide is converted to soluble sodium aluminate.","'99.90393829"
"'211","'LINE","'AI2O3 (s) + 2NaOH (aq)","'86.28611755"
"'211","'LINE","'NaAlO₂ (aq) + H2O (I)","'78.24160767"
"'211","'LINE","'Insoluble","'99.89178467"
"'211","'LINE","'soluble","'99.96093750"
"'211","'LINE","'The impurities like iron oxides and titanium (IV) oxide remain unaffected by the base","'99.94753265"
"'211","'LINE","'and are filtered off. Why they are not affected?","'99.94738770"
"'211","'LINE","'Then the solution is treated with acid to precipitate aluminium hydroxide.","'99.94852448"
"'211","'LINE","'AlO²⁻ (aq) + H₃O⁺ (aq)","'20.61403847"
"'211","'LINE","'AI(OH)3 (s)","'86.06425476"
"'211","'LINE","'Aluminum hydroxide is collected by filtration, washed, dried, and then heated strongly","'99.92718506"
"'211","'LINE","'in a furnace to get AI2O₃.","'88.38568115"
"'211","'LINE","'2AI(OH)₃ (s) Heat AI2O3 (s) + 3H2O (g)","'75.62451172"
"'211","'LINE","'Pure aluminum oxide is mixed with some cryolite, Na₃AIF₆, and then melted. Cryolite","'95.24610138"
"'211","'LINE","'is added to AI2O₃ to reduce its melting point from 2045°C to 1000°C. The molten","'94.72270966"
"'211","'LINE","'cryolite also provides a good conducting medium for the electrolysis process. The","'99.70829773"
"'211","'LINE","'molten mixture is then electrolyzed to obtain pure aluminum. The electrolytic cell, in","'99.95281219"
"'211","'LINE","'which the molten mass is electrolyzed, contains graphite electrodes as both anode and","'99.95530701"
"'211","'LINE","'cathode (See Figure 5.4).","'99.86023712"
"'211","'LINE","'e:","'53.67237473"
"'211","'LINE","'+","'93.75000000"
"'211","'LINE","'Anodes (Graphite)","'99.80110168"
"'211","'LINE","'e-","'49.56134415"
"'211","'LINE","'Cathode","'99.99023438"
"'211","'LINE","'(Graphite lining)","'99.74211121"
"'211","'LINE","'Steel tank","'99.98046875"
"'211","'LINE","'Mixture of","'99.99511719"
"'211","'LINE","'alumina, cryolite","'99.86088562"
"'211","'LINE","'and fluorspar","'99.81575012"
"'211","'LINE","'Molten","'100.00000000"
"'211","'LINE","'aluminium","'99.91051483"
"'211","'LINE","'Outlet for","'99.99023438"
"'211","'LINE","'molten","'99.96014404"
"'211","'LINE","'aluminium","'99.72098541"
"'211","'LINE","'Figure 5.4 Electrolytic reduction of aluminum based on the Hall's process.","'99.91539001"
"'211","'LINE","'AI2O₃ is converted to Al, by electrolysis. The reactions at the graphite (carbon)","'92.30444336"
"'211","'LINE","'electrodes are:","'99.94548798"
"'211","'LINE","'Anode reaction:","'99.97518921"
"'211","'LINE","'3C(s) (graphite electrode) + 60²-","'88.85937500"
"'211","'LINE","'3CO2(g) + 12e","'81.02080536"
"'211","'LINE","'Cathode reaction:","'99.97030640"
"'211","'LINE","'4AI³⁺(I) + 12e","'86.37445831"
"'211","'LINE","'4AI(I)","'96.77474976"
"'211","'LINE","'Over all reaction:","'99.97369385"
"'211","'LINE","'4AI³⁺(I) + 60²⁻(I) + 3C(s)","'75.91984558"
"'211","'LINE","'4AI(I) + 3CO2(g)","'79.62744141"
"'211","'LINE","'Or","'99.52069092"
"'211","'LINE","'2AI₂O₃(I) + 3C(s)","'76.47905731"
"'211","'LINE","'4AI(I) + 3CO2(g)","'79.06070709"
"'211","'LINE","'205","'99.80468750"
"'212","'LINE","'Chemistry Grade 10","'99.93788910"
"'212","'LINE","'Note that under the prevailing conditions in the electrolytic cell, the anode (graphite","'99.94280243"
"'212","'LINE","'electrode) will gradually oxidize to carbon dioxide and must be replaced regularly.","'99.95043945"
"'212","'LINE","'Molten aluminum is siphoned or drawn from the bottom of the electrolytic cell. We do","'99.94472504"
"'212","'LINE","'not use reducing agents for reduction of aluminum from aluminum oxide; why do you","'99.79302979"
"'212","'LINE","'think?","'99.91131592"
"'212","'LINE","'Physical Properties: Aluminum is a soft silvery-white and light metal having a density","'99.58355713"
"'212","'LINE","'of 2.7 g/cm³. It melts at 660°C. It can be shaped into wires, rolled, pressed or cast","'98.29484558"
"'212","'LINE","'into different shapes. It is a good conductor of heat and electricity.","'99.77993774"
"'212","'LINE","'Chemical Properties: Aluminum is a reactive metal, even though its reactions are not","'99.86732483"
"'212","'LINE","'vigorous in comparison with those of sodium, potassium, calcium and other metals of","'99.95569611"
"'212","'LINE","'group IA and IIA. It undergoes the following reactions:","'99.63906860"
"'212","'LINE","'i. Reaction with Oxygen","'99.78745270"
"'212","'LINE","'Aluminum has affinity for oxygen and reacts with atmospheric oxygen to form a thin","'99.71161652"
"'212","'LINE","'film of aluminum oxide on its surface.","'99.91492462"
"'212","'LINE","'4AI (s) + 302 (g)","'87.32949829"
"'212","'LINE","'2AI2O3 (s)","'73.66878510"
"'212","'LINE","'This thin film of oxide inhibits further reaction with oxygen. The thin film can be removed","'99.94930267"
"'212","'LINE","'by rubbing with mercury or mercury (II) chloride solution. What type of oxide is AI2O3?","'94.77030945"
"'212","'LINE","'ii. Aluminum burns in Nitrogen gas to form Aluminum Nitride.","'99.89375305"
"'212","'LINE","'2AI (s) + N2 (g)","'91.82808685"
"'212","'LINE","'2AIN (s)","'94.97887421"
"'212","'LINE","'iii. Reaction with dilute acids","'99.90302277"
"'212","'LINE","'Aluminum reacts with dilute acids like HCI and H2SO4, forming salts and liberating","'94.65633392"
"'212","'LINE","'hydrogen gas.","'99.98046875"
"'212","'LINE","'2AI (s) + 3H2SO₄ (aq)","'84.72253418"
"'212","'LINE","'AI₂(SO₄)₃ (aq) + 3H2 (g)","'78.62188721"
"'212","'LINE","'2AI (s) + 6HCI (aq)","'96.19997406"
"'212","'LINE","'2AICI₃ (s) + 3H2 (g)","'85.01757813"
"'212","'LINE","'Aluminum does not react with dilute or concentrated HNO3 due to the formation of a","'97.51643372"
"'212","'LINE","'protective oxide layer on its surface. Therefore, materials made of Al may be used","'98.49432373"
"'212","'LINE","'to transport HNO3.","'86.96388245"
"'212","'LINE","'iv. Aluminum burns in chlorine gas to form aluminum chloride","'99.96655273"
"'212","'LINE","'2AI (s) + 3CI₂ (g)","'84.78152466"
"'212","'LINE","'2AICI₃ (s)","'89.65461731"
"'212","'LINE","'V. Aluminum reacts with sodium hydroxide solution","'96.87929535"
"'212","'LINE","'2AI (s) + 2NaOH (aq) + 6H2O (I)","'94.05425262"
"'212","'LINE","'2NaAI(OH)₄ (aq) + 3H2 (g)","'80.15454102"
"'212","'LINE","'206","'99.84375000"
"'213","'LINE","'Metals and Nonmetals","'99.72476959"
"'213","'LINE","'Uses of Aluminum","'99.98020172"
"'213","'LINE","'Discuss in your group and present your conclusion to","'99.94268799"
"'213","'LINE","'?","'92.78240967"
"'213","'LINE","'class.","'99.95037079"
"'213","'LINE","'1. Why should the food containing iron salts are not","'99.92554474"
"'213","'LINE","'cooked in aluminum utensils?","'99.73886871"
"'213","'LINE","'2. Aluminum is a highly reactive metal, however, still it","'99.75894928"
"'213","'LINE","'Activity 5.3","'99.79372406"
"'213","'LINE","'is used to make utensils for cooking.","'99.94071960"
"'213","'LINE","'Aluminum is a lightweight metal and resistant to corrosion, which is why it is used to","'99.84170532"
"'213","'LINE","'make the light alloys, such as duralumin (a mixture of AI, Cu, and Mg). Aluminum","'97.20932007"
"'213","'LINE","'alloy is widely used in the transportation industry to make airplanes, ships, and","'99.96501923"
"'213","'LINE","'automobiles. Due to its high thermal conductivity and corrosion resistance, it is used","'99.90781403"
"'213","'LINE","'to make household cookwares. It is also used in the manufacture of door and window","'99.91831207"
"'213","'LINE","'frames and building roofs, as a packaging material in the food industry, and for","'99.79232025"
"'213","'LINE","'power transmission lines. Al is also used in the thermite welding process.","'97.72188568"
"'213","'LINE","'Thermite Welding","'99.94061279"
"'213","'LINE","'Thermite welding is useful in welding rails, propeller shaft and other steel parts of","'99.96762848"
"'213","'LINE","'machinery that are difficult to repair by any other method. The process is explained","'99.95426178"
"'213","'LINE","'as follows:","'99.87304688"
"'213","'LINE","'Aluminum is more reactive than iron, therefore it displaces iron from iron oxide. In the","'99.93691254"
"'213","'LINE","'thermite welding process, powdered aluminum when mixed with iron (III) oxide and","'99.82245636"
"'213","'LINE","'ignited, produces a temperature of about 3000°C. This temperature is quite sufficient","'98.63233185"
"'213","'LINE","'for welding metals. The reaction in this process is as follows:","'99.95450592"
"'213","'LINE","'2AI (s) +","'94.07000732"
"'213","'LINE","'Fe2O3 (s)","'78.74057007"
"'213","'LINE","'2Fe (I) +","'94.71978760"
"'213","'LINE","'AI2O3 (s)","'72.70503235"
"'213","'LINE","'Aluminum","'99.97070313"
"'213","'LINE","'Iron oxide","'99.84743500"
"'213","'LINE","'Iron","'99.80229950"
"'213","'LINE","'Aluminum oxide","'99.96054077"
"'213","'LINE","'The mixture of powdered aluminum and iron oxide is called thermite. Similar reactions","'99.94274139"
"'213","'LINE","'are used to insulate other metals such as Chromium:","'99.94195557"
"'213","'LINE","'Al(s)","'91.73229980"
"'213","'LINE","'+","'95.74059296"
"'213","'LINE","'Cr2O3","'64.97468567"
"'213","'LINE","'2","'97.93945313"
"'213","'LINE","'Cr","'96.15972137"
"'213","'LINE","'(I)","'91.69483185"
"'213","'LINE","'+","'95.92693329"
"'213","'LINE","'AI2O3 (s)","'75.07353973"
"'213","'LINE","'Exercise 5.1","'99.73632813"
"'213","'LINE","'1. Aluminum is the most abundant metal but it is of the secondary importance","'99.86476135"
"'213","'LINE","'next to iron, in terms of consumption. Why?","'99.92728424"
"'213","'LINE","'2. Cryolite, Na₃AIF₆ is added to AI2O3 to reduce its melting point from 2045°C","'91.96116638"
"'213","'LINE","'to 1000°C. Explain why it is required to reduce the melting point of AI2O3?","'93.56419373"
"'213","'LINE","'207","'99.84375000"
"'214","'LINE","'Chemistry Grade 10","'99.93110657"
"'214","'LINE","'3. Write the balanced chemical equation for the dissociation of AI2O3 in the","'94.78788757"
"'214","'LINE","'molten state.","'99.87065887"
"'214","'LINE","'4. Identify the ions that move to the cathode and the anode during the electrolysis","'99.95855713"
"'214","'LINE","'of molten aluminum oxide? Write the half-reactions at the anode, cathode","'99.89785004"
"'214","'LINE","'and overall cell reactions","'99.98779297"
"'214","'LINE","'5. At which electrode will aluminum be produced during the process?","'99.95673370"
"'214","'LINE","'6. Why aluminum is preferred to copper for high voltage wires such as the line","'99.96262360"
"'214","'LINE","'from Koka Dam to Addis Ababa?","'99.93233490"
"'214","'LINE","'Project","'99.95037079"
"'214","'LINE","'Perform the following project activities referring to reliable resources and submit to","'99.97945404"
"'214","'LINE","'your teacher.","'99.93532562"
"'214","'LINE","'1. Make a list of materials made of aluminum you encounter at home, and in the","'99.65898895"
"'214","'LINE","'city or town where you live.","'99.74143982"
"'214","'LINE","'2. What property of aluminum makes it useful in the construction of cook wares?","'99.93409729"
"'214","'LINE","'3. Regarding the manufacturing of aluminum by electrolysis, answer the following","'99.94778442"
"'214","'LINE","'questions.","'99.96014404"
"'214","'LINE","'A. The electrolyte does not need heating to keep it in its molten state; why?","'98.22593689"
"'214","'LINE","'B. The graphite anode gradually disappears during the electrolysis. How? (Think","'97.38219452"
"'214","'LINE","'about the product that is given off at the anode).","'99.97144318"
"'214","'LINE","'Present your findings to the class","'99.96868134"
"'214","'LINE","'B. Iron","'79.39881897"
"'214","'LINE","'1. Iron is the cheapest among all metals. Give reasons","'99.89015198"
"'214","'LINE","'for this.","'99.94061279"
"'214","'LINE","'?","'92.85156250"
"'214","'LINE","'2. What is the difference between stainless steel and","'99.96483612"
"'214","'LINE","'wrought iron?","'99.94628906"
"'214","'LINE","'3. What do you understand by the term alloy? Is","'99.82884216"
"'214","'LINE","'stainless steel an alloy?","'99.94061279"
"'214","'LINE","'Discuss in groups and give a presentation to the class.","'99.68672180"
"'214","'LINE","'Activity 5.4","'99.63867188"
"'214","'LINE","'Occurrence and Extraction","'99.97017670"
"'214","'LINE","'At the end of this section, students should be able to","'99.97389221"
"'214","'LINE","'explain properties ,Occurrence and extraction of Iron;","'98.05302429"
"'214","'LINE","'describe the the applications of Iron.","'99.91038513"
"'214","'LINE","'Iron is the second most abundant metal in the earth's crust after aluminum, and the","'99.89256287"
"'214","'LINE","'fourth most abundant element. It accounts for about 4.7% of the weight of the earth's","'99.81690979"
"'214","'LINE","'208","'99.75585938"
"'215","'LINE","'Metals and Nonmetals","'99.75785065"
"'215","'LINE","'crust. It has never been found as a free metal in nature. It exists only in the form of","'99.79327393"
"'215","'LINE","'compounds in nature, such as oxides, carbonates and sulphides. The chief ores of iron","'99.94699860"
"'215","'LINE","'are hematite (Fe₂O₃), limonite (Fe₂O₃.H₂O), magnetite (Fe₃O₄), and siderite (FeCO₃).","'91.04404449"
"'215","'LINE","'It is also found in the form of iron pyrites (FeS₂) which is commonly called fool's gold.","'99.36256409"
"'215","'LINE","'Iron is generally extracted from hematite (Fe₂O₃), magnetite (Fe₃O₄) and siderite","'95.98690796"
"'215","'LINE","'(FeCO₃).","'91.48696899"
"'215","'LINE","'Producing pig iron (impure iron)","'99.90576935"
"'215","'LINE","'The extraction of iron from its ores is carried out in a blast furnace. The raw materials","'99.80068970"
"'215","'LINE","'for the extraction of iron are iron ore, coke, limestone and hot air. The furnace is","'99.95682526"
"'215","'LINE","'charged with a mixture of iron ore, limestone and coke at the top and a blast of hot","'99.57833862"
"'215","'LINE","'air is blown at the bottom. The coke burns to form carbon dioxide and the temperature","'99.96567535"
"'215","'LINE","'approaches 2000°C near the bottom. As the carbon dioxide rises up, the coke reduces","'99.60207367"
"'215","'LINE","'it to carbon monoxide. The carbon monoxide then reduces the iron oxide to iron metal.","'99.95557404"
"'215","'LINE","'The reactions taking place in the blast furnace can be summarized as follows:","'99.96757507"
"'215","'LINE","'i. Oxidation of coke to carbon dioxide:","'99.90270996"
"'215","'LINE","'C (s) + O2 (g)","'80.71353149"
"'215","'LINE","'CO2 (g) + Heat","'95.56880188"
"'215","'LINE","'ii. Reduction of carbon dioxide to carbon monoxide: CO2 (g) + C (s)","'95.51609039"
"'215","'LINE","'2CO (g)","'93.74501801"
"'215","'LINE","'iii. Reduction of iron oxides to metallic iron by carbon monoxide:","'99.92707062"
"'215","'LINE","'3Fe2O₃ (s) + CO (g)","'74.55364990"
"'215","'LINE","'2Fe3O₄ (s) + CO₂(g)","'73.26421356"
"'215","'LINE","'Fe3O₄ (s) + CO (g)","'77.29779053"
"'215","'LINE","'3FeO (s) + CO2 (g)","'92.60722351"
"'215","'LINE","'FeO (s) + CO (g)","'89.27925873"
"'215","'LINE","'Fe (I) + CO₂(g)","'84.48314667"
"'215","'LINE","'iv. Decomposition of the limestone by heat in the blast furnace serves as a flux to","'99.65415955"
"'215","'LINE","'remove impurities: CaCO3 (s)","'89.05557251"
"'215","'LINE","'CaO (s) + CO2 (g)","'92.69766235"
"'215","'LINE","'The Blast Furnace","'99.97721100"
"'215","'LINE","'Charge: Iron ore, coke, limestone","'99.92271423"
"'215","'LINE","'Hot waste gases","'99.97721100"
"'215","'LINE","'Hot waste gases","'99.97721100"
"'215","'LINE","'250°C","'91.11288452"
"'215","'LINE","'Reducing iron ore:","'99.85112762"
"'215","'LINE","'700°C","'95.22819519"
"'215","'LINE","'3CO(g) + Fe₂O₃(g)","'87.02028656"
"'215","'LINE","'2Fe(I) + 3CO₂(g)","'79.11770630"
"'215","'LINE","'Carbon dioxide reacts with","'99.97050476"
"'215","'LINE","'coke:","'99.95117188"
"'215","'LINE","'Limestone decomposes and","'99.87496948"
"'215","'LINE","'CO₂(g) + 2C(s)","'87.43894958"
"'215","'LINE","'2CO(g)","'98.08195496"
"'215","'LINE","'slag forms:","'99.88241577"
"'215","'LINE","'850°C","'94.54978943"
"'215","'LINE","'CaCO₃(s)","'77.02866364"
"'215","'LINE","'CaO(s) + CO₂(g)","'87.78413391"
"'215","'LINE","'Hot air reacts with coke:","'99.94124603"
"'215","'LINE","'CaO(s) + SiO₂(s)","'88.99041748"
"'215","'LINE","'CaSiO₃(I)","'68.79862976"
"'215","'LINE","'C(s) + O₂(g)","'92.01949310"
"'215","'LINE","'CO2 (g)","'83.84855652"
"'215","'LINE","'1500°C","'94.90931702"
"'215","'LINE","'Sand","'99.96093750"
"'215","'LINE","'Slag","'99.95117188"
"'215","'LINE","'Hot air blast","'99.95090485"
"'215","'LINE","'Hot air blast","'99.93788910"
"'215","'LINE","'Molten","'99.99023438"
"'215","'LINE","'slag","'99.99023438"
"'215","'LINE","'Molten iron","'99.89257813"
"'215","'LINE","'Figure 5.5 Production of pig iron from iron ore in the blast furnace.","'99.94292450"
"'215","'LINE","'209","'99.88281250"
"'216","'LINE","'Chemistry Grade 10","'99.92160797"
"'216","'LINE","'v.","'75.53411865"
"'216","'LINE","'Calcium oxide (CaO) removes the impurities like sand or silica (SiO₂) to form","'99.00787354"
"'216","'LINE","'calcium silicate which is a glass-like material called slag.","'99.77210999"
"'216","'LINE","'CaO","'93.61288452"
"'216","'LINE","'+","'94.45232391"
"'216","'LINE","'SiO₂","'68.54611969"
"'216","'LINE","'CaSiO3","'59.76702118"
"'216","'LINE","'Lime","'99.97070313"
"'216","'LINE","'+","'95.88787842"
"'216","'LINE","'sand","'99.97070313"
"'216","'LINE","'calcium silicate","'99.84624481"
"'216","'LINE","'(Flux)","'99.85271454"
"'216","'LINE","'(Impurity)","'99.65182495"
"'216","'LINE","'(Slag)","'99.97070313"
"'216","'LINE","'The molten slag is lighter than the molten metal. Therefore, it floats over the molten","'99.95259857"
"'216","'LINE","'metal and thus the two can be easily separated. The slag is used mostly for the","'99.97660828"
"'216","'LINE","'manufacture of cement.","'99.91728973"
"'216","'LINE","'The iron obtained directly from the blast furnace is called pig iron. It is impure and","'99.93384552"
"'216","'LINE","'contains about 2 % silicon, up to 1% phosphorus and manganese, and traces of","'99.41596985"
"'216","'LINE","'sulphur. These impurities make pig iron brittle. Pig iron, also known as crude iron, is an","'99.93526459"
"'216","'LINE","'intermediate product of the iron industry in the production of steel. When pig iron is","'99.96647644"
"'216","'LINE","'re-melted with scrap iron and cast in to moulds, it forms cast iron. Pig iron contains at","'99.95549011"
"'216","'LINE","'least 92% Fe and has very high carbon content, typically 3.5 - 4.5%. Along with silica","'98.92105865"
"'216","'LINE","'and other constituents of dross, which makes it very brittle and not useful directly as a","'99.85752869"
"'216","'LINE","'material except for limited applications.","'99.96615601"
"'216","'LINE","'1. Explain the principle of blast furnace","'99.85958099"
"'216","'LINE","'?","'90.31169891"
"'216","'LINE","'2. Why calcium carbonate is used in the blast furnace","'99.95761108"
"'216","'LINE","'in the production of pig iron ?","'99.80411530"
"'216","'LINE","'3. What is the composition and uses of slag?","'99.94061279"
"'216","'LINE","'Discuss in your group and present your conclusions to","'99.95588684"
"'216","'LINE","'the class.","'99.98535156"
"'216","'LINE","'Activity 5.5","'99.78515625"
"'216","'LINE","'The purest form of commercial iron is called wrought iron. It is obtained by removing","'99.93740845"
"'216","'LINE","'most of the impurities from pig iron. It is manufactured by heating impure iron with","'99.95584869"
"'216","'LINE","'hematite and limestone in a furnace. This increases the purity of the iron to 99.5%.","'98.68911743"
"'216","'LINE","'Wrought iron is a tough, malleable and ductile form of iron.","'99.85297394"
"'216","'LINE","'Steel making from pig iron (purification of pig iron)","'99.92532349"
"'216","'LINE","'The relatively high carbon-content of the iron recovered from the blast furnace (pig","'99.93447876"
"'216","'LINE","'iron) makes it very hard and brittle. The conversion of pig iron to steel is essentially","'99.95128632"
"'216","'LINE","'a purification process in which impurities are eliminated through oxidation. This","'99.82279205"
"'216","'LINE","'purification process is carried out in a furnace at high temperatures. Three distinctive","'99.69436646"
"'216","'LINE","'techniques are used to convert pig iron into steel. These are the Bessemer converter,","'99.93915558"
"'216","'LINE","'Open-hearth Furnace and the Basic Oxygen Process.","'99.80289459"
"'216","'LINE","'i. The Bessemer Converter: In the process of converting pig iron to steel, molten","'99.90399170"
"'216","'LINE","'pig iron from the blast furnace is transferred to a cylindrical vessel containing a","'99.78696442"
"'216","'LINE","'refractory lining of MgCO₃ and CaCO₃. A blast of hot air is blown through the","'95.33522034"
"'216","'LINE","'210","'99.84375000"
"'217","'LINE","'Metals and Nonmetals","'99.75785065"
"'217","'LINE","'molten metal from a set of small holes at the bottom of the vessel. The oxygen","'99.82677460"
"'217","'LINE","'passing through the molten metal converts silicon, phosphorus and sulphur to their","'99.94535828"
"'217","'LINE","'oxides, which then react with the lining to form a slag. The carbon in the pig","'99.80918121"
"'217","'LINE","'iron is also oxidized to carbon monoxide, so its concentration is also reduced.","'97.75446320"
"'217","'LINE","'The conversion of the pig iron to steel by this process requires only 15 minutes.","'99.95204926"
"'217","'LINE","'However, the reaction is difficult to control and the quality of the steel produced","'99.98030090"
"'217","'LINE","'can be quite variable.","'99.93347931"
"'217","'LINE","'ii. The Open-hearth Furnace: It has a large, shallow hearth, which is usually lined","'99.51614380"
"'217","'LINE","'with a basic oxide refractory (MgO and CaO). The furnace is charged with a","'98.83560944"
"'217","'LINE","'mixture of pig iron, Fe2O₃, scrap iron and limestone. A blast of hot air and burning","'94.18720245"
"'217","'LINE","'fuel is directed over the surface of the charge to maintain it in the molten state.","'99.96567535"
"'217","'LINE","'Impurities in the pig iron are oxidized by the Fe2O₃ and air. Carbon dioxide, and","'95.56550598"
"'217","'LINE","'sulphur dioxide formed by the oxidation of the carbon and sulphur, respectively,","'99.96196747"
"'217","'LINE","'in the pig iron bubble out of the mixture as waste gases.","'99.96968842"
"'217","'LINE","'The SiO₂ and other acidic oxides like P₄O₁₀ combine with CaO (from limestone) and","'96.35888672"
"'217","'LINE","'the refractory lining to form a slag.","'99.55676270"
"'217","'LINE","'The impurities in pig iron are oxidized in the following way:","'99.94615173"
"'217","'LINE","'C +","'72.69127655"
"'217","'LINE","'CO2","'79.23719025"
"'217","'LINE","'S","'89.50634003"
"'217","'LINE","'+","'87.67009735"
"'217","'LINE","'2","'86.57555389"
"'217","'LINE","'SO2","'50.95793152"
"'217","'LINE","'12P","'87.51225281"
"'217","'LINE","'+","'89.63219452"
"'217","'LINE","'3","'87.66611481"
"'217","'LINE","'3P₄O₁₀","'33.34153748"
"'217","'LINE","'20Fe","'94.37340546"
"'217","'LINE","'2","'86.52832031"
"'217","'LINE","'3Si + 2Fe2O3","'72.94028473"
"'217","'LINE","'3SiO₂ + 4Fe","'82.35015869"
"'217","'LINE","'Calcium oxide, formed by the decomposition of limestone, reacts with oxides of silicon","'99.93879700"
"'217","'LINE","'and phosphorus to form slag.","'99.97835541"
"'217","'LINE","'P4O10 + 6CaO","'76.54921722"
"'217","'LINE","'2Ca₃(PO₄)₂","'65.90341949"
"'217","'LINE","'SiO₂ + CaO","'79.56287384"
"'217","'LINE","'CaSiO3","'55.06158447"
"'217","'LINE","'Impurities manganese and silicon form","'99.87113190"
"'217","'LINE","'respective oxides and removed asslag.","'98.37487793"
"'217","'LINE","'2C + 2","'91.06514740"
"'217","'LINE","'2CO","'96.61690521"
"'217","'LINE","'2Mn + 2","'90.66605377"
"'217","'LINE","'2MnO","'98.32888031"
"'217","'LINE","'Carbon","'99.95117188"
"'217","'LINE","'Carbon monoxide","'99.87224579"
"'217","'LINE","'Manganese","'99.77140808"
"'217","'LINE","'Manganese dioxide","'99.84095764"
"'217","'LINE","'Si + O2","'79.94751740"
"'217","'LINE","'SiO₂","'83.26310730"
"'217","'LINE","'Silcon","'99.93164063"
"'217","'LINE","'Silcon dioxide","'99.92636108"
"'217","'LINE","'2MnO + SiO₂","'90.60825348"
"'217","'LINE","'MnSiO","'93.65772247"
"'217","'LINE","'(slag)","'99.34570313"
"'217","'LINE","'slag","'99.91131592"
"'217","'LINE","'molten tray","'99.86737061"
"'217","'LINE","'tuyeres","'99.79173279"
"'217","'LINE","'(a)","'99.55257416"
"'217","'LINE","'air in","'99.88769531"
"'217","'LINE","'211","'99.77539063"
"'218","'LINE","'Chemistry Grade 10","'99.93761444"
"'218","'LINE","'Gas liquid fuel","'99.95416260"
"'218","'LINE","'Burner","'100.00000000"
"'218","'LINE","'Alternate","'100.00000000"
"'218","'LINE","'Molten metal","'99.97070313"
"'218","'LINE","'burner","'100.00000000"
"'218","'LINE","'Hearth","'100.00000000"
"'218","'LINE","'Tap hole","'98.28802490"
"'218","'LINE","'Checker","'100.00000000"
"'218","'LINE","'Slag","'100.00000000"
"'218","'LINE","'Steel","'100.00000000"
"'218","'LINE","'Checker","'99.99023438"
"'218","'LINE","'Chamber","'100.00000000"
"'218","'LINE","'pot","'99.89098358"
"'218","'LINE","'ladle","'99.87065887"
"'218","'LINE","'Chamber","'100.00000000"
"'218","'LINE","'(b)","'99.99023438"
"'218","'LINE","'Figure 5.6 Bessemer converter (a) and Open-hearth furnace (b)","'99.88491821"
"'218","'LINE","'This entire process takes 8 to 10 hours to complete and the quality of the steel is much","'99.95646667"
"'218","'LINE","'more easily controlled. A calculated amount of various elements can be added to the","'98.83570099"
"'218","'LINE","'steel to form steel alloys with desired properties","'99.99013519"
"'218","'LINE","'iii. Basic Oxygen Process: This newer procedure has largely replaced the open","'99.96854401"
"'218","'LINE","'hearth, because of its high speed. It involves forcing a mixture of powdered","'99.78523254"
"'218","'LINE","'calcium oxide, CaO, and oxygen gas directly into the surface of the molten pig","'98.14588165"
"'218","'LINE","'iron. The oxygen reacts exothermically with carbon, sulphur, silicon, phosphorus and","'99.94142914"
"'218","'LINE","'impurity metals. Carbon and sulphur are oxidized to CO2 and SO₂, respectively,","'95.66638184"
"'218","'LINE","'and are released as exhaust gases. The oxides of silicon (SiO₂), phosphorus,","'99.35369110"
"'218","'LINE","'(P₄O₁₀) and impurity metals combine with lime (CaO), forming slag. The charge","'97.19696808"
"'218","'LINE","'in the converter is maintained in the molten state by the energy released in these","'99.98892975"
"'218","'LINE","'oxidation reactions. The converter is tilted to remove the slag. After a second blow","'99.71644592"
"'218","'LINE","'of oxygen, the converter is tilted once again and the molten steel is poured out.","'99.95303345"
"'218","'LINE","'This process takes only about 20 to 25 minutes.","'99.96148682"
"'218","'LINE","'Molten iron (70 -75% +","'97.37663269"
"'218","'LINE","'steel scrapes (25 - 30%) +","'97.45661926"
"'218","'LINE","'lime dolmite","'99.89546204"
"'218","'LINE","'Refractory lining","'99.95525360"
"'218","'LINE","'Oxygen","'99.79093933"
"'218","'LINE","'lance","'98.97421265"
"'218","'LINE","'Tap hole","'99.97070313"
"'218","'LINE","'Pure O2","'93.25833130"
"'218","'LINE","'Slag","'99.95037079"
"'218","'LINE","'Steel","'99.99023438"
"'218","'LINE","'Steel","'99.99023438"
"'218","'LINE","'Slag","'99.91051483"
"'218","'LINE","'Figure 5.7 The basic oxygen converter","'99.95402527"
"'218","'LINE","'212","'99.84375000"
"'219","'LINE","'Metals and Nonmetals","'99.73805237"
"'219","'LINE","'Tempering of steel: is a process by which steel is conditioned to a desired hardness","'99.75859833"
"'219","'LINE","'by heating and controlled rate of cooling. Some of the carbon, in steel is present as a","'99.84202576"
"'219","'LINE","'compound called cementite (FeC₃). It reduces the hardness of steel. Cementite can be","'99.52717590"
"'219","'LINE","'removed by tempering which is difficult to remove by the above methods.","'99.95883942"
"'219","'LINE","'?","'93.21208954"
"'219","'LINE","'1. Which form of iron is the purest: wrought iron, pig","'99.91818237"
"'219","'LINE","'iron, steel?","'99.96582031"
"'219","'LINE","'2. Prepare a list of materials which are made of steel","'99.87862396"
"'219","'LINE","'and describe their uses. Discuss in groups and give","'99.95706177"
"'219","'LINE","'Activity 5.6","'99.77050781"
"'219","'LINE","'a presentation to the class.","'99.70045471"
"'219","'LINE","'Physical Properties of Iron","'99.96054077"
"'219","'LINE","'Do you remember physical properties of iron? Can you mention some of them?","'99.64851379"
"'219","'LINE","'Iron is a gray lustrous, malleable and ductile metal. It is a good conductor of heat and","'99.67909241"
"'219","'LINE","'electricity. It has a high melting point (1580°C) and a high density (7.87 g/cm³). It is","'98.33016205"
"'219","'LINE","'a ferromagnetic metal, which means it can be permanently magnetized.","'99.74414063"
"'219","'LINE","'Chemical Properties of Iron","'99.97050476"
"'219","'LINE","'Have you ever noticed the formation of a reddish thin film on the surface of an iron","'99.77724457"
"'219","'LINE","'object? Do you know the chemical nature of this thin film? From your observations,","'99.78588104"
"'219","'LINE","'what do you conclude about the reactivity of iron?","'99.76888275"
"'219","'LINE","'Iron is a reactive metal. Its reactivity is very slow, compared to group IA and IIA metals.","'99.67382813"
"'219","'LINE","'Iron rusts in the presence of air and moisture to form hydrated iron (III) oxide.","'99.85617065"
"'219","'LINE","'Moisture","'99.87065887"
"'219","'LINE","'4Fe(s)","'98.07457733"
"'219","'LINE","'+","'96.35662079"
"'219","'LINE","'302(g)","'46.58541870"
"'219","'LINE","'2Fe₂O₃.xH₂O(s)(rust)","'44.65381622"
"'219","'LINE","'Iron reacts with dilute acids, like HCI and H2SO₄, forming iron (II) salts and liberating","'95.12592316"
"'219","'LINE","'hydrogen gas","'99.97558594"
"'219","'LINE","'Fe (s) + 2HCI (aq)","'97.11312103"
"'219","'LINE","'FeCl₂ (aq) + H2 (g)","'84.27096558"
"'219","'LINE","'Fe (s) + H2SO4 (aq)","'91.50095367"
"'219","'LINE","'FeSO₄ (aq) + H2 (g)","'87.95436096"
"'219","'LINE","'Like other transition metals, iron also exhibits different oxidation states. It commonly","'99.85750580"
"'219","'LINE","'exists as the ferrous (Fe²⁺) and ferric (Fe⁺³) ions. Iron (II) and iron (III) compounds are","'98.41246796"
"'219","'LINE","'coloured.","'99.96014404"
"'219","'LINE","'Aqueous solutions of iron (II) compounds are pale-green and solutions of iron (III)","'99.65889740"
"'219","'LINE","'compounds are yellowish brown.","'99.86637115"
"'219","'LINE","'Aqueous solutions of some iron (II) compounds are rapidly oxidized to the corresponding","'99.81469727"
"'219","'LINE","'iron (III) compounds. For example, iron (II) hydroxide, Fe(OH)₂, on exposure to air,","'99.05220032"
"'219","'LINE","'oxidizes to iron (III) hydroxide","'99.59586334"
"'219","'LINE","'213","'99.81365967"
"'220","'LINE","'Chemistry Grade 10","'99.89204407"
"'220","'LINE","'4Fe(OH)₂ (s) + O2 (g) + 2H2O (I)","'87.47619629"
"'220","'LINE","'4Fe(OH)3 (s)","'77.05596161"
"'220","'LINE","'Heated iron reacts with hydrogen chloride gas, forming iron (II) chloride and hydrogen","'99.86789703"
"'220","'LINE","'gas.","'99.92187500"
"'220","'LINE","'Fe (s) + 2HCI (g)","'96.11212921"
"'220","'LINE","'FeCl₂ (g) + H2 (g)","'85.12906647"
"'220","'LINE","'Heated iron reacts with chlorine and sulphur to form the chloride and sulphide,","'99.97640991"
"'220","'LINE","'respectively","'99.99023438"
"'220","'LINE","'2Fe (s) + 3CI₂ (g)","'86.38476563"
"'220","'LINE","'2FeCI₃ (s)","'72.96974945"
"'220","'LINE","'Fe (s) + S (s)","'96.42781830"
"'220","'LINE","'FeS (s)","'97.51305389"
"'220","'LINE","'Iron has the ability to displace less active metals from solutions of their salts. For","'99.97629547"
"'220","'LINE","'example, when a piece of iron is placed in a solution of CuSO₄, it is oxidized to Fe²⁺","'95.61750031"
"'220","'LINE","'and a reddish brown deposit of copper metal forms on the surface of the iron.","'99.88978577"
"'220","'LINE","'Fe (s) + Cu²⁺ (aq)","'88.37157440"
"'220","'LINE","'Fe2⁺ (aq) + Cu (s)","'85.44909668"
"'220","'LINE","'Uses of Iron","'99.97043610"
"'220","'LINE","'Iron is the most widely used metal and takes first position in worldwide consumption.","'99.94560242"
"'220","'LINE","'It is used as a structural metal in the construction of buildings and bridges. In the","'99.74241638"
"'220","'LINE","'form of pig iron, it is used to make domestic boilers, hot-water radiators, railings,","'99.91636658"
"'220","'LINE","'water pipes, castings, and moldings. As wrought iron, it is used in making nails, sheets,","'99.95275116"
"'220","'LINE","'horseshoes, ornamental gates, door knockers, farm machinery etc. Iron is also used in","'99.95130920"
"'220","'LINE","'the manufacture of alloys such as carbon steels and alloy steels.","'99.95517731"
"'220","'LINE","'Table 5.1 Types and uses of carbon steels.","'99.89452362"
"'220","'LINE","'Type","'99.92028046"
"'220","'LINE","'% of carbon","'99.89908600"
"'220","'LINE","'Use","'100.00000000"
"'220","'LINE","'Mild steel","'99.96093750"
"'220","'LINE","'Up to 0.2","'99.95117188"
"'220","'LINE","'Making screws, motors, car batteries, railway","'99.94738770"
"'220","'LINE","'lines, ships, nuts and bolts","'99.97233582"
"'220","'LINE","'Medium steel","'99.94100952"
"'220","'LINE","'0.3 - 0.6","'95.35023499"
"'220","'LINE","'Making springs and chains","'99.99023438"
"'220","'LINE","'High carbon steel","'99.97721100"
"'220","'LINE","'0.6 - 1.5","'97.23367310"
"'220","'LINE","'Making drill bits, knives, hammers and chisels","'99.95188141"
"'220","'LINE","'Stainless steel","'99.98535156"
"'220","'LINE","'Fe = 73, C = =1,","'88.54264832"
"'220","'LINE","'For making knife blades, kitchen pots, pans,","'99.95478821"
"'220","'LINE","'Cr = 18, Ni = 8","'98.66632843"
"'220","'LINE","'food machinery, automobile parts, laundry","'99.90840149"
"'220","'LINE","'machines","'100.00000000"
"'220","'LINE","'Alloy Steel: contains iron and a relatively higher percentage of other metals. For","'99.83272552"
"'220","'LINE","'example, stainless steel contains chromium (14 -18%) and nickel (7 - 9%). Tool steels","'97.16185760"
"'220","'LINE","'include tungsten steel and manganese steel. These metals give the alloy hardness,","'99.68783569"
"'220","'LINE","'toughness and heat resistance. They are used in rock drills, cutting edges and parts of","'99.96642303"
"'220","'LINE","'machinery that are subjected to heavy wear.","'99.97477722"
"'220","'LINE","'214","'99.55974579"
"'221","'LINE","'Metals and Nonmetals","'99.73127747"
"'221","'LINE","'C. Copper","'92.70767212"
"'221","'LINE","'Discuss in a group the subsequent questions and","'99.85102081"
"'221","'LINE","'present your response to the class.","'99.96868134"
"'221","'LINE","'1. What common items are made of copper?","'99.90194702"
"'221","'LINE","'2. Copper is used in electrical appliances. Give","'99.92942047"
"'221","'LINE","'two reasons based on its physical properties","'99.97477722"
"'221","'LINE","'?","'93.34960938"
"'221","'LINE","'3. A solution of copper sulphate cannot be stored","'98.00520325"
"'221","'LINE","'in a vessel made of iron. Give a reason and","'99.60990906"
"'221","'LINE","'justify it by a balanced ionic equation.","'99.78057098"
"'221","'LINE","'4. Why is copper so important in our technological","'97.55715942"
"'221","'LINE","'Activity 5.7","'99.56542969"
"'221","'LINE","'society?","'99.29607391"
"'221","'LINE","'Occurrence and Extraction","'99.95715332"
"'221","'LINE","'At the end of this section, students should be able to","'99.97588348"
"'221","'LINE","'explain properties, occurrence and extraction of Copper;","'99.93328857"
"'221","'LINE","'describe the the applications of Copper.","'99.95200348"
"'221","'LINE","'Copper is occasionally found as native copper. However, it is found mainly in compounds","'99.91723633"
"'221","'LINE","'such as sulphides, oxides and the carbonates. The most important sulphide ores are","'99.94229889"
"'221","'LINE","'chalcopyrite (CuFeS₂), chalcocite (Cu₂S), covellite (CuS) and bornite (Cu₅FeS₄). The","'90.43459320"
"'221","'LINE","'principal oxide ores are cuprite (Cu₂O) and tenorite (CuO). In the carbonate form, it","'97.79077911"
"'221","'LINE","'exists as malachite (CuCO₃.Cu(OH)₂).","'82.59152985"
"'221","'LINE","'Copper is principally extracted from chalcopyrite. Since the amount of copper in the","'99.97264862"
"'221","'LINE","'ore is very small, the crushed and ground sulphide ore is first concentrated by froth","'99.95134735"
"'221","'LINE","'flotation. This treatment changes the concentration of the ore from 2% copper to as","'97.33139801"
"'221","'LINE","'high as 30% copper. The concentrated ore is then roasted with a limited supply of air","'99.91736603"
"'221","'LINE","'(oxygen).","'99.65182495"
"'221","'LINE","'2CuFeS₂ (s) + 402 (g)","'82.14182281"
"'221","'LINE","'Cu2S (s) + 2FeO(s) + 3SO2 (g)","'86.39585876"
"'221","'LINE","'The roasted mixture is smelted by adding limestone and sand to form a molten slag","'99.56728363"
"'221","'LINE","'that removes many of the impurities. FeO present in the roasted mixture can also be","'99.95980835"
"'221","'LINE","'removed as slag in the form of iron silicate (FeSiO₃), and silica in the form of calcium","'99.12657166"
"'221","'LINE","'silicate (CaSiO₃).","'95.99569702"
"'221","'LINE","'CaCO3 (s) + SiO₂ (s)","'85.73413849"
"'221","'LINE","'CaSiO3 (I) + CO2 (g)","'87.78539276"
"'221","'LINE","'FeO (s) + SiO₂ (s)","'91.76247406"
"'221","'LINE","'FeSiO3 (I)","'77.71553802"
"'221","'LINE","'The Cu₂S obtained by roasting chalcopyrite is then reduced by heating it in a limited","'97.05856323"
"'221","'LINE","'supply of oxygen.","'99.84434509"
"'221","'LINE","'Cu2S (s) + O2 (g)","'84.35493469"
"'221","'LINE","'2Cu (I) + SO2 (g)","'86.48218536"
"'221","'LINE","'215","'99.92187500"
"'222","'LINE","'Chemistry Grade 10","'99.93436432"
"'222","'LINE","'The copper produced by the above process is called blister copper and it has 98.5","'99.98697662"
"'222","'LINE","'- 99.5 % purity. Blister copper contains iron, silver, gold and sometimes zinc as","'98.50153351"
"'222","'LINE","'impurities. So it is refined further by electrolysis as shown in Figure 5.8.","'99.90863037"
"'222","'LINE","'Electrolytic refining of copper","'99.95321655"
"'222","'LINE","'The main parts of the electrolytic cell are:","'99.97304535"
"'222","'LINE","'Anode: A thick block of impure copper","'97.49615479"
"'222","'LINE","'Cathode: A thin strip of pure copper","'97.61434174"
"'222","'LINE","'Electrolyte: An aqueous solution of copper sulphate, Small quantity of dilute sulphuric","'99.92868042"
"'222","'LINE","'acid is also added to the salt solution to prevent hydrolysis.","'99.97847748"
"'222","'LINE","'When electric current is passed, the copper of the anode is oxidized to Cu²⁺ ions. The","'98.28163147"
"'222","'LINE","'Cu²⁺ ions pass in to solution.","'95.10290527"
"'222","'LINE","'Cu (impure metal)","'99.69328308"
"'222","'LINE","'Cu²⁺(aq) + 2e","'87.32564545"
"'222","'LINE","'oxidation at anode","'99.94061279"
"'222","'LINE","'At the same time an equal number of Cu²⁺ ions of the solution move towards cathode","'98.35890961"
"'222","'LINE","'where they are reduced and deposited as metallic copper.","'99.97495270"
"'222","'LINE","'Cu²⁺(aq) + 2e","'85.55819702"
"'222","'LINE","'Cu ( metal)","'93.10560608"
"'222","'LINE","'reduction at cathode","'99.97043610"
"'222","'LINE","'The process of oxidation at anode and reduction at cathode continues as long as","'99.93728638"
"'222","'LINE","'current is passed. Thus, the cathode becomes thicker and the anode becomes thinner.","'99.98710632"
"'222","'LINE","'Pure copper deposited at cathode is removed and used. Copper obtained by","'99.98690796"
"'222","'LINE","'electrolytic refining is 99.99% pure.","'99.79623413"
"'222","'LINE","'Battrey","'99.96014404"
"'222","'LINE","'+","'96.96209717"
"'222","'LINE","'Anode","'100.00000000"
"'222","'LINE","'Cathode","'99.88042450"
"'222","'LINE","'(impure copper)","'99.83647156"
"'222","'LINE","'(pure copper)","'99.76931000"
"'222","'LINE","'Cu2+","'67.83940887"
"'222","'LINE","'CuSO","'95.36531830"
"'222","'LINE","'solution","'99.81285858"
"'222","'LINE","'Cu²⁺","'42.06463242"
"'222","'LINE","'Anode","'99.97070313"
"'222","'LINE","'mud","'99.92107391"
"'222","'LINE","'Cu","'99.01625824"
"'222","'LINE","'Cu²⁺+2e","'47.54205322"
"'222","'LINE","'Cu²⁺+2e","'35.73740387"
"'222","'LINE","'Cu","'98.03969574"
"'222","'LINE","'Figure 5.8 Electrolytic refining /purification/ of copper.","'99.20260620"
"'222","'LINE","'Physical Properties of Copper","'99.95789337"
"'222","'LINE","'Copper is a soft, ductile, malleable, reddish-brown metal with a density of 8.96 g/","'98.83721161"
"'222","'LINE","'cm³. It is second to silver in electrical conductivity. It melts at 1086°C and boils at","'99.36285400"
"'222","'LINE","'2310°C.","'79.60598755"
"'222","'LINE","'216","'99.81445313"
"'223","'LINE","'Metals and Nonmetals","'99.79445648"
"'223","'LINE","'Chemical Properties of Copper","'99.96542358"
"'223","'LINE","'Copper is less reactive metal that is why it is found in the native state. Although it is not","'99.95524597"
"'223","'LINE","'very reactive, it undergoes the following reactions:","'99.94804382"
"'223","'LINE","'Powdered copper, when heated in air forms a black powder of copper (II) oxide,","'99.80480957"
"'223","'LINE","'CuO.","'86.40047455"
"'223","'LINE","'2Cu (s) + O2 (g)","'87.35959625"
"'223","'LINE","'2CuO (s)","'94.41864777"
"'223","'LINE","'Copper does not react with dilute acids like HCI and H₂SO₄. It cannot displace","'96.32456970"
"'223","'LINE","'hydrogen from acids. However, it can be oxidized by oxidizing acids such as dilute","'99.94513702"
"'223","'LINE","'and concentrated nitric acid and hot concentrated sulphuric acid, H₂SO₄.","'95.22618866"
"'223","'LINE","'dilute","'99.91051483"
"'223","'LINE","'3Cu(s) + 8HNO3 (aq)","'86.34037781"
"'223","'LINE","'3Cu(NO)₃)₂ (aq) + 2NO (g) + 4H2O (I)","'90.08607483"
"'223","'LINE","'concentrated","'99.97070313"
"'223","'LINE","'Cu(s) + 8HNO3 (aq)","'84.51630402"
"'223","'LINE","'Cu(NO)₃)₂ (aq) + 2NO2 (g) + 2H2O (I)","'87.17427063"
"'223","'LINE","'Hot and concentrated","'99.96093750"
"'223","'LINE","'Cu(s) + 2H2SO₄ (aq)","'83.14392853"
"'223","'LINE","'CuSO₄(aq) + SO₂ (g) + 2H2O (I)","'77.86270905"
"'223","'LINE","'Copper corrodes in moist air over a long period of time as a result of oxidation","'99.83712769"
"'223","'LINE","'caused by a mixture of water, oxygen and carbon dioxide. It turns green, due to the","'99.82519531"
"'223","'LINE","'formation of verdigris: a basic copper carbonate (CuCO₃.Cu(OH)₂) or Cu2(OH)₂CO₃.","'87.44144440"
"'223","'LINE","'2Cu (s) + H2O (I) + O2 (g) + CO2 (g)","'88.99453735"
"'223","'LINE","'CuCO3.Cu(OH)2","'35.47532654"
"'223","'LINE","'Basic copper carbonate is responsible for the green layer that forms on the surface of","'99.94347382"
"'223","'LINE","'copper and bronze objects. This layer adheres to the surface and protects the metal","'99.97820282"
"'223","'LINE","'from further corrosion. Copper is a transition metal and exhibits different oxidation","'99.85369873"
"'223","'LINE","'states. It exists as cuprous (Cu+) and cupric (Cu²⁺) ions. Compounds containing copper","'96.56527710"
"'223","'LINE","'in the +2 oxidation state are stable. Cu¹⁺ is unstable and cannot exist in aqueous","'98.15415192"
"'223","'LINE","'solution since it reduces and oxidizes (disproportionates) itself as follows:","'99.78840637"
"'223","'LINE","'2Cu+ (aq)","'93.24587250"
"'223","'LINE","'Cu²⁺ (aq) + Cu (s)","'82.95551300"
"'223","'LINE","'Soluble compounds containing Cu+, such as CuCl, Cul and CuBr, are all colourless solids.","'96.69063568"
"'223","'LINE","'The most stable oxidation state of copper is +2. Aqueous solutions of many copper","'99.87584686"
"'223","'LINE","'(II) compounds are blue, thus copper forms coloured compounds in the oxidation state","'99.84868622"
"'223","'LINE","'of +2. For example, hydrated copper sulphate, CuSO .5H2O, consists of blue crystals,","'94.97949219"
"'223","'LINE","'and its aqueous solution is also blue.","'99.94200134"
"'223","'LINE","'Uses of Copper","'99.97043610"
"'223","'LINE","'Copper is used to manufacture alloys. For example, bronze is an alloy of copper and","'99.94998932"
"'223","'LINE","'tin, and it is used to make coins, medals, bells, machinery parts, etc. Brass is an alloy of","'99.93884277"
"'223","'LINE","'copper and zinc, and it is used for hardware tops, terminals and pipes. Copper is","'99.95150757"
"'223","'LINE","'widely used in the electrical industry in the form of electric wires, cables etc. Copper","'99.97640228"
"'223","'LINE","'217","'99.93164063"
"'224","'LINE","'Chemistry Grade 10","'99.95416260"
"'224","'LINE","'compounds, such as copper chloride, copper carbonate and copper hydroxide, are","'99.94252777"
"'224","'LINE","'used as pesticides","'99.81531525"
"'224","'LINE","'Exercise 5.2","'99.91699219"
"'224","'LINE","'1. Classify the following as naturally available and made by humans: water,","'99.92873383"
"'224","'LINE","'sunlight, land, minerals, statues, concrete, plastics, buildings, fossil fuels (crude","'99.89440918"
"'224","'LINE","'oil, coal, and natural gas)","'99.97444916"
"'224","'LINE","'2. Categorize the following as renewable and nonrenewable resources: rocks,","'99.92701721"
"'224","'LINE","'metal ores, soil, wood, air, water, crops, fossil fuels, biofuels","'99.96135712"
"'224","'LINE","'3. Describe the occurrence and extraction of the following metals; aluminium,","'99.92951965"
"'224","'LINE","'iron, and copper.","'99.99023438"
"'224","'LINE","'4. Which of the three metals, Al, Fe and Cu is produced by electrochemical","'97.67134094"
"'224","'LINE","'reduction?","'99.95037079"
"'224","'LINE","'5. Explain how Al, Fe and Cu behave in dry air, moisture and acidic solutions.","'97.52641296"
"'224","'LINE","'6. Why is limestone used in steel?","'99.90260315"
"'224","'LINE","'7. Discuss the main areas of applications of Al, Fe and Cu in home and industry.","'97.65737152"
"'224","'LINE","'8. The kitchen utensils used for cooking foods are made of metals like aluminum,","'99.96461487"
"'224","'LINE","'iron, copper or the alloys of some metals. Give a reason.","'99.74980927"
"'224","'LINE","'9. Why are wires employed in electrical appliances made of copper and (or)","'99.97045898"
"'224","'LINE","'aluminum?","'99.95037079"
"'224","'LINE","'5.3 Production of Some Important Nonmetals","'99.87998962"
"'224","'LINE","'5.3.1 General Properties of Nonmetals and Common Uses of Some","'99.95198822"
"'224","'LINE","'Nonmetallic Compounds","'99.99511719"
"'224","'LINE","'At the end of this section, students should be able to","'99.96938324"
"'224","'LINE","'mention the general properties of non-metals and their uses;","'99.89397430"
"'224","'LINE","'describe some common uses of compounds of nonmetals such as CO2, Na2CO₃,","'93.58045197"
"'224","'LINE","'NH3, HNO3, H3PO4, Ca₃(PO₄)₂, SO₂ & H2SO4 i","'68.96150970"
"'224","'LINE","'describe the occurrence, extraction and uses of nitrogen, phosphorous, oxygen,","'99.84275055"
"'224","'LINE","'sulphur and chlorine.","'99.94685364"
"'224","'LINE","'Nonmetals have opposite characteristics to that of metals.","'99.96156311"
"'224","'LINE","'A. Physical properties","'88.45423889"
"'224","'LINE","'Nonmetals are","'99.83687592"
"'224","'LINE","'Solids, liquids, gases","'99.94712067"
"'224","'LINE","'Non-lustrous","'99.15477753"
"'224","'LINE","'218","'99.71679688"
"'225","'LINE","'Metals and Nonmetals","'99.84082794"
"'225","'LINE","'Nonmalleable and non-ductile","'99.65447998"
"'225","'LINE","'Varying hardness and have low density","'99.93532562"
"'225","'LINE","'Low melting and boiling points","'99.97412872"
"'225","'LINE","'do not show any metallic luster.","'99.98684692"
"'225","'LINE","'are soft in comparison to metals","'99.94412994"
"'225","'LINE","'are non-sonorous","'99.76811218"
"'225","'LINE","'Poor conductors of heat and electricity","'99.99009705"
"'225","'LINE","'B. Chemical properties of non-metals","'95.01411438"
"'225","'LINE","'Nonmetals react with oxygen on heating or burning to form their oxides","'99.96311188"
"'225","'LINE","'Do not displace hydrogen on reaction with dilute acids","'99.97920227"
"'225","'LINE","'React with oxygen to form acidic or neutral oxides","'99.96166992"
"'225","'LINE","'Combine with hydrogen to form stable hydrides","'99.97594452"
"'225","'LINE","'Do not react with water","'99.98030853"
"'225","'LINE","'Electronegative i.e for negative ions by gaining electrons","'99.92678070"
"'225","'LINE","'Oxidizing agents","'99.98007202"
"'225","'LINE","'5.3.2 Production of Nitrogen, Phosphorous, Oxygen, Sulphur and","'99.83789063"
"'225","'LINE","'Chlorine","'99.99023438"
"'225","'LINE","'A. Nitrogen","'79.73662567"
"'225","'LINE","'At the end of this section, students should be able to","'99.97581482"
"'225","'LINE","'explain properties ,Occurrence and extraction of Nitrogen;","'98.03572083"
"'225","'LINE","'describe the the applications of Nitrogen.","'99.96189880"
"'225","'LINE","'Discuss in group and give a presentation to the class.","'99.85315704"
"'225","'LINE","'1. Draw the structure of a nitrogen molecule. How","'99.81431580"
"'225","'LINE","'many bonds are present in it?","'99.82996368"
"'225","'LINE","'2. Why does nitrogen form triple bond?","'99.93608093"
"'225","'LINE","'3. Which form of nitrogen is absorbed by green","'99.96700287"
"'225","'LINE","'Activity 5.8","'99.79003906"
"'225","'LINE","'plants?","'99.81126404"
"'225","'LINE","'Occurrence and Production","'99.95688629"
"'225","'LINE","'Nitrogen occurs in nature in the elemental form. It also exists in the form of compounds.","'99.91819000"
"'225","'LINE","'In the elemental state, it exists as a diatomic molecule, N2, in atmospheric air. It","'97.65271759"
"'225","'LINE","'constitutes about 80% by volume of the atmosphere. In the form of compounds, it","'99.89203644"
"'225","'LINE","'exists as sodium nitrate (Chile salt peter, NaNO₃) and potassium nitrate (KNO₃) also","'95.52544403"
"'225","'LINE","'called saltpetre. It is also found in DNA molecules and proteins of all living things.","'99.91458130"
"'225","'LINE","'In the industrial production of nitrogen, the first step is to remove impurities like dust","'99.93708801"
"'225","'LINE","'and other particles from air. The air is then compressed under high pressure and","'99.99087524"
"'225","'LINE","'low temperature to remove carbon dioxide and water vapor since they solidify at a","'99.83712006"
"'225","'LINE","'219","'99.93164063"
"'226","'LINE","'Chemistry Grade 10","'99.92160797"
"'226","'LINE","'relatively high temperature compared to nitrogen and oxygen. As the temperature","'99.93499756"
"'226","'LINE","'continues to decrease, the air containing mainly nitrogen and oxygen condenses to","'99.93552399"
"'226","'LINE","'give a pale-blue liquid. Nitrogen is thus separated on an industrial scale by fractional","'99.79602051"
"'226","'LINE","'distillation of liquid air. When liquid air is fractionally distilled, nitrogen is collected","'99.95149231"
"'226","'LINE","'and stored in steel cylinders under pressure.","'99.97198486"
"'226","'LINE","'The second fraction consists of argon, which distills off the mixture at -186°C, leaving","'98.98269653"
"'226","'LINE","'behind a blue liquid of oxygen that boils at -183°C. In the laboratory, nitrogen is","'99.10543060"
"'226","'LINE","'prepared by warming an aqueous solution containing ammonium chloride and sodium","'99.94319916"
"'226","'LINE","'nitrite","'99.83079529"
"'226","'LINE","'NH₄CI (aq) + NaNO₂ (aq)","'86.10028839"
"'226","'LINE","'NaCl (aq) + N2 (g) + 2H2O (I)","'90.82223511"
"'226","'LINE","'Physical Properties of Nitrogen","'99.97050476"
"'226","'LINE","'Nitrogen is colorless, odorless and tasteless gas. It is inert under ordinary conditions,","'99.88641357"
"'226","'LINE","'and that is why it is found in atmospheric air as N2. The inertness of nitrogen at low","'97.88135529"
"'226","'LINE","'temperatures is directly related to the strength of the triple bond, which requires high","'99.96425629"
"'226","'LINE","'energy to break.","'99.97396088"
"'226","'LINE","'Chemical Properties of Nitrogen","'99.95057678"
"'226","'LINE","'Discuss in group and give a presentation to the class.","'99.80661774"
"'226","'LINE","'?","'89.68261719"
"'226","'LINE","'1. Why nitrogen is the most abundant gas in the","'99.89479065"
"'226","'LINE","'atmosphere?","'99.87145233"
"'226","'LINE","'2. Why nitrogen exists mostly in the elemental state?","'99.93401337"
"'226","'LINE","'3. What is the purpose of running a reaction under","'99.87754822"
"'226","'LINE","'Activity 5.9","'99.75097656"
"'226","'LINE","'an inert atmosphere such as nitrogen gas?","'99.90003967"
"'226","'LINE","'Though nitrogen is inert at low temperatures, it reacts with metals of group IA and","'99.88377380"
"'226","'LINE","'IIA as well as oxygen at higher temperatures. When heated with reactive metals like","'99.80596924"
"'226","'LINE","'lithium, calcium and magnesium, it forms compounds, known as nitrides.","'99.84330750"
"'226","'LINE","'6Li (s) + N2 (g)","'92.73202515"
"'226","'LINE","'2Li3N (s)","'86.67819214"
"'226","'LINE","'3Ca (s) + N2 (g)","'93.16203308"
"'226","'LINE","'Ca3N2 (s)","'67.83073425"
"'226","'LINE","'3Mg (s) + N2 (g)","'95.31409454"
"'226","'LINE","'Mg3N₂ (s)","'67.55740356"
"'226","'LINE","'Nitrogen combines with oxygen at elevated temperatures or in an electric arc to form","'99.92526245"
"'226","'LINE","'oxides.","'99.96014404"
"'226","'LINE","'N2 (g) + O2 (g)","'90.67795563"
"'226","'LINE","'2NO (g)","'96.58003998"
"'226","'LINE","'N2 (g) + 202 (g)","'88.10156250"
"'226","'LINE","'2NO2 (g)","'82.17972565"
"'226","'LINE","'Nitric oxide, also called nitrogen monoxide, NO, is a colorless and reactive gas. It","'99.86930847"
"'226","'LINE","'forms nitrogen dioxide (NO₂), a reddish brown gas, when it comes into contact with","'99.18197632"
"'226","'LINE","'oxygen. This reddish brown gas dimerizes at low temperatures to give a colorless gas","'99.84356689"
"'226","'LINE","'of dinitrogen tetraoxide, N₂O₄.","'87.32591248"
"'226","'LINE","'220","'99.91210938"
"'227","'LINE","'Metals and Nonmetals","'99.72802734"
"'227","'LINE","'2NO2 (g)","'80.27104950"
"'227","'LINE","'N2O4 (g)","'86.38791656"
"'227","'LINE","'Nitrogen also forms oxides, like dinitrogen monoxide, N₂O, (commonly called laughing","'95.45156097"
"'227","'LINE","'gas), dinitrogen trioxide (N₂O₃) and dinitrogen pentoxide (N₂O₅). Nitrogen reacts","'92.49746704"
"'227","'LINE","'directly with hydrogen in the Haber process to form ammonia. In this process, a mixture","'99.78565979"
"'227","'LINE","'of N2 and H2 gas, at a pressure of 200 - 300 atm and a temperature of 400 - 600°C,","'95.91727448"
"'227","'LINE","'is passed over a catalyst of finely divided iron.","'99.78982544"
"'227","'LINE","'Fe/200 - 300atm","'92.58889008"
"'227","'LINE","'N₂(g) + 3H₂(g)","'70.48097229"
"'227","'LINE","'2NH₃(g)","'67.49980164"
"'227","'LINE","'400-600°C","'96.61172485"
"'227","'LINE","'The ammonia produced by this method is primarily used in the manufacture of","'99.96426392"
"'227","'LINE","'fertilizers. It is also used for the production of nitric acid (HNO₃).","'98.90621948"
"'227","'LINE","'Uses of Nitrogen","'99.96366119"
"'227","'LINE","'Nitrogen is used in food packaging to prevent oxidation, and to create an inert","'99.94926453"
"'227","'LINE","'atmosphere in the production of semiconductors. Liquid nitrogen is used as a refrigerant","'99.70525360"
"'227","'LINE","'to preserve bulls' semen and blood. Its major use is in the production of ammonia.","'99.83713531"
"'227","'LINE","'B. Phosphorus","'81.35622406"
"'227","'LINE","'?","'94.58007813"
"'227","'LINE","'Discuss in group and give a presentation to the class.","'99.85015106"
"'227","'LINE","'Have you ever observed glowing worms? Why do they","'99.86974335"
"'227","'LINE","'glow? Anyone who has observed them should explain","'99.98901367"
"'227","'LINE","'to the class.","'99.97721100"
"'227","'LINE","'Activity 5.10","'99.18905640"
"'227","'LINE","'Occurrence and Extraction","'99.97369385"
"'227","'LINE","'At the end of this section, students should be able to","'99.97041321"
"'227","'LINE","'explain properties ,Occurrence and extraction of Phosphorous;","'99.13191223"
"'227","'LINE","'describe the the applications of Phosphorous.","'99.92868042"
"'227","'LINE","'Does phosphorus exist in the pure form (elemental state) as does nitrogen? If not,","'99.89464569"
"'227","'LINE","'why? Phosphorus is a relatively abundant element, ranking 12th in the earth's crust.","'98.46879578"
"'227","'LINE","'It exists naturally only in the combined state, such as in rock phosphate, Ca₃(PO₄)₂,","'96.33350372"
"'227","'LINE","'fluoroapatite, Ca₁₀(PO₄)₆F₂ or 3Ca₃(PO₄),,CaF₂. It is also found in teeth, bones and","'88.36668396"
"'227","'LINE","'DNA.","'99.93083954"
"'227","'LINE","'What is allotropy? What are the two common allotropes of phosphorus?","'99.94505310"
"'227","'LINE","'Allotropes are different forms of the same element with the same physical state but","'99.95472717"
"'227","'LINE","'with different physical properties. This is due to the difference in the arrangement of","'99.96041870"
"'227","'LINE","'atoms. The two common allotropic forms of phosphorus are white phosphorus and red","'99.97565460"
"'227","'LINE","'phosphorus.","'99.96014404"
"'227","'LINE","'221","'99.85271454"
"'228","'LINE","'Chemistry Grade 10","'99.93436432"
"'228","'LINE","'Physical Properties of Phosphorus","'99.97518921"
"'228","'LINE","'White phosphorus is a very poisonous, white waxy-looking substance that melts at","'99.76058960"
"'228","'LINE","'44.1°C and boils at 287°C. Its density is 1.8 g/cm³. It consists of individual tetra-","'96.69248199"
"'228","'LINE","'atomic (P₄) molecules and is an unstable form of phosphorus","'98.85550690"
"'228","'LINE","'Red phosphorus is denser (2.16 g/cm³) and is much less reactive than white phosphorus","'97.90130615"
"'228","'LINE","'at normal temperatures. It consists of P₄ molecules linked together to form a polymer","'97.33567810"
"'228","'LINE","'(large molecule) as shown below.","'99.90302277"
"'228","'LINE","'P","'98.65433502"
"'228","'LINE","'P","'98.66011810"
"'228","'LINE","'P","'97.84498596"
"'228","'LINE","'P","'99.09099579"
"'228","'LINE","'P","'94.43817902"
"'228","'LINE","'P","'98.40859985"
"'228","'LINE","'P","'99.41744995"
"'228","'LINE","'P","'98.09690094"
"'228","'LINE","'P","'99.17649841"
"'228","'LINE","'P","'95.74437714"
"'228","'LINE","'P","'98.84884644"
"'228","'LINE","'P","'99.06090546"
"'228","'LINE","'P","'97.12113190"
"'228","'LINE","'P","'90.44144440"
"'228","'LINE","'P","'92.27698517"
"'228","'LINE","'P","'91.61810303"
"'228","'LINE","'The white phosphorus molecule The arrangement of atoms in red phosphorus","'99.97676849"
"'228","'LINE","'Industrially, white phosphorus is manufactured by heating a mixture of crushed rock","'99.73412323"
"'228","'LINE","'phosphate, Ca₃(PO₄),, silica, SiO₂, and coke in an electric furnace. The reaction in the","'95.69520569"
"'228","'LINE","'furnace is:","'99.89138031"
"'228","'LINE","'2Ca₃(PO₄)₂ (s) + 6SiO2 (s) + 10C (s)","'85.49649048"
"'228","'LINE","'6CaSiO 3 (I) + P₄(g) + 10CO (g)","'90.04046631"
"'228","'LINE","'The vaporized phosphorus (P₄) is condensed, collected and stored under water. Red","'99.40554810"
"'228","'LINE","'phosphorus is prepared by heating white phosphorus in sunlight for several days.","'99.98196411"
"'228","'LINE","'White phosphorus is stored under water because it spontaneously ignites (bursts into","'99.95389557"
"'228","'LINE","'flames) in the presence of oxygen. Red phosphorus is much less reactive than white","'99.95054626"
"'228","'LINE","'phosphorus and does not need to be stored under water. Although red phosphorous","'99.99324036"
"'228","'LINE","'is insoluble in water, it is very soluble in carbon disulphide. Solutions of P₄ in CS2 are","'95.21395874"
"'228","'LINE","'reasonably stable. As soon as CS2 evaporates, however, the phosphorous bursts in to","'97.59851837"
"'228","'LINE","'flame.","'99.92028046"
"'228","'LINE","'?","'93.47656250"
"'228","'LINE","'Discuss in group and give a presentation to the class.","'99.83721161"
"'228","'LINE","'Use reference books available in your school library","'99.96156311"
"'228","'LINE","'and write down the main properties of white and red","'99.98917389"
"'228","'LINE","'phosphorus.","'99.96014404"
"'228","'LINE","'Activity 5.11","'99.41366577"
"'228","'LINE","'Chemical Properties of Phosphorus","'99.96034241"
"'228","'LINE","'Phosphorus exhibits the following common chemical reactions. Phosphorus reacts with","'99.96925354"
"'228","'LINE","'limited and excess supplies of oxygen to form tetraphosphorus hexoxide (P₄O₆) and","'97.77471161"
"'228","'LINE","'tetraphosphorus decoxide (P₄O₁₀) respectively","'95.37278748"
"'228","'LINE","'P4 (s) + 302 (g)","'83.54105377"
"'228","'LINE","'P₄O₆(s)","'43.26600266"
"'228","'LINE","'P4 (s) + 502 (g)","'84.36351776"
"'228","'LINE","'P₄O₁₀(s)","'52.39955139"
"'228","'LINE","'222","'99.81445313"
"'229","'LINE","'Metals and Nonmetals","'99.75134277"
"'229","'LINE","'P₄O₆ and P₄O₁₀ dissolve in water to form phosphorous acid, H3PO3, an orthophsophoric","'89.23167419"
"'229","'LINE","'acid, H3PO4 respectively.","'85.59337616"
"'229","'LINE","'P₄O₆ (s) + 6H2O (I)","'81.46118164"
"'229","'LINE","'4H3PO3 (aq)","'85.22321320"
"'229","'LINE","'P4O10 (s) + 6H2O (I)","'82.90605164"
"'229","'LINE","'4H3PO4 (aq)","'76.49404144"
"'229","'LINE","'Phosphorus also reacts with limited and excess supplies of chlorine to form phosphorus","'99.97027588"
"'229","'LINE","'(III) chloride (PCI₃) and phosphorus (V) chloride (PCI₅) respectively","'96.83026886"
"'229","'LINE","'P4 (s) + 6CI2 (g)","'82.74665833"
"'229","'LINE","'4PCI₃ (s)","'88.09430695"
"'229","'LINE","'P4 (s) + 10Cl2 (g)","'80.13026428"
"'229","'LINE","'4PCI₅ (s)","'80.23018646"
"'229","'LINE","'Uses of Phosphorus","'99.99349213"
"'229","'LINE","'Red phosphorous is used to make matches. Most of the white phosphorous produced","'99.98034668"
"'229","'LINE","'is used to make phosphoric acid or other phosphorous compounds. Phosphorous is also","'99.94911194"
"'229","'LINE","'used in making fireworks, smoke bombs, rat-poisons, and tracer bullets. Phosphorous is","'99.95145416"
"'229","'LINE","'essential for plant growth. Large quantities of phosphorous compounds are converted","'99.94852448"
"'229","'LINE","'into acids and salts to be used as fertilizers, in baking powder in the chemical industries.","'99.92459106"
"'229","'LINE","'C. Oxygen","'92.27568817"
"'229","'LINE","'Discuss the following questions in groups and give a","'99.73008728"
"'229","'LINE","'presentation to the class.","'99.97030640"
"'229","'LINE","'?","'97.65625000"
"'229","'LINE","'1. Write the chemical reactions for photosynthesis","'99.91165161"
"'229","'LINE","'and respiration. What are the products formed in","'99.96918488"
"'229","'LINE","'photosynthesis and respiration?","'99.89723206"
"'229","'LINE","'2. What are the uses of oxygen in hospitals?","'99.94295502"
"'229","'LINE","'Activity 5.12","'99.37500000"
"'229","'LINE","'3. How do astronauts breathe while in space?","'99.94061279"
"'229","'LINE","'Occurrence and Production","'99.93383026"
"'229","'LINE","'At the end of this section, students should be able to","'99.97033691"
"'229","'LINE","'explain properties ,Occurrence and extraction of Oxygen;","'99.52609253"
"'229","'LINE","'describe the the applications of Oxygen.","'99.64464569"
"'229","'LINE","'Oxygen is the most abundant element on earth. It constitutes about 46.6% by weight","'99.83985138"
"'229","'LINE","'of the earth's crust in the form of compounds such as oxides, silicates, carbonates,","'99.90627289"
"'229","'LINE","'phosphates etc. It exists in nature in the elemental state in atmospheric air constituting","'99.90231323"
"'229","'LINE","'about 20% by volume. Oxygen is manufactured industrially by the fractional","'99.93328857"
"'229","'LINE","'distillation of liquid air in a way similar to that of nitrogen. Oxygen has two allotropic","'99.86540985"
"'229","'LINE","'forms, diatomic (O₂) and triatomic (O₃), ozone.","'94.66313171"
"'229","'LINE","'223","'99.84375000"
"'230","'LINE","'Chemistry Grade 10","'99.95416260"
"'230","'LINE","'+","'90.26287079"
"'230","'LINE","'+","'92.01091766"
"'230","'LINE","'Ö","'71.36927795"
"'230","'LINE","':O:","'60.64801788"
"'230","'LINE","'Structure of O2 molecule","'87.35491180"
"'230","'LINE","'Resonance structures of O₃ molecule","'90.46332550"
"'230","'LINE","'Ozone is naturally produced in the stratosphere by a two- step reactive process. In","'99.76510620"
"'230","'LINE","'the first step, solar ultraviolet radiation (sunlight) breaks apart an oxygen molecule","'99.93464661"
"'230","'LINE","'to form two separate oxygen atoms. In the overall process, three oxygen molecules","'99.96263885"
"'230","'LINE","'plus sunlight react to form two ozone molecules according to the equation:","'99.96535492"
"'230","'LINE","'30₂ UV - light 203","'75.09111786"
"'230","'LINE","'Occurrence of this process in the upper atmosphere removes radiation that would be","'99.96032715"
"'230","'LINE","'harmful to life on the surface of the Earth.","'99.97920227"
"'230","'LINE","'Physical Properties","'99.97030640"
"'230","'LINE","'Oxygen is a colorless, odorless, tasteless gas. It changes from a gas to a liquid at a","'99.41107178"
"'230","'LINE","'temperature of -182.96°C. The liquid formed has a slightly bluish color to it. Liquid","'99.31160736"
"'230","'LINE","'oxygen can then be solidified or frozen at a temperature of -218.4°C. The density of","'99.30046082"
"'230","'LINE","'oxygen is 1.429 grams per liter. By comparison, It is denser than air. The density of","'99.83678436"
"'230","'LINE","'air is about 1.29 grams per liter","'99.94827271"
"'230","'LINE","'Chemical Properties of Oxygen","'99.96521759"
"'230","'LINE","'Oxygen is relatively reactive and combines directly with most elements to form oxides.","'99.97415161"
"'230","'LINE","'Oxygen combines with metal to form metal oxides (basic oxides). For example,","'99.96535492"
"'230","'LINE","'2Mg (s) + O2 (g)","'90.48703003"
"'230","'LINE","'MgO (s)","'97.23234558"
"'230","'LINE","'2Ca (s) + O2 (s)","'89.61826324"
"'230","'LINE","'2CaO (s)","'95.41175079"
"'230","'LINE","'Oxygen combines with non-metals to form acidic oxides; for example:","'99.95940399"
"'230","'LINE","'S₈ (s) + 802 (g)","'87.05053711"
"'230","'LINE","'8SO2 (g)","'76.24342346"
"'230","'LINE","'P4 (s) + 502 (g)","'82.86308289"
"'230","'LINE","'P₄O₁₀ (g)","'67.55451202"
"'230","'LINE","'Oxygen supports combustion and is necessary for the burning of substances like","'99.94454193"
"'230","'LINE","'charcoal, hydrocarbon fuel, etc.","'99.93532562"
"'230","'LINE","'C (s) + O2 (g)","'83.80413055"
"'230","'LINE","'CO2 (g)","'92.88603973"
"'230","'LINE","'CH₄ (g) + 202 (g)","'86.22604370"
"'230","'LINE","'CO2 (g) + 2H2O (g)","'91.45651245"
"'230","'LINE","'224","'99.83398438"
"'231","'LINE","'Metals and Nonmetals","'99.80069733"
"'231","'LINE","'D. Sulphur","'99.90234375"
"'231","'LINE","'?","'89.83806610"
"'231","'LINE","'Discuss the following in groups and give a presentation","'99.88863373"
"'231","'LINE","'to the class.","'99.98697662"
"'231","'LINE","'Have you observed the color of sulphur? What is the","'99.79386139"
"'231","'LINE","'use of sulphur in your area?","'99.84082794"
"'231","'LINE","'Activity 5.13","'99.63339233"
"'231","'LINE","'Occurrence and Extraction","'99.98671722"
"'231","'LINE","'At the end of this section, students should be able to","'99.98468781"
"'231","'LINE","'explain properties, occurrence and extraction of Sulphur;","'99.96164703"
"'231","'LINE","'describe the the applications of Sulphur.","'99.94685364"
"'231","'LINE","'Sulphur is found in nature and in the form of compounds such as galena (PbS), pyrites","'99.94061279"
"'231","'LINE","'(FeS₂) (fool's gold ), cinnabar (HgS), sphalerite (ZnS), gypsum (CaSO₄.2H₂O), barite","'93.85079193"
"'231","'LINE","'(BaSO₄), and as hydrogen sulphide (H₂S) in natural gas and crude oil.","'97.18651581"
"'231","'LINE","'Sulphur is extracted from underground deposits of elemental sulphur by the Frasch","'99.95606995"
"'231","'LINE","'process (Figure 5.9). In this process, three concentric pipes are sent down to the sulphur","'99.91630554"
"'231","'LINE","'deposit.","'99.91051483"
"'231","'LINE","'Compressed air","'99.98535156"
"'231","'LINE","'Aerated molten sulphur","'99.95362854"
"'231","'LINE","'Super - heated water","'98.46380615"
"'231","'LINE","'Crap rock","'99.96054077"
"'231","'LINE","'Hot water","'99.98046875"
"'231","'LINE","'Melted sulphur","'99.91539764"
"'231","'LINE","'Solid sulphur","'99.91539764"
"'231","'LINE","'Figure 5.9 Frasch process- extraction of sulphur.","'99.85678864"
"'231","'LINE","'Superheated water at about 170°C is pumped through the outermost pipes. Hot air","'99.73661804"
"'231","'LINE","'is compressed in the innermost tube. A froth of sulphur, air and water come out to","'99.32695770"
"'231","'LINE","'the surface of the earth forced by hot compressed air in the middle tube. The molten","'99.98759460"
"'231","'LINE","'sulphur is then cooled and solidified.","'99.94535828"
"'231","'LINE","'225","'99.96093750"
"'232","'LINE","'Chemistry Grade 10","'99.91835022"
"'232","'LINE","'Uses of Sulphur","'99.93058014"
"'232","'LINE","'Nearly one-half of the sulphur needed by chemical industries is obtained as a waste","'99.77574921"
"'232","'LINE","'product of other industrial processes. For example, sulphur can be obtained in the form","'99.96408081"
"'232","'LINE","'of hydrogen sulphide (H₂S) from natural gas and during the purification of crude oil. It","'97.77441406"
"'232","'LINE","'can also be obtained in the form of sulphur dioxide from the roasting of sulphide ores","'99.96369171"
"'232","'LINE","'during the manufacture of metals. The use of sulphur obtained from waste products of","'99.89778900"
"'232","'LINE","'other industries reduces the demand for the element from natural deposits. This also","'99.98316956"
"'232","'LINE","'reduces the pollution of atmospheric air and the formation of acid rain.","'99.97619629"
"'232","'LINE","'Allotropic Forms of Sulphur","'99.93064117"
"'232","'LINE","'Sulphur exhibits allotropy. The most important allotropes of sulphur are rhombic and","'99.91058350"
"'232","'LINE","'monoclinic sulphur. Rhombic sulphur is the most stable form of sulphur consisting of S₈","'98.98116302"
"'232","'LINE","'molecules.","'99.96014404"
"'232","'LINE","'S","'92.00733185"
"'232","'LINE","'S","'93.03630829"
"'232","'LINE","'S","'87.30309296"
"'232","'LINE","'S","'86.86922455"
"'232","'LINE","'S","'89.84992981"
"'232","'LINE","'S","'89.54719543"
"'232","'LINE","'S","'83.88253784"
"'232","'LINE","'S","'89.69965363"
"'232","'LINE","'Crown shape of S₈ molecules","'96.44850159"
"'232","'LINE","'Rhombic Sulphur (α-sulphur): rhombic sulphur is crystalline in nature and has","'97.44579315"
"'232","'LINE","'octahedral shape. On heating the solution of roll sulphur in CS2 we get rhombic sulphur.","'97.86680603"
"'232","'LINE","'It is yellow with a melting point of 385.8K and specific gravity 2.06. Rhombic sulphur","'99.80479431"
"'232","'LINE","'cannot be dissolved in water but can be dissolved in benzene, ether, alcohol etc.","'99.97541046"
"'232","'LINE","'Rhombic sulphur is the most stable form of sulphur consisting of S₈ molecules.","'99.01158905"
"'232","'LINE","'Monoclinic Sulphur (ß-sulphur): ß-Sulphur is a yellow solid with a monoclinic crystal","'93.98691559"
"'232","'LINE","'form and is less dense than α-sulphur. Like the α- form it contains puckered S₈ rings and","'99.03722382"
"'232","'LINE","'only differs from it in the way the rings are packed in the crystal. It is unusual because","'99.91326141"
"'232","'LINE","'it is only stable above 95.3 °C; below this temperature it converts to α-sulphur.","'99.56227875"
"'232","'LINE","'Physical Properties of Sulphur","'99.92067719"
"'232","'LINE","'Pure sulphur is a tasteless, odourless, brittle solid that is pale yellow in colour, a poor","'99.73727417"
"'232","'LINE","'conductor of electricity, and insoluble in water","'99.94339752"
"'232","'LINE","'Chemical Properties of Sulphur","'99.88082123"
"'232","'LINE","'Sulphur is relatively stable and unreactive at room temperature. However, it reacts","'99.86216736"
"'232","'LINE","'with metals and non-metals when heated.","'99.94452667"
"'232","'LINE","'Sulphur combines with metals when heated to form sulphides.","'99.90274048"
"'232","'LINE","'8Fe (s) + S₈ (s)","'89.78509521"
"'232","'LINE","'8FeS (s)","'97.88414764"
"'232","'LINE","'Sulphur burns in oxygen to form oxides.","'99.92062378"
"'232","'LINE","'S₈ (s) + 802 (g)","'84.07624817"
"'232","'LINE","'8SO2 (g)","'76.70768738"
"'232","'LINE","'Sulphur is the raw material for the production of sulphuric acid (H₂SO₄) by the Contact","'98.17066956"
"'232","'LINE","'Process. This process of sulphuric acid production involves the following steps","'99.95761871"
"'232","'LINE","'226","'99.95117188"
"'233","'LINE","'Metals and Nonmetals","'99.76110840"
"'233","'LINE","'Step 1: Sulphur is first oxidized to produce sulphur dioxide:","'99.58549500"
"'233","'LINE","'S₈ (s) + 802 (g)","'85.46882629"
"'233","'LINE","'8SO2 (g)","'76.02270508"
"'233","'LINE","'Step 2: Sulphur dioxide is converted to sulphur trioxide at high temperatures in the","'99.91939545"
"'233","'LINE","'presence of a catalyst:","'99.67254639"
"'233","'LINE","'2SO2 (g) + O2","'79.31107330"
"'233","'LINE","'2SO3 (g)","'82.39287567"
"'233","'LINE","'Step 3: Sulphur trioxide is absorbed into concentrated sulphuric acid to produce oleum","'99.90286255"
"'233","'LINE","'(H₂S₂O₇).","'74.30146027"
"'233","'LINE","'SO₃ (g) + H2SO4 (I)","'80.67031860"
"'233","'LINE","'H₂S₂O₇(I)","'34.11292267"
"'233","'LINE","'Step 4: The oleum is then diluted with water to produce the desired concentration of","'99.95470428"
"'233","'LINE","'sulphuric acid. Commercially used concentrated sulphuric acid is 98% H2SO ₄.","'93.35692596"
"'233","'LINE","'H2S2O7 (I) + H2O (I)","'75.82011414"
"'233","'LINE","'2H2SO₄ (aq)","'73.91292572"
"'233","'LINE","'E. Chlorine","'86.71735382"
"'233","'LINE","'Discuss the following in groups and give a presentation","'99.55483246"
"'233","'LINE","'to the class.","'99.97396088"
"'233","'LINE","'1. When we turn on the water tap, the water coming","'99.89377594"
"'233","'LINE","'out of the tap sometimes appears white and turns","'99.97243500"
"'233","'LINE","'?","'94.46289063"
"'233","'LINE","'normal after a few minutes. Many people say that","'99.82328796"
"'233","'LINE","'the white colour we see is due to chlorine. Do you","'99.81932831"
"'233","'LINE","'agree? Discuss in group and present your opinion","'99.96410370"
"'233","'LINE","'to the class.","'99.96067047"
"'233","'LINE","'2. What is the purpose of adding chlorine to drinking","'99.96745300"
"'233","'LINE","'Activity 5.14","'99.08203125"
"'233","'LINE","'water?","'99.92187500"
"'233","'LINE","'Occurrence and Extraction","'99.95063782"
"'233","'LINE","'At the end of this section, students should be able to","'99.97300720"
"'233","'LINE","'explain properties, occurrence and extraction of Chlorine;","'99.95176697"
"'233","'LINE","'describe the the applications of Chlorine.","'99.94033813"
"'233","'LINE","'Chlorine belongs to group VIIA, known as the halogens. It is the most abundant element","'99.85519409"
"'233","'LINE","'among the halogens. It is found in nature in the form of compounds only. Chlorine is","'99.94512939"
"'233","'LINE","'found in nature chiefly in the form of chlorides of sodium, potassium, calcium and","'99.90052032"
"'233","'LINE","'magnesium. Sodium chloride is the chief source of chlorine, and it is obtained from","'99.96344757"
"'233","'LINE","'seawater or as deposits of rock salt. Commercially, chlorine is manufactured by the","'99.93704224"
"'233","'LINE","'electrolysis of a concentrated aqueous solution of sodium chloride. During electrolysis","'99.77361298"
"'233","'LINE","'of the concentrated solution, chlorine is formed at the anode and the reduction of","'99.96396637"
"'233","'LINE","'water occurs at the cathode, producing hydrogen gas and hydroxide ions (OH⁻). The","'95.62565613"
"'233","'LINE","'electrode and the overall cell reactions are as follows;","'99.95850372"
"'233","'LINE","'227","'99.92187500"
"'234","'LINE","'Chemistry Grade 10","'99.92459869"
"'234","'LINE","'Oxidation at anode:","'99.96392822"
"'234","'LINE","'2CI- (aq)","'71.52562714"
"'234","'LINE","'CI2 (g) + 2e⁻","'72.52451324"
"'234","'LINE","'Reduction at cathode:","'99.95063782"
"'234","'LINE","'2H2O (I) + 2e⁻","'80.01963043"
"'234","'LINE","'H2 (g) + 20H- (aq)","'83.49207306"
"'234","'LINE","'Cell reaction:","'99.95037079"
"'234","'LINE","'2NaCl (aq) + 2H2O (I)","'89.80871582"
"'234","'LINE","'2NaOH (aq) + Cl2 (g) + H2 (g)","'89.71091461"
"'234","'LINE","'Although NaOH forms at the cathode compartment and Cl₂ at the anode, the two","'95.88648987"
"'234","'LINE","'substances must be kept apart from one another. This is because, if they come into","'99.96507263"
"'234","'LINE","'contact with each other, they can react according to the following equation.","'99.97945404"
"'234","'LINE","'NaOH (aq) + Cl2 (g)","'86.50091553"
"'234","'LINE","'NaOCI (aq) + HCI (aq)","'90.60176086"
"'234","'LINE","'What is the oxidation number of chlorine in NaOCl?","'99.16808319"
"'234","'LINE","'Physical Properties of Chlorine","'99.98271179"
"'234","'LINE","'?","'95.51757813"
"'234","'LINE","'Discuss the following in groups and give a presentation","'99.78413391"
"'234","'LINE","'to the class.","'99.98046875"
"'234","'LINE","'In urban area, tap water possesses a peculiar smell,","'99.69059753"
"'234","'LINE","'which disappears after a few minutes. Many people","'99.72167969"
"'234","'LINE","'say that the smell is due to chlorine. Do you agree?","'99.77754974"
"'234","'LINE","'Activity 5.15","'99.41406250"
"'234","'LINE","'Some of its physical properties are the following:","'99.97782898"
"'234","'LINE","'Chlorine is a greenish-yellow gas at room temperature.","'99.74617004"
"'234","'LINE","'It melts at -102°C and boils at -34°C.","'96.86555481"
"'234","'LINE","'It is fairly soluble in water.","'99.89613342"
"'234","'LINE","'It is extremely poisonous, causing inflammation of the lungs and mucous membranes","'99.90914917"
"'234","'LINE","'if inhaled, even in very small amounts. It is fatal if inhaled in higher amounts.","'99.92362976"
"'234","'LINE","'Chemical Properties of Chlorine","'99.97538757"
"'234","'LINE","'Chlorine is a highly reactive non-metal. It reacts directly with almost all elements","'99.78986359"
"'234","'LINE","'except the noble gases, carbon and nitrogen.","'99.95886230"
"'234","'LINE","'It is a powerful oxidizing agent and oxidizes most of the elements with which it reacts.","'99.86932373"
"'234","'LINE","'The following are the main reactions of chlorine.","'99.97782898"
"'234","'LINE","'Chlorine reacts with heated metals to form chloride salts","'99.98689270"
"'234","'LINE","'2Fe (s) + 3CI₂ (g)","'88.40190887"
"'234","'LINE","'2FeCl₃ (s)","'70.29834747"
"'234","'LINE","'2AI (s) + 3CI₂ (g)","'89.24354553"
"'234","'LINE","'2AICI₃ (s)","'87.81259918"
"'234","'LINE","'Chlorine reacts smoothly with hydrogen, in the presence of a charcoal as a catalyst,","'99.58132935"
"'234","'LINE","'at room temperature to form hydrogen chloride.","'99.95350647"
"'234","'LINE","'H2 (g) + CI2 (g)","'87.02287292"
"'234","'LINE","'2HCI (g)","'96.76828003"
"'234","'LINE","'Chlorine displaces less reactive halogens (Br₂ and I₂) from aqueous solutions of their","'96.59465027"
"'234","'LINE","'compounds.","'99.56153870"
"'234","'LINE","'228","'99.87304688"
"'235","'LINE","'Metals and Nonmetals","'99.75433350"
"'235","'LINE","'CI2 (g) + 2KBr (aq)","'86.90856171"
"'235","'LINE","'2KCI (aq) + Br₂ (I)","'87.56604767"
"'235","'LINE","'CI2 (g) + 2KI (aq)","'87.92920685"
"'235","'LINE","'2KCI (aq) + I2 (aq)","'88.70587158"
"'235","'LINE","'Can bromine displace chlorine in a chemical reaction?","'99.67693329"
"'235","'LINE","'Chlorine dissolves in water and reacts with it, forming an acidic solution containing","'99.96982574"
"'235","'LINE","'hydrochloric acid (HCI) and hypochlorous acid (HOCI).","'99.81220245"
"'235","'LINE","'CI2 (g) + H2O (I)","'83.69622803"
"'235","'LINE","'HCI (aq) + HOCI (aq)","'94.97186279"
"'235","'LINE","'This type of reaction is called a disproportionation reaction, where chlorine is itself","'99.67559814"
"'235","'LINE","'reduced and oxidized.","'99.95688629"
"'235","'LINE","'Uses of Chlorine","'99.98345947"
"'235","'LINE","'Chlorine is commercially used as a bleaching agent and disinfectant (kills germs). As","'99.71871185"
"'235","'LINE","'elemental chlorine or as chlorine water, it is strong enough to oxidize dyes and to","'99.94749451"
"'235","'LINE","'bleach coloured materials. For example, it can be used to remove yellow or brown","'99.95722198"
"'235","'LINE","'colors from wood pulp, paper and cotton.","'99.98872375"
"'235","'LINE","'Exercise 5.3","'99.88201141"
"'235","'LINE","'1. What are the main natural sources of N, P, O, S, and Cl?","'96.67676544"
"'235","'LINE","'2. Describe the main processes involved in the production (extraction) of N, P, O,","'99.25724030"
"'235","'LINE","'S and Cl.","'87.37583923"
"'235","'LINE","'3. How do N, P, and S behave when heated in air?","'99.79822540"
"'235","'LINE","'4. Write an equation for the reaction of chlorine with water.","'99.97307587"
"'235","'LINE","'5. Describe and discuss the common uses of CO2, Na2CO₃, NH3, HNO3, H3PO4,","'86.05664825"
"'235","'LINE","'Ca₃(PO₄), SO₂, H2SO4","'68.21328735"
"'235","'LINE","'A Checklist for Review","'94.45906067"
"'235","'LINE","'Allotrope","'99.96014404"
"'235","'LINE","'Contact process","'99.95037079"
"'235","'LINE","'Ore","'99.91131592"
"'235","'LINE","'Alloy","'100.00000000"
"'235","'LINE","'Electrolytic reduction","'99.95077515"
"'235","'LINE","'Open - hearth fumace","'97.41639709"
"'235","'LINE","'Basic - oxygen process","'97.08954620"
"'235","'LINE","'Fractional distillation","'99.93532562"
"'235","'LINE","'Red phosphorus","'99.99023438"
"'235","'LINE","'Bauxite","'99.92028046"
"'235","'LINE","'Flotation","'99.88042450"
"'235","'LINE","'Roasting","'100.00000000"
"'235","'LINE","'Bessmer converter","'99.91539764"
"'235","'LINE","'Fluoroapatite","'99.20280457"
"'235","'LINE","'Rock phosphate","'99.98007202"
"'235","'LINE","'Blast furnace","'99.91051483"
"'235","'LINE","'Frasch process","'99.98046875"
"'235","'LINE","'Sulphur","'99.64126587"
"'235","'LINE","'Blister coppe","'99.93532562"
"'235","'LINE","'Haber process","'99.96542358"
"'235","'LINE","'Slag","'100.00000000"
"'235","'LINE","'Cryolite","'99.99023438"
"'235","'LINE","'Hall process","'99.98046875"
"'235","'LINE","'Steel","'100.00000000"
"'235","'LINE","'Chlorine","'100.00000000"
"'235","'LINE","'Mineral","'100.00000000"
"'235","'LINE","'Thermite process","'99.96542358"
"'235","'LINE","'Cacination","'99.92028046"
"'235","'LINE","'Metallurgy","'99.84056091"
"'235","'LINE","'White phosphorus","'99.96542358"
"'235","'LINE","'Chemical reduction","'99.97518921"
"'235","'LINE","'Nitrogen","'100.00000000"
"'235","'LINE","'229","'99.89257813"
"'236","'LINE","'Chemistry Grade 10","'99.93137360"
"'236","'LINE","'Unit Summary","'99.92147827"
"'236","'LINE","'About 80% of the elements are metals. They have common physical and chemical","'99.96513367"
"'236","'LINE","'properties. Metals are ductile, malleable, sonorous, conductors of heat and","'99.92848969"
"'236","'LINE","'electricity. Metals are reducing agents and mostly form basic oxides. The specific","'99.97857666"
"'236","'LINE","'properties of metals vary widely from one metal to the other. Active metals always","'99.98181152"
"'236","'LINE","'occur in compounds in the form of minerals. The most active metals are extracted","'99.95844269"
"'236","'LINE","'from their compounds only by electrolysis because there is no stronger reducing","'99.96460724"
"'236","'LINE","'agent that can reduce them from their compounds. The reactivity series is a useful","'99.83107758"
"'236","'LINE","'guide to predict the relative reactivity of metals.","'99.97406769"
"'236","'LINE","'Aluminum is the most abundant metal in the earth's crust. It is manufactured by the","'99.92813110"
"'236","'LINE","'electrolysis of molten aluminum oxide mixed with cryolite using the Hall's process.","'99.94129181"
"'236","'LINE","'Aluminum is used to make light-weight alloys that can be used for aircraft and","'99.95222473"
"'236","'LINE","'similar constructions. Aluminum resists corrosion due to the formation of a thin film","'99.85632324"
"'236","'LINE","'of an oxide on its surface.","'99.95416260"
"'236","'LINE","'Iron is the second-most abundant metal in the earth's crust. Iron is extracted in a","'99.87546539"
"'236","'LINE","'blast furnace. The furnace is charged with iron ore, coke and limestone, and hot","'99.95263672"
"'236","'LINE","'air is blown up from the bottom. Limestone is used in the blast furnace to remove","'99.90466309"
"'236","'LINE","'impurities like sand (silica) in the form of slag. The type of iron obtained directly","'99.97955322"
"'236","'LINE","'from the blast furnace is called pig iron and it is impure. Wrought iron is the purest","'99.95845032"
"'236","'LINE","'form of iron obtained from pig-iron by removing most of the impurities. Steel","'99.95380402"
"'236","'LINE","'is an alloy of iron containing definite amounts of carbon and other metals like","'99.97262573"
"'236","'LINE","'chromium, nickel, tungsten, vanadium, manganese etc. Steel is manufactured from","'99.50207520"
"'236","'LINE","'the pig iron by the Bessemer converter, Open-Hearth Furnace and Basic Oxygen","'99.94521332"
"'236","'LINE","'Processes.","'99.92028046"
"'236","'LINE","'Copper is extracted by roasting chalcopyrites (CuFeS₂). Copper that is obtained","'98.56282806"
"'236","'LINE","'by roasting chalcopyrites is called blister copper. It is impure, and it is refined","'99.91457367"
"'236","'LINE","'further by electrolysis. Copper is malleable and ductile, a good conductor of heat","'99.90574646"
"'236","'LINE","'and electricity and is used to make electric wires and in the manufacture of alloys.","'99.96512604"
"'236","'LINE","'The properties of nonmetals are opposite to that of metals. Some examples of","'99.93892670"
"'236","'LINE","'nonmetals are nitrogen, oxygen, phosphorous and chlorine.","'99.81382751"
"'236","'LINE","'Nitrogen constitutes about 80% by volume of atmospheric air. Nitrogen is","'99.93595123"
"'236","'LINE","'manufactured by the fractional distillation of liquefied air. Nitrogen is relatively","'99.93602753"
"'236","'LINE","'inert. However, its reactivity increases when heated and combined with metals of","'99.97613525"
"'236","'LINE","'group IA and IIA to form nitrides and with oxygen to form oxides like NO and","'99.83541870"
"'236","'LINE","'NO₂.","'75.73480988"
"'236","'LINE","'Phosphorus is manufactured by heating a mixture of rock phosphate, coke (carbon)","'99.89782715"
"'236","'LINE","'and silica in an electric furnace. Phosphorus has two common allotropes, white and","'99.94742584"
"'236","'LINE","'red phosphorus. White phosphorus is highly reactive, while red phosphorous is","'99.95421600"
"'236","'LINE","'230","'99.76562500"
"'237","'LINE","'Metals and Nonmetals","'99.74456787"
"'237","'LINE","'relatively stable. White phosphorus is stored under water. Phosphorus reacts with","'99.97766113"
"'237","'LINE","'oxygen and chlorine.","'99.96040344"
"'237","'LINE","'Oxygen makes up about 20% by volume of air. It is manufactured by the fractional","'99.83734131"
"'237","'LINE","'distillation of liquid air. Oxygen is the most abundant element in the earth's crust.","'99.94205475"
"'237","'LINE","'Sulphur exists in the elemental state in underground deposits from which it is","'99.94617462"
"'237","'LINE","'extracted by the Frasch process. Sulphur reacts with oxygen to form sulphur","'99.95030975"
"'237","'LINE","'dioxide and sulphur trioxide. Sulphur is used for the manufacture of sulphuric acid","'99.93209839"
"'237","'LINE","'by the Contact Process.","'99.95281982"
"'237","'LINE","'Chlorine is manufactured by the electrolysis of brine. Chlorine is a powerful","'99.41856384"
"'237","'LINE","'oxidizing agent and reacts with heated metals to form chlorides. Chlorine and","'99.95525360"
"'237","'LINE","'chlorine water are used to bleach colored materials and as disinfectant.","'99.90814209"
"'237","'LINE","'Review Exercises","'99.97070313"
"'237","'LINE","'Part I: Multiple choice questions. Choose the best answer from the given","'99.74008179"
"'237","'LINE","'alternatives","'99.72098541"
"'237","'LINE","'1.","'99.10654449"
"'237","'LINE","'Which one of the following metals is the most ductile?","'99.94451141"
"'237","'LINE","'a.","'98.71871185"
"'237","'LINE","'Aluminum","'99.96014404"
"'237","'LINE","'b. Copper","'99.89665985"
"'237","'LINE","'C.","'74.02284241"
"'237","'LINE","'Gold","'100.00000000"
"'237","'LINE","'d. Silver","'99.95605469"
"'237","'LINE","'2.","'99.97070313"
"'237","'LINE","'Which one of the following is the least dense?","'99.97386932"
"'237","'LINE","'a. Mercury","'99.32517242"
"'237","'LINE","'b. Gold","'99.93164063"
"'237","'LINE","'C. Sodium","'92.08415985"
"'237","'LINE","'d. Aluminum","'99.94589233"
"'237","'LINE","'3.","'99.95117188"
"'237","'LINE","'Which one of the following metals will not liberate hydrogen gas when treated","'99.99098969"
"'237","'LINE","'with dilute hydrochloric acid ?","'99.77458954"
"'237","'LINE","'a. Magnesium","'99.28451538"
"'237","'LINE","'b. Zinc","'99.92187500"
"'237","'LINE","'C. Copper","'87.22576141"
"'237","'LINE","'d. Iron","'99.87145233"
"'237","'LINE","'4.","'99.96093750"
"'237","'LINE","'Which one of the following metallic elements is most likely to be found as the","'99.96994781"
"'237","'LINE","'free metal in nature ?","'99.81397247"
"'237","'LINE","'a.","'98.73246002"
"'237","'LINE","'Ca","'93.43371582"
"'237","'LINE","'b. Au","'99.20360565"
"'237","'LINE","'C.","'74.30265808"
"'237","'LINE","'Al","'71.98919678"
"'237","'LINE","'d.","'99.92187500"
"'237","'LINE","'Fe","'99.92187500"
"'237","'LINE","'5.","'99.89257813"
"'237","'LINE","'What is the purpose of a converter in steel production?","'99.73960114"
"'237","'LINE","'a.","'99.05712128"
"'237","'LINE","'to reduce the iron in the ore to elemental iron","'99.94077301"
"'237","'LINE","'b.","'99.96093750"
"'237","'LINE","'to allow the addition of nitrogen for increased strength","'99.98788452"
"'237","'LINE","'C.","'80.16123199"
"'237","'LINE","'to allow slow solidification of the molten metal so it will purify as it","'98.46527863"
"'237","'LINE","'crystallizes","'99.39233398"
"'237","'LINE","'d.","'99.95117188"
"'237","'LINE","'to remove impurity elements by oxidation","'99.96868134"
"'237","'LINE","'6.","'99.89257813"
"'237","'LINE","'Which of the following is a non-renewable resource:","'99.86290741"
"'237","'LINE","'a.","'99.36702728"
"'237","'LINE","'soil","'99.93083954"
"'237","'LINE","'C.","'76.16709137"
"'237","'LINE","'petroleum","'99.84056091"
"'237","'LINE","'b.","'99.95117188"
"'237","'LINE","'water","'99.99023438"
"'237","'LINE","'d. plants","'99.97070313"
"'237","'LINE","'7.","'99.92107391"
"'237","'LINE","'Which of the following elements possess allotropes?","'99.92620087"
"'237","'LINE","'a. carbon","'99.66358185"
"'237","'LINE","'b. phosphorus","'99.91659546"
"'237","'LINE","'C. sulphur","'88.37312317"
"'237","'LINE","'d. all","'99.89706421"
"'237","'LINE","'8.","'99.97070313"
"'237","'LINE","'Which one is used as anode in the electrolytic refining of copper?","'99.93924713"
"'237","'LINE","'a.","'99.39712524"
"'237","'LINE","'Pure copper","'99.99023438"
"'237","'LINE","'C.","'78.42773438"
"'237","'LINE","'Impure copper","'99.95525360"
"'237","'LINE","'b.","'99.95117188"
"'237","'LINE","'Graphite rod","'99.93572998"
"'237","'LINE","'d.","'99.95117188"
"'237","'LINE","'Pure iron rod","'99.96093750"
"'237","'LINE","'231","'99.87304688"
"'238","'LINE","'Chemistry Grade 10","'99.93137360"
"'238","'LINE","'9.","'99.92187500"
"'238","'LINE","'Which of the following is not a use of nitrogen:","'99.58860779"
"'238","'LINE","'a.","'97.13568115"
"'238","'LINE","'making matches","'99.97030640"
"'238","'LINE","'C.","'63.41119385"
"'238","'LINE","'making fertilizers","'99.82102966"
"'238","'LINE","'b. production of ammonia","'99.95321655"
"'238","'LINE","'d.","'99.92187500"
"'238","'LINE","'as a refrigerant","'98.92451477"
"'238","'LINE","'10. The most abundant element in the earth's crust is:","'99.90423584"
"'238","'LINE","'a. Silicon","'99.56881714"
"'238","'LINE","'b. Iron","'99.83727264"
"'238","'LINE","'C. Oxygen","'89.61774445"
"'238","'LINE","'d. Aluminium","'99.88610077"
"'238","'LINE","'11. Which of the following elements is not found as a free element in nature:","'99.73812103"
"'238","'LINE","'a. Sulphur","'98.89688110"
"'238","'LINE","'b. Oxygen","'99.89138031"
"'238","'LINE","'C. Copper","'86.44441223"
"'238","'LINE","'d. Chlorine","'99.96093750"
"'238","'LINE","'12. Which of the statements about the extraction of iron in the blast furnace is true?","'99.94227600"
"'238","'LINE","'a.","'97.10399628"
"'238","'LINE","'limestone is added to combine with excess carbon dioxide","'99.95290375"
"'238","'LINE","'b.","'99.95117188"
"'238","'LINE","'a slag of iron oxide forms at the bottom of the furnace","'99.88704681"
"'238","'LINE","'C.","'82.46333313"
"'238","'LINE","'hot air is blown in at the top of the furnace","'99.94541168"
"'238","'LINE","'d.","'99.92187500"
"'238","'LINE","'carbon monoxide reduces iron (III) oxide to iron","'99.77120972"
"'238","'LINE","'13. Calcium oxide is added to a steel making furnace to:","'99.77368927"
"'238","'LINE","'a. oxidize basic oxides","'99.44316101"
"'238","'LINE","'b.","'99.95117188"
"'238","'LINE","'oxidize carbon to carbon dioxide","'99.95459747"
"'238","'LINE","'C.","'74.26279449"
"'238","'LINE","'react with acid impurities","'99.89078522"
"'238","'LINE","'d.","'99.95117188"
"'238","'LINE","'react with silicon to form silicon dioxide","'99.96756744"
"'238","'LINE","'Part II: Short answer questions.","'99.79348755"
"'238","'LINE","'Answer the following appropriately","'99.99023438"
"'238","'LINE","'14. You are given, a hammer, a battery, wires, bulb and a switch.","'99.49536133"
"'238","'LINE","'a.","'97.86132813"
"'238","'LINE","'How will you use them to distinguish between samples of metals and non-","'99.74594116"
"'238","'LINE","'metals","'100.00000000"
"'238","'LINE","'b.","'99.95117188"
"'238","'LINE","'Assess the usefulness of these tests to distinguish between metals and","'99.97485352"
"'238","'LINE","'nonmetals","'99.79093933"
"'238","'LINE","'15. In the electrolytic refining of a metal M what would you take as cathode, as the","'97.50604248"
"'238","'LINE","'anode and as the electrolyte ?","'99.56462860"
"'238","'LINE","'16. State two ways to prevent the rusting of iron.","'99.95890045"
"'238","'LINE","'17. Give reason for the following:","'99.94087219"
"'238","'LINE","'a.","'97.86132813"
"'238","'LINE","'Aluminum is a highly reactive metal, yet it is used for making cooking utensils","'99.85739136"
"'238","'LINE","'b.","'99.95117188"
"'238","'LINE","'You must have seen tarnished copper vessels being cleaned with lemon or","'99.95626831"
"'238","'LINE","'tarmarind juice","'99.80110168"
"'238","'LINE","'18. Explain why I₂ is solid, Br₂ is liquid, CI₂ and F2 are both gases at room temperature?","'93.18425751"
"'238","'LINE","'19. Which one of Cu, Ag and Au is most malleable?","'99.76207733"
"'238","'LINE","'20. Which one of Fe, Ag and Pb is the best conductor of heat?","'99.93165588"
"'238","'LINE","'21. Name a metal and a nonmetal existing in liquid state at room temperature","'99.75064850"
"'238","'LINE","'22. Why is limestone added to the blast furnace?","'99.86215210"
"'238","'LINE","'23. Compare and contrast the Bessemer and open hearth processes.","'99.96045685"
"'238","'LINE","'24. Describe the advantages of using steel alloys instead of pure iron.","'99.95227051"
"'238","'LINE","'232","'99.89257813"
"'239","'LINE","'Metals and Nonmetals","'99.76084137"
"'239","'LINE","'25. Write balanced chemical equations for the given reactions, which take place in","'99.97703552"
"'239","'LINE","'the blast furnace during the extraction of iron:","'99.99003601"
"'239","'LINE","'a.","'98.87815094"
"'239","'LINE","'The reaction of iron (III) oxide with carbon monoxide.","'99.79961395"
"'239","'LINE","'b.","'99.97070313"
"'239","'LINE","'The reaction of calcium oxide with silicon (IV) oxide","'99.97694397"
"'239","'LINE","'Part III: Fill in the blank spaces","'99.93200684"
"'239","'LINE","'26. Gold can be hammered in to sheets. Therefore, it is","'99.97676849"
"'239","'LINE","'. (malleable/","'91.95521545"
"'239","'LINE","'ductile)","'99.83079529"
"'239","'LINE","'27. Copper is used in electrical appliances because it is good conductor of electricity","'99.97535706"
"'239","'LINE","'and","'100.00000000"
"'239","'LINE","'. (ductile/brittle)","'90.07384491"
"'239","'LINE","'28. Copper can displace","'99.97782898"
"'239","'LINE","'from its salt solution. (Zinc/silver/iron)","'99.48178864"
"'239","'LINE","'29. The purest form of iron is known as","'99.97929382"
"'239","'LINE","'30. Aluminum metal is extracted by electrolysis from the mineral","'99.98023224"
"'239","'LINE","'233","'99.81445313"
"'240","'LINE","'UNIT","'98.40820313"
"'240","'LINE","'6","'87.89889526"
"'240","'LINE","'HYDROCARBONS AND THEIR NATURAL SOURCES","'93.01689911"
"'240","'LINE","'Unit Outcomes","'99.98046875"
"'240","'LINE","'At the end of this unit, you will be able to","'99.91442871"
"'240","'LINE","'discuss the historical development of organic chemistry;","'100.00000000"
"'240","'LINE","'classify organic compounds;","'99.98671722"
"'240","'LINE","'write the general formula of alkanes, alkenes and alkynes;","'100.00000000"
"'240","'LINE","'name simple alkanes, branched-chain alkanes, simple alkenes, branched-","'99.94456482"
"'240","'LINE","'chain alkenes and simple alkynes;","'100.00000000"
"'240","'LINE","'write the molecular and structural formula of simple alkanes, branched","'99.99600983"
"'240","'LINE","'chain alkanes, simple alkenes, branched chain alkenes and simple alkynes;","'100.00000000"
"'240","'LINE","'explain isomerism;","'99.98535156"
"'240","'LINE","'draw the possible isomers of alkanes, alkenes, and alkynes;","'99.99557495"
"'240","'LINE","'explain the physical and chemical properties; and the general methods","'100.00000000"
"'240","'LINE","'of the preparation of alkanes; alkenes, alkynes, and benzene;","'100.00000000"
"'240","'LINE","'list the major natural sources of hydrocarbons;","'99.97594452"
"'240","'LINE","'demonstrate scientific inquiry skills: observing, classifying, communicating,","'99.93457031"
"'240","'LINE","'measuring, asking questions, interpreting data, drawing conclusions,","'99.97152710"
"'240","'LINE","'applying concepts, predicting and problem-solving.","'99.97023010"
"'241","'LINE","'Hydrocarbons and their Natural Sources","'99.98242188"
"'241","'LINE","'6.1","'99.69726563"
"'241","'LINE","'Introduction","'99.99023438"
"'241","'LINE","'Start-up Activity","'99.68261719"
"'241","'LINE","'1. Consider the common say,-""The Kingdom of Heaven","'98.54628754"
"'241","'LINE","'Runs on Righteousness, but the Kingdom of Earth Runs","'99.94864655"
"'241","'LINE","'on Alkanes"". Argue for and/or against this say!","'99.32315826"
"'241","'LINE","'2. What sort of materials do you use as a source of","'99.41069031"
"'241","'LINE","'energy to cook your food or for transport? Do you","'99.72634125"
"'241","'LINE","'know the chemical components of gasoline or diesel","'99.97670746"
"'241","'LINE","'oil ('naphtha') that people use for automobiles,","'98.48555756"
"'241","'LINE","''bajaj' or a motorbike? How is it obtained?","'96.64839172"
"'241","'LINE","'3. Have you encountered a biogas plant in your area?","'99.44170380"
"'241","'LINE","'What is its use? How does it work?","'99.94213104"
"'241","'LINE","'4. Discuss the socio-economic impacts of plants as a","'99.72609711"
"'241","'LINE","'source of chemicals used in traditional medicine and","'99.94813538"
"'241","'LINE","'doping.","'99.95037079"
"'241","'LINE","'5. Can you define organic chemistry or organic","'99.59091187"
"'241","'LINE","'compounds? What about the hydrocarbons?","'99.98812103"
"'241","'LINE","'The hydrocarbons that you are going to study in this unit are a class of organic","'99.76693726"
"'241","'LINE","'compounds. But, what are organic compounds and organic chemistry? The answers to","'99.92732239"
"'241","'LINE","'these questions are all around you.","'99.88908386"
"'241","'LINE","'Most of the foodstuff that we consume every day such as fruits, vegetables, sugar,","'99.92440033"
"'241","'LINE","'fats, starch, and vinegar are basically organic compounds. Similarly, substances","'99.92337036"
"'241","'LINE","'such as pesticides, herbicides, fuels, dry cleaning chemicals, soaps and detergents,","'99.86362457"
"'241","'LINE","'pharmaceuticals, alcoholic beverages, etc. are also organic compounds. Every living","'99.89961243"
"'241","'LINE","'organism is made of organic compounds. A large number of organic compounds","'98.76542664"
"'241","'LINE","'have been isolated and identified from plants and animals. The organic compounds","'99.98759460"
"'241","'LINE","'that are synthesised by living organisms are called natural products. Although plants","'99.96630096"
"'241","'LINE","'have principally been used as a source of useful organic compounds such as those in","'99.83799744"
"'241","'LINE","'traditional medicine, they also provide some organic compounds that are considered","'99.96302032"
"'241","'LINE","'drugs of abuse because they lead to addiction and have negative socio-economic","'99.93070984"
"'241","'LINE","'effects. Psychotropic plant chemicals such as nicotine from tobacco plant, cathinone from","'99.87347412"
"'241","'LINE","'Chat (khat); from Catha edulis; opium (morphine) from poppy plant and cocaine from","'99.94799805"
"'241","'LINE","'coca leaf are some examples. Some of these drugs are also used in doping. Doping","'99.65026093"
"'241","'LINE","'is the misuse of certain substances and methods to enhance sporting performance and","'99.95726013"
"'241","'LINE","'stamina. Although these compounds are perceived as useful to boost zealous, increase","'99.90772247"
"'241","'LINE","'energy, and decrease fatigue, they have serious side effects such as personality","'99.93552399"
"'241","'LINE","'disorder, low productivity, increased accidents, reduction of competitiveness, inability","'99.82176208"
"'241","'LINE","'to cope with tasks that require higher-level judgment and fine motor skills.","'99.82468414"
"'241","'LINE","'235","'99.96093750"
"'242","'LINE","'Chemistry Grade 10","'99.89556885"
"'242","'LINE","'6.1.1 History of Organic Chemistry","'99.15023041"
"'242","'LINE","'At the end of this section, students will be able to narrate the historical development","'99.96642303"
"'242","'LINE","'of organic chemistry.","'99.95715332"
"'242","'LINE","'The science of organic chemistry began to flourish with the demise of a nineteenth-","'99.83194733"
"'242","'LINE","'century theory called Vitalism. According to Vitalism theory, organic compounds were","'99.94689941"
"'242","'LINE","'only those that came from living organisms, and only living things could synthesize","'99.97328186"
"'242","'LINE","'organic compounds through the intervention of a vital force. Inorganic compounds","'99.87648773"
"'242","'LINE","'were considered those compounds that came from non-living sources. The German","'99.94843292"
"'242","'LINE","'chemist Friedrich Wöhler, however, discovered in 1828 that an organic compound","'99.89616394"
"'242","'LINE","'called urea (a constituent of urine) could be synthesized in the laboratory by","'99.86645508"
"'242","'LINE","'evaporating an aqueous solution of the inorganic compound ammonium cyanate. With","'99.93698883"
"'242","'LINE","'this discovery, the synthesis of an organic compound began the evolution of organic","'99.97809601"
"'242","'LINE","'chemistry as a scientific discipline. Since Wohler's discovery, chemists have developed","'99.83957672"
"'242","'LINE","'a remarkably sophisticated ability to design and synthesize new organic compounds","'99.84452820"
"'242","'LINE","'in the laboratory-medicines, dyes, polymers, and a host of other substances that are","'99.79718018"
"'242","'LINE","'helpful to society.","'99.92811584"
"'242","'LINE","'Heat","'99.77539063"
"'242","'LINE","'NH4 OCN","'66.01218414"
"'242","'LINE","'H2N","'88.35578918"
"'242","'LINE","'NH2","'88.76116180"
"'242","'LINE","'Ammonium cyanate","'99.87673187"
"'242","'LINE","'Urea","'99.93164063"
"'242","'LINE","'To date, over 50 million organic compounds are known. The list included organic","'99.65546417"
"'242","'LINE","'compounds isolated from natural sources and also those which were synthesized in","'99.97118378"
"'242","'LINE","'the laboratories. All of the organic compounds whether of synthetic or natural origin","'99.94517517"
"'242","'LINE","'contain the element carbon. Therefore, organic chemistry, today, is defined as the study","'99.91500854"
"'242","'LINE","'of carbon compounds except the oxides of carbon, carbonates, hydrogen carbonates,","'99.95407104"
"'242","'LINE","'cyanides and cyanates. But why is carbon special? If you have a look at the periodic","'99.77719879"
"'242","'LINE","'table, you will see over a hundred elements listed there. The question that comes to","'99.53028870"
"'242","'LINE","'mind is this: why should an entire field of chemistry be based on the chemistry of","'99.97238159"
"'242","'LINE","'compounds that contain this specific element, carbon?","'99.94317627"
"'242","'LINE","'The reason is linked to the unique property of carbon called catenation. Catenation is","'99.94205475"
"'242","'LINE","'the ability of atoms of the same element to join together to form short or long chains","'99.94606018"
"'242","'LINE","'and rings. Carbon atoms can form strong covalent bonds to one another to form rings","'99.94261169"
"'242","'LINE","'and chains of carbon atoms. And also they can form strong bonds to elements such","'99.97966003"
"'242","'LINE","'as hydrogen, nitrogen, oxygen, and sulfur. Because of these bond-forming properties,","'99.84858704"
"'242","'LINE","'carbon can be the basis for the huge diversity of compounds. A few other elements","'99.41836548"
"'242","'LINE","'like sulphur, silicon and boron show this behavior, but to a much lesser extent.","'99.93433380"
"'242","'LINE","'236","'99.80468750"
"'243","'LINE","'Hydrocarbons and their Natural Sources","'99.97851563"
"'243","'LINE","'Form a group, discuss on the answers for the questions","'99.79946899"
"'243","'LINE","'under this activity, and present your conclusions to the","'99.95480347"
"'243","'LINE","'class.","'100.00000000"
"'243","'LINE","'1. Despite the demise of vitalism in science, the word","'99.91065216"
"'243","'LINE","''organic' is still used today by some people as","'99.86892700"
"'243","'LINE","'?","'89.39941406"
"'243","'LINE","''organic vitamins', 'organic fertilizers', or 'organic","'98.39637756"
"'243","'LINE","'food.' What do you understand from these terms?","'99.42853546"
"'243","'LINE","'Is pure 'natural vitamin C from orange juice', for","'94.94973755"
"'243","'LINE","'example, healthier than pure 'synthetic vitamin C';","'99.54534149"
"'243","'LINE","'or both are important? Discuss!","'99.76976776"
"'243","'LINE","'Activity 6.1","'99.60937500"
"'243","'LINE","'6.1.2 Structural Representations of Organic Molecules","'99.62863922"
"'243","'LINE","'Before we proceed to the main topic of this unit-the hydrocarbons, we shall briefly","'99.91921234"
"'243","'LINE","'review the bonding concept. Recall from your Grade 9 that carbon has four valence","'99.96134949"
"'243","'LINE","'electrons and it can form four covalent bonds with other atoms. You also studied Lewis","'99.95330048"
"'243","'LINE","'structure- a representation of covalent bonding in which shared electron pairs of","'99.83953094"
"'243","'LINE","'covalent bonds are shown as pairs of dots or lines between two atoms and lone pairs","'99.94020081"
"'243","'LINE","'are shown as pairs of dots on individual atoms. However, as the size of the compound","'99.96215820"
"'243","'LINE","'increases, it becomes difficult to portray the structure of molecules with the use of","'99.88383484"
"'243","'LINE","'Lewis structure. This is why scientists have developed other structural representations","'99.95680237"
"'243","'LINE","'including structural formula, condensed structural formula, bond-line representation,","'99.87755585"
"'243","'LINE","'and polygon formula. Let US take a look at these structures.","'99.67044830"
"'243","'LINE","'a. Complete Structural Formula","'99.47140503"
"'243","'LINE","'Complete Structural formula is obtained by representing the two-electron covalent","'99.93303680"
"'243","'LINE","'bond by a single dash. A single dash represents a single bond, a double dash","'98.78980255"
"'243","'LINE","'represents a double bond and a triple dash represents a triple bond. Lone pairs of","'99.55409241"
"'243","'LINE","'electrons on heteroatoms such as oxygen, halogens and more, may or may not be","'99.91579437"
"'243","'LINE","'shown. Methane (CH₄), for instance, contains one carbon atom and four hydrogen","'97.24972534"
"'243","'LINE","'atoms. The carbon atom contributes its 4 valence electrons and the four hydrogen","'99.95050049"
"'243","'LINE","'atoms contribute four electrons (each H atom contributes one electron). Therefore, the","'99.63365936"
"'243","'LINE","'Lewis structures for a methane molecule having 4 + 4 = 8 electrons is drawn following","'99.27143097"
"'243","'LINE","'the rule (see your grade 9 lesson) as:","'99.91415405"
"'243","'LINE","'H","'97.85255432"
"'243","'LINE","'H","'87.24987793"
"'243","'LINE","'H : C: H","'90.80741119"
"'243","'LINE","'H-C-H","'90.69403076"
"'243","'LINE","'H","'92.50139618"
"'243","'LINE","'H","'98.23023224"
"'243","'LINE","'Methane","'99.96014404"
"'243","'LINE","'Methane","'99.96014404"
"'243","'LINE","'Lewis Formula","'99.95077515"
"'243","'LINE","'Structural Formula","'99.95077515"
"'243","'LINE","'237","'99.87304688"
"'244","'LINE","'Chemistry Grade 10","'99.92459869"
"'244","'LINE","'b. Condensed Structural Formula","'99.94325256"
"'244","'LINE","'The condensed structural formula is an abbreviated form of structural formula. It is","'99.90775299"
"'244","'LINE","'obtained by omitting some or all the dashes that represent covalent bonds. Hexane","'99.95337677"
"'244","'LINE","'(C₆H₁₄) can be represented by the structural formula or the condensed structural","'98.81460571"
"'244","'LINE","'formula as shown below.","'99.94589233"
"'244","'LINE","'H","'91.56031036"
"'244","'LINE","'H","'97.87248993"
"'244","'LINE","'H","'97.89919281"
"'244","'LINE","'H","'96.63166046"
"'244","'LINE","'H","'97.35430908"
"'244","'LINE","'H","'96.52243805"
"'244","'LINE","'H","'97.44558716"
"'244","'LINE","'C","'94.56851959"
"'244","'LINE","'C","'95.94228363"
"'244","'LINE","'C","'95.74777222"
"'244","'LINE","'C","'94.78934479"
"'244","'LINE","'C","'95.20507813"
"'244","'LINE","'C","'96.29763031"
"'244","'LINE","'H","'85.65559387"
"'244","'LINE","'CH₃CH₂CH₂CH₂CH₂CH₃","'58.27427673"
"'244","'LINE","'H","'97.92092133"
"'244","'LINE","'H","'98.65972137"
"'244","'LINE","'H","'99.18626404"
"'244","'LINE","'H","'98.43450928"
"'244","'LINE","'H","'99.08940887"
"'244","'LINE","'H","'96.76279449"
"'244","'LINE","'Structural Formula","'99.93083954"
"'244","'LINE","'Condesed Structural Formula","'99.95389557"
"'244","'LINE","'The condensed structural formula can further be condensed by putting identical","'99.96479797"
"'244","'LINE","'repetitive units in parenthesis and indicating their repetition using subscripts. For","'99.96657562"
"'244","'LINE","'example, we can further condense CH₃CH₂CH₂CH₂CH₂CH₃ to CH₃(CH₂)₄CH₃.","'84.38885498"
"'244","'LINE","'C. Bond-Line Structural Representation","'89.33170319"
"'244","'LINE","'In a bond-line structural representation, carbon and hydrogen atoms are not shown","'99.64360809"
"'244","'LINE","'but are understood to be there based on the fact that each carbon forms 4 covalent","'99.96806335"
"'244","'LINE","'bonds. The lines representing carbon-carbon bonds are drawn in a zig-zag fashion as","'99.83307648"
"'244","'LINE","'exemplified by the bond-line structure for hexane and hexyl bromide:","'99.94182587"
"'244","'LINE","'Br","'99.17889404"
"'244","'LINE","'C₆H₁₄, hexane","'81.89004517"
"'244","'LINE","'C₆H₁₃Br, hexyl bromide","'91.29477692"
"'244","'LINE","'Only heteroatoms need to be indicated in bond line representation. The terminals","'99.94874573"
"'244","'LINE","'in the bond-line structures denote methyl (CH₃) groups unless indicated otherwise","'98.74369812"
"'244","'LINE","'by a functional group, while the line junctions denote carbon atoms bonded to an","'99.90725708"
"'244","'LINE","'appropriate number of hydrogen atoms required to satisfy the valency of the carbon","'99.98260498"
"'244","'LINE","'atoms. Note that in hexyl bromide one of the hydrogens in the terminal CH₃ on one","'98.02724457"
"'244","'LINE","'side of the structure is replaced Br leaving a CH₂Br group.","'97.82976532"
"'244","'LINE","'d.","'99.85271454"
"'244","'LINE","'Polygon Formula","'99.96054077"
"'244","'LINE","'There are many organic compounds, in which carbon atoms are not joined in a chain,","'99.92628479"
"'244","'LINE","'but rather are joined in a ring. These cyclic compounds are usually represented by","'99.57216644"
"'244","'LINE","'polygon using bond-lines without showing carbon and hydrogen atoms. The corners","'99.98668671"
"'244","'LINE","'of a polygon represent a carbon atom and the sides of a polygon denote a carbon-","'99.74271393"
"'244","'LINE","'carbon bond. Similarly, if an atom or a group of atoms other than hydrogen is","'99.91310883"
"'244","'LINE","'attached to carbon, then that atom or a group of atoms manifest in this structure.","'99.88626862"
"'244","'LINE","'As example, cyclopentane (C₅H₁₀), cyclopentanol (C₅H₁₀), cyclohexane (C₆H₁₂), and","'91.09058380"
"'244","'LINE","'bromocyclohexane (C₆H₁,Br) are depicted below:","'86.55982971"
"'244","'LINE","'238","'99.71679688"
"'245","'LINE","'Hydrocarbons and their Natural Sources","'99.98632813"
"'245","'LINE","'Br","'99.56791687"
"'245","'LINE","'OH","'80.56222534"
"'245","'LINE","'cyclopentane","'99.77140808"
"'245","'LINE","'cyclopentanol","'99.72098541"
"'245","'LINE","'cyclohexane","'99.56314087"
"'245","'LINE","'bromocyclohexane","'99.76243591"
"'245","'LINE","'6.1.3 Classes of Organic Compounds","'99.49593353"
"'245","'LINE","'At the end of this section, students will be able to","'99.97410583"
"'245","'LINE","'classify organic compounds;","'99.95688629"
"'245","'LINE","'define the term functional group.","'99.97428894"
"'245","'LINE","'Form a group, discuss on the following activity and","'99.84335327"
"'245","'LINE","'present your responses to the class.","'99.97694397"
"'245","'LINE","'You are familiar with a classification in chemistry as","'99.68679047"
"'245","'LINE","'well as biology. For instance, you have studied that","'99.74582672"
"'245","'LINE","'the elements in periodic table are classified as metals,","'99.95207977"
"'245","'LINE","'?","'93.62304688"
"'245","'LINE","'non-metals, and metalloids. What is the purpose","'99.95188141"
"'245","'LINE","'of classification? Why don't we deal with individual","'99.96176147"
"'245","'LINE","'entities? What is the basis of classification? Why do","'99.94594574"
"'245","'LINE","'you think we should classify organic compounds and","'99.80709839"
"'245","'LINE","'Activity 6.2","'99.66189575"
"'245","'LINE","'how?","'99.96093750"
"'245","'LINE","'We have noted in section 6.1 about the unique properties of carbon giving rise to a","'99.82069397"
"'245","'LINE","'very vast number of organic compounds known. Indeed, more and more are being","'99.97496796"
"'245","'LINE","'added to the list each day. Each of these compounds has its own physical properties,","'99.97824860"
"'245","'LINE","'such as melting point and boiling point, and each has its own chemical reactivity.","'99.96065521"
"'245","'LINE","'Chemists have learned through years of experience that organic compounds can","'99.96775055"
"'245","'LINE","'be classified into families according to their structural features that are responsible","'99.94705200"
"'245","'LINE","'for their properties so that members of a given family often have similar chemical","'98.42169952"
"'245","'LINE","'behavior.","'99.95037079"
"'245","'LINE","'Thus, instead of having 50 millions of compounds with random reactivity, it is better","'99.96687317"
"'245","'LINE","'to have a few dozen families of organic compounds whose chemistry is reasonably","'99.86032104"
"'245","'LINE","'predictable. The structural features that make it possible to classify compounds into","'99.91885376"
"'245","'LINE","'families are called functional groups.","'99.93849182"
"'245","'LINE","'Functional Groups","'99.99023438"
"'245","'LINE","'A functional group is a group of atoms and/or bonds within a molecule that has","'98.30329132"
"'245","'LINE","'a characteristic chemical behavior. Chemically, a given functional group behaves in","'99.66541290"
"'245","'LINE","'nearly the same way in every molecule it's a part of. Table 6.1 lists the common","'99.89036560"
"'245","'LINE","'functional groups of hydrocarbons, name ending, and specific examples. It also gives","'99.88401031"
"'245","'LINE","'239","'99.89257813"
"'246","'LINE","'Chemistry Grade 10","'99.93761444"
"'246","'LINE","'simple examples of their occurrence. The functional group of an alkene, for example,","'99.96333313"
"'246","'LINE","'is its carbon-carbon double bond. The functional group of an alkyne is its carbon-","'99.59494019"
"'246","'LINE","'carbon triple bond. Alkanes do not have a functional group. Their molecules have","'99.85319519"
"'246","'LINE","'carbon-carbon and carbon-hydrogen single bonds only, but these bonds do present","'99.80497742"
"'246","'LINE","'in molecules of almost all organic compounds. In addition, C-C and C-H bonds are, in","'99.70382690"
"'246","'LINE","'general, much less reactive than common functional groups.","'99.97142792"
"'246","'LINE","'Table 6.1 Some classes of organic compounds, their functional groups, name ending,","'99.85597229"
"'246","'LINE","'and examples.","'99.96014404"
"'246","'LINE","'Organic compound","'99.98046875"
"'246","'LINE","'Functional group","'99.98046875"
"'246","'LINE","'Name ending","'99.97070313"
"'246","'LINE","'Example","'99.99023438"
"'246","'LINE","'Alkane","'100.00000000"
"'246","'LINE","'-","'94.03001404"
"'246","'LINE","'-ane","'98.88771820"
"'246","'LINE","'CH₃-CH₃","'74.84434509"
"'246","'LINE","'Ethane","'99.91131592"
"'246","'LINE","'Alkene","'100.00000000"
"'246","'LINE","'-ene","'99.18466949"
"'246","'LINE","'H2C=CH2","'70.17438507"
"'246","'LINE","'Ethene","'99.89178467"
"'246","'LINE","'C","'94.72476959"
"'246","'LINE","'C","'88.81955719"
"'246","'LINE","'Alkyne","'99.89257813"
"'246","'LINE","'-yne","'98.89847565"
"'246","'LINE","'+0","'20.56834984"
"'246","'LINE","'C","'94.54180908"
"'246","'LINE","'C","'94.29388428"
"'246","'LINE","'Ethyne","'99.91131592"
"'246","'LINE","'Aromatic","'99.99023438"
"'246","'LINE","'None","'100.00000000"
"'246","'LINE","'benzene","'99.72257996"
"'246","'LINE","'6.2 Saturated Hydrocarbons: Alkanes (CH2n+2)","'85.98612976"
"'246","'LINE","'At the end of this section, students will be able to","'99.98114014"
"'246","'LINE","'define hydrocarbon;","'99.97518921"
"'246","'LINE","'define saturated hydrocarbon;","'99.98345947"
"'246","'LINE","'define homologous series;","'99.98671722"
"'246","'LINE","'drive the general formula of alkanes from based on the number of hydrogen and","'99.97727966"
"'246","'LINE","'carbon;","'99.96014404"
"'246","'LINE","'write the first ten members of alkanes homologous series;","'99.96908569"
"'246","'LINE","'write the molecular formulas of alkanes from the given numbers of carbon atom.","'99.97778320"
"'246","'LINE","'240","'99.88281250"
"'247","'LINE","'Hydrocarbons and their Natural Sources","'99.96663666"
"'247","'LINE","'In unit 2, you have classified a solution as saturated,","'99.39044952"
"'247","'LINE","'unsaturated, or supersaturated based on the amount","'99.92933655"
"'247","'LINE","'of solute it contains relative to the maximum dissolving","'99.97278595"
"'247","'LINE","'capacity of the solvent. In grade 9, you also studied","'99.77913666"
"'247","'LINE","'that the valence of carbon is 4; meaning the maximum","'99.96175385"
"'247","'LINE","'number of atoms that carbon can form bonds to is 4.","'99.97425842"
"'247","'LINE","'Based on this analysis, can you classify the following","'99.75459290"
"'247","'LINE","'?","'95.73162079"
"'247","'LINE","'compounds as saturated and unsaturated?","'99.84980774"
"'247","'LINE","'H","'96.30959320"
"'247","'LINE","'H","'85.44184875"
"'247","'LINE","'H","'89.58545685"
"'247","'LINE","'H","'86.46305084"
"'247","'LINE","'H","'92.83561707"
"'247","'LINE","'H-C-H","'91.12611389"
"'247","'LINE","'H-C-C-H","'80.61989594"
"'247","'LINE","'C=C","'44.87671280"
"'247","'LINE","'H-CEC-H","'31.22935295"
"'247","'LINE","'I","'75.43725586"
"'247","'LINE","'H","'93.12599945"
"'247","'LINE","'H","'92.16577148"
"'247","'LINE","'H","'85.32186890"
"'247","'LINE","'H H","'87.92251587"
"'247","'LINE","'Activity 6.3","'99.71928406"
"'247","'LINE","'I.","'91.12165070"
"'247","'LINE","'II.","'98.17443085"
"'247","'LINE","'III.","'98.15390015"
"'247","'LINE","'IV.","'99.83318329"
"'247","'LINE","'Compounds that contain only carbon and hydrogen atoms are called hydrocarbons.","'99.96945190"
"'247","'LINE","'Hydrocarbons may be classified as aliphatic (""fat-like"") or aromatic (Figure 6.1A).","'98.10093689"
"'247","'LINE","'Aliphatic hydrocarbons exhibit a ""fat-like"" behavior. This includes alkane, alkene,","'99.58609772"
"'247","'LINE","'alkyne, or their derivatives. Aromatic hydrocarbons are those hydrocarbons that","'99.95753479"
"'247","'LINE","'contain a low hydrogen-to-carbon ratio. Benzene (C₆H₆), for instance, is a typical","'96.84179688"
"'247","'LINE","'aromatic hydrocarbon having a ratio of number of hydrogen atoms to number of","'99.79124451"
"'247","'LINE","'carbon atoms only 1.","'99.78964233"
"'247","'LINE","'Hydrocarbons","'99.96093750"
"'247","'LINE","'B","'88.04129028"
"'247","'LINE","'Hydrocarbons","'99.96093750"
"'247","'LINE","'A","'98.75817108"
"'247","'LINE","'Aliphatic","'99.99023438"
"'247","'LINE","'Aromatic","'99.99023438"
"'247","'LINE","'Saturated","'99.97070313"
"'247","'LINE","'Unsaturated","'99.97070313"
"'247","'LINE","'Alkanes","'99.80468750"
"'247","'LINE","'Alkenes","'99.85271454"
"'247","'LINE","'Alkynes","'99.80468750"
"'247","'LINE","'Alkanes","'99.83398438"
"'247","'LINE","'Alkenes","'99.71520233"
"'247","'LINE","'Alkynes","'99.68590546"
"'247","'LINE","'Aromatic","'99.83398438"
"'247","'LINE","'Acyclic/","'99.51351166"
"'247","'LINE","'Alicyclic/","'99.81285858"
"'247","'LINE","'Acyclic/","'99.45412445"
"'247","'LINE","'Alicyclic/","'99.79332733"
"'247","'LINE","'Acyclic","'99.61196899"
"'247","'LINE","'Alicyclic/","'99.77379608"
"'247","'LINE","'Acyclic/","'99.49398041"
"'247","'LINE","'Alicyclic/","'99.87304688"
"'247","'LINE","'open","'99.92107391"
"'247","'LINE","'Cycloalkanes","'99.83159637"
"'247","'LINE","'open","'99.93083954"
"'247","'LINE","'cycloalkenes","'99.89178467"
"'247","'LINE","'/open","'99.83159637"
"'247","'LINE","'Cycloalkanes","'99.93164063"
"'247","'LINE","'open","'99.93083954"
"'247","'LINE","'cycloalkenes","'99.87145233"
"'247","'LINE","'chain","'99.97070313"
"'247","'LINE","'chain","'99.97070313"
"'247","'LINE","'chain","'99.97070313"
"'247","'LINE","'chain","'99.97070313"
"'247","'LINE","'Figure 6.1 Classification of hydrocarbons, A as aliphatic and aromatic and B as","'98.70737457"
"'247","'LINE","'saturated and unsuturated.","'99.80774689"
"'247","'LINE","'Hydrocarbons may also be classified as suturated and unsaturated. Generally","'99.94158936"
"'247","'LINE","'speaking, compounds such as alkanes (e.g. methane, CH₄), whose molecules contain","'98.16248322"
"'247","'LINE","'only single bonds are referred to as saturated compounds. Because they contain the","'99.93979645"
"'247","'LINE","'maximum number of hydrogen atoms per carbon atoms that the carbon compound","'99.99186707"
"'247","'LINE","'can possess. Remember from Grade 9 that the valency of carbon is 4. This means","'99.96674347"
"'247","'LINE","'C can form a maximum of 4 covalent bonds with 4 hydrogen atoms because each","'96.69036865"
"'247","'LINE","'hydrogen can form only one (valency of H is 1). Compounds with multiple bonds, such","'99.35025024"
"'247","'LINE","'as alkenes (e.g. ethylene), alkynes (e.g. acetylene), and aromatic hydrocarbons (e.g.","'99.86856842"
"'247","'LINE","'benzene), are called unsaturated compounds because they possess fewer than the","'99.96220398"
"'247","'LINE","'maximum number of hydrogen atoms per carbon, and they are capable of reacting","'99.97647095"
"'247","'LINE","'with hydrogen under proper conditions. Let's begin with saturated compounds!","'99.92743683"
"'247","'LINE","'241","'99.95117188"
"'248","'LINE","'Chemistry Grade 10","'99.91483307"
"'248","'LINE","'Alkanes","'99.96014404"
"'248","'LINE","'Structures I and Il in Activity 6.3 represent methane and ethane, respectively, the","'95.89752960"
"'248","'LINE","'typical alkanes. Alkanes are often described as saturated hydrocarbons: hydrocarbons","'99.95182800"
"'248","'LINE","'because they contain only carbon and hydrogen; saturated because they contain the","'99.98759460"
"'248","'LINE","'maximum possible number of hydrogens per carbon. Alkanes are also occasionally","'99.97663116"
"'248","'LINE","'called aliphatic compounds, a name derived from the Greek aleiphas, meaning ""fat.""","'99.73731232"
"'248","'LINE","'Alkanes can be unbranched (normal) or branched. Table 6.2 lists the common names","'99.96138000"
"'248","'LINE","'and formulae of some members of the unbranched alkane family.","'99.96022034"
"'248","'LINE","'Table 6.2 Some members of the unbranched alkane family.","'99.96166992"
"'248","'LINE","'Name","'100.00000000"
"'248","'LINE","'No","'99.91051483"
"'248","'LINE","'Structure","'99.96014404"
"'248","'LINE","'Molecular","'99.96014404"
"'248","'LINE","'Name","'100.00000000"
"'248","'LINE","'No","'99.93083954"
"'248","'LINE","'Molecular","'99.96014404"
"'248","'LINE","'of C","'78.99234772"
"'248","'LINE","'formula","'99.92028046"
"'248","'LINE","'of C","'73.68622589"
"'248","'LINE","'formula","'99.92028046"
"'248","'LINE","'atoms","'99.99023438"
"'248","'LINE","'atoms","'99.99023438"
"'248","'LINE","'Methane","'99.88042450"
"'248","'LINE","'1","'98.99015808"
"'248","'LINE","'CH₄","'92.13807678"
"'248","'LINE","'CH₄","'90.42909241"
"'248","'LINE","'Undecane","'99.99023438"
"'248","'LINE","'11","'98.68841553"
"'248","'LINE","'Ethane","'99.95037079"
"'248","'LINE","'2","'99.87304688"
"'248","'LINE","'CH₃CH₃","'56.53758621"
"'248","'LINE","'C2H₆","'54.28013229"
"'248","'LINE","'Dodecane","'99.95037079"
"'248","'LINE","'12","'99.64843750"
"'248","'LINE","'Propane","'99.95037079"
"'248","'LINE","'3","'99.85271454"
"'248","'LINE","'CH₃CH₂CH₃","'61.57505417"
"'248","'LINE","'C₃H₈","'74.90892029"
"'248","'LINE","'Tridecane","'99.91051483"
"'248","'LINE","'13","'99.83398438"
"'248","'LINE","'Butane","'99.95037079"
"'248","'LINE","'4","'99.84215546"
"'248","'LINE","'CH₃(CH₂)₂CH₃","'73.21688080"
"'248","'LINE","'C₄H₁₀","'87.61479950"
"'248","'LINE","'Tetradecane","'99.73154449"
"'248","'LINE","'14","'99.76562500"
"'248","'LINE","'Pentane","'99.95037079"
"'248","'LINE","'5","'99.88281250"
"'248","'LINE","'CH₃(CH₂)₃CH₃","'46.82258224"
"'248","'LINE","'C₅H₁₂","'91.06285858"
"'248","'LINE","'Pentadecane","'99.47206116"
"'248","'LINE","'15","'99.83318329"
"'248","'LINE","'Hexane","'99.93083954"
"'248","'LINE","'6","'99.83238983"
"'248","'LINE","'CH₃(CH₂)₄CH₃","'49.28312302"
"'248","'LINE","'C₆H₁₄","'83.54212952"
"'248","'LINE","'Hexadecane","'99.69168091"
"'248","'LINE","'16","'99.80468750"
"'248","'LINE","'Heptane","'99.91051483"
"'248","'LINE","'7","'99.54021454"
"'248","'LINE","'CH₃(CH₂)₅CH₃","'53.97560501"
"'248","'LINE","'C₇H₁₆","'94.06031036"
"'248","'LINE","'Heptadecane","'99.57210541"
"'248","'LINE","'17","'99.75585938"
"'248","'LINE","'Octane","'99.95037079"
"'248","'LINE","'8","'99.84375000"
"'248","'LINE","'CH₃(CH₂)₆CH₃","'63.76374817"
"'248","'LINE","'C₈H₁₈","'90.96321106"
"'248","'LINE","'Octadecane","'99.95037079"
"'248","'LINE","'18","'99.75505829"
"'248","'LINE","'Nonane","'99.99023438"
"'248","'LINE","'9","'99.77458954"
"'248","'LINE","'CH₃(CH₂)₇CH₃","'68.10486603"
"'248","'LINE","'C₉H₂₀","'79.32179260"
"'248","'LINE","'Nonadecane","'100.00000000"
"'248","'LINE","'19","'99.88281250"
"'248","'LINE","'Decane","'99.99023438"
"'248","'LINE","'10","'99.80309296"
"'248","'LINE","'CH₃(CH₂)₈CH₃","'22.84578323"
"'248","'LINE","'C₁₀H₂₂","'79.47225952"
"'248","'LINE","'Eicosane","'99.69168091"
"'248","'LINE","'20","'99.97070313"
"'248","'LINE","'1. Consider Table 6.2 and answer the following questions","'99.85334015"
"'248","'LINE","'i.","'98.20053864"
"'248","'LINE","'What trends do you observe from the Table?","'99.72860718"
"'248","'LINE","'ii.","'99.19383240"
"'248","'LINE","'What does family name and specific name for a","'99.74058533"
"'248","'LINE","'member hold in common?","'99.97294617"
"'248","'LINE","'iii. Based on the trend you have observed from the","'99.61880493"
"'248","'LINE","'Table, write the general formula for an alkane","'99.97518921"
"'248","'LINE","'having ""n"" carbon atoms.","'99.88874054"
"'248","'LINE","'iv. Using the general formula, complete the missing","'99.93836975"
"'248","'LINE","'molecular formula in the Table for the members","'99.98139191"
"'248","'LINE","'undecane through eicosane.","'99.73127747"
"'248","'LINE","'?","'96.23943329"
"'248","'LINE","'v.","'77.99246979"
"'248","'LINE","'Draw condensed structures and bond line","'99.99674225"
"'248","'LINE","'representations for the first ten alkanes.","'99.95037079"
"'248","'LINE","'vi. Discuss the analogy in the usage of the terms","'99.97737885"
"'248","'LINE","'""saturated"" and ""unsaturated"" in this section and","'99.32679749"
"'248","'LINE","'Activity 6.4","'99.67733765"
"'248","'LINE","'in unit 2.","'99.85245514"
"'248","'LINE","'242","'99.87304688"
"'249","'LINE","'Hydrocarbons and their Natural Sources","'99.98030853"
"'249","'LINE","'6.2.1 Alkane Homologous Series","'99.80429077"
"'249","'LINE","'If you examine the alkanes in Table 6.2, you can notice that each alkane differs from","'99.58480835"
"'249","'LINE","'the preceding alkane by one -CH₂⁻ - group. Butane, for example, is CH₃ (CH2)2 CH₃ and","'86.35728455"
"'249","'LINE","'pentane is CH₃(CH₂)₃ CH₃. A series of compounds like this, where each member differs","'93.99797058"
"'249","'LINE","'from the next member by a constant unit, is called a homologous series. A homologous","'98.02581787"
"'249","'LINE","'series has the following characteristics:","'99.93442535"
"'249","'LINE","'has a constant unit between two consecutive members;","'99.75788116"
"'249","'LINE","'has a general formula;","'99.65974426"
"'249","'LINE","'shows trends in physical properties and","'99.97206116"
"'249","'LINE","'exhibit the same reactivity (chemical property). Members of a homologous series","'99.72689056"
"'249","'LINE","'are called homologues.","'99.93761444"
"'249","'LINE","'Exercise 6.1","'99.74121094"
"'249","'LINE","'1. Define homologous series.","'99.84539032"
"'249","'LINE","'Describe characteristics of a homologous series.","'99.41293335"
"'249","'LINE","'2. Determine if each statement about alkane homologous series is true or false.","'99.95375061"
"'249","'LINE","'a. It has general formula and a name.","'99.41752625"
"'249","'LINE","'b. Consecutive members differ by a constant (-CH₂-) unit.","'98.46366882"
"'249","'LINE","'C. All members contain the same functional group.","'96.43051910"
"'249","'LINE","'d. Consecutive members differ by a constant molecular mass of 14.","'99.68760681"
"'249","'LINE","'6.2.2 Physical Properties of Alkanes","'99.93750000"
"'249","'LINE","'At the end of this section, students will be able to explain the physical properties of","'99.98332214"
"'249","'LINE","'alkanes.","'99.96014404"
"'249","'LINE","'Form a group, discuss on the following questions and","'99.86649323"
"'249","'LINE","'present your responses to the class.","'99.97369385"
"'249","'LINE","'You have learnt in unit 2, that particles in liquid and","'99.94770813"
"'249","'LINE","'solid state are hold together by intermolecular forces","'99.93908691"
"'249","'LINE","'while the gaseous state is characterized by absence","'99.99145508"
"'249","'LINE","'of such forces. You have also studied that among the","'99.98307800"
"'249","'LINE","'various intermolecular forces the dispersion forces are","'99.88634491"
"'249","'LINE","'the ones possessed by nonpolar molecules and increases","'99.95658112"
"'249","'LINE","'as molecular weight increases.","'99.86901093"
"'249","'LINE","'243","'99.89257813"
"'250","'LINE","'Chemistry Grade 10","'99.91809082"
"'250","'LINE","'You also learnt that polarity is the result of difference","'99.95541382"
"'250","'LINE","'in electronegativity of bonded atoms. Given the","'99.95897675"
"'250","'LINE","'fact that carbon and hydrogen atoms have similar","'99.98637390"
"'250","'LINE","'electronegativity, answer the following questions:","'99.95053101"
"'250","'LINE","'a. Are alkanes polar or nonpolar molecules?","'99.71269989"
"'250","'LINE","'b. What is the intermolecular forces that could exist","'99.95949554"
"'250","'LINE","'in alkanes that are liquids and solids at room","'99.96844482"
"'250","'LINE","'temperature","'99.91051483"
"'250","'LINE","'C. Which member of alkanes do you think are gases,","'96.75687408"
"'250","'LINE","'lower mass or higher mass? Why?","'99.92961121"
"'250","'LINE","'d. What happens to the boiling point and melting","'99.97811890"
"'250","'LINE","'point of alkanes as number of carbon atoms or","'99.94882202"
"'250","'LINE","'?","'93.15429688"
"'250","'LINE","'molecular masses increases? Can you explain your","'99.63881683"
"'250","'LINE","'reasoning?","'99.49238586"
"'250","'LINE","'e. Are alkanes soluble in water? Explain based on the","'99.81963348"
"'250","'LINE","'like dissolves like rule you learnt in unit 2.","'99.79571533"
"'250","'LINE","'Activity 6.5","'99.73104858"
"'250","'LINE","'At room temperature (25°C and 1 atm pressure), the first four members of the","'99.02402496"
"'250","'LINE","'homologous series of unbranched alkanes are gases (Table 6.3), the C₅-C₁₇ unbranched","'96.64678955"
"'250","'LINE","'alkanes (pentane to heptadecane) are liquids, and the unbranched alkanes with 18","'99.86074066"
"'250","'LINE","'and more carbon atoms are solids. As a class, the alkanes are the least dense of all","'99.92433929"
"'250","'LINE","'groups of organic compounds. All alkanes have densities considerably less than 1.00 g","'99.81352997"
"'250","'LINE","'mL⁻¹ (the density of water at 4 °C). As a result, petroleum (a mixture of hydrocarbons","'99.06435394"
"'250","'LINE","'rich in alkanes) floats on water.","'99.91429901"
"'250","'LINE","'Table 6.3 Physical properties and isomers of some members of alkane family.","'99.96398926"
"'250","'LINE","'Name","'100.00000000"
"'250","'LINE","'No of c","'89.29913330"
"'250","'LINE","'Physical state","'99.97070313"
"'250","'LINE","'M.P","'99.11331940"
"'250","'LINE","'B.P","'98.83509827"
"'250","'LINE","'Density","'100.00000000"
"'250","'LINE","'No of","'99.91699219"
"'250","'LINE","'atoms","'100.00000000"
"'250","'LINE","'(at room temp)","'99.69647217"
"'250","'LINE","'(°C)","'93.90226746"
"'250","'LINE","'(°C)","'94.89875793"
"'250","'LINE","'isomers","'99.93083954"
"'250","'LINE","'Methane","'99.96014404"
"'250","'LINE","'1","'97.50458527"
"'250","'LINE","'gas","'99.84375000"
"'250","'LINE","'-183","'99.22692108"
"'250","'LINE","'-162","'99.13903046"
"'250","'LINE","'0.717 g/L","'97.15940094"
"'250","'LINE","'0","'63.67884827"
"'250","'LINE","'Ethane","'99.96014404"
"'250","'LINE","'2","'99.93164063"
"'250","'LINE","'Gas","'99.93083954"
"'250","'LINE","'-172","'98.74601746"
"'250","'LINE","'-89","'99.80468750"
"'250","'LINE","'1.35 g/L","'97.25128174"
"'250","'LINE","'0","'60.81871796"
"'250","'LINE","'Propane","'99.95037079"
"'250","'LINE","'3","'99.95117188"
"'250","'LINE","'Gas","'99.93083954"
"'250","'LINE","'-187","'98.82653046"
"'250","'LINE","'-42","'99.76483154"
"'250","'LINE","'2.02 g/L","'96.56777954"
"'250","'LINE","'0","'73.72349548"
"'250","'LINE","'Butane","'99.96014404"
"'250","'LINE","'4","'99.87145233"
"'250","'LINE","'Gas","'99.93083954"
"'250","'LINE","'-135","'98.62882233"
"'250","'LINE","'-0.5","'99.97070313"
"'250","'LINE","'2.48 g/L","'97.73587036"
"'250","'LINE","'2","'99.95117188"
"'250","'LINE","'Pentane","'99.79093933"
"'250","'LINE","'5","'99.87304688"
"'250","'LINE","'Liquid","'99.96014404"
"'250","'LINE","'-130","'97.97452545"
"'250","'LINE","'36","'99.99023438"
"'250","'LINE","'0.63 g/mL","'98.66549683"
"'250","'LINE","'3","'99.88281250"
"'250","'LINE","'Hexane","'99.91051483"
"'250","'LINE","'6","'99.85192108"
"'250","'LINE","'Liquid","'99.96014404"
"'250","'LINE","'-94","'99.80388641"
"'250","'LINE","'68","'99.97070313"
"'250","'LINE","'0.66 g/mL","'97.95639801"
"'250","'LINE","'5","'99.91210938"
"'250","'LINE","'Heptane","'99.95037079"
"'250","'LINE","'7","'99.64764404"
"'250","'LINE","'Liquid","'99.96014404"
"'250","'LINE","'-91","'99.76403046"
"'250","'LINE","'98","'99.99023438"
"'250","'LINE","'0.68 g/mL","'98.54871368"
"'250","'LINE","'9","'99.85271454"
"'250","'LINE","'Octane","'99.96014404"
"'250","'LINE","'8","'99.89178467"
"'250","'LINE","'Liquid","'99.96014404"
"'250","'LINE","'-57","'99.92107391"
"'250","'LINE","'126","'99.79412842"
"'250","'LINE","'0.70 g/mL","'98.36894226"
"'250","'LINE","'18","'99.84295654"
"'250","'LINE","'Nonane","'100.00000000"
"'250","'LINE","'9","'99.89178467"
"'250","'LINE","'Liquid","'99.96014404"
"'250","'LINE","'-54","'99.91210938"
"'250","'LINE","'151","'99.73632813"
"'250","'LINE","'0.71 g/mL","'99.09030151"
"'250","'LINE","'35","'99.99023438"
"'250","'LINE","'Decane","'99.99023438"
"'250","'LINE","'10","'99.92187500"
"'250","'LINE","'Liquid","'99.95037079"
"'250","'LINE","'-30","'99.89178467"
"'250","'LINE","'174","'99.95117188"
"'250","'LINE","'0.73 g/mL","'98.12440491"
"'250","'LINE","'75","'99.95117188"
"'250","'LINE","'244","'99.92187500"
"'251","'LINE","'Hydrocarbons and their Natural Sources","'99.98828125"
"'251","'LINE","'Exercise 6.2","'99.85839844"
"'251","'LINE","'Explain each of the following facts about alkanes.","'99.97772217"
"'251","'LINE","'1. Alkanes show regular increase in boiling point as their molecular weight","'99.90473175"
"'251","'LINE","'increases.","'99.91051483"
"'251","'LINE","'2. Branching decreases the boiling point of alkanes.","'99.98891449"
"'251","'LINE","'3. Alkanes are insoluble in water.","'99.94074249"
"'251","'LINE","'6.2.3 Nomenclature of Alkanes","'99.85780334"
"'251","'LINE","'At the end of this section, students will be able to","'99.97396851"
"'251","'LINE","'apply IUPAC rules to name straight and branched chain alkanes;","'99.97030640"
"'251","'LINE","'write the structural formulas of the first ten alkanes.","'99.96366119"
"'251","'LINE","'Form a group, discuss on the following and present","'99.85881042"
"'251","'LINE","'your responses to the class.","'99.98421478"
"'251","'LINE","'1. There might be many students in your class. Each","'99.94897461"
"'251","'LINE","'student has his/her name? Can you explain the","'99.66677094"
"'251","'LINE","'purpose of naming? Is the way girls are named","'99.96166992"
"'251","'LINE","'different from boys? If yes, why do you think? Is","'99.79516602"
"'251","'LINE","'there any pattern of systemic doing on the way girls","'99.98535156"
"'251","'LINE","'and boys are named? Why do you think we have","'99.83290863"
"'251","'LINE","'such a systematic naming for girls and boys? Discuss!","'99.79571533"
"'251","'LINE","'How do your parents call you? Like you are called","'99.79589844"
"'251","'LINE","'?","'90.98632813"
"'251","'LINE","'in school or different? If you have a different name","'99.64816284"
"'251","'LINE","'commonly used by your parents, do you mind telling","'99.71881104"
"'251","'LINE","'it to your classmate as if it were your common name","'99.93046570"
"'251","'LINE","'""my common name is","'99.46582794"
"'251","'LINE","'?"" How do you think parents","'99.10033417"
"'251","'LINE","'select a common name to their children? Any criteria?","'99.76941681"
"'251","'LINE","'Activity 6.6","'99.87753296"
"'251","'LINE","'As the science of organic chemistry slowly grew in the 19th century, so too did the","'98.81056976"
"'251","'LINE","'number of known compounds and the need for a systematic method of naming them","'99.91986847"
"'251","'LINE","'grow. Alkanes can be named in two ways, common names and IUPAC names.","'99.97290039"
"'251","'LINE","'Common Names of Alkanes","'99.98271179"
"'251","'LINE","'Lower members of the alkane homologous series have common names. The prefixes","'99.96366119"
"'251","'LINE","'used in the common names are n- (normal), 'iso-' and 'neo-'. The prefix n- is used when","'97.97707367"
"'251","'LINE","'all the carbon atoms form a continuous chain.","'99.68933868"
"'251","'LINE","'245","'99.97070313"
"'252","'LINE","'Chemistry Grade 10","'99.82694244"
"'252","'LINE","'Example 6.1 CH₃CH₂CH₂CH₂CH₂ CH₂CH₂CH₂CH₂CH₂CH₂","'62.63626862"
"'252","'LINE","'n-pentane","'99.85271454"
"'252","'LINE","'n-hexane","'99.28710938"
"'252","'LINE","'Iso- is used when all of the carbon atoms form a continuous chain, except for the one","'99.66593933"
"'252","'LINE","'next to the last carbon.","'99.94678497"
"'252","'LINE","'CH₃","'90.74378204"
"'252","'LINE","'CH₃","'85.65210724"
"'252","'LINE","'Example 6.2:","'99.43807983"
"'252","'LINE","'CH","'98.63121796"
"'252","'LINE","'CH₃","'86.02299500"
"'252","'LINE","'CH₃","'72.47509003"
"'252","'LINE","'CH₃","'67.67518616"
"'252","'LINE","'CH3~CH₂CH~CH3","'13.97461033"
"'252","'LINE","'CH₂","'66.16868591"
"'252","'LINE","'CH₃","'65.01295471"
"'252","'LINE","'isobutane","'99.84135437"
"'252","'LINE","'isopentane","'99.95037079"
"'252","'LINE","'Neo-is used when the central carbon is bonded to four other carbon atoms.","'99.97139740"
"'252","'LINE","'CH₃","'91.72971344"
"'252","'LINE","'CH₃","'91.84889221"
"'252","'LINE","'Example 6.3:","'98.73944092"
"'252","'LINE","'CH₃-ᶜ-CH₃","'18.60082436"
"'252","'LINE","'CH₃","'86.71475983"
"'252","'LINE","'CH₃","'85.82290649"
"'252","'LINE","'C","'47.94244003"
"'252","'LINE","'CH₃","'87.83103180"
"'252","'LINE","'CH₂","'66.59996796"
"'252","'LINE","'CH₃","'91.76557922"
"'252","'LINE","'neopentane","'99.91131592"
"'252","'LINE","'neohexane","'99.89178467"
"'252","'LINE","'The System of IUPAC Nomenclature","'99.94256592"
"'252","'LINE","'The system of nomenclature we'll use in here is the one that was devised by the","'99.89535522"
"'252","'LINE","'International Union of Pure and Applied Chemistry (IUPAC, usually read as eye-you-","'99.93341827"
"'252","'LINE","'pac). The IUPAC nomenclature can be applied to both branched and unbranched","'98.93904114"
"'252","'LINE","'alkanes.","'99.95037079"
"'252","'LINE","'IUPAC Rules to Name Unbranched Alkanes","'99.97884369"
"'252","'LINE","'Compounds like butane and pentane, whose carbons are all connected in a row, are","'99.73677063"
"'252","'LINE","'called straight-chain alkanes, or normal alkanes. Compounds like 2-methylpropane","'99.38748932"
"'252","'LINE","'(isobutane), 2-methylbutane, and 2, 2-dimethylpropane, whose carbon chains branch,","'99.21549225"
"'252","'LINE","'are called branched-chain alkanes. In unbranched alkanes, each carbon atom within","'99.93727875"
"'252","'LINE","'the chain is bonded to no more than two other carbon atoms and that unbranched","'99.96240997"
"'252","'LINE","'alkanes contain only primary and secondary carbon atoms. Primary (connect directly","'99.96842194"
"'252","'LINE","'to one carbon), secondary (connect directly to two carbons), and tertiary (connect","'99.93797302"
"'252","'LINE","'directly to three carbons) carbon atoms, quaternary (connected to four other carbons).","'99.91816711"
"'252","'LINE","'The names for several of the unbranched alkanes are listed in Table 6.2. The ending","'99.92607117"
"'252","'LINE","'(suffix) for all of the names of alkanes is -ane. The stems of the names of most of the","'99.88620758"
"'252","'LINE","'alkanes (above C₄) are of Greek and Latin origin. Thus the parent names for one, two,","'99.21377563"
"'252","'LINE","'three, four, and five become meth-, eth-, prop-, but-, and pent-.","'99.76533508"
"'252","'LINE","'IUPAC Rules to Name branched-chain Alkanes","'99.95930481"
"'252","'LINE","'A chemical name for branched alkanes typically has four parts in the IUPAC system of","'99.56386566"
"'252","'LINE","'nomenclature: locant, prefix, parent, and suffix.","'99.90549469"
"'252","'LINE","'246","'99.91210938"
"'253","'LINE","'Hydrocarbons and their Natural Sources","'99.97054291"
"'253","'LINE","'Locant - Prefix - Parent - Suffix","'85.37832642"
"'253","'LINE","'Where are the substituents","'99.91843414"
"'253","'LINE","'What are the","'99.91835022"
"'253","'LINE","'How many","'99.90194702"
"'253","'LINE","'What is primary","'99.91157532"
"'253","'LINE","'and functional groups?","'99.97043610"
"'253","'LINE","'substituents","'99.67135620"
"'253","'LINE","'carbons?","'99.84135437"
"'253","'LINE","'functional groups?","'99.86696625"
"'253","'LINE","'The prefix identifies the various substituent groups in the molecule, the parent selects","'99.94799805"
"'253","'LINE","'the main part (longest chain) of the molecule and tells how many carbon atoms are in","'99.96918488"
"'253","'LINE","'that part, the locants give the positions of the functional groups and substituents, and","'99.91319275"
"'253","'LINE","'the suffix identifies the primary functional group.","'99.96176147"
"'253","'LINE","'The examples below illustrate the basic components of the IUPAC nomenclature. The","'99.95030975"
"'253","'LINE","'methyl and ethyl groups in, for example, 2-methylbutane and 4-ethyl-2-heptene are","'99.47725677"
"'253","'LINE","'substituents and are called alkyl groups. What are alkyl groups?","'99.94084930"
"'253","'LINE","'4","'99.28551483"
"'253","'LINE","'2","'99.61914063"
"'253","'LINE","'2","'98.23242188"
"'253","'LINE","'6","'99.42143250"
"'253","'LINE","'2","'98.43750000"
"'253","'LINE","'4","'99.18785858"
"'253","'LINE","'4","'98.91442108"
"'253","'LINE","'6","'99.25541687"
"'253","'LINE","'3","'99.36443329"
"'253","'LINE","'1","'96.19718933"
"'253","'LINE","'1","'96.68307495"
"'253","'LINE","'3","'99.30584717"
"'253","'LINE","'5","'99.53125000"
"'253","'LINE","'7","'98.68164063"
"'253","'LINE","'1","'95.57298279"
"'253","'LINE","'3","'98.99333954"
"'253","'LINE","'5","'99.56054688"
"'253","'LINE","'7","'96.64958954"
"'253","'LINE","'2-methylbutane","'98.76096344"
"'253","'LINE","'4-methylheptane","'99.39712524"
"'253","'LINE","'4-ethyl-2-heptene","'99.25222778"
"'253","'LINE","'Locant","'97.10778046"
"'253","'LINE","'prefix","'86.20037079"
"'253","'LINE","'parent","'69.70423889"
"'253","'LINE","'Suffix","'66.44551086"
"'253","'LINE","'Locant","'97.91753387"
"'253","'LINE","'prefix","'75.34199524"
"'253","'LINE","'parent","'65.27264404"
"'253","'LINE","'Suffix","'58.43610764"
"'253","'LINE","'Locant","'98.11363983"
"'253","'LINE","'prefix","'90.41992188"
"'253","'LINE","'Locant","'98.04607391"
"'253","'LINE","'parent","'76.11288452"
"'253","'LINE","'Suffix","'62.56716156"
"'253","'LINE","'Alkyl Groups and the Symbol R","'99.76120758"
"'253","'LINE","'If we remove one hydrogen atom from an alkane, we obtain what is called an alkyl","'99.95829773"
"'253","'LINE","'group or alkyl radicals. These alkyl groups have names that end in -yl. When the","'99.52670288"
"'253","'LINE","'alkane is unbranched, and the hydrogen atom that is removed is a terminal hydrogen","'99.74362946"
"'253","'LINE","'atom, the names are straightforward as illustrated below:","'99.92962646"
"'253","'LINE","'Alkane","'100.00000000"
"'253","'LINE","'Alkyl Group","'99.07376099"
"'253","'LINE","'Abbreviation","'99.95037079"
"'253","'LINE","'CH₃-H","'27.67000198"
"'253","'LINE","'CH₃-","'51.49533844"
"'253","'LINE","'Me-","'96.77295685"
"'253","'LINE","'methane","'99.89257813"
"'253","'LINE","'Methyl","'99.64764404"
"'253","'LINE","'CH₃ - CH2-H","'34.18023682"
"'253","'LINE","'CH₃- CH₂-","'28.09370995"
"'253","'LINE","'Et-","'98.80979156"
"'253","'LINE","'ethane","'99.88281250"
"'253","'LINE","'Ethyl","'98.75418854"
"'253","'LINE","'CH₃ - CH₂ - CH₂ H -","'56.47635651"
"'253","'LINE","'CH₃- CH₂-CH₂-","'18.39684296"
"'253","'LINE","'Pr-","'99.36284637"
"'253","'LINE","'propane","'99.89257813"
"'253","'LINE","'Propyl","'99.25701904"
"'253","'LINE","'CH₂ - CH₂ - CH₂ - CH₂ H","'17.55201721"
"'253","'LINE","'CH₂ - CH₂ - CH₂ - CH₂ -","'16.49135017"
"'253","'LINE","'Bu-","'99.05870819"
"'253","'LINE","'butane","'99.97070313"
"'253","'LINE","'Butyl","'99.26358795"
"'253","'LINE","'While only one alkyl group can be derived from methane or ethane (the methyl and","'99.96652985"
"'253","'LINE","'ethyl groups, respectively), two groups can be derived from propane. Removal of a","'99.79837036"
"'253","'LINE","'hydrogen atom from one of the end carbon atoms gives a group that is called the","'99.86032867"
"'253","'LINE","'propyl group; removal of a hydrogen atom from the middle carbon atom gives a","'99.63385773"
"'253","'LINE","'group that is called the isopropyl group.","'99.91911316"
"'253","'LINE","'247","'99.93164063"
"'254","'LINE","'Chemistry Grade 10","'99.90180969"
"'254","'LINE","'I-O-I","'80.50851440"
"'254","'LINE","'-H","'91.99597168"
"'254","'LINE","'CH₃-CH₂-C-H","'66.79866791"
"'254","'LINE","'H","'79.68710327"
"'254","'LINE","'CH3-CH2-C-","'64.48561096"
"'254","'LINE","'Propane","'99.61914063"
"'254","'LINE","'Propyl","'99.76562500"
"'254","'LINE","'H","'85.13652039"
"'254","'LINE","'-H","'92.10838318"
"'254","'LINE","'CH₃-CH-CH₃","'59.97229767"
"'254","'LINE","'CH₃-CH-CH₃","'62.92948914"
"'254","'LINE","'Propane","'99.93164063"
"'254","'LINE","'Isopropyl","'99.50115967"
"'254","'LINE","'There are four C₄ alkyl groups.","'97.30080414"
"'254","'LINE","'Four-Carbon Alkyl Groups","'99.33188629"
"'254","'LINE","'CH₃CH₂CH₂CH₃","'94.24007416"
"'254","'LINE","'Butane","'99.79332733"
"'254","'LINE","'CH₃","'86.61511230"
"'254","'LINE","'CH₃CH₂CH₂CH₂-","'69.12866974"
"'254","'LINE","'CH₃CH-CH₂-","'45.05162048"
"'254","'LINE","'CH₃CH₂CH-CH₃","'73.06819916"
"'254","'LINE","'(CH₃)₃C⁻","'83.98995209"
"'254","'LINE","'Butyl","'99.14062500"
"'254","'LINE","'Isobutyl","'99.61834717"
"'254","'LINE","'sec-Butyl","'99.57927704"
"'254","'LINE","'tert-Butyl (or t-Bu)","'93.66782379"
"'254","'LINE","'There is one five-carbon group with an IUPAC approved common name that you should","'99.83438110"
"'254","'LINE","'also know: the 2,2-dimethylpropyl group, commonly called the neopentyl group. Other","'99.37660980"
"'254","'LINE","'common names for five carbon alkyl groups include isopentyl and tert-pentyl groups.","'99.91925049"
"'254","'LINE","'CH₃","'73.40341949"
"'254","'LINE","'CH₃","'69.48501587"
"'254","'LINE","'CH₃","'68.84107971"
"'254","'LINE","'CH₃","'82.40134430"
"'254","'LINE","'CH₃","'72.61001587"
"'254","'LINE","'Isopentyl, also called","'99.80203247"
"'254","'LINE","'Neopentyl","'99.81205750"
"'254","'LINE","'tert-pentyl, also called","'99.85597229"
"'254","'LINE","'isoamyl (i-amyl)","'99.54430389"
"'254","'LINE","'tert-amyl (t-amyl)","'99.14879608"
"'254","'LINE","'5-Carbon alkyl groups","'99.48242188"
"'254","'LINE","'The common names isopropyl, isobutyl, sec-butyl, tert-butyl, isopentyl, neopentyl, and","'99.83248901"
"'254","'LINE","'tert-pentyl are approved by IUPAC for the unsubstituted groups, and they are still","'99.55133057"
"'254","'LINE","'very frequently used. You should learn these groups so well that you can recognize","'98.33170319"
"'254","'LINE","'them any way they are written.","'99.98358917"
"'254","'LINE","'The symbol R is used as a general symbol to represent any alkyl group. For example,","'99.82524109"
"'254","'LINE","'R might be a methyl group, an ethyl group, a propyl group, an isopropyl group, etc.","'99.70153809"
"'254","'LINE","'in the general formula for alkane R-H. Similarly, in R-COOH which is the general","'99.95426178"
"'254","'LINE","'formula for carboxylic acid, R can be any alkyl group (methyl, ethyl, isopentyl, etc.).","'99.90870667"
"'254","'LINE","'Branched-chain alkanes are named according to the following rules:","'99.95867920"
"'254","'LINE","'1. Locate the longest continuous chain of carbon atoms; this chain determines the","'99.92077637"
"'254","'LINE","'parent name for the alkane. The parent name for the following compound, for","'99.97859955"
"'254","'LINE","'example, is hexane because the longest continuous chain contains six carbon atoms:","'99.93138885"
"'254","'LINE","'248","'99.89257813"
"'255","'LINE","'Hydrocarbons and their Natural Sources","'99.99023438"
"'255","'LINE","'CH₃CH₂CH₂CH₂CHCH₃","'57.76387024"
"'255","'LINE","'or","'99.85271454"
"'255","'LINE","'CH₃","'72.82744598"
"'255","'LINE","'Longest Chain","'99.97558594"
"'255","'LINE","'The longest continuous chain may not always be obvious from the way the formula is","'99.96626282"
"'255","'LINE","'written. Notice, for example, that parent name of the following alkane is designated","'99.98786163"
"'255","'LINE","'as a heptane because the longest chain contains seven carbon atoms:","'99.85659790"
"'255","'LINE","'CH₃CH₂CH₂CH₂CHCH₃","'59.37679291"
"'255","'LINE","'or","'99.93164063"
"'255","'LINE","'longest chain","'99.84215546"
"'255","'LINE","'CH₂CH₃","'83.72509003"
"'255","'LINE","'longest chain","'99.94061279"
"'255","'LINE","'2. Number the longest chain beginning with the end of the chain nearer to the","'99.95423126"
"'255","'LINE","'substituent.","'99.75107574"
"'255","'LINE","'Applying this rule, we number the two alkanes that was illustrated previously in the","'99.98390198"
"'255","'LINE","'following way:","'99.99511719"
"'255","'LINE","'5","'99.85351563"
"'255","'LINE","'3","'99.83318329"
"'255","'LINE","'1","'99.05612183"
"'255","'LINE","'6","'99.84295654"
"'255","'LINE","'4","'99.77458954"
"'255","'LINE","'Substituent","'99.88042450"
"'255","'LINE","'6","'99.73473358"
"'255","'LINE","'4","'99.80468750"
"'255","'LINE","'2","'99.83398438"
"'255","'LINE","'7","'99.84375000"
"'255","'LINE","'5","'99.38476563"
"'255","'LINE","'3","'98.64257813"
"'255","'LINE","'2","'99.56054688"
"'255","'LINE","'1","'98.82653046"
"'255","'LINE","'Substituent","'99.83079529"
"'255","'LINE","'3. Use the numbers obtained by the application of rule 2 to designate the location","'99.98693085"
"'255","'LINE","'of the substituent group. The parent name is placed last, and the substituent","'99.94186401"
"'255","'LINE","'group, preceded by the number designating its location on the chain, is placed","'99.98028564"
"'255","'LINE","'first. Numbers are separated from words by a hyphen. Our two examples are","'99.77684784"
"'255","'LINE","'2-methylhexane and 3-methylheptane, respectively:","'98.66928101"
"'255","'LINE","'5","'99.88281250"
"'255","'LINE","'3","'99.84375000"
"'255","'LINE","'1","'99.26438904"
"'255","'LINE","'6","'99.84375000"
"'255","'LINE","'4","'99.72496796"
"'255","'LINE","'Methyl (substituent)","'99.74658966"
"'255","'LINE","'6","'99.84295654"
"'255","'LINE","'4","'99.69647217"
"'255","'LINE","'2","'99.87304688"
"'255","'LINE","'7","'99.81445313"
"'255","'LINE","'5","'99.72656250"
"'255","'LINE","'3","'98.78826904"
"'255","'LINE","'2","'99.71679688"
"'255","'LINE","'longest","'100.00000000"
"'255","'LINE","'Substituent","'99.77140808"
"'255","'LINE","'1","'98.75338745"
"'255","'LINE","'chain","'99.99023438"
"'255","'LINE","'Locant","'99.97070313"
"'255","'LINE","'2-Methylhexane","'97.62615204"
"'255","'LINE","'3-Methylheptane","'98.21907043"
"'255","'LINE","'4. When two or more substituents are present, give each substituent a number","'99.78009796"
"'255","'LINE","'corresponding to its location on the longest chain. For example, we designate the","'99.96802521"
"'255","'LINE","'following compound as 4-ethyl-2-methylhexane:","'98.56793976"
"'255","'LINE","'7","'99.64843750"
"'255","'LINE","'2","'99.41326141"
"'255","'LINE","'4","'99.61595154"
"'255","'LINE","'6","'99.85271454"
"'255","'LINE","'2","'99.76562500"
"'255","'LINE","'4","'99.68669891"
"'255","'LINE","'6","'99.87145233"
"'255","'LINE","'1","'87.47657776"
"'255","'LINE","'1","'98.60032654"
"'255","'LINE","'5","'97.17773438"
"'255","'LINE","'3","'99.59801483"
"'255","'LINE","'5","'99.73632813"
"'255","'LINE","'1","'98.93156433"
"'255","'LINE","'6","'98.75000000"
"'255","'LINE","'3","'99.71600342"
"'255","'LINE","'4","'98.39684296"
"'255","'LINE","'5","'99.80468750"
"'255","'LINE","'3","'98.05664063"
"'255","'LINE","'2","'86.92791748"
"'255","'LINE","'6","'98.01638031"
"'255","'LINE","'4","'98.04687500"
"'255","'LINE","'2","'97.84917450"
"'255","'LINE","'7","'93.35538483"
"'255","'LINE","'5","'98.39943695"
"'255","'LINE","'3","'99.14321136"
"'255","'LINE","'4-Ethyl-2-methylhexane","'93.47994995"
"'255","'LINE","'4-Ethyl-2, 2-dimethylheptane","'97.43592834"
"'255","'LINE","'Not 3-Ethyl-5-methylhexane","'99.57649231"
"'255","'LINE","'Not 4-Ethyl-6,6-dimethylheptane","'95.67263031"
"'255","'LINE","'249","'99.92187500"
"'256","'LINE","'Chemistry Grade 10","'99.90832520"
"'256","'LINE","'To check which direction of numbering is correct in this case; add the locants (numbers","'99.55258942"
"'256","'LINE","'assigned to the carbon atoms to which substituents are attached). The sum of the","'99.95194244"
"'256","'LINE","'locants in the first case is 2 + 4 = 6 and in the second case is, 3 + 5 = 8. So numbering","'98.82214355"
"'256","'LINE","'should be done from left to right in this case. Thus, the first option is correct. The","'99.97271729"
"'256","'LINE","'substituent groups should be listed alphabetically (i.e., ethyl before methyl). In deciding","'99.88203430"
"'256","'LINE","'on alphabetical order, disregard multiplying prefixes such as 'di', 'tri', and 'tetra'.","'98.42728424"
"'256","'LINE","'Ethyl comes first compared to methyl when 'di is ignored, as illustrated in 4-ethyl-2,2-","'99.79549408"
"'256","'LINE","'dimethylheptane. In addition, disregard structure-defining prefixes that are written in","'99.34024048"
"'256","'LINE","'italics and separated from the name by a hyphen. Thus tert-butyl precedes ethyl (tert","'99.71937561"
"'256","'LINE","'is ignored), but ethyl precedes isobutyl ('iso' not ignored.","'99.69846344"
"'256","'LINE","'5. When two substituents are present on the same carbon atom, use that number","'99.92427826"
"'256","'LINE","'twice:","'99.97070313"
"'256","'LINE","'3-Ethyl-3-methylhexane","'64.09757996"
"'256","'LINE","'6. When two or more substituents are identical, indicate this by the use of the prefixes","'99.91218567"
"'256","'LINE","'di-, tri-, tetra-, and so on. Then make certain that each substituent has a number.","'98.45910645"
"'256","'LINE","'Commas are used to separate numbers from each other:","'99.97929382"
"'256","'LINE","'2,3-Dimethylbutane","'98.02136230"
"'256","'LINE","'2,3,4-Trimethylpentane","'94.74390411"
"'256","'LINE","'2,2,4,4-Tetramethylpentane","'73.97460938"
"'256","'LINE","'The application of these six rules allows US to name most of the alkanes that we shall","'99.91194916"
"'256","'LINE","'encounter. Two other rules, however, may be required occasionally:","'99.97017670"
"'256","'LINE","'7. When two chains of equal length compete for selection as the parent chain, choose","'99.96252441"
"'256","'LINE","'the chain with the greater number of substituents:","'99.91041565"
"'256","'LINE","'7","'99.88281250"
"'256","'LINE","'5","'99.87224579"
"'256","'LINE","'3","'99.64365387"
"'256","'LINE","'1","'99.11053467"
"'256","'LINE","'7","'92.85156250"
"'256","'LINE","'6","'99.84295654"
"'256","'LINE","'5","'95.42809296"
"'256","'LINE","'4","'99.79412842"
"'256","'LINE","'2","'99.93164063"
"'256","'LINE","'6","'99.71600342"
"'256","'LINE","'3","'98.26630402"
"'256","'LINE","'2","'97.84179688"
"'256","'LINE","'1","'98.40740204"
"'256","'LINE","'2,3,5-trimethyl-4-propylheptane","'86.81600952"
"'256","'LINE","'Not 4-(1,2-dimethylpropyl)-5-methylheptane","'95.92474365"
"'256","'LINE","'8. When branching first occurs at an equal distance from either end of the longest","'99.94918060"
"'256","'LINE","'chain, choose the name that gives the lower number at the first point of difference:","'99.96962738"
"'256","'LINE","'250","'99.88281250"
"'257","'LINE","'Hydrocarbons and their Natural Sources","'99.98632813"
"'257","'LINE","'6","'99.73473358"
"'257","'LINE","'4","'99.72576141"
"'257","'LINE","'2","'99.79492188"
"'257","'LINE","'5","'99.77539063"
"'257","'LINE","'3","'99.83398438"
"'257","'LINE","'1","'99.42143250"
"'257","'LINE","'2,3,5-trimethylhexane","'99.02124023"
"'257","'LINE","'Not 2,4,5-trimethylhexane","'99.21406555"
"'257","'LINE","'9. Name a complex substituent as though it were itself a compound. In some","'99.62683105"
"'257","'LINE","'particularly complex cases, a fifth step is necessary. It occasionally happens that a","'99.55570221"
"'257","'LINE","'substituent on the main chain has sub-branching. In the following case, for instance,","'99.89674377"
"'257","'LINE","'the substituent at C₆ is a three-carbon chain with a methyl sub-branch. To name the","'97.73811340"
"'257","'LINE","'compound fully, the complex substituent must first be named.","'99.94919586"
"'257","'LINE","'CH₃","'75.40118408"
"'257","'LINE","'CH₃","'93.05863190"
"'257","'LINE","'CH₃","'92.34474945"
"'257","'LINE","'1","'94.81285858"
"'257","'LINE","'2","'90.32226563"
"'257","'LINE","'3","'92.91274261"
"'257","'LINE","'4","'95.55583954"
"'257","'LINE","'5","'94.44176483"
"'257","'LINE","'6","'88.89000702"
"'257","'LINE","'CH₃CHCHCH₂CH₂CH-CH₂CHCH₃","'31.70559692"
"'257","'LINE","'CH₂CHCH₃","'53.81855774"
"'257","'LINE","'1","'92.60662079"
"'257","'LINE","'2","'92.17773438"
"'257","'LINE","'3","'91.35582733"
"'257","'LINE","'CH₃","'84.03359985"
"'257","'LINE","'CH₂CH₂CH₂CH₃","'74.34291077"
"'257","'LINE","'7 8 9 10","'46.61280060"
"'257","'LINE","'2,3-Dimethyl-6-(2-methylpropyl)decane A 2-methylpropyl group","'85.00563049"
"'257","'LINE","'or 2,3-Dimethyl-6-isobutyldecane (isobutyl group)","'97.85470581"
"'257","'LINE","'Note that, for alkyl group, numbering begins at the carbon directly connected to the","'99.96960449"
"'257","'LINE","'parent chain and continues to the longest direction. Further examples:","'99.94630432"
"'257","'LINE","'4321","'98.28603363"
"'257","'LINE","'CH₃","'84.96432495"
"'257","'LINE","'CH₃","'95.45061493"
"'257","'LINE","'CH₃CHCH₂CH₂-","'62.95280457"
"'257","'LINE","'CH3CHCH3H3","'16.72313499"
"'257","'LINE","'3","'91.33470154"
"'257","'LINE","'2","'92.00195313"
"'257","'LINE","'CH3CH2CCH3","'66.66852570"
"'257","'LINE","'CH₃CH₂CHCH₂","'41.07402039"
"'257","'LINE","'CH₃","'97.98947906"
"'257","'LINE","'4321","'93.31022644"
"'257","'LINE","'3-methylbutyl","'97.97572327"
"'257","'LINE","'1,2-dimethylpropyl","'98.64696503"
"'257","'LINE","'1,1-dimethylpropyl","'97.40373993"
"'257","'LINE","'2-methylbutyl","'98.34921265"
"'257","'LINE","'Example: Write IUPAC name for:","'99.95475769"
"'257","'LINE","'Strategy and solution: We find the longest chain (shown in blue) to be seven carbons;","'99.97038269"
"'257","'LINE","'therefore the parent name is heptane. There are two methyl substituents (shown in","'99.94580841"
"'257","'LINE","'red). We number the chain so as to give the first methyl group the lower number. The","'98.83200836"
"'257","'LINE","'correct name, therefore, is 3,4-dimethylheptane. Numbering the chain from the other","'99.76644135"
"'257","'LINE","'end to give 4,5-dimethylheptane would have been incorrect.","'99.75907135"
"'257","'LINE","'5","'99.85351563"
"'257","'LINE","'7","'99.67773438"
"'257","'LINE","'Two","'99.93083954"
"'257","'LINE","'4","'99.53044891"
"'257","'LINE","'Methyl","'99.89098358"
"'257","'LINE","'6","'99.68669891"
"'257","'LINE","'Longest","'99.96093750"
"'257","'LINE","'3","'99.63468170"
"'257","'LINE","'chain","'99.96093750"
"'257","'LINE","'Groups","'99.99023438"
"'257","'LINE","'1","'99.50195313"
"'257","'LINE","'2","'99.84375000"
"'257","'LINE","'251","'99.79492188"
"'258","'LINE","'Chemistry Grade 10","'99.94738770"
"'258","'LINE","'How to Classify Hydrogen Atoms","'99.99414063"
"'258","'LINE","'We have just seen how to classify carbon in alkanes as primary, secondary, tertiary,","'99.96257782"
"'258","'LINE","'and quaternary. The hydrogen atoms of an alkane are classified based on the","'99.97872162"
"'258","'LINE","'carbon atom to which they are attached. A hydrogen atom attached to a primary","'98.59176636"
"'258","'LINE","'carbon atom is a primary (1°) hydrogen atom, and so forth. The following compound,","'97.71062469"
"'258","'LINE","'2-methylbutane, has primary, secondary (2°), and tertiary (3°) hydrogen atoms:","'98.68180084"
"'258","'LINE","'1° Hydrogen atoms","'98.03372192"
"'258","'LINE","'CH₃","'60.36192703"
"'258","'LINE","'CH2 3 CH CH₂ CH₃","'73.32546997"
"'258","'LINE","'3° Hydrogen atom","'98.45430756"
"'258","'LINE","'2° Hydrogen atoms","'98.23441315"
"'258","'LINE","'Note that 2,2-dimethylpropane, a compound that is often called neopentane, has only","'99.63093567"
"'258","'LINE","'primary hydrogen atoms:","'99.99023438"
"'258","'LINE","'CH₃","'70.98772430"
"'258","'LINE","'CH₃","'74.79671478"
"'258","'LINE","'C","'54.87742996"
"'258","'LINE","'CH3","'64.70503998"
"'258","'LINE","'CH₃","'76.40545654"
"'258","'LINE","'Neopentane","'99.84056091"
"'258","'LINE","'Exercise 6.3","'99.90642548"
"'258","'LINE","'1. Which structure does not represent 2-methylpentane?","'99.55886841"
"'258","'LINE","'(a)","'99.89098358"
"'258","'LINE","'(b)","'99.96093750"
"'258","'LINE","'(c)","'92.97572327"
"'258","'LINE","'(d)","'99.95117188"
"'258","'LINE","'2. Write the structure and give the IUPAC name for an alkane with formula C₆H₁₄","'97.93347168"
"'258","'LINE","'that has only primary (-CH₃) and secondary (-CH₂-) carbon atoms.","'98.81062317"
"'258","'LINE","'6.2.4 Isomerism in Alkanes","'99.93144226"
"'258","'LINE","'At the end of this section, students will be able to","'99.97566986"
"'258","'LINE","'define isomerism;","'100.00000000"
"'258","'LINE","'define structural isomerism;","'99.98020172"
"'258","'LINE","'draw the possible structural isomers for C₄H₁₀, C₅H₁₂ and C₆H₁₄·","'91.33708954"
"'258","'LINE","'252","'99.95117188"
"'259","'LINE","'Hydrocarbons and their Natural Sources","'99.97054291"
"'259","'LINE","'Among animals, it is very common to encounter some","'99.95298767"
"'259","'LINE","'dogs that appear pretty the same in terms of size,","'99.99113464"
"'259","'LINE","'and colour. How would you identify them apart if you","'99.58268738"
"'259","'LINE","'?","'95.26287079"
"'259","'LINE","'encounter two such dogs? Assume that one of the dogs","'99.99121094"
"'259","'LINE","'is your friendly neighbour. What about chemicals? Can","'99.93714905"
"'259","'LINE","'you name two different compounds that have the same","'99.79888916"
"'259","'LINE","'molecular formula and molecular weight? What do","'99.93457031"
"'259","'LINE","'Activity 6.7","'99.76074219"
"'259","'LINE","'you call them?","'99.41565704"
"'259","'LINE","'Unlike the first three members of the alkane homologous series, i.e. methane, ethane,","'99.96639252"
"'259","'LINE","'and propane,","'99.99511719"
"'259","'LINE","'H","'93.35698700"
"'259","'LINE","'HH","'87.15908051"
"'259","'LINE","'H H H","'82.34238434"
"'259","'LINE","'I","'61.43574524"
"'259","'LINE","'I","'71.30739594"
"'259","'LINE","'H-C-H","'89.30293274"
"'259","'LINE","'H-C-C-H","'55.85367584"
"'259","'LINE","'H-c-c-c-H","'54.93112183"
"'259","'LINE","'I","'75.99121094"
"'259","'LINE","'I","'61.54765320"
"'259","'LINE","'I","'65.45350647"
"'259","'LINE","'I","'71.53738403"
"'259","'LINE","'I","'75.73580933"
"'259","'LINE","'I","'74.69118500"
"'259","'LINE","'H","'95.33581543"
"'259","'LINE","'H H","'91.53718567"
"'259","'LINE","'H H H","'87.40426636"
"'259","'LINE","'Methane","'99.95037079"
"'259","'LINE","'Ethane","'99.97070313"
"'259","'LINE","'Propane","'99.95037079"
"'259","'LINE","'in molecules having four and above carbon atoms the carbons can be arranged in","'99.98535156"
"'259","'LINE","'two or more ways. A molecule having the formula C₄H₁₀ you know as butane can have","'98.12354279"
"'259","'LINE","'two structures.","'99.95525360"
"'259","'LINE","'H H H H","'87.49451447"
"'259","'LINE","'H H H","'88.43364716"
"'259","'LINE","'I","'62.43672180"
"'259","'LINE","'I","'67.48694611"
"'259","'LINE","'I","'65.76789856"
"'259","'LINE","'I","'69.76194000"
"'259","'LINE","'I","'64.44704437"
"'259","'LINE","'I","'68.35778046"
"'259","'LINE","'I","'74.62103271"
"'259","'LINE","'H-C- C- C- C- H","'29.22911263"
"'259","'LINE","'H-C-C-C-H","'54.74876022"
"'259","'LINE","'I","'80.56441498"
"'259","'LINE","'I","'70.62121582"
"'259","'LINE","'I","'66.06584930"
"'259","'LINE","'I","'70.32874298"
"'259","'LINE","'I","'66.58920288"
"'259","'LINE","'I","'72.50607300"
"'259","'LINE","'I","'71.28536987"
"'259","'LINE","'HHHH","'95.49585724"
"'259","'LINE","'H CH₃ H","'71.77106476"
"'259","'LINE","'Butane","'99.96014404"
"'259","'LINE","'Isobutane","'99.73154449"
"'259","'LINE","'The two structures are drawn using the possibilities of connecting the four carbon","'99.97796631"
"'259","'LINE","'atoms in two different ways. In the first case, all the four carbon atoms in butane are","'99.97515869"
"'259","'LINE","'connected in raw (linearly). In the second case, the four carbon atoms are connected in","'99.94071960"
"'259","'LINE","'a branched manner to give isobutane. Butane and isobutane have the same molecular","'99.81439209"
"'259","'LINE","'formula, C₄H₁₀, but have different structures and properties. Similarly, the 5 C atoms","'95.01213837"
"'259","'LINE","'in pentane (C₅H₁₂) can be arranged in three ways. Compounds like the two C₄H₁₀","'98.51628876"
"'259","'LINE","'molecules and the three C₅H₁₂ molecules, which have the same molecular formula","'99.04649353"
"'259","'LINE","'but different structures, are called structural isomers, from the Greek isos + meros,","'99.62988281"
"'259","'LINE","'meaning ""made of the same parts."" A formula to determine the number of isomers of","'99.19774628"
"'259","'LINE","'alkanes containing 4 - 7 carbon atoms is 2n-4 + 1.","'87.68690491"
"'259","'LINE","'Definition: Isomers are compounds that have the same numbers and kinds of atoms","'99.96802521"
"'259","'LINE","'but differ in the way the atoms are arranged.","'99.96067047"
"'259","'LINE","'Definition: Structural isomers are two or more different compounds that have the","'99.95471191"
"'259","'LINE","'same molecular formula but different connectivity or structures. As Table 6.3 shows, the","'99.92690277"
"'259","'LINE","'number of possible alkane isomers increases dramatically as the number of carbon","'99.95959473"
"'259","'LINE","'atoms increases.","'99.93532562"
"'259","'LINE","'253","'99.92187500"
"'260","'LINE","'Chemistry Grade 10","'99.94087219"
"'260","'LINE","'Note: Structural isomers have different physical properties. They are always found to","'99.96942139"
"'260","'LINE","'have different melting points, boiling points, densities, indexes of refraction, and so","'98.33517456"
"'260","'LINE","'forth.","'99.95037079"
"'260","'LINE","'Form a group, discuss on the answers for the questions","'99.84193420"
"'260","'LINE","'under this activity, and present your conclusions to the","'99.96791840"
"'260","'LINE","'class.","'100.00000000"
"'260","'LINE","'1. Consider two hypothetical compounds A and B","'96.84323883"
"'260","'LINE","'having the same molecular formula, C₄H₁₀. Both are","'92.98143005"
"'260","'LINE","'colorless and odorless gases at room temperature.","'99.92050934"
"'260","'LINE","'Compound A has a boiling point of - -1.0 °C whereas","'93.47981262"
"'260","'LINE","'B has a boiling point of -11.7 °C. Draw structure of","'96.42177582"
"'260","'LINE","'compound A and compound B. What is the relationship","'96.12579346"
"'260","'LINE","'between the two compounds? What conclusions can","'99.94908905"
"'260","'LINE","'?","'94.11132813"
"'260","'LINE","'you make about the physical properties of such pairs","'99.85393524"
"'260","'LINE","'of compounds?","'99.96014404"
"'260","'LINE","'2. Is the statement ""two compounds that have the same","'99.95385742"
"'260","'LINE","'molecular formula have the same properties"" true or","'99.90724945"
"'260","'LINE","'Activity 6.8","'99.85800171"
"'260","'LINE","'false? Explain your reasoning.","'99.92556000"
"'260","'LINE","'Exercise 6.4","'99.90234375"
"'260","'LINE","'1. Determine whether the pairs of structures in each of the following boxes are","'99.94524384"
"'260","'LINE","'isomers or simply different structural representation of the same compound.","'99.94842529"
"'260","'LINE","'Hint: If IUPAC names are different, the structures are also different.","'99.91354370"
"'260","'LINE","'(a)","'99.83318329"
"'260","'LINE","'&","'99.81445313"
"'260","'LINE","'(b)","'99.92187500"
"'260","'LINE","'&","'99.84375000"
"'260","'LINE","'CH₃","'97.18769836"
"'260","'LINE","'&","'99.68750000"
"'260","'LINE","'CH₂","'96.89811707"
"'260","'LINE","'CH","'98.69319916"
"'260","'LINE","'(c)","'98.99772644"
"'260","'LINE","'CH₃","'88.32848358"
"'260","'LINE","'CH₂","'84.06787872"
"'260","'LINE","'CH₃","'74.73313904"
"'260","'LINE","'(d)","'99.89257813"
"'260","'LINE","'&","'99.60937500"
"'260","'LINE","'254","'99.69726563"
"'261","'LINE","'Hydrocarbons and their Natural Sources","'99.97444916"
"'261","'LINE","'6.2.5 Preparation of Alkanes","'99.89013672"
"'261","'LINE","'At the end of this section, students will be able to","'99.98757172"
"'261","'LINE","'describe the general methods for preparation of alkanes in a laboratory;","'99.80845642"
"'261","'LINE","'synthesize methane in a laboratory by decarboxylation method;","'99.73906708"
"'261","'LINE","'carry out a project work to produce biogas from cow dung.","'98.33897400"
"'261","'LINE","'Alkanes are the major constituents of petroleum and natural gas. They are mainly","'99.95806885"
"'261","'LINE","'obtained by fractional distillation of petroleum. Alkanes can also be prepared in the","'99.96189117"
"'261","'LINE","'laboratory. Some methods of their preparation are as follows:","'99.96284485"
"'261","'LINE","'1. Hydrogenation of alkenes with a metal catalyst.","'99.56903839"
"'261","'LINE","'H","'92.34116364"
"'261","'LINE","'H","'83.61029053"
"'261","'LINE","'H","'81.18562317"
"'261","'LINE","'H","'83.04069519"
"'261","'LINE","'+ H","'92.59805298"
"'261","'LINE","'Pt","'99.61674500"
"'261","'LINE","'General Reaction:","'99.97070313"
"'261","'LINE","'C=C","'86.56397247"
"'261","'LINE","'2","'99.32617188"
"'261","'LINE","'H-","'87.75928497"
"'261","'LINE","'C","'50.29416656"
"'261","'LINE","'C","'69.96751404"
"'261","'LINE","'H","'92.87846375"
"'261","'LINE","'heat","'99.42382813"
"'261","'LINE","'R","'99.61834717"
"'261","'LINE","'H","'97.65544891"
"'261","'LINE","'R","'99.14062500"
"'261","'LINE","'H","'91.60794067"
"'261","'LINE","'Alkene","'99.99023438"
"'261","'LINE","'Alkane","'99.99023438"
"'261","'LINE","'H","'92.58032227"
"'261","'LINE","'H","'89.34330750"
"'261","'LINE","'H","'90.48050690"
"'261","'LINE","'H","'87.31803894"
"'261","'LINE","'+ H","'93.97351074"
"'261","'LINE","'Pt","'99.55655670"
"'261","'LINE","'C=C","'85.45121002"
"'261","'LINE","'2","'98.86718750"
"'261","'LINE","'H","'83.23919678"
"'261","'LINE","'C","'62.61080933"
"'261","'LINE","'C","'56.97883224"
"'261","'LINE","'H","'83.58916473"
"'261","'LINE","'heat","'99.32617188"
"'261","'LINE","'H","'95.50063324"
"'261","'LINE","'H","'85.76829529"
"'261","'LINE","'Example 6.4:","'99.86288452"
"'261","'LINE","'H","'87.92251587"
"'261","'LINE","'H","'87.65685272"
"'261","'LINE","'Ethene","'99.95037079"
"'261","'LINE","'Ethane","'99.89098358"
"'261","'LINE","'2. Würtz Synthesis (reaction). This method involves the reaction of a halogenated","'98.56721497"
"'261","'LINE","'alkane with sodium and the reaction is somewhat exothermic.","'99.95832825"
"'261","'LINE","'General reaction:","'99.94589233"
"'261","'LINE","'2R-X","'98.81277466"
"'261","'LINE","'+","'94.54022217"
"'261","'LINE","'2Na","'99.72656250"
"'261","'LINE","'R-R","'99.97070313"
"'261","'LINE","'+","'95.71209717"
"'261","'LINE","'2NaX","'99.06170654"
"'261","'LINE","'Halogenated","'99.99023438"
"'261","'LINE","'Alkane","'100.00000000"
"'261","'LINE","'Sodium halide","'99.92595673"
"'261","'LINE","'alkane/","'99.77220154"
"'261","'LINE","'Alkyl halide","'99.22751617"
"'261","'LINE","'Example 6.5:","'99.74041748"
"'261","'LINE","'2CH3CI","'68.19255829"
"'261","'LINE","'+","'96.41442108"
"'261","'LINE","'2Na","'99.04954529"
"'261","'LINE","'CH3 - CH3","'68.10586548"
"'261","'LINE","'+","'97.60582733"
"'261","'LINE","'2NaCl","'82.83422852"
"'261","'LINE","'Methyl chloride","'99.85112762"
"'261","'LINE","'Ethane","'99.95037079"
"'261","'LINE","'Sodium chloride","'99.96093750"
"'261","'LINE","'This reaction is named as Würtz reaction after the French chemist Charles-Adolphe","'98.95366669"
"'261","'LINE","'Würtz (1817-1884).","'88.28971863"
"'261","'LINE","'3. Heating sodium salt of an organic acid with soda lime (mixture of sodium hydroxide","'99.91647339"
"'261","'LINE","'and calcium oxide); the reaction brings about the removal of the carboxylate","'99.93572998"
"'261","'LINE","'group from the sodium salt of the carboxylic acid. This type of reaction is called","'99.99153900"
"'261","'LINE","'decarboxylation.","'98.78128815"
"'261","'LINE","'CaO","'95.18076324"
"'261","'LINE","'General reaction:","'99.95077515"
"'261","'LINE","'RCOONa","'99.71201324"
"'261","'LINE","'+","'93.09490204"
"'261","'LINE","'NaOH","'99.51351166"
"'261","'LINE","'R-H","'99.89257813"
"'261","'LINE","'+","'98.16326141"
"'261","'LINE","'Na₂CO₃","'79.23609161"
"'261","'LINE","'heat","'99.95117188"
"'261","'LINE","'Sodium salt","'99.96054077"
"'261","'LINE","'Alkane","'100.00000000"
"'261","'LINE","'Sodium carbonate","'99.92107391"
"'261","'LINE","'of carboxylic acid","'99.97721100"
"'261","'LINE","'255","'99.96093750"
"'262","'LINE","'Chemistry Grade 10","'99.92459869"
"'262","'LINE","'Example 6.6: (Preparation of methane by decarboxylation reaction)","'99.86534882"
"'262","'LINE","'CaO","'91.41024017"
"'262","'LINE","'CH₂COONa + NaOH","'82.40440369"
"'262","'LINE","'heat","'99.60937500"
"'262","'LINE","'CH₃-H + Na2CO3","'72.97950745"
"'262","'LINE","'Sodium acetate","'99.96582031"
"'262","'LINE","'Methane Sodium Carbonate","'99.94412994"
"'262","'LINE","'Methane is the main constituent (about 90%) of natural gas. It is obtained during","'99.90370941"
"'262","'LINE","'fractional distillation of petroleum. Methane is also formed by the decay of animal","'99.93498230"
"'262","'LINE","'and plant remains in swampy or marshy lands.","'99.97538757"
"'262","'LINE","'Note: The materials that can be used to produce biogas include dung from cattle,","'99.98088074"
"'262","'LINE","'pigs, chickens, chopped green plants and plant wastes. The advantages of biogas","'99.97674561"
"'262","'LINE","'technology include saving on fuel such as kerosene, wood and charcoal, and decrease","'99.96501923"
"'262","'LINE","'in local deforestation. The residue obtained after preparing the biogas can be used","'99.95800781"
"'262","'LINE","'as fertilizer.","'99.83687592"
"'262","'LINE","'Experiment 6.1","'99.58496094"
"'262","'LINE","'Laboratory Preparation of Methane","'99.99755859"
"'262","'LINE","'Objective: To prepare methane and study its properties.","'98.48288727"
"'262","'LINE","'Materials required: Sodium acetate (CH₃COONa) and soda lime (CaO, NaOH),","'94.35377502"
"'262","'LINE","'test tubes, delivery tube, stopper, gas jar and gas jar lid, pneumatic trough, stand,","'99.89500427"
"'262","'LINE","'clamp, beehive shelf, Bunsen burner and balance.","'99.98721313"
"'262","'LINE","'Procedure:","'99.99023438"
"'262","'LINE","'Arrange the assembly as shown in Figure 6.2. Mix thoroughly 5 g powdered","'99.83483887"
"'262","'LINE","'sodium acetate with 10 g of soda lime. Place the mixture in the test tube and","'99.88861847"
"'262","'LINE","'heat it. Collect the gas by the downward displacement of water. Collect several","'99.96257782"
"'262","'LINE","'jars of the gas.","'99.94040680"
"'262","'LINE","'256","'99.77539063"
"'263","'LINE","'Hydrocarbons and their Natural Sources","'99.99218750"
"'263","'LINE","'Rubber","'100.00000000"
"'263","'LINE","'Delivery tube","'99.99511719"
"'263","'LINE","'Stopper","'100.00000000"
"'263","'LINE","'Gas jar","'99.41665649"
"'263","'LINE","'Sodium acetate","'99.99511719"
"'263","'LINE","'Methane","'99.96014404"
"'263","'LINE","'+","'97.80193329"
"'263","'LINE","'Soda lime","'99.95117188"
"'263","'LINE","'Boiling tube","'99.99511719"
"'263","'LINE","'Pneumatic","'99.96014404"
"'263","'LINE","'trough","'100.00000000"
"'263","'LINE","'Bunsen","'100.00000000"
"'263","'LINE","'Water","'100.00000000"
"'263","'LINE","'Beehive","'100.00000000"
"'263","'LINE","'burner","'100.00000000"
"'263","'LINE","'Shelf","'100.00000000"
"'263","'LINE","'Figure 6.2 Laboratory preparation of methane.","'99.97545624"
"'263","'LINE","'Carry out the following activities with the collected gas:","'99.98905945"
"'263","'LINE","'Insert a burning splint into the jar full of the gas. Observe what happens in the jar.","'99.85792542"
"'263","'LINE","'Add Ca(OH)₂ solution to the jar and observe.","'95.45880890"
"'263","'LINE","'Add a few drops of bromine water to any one of the gas jars filled with methane.","'99.85911560"
"'263","'LINE","'Cover the gas jar and shake well.","'99.84636688"
"'263","'LINE","'Observations and analysis:","'99.96040344"
"'263","'LINE","'a. What is the colour of the gas? Is it soluble in water?","'99.62435150"
"'263","'LINE","'b. Is the gas combustible? Write a balanced equation for the change.","'99.79472351"
"'263","'LINE","'c. What change did you observe upon the addition of Ca(OH)₂","'91.15711212"
"'263","'LINE","'d. Is there any change when bromine water is added?","'99.97843170"
"'263","'LINE","'Write a laboratory report of your observations, and submit to your teacher.","'99.84671783"
"'263","'LINE","'Exercise 6.5","'99.93652344"
"'263","'LINE","'1. Write the products when:","'99.85208130"
"'263","'LINE","'a. CH₂CH=CH₂ reacts with hydrogen in the presence of Pt as catalyst","'97.10261536"
"'263","'LINE","'b. Ethyl bromide reacts with sodium metal","'99.86843109"
"'263","'LINE","'C. Sodium propanoate (CH₃CH₂COONa) reacts with soda lime","'91.81837463"
"'263","'LINE","'2. The reaction of a halogenated alkane with sodium is named in honor","'99.93378448"
"'263","'LINE","'of","'99.99023438"
"'263","'LINE","'257","'99.88281250"
"'264","'LINE","'Chemistry Grade 10","'99.94738770"
"'264","'LINE","'Experiment 6.2","'99.92147827"
"'264","'LINE","'Production of Methane from Cow Dung","'99.98183441"
"'264","'LINE","'Objective: To prepare biogas from locally available materials.","'97.80273438"
"'264","'LINE","'Materials required: Conical flask, cow dung, water, delivery tube with tap and","'98.30020142"
"'264","'LINE","'stopper with one hole.","'99.99267578"
"'264","'LINE","'Procedure:","'99.96014404"
"'264","'LINE","'1. Mix some cow dung with water and pour it into a conical flask, Figure 6.3.","'99.07801819"
"'264","'LINE","'2. Fit the conical flask with a stopper in which a delivery tube with a tap is inserted.","'99.61914825"
"'264","'LINE","'3. Cover the conical flask with a ball of cotton wool and place it near a window,","'99.49640656"
"'264","'LINE","'and leave it there for 3 to 4 days.","'99.92407227"
"'264","'LINE","'4. Check the formation of methane after 4 days. (Bring a lighted splint closer to the","'99.78930664"
"'264","'LINE","'outlet of the delivery tube and open the tap). See what happens.","'99.98759460"
"'264","'LINE","'Cotton wool","'99.95117188"
"'264","'LINE","'Cow dung + water","'99.72595978"
"'264","'LINE","'Figure 6.3 Preparation of methane gas from cow dung.","'97.92999268"
"'264","'LINE","'Observations and analysis:","'100.00000000"
"'264","'LINE","'a. What is the importance of covering the conical flask with cotton wool and placing","'99.72595978"
"'264","'LINE","'it near the window?","'99.96337891"
"'264","'LINE","'b. What is your observation when you bring a burning splint close to the outlet of","'99.68843079"
"'264","'LINE","'the tube?","'99.97030640"
"'264","'LINE","'c. In your opinion, what change did occur in the conical flask that led to the","'97.98235321"
"'264","'LINE","'formation of methane?","'99.93356323"
"'264","'LINE","'d. Write a laboratory report in a group and present it to the class.","'99.81916809"
"'264","'LINE","'258","'99.73632813"
"'265","'LINE","'Hydrocarbons and their Natural Sources","'99.98632813"
"'265","'LINE","'Project 6.1","'99.78964233"
"'265","'LINE","'1. In consultation with your classmates or friends, identify a place (Kebele or","'99.73565674"
"'265","'LINE","'neighboring Kebeles) where a biogas plant is at work..","'99.73949432"
"'265","'LINE","'2. Prepare data collection instrument (e.g. questionnaire)","'99.70423889"
"'265","'LINE","'3. Make a trip to visit the biogas plant and collect the information you require","'99.76327515"
"'265","'LINE","'4. Describe the method involved and depict it graphically","'99.96835327"
"'265","'LINE","'5. Develop a similar set-up and produce your own biogas. Collect it using balloons and","'99.80712128"
"'265","'LINE","'bring it to class. Take photos of your set-up and videos while you are constructing","'99.81456757"
"'265","'LINE","'and doing, and show it to your teacher.","'99.94935608"
"'265","'LINE","'6. With your sample, in balloon, conduct tests to answer the following questions:","'99.96282196"
"'265","'LINE","'a. What is the colour of the gas?","'99.67123413"
"'265","'LINE","'b. Is the gas combustible? Write a balanced equation for the change.","'99.72652435"
"'265","'LINE","'C. Is there any change when bromine water is added?","'97.58603668"
"'265","'LINE","'6.2.6 Chemical Properties of Alkanes","'99.91015625"
"'265","'LINE","'At the end of this section, students will be able to","'99.97758484"
"'265","'LINE","'describe the general methods for preparation of alkanes in a laboratory;","'99.76571655"
"'265","'LINE","'synthesize methane in a laboratory by decarboxylation method;","'99.74434662"
"'265","'LINE","'carryout a project work to produce biogas from cow dung.","'98.36451721"
"'265","'LINE","'1. You have learnt in grade 9 that atoms achieve their","'99.91249084"
"'265","'LINE","'valency by forming bonds to other atoms. Now,","'99.99013519"
"'265","'LINE","'?","'93.78906250"
"'265","'LINE","'you have just learnt that alkanes are saturated","'99.83577728"
"'265","'LINE","'compounds. Do you think they have the affinity to","'99.70344543"
"'265","'LINE","'react with other atoms or molecules?","'99.97219849"
"'265","'LINE","'2. Based on your experiences from the startup activity","'99.96266174"
"'265","'LINE","'of this unit and unit 4, can you suggest the most","'99.60169220"
"'265","'LINE","'Activity 6.9","'99.77050781"
"'265","'LINE","'important reaction of alkanes?","'99.95525360"
"'265","'LINE","'Alkanes are sometimes referred to as paraffins, a word derived from the Latin parum","'99.84786224"
"'265","'LINE","'affinis, meaning 'little affinity.' This term aptly describes their behavior, for alkanes","'99.65210724"
"'265","'LINE","'show a little chemical affinity for other substances and are chemically inert to most","'99.86111450"
"'265","'LINE","'laboratory reagents like acids, bases, oxidizing and reducing agents. They are also","'99.95776367"
"'265","'LINE","'relatively inert biologically and are not often involved in the chemistry of living","'99.96877289"
"'265","'LINE","'organisms.","'99.92028046"
"'265","'LINE","'Alkanes do, however, react with oxygen, halogens, and a few other substances under","'99.71083069"
"'265","'LINE","'appropriate conditions.","'99.92028046"
"'265","'LINE","'259","'99.92187500"
"'266","'LINE","'Chemistry Grade 10","'99.90832520"
"'266","'LINE","'1. Combustion Reaction:","'99.80661011"
"'266","'LINE","'Combustion is the most important reaction of alkanes. Reaction with oxygen occurs","'99.92800140"
"'266","'LINE","'during combustion in an engine or furnace when the alkane is used as a fuel. Carbon","'99.69513702"
"'266","'LINE","'dioxide and water are formed as products, and a large amount of heat is released.","'99.71511078"
"'266","'LINE","'The general equation for the combustion reaction of alkanes is:","'99.95143127"
"'266","'LINE","'CₙH₂ₙ₊₂","'52.03152847"
"'266","'LINE","'+","'88.99742889"
"'266","'LINE","'where n is number of C atoms","'93.08733368"
"'266","'LINE","'For example, methane (natural gas) reacts with oxygen according to the equation:","'99.83940125"
"'266","'LINE","'Example 6.7:CH4 + 202","'81.30206299"
"'266","'LINE","'CO2 + 2H2O + 890 kJ/mol (213 kcal/mol)","'93.59367371"
"'266","'LINE","'2C₄H₁₀","'66.27311707"
"'266","'LINE","'+","'87.72789764"
"'266","'LINE","'130₂","'50.67183304"
"'266","'LINE","'8CO2","'74.74310303"
"'266","'LINE","'+","'92.86132813"
"'266","'LINE","'10H2O","'82.80033875"
"'266","'LINE","'The heat energy liberated is used to generate electricity, to move motor vehicles or","'99.96983337"
"'266","'LINE","'to cook our food.","'99.95321655"
"'266","'LINE","'2. Substitution Reaction: This is a reaction that involves the replacement of one atom","'99.75368500"
"'266","'LINE","'or a group of atoms by another atom or group of atoms. Halogenation of alkanes","'99.91365051"
"'266","'LINE","'is a very good example of substitution reaction. This reaction involves reacting","'99.84699249"
"'266","'LINE","'alkanes with chlorine and bromine in presence of heat or sunlight. This type of","'99.96965790"
"'266","'LINE","'reaction is called a photochemical reaction. The reaction of alkanes with chlorine","'99.77540588"
"'266","'LINE","'and bromine proceeds in a sequence of steps. For example, let US consider the","'99.64758301"
"'266","'LINE","'photochemical reaction of methane with chlorine (chlorination):","'99.91330719"
"'266","'LINE","'i. Chain Initiating Step: This step involves the absorption of energy by the halogen","'99.94630432"
"'266","'LINE","'molecule to generate reactive particles known as free radicals. A free radical is","'98.63919067"
"'266","'LINE","'an atom or a group of atoms possessing an unpaired electron. A free radical is","'98.31470490"
"'266","'LINE","'electrically neutral. A chlorine molecule absorbs light and decomposes into two","'98.79170990"
"'266","'LINE","'chlorine atoms:","'99.97030640"
"'266","'LINE","'C1-C1 light 2Cl·","'61.24275970"
"'266","'LINE","'ii. Chain Propagating Step: This is a step involves reaction of the free radical","'99.74083710"
"'266","'LINE","'from step i with the alkane and that consumes a reactive particle (free radical)","'99.40251923"
"'266","'LINE","'produced in the chain initiation step and generates another free radical.","'99.98742676"
"'266","'LINE","'Cl. + CH₄ light HCl + CH₃'","'74.22825623"
"'266","'LINE","'iii. Chain Terminating Step: In the chain-terminating step reactive particles (free","'99.91901398"
"'266","'LINE","'radicals) are consumed but not generated.","'99.93070984"
"'266","'LINE","'CH₃' + Cl. CH₃Cl","'77.06415558"
"'266","'LINE","'Such a detailed step by step description of a chemical reaction is called a reaction","'99.71330261"
"'266","'LINE","'mechanism.","'99.88042450"
"'266","'LINE","'260","'99.57927704"
"'267","'LINE","'Hydrocarbons and their Natural Sources","'99.97265625"
"'267","'LINE","'3. Elimination reaction: This type of reaction involves the removal of smaller molecules","'99.93358612"
"'267","'LINE","'from a compound and leads to the formation of a compound containing a multiple","'99.70330048"
"'267","'LINE","'bond (unsaturated compound). It can also involve the removal of hydrogen atoms","'99.91979980"
"'267","'LINE","'from adjacent carbon atoms at relatively high temperatures.","'99.89058685"
"'267","'LINE","'H H","'94.70892334"
"'267","'LINE","'H","'98.77650452"
"'267","'LINE","'H","'94.07784271"
"'267","'LINE","'I","'65.48918152"
"'267","'LINE","'I","'64.05492401"
"'267","'LINE","'600-800 o C","'61.47048950"
"'267","'LINE","'+ H","'92.76765442"
"'267","'LINE","'H - C - C H","'69.29262543"
"'267","'LINE","'C=C","'92.57701111"
"'267","'LINE","'2","'98.81756592"
"'267","'LINE","'I","'62.46253204"
"'267","'LINE","'I","'73.48573303"
"'267","'LINE","'H","'95.46157837"
"'267","'LINE","'H","'97.80353546"
"'267","'LINE","'H H","'93.12739563"
"'267","'LINE","'Ethene","'99.93083954"
"'267","'LINE","'Ethane","'99.93083954"
"'267","'LINE","'Exercise 6.6","'99.95117188"
"'267","'LINE","'1. Alkanes are sometimes referred to as paraffins. Explain","'99.80971527"
"'267","'LINE","'2. Write the balanced equation for the combustion reaction of hexane","'99.97566986"
"'267","'LINE","'3. Write the major products of reaction of:","'99.97782898"
"'267","'LINE","'a. methane with bromine in the presence of light.","'99.81895447"
"'267","'LINE","'b. ethane is heated at 700 °C","'95.92258453"
"'267","'LINE","'4. Explain why alkanes do not undergo addition reaction","'99.96709442"
"'267","'LINE","'6.2.7 Cycloalkanes (Alicyclic Hydrocarbons)","'99.75550842"
"'267","'LINE","'Cycloalkanes are alkanes in which all or some of the carbon atoms are arranged in","'99.96593475"
"'267","'LINE","'a ring. Alkanes have the general formula CₙH₂ₙ₊₂ᵢ cycloalkanes containing a single","'94.55875397"
"'267","'LINE","'ring have two fewer hydrogen atoms than alkanes and thus have the general formula","'99.97750854"
"'267","'LINE","'CH₂ₙ, where n ≥ 3. Since cycloalkanes are alkanes themselves they have the same","'97.61489868"
"'267","'LINE","'properties as the alkanes we have described in the preceding sections. They are","'99.95762634"
"'267","'LINE","'also called alicyclic hydrocarbons (""ali"" stands for aliphatic). Examples include","'99.89341736"
"'267","'LINE","'cyclopropane, cyclobutane, cyclopentane, cyclohexane, etc. Note that the simplest","'99.84733582"
"'267","'LINE","'alicyclic compound is cyclopropane. You will learn more about this in upper grades.","'99.93979645"
"'267","'LINE","'cyclopropane","'99.93083954"
"'267","'LINE","'cyclobutane","'99.97070313"
"'267","'LINE","'cyclopentane","'99.87065887"
"'267","'LINE","'cyclohexane","'99.71121216"
"'267","'LINE","'261","'99.79492188"
"'268","'LINE","'Chemistry Grade 10","'99.94412994"
"'268","'LINE","'6.2.8 Uses of Alkanes","'99.96826172"
"'268","'LINE","'Have a look at the icon to the left? What comes to your","'99.81502533"
"'268","'LINE","'mind is the gasoline or diesel supplied at fuel stations.","'99.97542572"
"'268","'LINE","'You will soon learn that the liquid you see is principally","'99.77548218"
"'268","'LINE","'a mixture of alkanes. You have also learnt that they are","'99.87996674"
"'268","'LINE","'?","'88.05175781"
"'268","'LINE","'nonpolar molecules that have very little affinity to react","'99.94585419"
"'268","'LINE","'with other substances. Based on this information, discuss","'99.94407654"
"'268","'LINE","'on the most important uses of alkanes and present your","'99.96428680"
"'268","'LINE","'conclusions to the class.","'99.96521759"
"'268","'LINE","'Activity 6.10","'99.63378906"
"'268","'LINE","'Alkanes are primarily used as fuels. They are also used as solvents and raw materials","'99.97059631"
"'268","'LINE","'for making alkenes, alcohols, soaps, detergents and plastics.","'99.93522644"
"'268","'LINE","'Exercise 6.7","'99.86776733"
"'268","'LINE","'1. Define each of the following terms:","'99.91862488"
"'268","'LINE","'a. Homologous series","'99.25754547"
"'268","'LINE","'d. combustion reaction","'99.94386292"
"'268","'LINE","'b. substitution reaction","'99.89397430"
"'268","'LINE","'e. Isomerism","'98.30715942"
"'268","'LINE","'C. Alkyl radical","'92.43748474"
"'268","'LINE","'f. functional groups","'99.93110657"
"'268","'LINE","'2. Write the balanced chemical equation for the combustion of octane","'99.96561432"
"'268","'LINE","'3. How many chain isomers are there for an alkane that contains 7 carbon atoms?","'99.95014954"
"'268","'LINE","'4. Write IUPAC names for the alkanes represented by the following bond-line","'99.91483307"
"'268","'LINE","'structures.","'99.64126587"
"'268","'LINE","'(b)","'99.92187500"
"'268","'LINE","'Br","'99.89178467"
"'268","'LINE","'(a)","'99.83238983"
"'268","'LINE","'(d)","'99.96093750"
"'268","'LINE","'(c)","'99.37360382"
"'268","'LINE","'6.3 Unsaturated Hydrocarbons: Alkenes, Alkynes, and","'99.93409729"
"'268","'LINE","'Aromatic Hydrocarbons","'99.99511719"
"'268","'LINE","'At the end of this section, students will be able to","'99.97019958"
"'268","'LINE","'define unsaturated hydrocarbons;","'99.97017670"
"'268","'LINE","'define alkenes;","'99.96014404"
"'268","'LINE","'write the general formula of alkenes;","'99.96854401"
"'268","'LINE","'write the molecular formula first nine homologous series of alkenes.","'99.97112274"
"'268","'LINE","'262","'99.92187500"
"'269","'LINE","'Hydrocarbons and their Natural Sources","'99.96077728"
"'269","'LINE","'Alkenes, alkynes, and arenes (aromatic compounds) all contain carbon-carbon multiple","'99.74113464"
"'269","'LINE","'bonds and are unsaturated hydrocarbons.","'99.89879608"
"'269","'LINE","'6.3.1 Alkenes or Olefins","'99.81021881"
"'269","'LINE","'Alkenes are unsaturated hydrocarbons that contain at least one carbon-carbon","'99.86698914"
"'269","'LINE","'double bond and have an -ene ending in their names. They are also known as olefins.","'99.87701416"
"'269","'LINE","'They form a homologous series represented by the general formula CₙH₂ₙ, where n =","'97.80318451"
"'269","'LINE","'2,3,4,...","'84.05612183"
"'269","'LINE","'A. Homologous series of Alkenes","'92.64612579"
"'269","'LINE","'Ethene is the simplest alkene. Ethene and propene are among the most important","'99.97270966"
"'269","'LINE","'industrial Chemicals. Ethene is used as a starting material for the synthesis of many","'99.78993988"
"'269","'LINE","'industrial compounds, including ethanol, ethylene oxide, ethanal, and the polymer","'99.96518707"
"'269","'LINE","'polyethylene. Propene is used in making the polymer polypropylene, and, in addition","'99.96060944"
"'269","'LINE","'to other uses, propene is the starting material for the synthesis of acetone and cumene.","'99.96968079"
"'269","'LINE","'Ethene also occurs in nature as a plant hormone. It is produced naturally by fruits such","'99.70617676"
"'269","'LINE","'as tomatoes and bananas and is involved in the ripening process of these fruits.","'99.96698761"
"'269","'LINE","'H","'97.61160278"
"'269","'LINE","'H","'98.85702515"
"'269","'LINE","'CH₃","'97.80193329"
"'269","'LINE","'H","'98.44706726"
"'269","'LINE","'H","'96.38233185"
"'269","'LINE","'H","'86.93000793"
"'269","'LINE","'H","'86.54336548"
"'269","'LINE","'H","'96.50689697"
"'269","'LINE","'Ethene","'99.95037079"
"'269","'LINE","'Propene","'100.00000000"
"'269","'LINE","'Table 6.4 The homologous series of alkenes and their physical constants.","'99.95968628"
"'269","'LINE","'IUPAC","'99.97070313"
"'269","'LINE","'Molecular","'99.88042450"
"'269","'LINE","'Condensed Formula","'99.95565796"
"'269","'LINE","'M.P","'99.67135620"
"'269","'LINE","'B.P","'99.56472778"
"'269","'LINE","'Density","'100.00000000"
"'269","'LINE","'Name","'100.00000000"
"'269","'LINE","'formula","'99.93083954"
"'269","'LINE","'Ethene","'99.97070313"
"'269","'LINE","'C2H₄","'65.30991364"
"'269","'LINE","'CH2=CH₂","'56.33031845"
"'269","'LINE","'-169","'98.95348358"
"'269","'LINE","'-102","'99.54021454"
"'269","'LINE","'0.61 g/L","'93.68323517"
"'269","'LINE","'Propene","'99.91131592"
"'269","'LINE","'C₃H₆","'65.88568115"
"'269","'LINE","'CH₂=CH₂CH₃","'50.94547272"
"'269","'LINE","'-185","'99.36523438"
"'269","'LINE","'-48","'99.88281250"
"'269","'LINE","'0.61 g/L","'97.93048859"
"'269","'LINE","'1-butene","'96.23465729"
"'269","'LINE","'C₄H₈","'81.97943115"
"'269","'LINE","'CH2=CH₂CH₂CH₃","'50.82350540"
"'269","'LINE","'-130","'98.79723358"
"'269","'LINE","'-6.5","'99.89257813"
"'269","'LINE","'0.63 g/L","'97.50039673"
"'269","'LINE","'1-pentene","'93.90366364"
"'269","'LINE","'C₅H₁₀","'90.65589142"
"'269","'LINE","'CH2=CH₂(CH₂)₂CH₃","'57.58629608"
"'269","'LINE","'-130.5","'99.25701904"
"'269","'LINE","'30","'99.79093933"
"'269","'LINE","'0.64 g/L","'97.47020721"
"'269","'LINE","'1-hexene","'93.66709137"
"'269","'LINE","'C₆H₁₂","'86.64879608"
"'269","'LINE","'CH₂=CH₂(CH₂)₃CH₃","'34.37360382"
"'269","'LINE","'-138","'99.41326141"
"'269","'LINE","'63","'99.97070313"
"'269","'LINE","'0.67 g/L","'96.89124298"
"'269","'LINE","'1-heptene","'94.63349152"
"'269","'LINE","'C₇H₁₄","'95.98851776"
"'269","'LINE","'CH₂=CH₂(CH₂),CH₃","'36.25159454"
"'269","'LINE","'-119","'98.03033447"
"'269","'LINE","'93","'99.97070313"
"'269","'LINE","'0.69 g/L","'97.78231049"
"'269","'LINE","'1-octene","'87.73756409"
"'269","'LINE","'C₈H₁₆","'78.21647644"
"'269","'LINE","'CH₂=CH₂(CH₂) SCH₃","'20.26925278"
"'269","'LINE","'-104","'99.26598358"
"'269","'LINE","'122","'99.67773438"
"'269","'LINE","'0.72 g/L","'96.62996674"
"'269","'LINE","'1-nonene","'84.41804504"
"'269","'LINE","'C₉H₁₈","'78.18817139"
"'269","'LINE","'CH₂=CH₂(CH₂) CH₃","'38.55488586"
"'269","'LINE","'-95","'99.81445313"
"'269","'LINE","'146","'99.80388641"
"'269","'LINE","'0.73 g/L","'96.88277435"
"'269","'LINE","'1-decene","'92.91753387"
"'269","'LINE","'C₁₀H₂₀","'85.45658875"
"'269","'LINE","'CH2=CH₂(CH₂),CH₃","'31.68865776"
"'269","'LINE","'-87","'99.95117188"
"'269","'LINE","'171","'99.71520233"
"'269","'LINE","'0.74 g/L","'96.01721954"
"'269","'LINE","'263","'99.67693329"
"'270","'LINE","'Chemistry Grade 10","'99.91809082"
"'270","'LINE","'Exercise 6.8","'99.84375000"
"'270","'LINE","'1. Define alkene and explain how it differs from alkanes","'99.93807983"
"'270","'LINE","'2. Describe the general characteristics of the homologous series of alkenes","'99.96035767"
"'270","'LINE","'3. The molecular formulae for the first three members of an alkene series are","'99.97599792"
"'270","'LINE","'C2H₄, C3H₆ and C₄H₈. Derive the general formula for alkenes and compare it","'90.37094116"
"'270","'LINE","'with that of alkanes. Is there a difference in the number of hydrogen atoms?","'99.88169098"
"'270","'LINE","'4. By referring to Table 6.4, what relationship do you observe between the","'99.77954865"
"'270","'LINE","'number of carbon atoms and the melting point, boiling point and density?","'99.97688293"
"'270","'LINE","'Discuss with your group and present it to the class.","'99.97933197"
"'270","'LINE","'5. Write the molecular formula of the first 10 members of the alkene homologous","'99.94594574"
"'270","'LINE","'series","'100.00000000"
"'270","'LINE","'6. Draw their condensed structures and bond line representations following the","'99.96938324"
"'270","'LINE","'examples provided hereunder.","'99.97043610"
"'270","'LINE","'CH₃","'96.08477783"
"'270","'LINE","'Condensed structures: CH₂=CH₂ CH₃-CH=CH₂","'86.11402893"
"'270","'LINE","'c=CH₂","'31.37227058"
"'270","'LINE","'CH₃","'86.72164154"
"'270","'LINE","'Line-bond formula:","'99.59393311"
"'270","'LINE","'IUPAC name:","'99.88769531"
"'270","'LINE","'Ethene","'99.96014404"
"'270","'LINE","'Propene","'99.96014404"
"'270","'LINE","'2-Methylpropene","'99.00829315"
"'270","'LINE","'Common name:","'99.94100952"
"'270","'LINE","'Ethylene","'99.95037079"
"'270","'LINE","'Propylene","'99.97070313"
"'270","'LINE","'Isobutylene","'99.64205933"
"'270","'LINE","'B. Nomenclature of Alkenes","'94.38018036"
"'270","'LINE","'At the end of this section, students will be able to use IUPAC rules to name straight and","'99.91728973"
"'270","'LINE","'branched chain alkenes.","'99.99674225"
"'270","'LINE","'Alkenes can have common names as well as IUPAC names. The common names of","'99.96291351"
"'270","'LINE","'alkenes are obtained by replacing the - ane of the corresponding alkane with -ylene'","'98.54015350"
"'270","'LINE","'as illustrated below:","'99.93463135"
"'270","'LINE","'CH₂=CH₂","'70.23696136"
"'270","'LINE","'CH₃CH=CH₂","'84.87245178"
"'270","'LINE","'Ethylene","'99.52965546"
"'270","'LINE","'Propylene","'99.53044891"
"'270","'LINE","'Parent","'99.91131592"
"'270","'LINE","'name","'99.95117188"
"'270","'LINE","'Suffix","'99.84375000"
"'270","'LINE","'The IUPAC rules for naming alkenes are similar in many respects to those for naming","'99.98491669"
"'270","'LINE","'alkanes:","'99.93083954"
"'270","'LINE","'264","'99.84375000"
"'271","'LINE","'Hydrocarbons and their Natural Sources","'99.97054291"
"'271","'LINE","'1. Determine the parent name by selecting the longest chain that contains the double","'99.94857025"
"'271","'LINE","'bond and change the ending of the name of the alkane of identical length from","'99.99668884"
"'271","'LINE","'-ane to -ene. Thus, if the longest chain contains five carbon atoms, the parent","'99.35385895"
"'271","'LINE","'name for the alkene is pentene; if it contains six carbon atoms, the parent name","'99.96723175"
"'271","'LINE","'is hexene, and so on.","'97.21842957"
"'271","'LINE","'2. Number the chain so as to include both carbon atoms of the double bond, and","'99.02684021"
"'271","'LINE","'begin numbering at the end of the chain nearer the double bond. Designate the","'99.97309113"
"'271","'LINE","'location of the double bond by using the number of the first atom of the double","'99.99008942"
"'271","'LINE","'bond as a locant. The locant for the alkene suffix may precede the parent name","'99.84900665"
"'271","'LINE","'or be placed immediately before the suffix.","'99.98175049"
"'271","'LINE","'1","'95.51518250"
"'271","'LINE","'234","'99.32238770"
"'271","'LINE","'Example 6.8: CH2 = CHCH₂CH 3","'81.85120392"
"'271","'LINE","'3 H = CHCH₂CH₂CH₂","'62.54618835"
"'271","'LINE","'1-Butene","'89.85430908"
"'271","'LINE","'2-Hexene","'99.06090546"
"'271","'LINE","'(not 3-butene)","'98.51323700"
"'271","'LINE","'(not 4-hexene)","'98.28981781"
"'271","'LINE","'3. Indicate the locations of the substituent groups by the numbers of the carbon","'99.91620636"
"'271","'LINE","'atoms to which they are attached:","'99.98033905"
"'271","'LINE","'Structural","'99.93083954"
"'271","'LINE","'Bond-line","'99.83318329"
"'271","'LINE","'Structural","'99.93083954"
"'271","'LINE","'Bond-line","'99.83318329"
"'271","'LINE","'CH₃","'96.10809326"
"'271","'LINE","'1","'98.56365204"
"'271","'LINE","'CH₃","'96.86543274"
"'271","'LINE","'3","'96.79547882"
"'271","'LINE","'1","'98.38707733"
"'271","'LINE","'3","'98.31413269"
"'271","'LINE","'5","'99.36363983"
"'271","'LINE","'CH","'97.73198700"
"'271","'LINE","'CH","'94.09996796"
"'271","'LINE","'2","'99.44255829"
"'271","'LINE","'4","'97.85973358"
"'271","'LINE","'4","'90.98394012"
"'271","'LINE","'CH₃","'93.93494415"
"'271","'LINE","'2","'98.25195313"
"'271","'LINE","'4","'91.84251404"
"'271","'LINE","'6","'89.11382294"
"'271","'LINE","'6","'97.65465546"
"'271","'LINE","'2","'88.96892548"
"'271","'LINE","'2","'99.28710938"
"'271","'LINE","'4","'98.52299500"
"'271","'LINE","'c","'70.28320313"
"'271","'LINE","'1","'93.59295654"
"'271","'LINE","'3","'93.73306274"
"'271","'LINE","'CH₃","'86.16719055"
"'271","'LINE","'CH₂","'32.46990585"
"'271","'LINE","'CH₃","'73.17183685"
"'271","'LINE","'CH₃","'83.07537079"
"'271","'LINE","'CH","'92.72301483"
"'271","'LINE","'1","'93.50765228"
"'271","'LINE","'3","'95.68878174"
"'271","'LINE","'CH₃","'97.66262817"
"'271","'LINE","'2-methyl-2-butene 2-methyl-2-butene","'99.13175964"
"'271","'LINE","'2,5-dimethyl-2-hexene","'90.80278015"
"'271","'LINE","'2,5-dimethyl-2-hexene","'99.10335541"
"'271","'LINE","'CH₃","'78.98337555"
"'271","'LINE","'4","'92.97692108"
"'271","'LINE","'3","'89.81564331"
"'271","'LINE","'21","'87.37810516"
"'271","'LINE","'CH₂CH = CHCH₂CI","'50.05560684"
"'271","'LINE","'CH₃","'81.46025848"
"'271","'LINE","'5,5-Dimethyl-2-hexene","'93.89270020"
"'271","'LINE","'1-chloro-2-butene","'94.28511810"
"'271","'LINE","'or 5,5-dimethylhex-2-ene","'98.24348450"
"'271","'LINE","'or 1-chlorobut-2-ene","'95.97337341"
"'271","'LINE","'Many older names for alkenes are still in common use. Ethene is often called ethylene,","'99.95400238"
"'271","'LINE","'Propene is often called propylene, and 2-methylpropene is often called isobutylene.","'99.76274109"
"'271","'LINE","'265","'99.89257813"
"'272","'LINE","'Chemistry Grade 10","'99.93436432"
"'272","'LINE","'CH₃","'94.33135223"
"'272","'LINE","'Condensed structures: CH₂=CH₂ CH₃-CH=CH₂","'87.17628479"
"'272","'LINE","'c=CH₂","'27.30787659"
"'272","'LINE","'CH₃","'90.09307098"
"'272","'LINE","'Line-bond formula:","'99.63179779"
"'272","'LINE","'=","'90.11559296"
"'272","'LINE","'IUPAC name:","'99.95117188"
"'272","'LINE","'Ethene","'99.96014404"
"'272","'LINE","'Propene","'100.00000000"
"'272","'LINE","'2-Methylpropene","'99.00909424"
"'272","'LINE","'Common name:","'99.96054077"
"'272","'LINE","'Ethylene","'99.99023438"
"'272","'LINE","'Propylene","'99.99023438"
"'272","'LINE","'Isobutylene","'99.76164246"
"'272","'LINE","'4. Two frequently encountered alkenyl groups are the vinyl group and the allyl","'99.91815186"
"'272","'LINE","'group:","'99.96093750"
"'272","'LINE","'CH₂=CH-","'61.10072708"
"'272","'LINE","'CH₂=CH-CH₂-","'82.43642426"
"'272","'LINE","'vinyl","'98.82732391"
"'272","'LINE","'allyl","'96.45188904"
"'272","'LINE","'Using substitutive nomenclature, the vinyl and allyl groups are called ethenyl and","'99.84977722"
"'272","'LINE","'prop-2-en-1-yl, respectively. The following examples illustrate how these names are","'99.66057587"
"'272","'LINE","'employed:","'99.92107391"
"'272","'LINE","'Br","'99.48162079"
"'272","'LINE","'CI","'96.34665680"
"'272","'LINE","'Bromoethene","'99.71121216"
"'272","'LINE","'Ethenylcyclopropane","'98.52678680"
"'272","'LINE","'3-chloropropene","'99.59721375"
"'272","'LINE","'3-cyclohexylpropene","'97.67239380"
"'272","'LINE","'or","'99.93164063"
"'272","'LINE","'or","'99.93164063"
"'272","'LINE","'or","'99.95117188"
"'272","'LINE","'or","'99.95117188"
"'272","'LINE","'vinyl bromide","'99.80189514"
"'272","'LINE","'vinylcyclopropane","'98.97421265"
"'272","'LINE","'allyl chloride","'99.49636841"
"'272","'LINE","'allylcyclohexane","'98.96444702"
"'272","'LINE","'(common)","'99.83079529"
"'272","'LINE","'(common)","'99.84056091"
"'272","'LINE","'Exercise 6.9","'99.80957031"
"'272","'LINE","'Give IUPAC names for the following alkenes:","'99.99011993"
"'272","'LINE","'(a)","'99.95037079"
"'272","'LINE","'(b)","'99.97070313"
"'272","'LINE","'(c)","'97.89879608"
"'272","'LINE","'(d)","'99.97070313"
"'272","'LINE","'266","'99.87304688"
"'273","'LINE","'Hydrocarbons and their Natural Sources","'99.98030853"
"'273","'LINE","'C.","'86.04093933"
"'273","'LINE","'Physical Properties of Alkenes","'99.98027039"
"'273","'LINE","'At the end of this section, students will be able to use IUPAC rules to name straight and","'99.91896057"
"'273","'LINE","'branched chain alkenes","'99.96014404"
"'273","'LINE","'Discuss on the following questions in a group and","'99.88890076"
"'273","'LINE","'present your conclusions to the class.","'99.94712067"
"'273","'LINE","'1. Are alkenes polar or nonpolar molecules?","'99.85214996"
"'273","'LINE","'2. Do you think the physical properties of alkenes are","'99.64564514"
"'273","'LINE","'different from alkanes?","'99.94033813"
"'273","'LINE","'3. Are alkenes soluble in water? What about in carbon","'99.95467377"
"'273","'LINE","'tetrachloride?","'99.60219574"
"'273","'LINE","'?","'94.13006592"
"'273","'LINE","'4. Can you explain the trends in boiling points, melting","'99.80102539"
"'273","'LINE","'points, and density of alkenes as molecular weight","'99.95066833"
"'273","'LINE","'increases?","'99.73154449"
"'273","'LINE","'5. Which alkenes are gases, which liquids, and which","'99.95832825"
"'273","'LINE","'Activity 6.11","'99.33554077"
"'273","'LINE","'ones are solids?","'99.93814850"
"'273","'LINE","'D.","'99.91210938"
"'273","'LINE","'Isomerism in Alkenes","'99.96040344"
"'273","'LINE","'At the end of this section, students will be able to","'99.97307587"
"'273","'LINE","'write possible structural isomers for C₄H₈ and C₅H₁₀","'95.05674744"
"'273","'LINE","'define geometric (cis-trans) isomerism;","'99.78909302"
"'273","'LINE","'give examples of molecules that show geometric isomerism;","'99.96766663"
"'273","'LINE","'construct models that show cis-trans isomerism.","'99.23695374"
"'273","'LINE","'Alkenes containing two and three carbon atoms have only one possible structure.","'99.99592590"
"'273","'LINE","'Alkenes containing four or more carbon atoms exhibit isomerism. In the preceding","'99.95132446"
"'273","'LINE","'section, you learnt that alkanes exhibit chain isomerism. In addition to chain isomerism,","'99.59464264"
"'273","'LINE","'however, alkenes show two more types of isomerism:","'99.93532562"
"'273","'LINE","'Chain isomerism: This is due to the difference in the arrangement of the carbon","'99.96675873"
"'273","'LINE","'atoms in the longest continuous carbon chain.","'99.93468475"
"'273","'LINE","'For example, in the two compounds 1-pentene and 2-methyl-1-butene, the position","'98.55050659"
"'273","'LINE","'of the double bond is the same. However, in 1-pentene the carbon chain is linear","'99.69439697"
"'273","'LINE","'whereas in 2-methyl-1-butene it is branched. Thus, 1-pentene and 2-methyl-1-","'98.30986786"
"'273","'LINE","'butene are chain isomers (See structures below).","'99.94502258"
"'273","'LINE","'Position isomerism: This is due to the difference in the position of the double bond","'99.96240997"
"'273","'LINE","'in the carbon chain.","'99.97294617"
"'273","'LINE","'c","'68.25972748"
"'273","'LINE","'a","'98.82653046"
"'273","'LINE","'1-pentene","'98.40620422"
"'273","'LINE","'2-pentene","'99.81445313"
"'273","'LINE","'267","'99.88281250"
"'274","'LINE","'Chemistry Grade 10","'99.92459869"
"'274","'LINE","'b","'99.88281250"
"'274","'LINE","'d","'98.77072906"
"'274","'LINE","'2-methyl-1-butene","'98.37532043"
"'274","'LINE","'2-methyl-2-butene","'99.24903870"
"'274","'LINE","'Compounds (a) and (c) represent the position isomers of pentene, (b) and (d) are","'99.81748199"
"'274","'LINE","'position isomers of methylbutene, (a), and (b) or (a) and (d) are the chain isomers,","'99.80181885"
"'274","'LINE","'while all these compounds are the isomers of C₅H₁₂.","'97.85499573"
"'274","'LINE","'Geometrical isomerism. This results from the difference in the relative spatial","'99.97382355"
"'274","'LINE","'arrangement of atoms or groups about the double bond. This isomerism exists","'99.96366119"
"'274","'LINE","'because free rotation about the double bond is not possible. To differentiate","'99.50351715"
"'274","'LINE","'geometrical isomers, we use the prefix 'cis' if two similar groups are on the same","'99.47904968"
"'274","'LINE","'side of the double bond and 'trans' when the two similar groups are on opposite","'99.91382599"
"'274","'LINE","'sides of it; 'cis' means the same and 'trans' means across. The geometrical isomers","'99.58611298"
"'274","'LINE","'of 2-butene are:","'99.92187500"
"'274","'LINE","'CH₃","'77.79954529"
"'274","'LINE","'CH3","'58.77890015"
"'274","'LINE","'CH₃","'71.07402039"
"'274","'LINE","'H","'97.08525848"
"'274","'LINE","'H","'88.39465332"
"'274","'LINE","'H","'93.70037079"
"'274","'LINE","'H","'91.21572113"
"'274","'LINE","'CH₃","'69.37998199"
"'274","'LINE","'cis-2-butene or cis-but-2-ene","'99.58772278"
"'274","'LINE","'trans-2-butene or trans-but-2-ene","'99.59342957"
"'274","'LINE","'Note: Not all alkenes have geometrical (cis-trans) isomers; alkenes cannot have","'99.89505768"
"'274","'LINE","'geometrical isomers if two identical groups are attached to any one of the carbon","'99.95554352"
"'274","'LINE","'atoms linked by a double bond. E.g. 1-pentene cannot exhibit cis-trans isomerism.","'99.27762604"
"'274","'LINE","'Exercise 6.10","'99.58984375"
"'274","'LINE","'1. Explain the type of isomerism (chain or position) in:","'99.89674377"
"'274","'LINE","'a. 2-pentene and 2-methyl-2-butene","'98.94127655"
"'274","'LINE","'b. 1-hexene and 2-methyl-1-pentene","'96.71356964"
"'274","'LINE","'2. Explain why the boiling points and other physical properties of alkenes","'99.98183441"
"'274","'LINE","'increase with increasing molecular weight","'99.98014832"
"'274","'LINE","'3. Write three position isomers of hexene.","'99.97466278"
"'274","'LINE","'268","'99.69726563"
"'275","'LINE","'Hydrocarbons and their Natural Sources","'99.99218750"
"'275","'LINE","'4. Write structural formulas for the following:","'99.95897675"
"'275","'LINE","'a. cis-3-Octene","'99.08303070"
"'275","'LINE","'b. 1-Bromo-2-methyl-1-(prop-2-en-1-y. cyclopentane","'83.33586121"
"'275","'LINE","'C. trans-2-Hexene","'86.79528046"
"'275","'LINE","'d. 3,4-Dimethylcyclopentene","'99.00709534"
"'275","'LINE","'e. 2,4-Dimethyl-2-pentene","'86.21492004"
"'275","'LINE","'f. Vinylcyclopentane","'99.49517822"
"'275","'LINE","'g. trans-1-Chlorobut-2-ene","'97.88993073"
"'275","'LINE","'h. 1,2-Dichlorocyclohexene","'99.01078033"
"'275","'LINE","'i. 4,5-Dibromo-1-pentene","'98.57242584"
"'275","'LINE","'i. trans-1,4-Dichloro-2-pentene","'92.78340149"
"'275","'LINE","'Project 6.2","'99.76034546"
"'275","'LINE","'Prepare a model from locally available materials, to show the cis-trans isomers of","'99.47323608"
"'275","'LINE","'2-butene.","'99.17729187"
"'275","'LINE","'E.","'77.98847961"
"'275","'LINE","'Preparation of Alkenes","'99.99674225"
"'275","'LINE","'At the end of this section, students will be able to","'99.97840881"
"'275","'LINE","'explain the general method for preparation of alkenes in a laboratory;","'99.83094025"
"'275","'LINE","'produce ethylene in a laboratory by dehydration of ethanol.","'99.71492004"
"'275","'LINE","'Alkenes are mainly obtained during fractional distillation of petroleum when the","'99.93492126"
"'275","'LINE","'process called cracking is carried out.","'99.97870636"
"'275","'LINE","'In the laboratory, alkenes can be prepared by:","'99.94050598"
"'275","'LINE","'Dehydration of alcohols with concentrated sulphuric acid or alumina (AI₂O₃).","'97.04693604"
"'275","'LINE","'Dehydration means removal of water.","'99.98030853"
"'275","'LINE","'General Reaction:","'99.99511719"
"'275","'LINE","'H","'93.61926270"
"'275","'LINE","'OH","'50.89544678"
"'275","'LINE","'water molecule removed,","'99.82508087"
"'275","'LINE","'R","'98.95427704"
"'275","'LINE","'H","'88.53157043"
"'275","'LINE","'H2SO4","'43.06939697"
"'275","'LINE","'R","'99.13903046"
"'275","'LINE","'H","'89.30883789"
"'275","'LINE","'+","'92.80193329"
"'275","'LINE","'hence dehydration","'99.97070313"
"'275","'LINE","'2","'91.64800262"
"'275","'LINE","'heat","'99.28710938"
"'275","'LINE","'H","'89.75426483"
"'275","'LINE","'H","'86.19200897"
"'275","'LINE","'H","'89.10176086"
"'275","'LINE","'H","'89.83158875"
"'275","'LINE","'Alcohol","'99.97070313"
"'275","'LINE","'Alkene","'99.99023438"
"'275","'LINE","'H","'96.75960541"
"'275","'LINE","'OH","'58.33465958"
"'275","'LINE","'H","'89.07266235"
"'275","'LINE","'H","'98.65852356"
"'275","'LINE","'H2SO4","'41.16729355"
"'275","'LINE","'H","'94.98883820"
"'275","'LINE","'H","'87.54364777"
"'275","'LINE","'+ H2O","'94.56732178"
"'275","'LINE","'Example 6.9:","'99.73961639"
"'275","'LINE","'heat","'99.83318329"
"'275","'LINE","'H","'92.96077728"
"'275","'LINE","'H","'90.13412476"
"'275","'LINE","'H","'98.41836548"
"'275","'LINE","'H","'92.85853577"
"'275","'LINE","'Ethanol","'99.92028046"
"'275","'LINE","'Ethene","'99.95037079"
"'275","'LINE","'269","'99.81445313"
"'276","'LINE","'Chemistry Grade 10","'99.95389557"
"'276","'LINE","'Dehydrohalogenation of alkyl halides with a base (KOH). Dehydrohalogenation","'99.48335266"
"'276","'LINE","'means the removal of hydrogen and a halogen atom. Alkyl halides are compounds","'99.79437256"
"'276","'LINE","'of an alkyl group and a halogen such as CH₃CI and CH₃ - CH₂ - Br.","'92.98587799"
"'276","'LINE","'General Reaction:","'99.99511719"
"'276","'LINE","'H X","'90.72026825"
"'276","'LINE","'R","'99.80388641"
"'276","'LINE","'H","'92.25984955"
"'276","'LINE","'+ KOH","'95.87870789"
"'276","'LINE","'R","'99.68669891"
"'276","'LINE","'H","'84.56692505"
"'276","'LINE","'+","'99.24724579"
"'276","'LINE","'KX","'60.14030457"
"'276","'LINE","'+","'99.33513641"
"'276","'LINE","'H2O","'88.57760620"
"'276","'LINE","'H","'96.06764221"
"'276","'LINE","'H","'90.20826721"
"'276","'LINE","'H","'89.45571899"
"'276","'LINE","'H","'94.82063293"
"'276","'LINE","'Alkyl halide","'99.56592560"
"'276","'LINE","'Alkene","'99.99023438"
"'276","'LINE","'H","'90.08589935"
"'276","'LINE","'Br","'98.47576904"
"'276","'LINE","'H","'96.22468567"
"'276","'LINE","'H","'84.90533447"
"'276","'LINE","'Example 6.10:","'99.42831421"
"'276","'LINE","'H","'95.98792267"
"'276","'LINE","'H + KOH","'92.08638763"
"'276","'LINE","'+ KBr + H2O","'96.66862488"
"'276","'LINE","'H","'86.45806885"
"'276","'LINE","'H","'95.74139404"
"'276","'LINE","'H","'83.79244995"
"'276","'LINE","'H","'88.85144043"
"'276","'LINE","'Ethyl bromide","'99.64036560"
"'276","'LINE","'Ethene","'99.95037079"
"'276","'LINE","'Exercise 6.11","'99.82421875"
"'276","'LINE","'1. In the above two methods of preparations of alkenes, (a) what difference do","'99.91004181"
"'276","'LINE","'you observe between the structures of the major reactant and the product?","'99.88625336"
"'276","'LINE","'2. Write the complete and balanced chemical equations for each of the following","'99.99699402"
"'276","'LINE","'reactions:","'99.96014404"
"'276","'LINE","'OH","'61.71257019"
"'276","'LINE","'H2SO₄","'44.06090546"
"'276","'LINE","'a) CH₃ - CH - CH₃ heat","'80.85072327"
"'276","'LINE","'Br","'96.53160858"
"'276","'LINE","'b) CH₃ - CH - CH₃ + KOH","'84.70114899"
"'276","'LINE","'OH","'88.36575317"
"'276","'LINE","'H2SO₄","'43.70236588"
"'276","'LINE","'heat","'99.80468750"
"'276","'LINE","'c)","'96.61989594"
"'276","'LINE","'270","'99.83318329"
"'277","'LINE","'Hydrocarbons and their Natural Sources","'99.98226166"
"'277","'LINE","'Experiment 6.3","'99.85640717"
"'277","'LINE","'10.0g","'71.30670166"
"'277","'LINE","'Laboratory Preparation of Ethene","'99.98759460"
"'277","'LINE","'Objective: To prepare ethene and study some of its properties","'98.76947021"
"'277","'LINE","'Materials required: Ethanol, concentrated H2SO4, water, bromine water, basic","'93.13086700"
"'277","'LINE","'KMnO₄. Round-bottomed flask, stopper, delivery tube, gas jar, pneumatic trough,","'98.74192810"
"'277","'LINE","'thermometer, tripod, Bunsen burner, stand and clamp, beehive shelf and wire","'99.99275208"
"'277","'LINE","'gauze.","'99.96093750"
"'277","'LINE","'Procedure:","'99.96014404"
"'277","'LINE","'1. Arrange the set-up as shown in Figure 6.4","'99.88770294"
"'277","'LINE","'2. Take ethanol in the flask and add concentrated H2SO4 through the thistle","'96.71041107"
"'277","'LINE","'funnel; heat carefully until the temperature reaches about 170°C. Discard the","'97.66949463"
"'277","'LINE","'initially formed gas as it might contain air; collect the ethene gas in three gas","'99.96728516"
"'277","'LINE","'jars by downward displacement of water; perform the following activities.","'99.95623016"
"'277","'LINE","'a. Insert a lighted splint into the jar containing the gas and see what happens.","'99.50046539"
"'277","'LINE","'b. Add two drops of bromine water to the other gas jar, cover the jar and shake","'99.85601044"
"'277","'LINE","'well.","'100.00000000"
"'277","'LINE","'c. Add a few drops of alkaline KMnO₄ solution to another jar containing the gas","'96.35294342"
"'277","'LINE","'and observe what happens.","'99.98759460"
"'277","'LINE","'Thistle","'99.83398438"
"'277","'LINE","'funnel","'99.97070313"
"'277","'LINE","'Ethene","'99.93083954"
"'277","'LINE","'Flask","'99.99023438"
"'277","'LINE","'Ethanol","'100.00000000"
"'277","'LINE","'Inverted","'100.00000000"
"'277","'LINE","'+","'98.32928467"
"'277","'LINE","'gas jar","'99.69816589"
"'277","'LINE","'Stand","'99.97070313"
"'277","'LINE","'Concentrated","'100.00000000"
"'277","'LINE","'sulphuric acid","'99.99023438"
"'277","'LINE","'Burner","'99.97070313"
"'277","'LINE","'800","'62.79575729"
"'277","'LINE","'Beehive shelf","'99.99023438"
"'277","'LINE","'Water","'99.99023438"
"'277","'LINE","'Figure 6.4 Preparation of Ethene.","'99.94287872"
"'277","'LINE","'Observations and analysis:","'99.95715332"
"'277","'LINE","'a. What is the colour and odour of the gas?","'99.44146729"
"'277","'LINE","'b. What is the substance left after combustion of the gas in the jar?","'99.85014343"
"'277","'LINE","'C. What change is observed when the gas is shaken with bromine water or alkaline","'96.79305267"
"'277","'LINE","'potassium permanganate? Write equations for the reactions?","'99.94026947"
"'277","'LINE","'271","'99.63628387"
"'278","'LINE","'Chemistry Grade 10","'99.94412994"
"'278","'LINE","'d. Name the dehydrating agent used in the experiment?","'99.96601105"
"'278","'LINE","'e. Which method of preparation of an alkene is used in this experiment?","'99.44557953"
"'278","'LINE","'Write a laboratory report about the experiment and submit to your teacher.","'99.81771088"
"'278","'LINE","'Write a laboratory report in a group and present it to the class.","'99.73792267"
"'278","'LINE","'F.","'99.83238983"
"'278","'LINE","'Chemical Properties of Alkenes","'99.98515320"
"'278","'LINE","'At the end of this section, students will be able to explain chemical properties of","'99.99208069"
"'278","'LINE","'alkenes.","'100.00000000"
"'278","'LINE","'?","'86.28337860"
"'278","'LINE","'Do you think alkenes are more or less reactive than","'99.85772705"
"'278","'LINE","'alkanes? Explain","'99.96542358"
"'278","'LINE","'Can alkenes undergo combustion reaction? What do","'99.95304871"
"'278","'LINE","'you think is the most important reaction of alkenes?","'99.85176086"
"'278","'LINE","'Activity 6.12","'99.76562500"
"'278","'LINE","'Alkenes are unsaturated hydrocarbons containing double bond (a strong bond and","'99.92604065"
"'278","'LINE","'a weak bond) between the two carbon atoms. They are more reactive than alkanes","'99.90946198"
"'278","'LINE","'because the weak bond can be used for further reaction. They undergo several types","'99.98303223"
"'278","'LINE","'of reactions.","'99.96014404"
"'278","'LINE","'Combustion reaction. Alkenes burn in oxygen with a luminous flame to form carbon","'99.88085175"
"'278","'LINE","'dioxide and water.","'100.00000000"
"'278","'LINE","'General reaction:","'99.97518921"
"'278","'LINE","'CH2n + (3n/2)O₂ nCO2 + nH2O + Heat","'78.91524506"
"'278","'LINE","'Example 6.11:","'98.66988373"
"'278","'LINE","'C₄H₈ + 602","'70.48071289"
"'278","'LINE","'4CO₂ + 4H₂O + Heat","'40.45738983"
"'278","'LINE","'Addition reaction. Alkenes undergo mainly addition reactions. The addition occurs","'99.92735291"
"'278","'LINE","'at the carbon-carbon double bond.","'99.96077728"
"'278","'LINE","'i. Addition of halogens (halogenation): When a halogen molecule, X₂, (where, X₂","'96.71632385"
"'278","'LINE","'= Cl₂ or Br₂) is added to alkenes, the product is a dihaloalkane.","'94.13977051"
"'278","'LINE","'272","'99.65820313"
"'279","'LINE","'Hydrocarbons and their Natural Sources","'99.97444916"
"'279","'LINE","'General Reaction: RCH CH₂ + X2","'94.26405334"
"'279","'LINE","'RCH CH₂ ; (X₂ = CI₂, Br2)","'78.11836243"
"'279","'LINE","'X","'89.09577942"
"'279","'LINE","'X","'87.45197296"
"'279","'LINE","'Alkene","'99.99023438"
"'279","'LINE","'Halogen","'99.97070313"
"'279","'LINE","'Dihaloalkane","'99.85192108"
"'279","'LINE","'Example 6.12:","'97.28395844"
"'279","'LINE","'CH₃C= CH₂ + CI2","'81.57458496"
"'279","'LINE","'CH₃CH-CH₂","'57.94463730"
"'279","'LINE","'H","'90.29357147"
"'279","'LINE","'cl","'90.15625000"
"'279","'LINE","'CI","'88.88951111"
"'279","'LINE","'Propene","'99.97070313"
"'279","'LINE","'Chlorine","'99.95037079"
"'279","'LINE","'Dichloropropane","'99.91131592"
"'279","'LINE","'If bromine water (bromine in CCI₄) is added to alkenes, the reddish-brown colour","'97.66577148"
"'279","'LINE","'of Br₂ in CCI₄ will disappear. This is due to the addition of bromine (Br₂) across the","'98.21949005"
"'279","'LINE","'double bond. So, Br₂ in CCI₄ is used to detect unsaturation (presence of multiple","'98.14373016"
"'279","'LINE","'bonds) in a compound.","'99.56050110"
"'279","'LINE","'ii. Addition of hydrogen (Hydrogenation): The addition of hydrogen molecule to","'99.90600586"
"'279","'LINE","'alkenes in the presence of a nickel or platinum catalyst yields alkanes.","'99.85763550"
"'279","'LINE","'General Reaction:","'99.98046875"
"'279","'LINE","'H","'87.57174683"
"'279","'LINE","'H","'95.90222168"
"'279","'LINE","'H","'88.64576721"
"'279","'LINE","'H","'86.31855774"
"'279","'LINE","'+ H","'86.36459351"
"'279","'LINE","'Pt","'99.20658875"
"'279","'LINE","'C=C","'92.03950500"
"'279","'LINE","'H","'81.89951324"
"'279","'LINE","'2","'97.45117188"
"'279","'LINE","'C","'50.51697922"
"'279","'LINE","'C","'66.75123596"
"'279","'LINE","'H","'86.87799072"
"'279","'LINE","'heat","'95.58593750"
"'279","'LINE","'R","'99.48162079"
"'279","'LINE","'H","'90.74996185"
"'279","'LINE","'R","'99.37500000"
"'279","'LINE","'H","'91.29603577"
"'279","'LINE","'Alkene","'99.97070313"
"'279","'LINE","'Alkane","'99.92187500"
"'279","'LINE","'H","'88.56983185"
"'279","'LINE","'H","'76.15772247"
"'279","'LINE","'H","'87.70328522"
"'279","'LINE","'H","'96.34088135"
"'279","'LINE","'+ H","'94.10195923"
"'279","'LINE","'Pt","'99.01207733"
"'279","'LINE","'C=C","'92.26721954"
"'279","'LINE","'Example 6.13:","'98.86110687"
"'279","'LINE","'2","'98.00701904"
"'279","'LINE","'H-","'86.63484192"
"'279","'LINE","'c","'41.52343750"
"'279","'LINE","'C","'62.74573135"
"'279","'LINE","'H","'91.01184082"
"'279","'LINE","'heat","'95.96679688"
"'279","'LINE","'CH₃","'81.19120789"
"'279","'LINE","'H","'83.72229767"
"'279","'LINE","'CH₃ H","'93.80889893"
"'279","'LINE","'Propene","'100.00000000"
"'279","'LINE","'Propane","'99.99023438"
"'279","'LINE","'iii. Addition of hydrogen halides, Hx (hydrohalogenation): The addition of","'96.46566010"
"'279","'LINE","'hydrogen halide (HCI, HBr or HI) to alkenes leads to the formation of alkyl halides.","'99.76760864"
"'279","'LINE","'The product of the reaction can be predicted by Markovnikov's rule; which states","'99.97565460"
"'279","'LINE","'that ""when an alkene reacts with a hydrogen halide to give an alkyl halide, the","'99.87433624"
"'279","'LINE","'hydrogen adds to the carbon atom of the double bond that has the greater","'99.99505615"
"'279","'LINE","'number of hydrogen atoms, and the halogen to the carbon that has the fewer","'99.99082184"
"'279","'LINE","'number of hydrogen atoms"". ""The Rich Get Richer!!""","'99.69148254"
"'279","'LINE","'The same is true when an alkene reacts with water in an addition reaction to form an","'99.98152161"
"'279","'LINE","'alcohol.","'99.99023438"
"'279","'LINE","'273","'99.60857391"
"'280","'LINE","'Chemistry Grade 10","'99.93761444"
"'280","'LINE","'General Reaction:","'99.99511719"
"'280","'LINE","'H","'85.78304291"
"'280","'LINE","'H","'91.27710724"
"'280","'LINE","'X H","'82.11006927"
"'280","'LINE","'+ HX","'77.33787537"
"'280","'LINE","'C=C","'82.90019226"
"'280","'LINE","'H","'88.31892395"
"'280","'LINE","'C","'48.79962540"
"'280","'LINE","'C","'58.39604568"
"'280","'LINE","'H","'87.27917480"
"'280","'LINE","'; HX = HCI, HBr","'86.00390625"
"'280","'LINE","'R","'99.67693329"
"'280","'LINE","'H","'88.25514221"
"'280","'LINE","'R","'98.19255829"
"'280","'LINE","'H","'92.55799866"
"'280","'LINE","'Alkene","'99.99023438"
"'280","'LINE","'Alkyl halide","'98.00910950"
"'280","'LINE","'H","'83.26689911"
"'280","'LINE","'H","'91.64401245"
"'280","'LINE","'Br H","'89.91559601"
"'280","'LINE","'+ HBr","'98.03960419"
"'280","'LINE","'C=C","'90.15465546"
"'280","'LINE","'H-","'85.67800903"
"'280","'LINE","'C","'44.77608871"
"'280","'LINE","'C","'49.21317291"
"'280","'LINE","'H","'92.82904053"
"'280","'LINE","'Example 6.14:","'99.31520844"
"'280","'LINE","'CH₃","'84.02483368"
"'280","'LINE","'H","'90.96141815"
"'280","'LINE","'CH₃ H","'91.44422150"
"'280","'LINE","'Propene","'99.99023438"
"'280","'LINE","'2-Bromopropane","'98.79085541"
"'280","'LINE","'Have you noticed the location where H and Br have formed bonds?","'99.44629669"
"'280","'LINE","'iv. Addition of water (hydration): When alkenes are hydrated in the presence of an","'99.95549011"
"'280","'LINE","'acid catalyst, they produce alcohols following Markovnikov's rule.","'99.98393250"
"'280","'LINE","'General reaction:","'99.98535156"
"'280","'LINE","'RCH=CH₂ + HOH H⁺ RCH-CH₂","'75.70643616"
"'280","'LINE","'OH H","'85.53491974"
"'280","'LINE","'Alkene","'100.00000000"
"'280","'LINE","'Alcohol","'99.99023438"
"'280","'LINE","'Example 6.15:","'99.32089233"
"'280","'LINE","'H₃PO₄(aq)","'87.71265411"
"'280","'LINE","'CH₂=CH₂","'87.81409454"
"'280","'LINE","'CH₃-CH₂OH","'90.09964752"
"'280","'LINE","'Ethene","'99.95117188"
"'280","'LINE","'Ethanol","'99.97070313"
"'280","'LINE","'H₃PO₄(aq)","'85.78144836"
"'280","'LINE","'CH₂=CHCH₃","'88.75617981"
"'280","'LINE","'CH₃-CH(OH)CH₃","'89.91629791"
"'280","'LINE","'Propene","'99.89257813"
"'280","'LINE","'2-propanol","'99.37260437"
"'280","'LINE","'Oxidation of alkenes: Oxidation of alkenes with cold alkaline potassium","'99.99600983"
"'280","'LINE","'permanganate solution (KMnO₄) forms diols (compounds containing two hydroxyl","'99.38292694"
"'280","'LINE","'groups).","'99.95117188"
"'280","'LINE","'General Reaction:","'99.98046875"
"'280","'LINE","'H","'88.41936493"
"'280","'LINE","'H","'88.52519226"
"'280","'LINE","'H","'87.06333923"
"'280","'LINE","'H","'85.25908661"
"'280","'LINE","'Alkaline","'99.97070313"
"'280","'LINE","'C=C","'90.10730743"
"'280","'LINE","'R-","'83.77112579"
"'280","'LINE","'c","'57.32242584"
"'280","'LINE","'C","'47.92689514"
"'280","'LINE","'H","'89.73752594"
"'280","'LINE","'R","'99.46208954"
"'280","'LINE","'H","'90.70771027"
"'280","'LINE","'KMnO₄","'90.04384613"
"'280","'LINE","'OH","'63.91023254"
"'280","'LINE","'OH","'60.64512634"
"'280","'LINE","'Alkene","'99.99023438"
"'280","'LINE","'Diol","'99.93164063"
"'280","'LINE","'H","'87.35909271"
"'280","'LINE","'H","'84.32178497"
"'280","'LINE","'H","'88.52678680"
"'280","'LINE","'H","'93.23760223"
"'280","'LINE","'Alkaline","'99.81445313"
"'280","'LINE","'C=C","'90.19451904"
"'280","'LINE","'H-","'88.10805511"
"'280","'LINE","'c","'56.40037155"
"'280","'LINE","'c","'39.46877289"
"'280","'LINE","'H","'91.15134430"
"'280","'LINE","'Example 6.16:","'99.21306610"
"'280","'LINE","'KMnO₄","'76.52482605"
"'280","'LINE","'H","'86.30440521"
"'280","'LINE","'H","'87.77841949"
"'280","'LINE","'OH","'59.35607147"
"'280","'LINE","'OH","'61.90788269"
"'280","'LINE","'Ethene","'99.96014404"
"'280","'LINE","'1,2-Ethanediol","'98.12100983"
"'280","'LINE","'274","'99.48899841"
"'281","'LINE","'Hydrocarbons and their Natural Sources","'99.96679688"
"'281","'LINE","'Alkaline KMnO₄ solution is also used as a qualitative test for the identification of","'99.28044891"
"'281","'LINE","'unsaturation in a compound. The solution is called Baeyer's reagent. In the presence of","'99.83560181"
"'281","'LINE","'unsaturated hydrocarbons, the purple colour of alkaline KMnO₄ solution fades and a","'98.06947327"
"'281","'LINE","'brown precipitate is formed.","'99.94833374"
"'281","'LINE","'V. Polymerization (self-addition) of alkenes: Polymerization is the union of small","'97.59397888"
"'281","'LINE","'molecules called monomers to form a large molecule called a polymer.","'99.66334534"
"'281","'LINE","'Example 6.17:","'97.46910858"
"'281","'LINE","'1000 atm, 473 K","'89.63642883"
"'281","'LINE","'CH2=CH₂","'49.83020020"
"'281","'LINE","'(-CH₂-CH₂-)n","'61.60375595"
"'281","'LINE","'(catalyst)","'98.03710938"
"'281","'LINE","'Ethene","'99.61834717"
"'281","'LINE","'Polyethene","'99.84215546"
"'281","'LINE","'Exercise 6.12","'99.04296875"
"'281","'LINE","'1. Write the balanced chemical equation for the combustion reaction of hexene.","'99.91727448"
"'281","'LINE","'2. Write the structures of the major products when CH3CH=CH-CH3 reacts with:","'94.24899292"
"'281","'LINE","'(a) Br₂ b) H2 c) HCI d) H2O (in presence of dilute H2SO 4) e) alkaline KMnO₄.","'88.00782013"
"'281","'LINE","'3. Alkenes are more reactive than alkanes. Why do you think?","'99.84387970"
"'281","'LINE","'4. Alkene reacts readily with Br₂ even in the dark but alkanes react only in the","'98.35175323"
"'281","'LINE","'presence of sunlight. Why? Are the reaction products the same? What about","'99.95389557"
"'281","'LINE","'the type of reaction? Discuss!","'99.87895203"
"'281","'LINE","'G.","'99.92187500"
"'281","'LINE","'Uses of Ethene (Ethylene)","'99.87349701"
"'281","'LINE","'At the end of this section, students will be able to explain the uses of ethylene.","'99.94376373"
"'281","'LINE","'Ethene is used as a starting material for the synthesis of many industrial compounds,","'99.81992340"
"'281","'LINE","'including ethanol, ethylene oxide, ethanal, and the polymers polyethylene and","'99.95443726"
"'281","'LINE","'polyvinylchloride, polystyrene and teflon. It is also used in the production of","'99.49571228"
"'281","'LINE","'1,2-ethanediol, which is used as an antifreeze material; and for the preservation as","'99.72045898"
"'281","'LINE","'well as artificial ripening of fruits.","'99.94100952"
"'281","'LINE","'Project 6.3","'99.68669891"
"'281","'LINE","'Put some green tomatoes in the first basket, and place a ripe banana in between","'99.81690216"
"'281","'LINE","'them. In the second basket, put only green tomatoes (but not a banana). Compare","'99.75942993"
"'281","'LINE","'the tomatoes in the two baskets. Have the tomatoes ripen at the same rate in both","'99.92805481"
"'281","'LINE","'baskets? If not, why? Share your opinion with your classmates.","'99.93759918"
"'281","'LINE","'H.","'66.27949524"
"'281","'LINE","'Cycloalkenes","'99.80149841"
"'281","'LINE","'Cycloalkenes are unsaturated cyclic hydrocarbons. The carbon atoms are linked in","'99.91250610"
"'281","'LINE","'such a manner as to form a closed chain or a ring structure. They contain a double","'99.51661682"
"'281","'LINE","'275","'99.65341949"
"'282","'LINE","'Chemistry Grade 10","'99.92459869"
"'282","'LINE","'bond between carbon atoms in the ring and are represented by the general formula","'99.96547699"
"'282","'LINE","'CₙH₂ₙ₋₂ᵢ where n should be equal to or greater than 3. They are isomeric with alkynes.","'94.74544525"
"'282","'LINE","'They are named by prefixing ""cyclo"" to the name of alkenes containing the same","'99.95200348"
"'282","'LINE","'number of carbon atoms. The given structures show some examples of cycloalkenes.","'99.93457794"
"'282","'LINE","'Unsubstituted cycloalkenes are named by adding the prefix ""cyclo"" to the name of the","'99.93346405"
"'282","'LINE","'parent alkene. The simplest cycloalkene is cyclopropene.","'99.94328308"
"'282","'LINE","'Example 6.18:","'99.25253296"
"'282","'LINE","'cyclopropene","'99.93083954"
"'282","'LINE","'cyclobutene","'99.97070313"
"'282","'LINE","'cyclopentene","'99.91051483"
"'282","'LINE","'cyclohexene","'99.91051483"
"'282","'LINE","'Substituted cycloalkenes are named similarly as alkenes, but because there is no chain","'99.93096924"
"'282","'LINE","'end to begin from, we number the cycloalkene so that the double bond is between C₁","'97.85585785"
"'282","'LINE","'and C2 and the first substituent has as low a number as possible. It's not necessary to","'98.07536316"
"'282","'LINE","'indicate the position of the double bond in the name because it's always between C₁","'98.71848297"
"'282","'LINE","'and C2. As with open-chain alkenes, newer but not yet widely accepted naming rules","'97.04915619"
"'282","'LINE","'place the locant immediately before the suffix in a diene.","'99.82932281"
"'282","'LINE","'6","'99.63787079"
"'282","'LINE","'6","'99.83318329"
"'282","'LINE","'1","'98.03631592"
"'282","'LINE","'CH₃","'85.39042664"
"'282","'LINE","'CH₃","'96.37815094"
"'282","'LINE","'5","'99.68750000"
"'282","'LINE","'5","'99.76562500"
"'282","'LINE","'1","'98.08274841"
"'282","'LINE","'5","'99.45312500"
"'282","'LINE","'4","'99.79492188"
"'282","'LINE","'1","'91.14177704"
"'282","'LINE","'4","'99.72576141"
"'282","'LINE","'2","'99.54101563"
"'282","'LINE","'4","'99.56871796"
"'282","'LINE","'2","'99.63787079"
"'282","'LINE","'CH₃","'97.35351563"
"'282","'LINE","'3","'99.38396454"
"'282","'LINE","'3","'99.91210938"
"'282","'LINE","'3","'99.76403046"
"'282","'LINE","'2","'99.48242188"
"'282","'LINE","'1-Methylcyclohexene","'95.38564301"
"'282","'LINE","'1,4-cyclohexadiene","'96.31038666"
"'282","'LINE","'1, 5-dimethylcyclopentene","'90.66725159"
"'282","'LINE","'(or cyclohexa-1,4-diene)","'95.86814880"
"'282","'LINE","'Exercise 6.13","'99.47753906"
"'282","'LINE","'Complete each of the following equations and name the products:","'99.97322845"
"'282","'LINE","'H+","'83.58000183"
"'282","'LINE","'a. CH₂CH₂CH=CH₂ + HCI","'85.00568390"
"'282","'LINE","'c. CH2CH2CH=CH2 + H2O","'63.60002136"
"'282","'LINE","'d.","'97.26562500"
"'282","'LINE","'Alkaline","'99.58007813"
"'282","'LINE","'b. CH₂CH₂CH=CH₂ + Br₂","'82.60198975"
"'282","'LINE","'CH2H2CH=CH2","'28.80181694"
"'282","'LINE","'KMnO₄","'85.95244598"
"'282","'LINE","'6.3.2 Alkynes and Their Physical Properties","'99.91522980"
"'282","'LINE","'At the end of this section, students will be able to","'99.97322083"
"'282","'LINE","'define alkynes;","'99.98007202"
"'282","'LINE","'write the general formula of alkynes;","'99.95200348"
"'282","'LINE","'write the molecular formula first nine homologous series of alkynes;","'99.94826508"
"'282","'LINE","'write the molecular formulas of alkynes from the given number of carbon atoms;","'99.96401978"
"'282","'LINE","'describe the physical properties of alkynes.","'99.94535828"
"'282","'LINE","'276","'99.64764404"
"'283","'LINE","'Hydrocarbons and their Natural Sources","'99.96663666"
"'283","'LINE","'Alkynes are unsaturated hydrocarbons that contain at least one carbon-carbon triple","'99.84956360"
"'283","'LINE","'bond as a functional group, and have a -yne ending in their names. The simplest alkyne","'99.42301941"
"'283","'LINE","'is ethyne (also called acetylene). Alkynes occur in nature and can be synthesized in","'99.94566345"
"'283","'LINE","'the laboratory.","'99.79582214"
"'283","'LINE","'The homologous series of alkynes is represented by the general formula CₙH₂ₙ₂, where","'94.02284241"
"'283","'LINE","'n≥2. The first member of the group is commonly known as acetylene. The homologous","'99.47737885"
"'283","'LINE","'series of alkynes is also called acetylene series.","'99.96542358"
"'283","'LINE","'Table 6.5 Homologous series of alkynes and their physical constants.","'99.96444702"
"'283","'LINE","'Formula of","'99.96054077"
"'283","'LINE","'Condensed Structure","'99.96054077"
"'283","'LINE","'IUPAC Name","'99.92675781"
"'283","'LINE","'Melting","'100.00000000"
"'283","'LINE","'Boiling","'100.00000000"
"'283","'LINE","'Alkyne","'99.97070313"
"'283","'LINE","'Point (°C)","'96.30530548"
"'283","'LINE","'Point (°C)","'96.43106079"
"'283","'LINE","'C2H₂","'44.07665253"
"'283","'LINE","'CH=CH","'69.69925690"
"'283","'LINE","'Ethyne","'99.93083954"
"'283","'LINE","'-82","'99.72656250"
"'283","'LINE","'-75","'99.85271454"
"'283","'LINE","'C₃H₄","'56.03376007"
"'283","'LINE","'CHEC-CH₃","'37.47867584"
"'283","'LINE","'Propyne","'99.97070313"
"'283","'LINE","'-105.5","'99.11132813"
"'283","'LINE","'-23","'99.67534637"
"'283","'LINE","'C₄H₆","'79.45072937"
"'283","'LINE","'CH=C-CH₂-CH₃","'53.88054276"
"'283","'LINE","'1-butyne","'96.09514618"
"'283","'LINE","'-122","'98.91282654"
"'283","'LINE","'9","'99.83318329"
"'283","'LINE","'C₅H₈","'84.75187683"
"'283","'LINE","'CH=C-(CH₂)₂-CH₃","'67.96974182"
"'283","'LINE","'1-pentyne","'96.06665039"
"'283","'LINE","'-98","'99.89257813"
"'283","'LINE","'40","'99.99023438"
"'283","'LINE","'C₆H₁₀","'81.92442322"
"'283","'LINE","'CH=C-(CH₂)₃-CH₃","'67.79895020"
"'283","'LINE","'1-hexyne","'95.82131195"
"'283","'LINE","'-124","'99.33195496"
"'283","'LINE","'72","'99.97070313"
"'283","'LINE","'C₇H₁₂","'94.64066315"
"'283","'LINE","'CH=C-(CH₂)₄-CH₃","'62.69531250"
"'283","'LINE","'1-heptyne","'97.78997803"
"'283","'LINE","'-80","'99.95117188"
"'283","'LINE","'100","'99.89178467"
"'283","'LINE","'C₈H₁₄","'85.91597748"
"'283","'LINE","'CH=C-(CH₂)₅-CH₃","'72.37225342"
"'283","'LINE","'1-octyne","'90.36670685"
"'283","'LINE","'-70","'99.96093750"
"'283","'LINE","'126","'99.80309296"
"'283","'LINE","'C₉H₁₆","'66.16370392"
"'283","'LINE","'CH=C-(CH₂)₆-CH₃","'77.15621185"
"'283","'LINE","'1-nonyne","'92.60224152"
"'283","'LINE","'-65","'99.81445313"
"'283","'LINE","'151","'99.81445313"
"'283","'LINE","'C₁₀H₁₈","'84.88340759"
"'283","'LINE","'CH=C-(CH₂)₇-CH₃","'47.89959335"
"'283","'LINE","'1-decyne","'96.03096771"
"'283","'LINE","'-36","'99.95117188"
"'283","'LINE","'182","'99.73632813"
"'283","'LINE","'Exercise 6.14","'99.14062500"
"'283","'LINE","'1. By looking at the trends for alkynes in Table 6.5, write the molecular formula","'99.89189911"
"'283","'LINE","'and the structures of the alkynes containing 11 and 12 carbon atoms.","'99.89191437"
"'283","'LINE","'2. Describe the general characteristics of the alkyne homologous series","'99.96029663"
"'283","'LINE","'3. Compare the physical state, melting points and boiling points of alkynes,","'99.97932434"
"'283","'LINE","'alkenes and alkanes as the number of carbon atoms increases. Discuss with","'99.96366119"
"'283","'LINE","'your group and present to the class.","'99.97884369"
"'283","'LINE","'A.","'62.30329132"
"'283","'LINE","'Nomenclature of Alkynes","'99.91377258"
"'283","'LINE","'At the end of this section, students will be able to","'99.97758484"
"'283","'LINE","'use IUPAC rules to name straight and branched chain alkynes;","'99.86170197"
"'283","'LINE","'write the structural formulas alkynes up to nine carbon atoms;","'99.81786346"
"'283","'LINE","'alkynes are commonly named as a derivative of acetylene.","'99.73614502"
"'283","'LINE","'277","'99.71679688"
"'284","'LINE","'Chemistry Grade 10","'99.88553619"
"'284","'LINE","'CHECH","'88.68004608"
"'284","'LINE","'CHEC-CH₃","'58.73086548"
"'284","'LINE","'CH=C-CH₂CH₃","'38.68523026"
"'284","'LINE","'acetylene","'99.41406250"
"'284","'LINE","'methyl acetylene","'99.53453827"
"'284","'LINE","'ethyl acetylene","'99.64723969"
"'284","'LINE","'Substituted Alkynes are named in much the same way as alkenes using the IUPAC","'99.96989441"
"'284","'LINE","'system. Unbranched alkynes, for example, are named by replacing the -ane of the","'99.89961243"
"'284","'LINE","'name of the corresponding alkane with the ending -yne. The chain is numbered to give","'99.79183960"
"'284","'LINE","'the carbon atoms of the triple bond the lower possible numbers.","'99.99371338"
"'284","'LINE","'The lower number of the two carbon atoms of the triple bond is used to designate the","'99.98257446"
"'284","'LINE","'location of the triple bond. When double and triple bonds are present, the direction","'99.97739410"
"'284","'LINE","'of numbering is chosen so as to give the lowest overall set of locants. In the face of","'99.09754181"
"'284","'LINE","'equivalent options, then preference is given to assigning the lowest numbers to the","'99.96720886"
"'284","'LINE","'double bonds. The IUPAC names of three unbranched alkynes are shown here:","'99.97945404"
"'284","'LINE","'CH₃","'91.15433502"
"'284","'LINE","'c","'66.32752228"
"'284","'LINE","'CH","'99.12527466"
"'284","'LINE","'C","'84.21536255"
"'284","'LINE","'CH₃","'94.16533661"
"'284","'LINE","'CH","'98.40740204"
"'284","'LINE","'c","'56.55293274"
"'284","'LINE","'CH₂","'77.63951111"
"'284","'LINE","'CH₂","'83.63181305"
"'284","'LINE","'CH₂","'38.48134613"
"'284","'LINE","'H-C=C-H","'61.74294281"
"'284","'LINE","'or","'97.26562500"
"'284","'LINE","'or","'98.90544891"
"'284","'LINE","'Ethyne or","'99.68022919"
"'284","'LINE","'acetylene (common name)","'99.60233307"
"'284","'LINE","'2-pentyne","'99.53125000"
"'284","'LINE","'1-pentene-4-yne","'98.49868774"
"'284","'LINE","'The locations of substituent groups of branched alkynes and substituted alkynes are","'99.93552399"
"'284","'LINE","'also indicated with numbers.","'99.98759460"
"'284","'LINE","'CH₃","'95.03208923"
"'284","'LINE","'CH₂","'76.74525452"
"'284","'LINE","'C","'78.95089722"
"'284","'LINE","'CH₃","'89.41326904"
"'284","'LINE","'CH₂","'91.73967743"
"'284","'LINE","'CH","'98.17144012"
"'284","'LINE","'c","'65.01255798"
"'284","'LINE","'CH","'94.59801483"
"'284","'LINE","'C","'83.44068909"
"'284","'LINE","'c","'58.93833542"
"'284","'LINE","'CH₃","'91.14078522"
"'284","'LINE","'CH₂","'91.01502991"
"'284","'LINE","'c","'54.52606583"
"'284","'LINE","'CH₂","'93.71971130"
"'284","'LINE","'CH₃","'92.81468964"
"'284","'LINE","'C","'74.94538879"
"'284","'LINE","'CH₃","'94.73951721"
"'284","'LINE","'CH₃","'93.43211365"
"'284","'LINE","'CH₂","'92.08705139"
"'284","'LINE","'CH₃","'86.32892609"
"'284","'LINE","'CH₃","'95.83047485"
"'284","'LINE","'1-pentyne","'98.40740204"
"'284","'LINE","'2-pentyne","'98.56445313"
"'284","'LINE","'4-ethyl-4,5-dimethyl-2-heptyne","'71.03475952"
"'284","'LINE","'Exercise 6.15","'99.22363281"
"'284","'LINE","'Give the structures and IUPAC names for all the alkynes with the formula C₆H₁₀,","'96.79447174"
"'284","'LINE","'and identify those that are position and chain isomers.","'99.96366119"
"'284","'LINE","'B.","'63.93833923"
"'284","'LINE","'Isomerism in Alkynes","'99.97043610"
"'284","'LINE","'At the end of this section, students will be able to write the structural formulas of","'99.97579956"
"'284","'LINE","'alkynes up to nine carbon atoms.","'99.82753754"
"'284","'LINE","'278","'99.13982391"
"'285","'LINE","'Hydrocarbons and their Natural Sources","'99.97851563"
"'285","'LINE","'Alkynes show both chain and position isomerism, but not geometrical or cis-","'99.94291687"
"'285","'LINE","'trans isomerism Consider:","'99.93383026"
"'285","'LINE","'CH=C-CH₂CH₃","'39.20041275"
"'285","'LINE","'CH₃-C=C-CH₃","'70.00338745"
"'285","'LINE","'1-butyne or but-1-yne","'98.65779114"
"'285","'LINE","'2-butyne or but-2-yne","'99.33215332"
"'285","'LINE","'CH₃","'95.99071503"
"'285","'LINE","'CH=C-CH-CH₃","'50.25450516"
"'285","'LINE","'CH=C-CH₂CH₂CH₃","'40.61244583"
"'285","'LINE","'3-methyl-1-butyne or 3-methylbut-1-yne","'98.08408356"
"'285","'LINE","'1-pentyne or pent-1-yne","'98.48852539"
"'285","'LINE","'1-Butyne and 2-butyne are position isomers whereas 3-methyl-1-butyne and","'99.16257477"
"'285","'LINE","'1-pentyne are chain isomers.","'99.66747284"
"'285","'LINE","'?","'94.60937500"
"'285","'LINE","'Write the structural formula for pentane, 1-pentene,","'99.13330841"
"'285","'LINE","'and 1-pentyne. Why are not these three hydrocarbons","'99.57118988"
"'285","'LINE","'considered as isomers? Tell your idea to the class.","'99.96826935"
"'285","'LINE","'Activity 6.13","'99.31560516"
"'285","'LINE","'Exercise 6.16","'99.73144531"
"'285","'LINE","'1. Write the structures of all isomers of 1-pentyne (C₅H₈) and","'97.32628632"
"'285","'LINE","'(a) name them","'99.78821564"
"'285","'LINE","'b) identify chain isomers?","'99.92067719"
"'285","'LINE","'c) identify position isomers?","'98.66529846"
"'285","'LINE","'C.","'85.61304474"
"'285","'LINE","'Preparation of Alkynes","'99.98345947"
"'285","'LINE","'At the end of this section, students will be able to","'99.97847748"
"'285","'LINE","'describe the general method for preparation of alkynes in a laboratory;","'99.63540649"
"'285","'LINE","'prepare acetylene in a laboratory by the reaction of CaC2 with water.","'97.05340576"
"'285","'LINE","'Alkynes can be prepared by several methods. Some of the general methods of","'99.99324036"
"'285","'LINE","'preparation of alkynes are:","'99.95037079"
"'285","'LINE","'Dehydrohalogenation of vicinal (adjacent) dihalides with a base NaOH or","'99.40110779"
"'285","'LINE","'KOH or NaNH₂.","'94.57788086"
"'285","'LINE","'H₂C-CH₂ + 2NaOH","'79.65159607"
"'285","'LINE","'HC=CH + 2NaX + 2H₂O","'87.97847748"
"'285","'LINE","'X X","'82.93725586"
"'285","'LINE","'Vicinal dihalide","'99.87184906"
"'285","'LINE","'Ethyne","'99.95037079"
"'285","'LINE","'Example 6.19:","'98.06560516"
"'285","'LINE","'H₂C-CH₂","'65.92972565"
"'285","'LINE","'+","'94.53543091"
"'285","'LINE","'2NaOH","'96.32653046"
"'285","'LINE","'HC=CH + 2NaBr + 2H₂O","'86.43418884"
"'285","'LINE","'Br Br","'94.59960938"
"'285","'LINE","'1,2-dibromoethane","'95.92255402"
"'285","'LINE","'Ethyne","'99.95037079"
"'285","'LINE","'279","'99.81445313"
"'286","'LINE","'Chemistry Grade 10","'99.95063782"
"'286","'LINE","'Alkylation of sodium acetylide (dicarbide) with a primary alkyl halide.","'99.82225037"
"'286","'LINE","'General reaction:","'99.97518921"
"'286","'LINE","'HC=CNa+ + R-X","'84.34025574"
"'286","'LINE","'HC=C-R + NaX","'92.47688293"
"'286","'LINE","'Sodium","'99.96014404"
"'286","'LINE","'Primary","'100.00000000"
"'286","'LINE","'carbide","'100.00000000"
"'286","'LINE","'Alkyl halide","'99.47036743"
"'286","'LINE","'Alkyne","'99.99023438"
"'286","'LINE","'Example 6.20","'99.69726563"
"'286","'LINE","'HC=CNa+ + CH₂CH₂Br","'73.37777710"
"'286","'LINE","'HC=CCH₂CH₃","'29.89815712"
"'286","'LINE","'Sodium","'100.00000000"
"'286","'LINE","'Ethyl bromide","'99.76851654"
"'286","'LINE","'But-1-yne","'70.50601959"
"'286","'LINE","'carbide","'100.00000000"
"'286","'LINE","'(1-butyne)","'97.82744598"
"'286","'LINE","'Reaction of calcium carbide with water:","'99.99837494"
"'286","'LINE","'CaC₂(s) + 2H₂O(I)","'86.50962067"
"'286","'LINE","'Ca(OH)₂(aq)","'74.04018402"
"'286","'LINE","'+","'98.36914063"
"'286","'LINE","'C₂H₂(g)","'86.92920685"
"'286","'LINE","'Calcium","'99.96093750"
"'286","'LINE","'Water","'99.97070313"
"'286","'LINE","'Calcium","'99.99023438"
"'286","'LINE","'Acetylene/","'93.01598358"
"'286","'LINE","'Carbide","'100.00000000"
"'286","'LINE","'hydroxide","'99.91051483"
"'286","'LINE","'ethyne","'99.96093750"
"'286","'LINE","'Exercise 6.17","'99.75097656"
"'286","'LINE","'Write the major product of the following reactions:","'99.98515320"
"'286","'LINE","'HH","'81.70439911"
"'286","'LINE","'I","'62.88105774"
"'286","'LINE","'a. CH₂-C-C-H + + + 2KOH","'57.29532242"
"'286","'LINE","'b. H - CE C-Na+ + CH₃Br","'70.17643738"
"'286","'LINE","'Br Br","'97.91912079"
"'286","'LINE","'Experiment 6.4","'99.96093750"
"'286","'LINE","'Laboratory Preparation of Ethyne","'99.98759460"
"'286","'LINE","'Objective: To prepare ethyne from calcium carbide and water.","'98.37352753"
"'286","'LINE","'Materials required: CaC2, H2O, bromine water, round-bottomed flask, separating","'90.51470184"
"'286","'LINE","'funnel, delivery tube, trough, beehive shelf and gas jar.","'99.96574402"
"'286","'LINE","'Procedure:","'100.00000000"
"'286","'LINE","'1. Arrange the set up as shown in Figure 6.5. Put a layer of sand in a conical","'99.69416046"
"'286","'LINE","'flask and place calcium carbide on the sand.","'99.98637390"
"'286","'LINE","'280","'99.79412842"
"'287","'LINE","'Hydrocarbons and their Natural Sources","'99.99023438"
"'287","'LINE","'2. Add water drop by drop from the separating funnel onto the calcium carbide.","'99.98157501"
"'287","'LINE","'Watch carefully and record your observation. Touch the flask with the tip of","'99.97934723"
"'287","'LINE","'your finger.","'99.93532562"
"'287","'LINE","'3. Collect several jars of the gas over water and carry out the following tests:","'99.95639038"
"'287","'LINE","'a. Burn the gas as you did with methane and ethene.","'99.35291290"
"'287","'LINE","'b. Add a few drops of bromine water to another jar filled with ethyne and note","'99.84339905"
"'287","'LINE","'the changes.","'99.98007202"
"'287","'LINE","'Rubber","'100.00000000"
"'287","'LINE","'stopper","'100.00000000"
"'287","'LINE","'Separating funnel","'99.99023438"
"'287","'LINE","'Water","'100.00000000"
"'287","'LINE","'Clamp","'99.99023438"
"'287","'LINE","'Delivery","'100.00000000"
"'287","'LINE","'Gas jar","'99.21615601"
"'287","'LINE","'tube","'99.97070313"
"'287","'LINE","'Round","'100.00000000"
"'287","'LINE","'Ethyne","'99.95037079"
"'287","'LINE","'Stand","'100.00000000"
"'287","'LINE","'bottom","'100.00000000"
"'287","'LINE","'flask","'99.92028046"
"'287","'LINE","':.","'82.74234772"
"'287","'LINE","'Calcium","'99.95037079"
"'287","'LINE","'APO","'24.27525139"
"'287","'LINE","'Water","'100.00000000"
"'287","'LINE","'carbide","'100.00000000"
"'287","'LINE","'Figure 6.5 Laboratory preparation of Ethyne.","'99.95227051"
"'287","'LINE","'Observations and analysis:","'99.98020172"
"'287","'LINE","'a. What do you feel when you touch the flask? Is the reaction exothermic or","'99.17572784"
"'287","'LINE","'endothermic?","'99.93083954"
"'287","'LINE","'b. How do you compare the colour of the flame produced with that of methane","'99.81208801"
"'287","'LINE","'and ethene?","'99.97518921"
"'287","'LINE","'Write a complete laboratory report and submit to your teacher. Write a laboratory","'99.40830231"
"'287","'LINE","'report about the experiment and submit to your teacher.","'99.98011780"
"'287","'LINE","'Write a laboratory report in a group and present it to the class.","'99.77384186"
"'287","'LINE","'D.","'99.92187500"
"'287","'LINE","'Chemical Properties of Alkynes","'99.98515320"
"'287","'LINE","'At the end of this section, students will be able to explain chemical properties of","'99.98475647"
"'287","'LINE","'alkynes.","'99.89098358"
"'287","'LINE","'Alkynes are more unsaturated than alkanes and alkenes due to the presence of a","'99.91783142"
"'287","'LINE","'carbon-carbon triple bond. They can undergo combustion and addition reactions.","'99.90595245"
"'287","'LINE","'Some of the common reactions of alkynes are:","'99.97396851"
"'287","'LINE","'i.","'99.13684082"
"'287","'LINE","'Combustion reaction: Alkynes burn with a smoky luminous flame, forming CO2","'97.92572021"
"'287","'LINE","'and water. Smoky luminous flames result from the combustion of alkynes due to","'99.94099426"
"'287","'LINE","'their relatively high carbon content.","'99.99007416"
"'287","'LINE","'281","'99.88281250"
"'288","'LINE","'Chemistry Grade 10","'99.88878632"
"'288","'LINE","'nCO2 + (n 1)H2O + Heat","'82.79961395"
"'288","'LINE","'Example 6.21:","'99.55327606"
"'288","'LINE","'C₃H₄(g) + 402 3CO2 + 2H2O + Heat","'78.60060120"
"'288","'LINE","'Addition reaction: Alkynes undergo an addition reaction at the carbon-carbon triple","'99.94711304"
"'288","'LINE","'bond. Some of the addition reactions of alkynes are the following: (a) Addition of","'99.89761353"
"'288","'LINE","'hydrogen (hydrogenation): In the presence of nickel or palladium catalyst, alkynes","'99.88056183"
"'288","'LINE","'produce alkanes.","'99.98007202"
"'288","'LINE","'General equation:","'99.94548798"
"'288","'LINE","'CₙH₂ₙ₋₂ + H₂ Ni heat CₙH₂ₙ heat Ni CₙH₂ₙ₊₂","'86.10798645"
"'288","'LINE","'Alkyne","'99.97070313"
"'288","'LINE","'Alkene","'100.00000000"
"'288","'LINE","'Alkane","'99.99023438"
"'288","'LINE","'Example 6.22:","'99.44664764"
"'288","'LINE","'Ethyne","'99.93083954"
"'288","'LINE","'Ethene","'99.72656250"
"'288","'LINE","'Ethane","'99.97070313"
"'288","'LINE","'Partial hydrogenation of alkynes in the presence of Lindlar's catalyst gives alkenes.","'99.93614197"
"'288","'LINE","'Lindlar's catalyst is powdered palladium partially deactivated with lead acetate that","'99.94393921"
"'288","'LINE","'reduce its activity such that it can only reduce alkynes, not alkenes. It always gives the","'99.95733643"
"'288","'LINE","'cis-alkene.","'99.88201141"
"'288","'LINE","'General reaction:","'99.95565796"
"'288","'LINE","'CₙH₂ₙ₋₂ + H₂ Catalyst Lindlar's","'87.36509705"
"'288","'LINE","'CₙH₂ₙ","'88.48931885"
"'288","'LINE","'Alkyne","'99.99023438"
"'288","'LINE","'Alkene","'100.00000000"
"'288","'LINE","'Example 6.23:","'99.65212250"
"'288","'LINE","'Lindlar's","'98.81676483"
"'288","'LINE","'CH₃-C=C-CH₃ + H₂","'69.42169952"
"'288","'LINE","'CH₃-CH=CH-CH₃","'77.63612366"
"'288","'LINE","'Catalyst","'95.84960938"
"'288","'LINE","'2-butyne","'99.58007813"
"'288","'LINE","'cis-2-butene","'99.01127625"
"'288","'LINE","'(b) Addition of halogens: When a molecule of an alkyne reacts with one and two","'99.88420868"
"'288","'LINE","'molecules of halogens, it gives a dihaloalkene and a tetrahaloalkane, respectively.","'99.55442810"
"'288","'LINE","'R-C=CH + X₂","'74.30291748"
"'288","'LINE","'R-C=CH","'95.25011444"
"'288","'LINE","'X X","'90.12989044"
"'288","'LINE","'Alkyne","'99.97070313"
"'288","'LINE","'Dihaloalkene","'99.89098358"
"'288","'LINE","'X X","'91.44332123"
"'288","'LINE","'R-CECH + 2X2","'75.67542267"
"'288","'LINE","'R-C-CH","'97.91442108"
"'288","'LINE","'X X","'92.16308594"
"'288","'LINE","'282","'99.89257813"
"'289","'LINE","'Hydrocarbons and their Natural Sources","'99.99023438"
"'289","'LINE","'Alkyne","'99.99023438"
"'289","'LINE","'Tetrahaloalkane","'95.45678711"
"'289","'LINE","'Example 6.24:","'99.83807373"
"'289","'LINE","'CH₃ H + Cl₂","'92.72959137"
"'289","'LINE","'CH₃C=C-H","'93.62244415"
"'289","'LINE","'CI CI","'95.23487091"
"'289","'LINE","'Propyne","'99.99023438"
"'289","'LINE","'1,2-dichloropropene","'98.00163269"
"'289","'LINE","'CI CI","'93.24179077"
"'289","'LINE","'CH₃ H + 2Cl₂","'90.99334717"
"'289","'LINE","'CH₃C-C-H","'79.42250824"
"'289","'LINE","'CI CI","'95.29277039"
"'289","'LINE","'Propyne","'99.97070313"
"'289","'LINE","'1,1,2,2-tetrachloropropane","'90.81632233"
"'289","'LINE","'Discuss on the following questions in a group and","'99.58865356"
"'289","'LINE","'?","'96.83593750"
"'289","'LINE","'present your responses to the class.","'99.99335480"
"'289","'LINE","'Do you expect alkynes to decolorize bromine water?","'99.77334595"
"'289","'LINE","'If so, why?","'99.57669067"
"'289","'LINE","'Write the balanced chemical equation for the reaction","'99.98393250"
"'289","'LINE","'between C2H2 and Br₂.","'79.26787567"
"'289","'LINE","'Activity 6.14","'99.11621094"
"'289","'LINE","'(c) Addition of Hydrogen Halides: Alkynes react with hydrogen halides to form","'98.94798279"
"'289","'LINE","'a monohaloalkene and a dihaloalkane. The addition reaction occurs according to","'99.46649933"
"'289","'LINE","'Markovnikov's rule.","'99.92067719"
"'289","'LINE","'General reaction:","'99.95525360"
"'289","'LINE","'X","'90.86016846"
"'289","'LINE","'HX","'91.18482971"
"'289","'LINE","'HX","'94.27933502"
"'289","'LINE","'R-C=CH","'54.93809509"
"'289","'LINE","'R-C=CH2","'45.29356766"
"'289","'LINE","'R-C-CH₃","'71.03682709"
"'289","'LINE","'X","'94.25920868"
"'289","'LINE","'X","'93.04687500"
"'289","'LINE","'Alkyne","'99.97070313"
"'289","'LINE","'Monohaloalkene","'99.51271057"
"'289","'LINE","'Dihaloalkane","'99.88121796"
"'289","'LINE","'Example 6.25:","'99.80388641"
"'289","'LINE","'Br","'98.64257813"
"'289","'LINE","'CH₃-C=CH HBr CH₃-C=CH₂ HX CH₃-C-CH₃","'64.52033234"
"'289","'LINE","'Br","'98.75000000"
"'289","'LINE","'Br","'98.28125000"
"'289","'LINE","'Propyne","'99.99023438"
"'289","'LINE","'2-Bromopropene","'99.13424683"
"'289","'LINE","'2,2-Dibromopropane","'99.12946320"
"'289","'LINE","'(d) Trimerization of Acetylene: Acetylene, on prolonged heating at 600 - 700 °C,","'97.75116730"
"'289","'LINE","'yields benzene.","'99.94548798"
"'289","'LINE","'283","'99.80388641"
"'290","'LINE","'Chemistry Grade 10","'99.90832520"
"'290","'LINE","'600 °C - 700 °C","'86.61017609"
"'290","'LINE","'CH ≡ CH","'95.04965973"
"'290","'LINE","'Acetylene","'99.95117188"
"'290","'LINE","'benzene","'99.99023438"
"'290","'LINE","'Discuss on the following questions in a group and","'99.77818298"
"'290","'LINE","'present your responses to the class.","'99.98196411"
"'290","'LINE","'1. Is Markonikov's rule applied in the reaction","'99.89706421"
"'290","'LINE","'?","'94.69726563"
"'290","'LINE","'between propyne and hydrobromic acid? How?","'99.97396088"
"'290","'LINE","'2. The addition reaction of alkynes proceeds in two","'99.97260284"
"'290","'LINE","'steps. Explain what changes occur during the first","'99.93807220"
"'290","'LINE","'and the second steps.","'99.98779297"
"'290","'LINE","'3. Compare the reaction products when 1-butyne","'99.87250519"
"'290","'LINE","'Activity 6.15","'99.25292969"
"'290","'LINE","'and 2-butyne react with HBr.","'99.78276825"
"'290","'LINE","'E.","'77.37265015"
"'290","'LINE","'Properties and uses of Acetylene or Ethyne","'99.85843658"
"'290","'LINE","'At the end of this section, students will be able to","'99.97410583"
"'290","'LINE","'explain the uses of ethylene and acetylene;","'99.92805481"
"'290","'LINE","'compare and contrast the properties of ethane, ethene and ethyne;","'99.96721649"
"'290","'LINE","'test for unsaturation of ethylene and ethyne.","'99.93351746"
"'290","'LINE","'Acetylene is a colourless, sweet-smelling gas in pure form and is insoluble in water. It","'99.73223877"
"'290","'LINE","'is usually stored as a solution of acetone in steel cylinders. Combustion of acetylene","'99.78400421"
"'290","'LINE","'with oxygen produces an intensely hot flame of about 3000 °C. Thus, a large quantity","'98.48564911"
"'290","'LINE","'of acetylene is used as a fuel in oxy-acetylene torches for cutting and welding metals.","'99.68613434"
"'290","'LINE","'It is a two-stage reaction where the primary chemical reaction involves the acetylene","'99.76170349"
"'290","'LINE","'disassociating in the presence of oxygen to produce heat, carbon monoxide, and","'99.90149689"
"'290","'LINE","'hydrogen gas: C2H₂ + 2CO + H2","'81.31808472"
"'290","'LINE","'The second reaction is oxidation of carbon monoxide into carbon dioxide while the","'99.97791290"
"'290","'LINE","'hydrogen formed in the above reaction forms water:","'99.99511719"
"'290","'LINE","'CO + H₂ + O₂","'60.21842957"
"'290","'LINE","'CO2+H₂O","'26.80962944"
"'290","'LINE","'Acetylene is also used to prepare acrylonitrile which is a starting material for","'99.87133026"
"'290","'LINE","'producing polyacrylonitrile, a raw material for textile fiber. It is also used for making","'99.72099304"
"'290","'LINE","'vinyl chloride which polymerizes to give polyvinyl chloride (PVC) commonly used for","'99.84088898"
"'290","'LINE","'making floor tiles, electrical insulators, shoe soles, water pipes etc. Acetylene is used","'99.94280243"
"'290","'LINE","'to produce 1,2,2-tetrachloroethane that serves as a solvent for wax, grease, rubber","'96.46085358"
"'290","'LINE","'etc. See Table 6.6.","'99.82162476"
"'290","'LINE","'284","'99.76562500"
"'291","'LINE","'Hydrocarbons and their Natural Sources","'99.98632813"
"'291","'LINE","'Table 6.6 Comparison of Some Properties of Ethane, Ethene and Ethyne","'99.95399475"
"'291","'LINE","'Property","'99.96014404"
"'291","'LINE","'Ethane","'100.00000000"
"'291","'LINE","'Ethene","'100.00000000"
"'291","'LINE","'Ethyne","'99.93083954"
"'291","'LINE","'Nature of flame","'99.98671722"
"'291","'LINE","'Non-luminous","'99.49317932"
"'291","'LINE","'Luminous","'99.96014404"
"'291","'LINE","'Smoky luminous","'99.73114777"
"'291","'LINE","'Effect on colour of Br₂ in CCI₄","'96.41989136"
"'291","'LINE","'No effect","'99.94589233"
"'291","'LINE","'Decolorizes","'99.68112183"
"'291","'LINE","'Decolorize","'99.92028046"
"'291","'LINE","'Effect on colour of alkaline KMnO₄","'98.92332458"
"'291","'LINE","'No effect","'99.96542358"
"'291","'LINE","'Decolorizes","'99.80069733"
"'291","'LINE","'Decolorizes","'99.80069733"
"'291","'LINE","'6.4 Aromatic Hydrocarbons: Benzene","'99.88281250"
"'291","'LINE","'At the end of this section, students will be able to","'99.98017883"
"'291","'LINE","'define aromatic hydrocarbons;","'99.95037079"
"'291","'LINE","'distinguish aromatic compounds from other hydrocarbons;","'99.97342682"
"'291","'LINE","'draw and explain the structure of benzene;","'99.99011993"
"'291","'LINE","'describe the main physical properties and chemical reactions of benzene;","'99.99007416"
"'291","'LINE","'perform simple chemical tests to identify alkanes, alkenes/alkynes, and aromatic","'99.78830719"
"'291","'LINE","'compounds.","'99.80069733"
"'291","'LINE","'Discuss the following in your group and present your","'99.97686005"
"'291","'LINE","'responses to the whole class:","'99.99414063"
"'291","'LINE","'1. What comes to your mind when you hear the word","'99.81798553"
"'291","'LINE","''benzene'?","'68.51243591"
"'291","'LINE","'?","'96.17187500"
"'291","'LINE","'2. What does the word ""aroma"" mean? Which","'99.90055084"
"'291","'LINE","'substances have an aroma smell?","'99.97444916"
"'291","'LINE","'3. Are aromatic hydrocarbons saturated or","'99.95592499"
"'291","'LINE","'unsaturated?","'99.73154449"
"'291","'LINE","'Activity 6.16","'99.49218750"
"'291","'LINE","'4. What are the main sources of aromatic compounds?","'99.92342377"
"'291","'LINE","'The term aromatic is derived from the word 'aroma' meaning pleasant smell, which","'99.88129425"
"'291","'LINE","'was originally used to describe naturally occurring compounds with pleasant smells. At","'99.95952606"
"'291","'LINE","'present, the term is used without its original significance. Aromatic hydrocarbons are","'99.93790436"
"'291","'LINE","'generally obtained from petroleum and coal tar. They are a group of hydrocarbons","'99.94599152"
"'291","'LINE","'characterized by the presence of a benzene ring or related structures. Figure 6.6","'99.87090302"
"'291","'LINE","'gives some examples of aromatic hydrocarbon structures.","'99.95606995"
"'291","'LINE","'H","'95.73162079"
"'291","'LINE","'CH₃","'87.32999420"
"'291","'LINE","'H","'81.85805511"
"'291","'LINE","'H","'87.71743011"
"'291","'LINE","'C","'67.75032043"
"'291","'LINE","'H","'96.85586548"
"'291","'LINE","'C","'57.42665482"
"'291","'LINE","'H","'98.63899231"
"'291","'LINE","'H","'93.88492584"
"'291","'LINE","'H","'86.48178864"
"'291","'LINE","'c","'55.51079941"
"'291","'LINE","'C","'54.85391617"
"'291","'LINE","'H","'83.87535858"
"'291","'LINE","'C","'72.06214142"
"'291","'LINE","'C","'78.28384399"
"'291","'LINE","'H","'96.50908661"
"'291","'LINE","'C","'82.31006622"
"'291","'LINE","'C","'58.47476578"
"'291","'LINE","'c","'59.73293686"
"'291","'LINE","'c","'55.12137604"
"'291","'LINE","'C","'48.80420685"
"'291","'LINE","'C","'73.48214722"
"'291","'LINE","'C","'79.31600952"
"'291","'LINE","'H","'96.96887207"
"'291","'LINE","'C","'80.67601776"
"'291","'LINE","'C","'78.98417664"
"'291","'LINE","'c","'73.45404053"
"'291","'LINE","'c","'65.44384003"
"'291","'LINE","'c","'68.75080109"
"'291","'LINE","'C","'77.53288269"
"'291","'LINE","'H","'94.17311096"
"'291","'LINE","'H","'95.53392029"
"'291","'LINE","'C","'66.53917694"
"'291","'LINE","'H","'97.76048279"
"'291","'LINE","'H","'86.06684113"
"'291","'LINE","'c","'65.89305115"
"'291","'LINE","'c","'59.17550278"
"'291","'LINE","'H","'87.24888611"
"'291","'LINE","'H","'96.61252594"
"'291","'LINE","'H","'98.18020630"
"'291","'LINE","'H","'84.86786652"
"'291","'LINE","'H","'83.14492798"
"'291","'LINE","'Benzene","'99.97070313"
"'291","'LINE","'Methyl benzene (Toluene)","'99.96392822"
"'291","'LINE","'Naphthalene","'99.91051483"
"'291","'LINE","'Figure 6.6 Structures of some Aromatic Hydrocarbons.","'99.88238525"
"'291","'LINE","'285","'99.93164063"
"'292","'LINE","'Chemistry Grade 10","'99.92785645"
"'292","'LINE","'6.4.1 Benzene","'99.85311890"
"'292","'LINE","'Benzene is the simplest aromatic hydrocarbon. Its molecular formula is C6H6. The first","'94.81180573"
"'292","'LINE","'structure for benzene was proposed by August Kekulé in 1872. It consisted of a six-","'99.76591492"
"'292","'LINE","'membered ring with alternating single and double bonds and with one hydrogen","'99.99179840"
"'292","'LINE","'bonded to each carbon. He assumed that the ring contains three double bonds that","'98.23565674"
"'292","'LINE","'shift back and forth so rapidly that the two forms (Figure 6.7) cannot be separated.","'98.88157654"
"'292","'LINE","'Later on, Kekulé assumption was found to be incorrect. Each structure has become","'99.92058563"
"'292","'LINE","'known as Kekulé structure.","'99.88385773"
"'292","'LINE","'H","'99.73394012"
"'292","'LINE","'C","'96.67669678"
"'292","'LINE","'H","'99.79332733"
"'292","'LINE","'H","'99.60778046"
"'292","'LINE","'C","'90.91198730"
"'292","'LINE","'C","'91.28607178"
"'292","'LINE","'C","'85.87940216"
"'292","'LINE","'C","'93.32410431"
"'292","'LINE","'H","'99.64604187"
"'292","'LINE","'C","'88.10905457"
"'292","'LINE","'H","'99.83159637"
"'292","'LINE","'H","'98.99015808"
"'292","'LINE","'I","'98.67108154"
"'292","'LINE","'II","'99.42063904"
"'292","'LINE","'A Kekulé structure","'93.56983185"
"'292","'LINE","'A Kekulé structure","'96.98095703"
"'292","'LINE","'showing all atoms","'99.98020172"
"'292","'LINE","'as line-bond formulas","'99.69294739"
"'292","'LINE","'Figure 6.7 A Kekulé structure of benzene.","'98.51075745"
"'292","'LINE","'Today, we represent benzene as a hybrid of two equivalent contributing Kekulé","'99.67615509"
"'292","'LINE","'structures. Each Kekulé structure makes an equal contribution to the hybrid:","'99.85083008"
"'292","'LINE","'I","'96.25578308"
"'292","'LINE","'II","'97.61340332"
"'292","'LINE","'Benzene as a hybrid of two equivalent","'99.74885559"
"'292","'LINE","'Resonance hybrid","'99.92636108"
"'292","'LINE","'contributing structures","'99.97518921"
"'292","'LINE","'The bonds in benzene are neither single nor double, but have an intermediate","'99.95825195"
"'292","'LINE","'character between those of single and double bonds. All the carbon-carbon bonds","'99.96955872"
"'292","'LINE","'in the molecule are the same in length and nature. Since structures I or Il given above","'96.54347229"
"'292","'LINE","'are not the true structures of the benzene molecule, the benzene ring is written in","'99.96842957"
"'292","'LINE","'its resonance hybrid form. However, chemists continue to use a single contributing","'99.73812103"
"'292","'LINE","'structure to represent benzene.","'99.96786499"
"'292","'LINE","'From structures I and Il in Figure 6.7, one may think that benzene has three double","'96.04527283"
"'292","'LINE","'bonds and has the same chemistry as that of alkenes. But, this is not true. Benzene","'99.96669006"
"'292","'LINE","'and other aromatic hydrocarbons contain high degrees of unsaturation, yet fail to","'99.95606995"
"'292","'LINE","'undergo characteristic alkene addition and oxidation-reduction reactions. They are","'99.63167572"
"'292","'LINE","'more stable than alkenes.","'99.98759460"
"'292","'LINE","'286","'99.81445313"
"'293","'LINE","'Hydrocarbons and their Natural Sources","'99.98046875"
"'293","'LINE","'6.4.2 Nomenclature of Substituted Benzenes","'99.90106964"
"'293","'LINE","'i.","'99.00251007"
"'293","'LINE","'Monosubstituted Benzenes","'99.89098358"
"'293","'LINE","'Generally, mono-substituted benzenes are named in a similar manner as hydrocarbons","'99.73870087"
"'293","'LINE","'with -benzene as the parent name:","'99.20353699"
"'293","'LINE","'CH₃","'90.40836334"
"'293","'LINE","'CH₂CH₃","'64.27116394"
"'293","'LINE","'Br","'99.88121796"
"'293","'LINE","'NO2","'75.93670654"
"'293","'LINE","'OH","'68.94033051"
"'293","'LINE","'NH2","'69.72596741"
"'293","'LINE","'Methylbenzene","'98.51940918"
"'293","'LINE","'Ethylbenzene","'99.48262024"
"'293","'LINE","'Bromobenzene","'99.73154449"
"'293","'LINE","'Nitrobenzene","'99.57210541"
"'293","'LINE","'Hydroxybenzene","'99.93083954"
"'293","'LINE","'Aminobenzene","'99.61196899"
"'293","'LINE","'(Toluene)","'99.97070313"
"'293","'LINE","'(Phenol)","'99.95037079"
"'293","'LINE","'(Aniline)","'99.95037079"
"'293","'LINE","'The IUPAC system retains certain common names for several of the simpler mono-","'99.95663452"
"'293","'LINE","'substituted benzenes. Examples are toluene (rather than methylbenzene) and phenol","'99.72787476"
"'293","'LINE","'(rather than hydroxybenzene).","'99.86494446"
"'293","'LINE","'ii. Disubstituted Benzenes","'99.68544006"
"'293","'LINE","'When two substituents occur on a benzene ring, three constitutional isomers are","'99.60158539"
"'293","'LINE","'possible. We locate substituents either by numbering the atoms of the ring or by using","'99.97634888"
"'293","'LINE","'the locators 1,2- or ortho (o), 1,3- or meta (m), and 1,4- or para (p).","'99.08348083"
"'293","'LINE","'CH3","'76.16728973"
"'293","'LINE","'NH2","'87.84120178"
"'293","'LINE","'CH3","'77.40094757"
"'293","'LINE","'CH2CH3","'78.49350739"
"'293","'LINE","'CI","'93.99732971"
"'293","'LINE","'CI","'93.46779633"
"'293","'LINE","'CH","'93.43411255"
"'293","'LINE","'3","'93.48075104"
"'293","'LINE","'Br","'99.84215546"
"'293","'LINE","'4-Bromotoluene","'98.18498993"
"'293","'LINE","'3-chloroaniline","'99.26279449"
"'293","'LINE","'1,3-dimethylbenzene","'94.23688507"
"'293","'LINE","'1-Chloro-2-ethylbenzene","'87.18211365"
"'293","'LINE","'(p-Bromotoluene)","'98.15908051"
"'293","'LINE","'(m-chloroaniline)","'98.68542480"
"'293","'LINE","'(m-xylene)","'99.28491974"
"'293","'LINE","'(o-Choloroethylbenzene)","'96.41661835"
"'293","'LINE","'6.4.3 Physical Properties of Benzene","'99.92968750"
"'293","'LINE","'In general, benzene resembles other hydrocarbons in its physical properties. Benzene","'99.93410492"
"'293","'LINE","'is a flammable, colourless, and volatile liquid with a characteristic smell. It is less dense","'99.57816315"
"'293","'LINE","'than water, non-polar and insoluble in water, but soluble in non-polar solvents like","'99.96977234"
"'293","'LINE","'ether and carbon tetrachloride. At one time, benzene was widely used as a solvent,","'99.75315094"
"'293","'LINE","'but exposure to it causes leukemia, a blood cancer. That is benzene is a carcinogenic","'99.56704712"
"'293","'LINE","'(cancer-causing) substance.","'99.75186920"
"'293","'LINE","'6.4.4 Chemical Properties of Benzene","'99.95507813"
"'293","'LINE","'Benzene and other aromatic hydrocarbons are more stable than alkenes and alkynes","'99.96115875"
"'293","'LINE","'due to the stability of the aromatic ring. It neither decolorizes bromine water (Br₂","'99.36926270"
"'293","'LINE","'in CCI₄) nor is reactive towards cold potassium permanganate solution. However,","'97.15271759"
"'293","'LINE","'benzene undergoes the following reactions:","'99.94630432"
"'293","'LINE","'287","'99.83398438"
"'294","'LINE","'Chemistry Grade 10","'99.93436432"
"'294","'LINE","'1. Combustion reaction: Benzene is highly inflammable. It burns with a smoky","'99.70042419"
"'294","'LINE","'luminous flame to form CO2 and H2O","'90.53218079"
"'294","'LINE","'2C₆H₆","'89.28551483"
"'294","'LINE","'+","'96.78551483"
"'294","'LINE","'150₂","'80.08789063"
"'294","'LINE","'12CO₂","'75.59091949"
"'294","'LINE","'+","'98.25035858"
"'294","'LINE","'6H2O","'86.21990967"
"'294","'LINE","'+","'98.78746796"
"'294","'LINE","'Heat","'99.97070313"
"'294","'LINE","'2. Substitution reaction: This is a characteristic reaction of benzene and other","'99.86007690"
"'294","'LINE","'aromatic compounds. In this reaction, the hydrogen atom from the benzene ring is","'99.96576691"
"'294","'LINE","'replaced by another atom or group.","'99.99186707"
"'294","'LINE","'(a). Halogenation: Benzene reacts with bromine and chlorine in the presence of iron","'99.85607910"
"'294","'LINE","'(III) chloride or aluminium chloride catalyst to form substitution products.","'99.71520233"
"'294","'LINE","'Example 6.26:","'99.83279419"
"'294","'LINE","'C₆H₆ + Br₂ FeBr₃","'89.25551605"
"'294","'LINE","'C₆H₅Br","'88.72389221"
"'294","'LINE","'+","'98.17223358"
"'294","'LINE","'HBr","'99.41326141"
"'294","'LINE","'or","'99.84215546"
"'294","'LINE","'Br","'99.85351563"
"'294","'LINE","'FeBr₃","'79.52986145"
"'294","'LINE","'+ Br₂","'90.55274963"
"'294","'LINE","'+ HBr","'99.19353485"
"'294","'LINE","'Benzene","'99.95037079"
"'294","'LINE","'Bromobenzene","'99.93083954"
"'294","'LINE","'(b). Nitration: A mixture of concentrated nitric acid and concentrated sulphuric acid","'98.84671021"
"'294","'LINE","'reacts with benzene at moderate temperatures to form nitrobenzene.","'99.89279938"
"'294","'LINE","'H2SO4","'44.94499207"
"'294","'LINE","'C₆H₆","'93.11284637"
"'294","'LINE","'+","'98.19255829"
"'294","'LINE","'HNO₃","'67.76228333"
"'294","'LINE","'C₆H₅NO₂","'92.61698914"
"'294","'LINE","'+","'98.58238983"
"'294","'LINE","'H2O","'67.62974548"
"'294","'LINE","'50 °C","'82.29213715"
"'294","'LINE","'or","'99.92187500"
"'294","'LINE","'NO2","'72.15979767"
"'294","'LINE","'H2SO4","'42.30448914"
"'294","'LINE","'+ HNO3","'81.50400543"
"'294","'LINE","'+ H2O","'79.54290771"
"'294","'LINE","'50 °C","'86.23645020"
"'294","'LINE","'Benzene","'99.87065887"
"'294","'LINE","'Nitrobenzene","'99.83079529"
"'294","'LINE","'(c). Sulphonation: Benzene reacts with concentrated sulphuric acid, H₂SO₄, at room","'95.90709686"
"'294","'LINE","'temperature to form benzenesulphonic acid.","'99.88073730"
"'294","'LINE","'C₆H₆","'93.56664276"
"'294","'LINE","'+","'97.02885437"
"'294","'LINE","'H2SO4","'55.67502213"
"'294","'LINE","'C₆H₅SO₂OH + H2O","'85.67728424"
"'294","'LINE","'or","'99.87224579"
"'294","'LINE","'SO₃H","'70.23596954"
"'294","'LINE","'+ H2SO4","'75.76211548"
"'294","'LINE","'+ H2O","'83.81317902"
"'294","'LINE","'Benzene","'99.91051483"
"'294","'LINE","'Benzenesulphonic acid","'99.80638123"
"'294","'LINE","'288","'99.54101563"
"'295","'LINE","'Hydrocarbons and their Natural Sources","'99.99023438"
"'295","'LINE","'Experiment 6.5","'99.94628906"
"'295","'LINE","'10.0g","'68.95965576"
"'295","'LINE","'Chemical Reaction of Toluene","'99.92781067"
"'295","'LINE","'Objective: To distinguish aromatic hydrocarbons from other unsaturated","'98.60491180"
"'295","'LINE","'hydrocarbons","'99.97070313"
"'295","'LINE","'Materials required: Toluene, Br₂ in CCI₄, KMnO₄, concentrated H2SO4, test tubes,","'85.44526672"
"'295","'LINE","'test tube rack, test tube holder, measuring cylinder, Bunsen burner and dropper.","'99.98766327"
"'295","'LINE","'Procedure:","'99.96014404"
"'295","'LINE","'1. Take three test tubes and place them in the test tube rack.","'99.96213531"
"'295","'LINE","'2. Add 5 mL of toluene (methylbenzene) to each of the three test tubes.","'99.76408386"
"'295","'LINE","'3. Add one or two drops of Br₂ in CCI₄ in the first test tube and add the same","'96.37111664"
"'295","'LINE","'amount of cold KMnO₄ solution in the second test tube and observe the changes.","'98.66667938"
"'295","'LINE","'4. Add a few drops of concentrated sulphuric acid to the third test tube and, if","'99.78253937"
"'295","'LINE","'necessary, heat it gently, holding it with a test tube holder.","'99.63200378"
"'295","'LINE","'Observations and analysis:","'99.97694397"
"'295","'LINE","'In which test tube did a reaction occur?","'99.72280121"
"'295","'LINE","'Write a complete report of your observations and submit it to your teacher.","'99.70689392"
"'295","'LINE","'3. Addition reaction: Under normal conditions, aromatic compounds do not undergo","'99.95932770"
"'295","'LINE","'addition reaction. Benzene undergoes addition reactions under special conditions.","'99.95906067"
"'295","'LINE","'Example 6.27:","'99.78276825"
"'295","'LINE","'When a mixture of benzene vapour and hydrogen is passed over a finely divided","'99.72102356"
"'295","'LINE","'nickel catalyst at 200 °C, cyclohexane is formed.","'98.67173004"
"'295","'LINE","'Ni","'99.83238983"
"'295","'LINE","'C₆H₆","'91.73947906"
"'295","'LINE","'+","'96.35582733"
"'295","'LINE","'3H₂","'70.85080719"
"'295","'LINE","'C₆H₁₂","'76.28348541"
"'295","'LINE","'200 °C","'76.85507202"
"'295","'LINE","'or","'99.85271454"
"'295","'LINE","'Ni","'99.77300262"
"'295","'LINE","'+ 3H₂","'83.25374603"
"'295","'LINE","'200 °C","'73.62812805"
"'295","'LINE","'Benzene","'99.95037079"
"'295","'LINE","'Cyclohexane","'99.93083954"
"'295","'LINE","'289","'99.77539063"
"'296","'LINE","'Chemistry Grade 10","'99.93137360"
"'296","'LINE","'Exercise 6.18","'99.64355469"
"'296","'LINE","'1. What is an aromatic hydrocarbon?","'99.87075043"
"'296","'LINE","'2. What is the name of the simplest aromatic hydrocarbon?","'99.95541382"
"'296","'LINE","'3. Describe the main reactions of benzene?","'99.96896362"
"'296","'LINE","'4. Benzene does not change the colour of Br₂ in CCI₄ or that of KMnO₄ solution;","'96.93514252"
"'296","'LINE","'why?","'99.93083954"
"'296","'LINE","'5. How do you prepare the following compounds from benzene?","'99.74107361"
"'296","'LINE","'a. Chlorobenzene","'98.80779266"
"'296","'LINE","'b. Nitrobenzene","'99.65670776"
"'296","'LINE","'C. Benzenesulphonic acid.","'92.66661072"
"'296","'LINE","'6.5 Natural Sources of Hydrocarbons","'99.92187500"
"'296","'LINE","'At the end of this section, students will be able to","'99.97663116"
"'296","'LINE","'list the major natural sources of hydrocarbons;","'99.96884918"
"'296","'LINE","'describe natural gas;","'99.95362854"
"'296","'LINE","'define crude oil;","'99.95715332"
"'296","'LINE","'dxplain fractional distillation of crude oil;","'99.87554169"
"'296","'LINE","'dention products of fractional distillation of crude oil;","'99.94396973"
"'296","'LINE","'discuss the uses of petroleum products.","'99.93858337"
"'296","'LINE","'What do you think is the composition of the fuels","'99.76490784"
"'296","'LINE","'people use for vehicles and motorbike? What about","'99.84574127"
"'296","'LINE","'bottled gases for cooking? Does Ethiopia have an oil","'99.97034454"
"'296","'LINE","'(crude oil) deposit? What are the natural resources","'99.95687866"
"'296","'LINE","'Ethiopia is gifted with? Discuss whether they are","'99.97284698"
"'296","'LINE","'renewable or nonrenewable and their environmental","'99.84245300"
"'296","'LINE","'impact. If you were a leader of the country, would","'99.63580322"
"'296","'LINE","'you invest more on fossil fuel extraction or in the","'99.80590057"
"'296","'LINE","'development of renewable energy sources such as","'99.96628571"
"'296","'LINE","'Activity 6.17","'99.59472656"
"'296","'LINE","'hydroelectric dams?","'99.94061279"
"'296","'LINE","'By far, the major sources of alkanes are the world's natural gas and petroleum","'99.85217285"
"'296","'LINE","'deposits followed by coal. Laid down eons ago, these deposits are thought to be","'99.97251129"
"'296","'LINE","'derived primarily from the decomposition of tiny single-celled marine organisms","'99.94842529"
"'296","'LINE","'called foraminifera.","'99.22274017"
"'296","'LINE","'290","'99.77539063"
"'297","'LINE","'Hydrocarbons and their Natural Sources","'99.95655060"
"'297","'LINE","'A. Natural Gas","'88.76335144"
"'297","'LINE","'Natural gas is a mixture of gases that consists chiefly of methane (more than 90%) but","'99.85477448"
"'297","'LINE","'also contains ethane, propane, and butane. Other gases such as, CO2, N2, O2 and H2S,","'89.09498596"
"'297","'LINE","'may also be present in natural gas. Natural gas is found in association with petroleum","'99.95524597"
"'297","'LINE","'or alone. It is found in underground deposits several hundreds or thousands of meters","'99.89696503"
"'297","'LINE","'below the earth's surface, where it originated from the decay and decomposition","'99.95877838"
"'297","'LINE","'of animal and plant remains millions of years ago. The composition of natural gas","'99.98453522"
"'297","'LINE","'varies, depending on its place of origin. Natural gas is widely used as a fuel. It is","'99.81962585"
"'297","'LINE","'advantageous over liquid and solid fuels and also other gases, except H2, due to its","'98.05398560"
"'297","'LINE","'very high heat of combustion.","'99.94451141"
"'297","'LINE","'B. Petroleum (crude oil)","'93.87331390"
"'297","'LINE","'The word petroleum is derived from two Latin words, 'petra' meaning rock, and","'99.83711243"
"'297","'LINE","''oleum' meaning oil. Thus, petroleum means rock oil. Petroleum (also called crude oil)","'99.50453186"
"'297","'LINE","'is a complex mixture of fossil hydrocarbons that must be separated into fractions and","'99.85124207"
"'297","'LINE","'then further refined before it can be used. It is generally found along with natural","'99.93360901"
"'297","'LINE","'gas in the form of a dark-coloured viscous liquid, which is a complex mixture of","'99.71808624"
"'297","'LINE","'hydrocarbons. Its composition varies according to its place of origin. However, crude","'99.86990356"
"'297","'LINE","'oil mainly contains alkanes, cycloalkanes and aromatic hydrocarbons. It also contains","'99.81015778"
"'297","'LINE","'organic compounds consisting of nitrogen, sulphur and oxygen in small amounts.","'99.93772888"
"'297","'LINE","'Refining of Crude Oil","'99.96806335"
"'297","'LINE","'Petroleum refining begins by fractional distillation of crude oil into three principal cuts","'99.89605713"
"'297","'LINE","'according to boiling point (bp): straight-run gasoline (bp 30-200 °C), kerosene (bp","'99.45008850"
"'297","'LINE","'175-300 °C), and heating oil, or diesel fuel (bp 275-400 °C). Further distillation under","'98.30809021"
"'297","'LINE","'reduced pressure then yields lubricating oils and waxes and leaves a tarry residue","'99.83810425"
"'297","'LINE","'of asphalt. The distillation of crude oil is only the first step in gasoline production,","'99.93990326"
"'297","'LINE","'however. Figure 6.8 shows the fractional distillation set up for separating crude oil into","'99.72584534"
"'297","'LINE","'its component fractions.","'99.89072418"
"'297","'LINE","'The major products (fractions) obtained from the fractional distillation of petroleum","'99.83338928"
"'297","'LINE","'and their uses are given in Table 6.7.","'99.61206055"
"'297","'LINE","'291","'99.87304688"
"'298","'LINE","'Chemistry Grade 10","'99.94412994"
"'298","'LINE","'Table 6.7 Typical fractions obtained by fractional distillation of petroleum","'99.88610077"
"'298","'LINE","'Fractions","'100.00000000"
"'298","'LINE","'Number of","'99.98535156"
"'298","'LINE","'Boiling","'100.00000000"
"'298","'LINE","'point","'99.97070313"
"'298","'LINE","'Uses","'99.99023438"
"'298","'LINE","'carbon atoms","'99.99023438"
"'298","'LINE","'range (°C) of","'97.75722504"
"'298","'LINE","'per molecule","'99.94589233"
"'298","'LINE","'fractions","'99.76084137"
"'298","'LINE","'Natural Gases","'99.99511719"
"'298","'LINE","'C₁","'79.43180084"
"'298","'LINE","'C₄","'88.43531036"
"'298","'LINE","'Below 20","'99.95605469"
"'298","'LINE","'As fuel in the form of bottled","'99.99302673"
"'298","'LINE","'gas.","'99.95117188"
"'298","'LINE","'Petroleum ether","'99.95525360"
"'298","'LINE","'C₅","'90.10602570"
"'298","'LINE","'C₇","'94.28830719"
"'298","'LINE","'20","'99.97070313"
"'298","'LINE","'60","'99.97070313"
"'298","'LINE","'As solvent in dry cleaning","'99.98030853"
"'298","'LINE","'Gasoline","'99.99023438"
"'298","'LINE","'C₅","'88.64376831"
"'298","'LINE","'C","'41.17346954"
"'298","'LINE","'° °","'17.78459930"
"'298","'LINE","'40","'99.97070313"
"'298","'LINE","'200","'99.97070313"
"'298","'LINE","'Petrol","'100.00000000"
"'298","'LINE","'fuel","'99.97070313"
"'298","'LINE","'for","'100.00000000"
"'298","'LINE","'internal","'99.96014404"
"'298","'LINE","'10","'93.75000000"
"'298","'LINE","'(Petrol)","'99.97070313"
"'298","'LINE","'combustion engines","'99.83567810"
"'298","'LINE","'Kerosene","'99.91051483"
"'298","'LINE","'~~","'41.14775848"
"'298","'LINE","'C","'43.54741287"
"'298","'LINE","'8","'35.11778259"
"'298","'LINE","'175","'99.81445313"
"'298","'LINE","'275","'99.91131592"
"'298","'LINE","'12","'93.07138824"
"'298","'LINE","'18","'90.51518250"
"'298","'LINE","'Jet engine fuel, household fuel","'99.93506622"
"'298","'LINE","'Fuel oil (diesel","'99.92107391"
"'298","'LINE","'S","'19.94120598"
"'298","'LINE","'C","'46.15114975"
"'298","'LINE","'8","'40.02092743"
"'298","'LINE","'250","'99.97070313"
"'298","'LINE","'400","'99.97070313"
"'298","'LINE","'Furnace fuel, diesel engine","'99.98759460"
"'298","'LINE","'15","'92.62695313"
"'298","'LINE","'18","'90.98552704"
"'298","'LINE","'oil)","'99.92187500"
"'298","'LINE","'fuel","'99.99023438"
"'298","'LINE","'Lubricating oil","'99.88649750"
"'298","'LINE","'>C","'83.37549591"
"'298","'LINE","'Non-volatile","'99.88201141"
"'298","'LINE","'- Lubrication, grease","'98.01764679"
"'298","'LINE","'19","'90.65349579"
"'298","'LINE","'Petroleum jelly","'99.10923767"
"'298","'LINE","'liquids","'100.00000000"
"'298","'LINE","'Paraffin","'99.81126404"
"'298","'LINE","'wax","'99.85271454"
"'298","'LINE","'>C2₀","'55.91139221"
"'298","'LINE","'Non-volatile","'99.93164063"
"'298","'LINE","'- Candles, polishes","'98.05584717"
"'298","'LINE","'Residue","'99.84056091"
"'298","'LINE","'solids","'100.00000000"
"'298","'LINE","'- bitumen for roof sealing and","'98.89704895"
"'298","'LINE","'road surfaces","'99.97518921"
"'298","'LINE","'Note that as the later fractions obtained at higher temperatures are more coloured,","'99.93598175"
"'298","'LINE","'more viscous, and less inflammable.","'99.87456512"
"'298","'LINE","'Straight-run gasoline turns out to be a poor fuel in automobiles because of engine","'99.90533447"
"'298","'LINE","'knock, an uncontrolled combustion that can occur in a hot engine.","'99.68902588"
"'298","'LINE","'Under 40°C","'98.17731476"
"'298","'LINE","'Bottled as gas for heating","'99.96679688"
"'298","'LINE","'for cooking","'99.95525360"
"'298","'LINE","'Fractionating","'100.00000000"
"'298","'LINE","'column","'100.00000000"
"'298","'LINE","'20 - 60°C","'92.93503571"
"'298","'LINE","'Petroleum ether","'99.93045044"
"'298","'LINE","'40 200°C","'97.77891541"
"'298","'LINE","'Petrol (gasoline)","'99.88082123"
"'298","'LINE","'175 275°C","'97.68534851"
"'298","'LINE","'Kerosene-fuel for jet aircraft","'99.82426453"
"'298","'LINE","'250- 350°C","'97.54862976"
"'298","'LINE","'Petroleum","'99.33294678"
"'298","'LINE","'Diesel oil (fuel oil)-fuel for lorries","'99.85165405"
"'298","'LINE","'and tractors","'99.97518921"
"'298","'LINE","'Lubricating oil-lubricants,","'99.38297272"
"'298","'LINE","'Residue","'99.79173279"
"'298","'LINE","'Waxes and polishes","'99.98697662"
"'298","'LINE","'Bitumen or asphalt-","'99.84135437"
"'298","'LINE","'making road surface","'99.99674225"
"'298","'LINE","'and sealing roofs","'99.99349213"
"'298","'LINE","'Figure 6.8 Fractional Distillation of Petroleum.","'99.93735504"
"'298","'LINE","'The octane number of a fuel is the measure by which its antiknock properties are judged.","'99.85559845"
"'298","'LINE","'Straight-chain hydrocarbons are far more prone to induce engine knock than are","'99.92547607"
"'298","'LINE","'292","'99.95117188"
"'299","'LINE","'Hydrocarbons and their Natural Sources","'99.96468353"
"'299","'LINE","'highly branched compounds. The highly branched compound 2,2,4-trimethylpentane","'99.24281311"
"'299","'LINE","'(called isooctane in the petroleum industry) burns very smoothly (without knocking) in","'99.86203003"
"'299","'LINE","'internal combustion engines and is used as one of the standards by which the octane","'99.94733429"
"'299","'LINE","'rating of gasolines is established. According to this scale, 2,2,4-trimethylpentane","'99.38749695"
"'299","'LINE","'has an octane rating of 100. Heptane, CH₃(CH₂)₅CH₃,, a compound that produces","'93.43405914"
"'299","'LINE","'much knocking when it is burned in an internal combustion engine, is given an octane","'99.94489288"
"'299","'LINE","'rating of O. Mixtures of 2,2,4-trimethylpentane and heptane are used as standards","'96.54684448"
"'299","'LINE","'for octane ratings between 0 and 100. A gasoline, for example, that has the same","'94.86890411"
"'299","'LINE","'characteristics in an engine as a mixture of 87% 2,2,4-trimethylpentane and 13%","'99.34355927"
"'299","'LINE","'heptane would be rated as 87-octane gasoline.","'99.58602905"
"'299","'LINE","'CH₃","'95.62121582"
"'299","'LINE","'CH₃","'92.61818695"
"'299","'LINE","'CH₃CH₂CH₂CH₂CH₂CH₂CH₂","'57.84698105"
"'299","'LINE","'CH₃C-CH₂CHCH₃","'32.55500412"
"'299","'LINE","'CH₃","'45.48708344"
"'299","'LINE","'Heptane","'99.96093750"
"'299","'LINE","'(octane number = 0)","'93.77130127"
"'299","'LINE","'2,2,4-trimethylpentane","'97.10718536"
"'299","'LINE","'(octane number = 100)","'93.89099884"
"'299","'LINE","'Because straight-run gasoline burns so poorly in engines, petroleum chemists have","'98.51408386"
"'299","'LINE","'devised numerous methods for producing higher-quality fuels. One of these methods,","'99.95805359"
"'299","'LINE","'catalytic cracking, involves taking the high-boiling kerosene cut (C₁₁- C₁₄) and","'96.47221375"
"'299","'LINE","''cracking' it into smaller branched molecules suitable for use in gasoline. What does","'99.56353760"
"'299","'LINE","'cracking mean? Cracking is the decomposition of large hydrocarbon molecules into","'99.97033691"
"'299","'LINE","'smaller ones by the application of heat (thermal cracking or pyrolysis)","'99.95880127"
"'299","'LINE","'heat","'99.24804688"
"'299","'LINE","'C₁₆H₃₄","'72.72102356"
"'299","'LINE","'C₈H₁₈ + C₈H₁₆","'85.16136169"
"'299","'LINE","'Hexadecane","'99.80149841"
"'299","'LINE","'Octane Octene","'99.55038452"
"'299","'LINE","'or in the presence of catalysts (catalytic cracking). Hydrogen gas can be added","'99.95074463"
"'299","'LINE","'during cracking to saturate the alkenes formed in the process.","'99.95850372"
"'299","'LINE","'Another process, called reforming, is used to convert C₆⁻ C₈ alkanes to aromatic","'95.07865906"
"'299","'LINE","'compounds such as benzene and toluene, which have substantially higher octane","'99.90792084"
"'299","'LINE","'numbers than alkanes. The final product that goes into the tank has an approximate","'99.97605896"
"'299","'LINE","'composition of 15% C₄- C₈ straight-chain alkanes, 25% to 40% C₄- C₁₀ branched-","'88.50787354"
"'299","'LINE","'chain alkanes, 10% cyclic alkanes, 10% straight chain and cyclic alkenes, and 25%","'99.87152863"
"'299","'LINE","'arenes (aromatics).","'99.27315521"
"'299","'LINE","'C. Coal","'82.27458954"
"'299","'LINE","'At the end of this section, students will be able to","'99.96604919"
"'299","'LINE","'identify the composition of coal;","'99.94451141"
"'299","'LINE","'describe destructive distillation of coal.","'99.93849182"
"'299","'LINE","'Coal is formed naturally by the decomposition of plant matter over several million of","'99.96965790"
"'299","'LINE","'years. It is not a pure form of carbon. It is an important source of aromatic hydrocarbons.","'99.72695923"
"'299","'LINE","'293","'99.87304688"
"'300","'LINE","'Chemistry Grade 10","'99.93463135"
"'300","'LINE","'Heating mineral coal in the absence of air, or oxygen is called destructive distillation","'99.95275116"
"'300","'LINE","'of coal or coking of coal. When coal is heated in the absence of air it gives volatile","'99.97061157"
"'300","'LINE","'products and coke. The volatile products that are separated into coal gas and a liquid","'99.83463287"
"'300","'LINE","'are called coal tar when cooled. Aromatic hydrocarbons and many other substances","'99.96874237"
"'300","'LINE","'are isolated from coal tar by fractional distillation. Coke, which is a solid and relatively","'99.79737854"
"'300","'LINE","'pure form of carbon, is used as a fuel in the blast furnace during the extraction of iron.","'99.86968994"
"'300","'LINE","'It is also used to produce gaseous fuels, such as water gas (mixture of H2 and CO) and","'98.46729279"
"'300","'LINE","'producer gas (mixture of N2 and CO).","'96.08059692"
"'300","'LINE","'Exercise 6.19","'99.39941406"
"'300","'LINE","'1. Discuss the importance of natural gas for a country's economic development.","'99.80101776"
"'300","'LINE","'2. What are the major natural sources of hydrocarbons?","'99.95290375"
"'300","'LINE","'3. Which hydrocarbons are the main constituents of petroleum?","'99.93826294"
"'300","'LINE","'4. What is destructive distillation?","'99.91685486"
"'300","'LINE","'5. Describe how we can obtain aromatic hydrocarbons from coal.","'99.97640228"
"'300","'LINE","'6. Which fraction of petroleum is in very high demand?","'99.94361877"
"'300","'LINE","'7. What process should be carried out during fractional distillation of crude oil","'99.94812012"
"'300","'LINE","'to maximize the output of petrol or gasoline?","'99.94548798"
"'300","'LINE","'8. Describe the main uses of a) petroleum ether; b) kerosene; c) gasoline; d)","'99.36368561"
"'300","'LINE","'diesel oil; e refinery gases.","'99.73166656"
"'300","'LINE","'Key Terms","'99.95077515"
"'300","'LINE","'addition reaction","'99.99511719"
"'300","'LINE","'geometrical isomerism","'99.78116608"
"'300","'LINE","'alkane","'100.00000000"
"'300","'LINE","'halogenation","'99.88042450"
"'300","'LINE","'alkene","'100.00000000"
"'300","'LINE","'hydrohalogenation","'99.91051483"
"'300","'LINE","'alkyl halide","'99.81654358"
"'300","'LINE","'homologous series","'99.94548798"
"'300","'LINE","'alkyl radicals","'99.94061279"
"'300","'LINE","'hydrogenation","'99.95037079"
"'300","'LINE","'alkynes","'99.83079529"
"'300","'LINE","'inorganic compound","'99.96054077"
"'300","'LINE","'benzene","'99.84056091"
"'300","'LINE","'isomers","'99.92028046"
"'300","'LINE","'biogas","'99.96014404"
"'300","'LINE","'ketone","'99.84056091"
"'300","'LINE","'carboxylic acid","'99.96582031"
"'300","'LINE","'life force (vitalism) theory","'99.92800140"
"'300","'LINE","'chain isomerism","'99.82591248"
"'300","'LINE","'Markovnikov's rule","'99.92556000"
"'300","'LINE","'cracking","'100.00000000"
"'300","'LINE","'natural gas","'99.96093750"
"'300","'LINE","'crude oil","'99.88690186"
"'300","'LINE","'organic compound","'99.98046875"
"'300","'LINE","'cycloalkanes","'99.31262207"
"'300","'LINE","'petroleum","'99.84056091"
"'300","'LINE","'cycloalkene","'99.91051483"
"'300","'LINE","'polymerization","'99.63149261"
"'300","'LINE","'decarboxylation","'99.77220154"
"'300","'LINE","'position isomerism","'99.92067719"
"'300","'LINE","'dehydrohalogenation","'99.71121216"
"'300","'LINE","'saturated hydrocarbons","'99.97518921"
"'300","'LINE","'destructive distillation","'99.70145416"
"'300","'LINE","'substitution reaction","'99.77588654"
"'300","'LINE","'elimination reaction","'99.90563202"
"'300","'LINE","'unsaturated hydrocarbons","'99.95037079"
"'300","'LINE","'functional group","'99.87554169"
"'300","'LINE","'Wurtz reaction","'99.87145233"
"'300","'LINE","'294","'99.84375000"
"'301","'LINE","'Hydrocarbons and their Natural Sources","'99.96452332"
"'301","'LINE","'Unit Summary","'99.94100952"
"'301","'LINE","'The 'vitalism' theory states that living organisms (plants and animals) have a","'99.43936920"
"'301","'LINE","'special life force which helps them to synthesize organic compounds and that","'99.97023773"
"'301","'LINE","'organic compounds cannot be synthesized artificially by man in the laboratory.","'99.91250610"
"'301","'LINE","'Organic chemistry is the study of carbon compounds including natural and synthetic","'99.96975708"
"'301","'LINE","'ones.","'99.95117188"
"'301","'LINE","'Organic compounds are classified based on the functional group they contain in","'99.93721771"
"'301","'LINE","'their molecules.","'99.91539764"
"'301","'LINE","'The functional group is a part of a molecule that determines the chemical and","'99.78295898"
"'301","'LINE","'physical properties of a compound.","'99.60446930"
"'301","'LINE","'Hydrocarbons are compounds composed of carbon and hydrogen atoms only.","'99.96647644"
"'301","'LINE","'Saturated hydrocarbons contain only single bonds between carbon atoms","'99.96023560"
"'301","'LINE","'Unsaturated hydrocarbons are those containing one or more double or triple","'99.94814301"
"'301","'LINE","'bonds between carbon atoms.","'99.96786499"
"'301","'LINE","'A homologous series is a group of compounds in which each member of the group","'99.35170746"
"'301","'LINE","'differs from the next member by -CH₂- group.","'94.53197479"
"'301","'LINE","'Alkanes are saturated hydrocarbons represented by the general formula CₙH₂ₙ₊₂·","'93.44726563"
"'301","'LINE","'Alkanes are named by using prefixes that indicate the number of carbon atoms","'99.95888519"
"'301","'LINE","'and the suffix '-ane'.","'99.51515961"
"'301","'LINE","'Isomerism is the existence of two or more compounds with the same molecular","'99.92002106"
"'301","'LINE","'formula but different structures. These compounds are called isomers.","'99.88729095"
"'301","'LINE","'Alkenes are unsaturated hydrocarbons containing a carbon-carbon double bond","'99.69817352"
"'301","'LINE","'as their functional group. Their general formula is CₙH₂ₙ. The suffix '-ene' in their","'94.68547821"
"'301","'LINE","'names indicates the presence of a carbon-carbon double bond.","'99.81865692"
"'301","'LINE","'Alkynes are unsaturated hydrocarbons containing a carbon-carbon triple bond as","'99.74290466"
"'301","'LINE","'their functional group. They are represented by the general formula CₙH₂ₙ₋₂· The","'94.66700745"
"'301","'LINE","'suffix '-yne' indicates the carbon-carbon triple bond.","'99.54431915"
"'301","'LINE","'Alkenes and alkynes undergo mainly addition reactions while alkanes undergo","'99.93329620"
"'301","'LINE","'substitution reactions.","'99.77588654"
"'301","'LINE","'Aromatic hydrocarbons are compounds containing benzene rings. Benzene is the","'99.94061279"
"'301","'LINE","'simplest aromatic hydrocarbon.","'99.82076263"
"'301","'LINE","'The natural sources of hydrocarbons are crude oil, natural gas and coal.","'99.98203278"
"'301","'LINE","'Crude oil is a complex mixture of hydrocarbons, mainly alkanes, and also contains","'99.86489105"
"'301","'LINE","'cycloalkanes and aromatics.","'99.80747986"
"'301","'LINE","'Crude oil is separated into several useful fractions by fractional distillation.","'99.87435150"
"'301","'LINE","'Organic chemicals are also used as fuels and solvents for dry cleaning.","'99.96298218"
"'301","'LINE","'Review Exercise","'99.97070313"
"'301","'LINE","'Part I: Multiple Choice Questions","'99.54994202"
"'301","'LINE","'1. The first organic compound that is artificially synthesized from inorganic starting","'99.92846680"
"'301","'LINE","'materials is","'99.93164063"
"'301","'LINE","'.","'84.32268524"
"'301","'LINE","'a. benzene","'99.34470367"
"'301","'LINE","'b. methane","'99.90603638"
"'301","'LINE","'C. urea","'82.31565094"
"'301","'LINE","'d. hydrocarbons","'99.88162231"
"'301","'LINE","'295","'99.95117188"
"'302","'LINE","'Chemistry Grade 10","'99.93788910"
"'302","'LINE","'2. Which of the following hydrocarbons does not belong to the homologous series","'99.98860931"
"'302","'LINE","'of alkanes?","'99.97518921"
"'302","'LINE","'a. C₃H₈","'85.67114258"
"'302","'LINE","'b. C₈H₁₈","'93.06112671"
"'302","'LINE","'C. C₆H₁₀","'75.65998077"
"'302","'LINE","'d. C₁₀H₂₂","'90.73979950"
"'302","'LINE","'3. Which of the following alkanes is a liquid at room temperature?","'99.63704681"
"'302","'LINE","'a. CH₄","'87.45256805"
"'302","'LINE","'b. C₁₀H₂₂","'91.53231049"
"'302","'LINE","'C. C₄H₁₀","'78.48214722"
"'302","'LINE","'d. C₃H₈","'88.65792084"
"'302","'LINE","'4. The hydrocarbon used as a fuel in an oxyacetylene torch is:","'99.63608551"
"'302","'LINE","'a. C2H₂","'71.79787445"
"'302","'LINE","'b. C2H₄","'81.01243591"
"'302","'LINE","'C. C₄H₁₀","'80.03796387"
"'302","'LINE","'d. CH₄","'85.18334961"
"'302","'LINE","'5. The general formula that represents the olefin homologous series is:","'99.94252777"
"'302","'LINE","'a. CₙH₂ₙ₊₁","'79.20071411"
"'302","'LINE","'b. CₙH₂ₙ₊₂","'71.19847870"
"'302","'LINE","'C. CₙH₂ₙ₋₂","'57.31445694"
"'302","'LINE","'d. CₙH₂ₙ","'82.56427765"
"'302","'LINE","'6. The most common reaction that alkenes undergo is:","'99.94231415"
"'302","'LINE","'a. elimination","'99.48789978"
"'302","'LINE","'b. substitution","'99.87673187"
"'302","'LINE","'C. addition","'87.34006500"
"'302","'LINE","'d. decomposition","'99.91579437"
"'302","'LINE","'7. A compound having molecular formula C₇H₈ that does not decolorize Br₂ in CCI₄","'97.68077850"
"'302","'LINE","'or KMnO₄ solution most likely belongs to a class of hydrocarbons called","'99.17912292"
"'302","'LINE","'a. Alkynes","'99.32398224"
"'302","'LINE","'C. Alkenes","'85.11320496"
"'302","'LINE","'b. Alkanes","'99.96093750"
"'302","'LINE","'d. Aromatic hydrocarbons","'99.96093750"
"'302","'LINE","'8. Which hydrocarbon is the main constituent of natural gas and biogas?","'99.92080688"
"'302","'LINE","'a. C₄H₁₀","'93.01489258"
"'302","'LINE","'b. CH₄","'95.67322540"
"'302","'LINE","'C. C2H₆","'71.68506622"
"'302","'LINE","'d. C₆H₁₄","'92.52600861"
"'302","'LINE","'9. During the fractional distillation of crude oil, the process of cracking is carried out","'99.95330048"
"'302","'LINE","'to:","'99.89098358"
"'302","'LINE","'a. separate the crude oil into different fractions","'99.74394989"
"'302","'LINE","'b. vaporize the liquid components","'99.98632813"
"'302","'LINE","'C. maximize the output of petrol or gasoline","'96.98102570"
"'302","'LINE","'d. separate alkanes from alkenes","'99.96842957"
"'302","'LINE","'10. Ethyne decolorizes Br₂ in CCI₄. This is due to the formation of:","'97.68141174"
"'302","'LINE","'a. 1,1-dibromoethane","'88.59693909"
"'302","'LINE","'b. 1,1,2,2-dibromoethene","'98.15359497"
"'302","'LINE","'C. 1,2-dibromoethane","'88.28463745"
"'302","'LINE","'d. 1,1,2,2-tetrabromoethane","'95.63476563"
"'302","'LINE","'11. The following reaction can be classified as:","'99.73104858"
"'302","'LINE","'CH4 + Br₂","'63.89502335"
"'302","'LINE","'CH3Br + HBr","'81.64554596"
"'302","'LINE","'C. a substitution reaction","'94.54385376"
"'302","'LINE","'a. an addition reaction","'99.69452667"
"'302","'LINE","'d. a saponification reaction","'99.40857697"
"'302","'LINE","'b. an elimination reaction","'99.95321655"
"'302","'LINE","'12. Which one of the following substances is not used in dry cleaning?","'99.90824127"
"'302","'LINE","'a. CCI₄","'94.16673279"
"'302","'LINE","'b. C₆H₆","'85.08569336"
"'302","'LINE","'C. CI2C=CCI₂","'63.63809204"
"'302","'LINE","'d. CH₂COOH","'70.66774750"
"'302","'LINE","'13. The first organic compound was synthesized in the laboratory by:","'99.91056824"
"'302","'LINE","'a. Friedrich Wohler","'99.60572052"
"'302","'LINE","'C. John Dalton","'87.40865326"
"'302","'LINE","'b. A. Kekule","'91.11261749"
"'302","'LINE","'d. Wurtz","'99.90642548"
"'302","'LINE","'14. Which reagent is used to test for unsaturation of hydrocarbons?","'99.91767120"
"'302","'LINE","'a. Wurtz reagent","'99.56911469"
"'302","'LINE","'C. Alkaline KMnO₄","'82.20350647"
"'302","'LINE","'b. Bromine in CCI₄","'95.97755432"
"'302","'LINE","'d. B & C","'80.88435364"
"'302","'LINE","'296","'99.92187500"
"'303","'LINE","'Hydrocarbons and their Natural Sources","'99.98226166"
"'303","'LINE","'15. Which alkene doesn't exhibit cis-trans isomerism?","'99.43960571"
"'303","'LINE","'a. 2-butene","'99.26039886"
"'303","'LINE","'C. 2,3-dimethylbut-2-ene","'82.88166046"
"'303","'LINE","'b. 2-pentene","'99.52965546"
"'303","'LINE","'d. All","'99.93652344"
"'303","'LINE","'16. Which one of the following compounds does not decolorize bromine water?","'99.95246887"
"'303","'LINE","'a. C3H₄ b. C2H₂","'73.41891479"
"'303","'LINE","'C. C₆H₁₄","'69.97678375"
"'303","'LINE","'d. All","'99.44824219"
"'303","'LINE","'Part II: Supply Type Questions","'99.85973358"
"'303","'LINE","'17. Complete the following reaction equations:","'99.70012665"
"'303","'LINE","'a. CH₂ = CH₂ + H2 Heat Ni","'83.21865845"
"'303","'LINE","'f. CH3CH2CH₂CI + KOH Heat","'79.31225586"
"'303","'LINE","'CaO, heat","'83.17657471"
"'303","'LINE","'g. CH ≡ CNa + CH₃CH₂Br","'88.45570374"
"'303","'LINE","'b. CH₂COONa + NaOH","'82.40321350"
"'303","'LINE","'h. CH₃-CH= CH₂ + HBr","'66.43684387"
"'303","'LINE","'C. CH₃ - CH₂Br + 2Na","'71.66984558"
"'303","'LINE","'i.","'98.79843140"
"'303","'LINE","'d. CH₃ - CH-CH₂ + NaOH","'86.29597473"
"'303","'LINE","'H+","'64.58765411"
"'303","'LINE","'||","'33.50195313"
"'303","'LINE","'j.","'99.77458954"
"'303","'LINE","'Br Br","'95.72714233"
"'303","'LINE","'H2SO4","'41.38492584"
"'303","'LINE","'k. CH₂CH₂-CH = CH2 + H₂O Alkaline, KMnO₄","'71.83618164"
"'303","'LINE","'e. CH3CH2CH2OH","'72.17713928"
"'303","'LINE","'Heat","'94.46289063"
"'303","'LINE","'Part III. Workout Type Questions","'99.78487396"
"'303","'LINE","'18. Draw structures for the following:","'99.81391907"
"'303","'LINE","'a. 2-Methylheptane","'97.38191223"
"'303","'LINE","'b. 4-Ethyl-2,2-dimethylhexane","'97.82625580"
"'303","'LINE","'C. 4-Ethyl-3,4-dimethyloctane","'81.76379395"
"'303","'LINE","'d. 2,4,4-Trimethylheptane","'97.42266846"
"'303","'LINE","'e. 3,3-Diethyl-2,5-dimethylnonane","'94.19293976"
"'303","'LINE","'f. 4-lsopropyl-3-methylheptane","'79.49697113"
"'303","'LINE","'g. 4-ethyl-2,2,3-trimethylhexane","'96.15463257"
"'303","'LINE","'h. 3-bromo-2-chlorohex-1-ene","'92.83860779"
"'303","'LINE","'19. Name the five isomers of C₆H₁₄·","'93.08536530"
"'303","'LINE","'20. Explain why each of the following names is incorrect:","'99.90991974"
"'303","'LINE","'a. 2,2-Dimethyl-6-ethylheptane","'92.03334808"
"'303","'LINE","'b. 4-Ethyl-5,5-dimethylhexane","'98.35678101"
"'303","'LINE","'C. 3-Ethyl-4,4-dimethylhexane","'84.24735260"
"'303","'LINE","'d. 5,5,6-Trimethyloctane","'98.22724152"
"'303","'LINE","'(e) 2-Isopropyl-4-methylheptane","'94.05113983"
"'303","'LINE","'21. Propene, CH₂CH=CH₂, is an alkene. Write the structure of a structural isomer of","'96.99465179"
"'303","'LINE","'propene that is not an alkene. (Hint: It does not have a double bond.)","'99.87396240"
"'303","'LINE","'22. Propose structures for two structural isomers of cyclopentene that do not contain","'99.94192505"
"'303","'LINE","'a ring.","'99.16693115"
"'303","'LINE","'297","'99.77539063"
"'304","'LINE","'Chemistry Grade 10","'99.94738770"
"'304","'LINE","'23. Give IUPAC names for the following compounds:","'99.92707825"
"'304","'LINE","'(a)","'99.16613770"
"'304","'LINE","'CH₃","'93.19036865"
"'304","'LINE","'(b)","'99.80388641"
"'304","'LINE","'CH₃","'82.02227783"
"'304","'LINE","'(c) H3C CH₃","'84.55749512"
"'304","'LINE","'CH₃CHCH₂CH₂CH₃","'93.88333130"
"'304","'LINE","'CH₃CH₂CCH₃","'93.31533051"
"'304","'LINE","'CH₃CHCCH₂CH₂CH₃","'83.82812500"
"'304","'LINE","'CH₃","'94.29428864"
"'304","'LINE","'CH₃","'90.64512634"
"'304","'LINE","'(d)","'98.89847565"
"'304","'LINE","'CH₂CH₃","'81.11347961"
"'304","'LINE","'CH₃","'93.84187317"
"'304","'LINE","'(e)","'99.59482574"
"'304","'LINE","'CH₃ CH₂CH₃","'86.49872589"
"'304","'LINE","'(f) H3C CH₃","'82.91619873"
"'304","'LINE","'CH₃CH₂CHCH₂CH₂CHCH₃","'61.32035065"
"'304","'LINE","'CH₃CH₂CH₂CHCH₂CCH₃","'73.87296295"
"'304","'LINE","'CH₃C-CCH₂CH₂CH₃","'74.74569702"
"'304","'LINE","'CH₃","'87.89720154"
"'304","'LINE","'H3C CH₃","'75.65728760"
"'304","'LINE","'Br H","'96.61302185"
"'304","'LINE","'(g) CH₃ CH₂CH₂CH-CH₃ (j) CH₃-C=C-CH₂CH₂CH-CH₃","'65.25871277"
"'304","'LINE","'H","'91.89891815"
"'304","'LINE","'CH₃","'96.28089142"
"'304","'LINE","'CH₂","'90.42191315"
"'304","'LINE","'H","'90.21703339"
"'304","'LINE","'CH₃","'95.11479950"
"'304","'LINE","'CH₂","'90.35315704"
"'304","'LINE","'CH₃","'92.91354370"
"'304","'LINE","'CH₃","'95.19431305"
"'304","'LINE","'Br","'94.01128387"
"'304","'LINE","'CH3~CHCH₃","'34.92905045"
"'304","'LINE","'(h)","'99.65820313"
"'304","'LINE","'CH₃-CC-CH₂CH-CH₃","'17.18391418"
"'304","'LINE","'H","'94.60000610"
"'304","'LINE","'CH₂","'93.58398438"
"'304","'LINE","'H","'90.87651062"
"'304","'LINE","'CH₂","'90.35953522"
"'304","'LINE","'CH₃","'92.57353973"
"'304","'LINE","'CH₃","'96.17286682"
"'304","'LINE","'Br","'96.01084137"
"'304","'LINE","'CH₃","'95.42570496"
"'304","'LINE","'Br","'98.16326141"
"'304","'LINE","'CH₃","'90.52754211"
"'304","'LINE","'(i)","'99.45312500"
"'304","'LINE","'CH₃-C-CH=CH-CH-CH-CH₃","'29.95176888"
"'304","'LINE","'(1)","'64.33414459"
"'304","'LINE","'CH₃-C-CH-CH₂CH-C-CH₃","'24.66378403"
"'304","'LINE","'H","'92.96875000"
"'304","'LINE","'CH₂","'94.55915070"
"'304","'LINE","'H CH₃","'96.58591461"
"'304","'LINE","'CH","'97.73278046"
"'304","'LINE","'CH₃","'95.97397614"
"'304","'LINE","'CH₃","'96.17087555"
"'304","'LINE","'298","'99.88281250"
